row_id,station,date,group,landcover,latitude,longitude,openet,eto,y,t_avg,vpd,ws,doy_sin,doy_cos,correction,spread,distance,gain,inner_fold,correction_20260713,correction_20260714,correction_20260715,predicted_gain,outer_fold
0,Almond_High,2016-10-18,Almond_High,Croplands,36.169669,-120.201004,2.8,4.7000003,3.2692028299273965,15.92115416666667,0.8792485312499999,1.981040947125,-0.9510565162951536,0.3090169943749472,-0.7163344664783319,0.06222678842298401,0.6143655882700921,-0.7163344664783318,0,-0.729413596331272,-0.6486076850017011,-0.7709821181020226,0.05658427804249898,6
1,Almond_High,2016-10-19,Almond_High,Croplands,36.169669,-120.201004,2.7,4.1,3.3010889439100146,17.11445833333333,1.1666514708333335,1.650064305041666,-0.9455963874271428,0.3253420847119795,-0.533267527577619,0.002730007229927137,0.6824901237801464,-0.5332675275776189,0,-0.5331570483211945,-0.5360510973225656,-0.530594437089097,-0.06883497897253536,6
2,Almond_High,2016-10-26,Almond_High,Croplands,36.169669,-120.201004,2.6,3.7,3.4350545255037304,19.530833333333337,1.3863679250000005,1.0243062465624997,-0.8996308696522434,0.4366512319560638,-0.18342391958242502,0.27516336616688736,0.8529231596894649,-0.183423919582425,0,-0.4405307005254116,-0.2165398071916601,0.10679874896979669,-0.06288132570678902,6
3,Almond_High,2016-11-03,Almond_High,Croplands,36.169669,-120.201004,1.9,2.9,2.334877953351536,14.920789583333333,0.4930906729166667,0.9247025995833332,-0.8311706263658079,0.5560174366570446,-0.011858136510420688,0.020876630784089918,0.49410839798892586,-0.01185813651042067,0,0.01032703330224416,-0.014783874217090986,-0.031117568616415237,0.028485844751857867,6
4,Almond_High,2016-11-11,Almond_High,Croplands,36.169669,-120.201004,2.5,2.2,2.7000762496688107,19.603416666666664,1.1845941458333331,1.089986917208333,-0.7469720876965551,0.6648553979642867,-0.026237517427474637,0.3286518654013234,0.8938330342759618,-0.026237517427474627,0,-0.007377114727078415,-0.3639134537678684,0.2925780162125229,-0.042191786515224025,6
5,Almond_High,2016-11-12,Almond_High,Croplands,36.169669,-120.201004,1.9,2.0,2.7264139166428487,18.873187500000004,0.8960911145833333,1.1228501896875,-0.7354170229639858,0.6776147890466887,-0.010184920633815172,0.22385512358451987,0.6379163426680027,-0.010184920633815153,0,0.11941283958170107,-0.26867022712551436,0.11870262564236778,-0.042191786515224025,6
6,Almond_High,2016-11-19,Almond_High,Croplands,36.169669,-120.201004,1.5,2.2,2.7975236141092656,16.410229166666667,1.0027266416666667,2.169221181020833,-0.6486295610349818,0.7611042586607742,-0.08548260800796881,0.15879154536315387,0.7352447338091646,-0.0854826080079687,0,0.08991984659015528,-0.21944655322906093,-0.12692111738500075,-0.027584572772200066,6
7,Almond_High,2016-11-27,Almond_High,Croplands,36.169669,-120.201004,0.6,3.3,2.3380649992034033,10.393670833333331,0.3336782104166667,1.2914638640833334,-0.5380051715382992,0.8429415373547832,-0.02533029628461352,0.12187650797198132,0.5087568280794724,-0.025330296284613585,0,-0.09737156371609212,0.11538716181273756,-0.094006486950486,-0.017115950835930777,6
8,Almond_High,2016-12-13,Almond_High,Croplands,36.169669,-120.201004,0.8,0.7,0.6193984978949034,12.30406666666667,0.3672009604166666,0.7228942865000001,-0.2884824328806098,0.9574851883550388,0.14472615986506895,0.166891169101781,0.4155521263790386,-0.14472615986506898,0,0.2716423568306213,-0.04431805064849709,0.20685417341308265,0.01972063107082288,6
9,Almond_High,2016-12-14,Almond_High,Croplands,36.169669,-120.201004,1.0,1.2,0.4734243753850046,13.690118750000003,0.4505191416666665,1.2998963814166666,-0.2719581575341052,0.9623090774541488,0.02954930130453363,0.145188161560729,0.493889413431131,-0.029549301304533593,0,0.04825162743124878,-0.12408377159325829,0.1644800480756104,0.01972063107082288,6
10,Almond_High,2016-12-22,Almond_High,Croplands,36.169669,-120.201004,1.0,1.3000001,0.7460636892627982,7.364753124999999,0.2989272229166667,1.2174083991666669,-0.1372787721132651,0.9905324521322229,-0.023310045421302977,0.18095414286323788,0.4461791542430471,0.023310045421302966,0,-0.005553553497326391,-0.21248785340517867,0.14811127063859614,0.01972063107082288,6
11,Almond_High,2016-12-29,Almond_High,Croplands,36.169669,-120.201004,1.1,1.9,0.6345462802719719,7.125991666666668,0.2821633208333333,1.0897363956666668,-0.0172133561558352,0.9998518392091162,0.003133857517998828,0.0505891189335222,0.45819206568378357,-0.003133857517998828,0,-0.04116511935368289,-0.007693303975492283,0.058259995883171656,0.01972063107082288,6
12,Almond_High,2017-01-06,Almond_High,Croplands,36.169669,-120.201004,1.2,0.6,0.7745127715090868,5.961993395833335,0.2252230208333333,0.9938399749791664,0.1031016974474348,0.9946708199115212,-0.19654655991930348,0.38973828369872826,0.5564791996005314,0.19654655991930348,0,-0.13596808864370388,-0.6130269611653599,0.15935537005115336,-0.11180057186357627,6
13,Almond_High,2017-01-31,Almond_High,Croplands,36.169669,-120.201004,1.1,3.9,0.730425230674694,9.705908333333335,0.2349611666666666,1.0808359443125002,0.5086709438521044,0.8609610158889943,-0.32597939835608164,0.14217542552132365,0.7183637620437077,0.32597939835608164,0,-0.4721874083361364,-0.18821269171028052,-0.31753809502182795,-0.04827411196376509,6
14,Almond_High,2017-02-23,Almond_High,Croplands,36.169669,-120.201004,1.8,1.8000001,1.3835112860232868,6.723454166666667,0.3864496083333333,1.5265613006041667,0.8013610881746766,0.5981809144059164,-0.2835007563289329,0.011230452934265028,0.6881899154579489,0.2835007563289329,0,-0.2843459175097474,-0.29428475193478537,-0.2718715995422659,-0.048145439780970356,6
15,Almond_High,2017-02-24,Almond_High,Croplands,36.169669,-120.201004,1.9,4.3,1.1086171742527675,5.946418125,0.3494167583333335,1.3325013221041666,0.8115390590073611,0.5842981736283683,-1.002404145678525,0.1325769831317785,0.8173214748559516,0.5803615058159397,0,-1.1426593455980574,-0.8791444873361506,-0.9854086041013672,-0.012975287361404957,6
16,Almond_High,2017-03-03,Almond_High,Croplands,36.169669,-120.201004,2.7,5.8,1.0078822036738566,12.01881875,0.5572786208333333,1.2927860154166664,0.8758917051442429,0.4825077417612184,-0.9977116008640983,0.18292754413731183,1.0484922890527657,0.9977116008640983,0,-1.2016233765646427,-0.9434786341534243,-0.8480327918742279,-0.06949401091220532,6
17,Almond_High,2017-03-11,Almond_High,Croplands,36.169669,-120.201004,3.0,1.7,1.9809003588611809,16.372262500000005,0.6599561083333333,1.5581869491458331,0.9338372288229252,0.3576982388331254,-0.3942573084965944,0.482671800400477,0.6757469648244954,0.39425730849659435,0,0.008523098090016223,-0.9292610980754126,-0.26203392550438687,-0.3754274292125356,6
18,Almond_High,2017-03-12,Almond_High,Croplands,36.169669,-120.201004,3.1,1.9,2.4953248847498704,16.399347916666667,0.813547325,1.732685695979166,0.9398560579418954,0.3415707691678556,-0.40981642990466444,0.45455280058219016,0.6840671045615168,0.40981642990466444,0,-0.04278097508692241,-0.918267965491697,-0.26840034913537386,-0.1621496161736683,6
19,Almond_High,2017-03-27,Almond_High,Croplands,36.169669,-120.201004,3.4,4.2000003,4.112729388671909,13.74519583333334,0.6225635895833332,2.060644960374999,0.995918996147179,0.0902516100310411,-0.7417805903845993,0.1247075224725252,0.5948507715842201,-0.7417805903845993,0,-0.8646424826945744,-0.7453933428079094,-0.6153059456513141,0.03748947485835868,6
20,Almond_High,2017-03-28,Almond_High,Croplands,36.169669,-120.201004,3.6,1.7,4.323831949820361,14.392479166666668,0.8418673729166666,2.0895961094791664,0.9973249731081556,0.0730951298980777,-0.6654908389882173,0.4657084880503659,1.0604983145026554,-0.6654908389882173,0,-0.34064467061686193,-1.1990481590145063,-0.45677968733328334,-0.19468105826866428,6
21,Almond_High,2017-04-04,Almond_High,Croplands,36.169669,-120.201004,4.7,1.0,4.234829542600416,16.76101041666666,1.314392175,1.3375048921875,0.9988797155850336,-0.0473213883224318,-1.151746459670939,0.6977372506699709,1.576246001747128,-0.22140554487177,0,-0.6610012050112488,-1.9504852336381049,-0.8437529403634638,3.743589117084687,6
22,Almond_High,2017-04-12,Almond_High,Croplands,36.169669,-120.201004,4.5,5.2000003,4.4568310151623685,17.912104166666666,0.9484973541666668,2.2777046603541664,0.9829265519799822,-0.18399835165768,-1.211183821004039,0.08344619732680073,0.5668214941474088,-1.124845851328776,0,-1.2416959271701804,-1.2750796875520356,-1.1167758482899008,-0.00031103704306249076,6
23,Almond_High,2017-04-13,Almond_High,Croplands,36.169669,-120.201004,3.8,3.3,4.580849250362876,15.213375,0.7698915729166664,1.839295051625,0.97961369164549,-0.200890555130635,-0.6954662567928066,0.147190047350939,0.6786645595108359,-0.6954662567928067,0,-0.6596152674306524,-0.8572699637246887,-0.5695135392230787,-0.019039650702998807,6
24,Almond_High,2017-04-20,Almond_High,Croplands,36.169669,-120.201004,5.1,4.5,5.092514950837415,15.788579166666665,0.8741434291666667,2.48424922975,0.9483615800121716,-0.3171912885891061,-1.9929707445338085,0.223340101490469,0.7187734863324156,-1.9780006462086384,0,-1.828675476889432,-2.247269764368483,-1.9029669923435106,-0.986949033276971,6
25,Almond_High,2017-04-21,Almond_High,Croplands,36.169669,-120.201004,5.2,1.4,5.212780127587736,18.122145833333327,1.3428588208333332,1.9726368895208335,0.9427611433904208,-0.3334687789181868,-1.4667618741067276,0.6897636216690323,1.5805063766077752,-1.4667618741067276,0,-0.9407880531078113,-2.2477135599489015,-1.2117840092634706,3.743589117084687,6
26,Almond_High,2017-04-28,Almond_High,Croplands,36.169669,-120.201004,5.7,4.4,5.8389761077746485,18.067729166666673,1.5139129937499998,3.166481213458333,0.895839290734909,-0.4443781781046132,-1.9543197899975953,0.4030470103081758,1.2179256929265387,-1.9543197899975953,0,-1.4958823714909304,-2.252988067306226,-2.1140889311956292,-1.2690457445021832,6
27,Almond_High,2017-04-29,Almond_High,Croplands,36.169669,-120.201004,5.5,0.6,4.804347010170913,17.974414583333335,1.5596780583333332,1.820829631520833,0.8880573226294932,-0.4597327394521039,-1.6025592779275042,1.0025150961836073,2.032398540679472,-0.21125329826933004,0,-0.830240044631253,-2.735497824036381,-1.2419399651148781,-22.1655324440385,6
28,Almond_High,2017-05-07,Almond_High,Croplands,36.169669,-120.201004,3.8,7.3,4.610114852557269,14.985812500000002,0.5853433479166666,1.0857692293125,0.8165380514459161,-0.5772916165517272,-2.118256498773525,0.4399074991038302,0.9530675715607753,-2.118256498773525,0,-2.5177853467863134,-1.646828436287545,-2.1901557132467158,-1.3481832950824788,6
29,Almond_High,2017-05-14,Almond_High,Croplands,36.169669,-120.201004,5.4,7.8,4.348433996266273,14.56464375,0.8776667791666665,1.1392122352500005,0.741222010848596,-0.6712599575675313,-2.8932680547942895,0.3338874915950902,1.1733410361909096,-0.7901360473268348,0,-3.0573107239314283,-2.5090905369852745,-3.113402903466166,-12.54179834825449,6
30,Almond_High,2017-05-15,Almond_High,Croplands,36.169669,-120.201004,4.3,7.9,4.252254777922115,15.340058333333332,0.9104983791666664,1.3283745080000002,0.7295575540864875,-0.6839194216246106,-2.5036661956054505,0.6090068394168504,1.0202220023784183,-2.4081757514496807,0,-3.0016720169895867,-1.824684236752736,-2.6846423330740277,1.135167813166342,6
31,Almond_High,2017-05-22,Almond_High,Croplands,36.169669,-120.201004,7.0,2.6000001,7.446954466196363,26.98979166666666,2.4627760041666664,1.3479692899375,0.6420547132365637,-0.766658819300159,-2.0839321749080493,1.5645000857082343,2.2067448141766777,-2.0839321749080493,0,-0.8432285070079343,-3.8414521250684905,-1.567115892647723,-21.917722374694776,6
32,Almond_High,2017-05-23,Almond_High,Croplands,36.169669,-120.201004,6.6,4.4,8.028342460820438,27.85502083333333,2.646727052083333,1.4622052201250002,0.6287628145958344,-0.777597146973627,-1.7710167772035703,1.2731215845241683,1.773116750527437,-1.7710167772035703,0,-0.7147144642253189,-3.184609990904192,-1.4137258764811995,-14.820638788489727,6
33,Almond_High,2017-05-30,Almond_High,Croplands,36.169669,-120.201004,6.7,6.4,6.843169517447456,22.187875,1.5130753291666668,1.2537134820416669,0.5307300481619334,-0.8475409228928311,-2.0821546276831113,0.2995267147291244,0.8854847402428552,-2.0821546276831113,0,-1.8892702396973915,-2.427218949592923,-1.92997469375902,-1.4534621631731135,6
34,Almond_High,2017-06-07,Almond_High,Croplands,36.169669,-120.201004,6.8,5.5,8.426678737686293,24.307500000000005,2.0270201562500008,1.316591644395833,0.4093559588156213,-0.9123747579707272,-1.9775017462746476,0.8688670453244336,1.3460095967003927,-1.9775017462746476,0,-1.3690470841144657,-2.9725743100389237,-1.5908838446705542,-14.975803270348175,6
35,Almond_High,2017-06-15,Almond_High,Croplands,36.169669,-120.201004,7.4,7.6,7.383518981720705,24.97529166666667,2.1388914729166664,1.7453193667291664,0.2802306751992158,-0.9599326896597448,-1.4939724463180248,0.3282849123902325,1.051676382984159,-1.4610104097594345,0,-1.1352382095464315,-1.779421109889539,-1.5672580195181043,-0.06380214248840939,6
36,Almond_High,2017-06-16,Almond_High,Croplands,36.169669,-120.201004,6.7,7.9,8.509641270596134,26.43239583333333,2.03082104375,1.5060985791875003,0.263665492728007,-0.9646141756912436,-1.4683438792369887,0.3527091999986882,0.9929372554818116,-1.468343879236989,0,-1.0661790948965897,-1.7251164360778461,-1.6137361067365297,-0.8937117092353579,6
37,Almond_High,2017-06-23,Almond_High,Croplands,36.169669,-120.201004,7.0,7.0,8.435072647304706,31.32466666666667,2.926988304166668,1.2531234217916667,0.1457991969198751,-0.9893142039703664,-1.8217223233651818,0.8835049228712998,1.6338209278887217,-1.821722323365182,0,-0.9037526227204424,-2.666167509210517,-1.895246838164586,-14.572828719146003,6
38,Almond_High,2017-07-01,Almond_High,Croplands,36.169669,-120.201004,7.0,7.1,6.701810390342505,25.526125,2.111050325,1.2819467873750003,0.0086069968886886,-0.9999629591162656,-1.6609700933809164,0.37033621401759675,1.1892176983927008,-1.0645908740659265,0,-1.2942311304265544,-2.0348016739782544,-1.6538774757379406,0.04589929628798681,6
39,Almond_High,2017-07-02,Almond_High,Croplands,36.169669,-120.201004,6.6,6.9,6.723902870981468,26.869145833333324,2.255718027083333,1.3590524775833337,-0.008606996888688,-0.9999629591162656,-1.5889176496717212,0.45074913358293617,1.2988766393088889,-1.5889176496717212,0,-1.1342788773233463,-2.035673749806767,-1.5968003218850506,-0.46640724974107184,6
40,Almond_High,2017-07-09,Almond_High,Croplands,36.169669,-120.201004,6.5,7.5,5.7924162043227545,30.03183333333333,3.25096554375,1.1158817400416672,-0.1287481774525806,-0.99167731989929,-2.3952727262287836,0.9455911198168608,1.6783605297087631,-0.9801051348742926,0,-1.3094639007946214,-3.0377108610377705,-2.8386434168539587,-14.852678957599096,6
41,Almond_High,2017-07-17,Almond_High,Croplands,36.169669,-120.201004,6.9,8.1,9.838696324291115,30.07264583333333,3.13569355,1.475286185,-0.2636654927280072,-0.9646141756912436,-1.8372635866497224,0.8433973730517322,1.450544782416824,-1.8372635866497227,0,-0.8649720830183917,-2.3714307175095923,-2.275387959421183,-14.666292699355786,6
42,Almond_High,2017-07-18,Almond_High,Croplands,36.169669,-120.201004,7.1,8.3,9.298965357016645,28.60427083333333,2.916980204166668,1.7235637356250002,-0.2802306751992161,-0.9599326896597444,-1.4428866718494628,0.6104391071154722,1.2425648937749023,-1.4428866718494628,0,-0.7380188848459583,-1.7926832126024626,-1.7979579180999683,4.49768426131136,6
43,Almond_High,2017-07-25,Almond_High,Croplands,36.169669,-120.201004,6.9,9.2,7.587214331625698,26.9096875,2.4879937770833336,1.5783625347291668,-0.3935902766564664,-0.9192859697186104,-1.2037654196140222,0.45834845886356274,1.0370315983613376,-1.2037654196140222,0,-0.7465308357221552,-1.2015457318263638,-1.663219691293547,-0.09246979398081918,6
44,Almond_High,2017-07-26,Almond_High,Croplands,36.169669,-120.201004,6.1,9.2,6.040292139162711,27.68864583333333,2.287282704166667,1.3036626466041668,-0.4093559588156211,-0.9123747579707274,-1.5962260582632606,0.3334062665096283,1.0379228167068206,-1.4768103365886827,0,-1.2416542548008755,-1.6436317625432508,-1.903392157445655,-1.0571525958979195,6
45,Almond_High,2017-08-10,Almond_High,Croplands,36.169669,-120.201004,6.3,5.4,3.336528944384955,27.82427083333333,2.261608920833334,1.1735954651666665,-0.6287628145958345,-0.7775971469736268,-0.6571820473992699,0.46807008150835044,1.4432903503177168,0.65718204739927,0,-0.49372691890718345,-1.1850613985188618,-0.2927578247717643,-0.3200119991150438,6
46,Almond_High,2017-08-11,Almond_High,Croplands,36.169669,-120.201004,5.8,4.9,4.373488881854336,28.17533333333333,2.5400254,1.2366304901041665,-0.6420547132365636,-0.7666588193001592,-0.7919382728468772,0.5354398267494013,1.5132446481543893,0.7919382728468772,0,-0.35480573683212274,-1.3891629192607158,-0.6318461624477931,-0.11897128913035515,6
47,Almond_High,2017-08-18,Almond_High,Croplands,36.169669,-120.201004,5.4,5.8,2.4242323417405554,28.714625,2.388462720833333,0.9569183757500004,-0.7295575540864876,-0.6839194216246105,-0.7441902632938956,0.27575072345351737,1.1763388774436119,0.7441902632938957,0,-0.544064709573272,-1.0587309726930785,-0.6297751076153361,-0.2346196479057021,6
48,Almond_High,2017-08-19,Almond_High,Croplands,36.169669,-120.201004,5.8,6.6,2.3169371176672966,29.473854166666666,2.6640571104166666,1.0526854109583332,-0.7412220108485957,-0.6712599575675315,-0.9576905430416289,0.388240518756364,1.305201805568481,0.9576905430416289,0,-0.5094259907461898,-1.1768359593820406,-1.1868096789966565,-0.32942679770451805,6
49,Almond_High,2017-08-26,Almond_High,Croplands,36.169669,-120.201004,5.4,4.8,5.057897341914867,29.372312500000003,2.970250629166667,1.1328545134166668,-0.8165380514459157,-0.5772916165517278,-0.7893554645850069,0.6584195743691168,1.565734724461922,-0.10515014841473969,0,-0.05430093510367795,-1.3250715069808572,-0.9886939516704855,3.8862342929293248,6
50,Almond_High,2017-08-27,Almond_High,Croplands,36.169669,-120.201004,4.8,5.2000003,5.821775022583513,31.11397916666668,3.2877244104166654,1.328262854,-0.8263541987239095,-0.5631507242749187,-1.0977282182729793,0.8417559306868665,1.5170761758498696,-1.0977282182729793,0,-0.1258372611643537,-1.5948102341873835,-1.5725371594672004,-15.169955218288877,6
51,Almond_High,2017-09-03,Almond_High,Croplands,36.169669,-120.201004,3.7,5.9,2.2158639887256992,35.02710416666667,4.155421745833333,1.9814850525833336,-0.888057322629493,-0.4597327394521046,-1.4095420496141806,0.3841380137479731,1.746149476337211,1.4095420496141806,0,-1.0230537938281932,-1.791285871700207,-1.4142864833141418,1.0482196955719918,6
52,Almond_High,2017-09-12,Almond_High,Croplands,36.169669,-120.201004,4.4,4.9,4.6809537855603525,28.131937500000006,2.146243558333333,1.3202980400208333,-0.9483615800121716,-0.3171912885891059,0.19020360147354345,0.25853713674159445,0.854131058075055,0.19020360147354345,0,0.25716412872971406,-0.09522639308657443,0.40867306877749077,-0.08197612889092933,6
53,Almond_High,2017-09-19,Almond_High,Croplands,36.169669,-120.201004,3.9,8.0,4.1168782751281885,20.075375,1.2053462354166664,1.813532029125,-0.97961369164549,-0.2008905551306352,-0.9400387128253573,0.13304944028754034,1.1724539274554824,-0.9400387128253573,0,-0.9965674392398234,-1.03548987361692,-0.7880588256193286,-0.27623833783263196,6
54,Almond_High,2017-09-20,Almond_High,Croplands,36.169669,-120.201004,4.0,5.5,3.6288542557003782,20.083958333333328,1.2297496562499997,1.008084117770833,-0.9829265519799822,-0.1839983516576798,-0.5142361107596132,0.16328693942614605,0.6909018403451601,0.22805537783963037,0,-0.4700210088018575,-0.6950773795060367,-0.3776099439709453,-0.08857248738281821,6
55,Almond_High,2017-09-27,Almond_High,Croplands,36.169669,-120.201004,4.1,1.5,4.4031760566070615,23.888562499999995,2.150459170833334,1.4123247364166671,-0.9979171608653922,-0.0645084494493162,-0.4244988882278257,0.6440044125782719,1.6420656241417348,-0.4244988882278258,0,-0.17212651445333157,-1.156467892745992,0.055097742515846315,4.30163655600758,6
56,Almond_High,2017-09-28,Almond_High,Croplands,36.169669,-120.201004,4.0,2.5,4.387783606101824,24.48279166666667,2.192002997916666,1.348984480229167,-0.9988797155850336,-0.0473213883224323,-0.23174989442981886,0.5024150644406306,1.311276792075021,-0.23174989442981886,0,-0.09428562588891426,-0.7885891666656655,0.1876251092651231,-0.5201841077255442,6
57,Almond_High,2017-10-05,Almond_High,Croplands,36.169669,-120.201004,3.7,2.4,3.8562508747666704,17.9680625,1.4220458750000002,1.6702097233749995,-0.9973249731081556,0.0730951298980777,-0.48732429670234295,0.21712073240270563,1.0584787501990327,-0.487324296702343,0,-0.47701246018140453,-0.7094172149415188,-0.2755432149841054,-0.06128658969936431,6
58,Almond_High,2017-10-06,Almond_High,Croplands,36.169669,-120.201004,3.4,3.8,3.611048113845912,19.1284375,1.5924973062499996,1.4444451816666668,-0.9959189961471792,0.0902516100310407,-0.4469452799516247,0.14295976056515994,0.7529172105063294,-0.4469452799516247,0,-0.4045580636199876,-0.6063054038135015,-0.32997237242138505,-0.08197612889092933,6
59,Almond_High,2017-10-13,Almond_High,Croplands,36.169669,-120.201004,2.9,3.8,3.725846356484483,14.434654166666665,1.119678210416667,1.5775275522083334,-0.9778483415056568,0.2093146459630488,-0.7796269026761024,0.10279393989300697,0.6282277668638825,-0.7796269026761022,0,-0.7565722174882252,-0.8919905244402535,-0.6903179660998284,0.03748947485835868,6
60,Almond_High,2017-10-14,Almond_High,Croplands,36.169669,-120.201004,2.9,5.0,3.641501572801634,14.528316666666669,0.9647833083333331,1.6561347657708332,-0.9741004551724206,0.226115685508288,-1.0152470390820911,0.12238314324138205,0.6258914346453205,-1.0152470390820911,0,-1.138390008069695,-0.8936381442399974,-1.0137129649365815,-0.00031103704306249076,6
61,Almond_High,2017-10-21,Almond_High,Croplands,36.169669,-120.201004,2.5,3.6000001000000004,2.727149867288826,13.0853375,0.5687769354166666,1.3389368581666667,-0.9398560579418952,0.341570769167856,-0.4393447373147769,0.1434151145540067,0.6689468313999676,-0.43934473731477697,0,-0.5892361841425308,-0.4253687663069156,-0.30342926149488436,-0.06288132570678902,6
62,Almond_High,2017-10-22,Almond_High,Croplands,36.169669,-120.201004,2.6,4.1,2.9440680351488497,15.002458333333337,0.6903073729166667,1.3275881566249996,-0.9338372288229252,0.3576982388331254,-0.4797456210928263,0.20388549992856014,0.7478111631812896,-0.47974562109282637,0,-0.6687097207218676,-0.506872468443185,-0.2636546741134263,-0.06288132570678902,6
63,Almond_High,2017-11-06,Almond_High,Croplands,36.169669,-120.201004,1.7,1.4,2.048595629887922,10.33560625,0.3273295270833333,0.9892895319999998,-0.8115390590073611,0.5842981736283683,0.05223011518721632,0.08174409623297307,0.6004071085994177,0.05223011518721632,0,0.127326753615842,-0.034840607457117534,0.06420419940292449,-0.042191786515224025,6
64,Almond_High,2017-11-07,Almond_High,Croplands,36.169669,-120.201004,1.8,2.2,2.114045639890427,11.370408333333332,0.3995809770833333,1.2080553101875002,-0.8013610881746769,0.5981809144059159,-0.022243861624653787,0.011767785193430764,0.5553857905623324,-0.022243861624653805,0,-0.024538284469417415,-0.03269546420266867,-0.009497836201875276,-0.048145439780970356,6
65,Almond_High,2017-11-14,Almond_High,Croplands,36.169669,-120.201004,1.8,2.5,1.7844511251077844,14.31204791666667,0.3254273916666666,0.9874864367083336,-0.7236440382959123,0.690173388242972,0.14729285885558369,0.09883694051628321,0.5354470644679218,-0.14729285885558369,0,0.24695328326610033,0.14562477560405912,0.049300517696591606,-0.042191786515224025,6
66,Almond_High,2017-11-15,Almond_High,Croplands,36.169669,-120.201004,1.4,2.3,2.041846222652334,15.267072916666663,0.5166340208333334,1.1235568988333335,-0.7116566222817751,0.7025274741691566,0.02122442623882657,0.0667476533310701,0.44045867240527786,0.021224426238826588,0,0.09824662720260785,-0.019722786766303235,-0.014850561719824906,0.0344394980176042,6
67,Almond_High,2017-11-22,Almond_High,Croplands,36.169669,-120.201004,1.8,2.3,1.6420705333874477,14.847329166666668,0.5082417770833332,1.0036453771458336,-0.622046748440868,0.7829801036770625,0.19242429222947646,0.08946905162103491,0.5083396449604609,-0.19242429222947643,0,0.29545553175364503,0.14747631736891226,0.13434102756587207,-0.03172316457895476,6
68,Almond_High,2017-11-23,Almond_High,Croplands,36.169669,-120.201004,1.7,3.4,1.79516844447407,15.723352083333335,0.5032021687500001,1.0238377635208338,-0.6084768701151264,0.7935716089521472,0.18843943988616205,0.0687952886905808,0.5577263183655067,0.0018974490619782236,0,0.18266927739357952,0.25993808148773034,0.12271096077717619,-0.042191786515224025,6
69,Almond_High,2017-11-30,Almond_High,Croplands,36.169669,-120.201004,1.3,2.1000001,1.1314167966870996,8.808610416666664,0.2885761354166668,1.1421030096875,-0.5086709438521042,0.8609610158889945,0.19506308483337823,0.09195396160662038,0.4042446396425741,-0.1950630848333782,0,0.15142881764785043,0.3007108160652995,0.1330496207869848,0.01972063107082288,6
70,Almond_High,2017-12-01,Almond_High,Croplands,36.169669,-120.201004,1.8,3.0,0.959930432558152,9.828341666666669,0.2719040333333334,1.1626209454791667,-0.4937755501599774,0.8695893893466109,0.29223999217855695,0.09771544937187673,0.583927570200563,-0.2922399921785569,0,0.2705966797588286,0.39896255722965335,0.20716073954718894,-0.042191786515224025,6
71,Almond_High,2017-12-08,Almond_High,Croplands,36.169669,-120.201004,1.3,2.4,0.7724317620872441,8.412583333333334,0.7539112791666666,1.0278061688750002,-0.3856634062436074,0.9226395488404876,-0.1493616592199083,0.042364000640232366,0.7245134772411961,0.1493616592199083,0,-0.10134634734457229,-0.16526956705153792,-0.18146906326361464,-0.027584572772200066,6
72,Almond_High,2017-12-16,Almond_High,Croplands,36.169669,-120.201004,1.2,3.7,0.7508664297095755,11.060229166666666,0.8684016312500001,2.3948140059791663,-0.2553532951161881,0.9668478136052772,-0.11040875349539493,0.30727142981160566,0.7605974558606303,0.11040875349539492,0,-0.29253309347932027,0.24435547406823932,-0.28304864107510386,-0.04827411196376509,6
73,Almond_High,2017-12-17,Almond_High,Croplands,36.169669,-120.201004,1.0,0.90000004,0.3359942798022836,9.005979166666666,0.745659975,1.7480291230208336,-0.2386727660059499,0.9711000518829505,-0.2505198824104351,0.4092262882189649,0.6363783445559854,0.2505198824104351,0,-0.12329662359945406,-0.7082467700623007,0.07998374643044948,-0.12844759924650406,6
74,Almond_High,2018-01-01,Almond_High,Croplands,36.169669,-120.201004,1.1,0.6,0.1678812995481222,9.530414583333334,0.4349331520833333,1.081423093854167,0.0172133561558346,0.9998518392091162,-0.1842477702428196,0.44733988408511705,0.5458451441588096,0.18424777024281958,0,-0.027637950366268094,-0.6888366174013025,0.16373125703911173,-0.12844759924650406,6
75,Almond_High,2018-01-10,Almond_High,Croplands,36.169669,-120.201004,1.1,2.9,1.5188532715344083,12.166199999999998,0.2670981999999999,0.9788068946875,0.1712931441814776,0.9852201067560606,0.18526503078003398,0.13402877091663326,0.557710167657459,0.18526503078003398,0,0.18253738541144515,0.320636806200279,0.05262090072837777,-0.027584572772200066,6
76,Almond_High,2018-01-25,Almond_High,Croplands,36.169669,-120.201004,1.0,5.7000003,1.579114161965716,9.935462499999998,0.265060625,1.2086589799166667,0.4171936026123168,0.9088176373395028,-0.6983120185721189,0.0642406766210642,1.154741870720524,-0.698312018572119,0,-0.7429935425879703,-0.7272502541309142,-0.6246922589974717,-0.05487047045565391,6
77,Almond_High,2018-01-26,Almond_High,Croplands,36.169669,-120.201004,1.2,4.6,0.864932031388282,7.414708333333332,0.2471288895833333,1.4913369582500005,0.4327755925504312,0.901501684131884,-0.6698950881145178,0.12160116172345621,0.779490573609598,0.0002408491089180842,0,-0.7826464853779356,-0.6859913450508377,-0.5410474339147799,-0.03615225880627472,6
78,Almond_High,2018-02-03,Almond_High,Croplands,36.169669,-120.201004,1.4,2.9,0.7643381687469415,14.495518749999995,0.5921825666666667,1.319641726208333,0.5524353131676196,0.8335557718385699,-0.03112361002901585,0.03500837776595519,0.5773622298702309,0.03112361002901587,0,-0.06414539510312761,-0.03480573105341739,0.005580296069497448,-0.0335382260379464,6
79,Almond_High,2018-02-10,Almond_High,Croplands,36.169669,-120.201004,2.2,0.8,1.2282243108709758,15.155466666666667,1.0415865812499996,2.2311902382708326,0.6486295610349814,0.7611042586607747,-0.3406285417078561,0.3851828301381424,1.0553535722053708,0.34062854170785606,0,-0.012654521402590435,-0.7647897130234107,-0.24444139069756726,-0.1264077856066002,6
80,Almond_High,2018-02-11,Almond_High,Croplands,36.169669,-120.201004,2.1,1.9,0.8142707075778072,11.584054166666668,0.9286430833333332,1.3059696900833333,0.6616346182422783,0.7498264012045686,-0.4697633620277403,0.320687562048313,0.7200521099951668,0.4697633620277404,0,-0.3501976988022564,-0.8330565749877736,-0.22603581229319095,-0.042191786515224025,6
81,Almond_High,2018-02-18,Almond_High,Croplands,36.169669,-120.201004,2.2,4.7000003,0.7572731667550026,11.820993749999998,0.7531752500000003,2.0861904645833333,0.7469720876965552,0.6648553979642865,-0.5123864777417665,0.19041064340109715,0.7819266840413649,0.5123864777417665,0,-0.729428974274432,-0.37344107550904204,-0.4342893834418256,-0.06288132570678902,6
82,Almond_High,2018-03-06,Almond_High,Croplands,36.169669,-120.201004,2.7,4.7000003,1.3576451266031562,11.314397916666666,0.7454395333333332,1.3089340613333336,0.8996308696522433,0.436651231956064,-0.7036635391460763,0.04509300199683288,0.7329740575979028,0.7036635391460763,0,-0.7399741458731554,-0.7178274825005517,-0.6531889890645217,0.030003350791365336,6
83,Almond_High,2018-03-15,Almond_High,Croplands,36.169669,-120.201004,2.7,7.7000003,3.3114330854309486,10.355758333333332,0.47616336875,1.3964518079583337,0.9562348265919056,0.2926003356333483,-1.586036323999582,0.12370803590581525,1.5188520459022492,-1.5860363239995818,0,-1.727425854417247,-1.532960544683207,-1.497722572898292,-0.07402129961690479,6
84,Almond_High,2018-03-23,Almond_High,Croplands,36.169669,-120.201004,2.8,6.3,3.4732275656441174,9.809272916666666,0.3110626104166666,0.7225181955625003,0.9873494423939864,0.1585593851031347,-1.4673835605675019,0.16807432014587348,1.1899917341557282,-1.467383560567502,0,-1.6598533916798353,-1.3495731919178313,-1.3927240981048392,-0.11666668644022628,6
85,Almond_High,2018-03-30,Almond_High,Croplands,36.169669,-120.201004,3.9,4.4,4.7587916660287535,19.296104166666662,1.0821963916666668,1.2711728899375,0.9992500112396836,0.0387222808921744,-0.4367362227102278,0.13874590825106053,0.5876521034537282,-0.43673622271022783,0,-0.45574115858754705,-0.564999992891203,-0.28946751665193315,-0.08197612889092933,6
86,Almond_High,2018-03-31,Almond_High,Croplands,36.169669,-120.201004,4.0,5.2000003,5.477783079051745,19.749020833333336,1.2705825541666669,1.2078010533541663,0.9997685019798908,0.0215160974362222,-0.3377018141244745,0.05534801969102629,0.667491657688162,-0.33770181412447453,0,-0.3875984912863312,-0.34733879742830404,-0.27816815365878816,-0.08197612889092933,6
87,Almond_High,2018-04-08,Almond_High,Croplands,36.169669,-120.201004,4.5,4.2000003,4.849236720107668,14.328795833333334,0.6568251874999999,1.7207617305833338,0.9932568492674144,-0.1159345995955004,-1.5032704335875071,0.08906156249766001,0.46967670184082,-1.5032704335875071,0,-1.4699304279275536,-1.6041918158214457,-1.4356890570135223,0.25811897606989126,6
88,Almond_High,2018-04-23,Almond_High,Croplands,36.169669,-120.201004,6.1,4.5,6.046898524308925,23.0774375,1.5425528979166667,1.2862231263958337,0.9307239310379796,-0.3657225234972689,-1.68082725958642,0.35667292794681726,0.9024030586666159,-1.5746243082042704,0,-1.3752022700945314,-2.072722589096213,-1.5945569195685154,-0.2684592201409369,6
89,Almond_High,2018-04-24,Almond_High,Croplands,36.169669,-120.201004,5.9,4.3,6.4456396073230895,22.93402083333334,1.6230398812500004,1.3353416087708334,0.9242907221930934,-0.3816892202666588,-1.5404197651216596,0.41223061929010535,0.9057347965204563,-1.5404197651216593,0,-1.193681134669627,-1.996213096845017,-1.4313650638503348,-0.17635628297396846,6
90,Almond_High,2018-05-02,Almond_High,Croplands,36.169669,-120.201004,5.7,6.5,5.165305255986445,16.71995,0.9085168083333334,1.1738856728125,0.8631421280499114,-0.5049610547215204,-2.2335579293977808,0.2917154705950458,0.6757468584416875,-1.1641684413706712,0,-2.0395683875781376,-2.092070082423316,-2.5690353181918892,-1.1803335999684876,6
91,Almond_High,2018-05-09,Almond_High,Croplands,36.169669,-120.201004,6.5,8.5,7.04809572272659,22.064041666666668,1.4675621895833335,1.7628371971458332,0.7961828637826158,-0.6050560696488488,-1.6508222705969569,0.0788739581881719,0.8902493013104861,-1.650822270596957,0,-1.741807598622572,-1.6018148031297779,-1.60884441003852,-1.2506829377637039,6
92,Almond_High,2018-05-10,Almond_High,Croplands,36.169669,-120.201004,6.3,10.0,6.291597919957459,20.10964583333334,1.3221808916666664,1.089498008375,0.7856498550787145,-0.6186714032625031,-2.53147980491337,0.5212256423017426,1.5765554796751176,-2.5146756448282885,0,-2.961904574422649,-1.9519501703097464,-2.6805846700077143,0.3433887359868054,6
93,Almond_High,2018-05-17,Almond_High,Croplands,36.169669,-120.201004,6.8,7.3,5.287556504371224,17.565708333333333,1.0034262625,0.9807693917083338,0.705583610107178,-0.7086266782644596,-2.7880765668406085,0.13720359941400107,1.0866246405375724,0.23681042441694267,0,-2.630970940085443,-2.8489320859742198,-2.884326674462162,-10.444414538527305,6
94,Almond_High,2018-05-18,Almond_High,Croplands,36.169669,-120.201004,6.4,8.6,6.271976024967933,20.176,1.1076259104166664,1.1048408081666667,0.6932812268869777,-0.7206671495538609,-2.5273938665168734,0.14542506098163063,1.1498913775503234,-2.2713459164527388,0,-2.6888805064250323,-2.406775777473927,-2.4865253156516607,-0.26069667148557407,6
95,Almond_High,2018-05-26,Almond_High,Croplands,36.169669,-120.201004,5.7,8.1,6.641848303968085,18.19283333333333,0.9463832770833336,1.2145951338124998,0.5877852522924732,-0.8090169943749473,-2.689753997477286,0.12582298946844517,1.1208902493316493,-2.689753997477286,0,-2.810007664713484,-2.55901755887544,-2.700236768842934,-12.55286417710641,6
96,Almond_High,2018-06-02,Almond_High,Croplands,36.169669,-120.201004,6.8,7.5,8.442793780044799,23.680791666666675,1.8938776979166667,1.0674340509374998,0.48627270710869,-0.8738071036110808,-2.189569944661002,0.3127144649236898,1.1333347615781544,-2.189569944661002,0,-1.8576944060533438,-2.4787323329657323,-2.232283094963929,-1.222678540733471,6
97,Almond_High,2018-06-03,Almond_High,Croplands,36.169669,-120.201004,7.1,6.5,9.296766554588936,28.030729166666664,2.5113457041666662,1.2289818336874998,0.4711595076738638,-0.8820480249558537,-1.936078275394662,0.9243343514806155,1.603491517721975,-1.936078275394662,0,-1.0953938503243097,-2.9259213802998048,-1.7869195955598705,-14.572828719146003,6
98,Almond_High,2018-06-10,Almond_High,Croplands,36.169669,-120.201004,6.4,11.1,7.511614763700518,19.096125,1.61628490625,2.1121173124166672,0.3617137307297676,-0.9322892131745132,-2.2105117467032525,0.4416508984398392,1.6192814096881698,-2.2105117467032525,0,-2.7110670888575656,-1.8757427851086654,-2.0447253661435254,-0.46573646616234293,6
99,Almond_High,2018-06-11,Almond_High,Croplands,36.169669,-120.201004,6.5,8.7,7.480387797469112,20.91014583333333,1.6728210833333332,1.2490530787291665,0.3456123126707335,-0.938377391740864,-2.5370074666904965,0.19152715954070706,1.1801593448892889,-2.5370074666904965,0,-2.419381795928019,-2.4336296610809884,-2.7580109430624824,-0.26069667148557407,6
100,Almond_High,2018-06-18,Almond_High,Croplands,36.169669,-120.201004,7.2,8.7,7.008171416590535,21.43233333333333,1.3538281916666668,1.0907000063125,0.2303056702306122,-0.973118337233262,-2.2393435397214385,0.20338772776827457,1.1962720519079604,-1.8556863729025088,0,-2.331208924294998,-2.0062287672437233,-2.380592927625594,-1.0629836633926413,6
101,Almond_High,2018-06-19,Almond_High,Croplands,36.169669,-120.201004,6.4,7.9,7.994581111161381,24.49422916666666,1.7387610916666665,0.9370750232916668,0.2135209154397961,-0.9769384927771816,-2.198186674168269,0.2176583898805979,1.0975276459208845,-2.198186674168269,0,-1.9476302166786028,-2.3405315631923163,-2.3063982426338887,-2.1748589516184977,6
102,Almond_High,2018-06-26,Almond_High,Croplands,36.169669,-120.201004,7.4,8.3,9.055781581553816,26.272854166666654,2.02130951875,1.1714881133541668,0.0945367498171991,-0.9955213724144752,-1.7235537886480552,0.26385813595253893,1.0007648304657675,-1.7235537886480552,0,-1.4193168753999346,-1.8898511511287088,-1.8614933394155222,-0.5805442363796952,6
103,Almond_High,2018-06-27,Almond_High,Croplands,36.169669,-120.201004,7.6,8.900001,8.775869195541025,24.84985416666667,2.0827368187500004,1.142143573104167,0.077386479233463,-0.9970011699250152,-1.924713276765382,0.29619216006783283,1.0734022891109012,-1.9247132767653818,0,-1.6260389845479168,-1.9297415663824014,-2.2183592793658278,-0.8787632527456486,6
104,Almond_High,2018-07-04,Almond_High,Croplands,36.169669,-120.201004,7.0,8.3,8.022879477872749,24.24289583333333,1.7550741833333332,1.0015098121249997,-0.0430222330045303,-0.99907411510223,-1.8733097354838801,0.15699793548724647,1.0013631698608898,-1.87330973548388,0,-1.7085850270996592,-1.8901153998338578,-2.0212287795181236,-0.8459737892886161,6
105,Almond_High,2018-07-05,Almond_High,Croplands,36.169669,-120.201004,6.4,5.9,7.282507410847878,25.038291666666662,1.6805042229166671,1.1241822946875002,-0.0602132773657927,-0.9981855344718586,-1.3877261471153608,0.5987136669398322,1.0851655124727229,-1.3877261471153606,0,-1.1802983969400334,-2.0625690368078176,-0.9203110075982317,4.1566724692274,6
106,Almond_High,2018-07-12,Almond_High,Croplands,36.169669,-120.201004,7.1,7.9,8.054370202560508,29.79964583333333,3.043565547916668,1.0638701617708333,-0.1797665857255621,-0.9837092937736098,-2.0963894954136646,0.8232765025099199,1.5188634239948924,-2.0963894954136646,0,-1.1497951533530397,-2.6455389127460824,-2.4938344201418725,-14.666292699355786,6
107,Almond_High,2018-07-13,Almond_High,Croplands,36.169669,-120.201004,7.2,6.9,7.831687441155594,29.876687499999992,2.655674847916667,1.20177941925,-0.1966728897935762,-0.980469160361632,-1.5370602485575298,0.6003280069442157,1.5118812110950697,-1.5370602485575295,0,-0.9153485323312708,-2.11343375646416,-1.5823984568771583,5.045874024952165,6
108,Almond_High,2018-07-20,Almond_High,Croplands,36.169669,-120.201004,7.0,9.5,8.959369130540404,30.600125000000013,2.965252410416667,1.1293565698958334,-0.3131070409358267,-0.9497178427914316,-1.9794075357458327,0.6807891582382818,1.4146016447817285,-1.9794075357458327,0,-1.195170679401949,-2.3245867176659947,-2.4184652101695545,3.5514392476957073,6
109,Almond_High,2018-07-21,Almond_High,Croplands,36.169669,-120.201004,6.8,8.0,8.209524406787517,29.5968125,2.196617375,1.0716541669166666,-0.3294084822245302,-0.9441875088341994,-1.2472277522820245,0.2672916975678122,1.130776324723885,-1.2472277522820248,0,-0.9424152949802762,-1.4416086875302674,-1.3576592743355298,-0.08906465723846875,6
110,Almond_High,2018-07-28,Almond_High,Croplands,36.169669,-120.201004,6.7,5.9,7.102769847181821,28.4610625,2.62329711875,1.1197976144166666,-0.4405187843504952,-0.8977433935342336,-1.33427731238853,0.538639230499974,1.6711009659672034,-1.33427731238853,0,-0.8056343206489636,-1.8823851030244358,-1.3148125134921906,0.19862213016057845,6
111,Almond_High,2018-07-29,Almond_High,Croplands,36.169669,-120.201004,6.1,5.6,7.571287720033543,29.195333333333338,2.65838045,1.2252184511041666,-0.455906693508459,-0.8900275764346766,-1.2356895045531096,0.5552085712438719,1.5655169218658045,-1.2356895045531093,0,-0.6509845959151499,-1.7557406302420997,-1.3003432875020795,0.553151381810159,6
112,Almond_High,2018-08-05,Almond_High,Croplands,36.169669,-120.201004,6.5,8.6,4.1023927993081335,26.56639583333333,2.6991423125,1.3455133488958335,-0.5595892624101763,-0.828770087174504,-1.5567661594974906,0.43579265788120053,1.1967086551213553,1.5567661594974906,0,-1.1281165898744017,-1.5428150136689074,-1.999366874949163,-0.7997822376697241,6
113,Almond_High,2018-08-06,Almond_High,Croplands,36.169669,-120.201004,6.5,8.2,3.513105247742234,26.51770833333333,2.639197277083334,1.5228687911875,-0.5737722679043243,-0.8190148866680802,-1.2859751831940773,0.44493434997641135,1.1718534793446096,1.2859751831940773,0,-0.8185745155874102,-1.3349621235210227,-1.7043889104737993,-0.6429056701875895,6
114,Almond_High,2018-08-13,Almond_High,Croplands,36.169669,-120.201004,6.0,3.9,6.110138469531767,28.055416666666673,2.8112741770833334,1.2949619356666668,-0.6680638642135333,-0.7441039398713608,-0.889270136247784,0.7380586698542385,1.8764479246540802,-0.889270136247784,0,-0.3084106076355261,-1.719776058296751,-0.6396237428110747,-3.109342932820301,6
115,Almond_High,2018-08-14,Almond_High,Croplands,36.169669,-120.201004,6.1,3.6000001000000004,6.5510382441939425,27.029062499999995,2.4953366854166665,1.2150263124583334,-0.6807734094770159,-0.7324940716135792,-0.7277938011847617,0.7595376687756781,1.8569175273139173,-0.7277938011847618,0,-0.5206014016708502,-1.5694285856220458,-0.09335141626138893,-14.820638788489727,6
116,Almond_High,2018-08-21,Almond_High,Croplands,36.169669,-120.201004,6.0,4.9,5.439563701496521,24.21318750000001,1.8253232479166677,1.181391309875,-0.7638886127905429,-0.64534811322955,-0.3804145450425678,0.4373208815623735,1.20590643240755,0.3804145450425678,0,-0.4348908610349591,-0.7879450631229892,0.0815922890302449,-0.10349195266792088,6
117,Almond_High,2018-08-22,Almond_High,Croplands,36.169669,-120.201004,5.8,4.3,4.791370963509952,23.719479166666673,1.5574100395833337,1.209898984041667,-0.7748840413670406,-0.6321034111873488,-0.289447832704434,0.4323288994060994,1.1502726264565384,0.2894478327044341,0,-0.4605664142649918,-0.6100253422085129,0.20224825836020255,-0.10349195266792088,6
118,Almond_High,2018-08-29,Almond_High,Croplands,36.169669,-120.201004,5.4,4.6,3.7409888599488745,23.03364583333333,1.4729427229166665,1.1108452995,-0.8452490573530634,-0.5343725582809785,-0.1825421467165228,0.3465242280751604,0.9373652930552708,0.1825421467165227,0,-0.3556042278614469,-0.40844698387807926,0.21642477158995777,-0.22800696270028584,6
119,Almond_High,2018-08-30,Almond_High,Croplands,36.169669,-120.201004,4.8,7.6,3.718893288225879,21.65833333333333,1.2742333499999998,1.3567736686458327,-0.8543221697498269,-0.5197438121555157,-0.7617931695318019,0.2027488425741131,0.9470073426869691,0.7617931695318019,0,-0.6481087520125398,-0.9958752808955647,-0.6413954756873015,-0.1310973541066104,6
120,Almond_High,2018-09-06,Almond_High,Croplands,36.169669,-120.201004,5.1,2.3,6.345610368756166,25.87429166666667,2.1852057604166677,1.1504331962708336,-0.9106046300942162,-0.4132786077829044,-0.3229810034493485,0.7645198215567193,1.7684416578877307,-0.32298100344934855,0,-0.2881064133314444,-1.1043413180437764,0.4235047210271753,-14.820638788489727,6
121,Almond_High,2018-09-07,Almond_High,Croplands,36.169669,-120.201004,5.1,2.1000001,6.619891921173501,26.20954166666667,2.349482210416666,1.013634650979167,-0.9175836260593934,-0.3975428142825566,-0.3955730253945317,0.9184528572741856,1.9035975703846333,-0.39557302539453176,0,-0.30648020872595055,-1.3553256965727014,0.47508682911505684,-22.1655324440385,6
122,Almond_High,2018-09-14,Almond_High,Croplands,36.169669,-120.201004,4.1,5.9,3.9109593479700338,20.183354166666664,1.537249295833333,0.9331970282083336,-0.9587178169872964,-0.2843591872810036,-0.8251735832933442,0.08171610060436929,0.7054801312412705,-0.44709227923341244,0,-0.7317570137743602,-0.8603697221858825,-0.88339401391979,-0.01902924869244169,6
123,Almond_High,2018-09-15,Almond_High,Croplands,36.169669,-120.201004,4.6,4.5,3.9585804526951898,20.64141666666667,1.6220664979166663,1.2288828079374998,-0.9634705485641486,-0.2678143051621748,-0.2418418195359582,0.2099545957798231,0.8478085382995454,0.24184181953595818,0,-0.25085580227558224,-0.44714424972639505,-0.027525406605897307,-0.08197612889092933,6
124,Almond_High,2018-09-22,Almond_High,Croplands,36.169669,-120.201004,4.3,3.8,5.159249869187351,24.78,2.3930330645833333,1.141249102916667,-0.9886775902323404,-0.1500553983446526,-0.2773017844526006,0.3880913585770762,1.2358747936115368,-0.2773017844526007,0,-0.09085198655353705,-0.7234321342664531,-0.01762123253781167,-0.16619212798230554,6
125,Almond_High,2018-09-23,Almond_High,Croplands,36.169669,-120.201004,4.9,3.6000001000000004,5.731216447771902,24.00610416666667,2.2773540333333333,1.0772957478958334,-0.9911140639934546,-0.1330147065341963,-0.2438532199634704,0.5246319848705424,1.3728531524731518,-0.24385321996347042,0,-0.15425853785433344,-0.807513080624656,0.23021195858857824,-0.6138253550725387,6
126,Almond_High,2018-09-30,Almond_High,Croplands,36.169669,-120.201004,3.1,5.4,3.525559434118044,19.435291666666668,1.0983561666666666,0.7745781383333336,-0.999916658654738,-0.0129102960750088,-0.7076611003461127,0.1454212517094641,0.7874759029481938,-0.7076611003461126,0,-0.7595998539058264,-0.8199816901500426,-0.5434017569824694,-0.0456101759435754,6
127,Almond_High,2018-10-01,Almond_High,Croplands,36.169669,-120.201004,3.8,5.5,4.425718503421926,21.55079166666667,1.5472242270833334,0.9871091405833332,-0.99999073973619,0.0043035382962438,-0.34432887897473474,0.05799534487661853,0.840988916755425,-0.34432887897473474,0,-0.35074170042394937,-0.3988512896321138,-0.28339364686814095,-0.08857248738281821,6
128,Almond_High,2018-10-08,Almond_High,Croplands,36.169669,-120.201004,3.6,1.0,4.6490048622803455,17.673958333333335,1.2985965395833334,1.0228458595,-0.9922222094179324,0.1244792638867886,-0.19157950653444122,0.6424277842623379,1.4518767297831006,-0.19157950653444122,0,-0.12217402376125278,-0.8658919861309712,0.41332749028890026,3.743589117084687,6
129,Almond_High,2018-10-09,Almond_High,Croplands,36.169669,-120.201004,3.5,1.0,4.562286262694731,18.954,1.3482886687500002,1.1023429137083334,-0.989932495087353,0.141540295217043,-0.21288497898544204,0.5943670871670902,1.4314217284892305,-0.21288497898544212,0,-0.12255472732636272,-0.8472466497249947,0.33114644009503136,-0.09370868162341296,6
130,Almond_High,2018-10-16,Almond_High,Croplands,36.169669,-120.201004,3.3,2.4,4.42575449347762,17.13106458333333,1.4534936437499997,1.228063547625,-0.965739937654855,0.2595117970697994,-0.43691757596569003,0.43835864857024287,1.0655255812176112,-0.43691757596569003,0,-0.40364997729727947,-0.8909622290009184,-0.016140521598872137,-0.1621496161736683,6
131,Almond_High,2018-10-17,Almond_High,Croplands,36.169669,-120.201004,3.1,2.8,4.065057468311172,17.750491666666665,1.4831123395833332,1.2302316208125,-0.9611297838723007,0.2760969730974688,-0.453381094953804,0.3253592555533125,0.9315459136832722,-0.45338109495380396,0,-0.48238584503476667,-0.763266895605288,-0.11449054422135732,-0.06128658969936431,6
132,Almond_High,2018-10-24,Almond_High,Croplands,36.169669,-120.201004,2.8,1.4,3.5697963420171392,15.303695833333329,0.8709581395833331,0.8602374505208336,-0.9209712877166346,0.3896304495307877,0.04572340362653691,0.3708828184800111,0.8220234702790389,0.04572340362653693,0,0.1111052564989311,-0.3535026166682242,0.3795675710489038,-0.1264077856066002,6
133,Almond_High,2018-10-25,Almond_High,Croplands,36.169669,-120.201004,3.1,1.4,3.407222094661768,17.099714583333334,1.01430458125,1.0693689775000002,-0.9141279881853336,0.4054257283599973,-0.021826671868710273,0.38386068720271954,1.0417360937428208,-0.02182667186871029,0,0.041798524095380984,-0.4335246512602573,0.3262461115587455,-0.14550258879074052,6
134,Almond_High,2018-11-02,Almond_High,Croplands,36.169669,-120.201004,2.5,2.7,2.866876654532181,17.237583333333333,1.0447736854166667,1.054370017,-0.8498170915275277,0.5270777086423724,-0.02537534232673951,0.2195876058743825,0.6643809367996186,-0.025375342326739492,0,-0.06258501884706208,-0.22398076310970647,0.21043975497655,-0.042191786515224025,6
135,Almond_High,2018-11-09,Almond_High,Croplands,36.169669,-120.201004,2.1,1.5,2.413154705668579,11.435825,0.9016698458333332,1.129648275145833,-0.780295851070776,0.6254105729852457,-0.20872706753911682,0.2842181121992247,0.7531587165913113,-0.20872706753911685,0,-0.17038570187307636,-0.5101695875455227,0.054374086801248556,-0.042191786515224025,6
136,Almond_High,2018-11-10,Almond_High,Croplands,36.169669,-120.201004,1.6,2.7,2.112449191087712,10.439422916666668,0.7916942562499999,1.0865331698541667,-0.7694148268839381,0.6387494220515268,-0.2626930638976783,0.10389244192822976,0.6199481884298745,-0.2626930638976783,0,-0.26242490690996556,-0.15893496001632879,-0.36671932476674063,-0.027584572772200066,6
137,Almond_High,2018-11-18,Almond_High,Croplands,36.169669,-120.201004,1.6,0.8,1.7063638735497475,10.761983333333337,0.6590537562499998,0.9434190581458336,-0.6744436188329457,0.7383263540031063,-0.09308446400453545,0.3016286476495033,0.6407871936927192,-0.09308446400453546,0,0.063332513159164,-0.44079274483880276,0.09820683966603244,-0.027584572772200066,6
138,Almond_High,2018-11-25,Almond_High,Croplands,36.169669,-120.201004,0.9,1.5,1.4018013467449966,13.624297916666665,0.2667875604166667,0.8378150750208332,-0.5808002734538014,0.8140460935082175,0.23258195361902656,0.12100719183715726,0.386087476444822,0.23258195361902656,0,0.36521799154959533,0.20432311958819815,0.1282047497192862,0.01972063107082288,6
139,Almond_High,2018-11-26,Almond_High,Croplands,36.169669,-120.201004,1.3,1.6,1.2795266844963211,12.951524999999998,0.3557469666666666,0.9644392308541666,-0.5667017562911184,0.8239230057575536,0.2001412817603512,0.11726746420517586,0.3786060888355218,-0.2001412817603512,0,0.33147166435973363,0.10591202009530282,0.1630401608260172,0.01972063107082288,6
140,Almond_High,2018-12-03,Almond_High,Croplands,36.169669,-120.201004,0.8,0.5,0.8087258827705074,8.481016666666667,0.1674810541666666,0.8284856740624997,-0.4635502709028512,0.8860706215341377,0.20073435479277343,0.1386386513236893,0.4808408926562412,-0.18328258925175875,0,0.2542345959370622,0.04331683664579894,0.30465163179545907,0.01972063107082288,6
141,Almond_High,2018-12-11,Almond_High,Croplands,36.169669,-120.201004,0.6,2.3,0.8193826116800691,9.346264583333337,0.2526456479166666,0.719025519625,-0.3375228995941134,0.941317317512847,0.2250160180035059,0.1741029553571033,0.584155677479168,0.21374920535663233,0,0.22653679702629004,0.3983536023098766,0.050157654674351126,-0.027584572772200066,6
142,Almond_High,2018-12-20,Almond_High,Croplands,36.169669,-120.201004,0.8,2.8,0.1451995449804737,8.801712499999997,0.2523210333333333,0.8577444013124998,-0.1882267098432439,0.9821256058680006,0.18512572569863772,0.18521614822980284,0.5705950613792131,-0.18512572569863772,0,0.1789213360934349,0.37336611409538767,0.0030897269070905287,-0.027584572772200066,6
143,Almond_High,2018-12-27,Almond_High,Croplands,36.169669,-120.201004,1.2,0.4,1.4399654099263466,7.804639583333333,0.5094559874999999,2.461252670250001,-0.0688024268023206,0.9976303053065856,-0.16308984647416938,0.41137755137498816,0.6866793117594879,-0.16308984647416935,0,0.008848742744609839,-0.6325422970739791,0.13442401490686123,-0.12844759924650406,6
144,Almond_High,2018-12-28,Almond_High,Croplands,36.169669,-120.201004,1.0,1.1,1.0064992940574573,7.285502083333335,0.59747778125,2.260920376125,-0.0516196672232541,0.998666816288476,-0.1954223738040166,0.2918746266925364,0.4845292984107493,-0.1954223738040166,0,-0.1256930377178291,-0.5158464270433285,0.055272343349107855,0.01972063107082288,6
193,Almond_Low,2016-10-18,Almond_Low,Croplands,36.946608,-120.10237,1.9,4.7000003,2.585293774850289,15.660858437500002,0.6259611645833334,2.0131857102604167,-0.9510565162951536,0.3090169943749472,-0.5932714831789522,0.1375454885872035,0.8785351881220684,-0.5932714831789521,1,-0.7322224550209961,-0.5904160542888736,-0.45717594022698677,-0.050759472549298634,6
194,Almond_Low,2016-10-19,Almond_Low,Croplands,36.946608,-120.10237,2.3,4.1,2.7369247965399808,15.259315229166663,0.6104710395833334,0.8990852083333333,-0.9455963874271428,0.3253420847119795,-0.29191161139703875,0.17289115218199588,0.6945601280393083,-0.2919116113970388,1,-0.486525512776919,-0.15606348084588095,-0.23314584056831616,-0.06288132570678902,6
195,Almond_Low,2016-10-26,Almond_Low,Croplands,36.946608,-120.10237,1.6,3.7,2.569978604237418,20.002721729166662,1.1841408520833332,0.7715305,-0.8996308696522434,0.4366512319560638,-0.15712282118550105,0.20235771606258407,0.8464723821554909,-0.15712282118550114,1,-0.31349130708933154,-0.22930585430179512,0.07142869783462347,-0.04827411196376509,6
196,Almond_Low,2017-02-23,Almond_Low,Croplands,36.946608,-120.10237,1.7,1.8000001,1.3629244461188084,6.962118604166669,0.3530215833333334,1.7503499583333335,0.8013610881746766,0.5981809144059164,-0.40761196907487823,0.09910264431567183,0.6749933317190291,0.26653913868750495,1,-0.3468105035518827,-0.5219693600181459,-0.354056043654606,-0.042191786515224025,6
197,Almond_Low,2017-02-24,Almond_Low,Croplands,36.946608,-120.10237,1.6,4.3,1.441027886957699,6.832306312499997,0.4216969729166668,0.8337975833333333,0.8115390590073611,0.5842981736283683,0.34108489552386373,0.14060827442725943,0.9966287095301027,-0.3410848955238637,1,0.4514535402383941,0.389025538792386,0.18277560754081124,-0.04827411196376509,6
198,Almond_Low,2017-03-03,Almond_Low,Croplands,36.946608,-120.10237,1.7,5.8,1.4444377984533388,12.528973958333331,0.5798017854166666,0.7219932291666665,0.8758917051442429,0.4825077417612184,0.6518415221663237,0.1568397884413869,1.2217849115735007,-0.6518415221663237,1,0.7070826832563865,0.4748555178130853,0.7735863654294994,-0.026100383439908673,6
199,Almond_Low,2017-03-04,Almond_Low,Croplands,36.946608,-120.10237,2.3,5.7000003,1.3813069002818632,12.823029291666666,0.5010542187499999,1.1469878958333335,0.8840675099433636,0.4673592171580022,0.3183464191856414,0.21507628927728317,1.126389989153862,-0.3183464191856413,1,0.4894641431188751,0.07691307686313753,0.3886620375749116,-0.0694776841986779,6
200,Almond_Low,2017-03-11,Almond_Low,Croplands,36.946608,-120.10237,2.6,1.7,2.103030710597184,17.243319291666666,0.5108568541666666,0.9324155000000002,0.9338372288229252,0.3576982388331254,-0.2909940748847122,0.4153073218467817,1.128370933913252,0.2909940748847122,1,-0.017797552800813465,-0.7689175720585548,-0.08626709979476829,-0.143054812989528,6
201,Almond_Low,2017-03-12,Almond_Low,Croplands,36.946608,-120.10237,3.2,1.9,2.3301763400261533,16.882735375000006,0.61401196875,0.9004727291666669,0.9398560579418954,0.3415707691678556,-0.6290024706707019,0.43098791683589593,1.1365729270529694,0.6290024706707019,1,-0.47447679847303154,-1.11595048703902,-0.29658012650005405,-0.11990267717730281,6
202,Almond_Low,2017-03-27,Almond_Low,Croplands,36.946608,-120.10237,3.5,4.2000003,5.641309009561009,13.85679475,0.4252717333333333,2.6972626458333337,0.995918996147179,0.0902516100310411,-1.4879458695673822,0.13536241502267388,0.7779939527185167,-1.4879458695673824,1,-1.563556212477232,-1.5686113292180686,-1.3316700670068462,0.11028661097827089,6
203,Almond_Low,2017-03-28,Almond_Low,Croplands,36.946608,-120.10237,3.6,1.7,3.733831169097588,13.241614104166665,0.4219870000000001,1.0173646666666667,0.9973249731081556,0.0730951298980777,-1.1192395103804909,0.5433071988958161,1.2339204698350297,-1.1192395103804909,1,-0.8938979601574382,-1.738959199975937,-0.7248613710080974,0.1549489250718578,6
204,Almond_Low,2017-04-05,Almond_Low,Croplands,36.946608,-120.10237,3.4,4.3,4.070743364297207,19.130156041666673,1.19242800625,1.0911737916666666,0.9979171608653922,-0.0645084494493162,-0.19778522926886968,0.13934956825244088,0.8684443470896142,-0.19778522926886966,1,-0.08771870185950888,-0.3544665221240211,-0.15117046382307908,-0.08197612889092933,6
205,Almond_Low,2017-04-12,Almond_Low,Croplands,36.946608,-120.10237,3.2,5.2000003,5.550121455585238,18.58826245833333,0.8405181999999997,1.94110725,0.9829265519799822,-0.18399835165768,-0.16531933258723666,0.046631676512162684,0.6231913989798042,-0.16531933258723663,1,-0.1877917410943806,-0.19645949434410756,-0.11170676232322181,-0.08197612889092933,6
206,Almond_Low,2017-04-13,Almond_Low,Croplands,36.946608,-120.10237,3.2,3.3,4.9958689527408895,14.610526229166664,0.3934500791666667,1.747885145833333,0.97961369164549,-0.200890555130635,-0.9417271665009691,0.01706940381616671,0.6888052191708391,-0.9417271665009692,1,-0.941350883703816,-0.924849014948767,-0.958981600850324,0.08235044662305253,6
207,Almond_Low,2017-04-20,Almond_Low,Croplands,36.946608,-120.10237,4.8,4.5,6.290786316907113,15.678978875,0.5939754916666666,2.561004229166667,0.9483615800121716,-0.3171912885891061,-2.302839911806387,0.07041027727250897,0.8030084600139438,-2.302839911806387,1,-2.2255732058519433,-2.31956437939882,-2.3633821501683965,-0.7187917122457851,6
208,Almond_Low,2017-04-21,Almond_Low,Croplands,36.946608,-120.10237,4.9,1.4,4.864496260106487,16.204051624999995,0.62622094375,1.0447032916666668,0.9427611433904208,-0.3334687789181868,-1.9054648175406559,0.35777951812462816,1.6770640320905144,-1.83445733775363,1,-1.6216964516227579,-2.307373652153454,-1.7873243488457558,0.6704793549786616,6
209,Almond_Low,2017-04-28,Almond_Low,Croplands,36.946608,-120.10237,5.3,4.4,8.162924281792804,17.026796520833333,0.95239233125,3.6146106250000014,0.895839290734909,-0.4443781781046132,-2.306669954485132,0.16651320677507092,0.8720136389412344,-2.306669954485132,1,-2.114550389856549,-2.409378247588343,-2.3960812260105038,0.7462817740607943,6
210,Almond_Low,2017-04-29,Almond_Low,Croplands,36.946608,-120.10237,5.3,0.6,6.2274092513283525,17.040748937499995,0.9905601145833334,1.0842832291666669,0.8880573226294932,-0.4597327394521039,-1.9402889520869315,0.2907329622496216,2.19022291342433,-1.9402889520869318,1,-1.6048461758353736,-2.096423138914495,-2.1195975415109256,-5.923165378082012,6
211,Almond_Low,2017-05-06,Almond_Low,Croplands,36.946608,-120.10237,5.1,6.4,6.8445548905627644,14.498466333333331,0.5505327,2.2132526458333333,0.8263541987239096,-0.5631507242749186,-1.8575512583570184,0.3109467002704355,0.9492995208692697,-1.8575512583570184,1,-1.5246299868727622,-1.9075626748915813,-2.140461113306712,-0.8451033636129034,6
212,Almond_Low,2017-05-07,Almond_Low,Croplands,36.946608,-120.10237,2.5,7.3,4.286860563634516,15.787454020833332,0.4809142895833334,1.4685863541666662,0.8165380514459161,-0.5772916165517272,0.2426406326120539,0.11889939004800491,1.0230676703000994,0.24264063261205382,1,0.35261328029105043,0.11647441325674945,0.25883420428836185,-0.09214220288244075,6
213,Almond_Low,2017-05-14,Almond_Low,Croplands,36.946608,-120.10237,5.4,7.8,6.66869074185508,14.674415000000002,0.600220425,1.8981578958333327,0.741222010848596,-0.6712599575675313,-1.6252983535275918,0.3408351380501548,1.2496648889717883,-1.625298353527592,1,-1.2320445115508472,-1.8084288617494058,-1.8354216872825222,-1.0671101188227743,6
214,Almond_Low,2017-05-22,Almond_Low,Croplands,36.946608,-120.10237,7.3,2.6000001,7.392860302925483,26.461722895833343,1.9272309791666664,1.3715375833333334,0.6420547132365637,-0.766658819300159,-2.8739344096871036,0.4526769254625444,2.327746291085429,-2.8739344096871036,1,-2.380800465774774,-2.970399470038766,-3.27060329324777,-17.437620098635772,6
215,Almond_Low,2017-05-23,Almond_Low,Croplands,36.946608,-120.10237,6.8,4.4,7.836069708873872,27.017933770833334,1.7593469895833336,1.4244429374999996,0.6287628145958344,-0.777597146973627,-2.332927326702658,0.1658449582553274,1.533304467786847,-2.332927326702658,1,-2.1478396318531625,-2.4680324134207616,-2.3829099348340503,1.5611518103710669,6
216,Almond_Low,2017-05-30,Almond_Low,Croplands,36.946608,-120.10237,6.5,6.4,9.459107518808178,21.506028729166665,0.9930720999999996,2.053064729166667,0.5307300481619334,-0.8475409228928311,-2.096634306745111,0.17065446836816076,0.5881889316984312,-2.096634306745111,1,-1.9182367379509748,-2.1133508301380166,-2.2583153521463424,-1.5283621299356964,6
217,Almond_Low,2017-06-07,Almond_Low,Croplands,36.946608,-120.10237,7.1,5.5,9.431587221669034,23.1380365625,1.5971504687499998,1.963840270833333,0.4093559588156213,-0.9123747579707272,-2.521918012508627,0.20652406048768987,1.029250157492807,-2.5219180125086265,1,-2.2936870276812265,-2.5761573766752606,-2.6959096331693937,1.9618842919970154,6
218,Almond_Low,2017-06-08,Almond_Low,Croplands,36.946608,-120.10237,4.4,4.9,8.794380579150259,20.608479875000004,1.0851758875,1.9119916458333328,0.3935902766564667,-0.9192859697186104,-0.22810657181224026,0.07984426149613001,0.6574350786987304,-0.2281065718122406,1,-0.2414189305441859,-0.3004579359000819,-0.14244284899245296,-0.08197612889092933,6
219,Almond_Low,2017-06-15,Almond_Low,Croplands,36.946608,-120.10237,7.7,7.6,10.003035872115005,24.36800443749999,1.5718998229166663,2.0826608124999995,0.2802306751992158,-0.9599326896597448,-2.6452255246109497,0.24940651793816485,0.9877270458859492,-2.6452255246109493,1,-2.3857160596597087,-2.883122475440831,-2.666838038732309,-10.76539915360037,6
220,Almond_Low,2017-06-16,Almond_Low,Croplands,36.946608,-120.10237,7.0,7.9,8.963545191045393,26.67777204166667,1.644489047916667,1.642433125,0.263665492728007,-0.9646141756912436,-1.827341598426757,0.242028294411457,0.9497583558882889,-1.8273415984267567,1,-1.5493514635138461,-1.9414607947618805,-1.9912125370045444,-0.8774705471313173,6
221,Almond_Low,2017-06-23,Almond_Low,Croplands,36.946608,-120.10237,7.7,7.0,9.931236760651492,30.18546691666667,2.13599634375,1.7935905416666669,0.1457991969198751,-0.9893142039703664,-2.342228441574713,0.35569363013438904,1.2595032017561938,-2.342228441574713,1,-1.9537711788409347,-2.651971897921839,-2.4209422479613654,1.2225193406966308,6
222,Almond_Low,2017-07-01,Almond_Low,Croplands,36.946608,-120.10237,7.2,7.1,10.154775771648152,24.27794764583333,1.4746941291666669,1.915249229166667,0.0086069968886886,-0.9999629591162656,-2.0388256528620556,0.27569682490167086,0.6825847033586137,-2.038825652862056,1,-1.7264452625212434,-2.141887625224297,-2.248144070840626,-0.5012507320647327,6
223,Almond_Low,2017-07-02,Almond_Low,Croplands,36.946608,-120.10237,6.5,6.9,8.739276070875839,25.44462964583333,1.6083948916666666,1.2979871666666667,-0.008606996888688,-0.9999629591162656,-1.2337844562979958,0.2795332339811149,0.7458585784316277,-1.2337844562979958,1,-0.9185786571929379,-1.4515771145960716,-1.3311975971049779,-0.5156735987296098,6
224,Almond_Low,2017-07-09,Almond_Low,Croplands,36.946608,-120.10237,6.8,7.5,7.590919316202411,29.612223354166662,2.6314825416666667,1.3608110416666666,-0.1287481774525806,-0.99167731989929,-2.0101904551691225,0.20719956692046101,1.3751737138883224,-2.0101904551691225,1,-1.7742771820683636,-2.162648631006781,-2.093645552432223,-1.0477434746742773,6
225,Almond_Low,2017-07-10,Almond_Low,Croplands,36.946608,-120.10237,3.2,8.6,7.791335100787102,30.36957327083333,2.6760218229166663,1.5041746666666669,-0.1457991969198744,-0.9893142039703664,-0.8251022392560076,0.0946463677516241,1.2611700048528156,-0.8251022392560072,1,-0.7412111597378147,-0.9277078978043863,-0.8063876602258213,-0.2354869973202448,6
226,Almond_Low,2017-07-17,Almond_Low,Croplands,36.946608,-120.10237,7.8,8.1,10.2133581835766,30.10469543750001,2.7716624062500004,1.6640643125,-0.2636654927280072,-0.9646141756912436,-2.9358079446029355,0.2749462501949806,1.6266378695409482,-2.935807944602936,1,-2.618412909522286,-3.100887803084939,-3.0881231212015816,-10.398905783306033,6
227,Almond_Low,2017-07-18,Almond_Low,Croplands,36.946608,-120.10237,7.6,8.3,11.691712331518849,27.51143591666667,2.5194480458333337,2.202469020833333,-0.2802306751992161,-0.9599326896597444,-2.919632975648126,0.29193028341453514,1.3593161900978128,-2.919632975648126,1,-2.5985458595226376,-3.169061787089334,-2.991291280332406,-10.666090834895268,6
228,Almond_Low,2017-07-25,Almond_Low,Croplands,36.946608,-120.10237,6.1,9.2,8.595151589680901,26.11592489583333,1.7396994458333337,1.2296108125000005,-0.3935902766564664,-0.9192859697186104,-1.6706329056734008,0.36455313750259427,1.31349251154829,-1.6706329056734006,1,-1.2558639474056537,-1.8157757306992641,-1.940259038915285,-1.0691920501037997,6
229,Almond_Low,2017-08-10,Almond_Low,Croplands,36.946608,-120.10237,6.2,5.4,7.3359649927211,26.61519658333333,1.56292925625,1.5777171562500003,-0.6287628145958345,-0.7775971469736268,-1.36228565439501,0.076601601533511,0.9684053043035483,-1.3622856543950101,1,-1.2837230613850297,-1.366371147284228,-1.4367627545157715,-0.48505581568833395,6
230,Almond_Low,2017-08-11,Almond_Low,Croplands,36.946608,-120.10237,6.1,4.9,8.070376787349394,27.04435366666667,1.8254587958333333,1.5636206875,-0.6420547132365636,-0.7666588193001592,-1.4070223379548163,0.18988881152050885,1.0733766372478555,-1.4070223379548166,1,-1.2101967086929748,-1.4217541243300365,-1.589116180841438,-0.3386718049077546,6
231,Almond_Low,2017-08-18,Almond_Low,Croplands,36.946608,-120.10237,5.5,5.8,6.263706780568126,27.881159541666676,1.9213243000000004,1.4439096666666666,-0.7295575540864876,-0.6839194216246105,-1.3103337621871374,0.16396878417726743,0.7251911615405573,-1.3103337621871374,1,-1.2187645430149558,-1.2126015756839932,-1.499635167862463,-0.3869660128069009,6
232,Almond_Low,2017-08-19,Almond_Low,Croplands,36.946608,-120.10237,5.5,6.6,6.344115425248955,28.07497247916667,1.88051374375,1.3935798124999996,-0.7412220108485957,-0.6712599575675315,-1.4917968670682011,0.17164088828463175,0.6738784675962504,-1.4917968670682011,1,-1.4476101520693367,-1.3465694392648375,-1.6812110098704292,-0.42493884261729664,6
233,Almond_Low,2017-08-26,Almond_Low,Croplands,36.946608,-120.10237,5.1,4.8,3.895438579419096,29.3215530625,2.3739153166666664,1.1428120000000002,-0.8165380514459157,-0.5772916165517278,-1.0818672093714397,0.2582240149919815,1.3493484351427916,1.0818672093714397,1,-0.9179650544594887,-0.9481061994748674,-1.379530374179963,-0.11441161762169315,6
234,Almond_Low,2017-08-27,Almond_Low,Croplands,36.946608,-120.10237,5.1,5.2000003,5.178027492285416,30.65497191666668,2.4951047229166665,1.0529365416666665,-0.8263541987239095,-0.5631507242749187,-1.1824902026248354,0.24859398423677095,1.4045955357969953,-1.1824902026248354,1,-0.9937025114242248,-1.0896185288760913,-1.4641495675741898,-0.28592881226839967,6
235,Almond_Low,2017-09-03,Almond_Low,Croplands,36.946608,-120.10237,3.6,5.9,6.1421697749826105,32.99239939583333,2.8919269375,1.3148195416666666,-0.888057322629493,-0.4597327394521046,-0.8766549042402446,0.2863181173843766,1.377366277234573,-0.8766549042402447,1,-0.6483385734786509,-0.7837338476474075,-1.1978922915946755,-0.2125180354089231,6
236,Almond_Low,2017-09-04,Almond_Low,Croplands,36.946608,-120.10237,4.2,6.1,6.269340220521988,32.22069910416668,2.4394114875,1.4005156458333337,-0.8958392907349089,-0.4443781781046134,-1.134251225744392,0.1888745272589703,1.1061038118762152,-1.134251225744392,1,-0.9714393955479519,-1.0899876616188813,-1.3413266200663427,-0.08858881409634563,6
237,Almond_Low,2017-09-11,Almond_Low,Croplands,36.946608,-120.10237,3.6,5.7000003,4.180215023493648,27.879058541666662,1.7841354666666662,1.0613834166666665,-0.9427611433904206,-0.333468778918187,-0.9069573412988806,0.09021528633518762,0.9849149703176663,-0.9069573412988805,1,-0.8083900064243092,-0.9854327586037739,-0.9270492588685589,-0.08858881409634563,6
238,Almond_Low,2017-09-12,Almond_Low,Croplands,36.946608,-120.10237,4.2,4.9,5.483142110693704,27.68804564583333,1.4636356458333335,1.2418301041666668,-0.9483615800121716,-0.3171912885891059,-0.7730975570805815,0.03627105897238029,0.7839797141426192,-0.7730975570805816,1,-0.7927048427793187,-0.7953447407357501,-0.7312430877266753,-0.02340327012494268,6
239,Almond_Low,2017-09-19,Almond_Low,Croplands,36.946608,-120.10237,4.3,8.0,4.6439555056161295,19.28244945833333,0.9155629520833336,2.1772581875,-0.97961369164549,-0.2008905551306352,-1.7115328390972622,0.31841805679342006,1.4012123244171928,-1.711532839097262,1,-1.3918300997222763,-1.714117945017871,-2.028650472551639,-0.7330502661282244,6
240,Almond_Low,2017-09-20,Almond_Low,Croplands,36.946608,-120.10237,3.9,5.5,4.079612672275098,20.068773125,0.8682446770833332,1.6036482500000002,-0.9829265519799822,-0.1839983516576798,-1.0076399226130563,0.12370702227987786,0.48058427965963924,-1.0076399226130563,1,-0.9965808873246776,-1.1365051636516539,-0.8898337168628373,0.11166453658304488,6
241,Almond_Low,2017-09-27,Almond_Low,Croplands,36.946608,-120.10237,3.0,1.5,3.618802854554023,23.66965145833333,1.8429507604166664,0.9392876041666666,-0.9979171608653922,-0.0645084494493162,-0.4260194320818346,0.8341246720471566,1.8380636562158563,-0.4260194320818347,1,0.46205399322335705,-1.1929464697177052,-0.5471658197511555,-14.820638788489727,6
242,Almond_Low,2017-09-28,Almond_Low,Croplands,36.946608,-120.10237,3.1,2.5,3.0612601676712776,24.457221354166673,2.02676139375,1.1257924166666669,-0.9988797155850336,-0.0473213883224323,-0.39869302465196776,0.5692811374229193,1.65946916260163,-0.32121335999452283,1,0.2466252145495812,-0.8297693524850708,-0.6129349360204137,1.2785593199414182,6
243,Almond_Low,2017-10-05,Almond_Low,Croplands,36.946608,-120.10237,2.8,2.4,1.8364884310475167,18.116620375,1.1236648375,0.9935105833333336,-0.9973249731081556,0.0730951298980777,-0.8145365619657431,0.3787964736650205,0.8407668490183099,0.8145365619657431,1,-0.5843410188815998,-1.2517279183852565,-0.6075407486303728,-0.04637666142234098,6
244,Almond_Low,2017-10-06,Almond_Low,Croplands,36.946608,-120.10237,2.8,3.8,2.02541893049512,19.27030712500001,1.2480663208333334,0.8785138124999997,-0.9959189961471792,0.0902516100310407,-0.6764866822982905,0.13827278009396035,0.6426306703535312,0.6764866822982905,1,-0.6535634052258749,-0.824788571642178,-0.5511080700268187,-0.050759472549298634,6
245,Almond_Low,2017-10-13,Almond_Low,Croplands,36.946608,-120.10237,2.5,3.8,2.2122690175847555,14.783904833333333,0.7777750770833333,0.8774116249999997,-0.9778483415056568,0.2093146459630488,-0.5201460186056582,0.12137719521308314,0.5367414832549771,0.055315946224830825,1,-0.6431151559961155,-0.5168968940564136,-0.40042600576444554,-0.01733161295204118,6
246,Almond_Low,2017-10-14,Almond_Low,Croplands,36.946608,-120.10237,2.2,5.0,2.1931975926400424,14.962885291666666,0.7209449062500001,0.7875872291666668,-0.9741004551724206,0.226115685508288,-0.40055138673271795,0.042711814310839154,0.8327861937444101,-0.38694657201280247,1,-0.3527198356463631,-0.4140553362002891,-0.4348789883515016,-0.06288132570678902,6
247,Almond_Low,2017-10-21,Almond_Low,Croplands,36.946608,-120.10237,1.3,3.6000001000000004,2.067599814429585,13.6807085,0.5367215729166667,1.098776291666667,-0.9398560579418952,0.341570769167856,-0.057949408034987854,0.11260674334596613,0.6787129634746527,-0.057949408034987826,1,-0.16904692640710392,0.056108194120763955,-0.060909491818623596,-0.04827411196376509,6
248,Almond_Low,2017-10-22,Almond_Low,Croplands,36.946608,-120.10237,2.2,4.1,2.226063990147121,15.25950204166667,0.5943415291666665,0.93017825,-0.9338372288229252,0.3576982388331254,-0.24455722371073876,0.17839474360326915,0.7347835080149634,-0.24455722371073874,1,-0.44728067582587977,-0.11153975540683568,-0.17485123989950094,-0.06288132570678902,6
249,Almond_Low,2017-10-29,Almond_Low,Croplands,36.946608,-120.10237,1.9,4.3,2.7208334870087385,18.820234291666672,0.7556581291666665,0.814917125,-0.8840675099433637,0.467359217158002,-0.1133561288344957,0.11035332087338595,0.8738167834566367,-0.11335612883449575,1,-0.24023734706249528,-0.0600999575311236,-0.03973108190986824,-0.06288132570678902,6
250,Almond_Low,2017-10-30,Almond_Low,Croplands,36.946608,-120.10237,1.7,3.1000001,2.539294051158965,16.814061499999998,0.5527710895833332,1.1273124791666664,-0.8758917051442433,0.4825077417612176,0.09195450175032187,0.1523745778890173,0.6967349755260656,0.09195450175032183,1,-0.07324185915130542,0.12210619761445729,0.22699916678781373,-0.042191786515224025,6
251,Almond_Low,2017-11-06,Almond_Low,Croplands,36.946608,-120.10237,1.5,1.4,1.5411087102696577,10.371843479166666,0.3575934479166666,0.8926923749999999,-0.8115390590073611,0.5842981736283683,-0.03149671377195815,0.231486880874734,0.6376180063908012,-0.031496713771958146,1,-0.021780893333112755,-0.26768853448012303,0.19497928649736135,-0.027584572772200066,6
252,Almond_Low,2017-11-07,Almond_Low,Croplands,36.946608,-120.10237,1.0,2.2,1.569562687586974,11.798662812499998,0.45344546875,0.7350165208333334,-0.8013610881746769,0.5981809144059159,0.31578083178587474,0.026989982411298078,0.5896269452880913,0.31578083178587474,1,0.2932822481082303,0.3083534148692121,0.34570683238018174,-0.0335382260379464,6
253,Almond_Low,2017-11-14,Almond_Low,Croplands,36.946608,-120.10237,1.3,2.5,1.8681763495190185,15.553777437499996,0.5075800645833334,1.0682082083333333,-0.7236440382959123,0.690173388242972,0.3067298323532665,0.0768415053662343,0.6480526892166635,0.3067298323532665,1,0.239849803634818,0.28967318082340804,0.39066651260157337,-0.027584572772200066,6
254,Almond_Low,2017-11-15,Almond_Low,Croplands,36.946608,-120.10237,0.7,2.3,1.331905751655365,15.903647958333332,0.4487879895833333,1.170292916666667,-0.7116566222817751,0.7025274741691566,0.3447780945815497,0.08466512315826319,0.6728927727924636,0.3447780945815497,1,0.33483300618225986,0.2655247253581179,0.4339765522042712,-0.027584572772200066,6
255,Almond_Low,2017-11-22,Almond_Low,Croplands,36.946608,-120.10237,1.0,2.3,1.4796893204114276,14.953664895833334,0.4753299062499999,0.6757911874999999,-0.622046748440868,0.7829801036770625,0.48782142010123364,0.01422432278918905,0.7110961813088561,0.47155722072162165,1,0.5020124222479124,0.4735640092011957,0.4878878288545929,-0.0335382260379464,6
256,Almond_Low,2017-11-23,Almond_Low,Croplands,36.946608,-120.10237,1.2,3.4,1.5752264372025058,16.307909479166668,0.4553959520833333,0.892436354166667,-0.6084768701151264,0.7935716089521472,0.3803454793909598,0.03957155897809901,0.6735865127379704,0.3701073950140518,1,0.42470667423317543,0.36765021665479625,0.3486795472849078,-0.0335382260379464,6
257,Almond_Low,2017-11-30,Almond_Low,Croplands,36.946608,-120.10237,0.8,2.1000001,0.9937917696647148,9.114307395833332,0.3160376979166667,0.6972695624999999,-0.5086709438521042,0.8609610158889945,0.5440554955520001,0.09788447557993873,0.5931323319948104,-0.15647195622257049,1,0.5473031339261818,0.6402757369577858,0.44458761577203243,0.04591781382544429,6
258,Almond_Low,2017-12-01,Almond_Low,Croplands,36.946608,-120.10237,0.9,3.0,0.8080188800224366,10.584584541666668,0.2780712791666666,0.7341823541666664,-0.4937755501599774,0.8695893893466109,0.4755771864260268,0.14893229024618096,0.6865857049075244,-0.47557718642602687,1,0.6318881711361054,0.4595182650084946,0.3353251231334803,-0.027584572772200066,6
259,Almond_Low,2017-12-08,Almond_Low,Croplands,36.946608,-120.10237,0.7,2.4,0.6634007016446466,9.051396291666668,0.5279562625000002,1.0221006727708333,-0.3856634062436074,0.9226395488404876,0.484650285285065,0.1331745339584046,0.6581174583067593,-0.48465028528506493,1,0.4532654083967689,0.630714111012114,0.3699713364463123,-0.027584572772200066,6
260,Almond_Low,2017-12-16,Almond_Low,Croplands,36.946608,-120.10237,0.9,3.7,0.4811195938348646,9.791952770833335,0.3599987645833335,1.3167793263124998,-0.2553532951161881,0.9668478136052772,0.3599983938925846,0.15021235268662195,0.8656061012095682,-0.3599983938925846,1,0.5134891371744699,0.35321154349624007,0.21329450100704378,-0.04827411196376509,6
261,Almond_Low,2017-12-17,Almond_Low,Croplands,36.946608,-120.10237,0.3,0.90000004,0.3988589672763137,7.9965043125,0.5200715958333333,0.8047223829166669,-0.2386727660059499,0.9711000518829505,0.4506388987557977,0.0658478854778133,0.6872204737710634,-0.2529209642031703,1,0.385822481273138,0.4486222902799747,0.5174719247142805,-0.027584572772200066,6
262,Almond_Low,2018-02-02,Almond_Low,Croplands,36.946608,-120.10237,1.4,2.7,0.7806496235318799,14.495703333333337,0.5652611645833332,0.9443113877083332,0.5380051715382996,0.8429415373547828,0.18418375556211716,0.0756561339266056,0.8050670581620063,-0.1841837555621172,1,0.26627660406442016,0.16901055626078448,0.11726410636114681,-0.027584572772200066,6
263,Almond_Low,2018-02-03,Almond_Low,Croplands,36.946608,-120.10237,1.1,2.9,0.8377620881238934,14.954859812500002,0.593984383333333,0.7655962364791667,0.5524353131676196,0.8335557718385699,0.2780136396506165,0.1068966810301902,0.8825901880985579,-0.27801363965061654,1,0.3818316529847038,0.28392561097420077,0.1682836549929449,-0.027584572772200066,6
264,Almond_Low,2018-02-10,Almond_Low,Croplands,36.946608,-120.10237,1.9,0.8,1.4611421181605448,14.864937020833333,0.5524037770833331,1.5077054112291666,0.6486295610349814,0.7611042586607747,-0.3401687717117154,0.6323712737252555,1.2540367100737284,0.3401687717117154,1,-0.0567972589675903,-1.0646657043293366,0.10095664816178068,3.436084981010012,6
265,Almond_Low,2018-02-11,Almond_Low,Croplands,36.946608,-120.10237,1.3,1.9,1.356688508440253,11.431384354166664,0.5532085333333332,1.2722064306666665,0.6616346182422783,0.7498264012045686,0.027806157394118375,0.07447921112304726,0.7955764570992422,0.027806157394118375,1,0.0317692522429166,-0.048575479404729865,0.10022469934416839,-0.027584572772200066,6
266,Almond_Low,2018-02-18,Almond_Low,Croplands,36.946608,-120.10237,2.0,4.7000003,1.1119656247432717,11.448680062500005,0.5569229770833334,2.175270704395834,0.7469720876965552,0.6648553979642865,-0.07431915744135356,0.13603407859186784,0.9096637463086953,0.07431915744135353,1,-0.21600567525256237,0.055252021070167245,-0.06220381814166556,-0.06288132570678902,6
267,Almond_Low,2018-02-19,Almond_Low,Croplands,36.946608,-120.10237,1.9,0.90000004,1.1031209262099808,6.109546166666665,0.5774514312500001,1.9140440789583333,0.7583058084785625,0.6518989958787126,-0.7641733074061565,0.41963828106136514,0.9579322368368961,0.7641733074061565,1,-0.3456007406895172,-1.1848692445798132,-0.7620499369491391,-0.06302368880526879,6
268,Almond_Low,2018-03-06,Almond_Low,Croplands,36.946608,-120.10237,2.1,4.7000003,2.273323697170086,11.800806645833331,0.7902440187499998,0.7955580881458335,0.8996308696522433,0.436651231956064,0.5217285591408474,0.15180454231971965,0.749941421706034,-0.17508116480067537,1,0.400882464854437,0.47218895266615557,0.6921142599019494,-0.06288132570678902,6
269,Almond_Low,2018-03-14,Almond_Low,Croplands,36.946608,-120.10237,2.2,6.2000003,2.7399138882775382,14.352737604166668,0.4227828416666665,1.0863698746041668,0.9510565162951536,0.3090169943749474,0.3789325460588589,0.1092428469095272,1.238639489433917,0.3789325460588589,1,0.4559399054193668,0.25390488384116283,0.4269528489160471,-0.0694776841986779,6
270,Almond_Low,2018-03-15,Almond_Low,Croplands,36.946608,-120.10237,2.2,7.7000003,3.630965085731949,11.2537038125,0.64452620625,1.3007676215625006,0.9562348265919056,0.2926003356333483,0.2568536945614341,0.07294328878511966,1.8578899141505616,0.25685369456143414,1,0.22701659675546287,0.2035590916923673,0.339985395236472,0.9330376456637259,6
271,Almond_Low,2018-03-23,Almond_Low,Croplands,36.946608,-120.10237,3.0,6.3,4.005115057651033,10.396783500000002,0.3886643958333333,1.5402597154375,0.9873494423939864,0.1585593851031347,-0.24331804305689353,0.10753809878111002,1.1615130375679423,-0.24331804305689353,1,-0.11921960743057937,-0.30160875108797647,-0.30912577065212477,-0.11123700606658107,6
272,Almond_Low,2018-03-31,Almond_Low,Croplands,36.946608,-120.10237,3.7,5.2000003,4.683757711928956,19.99607,0.8591308083333336,0.8951145815000001,0.9997685019798908,0.0215160974362222,-0.2509040625114132,0.14327703971640735,0.8815504308729608,-0.2509040625114132,1,-0.39073489252053084,-0.257564194152751,-0.10441310086095765,-0.08197612889092933,6
273,Almond_Low,2018-04-08,Almond_Low,Croplands,36.946608,-120.10237,4.4,4.2000003,5.756787212236165,14.886712458333337,0.4759165916666666,2.3699532733125004,0.9932568492674144,-0.1159345995955004,-2.152674838791386,0.12577830353138444,0.7578346623566536,-2.152674838791386,1,-2.009591016842673,-2.24579096033403,-2.202642539197455,-1.2433063741444788,6
274,Almond_Low,2018-04-16,Almond_Low,Croplands,36.946608,-120.10237,2.2,7.2000003,3.5143408892847976,10.4652914375,0.2781747208333333,1.3313519524999995,0.9679377830240642,-0.2511900638848193,0.2703296094465247,0.06388301879882104,1.3324057756311412,0.2703296094465246,1,0.2737050283622816,0.33245800298160466,0.2048257969956877,-0.13224423991072676,6
275,Almond_Low,2018-04-24,Almond_Low,Croplands,36.946608,-120.10237,5.4,4.3,6.307370503698946,21.99682610416666,1.2572545395833332,1.2614090542083336,0.9242907221930934,-0.3816892202666588,-1.7151909824543374,0.1804819143141896,1.0005592724636074,-1.7151909824543372,1,-1.5598009985428476,-1.9131531190070366,-1.6726188298131284,-0.43139166535883616,6
276,Almond_Low,2018-05-02,Almond_Low,Croplands,36.946608,-120.10237,5.0,6.5,5.536614000794632,16.752981250000005,0.7415449166666668,1.229140554729167,0.8631421280499114,-0.5049610547215204,-0.9808628038961326,0.1761181894498057,0.7453901495867387,-0.9808628038961325,1,-0.7883458713890558,-1.133871069079948,-1.0203714712193939,-0.15743746811148887,6
277,Almond_Low,2018-05-09,Almond_Low,Croplands,36.946608,-120.10237,6.3,8.5,8.283606617240403,21.579087125,1.2099914937499998,2.4150240029375003,0.7961828637826158,-0.6050560696488488,-2.1819887488013783,0.11438226059041304,1.0172537587891255,-2.181988748801378,1,-2.0518963997098156,-2.2272792388828733,-2.2667906078114455,-2.0193212823214153,6
278,Almond_Low,2018-05-10,Almond_Low,Croplands,36.946608,-120.10237,6.2,10.0,7.242231683239098,19.61483139583333,1.013197089583333,1.7029110183750007,0.7856498550787145,-0.6186714032625031,-1.882362568996701,0.4260798391966644,1.745894803876069,-1.882362568996701,1,-1.3949825604357584,-2.0678325182170196,-2.1842726283373244,0.11941348462409278,6
279,Almond_Low,2018-05-17,Almond_Low,Croplands,36.946608,-120.10237,6.7,7.3,7.286541245802896,18.260481187499995,0.81100853125,1.869601451093749,0.705583610107178,-0.7086266782644596,-2.43714011076057,0.3478165009977327,0.9192428512095869,-2.43714011076057,1,-2.048051898365203,-2.545463044398729,-2.7179053895177776,0.6313395008916414,6
280,Almond_Low,2018-05-18,Almond_Low,Croplands,36.946608,-120.10237,6.1,8.6,7.019021209157663,19.838794416666673,0.8572938041666666,1.6638746438333334,0.6932812268869777,-0.7206671495538609,-1.6495552571000147,0.3305255644833377,1.1964435499239863,-1.6495552571000145,1,-1.2691535982039612,-1.8665531425221005,-1.812959030573983,-1.0571525958979195,6
281,Almond_Low,2018-05-26,Almond_Low,Croplands,36.946608,-120.10237,2.4,8.1,6.876217723642862,17.603385562499994,0.6173062770833332,1.8577479055625,0.5877852522924732,-0.8090169943749473,0.14778848758513527,0.043495924476307915,1.1482512556098796,0.1477884875851352,1,0.1980018243864018,0.12360974779738726,0.12175389057161673,-0.11699902814751721,6
282,Almond_Low,2018-06-02,Almond_Low,Croplands,36.946608,-120.10237,6.8,7.5,7.485040407867872,24.40880683333333,1.6095211062499997,0.9497848740624998,0.48627270710869,-0.8738071036110808,-1.5909850116868718,0.2091242114063391,1.0906379827992638,-1.5909850116868718,1,-1.354821258210626,-1.752689668647391,-1.6654441082025984,-0.4009416224015109,6
283,Almond_Low,2018-06-03,Almond_Low,Croplands,36.946608,-120.10237,7.1,6.5,8.136226671688688,28.1970253125,2.193809314583333,1.138185526666667,0.4711595076738638,-0.8820480249558537,-2.0980704132516146,0.4194994258945884,1.503359278035145,-2.0980704132516146,1,-1.6874264983318588,-2.525897313758656,-2.0808874276643285,-0.23763918972892956,6
284,Almond_Low,2018-06-10,Almond_Low,Croplands,36.946608,-120.10237,7.0,11.1,9.300630508837084,18.400096541666667,1.1586704916666666,2.0674881766875,0.3617137307297676,-0.9322892131745132,-2.588828182207246,0.3721802618781522,2.215504395441544,-2.588828182207246,1,-2.1621207237819884,-2.846439182290125,-2.757924640549625,-5.293318265689652,6
285,Almond_Low,2018-06-11,Almond_Low,Croplands,36.946608,-120.10237,7.0,8.7,8.9775354393792,21.446327041666667,1.3318636708333338,1.5562945511249997,0.3456123126707335,-0.938377391740864,-2.050593684700298,0.235724016551175,1.1921765029044087,-2.0505936847002975,1,-1.7876523629528696,-2.1211364540356925,-2.242992237112331,-1.2865942641914438,6
286,Almond_Low,2018-06-18,Almond_Low,Croplands,36.946608,-120.10237,7.1,8.7,8.418778566859627,21.3154121875,1.0246693354166665,1.504884688479167,0.2303056702306122,-0.973118337233262,-2.04125986967805,0.2726712366849413,1.1441447579501904,-2.04125986967805,1,-1.7355836974187087,-2.2594520803902847,-2.1287438312251576,-1.1485035190268982,6
287,Almond_Low,2018-06-19,Almond_Low,Croplands,36.946608,-120.10237,6.7,7.9,9.602015256533086,24.594709458333337,1.4674652770833332,1.490875696791666,0.2135209154397961,-0.9769384927771816,-1.5502210987009353,0.21644930893729591,0.8802561500784,-1.550221098700935,1,-1.316284751998662,-1.5909945044618472,-1.7433840396422964,-1.0905578946328338,6
288,Almond_Low,2018-06-26,Almond_Low,Croplands,36.946608,-120.10237,7.4,8.3,9.093905069750186,25.672067625,1.7701541020833331,1.2912053796250005,0.0945367498171991,-0.9955213724144752,-2.199768384502559,0.3473784654065215,1.1936962676354388,-2.199768384502559,1,-1.8047712297638587,-2.336812565510367,-2.4577213582334507,-1.222678540733471,6
289,Almond_Low,2018-06-27,Almond_Low,Croplands,36.946608,-120.10237,7.8,8.900001,9.307820496207697,24.450912895833333,1.7334999562500002,1.4728572773124995,0.077386479233463,-0.9970011699250152,-2.6971054683092617,0.4021667163335556,1.3994880370463854,-2.6971054683092612,1,-2.252648537088161,-2.8027938337668785,-3.0358740340727457,-10.666090834895268,6
290,Almond_Low,2018-07-04,Almond_Low,Croplands,36.946608,-120.10237,6.8,8.3,7.967021155004206,23.3367460625,1.2802386875000002,1.2524641354375,-0.0430222330045303,-0.99907411510223,-1.5508300653207252,0.2508851328501215,0.8281069004024557,-1.5508300653207252,1,-1.2747083721983148,-1.6129899380697772,-1.7647918856940836,-0.3384097764275579,6
291,Almond_Low,2018-07-05,Almond_Low,Croplands,36.946608,-120.10237,6.6,5.9,8.172654946618257,24.54693947916667,1.4360461958333337,1.2896811176666667,-0.0602132773657927,-0.9981855344718586,-1.3517519726495848,0.3283111268219601,0.7234993607891032,-1.351751972649585,1,-0.9939853879719103,-1.6392193299388529,-1.4220512000379917,-0.45169723449463317,6
292,Almond_Low,2018-07-13,Almond_Low,Croplands,36.946608,-120.10237,7.3,6.9,9.539194954825785,29.16154904166668,2.2456430020833333,1.5687855749374997,-0.1966728897935762,-0.980469160361632,-2.172704332603566,0.25137621762391327,1.1362224057356534,-2.1727043326035664,1,-1.882678248647459,-2.3278985216544616,-2.3075362275087774,-0.8800311524638755,6
293,Almond_Low,2018-07-20,Almond_Low,Croplands,36.946608,-120.10237,7.0,9.5,10.02378503263257,29.50195225,2.38608374375,1.5117613988125005,-0.3131070409358267,-0.9497178427914316,-2.484210605896944,0.24261782959090714,1.4378761009826084,-2.484210605896944,1,-2.2043137321657276,-2.6138286849749,-2.6344894005502053,1.997234932976348,6
294,Almond_Low,2018-07-21,Almond_Low,Croplands,36.946608,-120.10237,6.7,8.0,10.046310366437744,29.02435450000001,1.8669632416666664,1.43990376475,-0.3294084822245302,-0.9441875088341994,-1.8152603590986363,0.21127452060194307,0.9594807931583214,-1.8152603590986365,1,-1.5909787968746678,-1.844273174456832,-2.010529105964409,-1.576832163351688,6
295,Almond_Low,2018-07-28,Almond_Low,Croplands,36.946608,-120.10237,6.4,5.9,6.830733397744251,27.567976833333336,1.8132193166666668,1.2602901918333331,-0.4405187843504952,-0.8977433935342336,-1.4522925968359617,0.1312558765009643,0.9688526357892553,-1.4522925968359617,1,-1.3064613901583608,-1.5609580181498588,-1.4894583821996652,-0.5222096825057507,6
296,Almond_Low,2018-07-29,Almond_Low,Croplands,36.946608,-120.10237,3.5,5.6,7.974541644961428,28.50539602083333,1.9762070291666671,1.2738357006458332,-0.455906693508459,-0.8900275764346766,-0.13109150908642206,0.12783760805672928,0.8416169005131666,-0.13109150908642242,1,-0.09926011575799286,-0.2718371934649037,-0.0221772180363696,-0.08857248738281821,6
297,Almond_Low,2018-08-05,Almond_Low,Croplands,36.946608,-120.10237,7.1,8.6,9.667222344038796,25.82193,2.1347301500000007,1.7270902337708336,-0.5595892624101763,-0.828770087174504,-2.761015566555203,0.3763020863156665,1.0960459527559925,-2.761015566555203,1,-2.3273390522992745,-2.9544706908168474,-3.0012369565494867,-10.732053431793581,6
298,Almond_Low,2018-08-06,Almond_Low,Croplands,36.946608,-120.10237,6.4,8.2,7.529686224936016,25.256254791666667,1.728516285416667,1.555474503729167,-0.5737722679043243,-0.8190148866680802,-2.0185748372326207,0.33764487893423334,0.8773450487832812,-2.0185748372326207,1,-1.6528458301876041,-2.0844530837634943,-2.3184255977467636,-1.7171106159549738,6
299,Almond_Low,2018-08-13,Almond_Low,Croplands,36.946608,-120.10237,5.7,3.9,5.924483566923707,27.244804875,2.304223904166667,1.2937403850416664,-0.6680638642135333,-0.7441039398713608,-1.2868671153478421,0.27885332715140065,1.5965977752411349,-1.2868671153478421,1,-0.9653706545745938,-1.463081351880608,-1.4321493395883245,0.6667523522956,6
300,Almond_Low,2018-08-14,Almond_Low,Croplands,36.946608,-120.10237,6.1,3.6000001000000004,5.862594195025397,26.13754514583333,2.046774789583333,1.5225250753750004,-0.6807734094770159,-0.7324940716135792,-1.5110596902201976,0.26711740887922486,1.6294717963889085,-1.0362480802709928,1,-1.2146243447744207,-1.7330762423667139,-1.5854784835194584,0.6894827771751577,6
301,Almond_Low,2018-08-21,Almond_Low,Croplands,36.946608,-120.10237,5.7,4.9,4.091438042492976,24.009733812500013,1.5489004729166669,1.3379749497291666,-0.7638886127905429,-0.64534811322955,-1.2021080847627037,0.09458193500656932,0.8693405309186908,1.2021080847627037,1,-1.2918447494247292,-1.2111493127256527,-1.1033301921377292,-0.3931195871989317,6
302,Almond_Low,2018-08-22,Almond_Low,Croplands,36.946608,-120.10237,5.0,4.3,4.665743194059194,23.28257389583333,1.265669425,1.300098933,-0.7748840413670406,-0.6321034111873488,-0.737777508548415,0.17663279940113932,0.8900653837942369,-0.0692638966668021,1,-0.877585733385467,-0.796478959871188,-0.5392678323885898,-0.03207009054554527,6
303,Almond_Low,2018-08-29,Almond_Low,Croplands,36.946608,-120.10237,4.2,4.6,3.375245426910314,22.873276500000003,1.2185949854166669,1.4638211745833336,-0.8452490573530634,-0.5343725582809785,-0.5886010665052122,0.13541503359711066,0.8251230421693793,0.5886010665052122,1,-0.7421822818559923,-0.5372434893735771,-0.4863774282860671,-0.06985427573343894,6
304,Almond_Low,2018-08-30,Almond_Low,Croplands,36.946608,-120.10237,5.2,7.6,3.9099869402574967,22.11252727083334,1.127781429166667,1.6272889047083332,-0.8543221697498269,-0.5197438121555157,-1.3969136674840048,0.24308510831017408,1.0056587500949346,1.1831124520010021,1,-1.1542705979459222,-1.396031988359049,-1.640438416147043,-0.24303708898406393,6
305,Almond_Low,2018-09-06,Almond_Low,Croplands,36.946608,-120.10237,4.9,2.3,6.6238382750873335,24.85841797916667,1.6179198666666663,1.4031962006458334,-0.9106046300942162,-0.4132786077829044,-0.7099554803167744,0.474047581192281,1.5993074907542708,-0.7099554803167742,1,-0.24078992674659944,-1.188738731592895,-0.7003377826108287,0.9399482061687161,6
306,Almond_Low,2018-09-07,Almond_Low,Croplands,36.946608,-120.10237,4.9,2.1000001,5.8312675103772085,25.93201729166667,1.9021404270833333,1.1133203773333331,-0.9175836260593934,-0.3975428142825566,-0.7390912296567037,0.5203997601186223,1.8568926556496321,-0.7390912296567036,1,-0.23444626191418255,-1.2739309744707819,-0.7088964525851469,0.6666690468976126,6
307,Almond_Low,2018-09-14,Almond_Low,Croplands,36.946608,-120.10237,3.2,5.9,3.631885311820864,20.38831560416666,1.3365914395833336,1.2270161267708328,-0.9587178169872964,-0.2843591872810036,-0.8381748088805421,0.1824263751393303,0.905321828874127,-0.8381748088805421,1,-0.7591667740678274,-1.0467873126876426,-0.7085703398861564,-0.08858881409634563,6
308,Almond_Low,2018-09-15,Almond_Low,Croplands,36.946608,-120.10237,4.3,4.5,4.199197902738797,20.868025645833328,1.38883906875,1.6006943453125002,-0.9634705485641486,-0.2678143051621748,-1.1732546970751223,0.04059027290440522,0.8149741104703139,-0.9716505025527173,1,-1.20673377541815,-1.1849217370610883,-1.128108578746129,-0.03207009054554527,6
309,Almond_Low,2018-09-22,Almond_Low,Croplands,36.946608,-120.10237,3.7,3.8,2.5093995297564664,24.29899831250001,1.9068424104166664,0.8778207191874999,-0.9886775902323404,-0.1500553983446526,-0.7090536750644371,0.08656500505749062,1.2186731868792897,0.7090536750644371,1,-0.7930473386797772,-0.7139854960709932,-0.6201281904425406,-0.04151243798054509,6
310,Almond_Low,2018-09-23,Almond_Low,Croplands,36.946608,-120.10237,3.9,3.6000001000000004,3.216053030886384,24.04666633333333,1.907887975,1.1042162107916669,-0.9911140639934546,-0.1330147065341963,-0.8101620814669692,0.009509890601351807,1.2344586366614485,0.5577318567602623,1,-0.8194468501901608,-0.8004420183475834,-0.8105973758631633,-0.03802374381129161,6
311,Almond_Low,2018-09-30,Almond_Low,Croplands,36.946608,-120.10237,2.9,5.4,1.4493558116692111,19.804676125,0.8268551833333335,0.8848050171874998,-0.999916658654738,-0.0129102960750088,-0.6487005965406679,0.1380336700955222,0.6561753960656717,0.6487005965406679,1,-0.5524600404673865,-0.8068509186792204,-0.586790830475397,-0.08857248738281821,6
312,Almond_Low,2018-10-01,Almond_Low,Croplands,36.946608,-120.10237,3.0,5.5,1.8774148533101016,22.60156639583334,1.3352563229166667,0.9000338898124998,-0.99999073973619,0.0043035382962438,-0.8102059737644148,0.11322706464488497,0.9827548990131113,0.8102059737644148,1,-0.6987281192945733,-0.9251047196281785,-0.8067850823704927,-0.08858881409634563,6
313,Almond_Low,2018-10-08,Almond_Low,Croplands,36.946608,-120.10237,2.5,1.0,3.5163160113235943,18.50154325,0.9680199854166665,0.9278372055625,-0.9922222094179324,0.1244792638867886,-0.5863756019482941,0.5130505358827587,1.3350289608942496,-0.5863756019482942,1,-0.3930206936427333,-1.1680079632266722,-0.19809814897547703,-0.501089304541404,6
314,Almond_Low,2018-10-09,Almond_Low,Croplands,36.946608,-120.10237,2.7,1.0,3.665742693213072,19.8475195,1.053044470833333,0.8685650217499999,-0.989932495087353,0.141540295217043,-0.5700453988699239,0.5542489475782838,1.3948918175109581,-0.5700453988699239,1,-0.3071782715018062,-1.206818008050727,-0.1961399170572384,-0.004434537899596698,6
315,Almond_Low,2018-10-16,Almond_Low,Croplands,36.946608,-120.10237,2.5,2.4,3.3149218445078703,17.569568354166673,1.1075579833333336,0.7159378492708331,-0.965739937654855,0.2595117970697994,-0.642019106295939,0.369211033903404,0.8846373397156378,-0.6420191062959391,1,-0.5373607253045876,-1.0522613519072703,-0.33643524167595895,-0.08416084661023471,6
316,Almond_Low,2018-10-17,Almond_Low,Croplands,36.946608,-120.10237,2.3,2.8,3.75534862433468,18.405193666666666,1.2733980979166668,0.8043582784791666,-0.9611297838723007,0.2760969730974688,-0.6241945796718965,0.23955236015421544,0.8404241458699987,-0.6241945796718964,1,-0.5666983334454518,-0.8872629313354,-0.4186224742348378,5.515248114150136e-05,6
317,Almond_Low,2018-10-24,Almond_Low,Croplands,36.946608,-120.10237,2.2,1.4,2.746650930887996,16.03943929166667,0.7036547854166666,0.7958468458749998,-0.9209712877166346,0.3896304495307877,-0.28586448871093,0.3791084250171339,1.0343736620427957,-0.28586448871093006,1,-0.33093411428236874,-0.6404234899252675,0.11376413807484637,-0.1264077856066002,6
318,Almond_Low,2018-10-25,Almond_Low,Croplands,36.946608,-120.10237,2.2,1.4,3.448882252785868,17.57604029166667,0.7796857833333334,0.6406307894583334,-0.9141279881853336,0.4054257283599973,-0.2046592664773326,0.4062700371259316,1.1629387458323668,-0.20465926647733257,1,-0.29614553816873057,-0.5573857526046413,0.23955349134137405,-0.143054812989528,6
319,Almond_Low,2018-11-02,Almond_Low,Croplands,36.946608,-120.10237,1.8,2.7,2.6116774873428543,17.861253416666667,0.92236316875,0.8114274574583331,-0.8498170915275277,0.5270777086423724,0.043002361620608144,0.18274811479400346,0.8379729973993097,0.04300236162060811,1,-0.08652886440514305,-0.03649955315417047,0.252035502421138,-0.042191786515224025,6
320,Almond_Low,2018-11-09,Almond_Low,Croplands,36.946608,-120.10237,1.1,1.5,1.9111486899885235,12.8218785,0.6929198874999999,0.5777249209583332,-0.780295851070776,0.6254105729852457,0.1884381848676496,0.18881118915280456,0.8087499865462087,0.18843818486764963,1,0.1847421200428238,0.0015021621326423429,0.3790702724274826,-0.027584572772200066,6
321,Almond_Low,2018-11-10,Almond_Low,Croplands,36.946608,-120.10237,1.3,2.7,1.2063313028558684,10.393304895833332,0.4091254708333333,0.7047781562916667,-0.7694148268839381,0.6387494220515268,0.284184972149882,0.07239606154128429,0.6386762494635356,-0.284184972149882,1,0.24492895512122032,0.3677302206857711,0.23989574064265456,-0.027584572772200066,6
322,Almond_Low,2018-11-17,Almond_Low,Croplands,36.946608,-120.10237,1.1,0.6,1.3559749031084505,10.7491550625,0.5371811416666665,0.7360776506666667,-0.6870527672236675,0.726607524768565,0.08945866209942321,0.2767830388583312,0.837982176221367,0.08945866209942321,1,0.008551228016621337,-0.1378549469694675,0.39767970525111584,-0.027584572772200066,6
323,Almond_Low,2018-11-18,Almond_Low,Croplands,36.946608,-120.10237,1.0,0.8,1.3256514148412646,10.418796520833334,0.4872921583333334,0.677556874375,-0.6744436188329457,0.7383263540031063,0.17970001493706736,0.24978387581489178,0.7465941928074493,0.17970001493706736,1,0.0826651906747623,-0.0070062256059891526,0.463441079742429,-0.027584572772200066,6
324,Almond_Low,2018-12-03,Almond_Low,Croplands,36.946608,-120.10237,0.6,0.5,0.7392664811000149,9.506730895833334,0.2982501916666666,0.6871051462291665,-0.4635502709028512,0.8860706215341377,0.4393741667084361,0.2282399145290792,0.6893610928672358,-0.16084120450840622,1,0.2810570016348594,0.3360629845812101,0.7010025139092388,-0.027584572772200066,6
325,Almond_Low,2018-12-12,Almond_Low,Croplands,36.946608,-120.10237,0.5,1.4,0.6125128371892367,9.415422291666667,0.2610768541666666,0.8042072487916668,-0.3212696616923651,0.946987753076075,0.584539534250217,0.06414380433898888,0.5331651794298503,-0.35951385987174367,1,0.5559386844039539,0.658008541851423,0.5396713764952743,0.04166756881493225,6
354,Almond_Med,2016-10-02,Almond_High,Croplands,36.177669,-120.202644999999,3.3,4.9,2.3532111982088386,15.122431250000004,0.9458245916666664,1.3263985466875,-0.9992500112396836,0.0387222808921739,-0.9656769453189603,0.0704799532372112,0.6248483148808457,0.9279006582633621,0,-0.9552310701909914,-1.040796854047135,-0.9010029117187547,-0.00031103704306249076,6
355,Almond_Med,2016-10-03,Almond_High,Croplands,36.177669,-120.202644999999,2.5,6.5,2.3492144255406635,14.005154166666664,0.7232853395833333,0.9510833790208334,-0.9984354211555644,0.055916990100603,-1.3887811603948643,0.16773662003445153,1.1627062346301762,-1.0872100114761913,0,-1.5802713076897028,-1.318219738534523,-1.2678524349603675,-0.11666668644022628,6
356,Almond_Med,2016-10-10,Almond_High,Croplands,36.177669,-120.202644999999,3.0,6.2000003,4.2132652474452055,21.908416666666657,1.81723599375,1.3170379095624998,-0.9844738167520924,0.1755314904214277,-0.5350935287457764,0.11847727963076188,0.8859188106518099,-0.5350935287457763,0,-0.4108930495409855,-0.547519363342365,-0.6468681733539791,-0.08857248738281821,6
357,Almond_Med,2016-10-11,Almond_High,Croplands,36.177669,-120.202644999999,3.0,6.6,2.9883490675003483,19.065583333333333,1.0194391645833334,1.132056909125,-0.9813064702716092,0.1924515819708299,-0.8739728201712302,0.19105565678369224,1.07911107177071,-0.8506709551719269,0,-1.023126709385875,-0.658622646616934,-0.9401691045108819,-0.12069568021510844,6
358,Almond_Med,2016-10-19,Almond_High,Croplands,36.177669,-120.202644999999,2.7,4.1,3.651498225521556,16.991250000000004,1.1562458208333333,1.5749524247916664,-0.9455963874271428,0.3253420847119795,-0.5359483634523086,0.015279139771448564,0.6903654326317132,-0.5359483634523086,0,-0.5510119034556689,-0.5363708020272774,-0.5204623848739796,-0.06883497897253536,6
359,Almond_Med,2016-10-26,Almond_High,Croplands,36.177669,-120.202644999999,2.6,3.7,3.534907779876439,19.050916666666662,1.3194555499999998,1.0050537502708334,-0.8996308696522434,0.4366512319560638,-0.191338085565006,0.2658557729405839,0.8155006871016777,-0.19133808556500598,0,-0.43961890497117984,-0.2235522985696743,0.08915694684583608,-0.06288132570678902,6
360,Almond_Med,2016-11-03,Almond_High,Croplands,36.177669,-120.202644999999,1.9,2.9,2.4481100630396333,14.570222916666664,0.4373688624999999,0.8709489956875002,-0.8311706263658079,0.5560174366570446,0.01889494500426527,0.0369884118409852,0.5197613248463645,0.01889494500426525,0,0.03744078337081719,0.04294141236965843,-0.023697360727679806,-0.03767681784470109,6
361,Almond_Med,2016-11-11,Almond_High,Croplands,36.177669,-120.202644999999,2.5,2.2,2.6905669674958275,19.226270833333334,1.0879152416666669,1.0557899444791667,-0.7469720876965551,0.6648553979642867,0.004600687131907329,0.31248550875024883,0.8410030669573594,0.004600687131907338,0,0.03780113636054616,-0.32315944943632086,0.2991603744714967,-0.042191786515224025,6
362,Almond_Med,2016-11-12,Almond_High,Croplands,36.177669,-120.202644999999,1.9,2.0,2.392748160618085,18.662979166666663,0.8338173562499999,1.0511995894583337,-0.7354170229639858,0.6776147890466887,0.029892652023683592,0.21280983921334315,0.616732244560982,0.029892652023683575,0,0.16460349521826012,-0.21544526649496942,0.14051972734776008,-0.042191786515224025,6
363,Almond_Med,2016-11-19,Almond_High,Croplands,36.177669,-120.202644999999,1.4,2.2,1.7572095551253502,16.453195833333346,0.9877371000000004,2.0165562272499997,-0.6486295610349818,0.7611042586607742,-0.09243182978361918,0.17670720580850977,0.7137943328571392,-0.09243182978361919,0,0.09761487336438296,-0.25177566449932554,-0.12313469821591494,-0.027584572772200066,6
364,Almond_Med,2016-11-27,Almond_High,Croplands,36.177669,-120.202644999999,0.6,3.3,1.720218085994034,10.36811875,0.3220909645833333,1.2341645265208334,-0.5380051715382992,0.8429415373547832,-0.013475803968194347,0.1283526900976855,0.5173482673501357,-0.013475803968194366,0,-0.08833141803788772,0.13473056975262881,-0.08682656361932414,-0.017115950835930777,6
365,Almond_Med,2016-12-13,Almond_High,Croplands,36.177669,-120.202644999999,0.8,0.7,0.513280783242487,12.291474999999998,0.3540800750000001,0.7532514645416667,-0.2884824328806098,0.9574851883550388,0.14737207990574328,0.16007024207251544,0.40463806354626397,-0.1473720799057433,0,0.26461963146446676,-0.03499433661345014,0.21249094486621323,0.01972063107082288,6
366,Almond_Med,2016-12-14,Almond_High,Croplands,36.177669,-120.202644999999,1.0,1.2,0.3816200772453002,13.61941875,0.4492581208333333,1.4104061043958334,-0.2719581575341052,0.9623090774541488,0.008384173810596548,0.1394970036384071,0.5027177273084303,-0.008384173810596529,0,-0.0010519340655258946,-0.12615520984519718,0.15235966534251272,0.01972063107082288,6
367,Almond_Med,2016-12-22,Almond_High,Croplands,36.177669,-120.202644999999,1.0,1.3000001,0.6821626780905424,7.227746458333333,0.2832353479166666,1.2260750009375,-0.1372787721132651,0.9905324521322229,-0.016285533776129735,0.17418934403834702,0.4476164764157999,0.016285533776129735,0,-0.0024401768660212153,-0.19698438190221051,0.15056795743984253,0.01972063107082288,6
368,Almond_Med,2016-12-29,Almond_High,Croplands,36.177669,-120.202644999999,1.1,1.9,0.5195928772140239,7.115345833333336,0.27348161875,1.183611057375,-0.0172133561558352,0.9998518392091162,-0.011900415265638944,0.05584881625108508,0.4539556581453296,0.011900415265638897,0,-0.07031189959822828,-0.006362460283515448,0.0409731140848269,0.01972063107082288,6
369,Almond_Med,2017-01-06,Almond_High,Croplands,36.177669,-120.202644999999,1.2,0.6,0.946645098428704,5.735699083333333,0.2044691916666666,1.0480855302291665,0.1031016974474348,0.9946708199115212,-0.19687408449482233,0.3863570280254689,0.5638413194668481,0.19687408449482233,0,-0.14729533144950233,-0.6056272790258024,0.16230035699083784,-0.11180057186357627,6
370,Almond_Med,2017-03-28,Almond_High,Croplands,36.177669,-120.202644999999,3.6,1.7,4.637513346298092,14.32876458333334,0.7424956541666666,2.1067460001041667,0.9973249731081556,0.0730951298980777,-0.6550296360554366,0.4412513377978021,1.0345387105284973,-0.6550296360554366,0,-0.3502816992883966,-1.161026658531198,-0.4537805503467153,-0.11990267717730281,6
371,Almond_Med,2017-04-04,Almond_High,Croplands,36.177669,-120.202644999999,4.7,1.0,4.453280790644629,16.390275,1.1667973854166669,1.3158464532916667,0.9988797155850336,-0.0473213883224318,-1.1747414567024843,0.7070123367556982,1.5160116464631415,-0.6813030379917424,0,-0.7023816222761832,-1.987569953589877,-0.8342727942413927,3.743589117084687,6
372,Almond_Med,2017-04-12,Almond_High,Croplands,36.177669,-120.202644999999,4.5,5.2000003,4.182885111995423,17.711916666666664,0.7842788416666671,2.0649347896875,0.9829265519799822,-0.18399835165768,-1.2536644303254751,0.11407252790338303,0.4956466909160072,-0.6194346543163218,0,-1.3367917673087555,-1.3005876309547344,-1.1236138927129353,0.11867230054721717,6
373,Almond_Med,2017-04-13,Almond_High,Croplands,36.177669,-120.202644999999,3.8,3.3,4.589310490175087,15.081277083333331,0.6258669416666666,1.7008265571249994,0.97961369164549,-0.200890555130635,-0.6958669917863166,0.09250968582447473,0.6098976237039182,-0.6958669917863167,0,-0.668814535226005,-0.7988871607377959,-0.619899279395149,-0.019039650702998807,6
374,Almond_Med,2017-04-20,Almond_High,Croplands,36.177669,-120.202644999999,5.1,4.5,5.6528909802469895,15.670954166666665,0.7513237729166667,2.5033779323541667,0.9483615800121716,-0.3171912885891061,-1.9812125396845417,0.18077883645715795,0.6785333148783055,-1.9812125396845417,0,-1.947209947489168,-2.1765782254562893,-1.8198494461081678,-0.986949033276971,6
375,Almond_Med,2017-04-21,Almond_High,Croplands,36.177669,-120.202644999999,5.2,1.4,6.238023154551418,18.179791666666667,1.233858625,2.067786999041666,0.9427611433904208,-0.3334687789181868,-1.4665572212522198,0.6510536946916802,1.5560699962031652,-1.46655722125222,0,-0.9539550513744863,-2.1990937258620376,-1.2466228865201352,3.743589117084687,6
376,Almond_Med,2017-04-28,Almond_High,Croplands,36.177669,-120.202644999999,5.7,4.4,6.373834735729795,17.976395833333328,1.386261770833334,3.3313820619375,0.895839290734909,-0.4443781781046132,-1.9964140420875687,0.404270094933066,1.181651848770945,-1.9964140420875687,0,-1.562151425402789,-2.3618568283059354,-2.065233872553981,-1.3293341466606345,6
377,Almond_Med,2017-04-29,Almond_High,Croplands,36.177669,-120.202644999999,5.6,0.6,5.44885183666927,17.902283333333337,1.4275795145833332,1.8006147204583336,0.8880573226294932,-0.4597327394521039,-1.7021553734232964,0.9350221360130242,2.0046570594839124,-1.3998590467618375,0,-1.0078767378474476,-2.7653598257985443,-1.3332295566238979,-22.1655324440385,6
378,Almond_Med,2017-05-14,Almond_High,Croplands,36.177669,-120.202644999999,5.4,7.8,4.826054985980734,14.592677083333331,0.7803527458333334,1.0753168092916665,0.741222010848596,-0.6712599575675313,-2.914165247289825,0.2821863857201555,1.205855705549095,-1.7662752192512916,0,-3.078868711507712,-2.588331004634899,-3.075296025726866,-12.54179834825449,6
379,Almond_Med,2017-05-15,Almond_High,Croplands,36.177669,-120.202644999999,4.3,7.9,4.350444093866254,15.148322916666665,0.7831089062499998,1.1656309176249997,0.7295575540864875,-0.6839194216246106,-2.599670257701856,0.5624551505657133,1.0654319913317924,-2.599670257701856,0,-3.0651252168427408,-1.9746806755058004,-2.759204880757027,0.05915655594007105,6
380,Almond_Med,2017-05-22,Almond_High,Croplands,36.177669,-120.202644999999,6.9,2.6000001,8.197318139941363,26.1434375,2.0672972729166665,1.2771917762708331,0.6420547132365637,-0.766658819300159,-2.0445717329192483,1.4613769692443261,1.994625498009817,-2.0445717329192483,0,-1.052262567577042,-3.722722312419919,-1.358730318760784,-21.917722374694776,6
381,Almond_Med,2017-05-23,Almond_High,Croplands,36.177669,-120.202644999999,6.6,4.4,8.451088528999518,27.16402083333334,2.2722973604166667,1.348816540625,0.6287628145958344,-0.777597146973627,-1.8234293937409836,1.2065516776493768,1.5914996225181244,-1.8234293937409838,0,-0.8450416438679279,-3.1715964981860214,-1.453650039169001,-15.169955218288877,6
382,Almond_Med,2017-05-30,Almond_High,Croplands,36.177669,-120.202644999999,6.9,6.4,7.160238752821356,22.210916666666673,1.3470357520833334,1.288784201635417,0.5307300481619334,-0.8475409228928311,-2.1571480442468647,0.2005850260612993,0.8464733646975524,-2.1571480442468647,0,-2.0730431338263613,-2.3860938533046556,-2.0123071456095776,-0.803869565791322,6
383,Almond_Med,2017-06-07,Almond_High,Croplands,36.177669,-120.202644999999,6.8,5.5,8.596665880221849,23.8560625,1.8351353916666668,1.2317539994791669,0.4093559588156213,-0.9123747579707272,-2.0104243388230056,0.7784506669413493,1.2294402269569062,-2.0104243388230056,0,-1.5367389536448113,-2.9088575828582908,-1.5856764799659153,-14.975803270348175,6
384,Almond_Med,2017-06-15,Almond_High,Croplands,36.177669,-120.202644999999,7.5,7.6,8.107489421042137,24.40025,1.8691728604166664,1.708286958458333,0.2802306751992158,-0.9599326896597448,-1.4646124165363696,0.12828061123419487,0.9703021844873335,-1.4646124165363696,0,-1.3623570041609727,-1.6085506188900287,-1.4229296265581075,-0.20189288765295482,6
385,Almond_Med,2017-06-16,Almond_High,Croplands,36.177669,-120.202644999999,6.8,7.9,7.350127014509772,25.976458333333333,1.78421045,1.5735143849791673,0.263665492728007,-0.9646141756912436,-1.3692327911789197,0.12308848822342167,0.8755330618134731,-1.3692327911789197,0,-1.2332398254231964,-1.4730093087388414,-1.4014492393747213,-0.37631917520104585,6
386,Almond_Med,2017-06-23,Almond_High,Croplands,36.177669,-120.202644999999,7.0,7.0,5.779038799364655,31.128437500000004,2.657704545833333,1.2127948192916669,0.1457991969198751,-0.9893142039703664,-1.6690653542304068,0.7829381202114438,1.5218483072639124,0.7728570470402827,0,-0.9154313301787023,-2.478339206211364,-1.613425526301154,-14.572828719146003,6
387,Almond_Med,2017-07-01,Almond_High,Croplands,36.177669,-120.202644999999,7.0,7.1,7.129592959397497,24.94802083333333,1.7794619958333333,1.2589227883333332,0.0086069968886886,-0.9999629591162656,-1.5078561690725527,0.2332542354547376,0.9975109252282304,-1.5078561690725527,0,-1.3537967111328997,-1.7762149364084343,-1.3935568596763241,0.07167464528273323,6
388,Almond_Med,2017-07-02,Almond_High,Croplands,36.177669,-120.202644999999,6.6,6.9,5.917977432585778,26.47564583333333,1.9578551208333328,1.2069017485000002,-0.008606996888688,-0.9999629591162656,-1.5356273554641824,0.3777735097462652,1.1293326751151427,-0.1715822206357398,0,-1.2634960812219618,-1.9669407730180852,-1.3764452121525,-0.3979166752666559,6
389,Almond_Med,2017-07-09,Almond_High,Croplands,36.177669,-120.202644999999,6.5,7.5,6.784504975357086,29.20495833333333,2.726818220833333,0.9859329355000004,-0.1287481774525806,-0.99167731989929,-2.091321928797877,0.7142910507728093,1.4334505567071283,-2.091321928797877,0,-1.2861296898066952,-2.648710809478865,-2.3391252871080717,2.722926605249587,6
390,Almond_Med,2017-07-17,Almond_High,Croplands,36.177669,-120.202644999999,6.9,8.1,7.599820256842222,29.671708333333324,2.8877852666666666,1.4631804349166668,-0.2636654927280072,-0.9646141756912436,-1.5833107621557396,0.7251230410509332,1.2858781927841905,-1.5833107621557394,0,-0.7464710990087391,-2.0257713570483293,-1.9776898304101502,3.6976700689201034,6
391,Almond_Med,2017-07-18,Almond_High,Croplands,36.177669,-120.202644999999,7.1,8.3,6.5737788624256135,28.5093125,2.750995266666667,1.6854761121250004,-0.2802306751992161,-0.9599326896597444,-1.2695612573064803,0.5663236895969717,1.1463265755680785,-0.21711898215770797,0,-0.6160021196301946,-1.5771611085085517,-1.6155205437806948,0.3616012206728593,6
392,Almond_Med,2017-07-25,Almond_High,Croplands,36.177669,-120.202644999999,6.9,9.2,4.007733347441056,26.65064583333333,2.2767042375,1.5597460155208331,-0.3935902766564664,-0.9192859697186104,-0.9890317815872728,0.40241068767578564,0.9363566742581975,0.9890317815872729,0,-0.6662047348384499,-0.8610124371472743,-1.439878172776094,0.003768165925393502,6
393,Almond_Med,2017-07-26,Almond_High,Croplands,36.177669,-120.202644999999,6.1,9.2,3.6462394849647297,27.545708333333337,2.1137498312500003,1.289100360854167,-0.4093559588156211,-0.9123747579707274,-1.418289717083794,0.2682640459838423,1.0097988610636857,1.418289717083794,0,-1.1505884856653044,-1.4171676081765843,-1.6871130574094932,-0.8581038611493634,6
394,Almond_Med,2017-08-10,Almond_High,Croplands,36.177669,-120.202644999999,6.3,5.4,5.058503018126889,27.026041666666657,1.8569893291666668,1.0379326181875,-0.6287628145958345,-0.7775971469736268,-0.512206091227804,0.514647541725082,1.2029362756016222,0.512206091227804,0,-0.5499628882248255,-1.0069354325600557,0.0202800471014693,-0.40371864820552067,6
395,Almond_Med,2017-08-11,Almond_High,Croplands,36.177669,-120.202644999999,5.8,4.9,5.231918102063978,27.42360416666667,2.1621644604166663,1.1506372721874998,-0.6420547132365636,-0.7666588193001592,-0.5823889952159141,0.5413511535731358,1.365858055628587,0.5537748006561295,0,-0.5270300197071598,-1.1492925638011928,-0.07084440213938967,-0.4339792868894397,6
396,Almond_Med,2017-08-18,Almond_High,Croplands,36.177669,-120.202644999999,5.4,5.8,3.9901461707330017,28.024916666666662,1.9777641000000008,0.8865341383958336,-0.7295575540864876,-0.6839194216246105,-0.46152395291977494,0.4047246762792442,1.0140938864232427,0.461523952919775,0,-0.5257453061994282,-0.8302982684242496,-0.02852828413564701,-0.11008831115980966,6
397,Almond_Med,2017-08-19,Almond_High,Croplands,36.177669,-120.202644999999,5.7,6.6,5.785609628468166,28.32614583333333,2.0805508791666667,0.9448961946875002,-0.7412220108485957,-0.6712599575675315,-0.5503729717753507,0.19707910228560738,1.0596319620234673,-0.5503729717753507,0,-0.5783690601100213,-0.7319569739112712,-0.3407928813047597,-0.25726783987593765,6
398,Almond_Med,2017-08-26,Almond_High,Croplands,36.177669,-120.202644999999,5.4,4.8,2.2140721740739933,29.030375,2.874957377083333,1.1580227164791663,-0.8165380514459157,-0.5772916165517278,-0.7098063857490312,0.6054557274428854,1.5025057019926211,0.7098063857490313,0,-0.05171910532007673,-1.2432209788815065,-0.8344790730455104,4.552943706744978,6
399,Almond_Med,2017-08-27,Almond_High,Croplands,36.177669,-120.202644999999,4.8,5.2000003,2.1558603340419875,30.77516666666667,3.1248150625,1.3367433276458327,-0.8263541987239095,-0.5631507242749187,-0.9505855952047307,0.8098375002476306,1.4167279676025335,0.9505855952047306,0,-0.015507062191170984,-1.425732728050884,-1.4105169953721375,-15.465337501206054,6
400,Almond_Med,2017-09-03,Almond_High,Croplands,36.177669,-120.202644999999,3.7,5.9,1.009315325188211,34.25762500000001,3.7728378916666663,1.7541361999791667,-0.888057322629493,-0.4597327394521046,-1.138742213705719,0.49283384474161107,1.481192763869348,1.138742213705719,0,-0.614903556035302,-1.5932232055747209,-1.208099879507134,-0.058493107506481574,6
401,Almond_Med,2017-09-12,Almond_High,Croplands,36.177669,-120.202644999999,4.3,4.9,3.9567950681934017,27.56827083333334,1.8949360541666664,1.3122524812291665,-0.9483615800121716,-0.3171912885891059,0.2904720791728071,0.2771211189304933,0.7910101226323027,-0.29047207917280704,0,0.13153822608224108,0.12941637203546053,0.6104616394007196,-0.08197612889092933,6
402,Almond_Med,2017-09-19,Almond_High,Croplands,36.177669,-120.202644999999,3.9,8.0,3.3876135093705755,19.902062500000007,1.1243761604166664,1.8088828186666668,-0.97961369164549,-0.2008905551306352,-0.9235667957435725,0.13699628877628614,1.1907939649290353,0.10120618551527638,0,-0.9910943207576491,-1.0136901115077588,-0.7659159549653096,-0.27623833783263196,6
403,Almond_Med,2017-09-20,Almond_High,Croplands,36.177669,-120.202644999999,3.9,5.5,3.065664253013629,19.73733333333333,1.0997710708333337,0.9689003342708334,-0.9829265519799822,-0.1839983516576798,-0.5696014323907894,0.23162818109737526,0.6918587143467536,0.5696014323907894,0,-0.527197535783596,-0.8195019737002753,-0.36210478768849713,-0.08857248738281821,6
404,Almond_Med,2017-09-27,Almond_High,Croplands,36.177669,-120.202644999999,4.1,1.5,3.9843109773477887,23.10795833333334,1.8915587020833329,1.3474920833333333,-0.9979171608653922,-0.0645084494493162,-0.3649140412602658,0.6431635457292784,1.5349316639776176,-0.13353599595584392,0,-0.1446612049942763,-1.0892683182881888,0.13918739950166797,3.743589117084687,6
405,Almond_Med,2017-09-28,Almond_High,Croplands,36.177669,-120.202644999999,4.0,2.5,4.345524653950736,23.67289583333333,1.9208419187500008,1.2192433749999998,-0.9988797155850336,-0.0473213883224323,-0.17927689793389454,0.5684463012929748,1.2151548133478614,-0.17927689793389456,0,-0.15136430951751867,-0.7611652858025719,0.374698901518407,0.11448523416147366,6
406,Almond_Med,2017-10-05,Almond_High,Croplands,36.177669,-120.202644999999,3.8,2.4,4.1790083834373295,17.437499999999996,1.2531447458333336,1.6323106458333336,-0.9973249731081556,0.0730951298980777,-0.3580843904251871,0.18898707623479713,1.0611441488243032,-0.35808439042518714,0,-0.4423294802249731,-0.4902982691930019,-0.14162542185758628,-0.06128658969936431,6
407,Almond_Med,2017-10-06,Almond_High,Croplands,36.177669,-120.202644999999,3.4,3.8,4.063079132773659,18.44977083333333,1.377307125,1.3626804999999995,-0.9959189961471792,0.0902516100310407,-0.43116488217979027,0.15887192157056837,0.6921115306611869,-0.4311648821797902,0,-0.5214597765922602,-0.5243120895911706,-0.24772278035593998,-0.08197612889092933,6
408,Almond_Med,2017-10-13,Almond_High,Croplands,36.177669,-120.202644999999,3.0,3.8,3.4994581728704146,13.8287375,0.9689268020833328,1.5656932708333338,-0.9778483415056568,0.2093146459630488,-0.7450555967671223,0.186382312611471,0.6954363336900686,-0.7450555967671222,0,-0.7634704461050369,-0.921546950896779,-0.5501493932995511,0.03748947485835868,6
409,Almond_Med,2017-10-14,Almond_High,Croplands,36.177669,-120.202644999999,2.9,5.0,3.7171165437218088,14.000837499999998,0.81761690625,1.6579008958333332,-0.9741004551724206,0.226115685508288,-1.0044688472417789,0.12214385266119042,0.6855875027688565,-1.0044688472417789,0,-1.142042719588428,-0.9087710772170198,-0.9625927449198888,-0.00031103704306249076,6
410,Almond_Med,2017-10-21,Almond_High,Croplands,36.177669,-120.202644999999,2.5,3.6000001000000004,2.7578071575969028,12.8531375,0.5031183604166667,1.304926895833333,-0.9398560579418952,0.341570769167856,-0.42279391794329796,0.12344478883948677,0.677632247555896,-0.422793917943298,0,-0.5603279342213996,-0.38646009753590005,-0.3215937220725943,-0.06288132570678902,6
411,Almond_Med,2017-10-22,Almond_High,Croplands,36.177669,-120.202644999999,2.6,4.1,2.9100235150485245,14.583085416666671,0.5848466312499999,1.3203346875,-0.9338372288229252,0.3576982388331254,-0.46717191317235923,0.14986791749738151,0.7652486974061024,-0.4671719131723593,0,-0.6227137394786412,-0.4550930687717073,-0.32370893126672906,-0.06288132570678902,6
412,Almond_Med,2017-11-06,Almond_High,Croplands,36.177669,-120.202644999999,1.7,1.4,2.138374810259524,10.018522916666663,0.3360746895833333,0.9093192916666668,-0.8115390590073611,0.5842981736283683,0.06020771289861376,0.08381700819311715,0.6300462460207087,0.06020771289861376,0,0.13680148734987396,-0.029327208529424775,0.0731488598753921,-0.042191786515224025,6
413,Almond_Med,2017-11-07,Almond_High,Croplands,36.177669,-120.202644999999,1.8,2.2,2.3928833527370665,11.012554166666664,0.3671640625,1.158994833333333,-0.8013610881746769,0.5981809144059159,0.007723127060976239,0.005110952891771338,0.5546444873642424,0.00772312706097622,0,0.00244890453930513,0.008067037053752502,0.012653439589871085,-0.048145439780970356,6
414,Almond_Med,2017-11-14,Almond_High,Croplands,36.177669,-120.202644999999,1.8,2.5,2.072447352974117,13.975866666666668,0.2905285270833333,0.9340845833333334,-0.7236440382959123,0.690173388242972,0.17037877069312346,0.10659088733696102,0.5393007517056438,0.17037877069312346,0,0.2683833715447964,0.18585856795500888,0.05689437257956503,-0.042191786515224025,6
415,Almond_Med,2017-11-15,Almond_High,Croplands,36.177669,-120.202644999999,1.4,2.3,2.311273317808165,14.850004166666665,0.4626189041666666,1.1070074166666666,-0.7116566222817751,0.7025274741691566,0.039071109652031054,0.06823494868039753,0.422374481842799,0.03907110965203109,0,0.11769483825926785,0.004202239422026188,-0.004683748725200887,0.0344394980176042,6
416,Almond_Med,2017-11-22,Almond_High,Croplands,36.177669,-120.202644999999,1.8,2.3,2.1318218675397502,14.472224999999996,0.4141771770833333,0.93860475,-0.622046748440868,0.7829801036770625,0.2355335067139361,0.11694103488940094,0.5021574866848861,0.2355335067139361,0,0.37013127029377957,0.17760410572513213,0.15886514412289665,0.0344394980176042,6
417,Almond_Med,2017-11-23,Almond_High,Croplands,36.177669,-120.202644999999,1.7,3.4,2.0971552725954687,15.481747916666668,0.4179987854166667,1.0215577291666669,-0.6084768701151264,0.7935716089521472,0.2136290692797949,0.08007768709311154,0.5466074397009918,0.2136290692797949,0,0.2150045560870263,0.2930101525018681,0.13287249925049027,-0.042191786515224025,6
418,Almond_Med,2017-11-30,Almond_High,Croplands,36.177669,-120.202644999999,1.3,2.1000001,1.2530364863030294,8.59478125,0.2953174208333334,1.1247138124999998,-0.5086709438521042,0.8609610158889945,0.18665255455326535,0.09460468135635819,0.4124964826105365,-0.18665255455326535,0,0.13678106700136777,0.29575879067397093,0.12741780598445734,0.01972063107082288,6
419,Almond_Med,2017-12-01,Almond_High,Croplands,36.177669,-120.202644999999,1.8,3.0,1.2284250351354595,9.540929166666666,0.2849775083333334,1.1056309375000002,-0.4937755501599774,0.8695893893466109,0.3017712525329028,0.0987896466619962,0.5872881822329178,-0.3017712525329028,0,0.2832022421559157,0.40852774435251293,0.21358377109027982,-0.042191786515224025,6
420,Almond_Med,2017-12-08,Almond_High,Croplands,36.177669,-120.202644999999,1.3,2.4,0.9344801892772902,8.121102083333334,0.6903920395833333,1.1004407708333332,-0.3856634062436074,0.9226395488404876,-0.10572391557353922,0.013446090064358818,0.6616700162009692,0.10572391557353922,0,-0.09075226918244639,-0.10964818134656568,-0.11677129619160556,-0.0335382260379464,6
421,Almond_Med,2017-12-16,Almond_High,Croplands,36.177669,-120.202644999999,1.2,3.7,0.6983600412183395,10.827677083333333,0.8017013937500002,2.6225616041666675,-0.2553532951161881,0.9668478136052772,-0.0660758880060305,0.3059410912832363,0.7711897431024268,0.06607588800603048,0,-0.2661148066324516,0.2861107273994369,-0.21822358478507678,-0.04827411196376509,6
422,Almond_Med,2017-12-17,Almond_High,Croplands,36.177669,-120.202644999999,1.0,0.90000004,0.3447044742298221,8.839866666666673,0.6661691416666667,1.848901895833334,-0.2386727660059499,0.9711000518829505,-0.2165394896668584,0.3783253260470036,0.6084557741170895,0.21653948966685843,0,-0.11034730395877645,-0.6366130574420132,0.09734189240021451,-0.11180057186357627,6
423,Almond_Med,2018-01-01,Almond_High,Croplands,36.177669,-120.202644999999,1.1,0.6,0.1730372916376601,9.508181249999998,0.3746583854166666,1.1905231458333334,0.0172133561558346,0.9998518392091162,-0.1547558900872216,0.4209489763908677,0.5076429951295591,0.15475589008722157,0,-0.0330653333165114,-0.6231445367404768,0.19194219979532334,-0.13269784425701608,6
424,Almond_Med,2018-01-25,Almond_High,Croplands,36.177669,-120.202644999999,1.1,5.7000003,1.3937038478400443,10.011141666666663,0.3700880062500001,1.1892128541666669,0.4171936026123168,0.9088176373395028,-0.6856618306935278,0.06589024100838033,1.1959592745580097,-0.6856618306935278,0,-0.7481437230801983,-0.6920178751108497,-0.6168238938895354,-0.05487047045565391,6
425,Almond_Med,2018-01-26,Almond_High,Croplands,36.177669,-120.202644999999,1.1,4.6,0.91587034548299,7.254860416666667,0.2021556437499999,1.4079838333333334,0.4327755925504312,0.901501684131884,-0.6558433079152018,0.12406582216834978,0.7677462981349412,-0.2875839988811816,0,-0.7680557559992651,-0.6768642716965614,-0.5226098960497791,-0.03615225880627472,6
426,Almond_Med,2018-02-03,Almond_High,Croplands,36.177669,-120.202644999999,1.4,2.9,0.6321370994232144,14.37432708333334,0.5535828,1.337272625,0.5524353131676196,0.8335557718385699,-0.03929135175172558,0.04224302274941866,0.5821825003400776,0.0392913517517256,0,-0.08794814372059817,-0.017939601107482495,-0.01198631042709608,-0.027584572772200066,6
427,Almond_Med,2018-02-10,Almond_High,Croplands,36.177669,-120.202644999999,2.0,0.8,1.3749649550704917,14.865618750000005,0.966899325,2.2753691666666667,0.6486295610349814,0.7611042586607747,-0.2964017629059053,0.4027076504683446,0.9896058558460773,0.2964017629059053,0,0.06265238126486555,-0.7318263592291796,-0.22003131075340193,-0.1264077856066002,6
428,Almond_Med,2018-02-11,Almond_High,Croplands,36.177669,-120.202644999999,2.1,1.9,0.7331964405057333,11.450077083333332,0.8791436208333333,1.3155153750000002,0.6616346182422783,0.7498264012045686,-0.46065691712532075,0.307546422222468,0.6944555827873337,0.46065691712532075,0,-0.3542320055506776,-0.8072805272150778,-0.22045821861020692,-0.042191786515224025,6
429,Almond_Med,2018-02-18,Almond_High,Croplands,36.177669,-120.202644999999,2.2,4.7000003,0.6694165725145875,11.590929166666667,0.69736903125,2.1872611666666675,0.7469720876965552,0.6648553979642865,-0.5423749510163518,0.17050498401676037,0.7775094795638029,0.5423749510163518,0,-0.7354577463761951,-0.4124985090650126,-0.47916859760784764,-0.06288132570678902,6
430,Almond_Med,2018-03-06,Almond_High,Croplands,36.177669,-120.202644999999,2.7,4.7000003,1.3621315761654191,11.012591666666664,0.6726167166666666,1.2257639166666665,0.8996308696522433,0.436651231956064,-0.7409628199288517,0.05005749109638927,0.7632436008148803,0.7409628199288517,0,-0.7905639065286965,-0.7418634744794406,-0.6904610787784182,0.03944569822636514,6
431,Almond_Med,2018-03-15,Almond_High,Croplands,36.177669,-120.202644999999,2.7,7.7000003,3.2571109142100125,10.538999999999998,0.4640770291666666,1.2721188333333333,0.9562348265919056,0.2926003356333483,-1.5830657220086497,0.15030718522966593,1.5332003022740055,-1.5830657220086497,0,-1.7515282459784753,-1.5349942919502282,-1.462674628097246,-0.07402129961690479,6
432,Almond_Med,2018-03-23,Almond_High,Croplands,36.177669,-120.202644999999,2.8,6.3,3.3454099721528787,9.743766666666666,0.2665896041666667,0.7118139583333334,0.9873494423939864,0.1585593851031347,-1.4792051041999663,0.19200093419518846,1.1873108710409195,-1.4792051041999663,0,-1.7008972527546748,-1.366409111020987,-1.3703089488242375,-0.11666668644022628,6
433,Almond_Med,2018-03-30,Almond_High,Croplands,36.177669,-120.202644999999,3.9,4.4,4.592846390313562,18.944145833333337,0.9712436791666668,1.2847546145833335,0.9992500112396836,0.0387222808921744,-0.5034215125128182,0.13300934166129388,0.588290988515153,-0.5034215125128183,0,-0.5622319874127194,-0.5968880822470499,-0.3511444678786853,-0.08197612889092933,6
434,Almond_Med,2018-03-31,Almond_High,Croplands,36.177669,-120.202644999999,4.0,5.2000003,5.597668711352794,19.341041666666676,1.14696518125,1.2070836666666669,0.9997685019798908,0.0215160974362222,-0.37584942595174714,0.1253301099884587,0.6358387241100046,-0.3758494259517471,0,-0.5142651587400697,-0.34322639462927795,-0.27005672448589374,-0.08197612889092933,6
435,Almond_Med,2018-04-08,Almond_High,Croplands,36.177669,-120.202644999999,4.5,4.2000003,5.3118700119126085,14.17409583333333,0.5828720333333333,1.7181186458333333,0.9932568492674144,-0.1159345995955004,-1.4982754898893746,0.11138528721685842,0.4769807248725976,-1.4982754898893749,0,-1.4672638645110245,-1.621880292060074,-1.4056823130970253,0.25811897606989126,6
436,Almond_Med,2018-04-23,Almond_High,Croplands,36.177669,-120.202644999999,6.1,4.5,6.906553283875345,22.323291666666663,1.2605405395833331,1.1424666874999998,0.9307239310379796,-0.3657225234972689,-1.8963035744314773,0.35197520549078487,0.8750408550669777,-1.8963035744314771,0,-1.6467623101783815,-2.2988932364255006,-1.7432551766905497,-1.1472619643720388,6
437,Almond_Med,2018-04-24,Almond_High,Croplands,36.177669,-120.202644999999,5.9,4.3,7.235727235352773,22.132041666666662,1.3398259125,1.318382,0.9242907221930934,-0.3816892202666588,-1.7378157651275552,0.3494444200140769,0.8370310476331172,-1.7378157651275554,0,-1.4560601998461218,-2.1288370141104482,-1.6285500814260954,-0.5994249023050311,6
438,Almond_Med,2018-05-02,Almond_High,Croplands,36.177669,-120.202644999999,5.6,6.5,5.613210198388113,16.272877083333334,0.7748306020833332,1.1001990833333333,0.8631421280499114,-0.5049610547215204,-2.29578333508849,0.27754005225321043,0.7257538586102211,-2.29578333508849,0,-2.0515445478241325,-2.238211210552889,-2.597594246888449,-0.9313246676202979,6
439,Almond_Med,2018-05-09,Almond_High,Croplands,36.177669,-120.202644999999,6.6,8.5,8.168704680879756,21.643291666666663,1.2466272145833337,1.7545150416666668,0.7961828637826158,-0.6050560696488488,-1.8423688967408136,0.08212166001952785,0.9099811734134292,-1.8423688967408136,0,-1.9290868881063532,-1.8322357874195472,-1.76578401469654,-1.5761142843922118,6
440,Almond_Med,2018-05-10,Almond_High,Croplands,36.177669,-120.202644999999,6.3,10.0,7.286931970640259,19.671458333333337,1.1224598520833329,1.0260112708333338,0.7856498550787145,-0.6186714032625031,-2.649211919815134,0.44530556247872966,1.6304414927549682,-2.649211919815134,0,-3.069260318656139,-2.1823481772011646,-2.6960272635880984,-12.208650699766942,6
441,Almond_Med,2018-05-17,Almond_High,Croplands,36.177669,-120.202644999999,6.8,7.3,6.017027244749209,17.265793749999997,0.8327077270833331,0.9344940625000004,0.705583610107178,-0.7086266782644596,-2.8246716234827516,0.1791501701296641,1.1351374164871715,-1.25872611298117,0,-2.6227512121390157,-2.964566313478546,-2.886697344830692,-10.444414538527305,6
442,Almond_Med,2018-05-18,Almond_High,Croplands,36.177669,-120.202644999999,6.4,8.6,6.40940667653058,19.85095833333333,0.9257475437499996,1.046424166666667,0.6932812268869777,-0.7206671495538609,-2.628451975970268,0.14127592068479666,1.225055617504274,-2.628451975970268,0,-2.7856240699052086,-2.5877022268055248,-2.512029631200071,-0.2512469830298017,6
443,Almond_Med,2018-05-26,Almond_High,Croplands,36.177669,-120.202644999999,5.6,8.1,6.567429106731253,17.913520833333337,0.7075124270833334,1.2571394583333326,0.5877852522924732,-0.8090169943749473,-2.598885345344186,0.13520789465698063,1.1564182972522017,-2.598885345344186,0,-2.69218334910603,-2.6606466134938946,-2.4438260734326325,-0.10788865390994645,6
444,Almond_Med,2018-06-02,Almond_High,Croplands,36.177669,-120.202644999999,7.0,7.5,8.377075351791586,22.85108333333333,1.4460227895833333,1.0096901041666666,0.48627270710869,-0.8738071036110808,-2.2101315066281875,0.09264353173712553,1.0459227010013294,-2.2101315066281875,0,-2.2578832391557118,-2.2691571059919555,-2.1033541747368947,-1.0475615835231076,6
445,Almond_Med,2018-06-03,Almond_High,Croplands,36.177669,-120.202644999999,7.1,6.5,10.109018349857662,27.074583333333337,1.9298753708333327,1.1329220833333336,0.4711595076738638,-0.8820480249558537,-1.8938202615801887,0.6710753071675375,1.2241342660464034,-1.8938202615801885,0,-1.4866775731182407,-2.668371632882152,-1.5264115787401735,3.9351767210218704,6
446,Almond_Med,2018-06-10,Almond_High,Croplands,36.177669,-120.202644999999,6.4,11.1,8.694396756296106,18.909479166666667,1.3840006166666667,2.129833125,0.3617137307297676,-0.9322892131745132,-2.173897334883046,0.4119203531271961,1.6624670529645347,-2.173897334883046,0,-2.644601456994873,-1.9977618204221073,-1.8793287272321582,-0.46573646616234293,6
447,Almond_Med,2018-06-11,Almond_High,Croplands,36.177669,-120.202644999999,6.6,8.7,8.161722746427925,20.54495625,1.3635310416666673,1.2744270208333333,0.3456123126707335,-0.938377391740864,-2.412376743377734,0.17678225119280339,1.1737940085536454,-2.412376743377734,0,-2.46997291139223,-2.213979203565552,-2.553178115175421,2.1331214882847327,6
448,Almond_Med,2018-06-18,Almond_High,Croplands,36.177669,-120.202644999999,7.2,8.7,8.976445701444186,20.937479166666673,1.0091588375000002,1.0451065208333332,0.2303056702306122,-0.973118337233262,-2.305834950269055,0.196460123730787,1.2567237249180119,-2.3058349502690545,0,-2.5326402155896974,-2.1884187240268167,-2.1964459111906502,0.7143879587729686,6
449,Almond_Med,2018-06-19,Almond_High,Croplands,36.177669,-120.202644999999,6.4,7.9,8.63927188731694,23.82897916666666,1.34465060625,0.9143350208333332,0.2135209154397961,-0.9769384927771816,-2.0395290484982156,0.07045047864244179,0.9809332427667996,-2.039529048498215,0,-1.9759160158765727,-2.1152480516602448,-2.027423077957829,-1.855916823480649,6
450,Almond_Med,2018-06-26,Almond_High,Croplands,36.177669,-120.202644999999,7.4,8.3,9.892319567659143,25.831229166666667,1.6579963104166662,1.108070875,0.0945367498171991,-0.9955213724144752,-1.6417823188918597,0.044023594555080384,0.9215320442690341,-1.6417823188918597,0,-1.6142897748404907,-1.6184989150650906,-1.6925582667699972,-0.5243252644007751,6
451,Almond_Med,2018-06-27,Almond_High,Croplands,36.177669,-120.202644999999,7.6,8.900001,9.894216624365232,24.34870833333333,1.7168674937499997,1.0149101458333332,0.077386479233463,-0.9970011699250152,-1.8942389780438462,0.21269505339912942,1.0903803331034094,-1.8942389780438464,0,-1.8130110861423705,-1.7341274698952343,-2.1355783780939337,-0.8613958691581498,6
452,Almond_Med,2018-07-04,Almond_High,Croplands,36.177669,-120.202644999999,7.0,8.3,10.434261773016768,23.946229166666665,1.4893904166666665,0.9708526666666666,-0.0430222330045303,-0.99907411510223,-1.712225087499218,0.10330248018334096,0.9702942876972994,-1.7122250874992178,0,-1.7790218262135586,-1.5932402169583,-1.764413219325795,-0.6107443499677526,6
453,Almond_Med,2018-07-05,Almond_High,Croplands,36.177669,-120.202644999999,6.4,5.9,10.843651323458076,24.87525,1.4093664604166662,1.0748594583333335,-0.0602132773657927,-0.9981855344718586,-1.3477820896386419,0.492360441125902,0.898309782337472,-1.3477820896386419,0,-1.161639263178671,-1.9060759658944497,-0.9756310398428049,-0.5233337058879648,6
454,Almond_Med,2018-07-12,Almond_High,Croplands,36.177669,-120.202644999999,7.2,7.9,9.601542839115965,28.320083333333343,2.2410535,0.8851222116875004,-0.1797665857255621,-0.9837092937736098,-1.658597180589043,0.3027106714108867,1.2297127411576332,-1.6585971805890427,0,-1.3232878112886297,-1.9117473079865044,-1.740756422491995,-0.4729601002451834,6
455,Almond_Med,2018-07-13,Almond_High,Croplands,36.177669,-120.202644999999,7.1,6.9,10.310976929162264,28.97091666666667,2.17379933125,1.1685598975,-0.1966728897935762,-0.980469160361632,-1.2627560314529238,0.43691616753029155,1.2475833237558194,-1.2627560314529234,0,-0.965081309133379,-1.764351180929757,-1.0588356042956355,0.07808217727863573,6
456,Almond_Med,2018-07-20,Almond_High,Croplands,36.177669,-120.202644999999,7.0,9.5,8.91984241095848,29.948291666666663,2.537235177083333,1.0520072056041665,-0.3131070409358267,-0.9497178427914316,-1.6015548522517982,0.46269488571956546,1.2314889599287735,-1.6015548522517982,0,-1.0914464540892483,-1.719027715883565,-1.9941903867825808,-0.3862345192362294,6
457,Almond_Med,2018-07-21,Almond_High,Croplands,36.177669,-120.202644999999,6.8,8.0,8.548504528492078,29.042375000000003,1.8538213541666664,0.9852503684583336,-0.3294084822245302,-0.9441875088341994,-1.0735839802641067,0.14256622034815472,0.9972512077133265,-1.0735839802641065,0,-0.9746227545083288,-1.2369949843115342,-1.009134201972457,-0.1996062028566536,6
458,Almond_Med,2018-07-28,Almond_High,Croplands,36.177669,-120.202644999999,6.7,5.9,8.17689502919949,27.611875,2.17179400625,1.02838991225,-0.4405187843504952,-0.8977433935342336,-1.0419974639053833,0.5170744348852914,1.4412927413807783,-1.0419974639053833,0,-0.8623892555500522,-1.6249259335634867,-0.6386772026026111,-0.8027973570037288,6
459,Almond_Med,2018-07-29,Almond_High,Croplands,36.177669,-120.202644999999,6.2,5.6,7.127980187208923,28.894874999999995,2.459883595833334,1.2650766404374998,-0.455906693508459,-0.8900275764346766,-1.03635310411044,0.4898088185497887,1.5316672594784546,-1.03635310411044,0,-0.6220182632661135,-1.576923671602363,-0.9101173774628432,0.10308312388953567,6
460,Almond_Med,2018-08-05,Almond_High,Croplands,36.177669,-120.202644999999,6.6,8.6,9.104777686677435,25.50825,2.1501594416666667,1.249291621875,-0.5595892624101763,-0.828770087174504,-1.0186294309028496,0.2923474110524712,1.0308069572407674,-1.0186294309028496,0,-0.8775259254963672,-0.8235981281967054,-1.3547642390154762,-0.6950831880141168,6
461,Almond_Med,2018-08-06,Almond_High,Croplands,36.177669,-120.202644999999,6.5,8.2,9.514537013480794,25.4320625,2.122511502083334,1.4908264660624997,-0.5737722679043243,-0.8190148866680802,-0.8202614476560068,0.2653469491477618,0.9797264961766674,-0.8202614476560068,0,-0.6310850964195636,-0.7061195714808313,-1.1235796750676257,-0.5800408727755528,6
462,Almond_Med,2018-08-13,Almond_High,Croplands,36.177669,-120.202644999999,6.0,3.9,8.533099108757382,27.384666666666675,2.3898292875,1.2167162369166664,-0.6680638642135333,-0.7441039398713608,-0.6465504706029369,0.7075367015270668,1.719886122781435,-0.646550470602937,0,-0.4998015664738805,-1.4159541988911686,-0.023895646443761742,4.235550722728476,6
463,Almond_Med,2018-08-14,Almond_High,Croplands,36.177669,-120.202644999999,6.1,3.6000001000000004,9.686226935412948,26.356020833333343,2.0848133208333333,1.1901465503125,-0.6807734094770159,-0.7324940716135792,-0.5492482733240284,0.7014964853800537,1.6501681673227224,-0.5492482733240287,0,-0.5577178108355876,-1.2464716424505626,0.15644463331406488,4.235550722728476,6
464,Almond_Med,2018-08-21,Almond_High,Croplands,36.177669,-120.202644999999,6.0,4.9,7.401536585480832,23.623666666666665,1.456832102083333,1.160925502979167,-0.7638886127905429,-0.64534811322955,-0.3161347355623345,0.2956033063239407,1.050242679319231,-0.3161347355623345,0,-0.46463501581717803,-0.5080463221779218,0.024277131308096334,-0.22800696270028584,6
465,Almond_Med,2018-08-22,Almond_High,Croplands,36.177669,-120.202644999999,5.8,4.3,7.685068174732176,23.273479166666664,1.2288003916666663,1.2382033044375,-0.7748840413670406,-0.6321034111873488,-0.24529264912759718,0.3017630706672828,1.0124325107359544,-0.24529264912759707,0,-0.41993993205847535,-0.41909100164618435,0.1031529863218682,-0.22800696270028584,6
466,Almond_Med,2018-08-29,Almond_High,Croplands,36.177669,-120.202644999999,5.4,4.6,5.6753569876813845,22.6834375,1.1780510020833332,1.082739604291667,-0.8452490573530634,-0.5343725582809785,-0.17333717889865205,0.259316037447994,0.8764257981228042,-0.17333717889865208,0,-0.36854728730615666,-0.27236520293805067,0.12090095354825131,-0.22800696270028584,6
467,Almond_Med,2018-08-30,Almond_High,Croplands,36.177669,-120.202644999999,4.8,7.6,4.6423564738679035,21.488104166666663,1.0505953625,1.306714435125,-0.8543221697498269,-0.5197438121555157,-0.7731089581536632,0.2616450581023683,1.012247053041653,-0.4578219058894706,0,-0.6987413337864196,-1.063887385350836,-0.5566981553237341,-0.17262041297490693,6
468,Almond_Med,2018-09-06,Almond_High,Croplands,36.177669,-120.202644999999,5.1,2.3,2.7835803611017327,25.9923125,2.103266135416667,1.1907974528749998,-0.9106046300942162,-0.4132786077829044,-0.2723500906133158,0.7058995026340869,1.7310643787030089,0.27235009061331583,0,-0.25764247316194655,-0.9854884785915717,0.426080679913571,4.30163655600758,6
469,Almond_Med,2018-09-07,Almond_High,Croplands,36.177669,-120.202644999999,5.1,2.1000001,3.1366303050185107,26.32247916666667,2.258310541666667,1.0187127846041666,-0.9175836260593934,-0.3975428142825566,-0.34755723372272823,0.8702516061630765,1.8698404989948283,0.3475572337227282,0,-0.2736620501770639,-1.2524002595289345,0.4833906085378137,-14.820638788489727,6
470,Almond_Med,2018-09-14,Almond_High,Croplands,36.177669,-120.202644999999,4.1,5.9,3.3752706537988653,20.00725,1.320067075,0.9015666611458336,-0.9587178169872964,-0.2843591872810036,-0.791073331067274,0.1670893640454145,0.709593388889957,0.6583853613349948,0,-0.6738705391954882,-0.9824018333537357,-0.716947620652598,-0.01902924869244169,6
471,Almond_Med,2018-09-15,Almond_High,Croplands,36.177669,-120.202644999999,4.6,4.5,3.4846748078326124,20.3305,1.3743074875,1.2264388027083333,-0.9634705485641486,-0.2678143051621748,-0.12362865647835235,0.23056646761727928,0.791563187491053,0.1236286564783523,0,-0.2209376527689958,-0.2895880335139949,0.13963971684793375,-0.08197612889092933,6
472,Almond_Med,2018-09-22,Almond_High,Croplands,36.177669,-120.202644999999,4.3,3.8,6.094367895817231,24.163958333333333,2.0591192416666675,1.0502104872083335,-0.9886775902323404,-0.1500553983446526,-0.1504226418379103,0.41025182356570083,1.0697180636006802,-0.1504226418379102,0,-0.15416967004507423,-0.5587881173168568,0.2616898618482002,-0.18283915536523326,6
473,Almond_Med,2018-09-23,Almond_High,Croplands,36.177669,-120.202644999999,4.9,3.6000001000000004,5.920124576990969,23.374250000000004,1.9672471166666663,1.0609334756041666,-0.9911140639934546,-0.1330147065341963,-0.08546631879440107,0.5728298925107395,1.2317627183905997,-0.08546631879440114,0,-0.10911930174123691,-0.6461033528421756,0.4988236982002092,0.11448523416147366,6
474,Almond_Med,2018-09-30,Almond_High,Croplands,36.177669,-120.202644999999,3.1,5.4,4.042045641620483,19.17633333333333,0.8319099041666668,0.7336046076458334,-0.999916658654738,-0.0129102960750088,-0.590054757679967,0.1485889490089673,0.757157106494064,-0.5900547576799671,0,-0.6911821085377194,-0.6595269933317305,-0.41945517117045095,-0.08857248738281821,6
475,Almond_Med,2018-10-01,Almond_High,Croplands,36.177669,-120.202644999999,3.8,5.5,5.09508630600874,21.166687499999995,1.2561565729166666,0.8617617282916665,-0.99999073973619,0.0043035382962438,-0.3253299033272397,0.14129354397718588,0.741235840227482,-0.32532990332723966,0,-0.41363178879561235,-0.3999895170965929,-0.16236840408951383,-0.08857248738281821,6
476,Almond_Med,2018-10-08,Almond_High,Croplands,36.177669,-120.202644999999,3.6,1.0,5.09413515128437,17.19147916666666,1.1272764208333337,0.978352937375,-0.9922222094179324,0.1244792638867886,-0.05214958169392329,0.575532179431066,1.3935701329478372,-0.05214958169392325,0,-0.07329638989397555,-0.6168169088863582,0.5336645536985639,-0.019258050213806735,6
477,Almond_Med,2018-10-09,Almond_High,Croplands,36.177669,-120.202644999999,3.6,1.0,5.21299657145578,18.3914375,1.1648777916666668,1.1168726015,-0.989932495087353,0.141540295217043,-0.08264958511116005,0.4514938119453943,1.4032013169547877,-0.08264958511115994,0,-0.08006030323604674,-0.5354324694610025,0.3675440173635691,-0.38766650014362886,6
478,Almond_Med,2018-10-16,Almond_High,Croplands,36.177669,-120.202644999999,3.3,2.4,5.0733979313174835,16.55985208333333,1.2853339812500002,1.143198245125,-0.965739937654855,0.2595117970697994,-0.3137683793857678,0.4588059808194686,1.018576396270317,-0.31376837938576774,0,-0.3114469993476928,-0.773730645722666,0.14387250691305525,-0.1621496161736683,6
479,Almond_Med,2018-10-17,Almond_High,Croplands,36.177669,-120.202644999999,3.1,2.8,4.766306876705051,17.260700000000003,1.3218457395833334,1.1650638154166668,-0.9611297838723007,0.2760969730974688,-0.33672892718085246,0.32011227046881024,0.8935080300259134,-0.33672892718085246,0,-0.3875935693007157,-0.6283635656755399,0.005770353433698139,-0.06128658969936431,6
480,Almond_Med,2018-10-24,Almond_High,Croplands,36.177669,-120.202644999999,2.8,1.4,4.135084666599524,14.861122916666671,0.7358907437500001,0.8745950585000002,-0.9209712877166346,0.3896304495307877,0.07288830169101358,0.3155755598437181,0.7782277932878278,0.07288830169101357,0,0.15179936464022536,-0.2746544204924,0.3415199609252154,-0.042191786515224025,6
481,Almond_Med,2018-10-25,Almond_High,Croplands,36.177669,-120.202644999999,3.1,1.4,3.905481658727264,16.669575,0.8820387625,1.0458289605208333,-0.9141279881853336,0.4054257283599973,0.04769879568939713,0.3405675173345076,0.9683042439991496,0.047698795689397167,0,0.08487020936386264,-0.3099296051665557,0.36815578287088446,-0.06128658969936431,6
482,Almond_Med,2018-11-02,Almond_High,Croplands,36.177669,-120.202644999999,2.5,2.7,3.5455970335025104,16.8620625,0.8631275791666666,1.064503406041667,-0.8498170915275277,0.5270777086423724,0.007524329694349056,0.13346352240391163,0.5994993375557135,0.007524329694349019,0,0.006040506175714833,-0.1251910944753999,0.14172357738273222,-0.042191786515224025,6
483,Almond_Med,2018-11-09,Almond_High,Croplands,36.177669,-120.202644999999,2.1,1.5,3.2349765145640466,11.096970833333332,0.7747670583333335,1.0870775193750004,-0.780295851070776,0.6254105729852457,-0.1465065242473465,0.2636490642251739,0.6998590879009183,-0.14650652424734645,0,-0.09968014226637009,-0.43043132060262196,0.09059189012695251,-0.042191786515224025,6
484,Almond_Med,2018-11-10,Almond_High,Croplands,36.177669,-120.202644999999,1.6,2.7,2.766299892682448,10.096941666666666,0.6670125145833334,1.0587175968333336,-0.7694148268839381,0.6387494220515268,-0.19234701287562259,0.12359845104865362,0.617883795532699,-0.1923470128756226,0,-0.20566913293270558,-0.0626271541388419,-0.3087447515553202,-0.027584572772200066,6
485,Almond_Med,2018-11-18,Almond_High,Croplands,36.177669,-120.202644999999,1.6,0.8,2.012244838100511,10.494745833333331,0.5421666791666667,0.9161203734375002,-0.6744436188329457,0.7383263540031063,-0.04169747008805452,0.2760212851245268,0.6014024536882642,-0.04169747008805452,0,0.11203349873315938,-0.36035385954011157,0.12322795054278862,-0.027584572772200066,6
486,Almond_Med,2018-11-25,Almond_High,Croplands,36.177669,-120.202644999999,0.9,1.5,1.576115237086417,13.40985,0.2287387916666667,0.7895155549166666,-0.5808002734538014,0.8140460935082175,0.26466939781313864,0.12852320907573886,0.40832149794363826,0.26466939781313864,0,0.40131428804833613,0.2464902049891855,0.14620370040189418,0.01972063107082288,6
487,Almond_Med,2018-11-26,Almond_High,Croplands,36.177669,-120.202644999999,1.3,1.6,1.2453265040092518,12.60640416666667,0.3120938166666667,0.8882016457291667,-0.5667017562911184,0.8239230057575536,0.24104381134286604,0.1224027525720096,0.4045736215830372,-0.241043811342866,0,0.38176842877066175,0.1592854342475039,0.18207757101043254,0.01972063107082288,6
488,Almond_Med,2018-12-03,Almond_High,Croplands,36.177669,-120.202644999999,0.8,0.5,0.8982931202530874,8.309204166666664,0.1584242354166667,0.8175469025416667,-0.4635502709028512,0.8860706215341377,0.2042799956203618,0.1379372105047076,0.48992725757960365,-0.0076937551141871285,0,0.2586154182233369,0.04744956635516234,0.30677500228258614,0.01972063107082288,6
489,Almond_Med,2018-12-11,Almond_High,Croplands,36.177669,-120.202644999999,0.6,2.3,0.768803124073105,9.298575000000003,0.2140363875,0.7355804750208333,-0.3375228995941134,0.941317317512847,0.2519053813876236,0.16166091417056647,0.5720617818340836,0.08570086675858651,0,0.2696332783412736,0.4039716737689537,0.08211119205264339,-0.027584572772200066,6
490,Almond_Med,2018-12-20,Almond_High,Croplands,36.177669,-120.202644999999,0.8,2.8,0.3288655111701439,8.673947916666664,0.2038919562500001,0.8997536808750001,-0.1882267098432439,0.9821256058680006,0.20884839326111257,0.16192233356440366,0.5687101332990294,-0.20884839326111254,0,0.21226158054691335,0.3690371507601027,0.04524644847632159,-0.027584572772200066,6
491,Almond_Med,2018-12-27,Almond_High,Croplands,36.177669,-120.202644999999,1.2,0.4,1.2248636054880695,7.623227083333332,0.4411086916666666,2.4753941836666677,-0.0688024268023206,0.9976303053065856,-0.13278996548992805,0.4059363915600983,0.7064492500959307,-0.13278996548992805,0,0.04692037592337195,-0.5975617921144898,0.15227151972133368,-0.12844759924650406,6
492,Almond_Med,2018-12-28,Almond_High,Croplands,36.177669,-120.202644999999,1.0,1.1,0.9607500777339232,7.224847916666663,0.5356382958333333,2.207940114395833,-0.0516196672232541,0.998666816288476,-0.17952587415438304,0.28553495673032303,0.4722212409109101,-0.1010260296222294,0,-0.12764161213882494,-0.48744536069149025,0.07650935036716605,0.01972063107082288,6
541,BAR012,2017-05-20,BAR012,Croplands,38.751,-122.975,3.9,7.7000003,3.7755301476067937,17.924861111111113,1.685625,1.6750000000000005,0.6680638642135335,-0.7441039398713607,-1.4357629121555127,0.24195223415138842,0.819065504673705,-1.1868232073691003,2,-1.630282382551907,-1.1648295884690887,-1.5121767654455427,-0.35130514655577094,6
542,BAR012,2017-06-05,BAR012,Croplands,38.751,-122.975,3.5,9.3,3.464920411083154,17.01972222222222,1.5947916666666664,1.6966666666666663,0.440518784350495,-0.8977433935342337,-2.047582919317961,0.21528024585533104,1.001081683361615,-1.977423741484269,2,-2.162382613841881,-1.799234500816406,-2.1811316432955965,-1.7635128366180328,6
543,BAR012,2017-06-13,BAR012,Croplands,38.751,-122.975,3.2,7.5,3.722202295083104,15.59111111111111,1.174791666666667,2.345833333333333,0.3131070409358269,-0.9497178427914316,-1.2916446603713772,0.1397178839597065,0.7747569579630202,-1.2916446603713772,2,-1.4501698504064617,-1.2383322135505845,-1.1864319171570854,-0.29226226701754676,6
544,BAR012,2017-06-21,BAR012,Croplands,38.751,-122.975,4.5,10.0,5.134927172678292,21.59944444444444,1.6716666666666669,1.49875,0.1797665857255624,-0.9837092937736096,-2.005171180855014,0.09452079612586721,1.2297405577014524,-2.005171180855014,2,-1.913721659809786,-1.999302145958832,-2.1024897367964237,-1.5926623866755951,6
545,BAR012,2017-07-07,BAR012,Croplands,38.751,-122.975,4.8,13.2,6.699811131550387,21.621111111111112,3.400833333333334,2.98375,-0.0945367498171993,-0.9955213724144752,-2.1057745576276745,0.5951307607669525,2.641216002520054,-2.105774557627675,2,-2.790067721723845,-1.7089674634205332,-1.818288487738646,-2.870696232256928,6
546,BAR012,2017-07-15,BAR012,Croplands,38.751,-122.975,4.0,12.0,5.781000842509751,20.36986111111111,2.380833333333334,2.397083333333334,-0.2303056702306119,-0.973118337233262,-1.9650523182309403,0.14512770528695415,1.892546444361166,-1.9650523182309403,2,-2.084313250954328,-2.0073761224336413,-1.8034675813048522,-6.329620834647751,6
547,BAR012,2017-07-23,BAR012,Croplands,38.751,-122.975,4.0,9.5,4.307665041926838,19.405277777777773,1.7889583333333337,1.5466666666666666,-0.3617137307297674,-0.9322892131745134,-2.1546044888082854,0.19217901059300646,1.0733004336559167,-2.1546044888082854,2,-1.9329823944140834,-2.27518833344279,-2.2556427385679823,-1.8154079653697346,6
548,BAR012,2017-07-31,BAR012,Croplands,38.751,-122.975,3.7,7.2000003,3.389404270907464,22.06333333333333,1.1408333333333334,1.535,-0.4862727071086902,-0.8738071036110807,-0.8618773030952737,0.13187361368756376,0.7170078212708685,-0.24068584491020106,2,-0.8425595226891374,-1.002344325718127,-0.7407280608785569,-0.06827469462733832,6
549,BAR012,2017-08-08,BAR012,Croplands,38.751,-122.975,3.6,7.2000003,2.8333872087353527,21.07083333333333,0.8266666666666665,1.5549999999999995,-0.6016240632249227,-0.7987793728863648,-0.6601343386099103,0.20972260530749837,0.9521255606169824,0.6601343386099103,2,-0.661309280613608,-0.8692670044820171,-0.44982673073410573,-0.11123700606658107,6
550,BAR012,2017-08-16,BAR012,Croplands,38.751,-122.975,3.3,6.4,2.577509638832697,19.55125,0.7566666666666667,1.75625,-0.7055836101071774,-0.7086266782644601,-0.34366846790267624,0.12504423507553683,0.8243167537473015,0.34366846790267624,2,-0.46368734074708895,-0.3531763915173243,-0.2141416714436155,-0.11123700606658107,6
551,BAR012,2017-08-24,BAR012,Croplands,38.751,-122.975,2.9,6.5,2.6377860416190937,19.784166666666664,0.7700000000000001,1.366666666666667,-0.7961828637826154,-0.6050560696488494,-0.5130312449451787,0.1332779003070064,0.8822328232432968,0.01139667181663373,2,-0.619401233808719,-0.5561637868820372,-0.3635287141447801,-0.11123700606658107,6
552,BAR012,2017-09-01,BAR012,Croplands,38.751,-122.975,3.5,8.0,4.015303288998043,31.2675,3.5737500000000013,2.2045833333333333,-0.8717063187093218,-0.4900286664290594,-1.3555216348264139,0.4668099700874654,1.3112598758853007,-1.3555216348264139,2,-1.36361205856284,-1.8182338084979308,-0.8847190374184708,-0.3500173012159236,6
553,BAR012,2017-09-09,BAR012,Croplands,38.751,-122.975,3.1,7.7000003,2.8376559300800586,22.5925,0.9254166666666668,1.2866666666666666,-0.9307239310379792,-0.3657225234972692,-0.7584960898792077,0.16570123459633465,1.1217736417550885,-0.23380795003932464,2,-0.6978437655526735,-0.9459778145023866,-0.6316666895825632,-0.1455525054801849,6
554,BAR012,2017-09-17,BAR012,Croplands,38.751,-122.975,2.2,7.7000003,2.35299140553555,19.0825,1.0395833333333333,2.017916666666667,-0.9721181966290612,-0.2344913895704105,-0.8323033942751853,0.2753219654161903,1.0894557142717542,-0.8323033942751853,2,-0.731164983466258,-1.1438907044825866,-0.6218544948767111,-0.1346350393575516,6
555,BAR012,2017-09-25,BAR012,Croplands,38.751,-122.975,2.5,7.2000003,2.723949027204783,22.93375,1.92375,2.57875,-0.9951053111006974,-0.0988201387328721,-0.5559583883656926,0.17533558602610733,1.069958470846054,-0.5559583883656926,2,-0.5119247601020386,-0.7491135892305149,-0.40683681576452446,-0.09214220288244075,6
556,BAR012,2017-10-03,BAR012,Croplands,38.751,-122.975,2.1,6.4,1.994809143016396,17.445416666666667,1.31125,2.20375,-0.9992500112396836,0.0387222808921739,-0.6872083534533148,0.2947919990172849,0.7892827530558748,-0.4768266394861064,2,-0.6133399967459725,-1.0119096635170277,-0.4363754000969442,-0.09214220288244075,6
557,BAR012,2017-10-11,BAR012,Croplands,38.751,-122.975,1.8,6.1,1.2735686075471198,12.29777777777778,1.1110416666666667,3.4637499999999988,-0.9844738167520924,0.1755314904214277,-0.8583719745861004,0.26573021785181894,1.0221289238527225,0.1944908103196602,2,-0.7892173593723838,-1.1518426542123237,-0.634055910173594,-0.06949401091220532,6
558,BAR012,2017-10-27,BAR012,Croplands,38.751,-122.975,1.0,6.0,0.6033662650357106,17.402638888888887,1.6264583333333336,1.6050000000000002,-0.8996308696522434,0.4366512319560638,-0.5256257950843669,0.20149094094060685,0.9262901491862146,0.267641674844212,2,-0.394186920444375,-0.7576024606868063,-0.4250880041219196,-0.05487047045565391,6
559,BAR012,2017-11-28,BAR012,Croplands,38.751,-122.975,0.5,1.8000001,0.8650574727999348,9.530694444444444,0.2766666666666667,2.7929166666666667,-0.5380051715382992,0.8429415373547832,0.21002130857348447,0.06383559642175932,0.5904003419595238,0.21002130857348447,2,0.28351557171441766,0.1683825173102156,0.17816583669582023,-0.027584572772200066,6
560,BAR012,2017-12-06,BAR012,Croplands,38.751,-122.975,0.8,2.0,0.937593279551298,8.037916666666666,0.5087500000000001,2.2470833333333333,-0.4171936026123169,0.9088176373395028,-0.02323409165447085,0.1284466614957415,0.46162023790046486,-0.02323409165447085,2,0.0664631589475195,-0.1703781092037702,0.03421267529283814,0.01972063107082288,6
561,BAR012,2017-12-14,BAR012,Croplands,38.751,-122.975,0.4,2.3,0.7076087862627247,9.05472222222222,0.43,1.7225,-0.2884824328806098,0.9574851883550388,0.10178477645007787,0.18134175583370885,0.5279296320528245,0.10178477645007789,2,0.29903378944492387,-0.05770394419056549,0.06402448409587522,-0.017115950835930777,6
562,BAR012,2018-01-31,BAR012,Croplands,38.751,-122.975,1.1,3.2,1.635577001784808,11.091805555555556,0.6654166666666667,3.1,0.5086709438521044,0.8609610158889943,-0.24713130231168368,0.1049942454520317,0.6858814993076077,-0.24713130231168368,2,-0.16978766301479142,-0.2049497814399283,-0.36665646248033124,-0.027584572772200066,6
563,BAR012,2018-02-08,BAR012,Croplands,38.751,-122.975,1.3,2.6000001,2.0642566148162858,13.015,0.815,2.324583333333333,0.6220467484408675,0.7829801036770629,-0.15691020670417052,0.12168727456015074,0.6041929644870851,-0.15691020670417055,2,-0.04505864900402384,-0.13918332389211802,-0.2864886472163697,-0.027584572772200066,6
564,BAR012,2018-02-16,BAR012,Croplands,38.751,-122.975,1.3,3.7,1.7799427982732798,9.484444444444444,0.729375,2.4845833333333336,0.7236440382959124,0.6901733882429719,-0.30875866953900766,0.02160540790275612,0.6533730038783929,-0.30875866953900766,2,-0.2838468939005392,-0.3223748273907912,-0.3200542873256927,-0.05422776522951142,6
565,BAR012,2018-03-04,BAR012,Croplands,38.751,-122.975,1.7,2.2,1.8523668027017433,5.970416666666665,0.2727083333333333,1.5970833333333336,0.8840675099433636,0.4673592171580022,-0.49203831002575393,0.03139761363662087,0.5472952593493442,-0.49203831002575393,2,-0.4557925414693047,-0.5108635748196251,-0.5094588137883319,-0.048145439780970356,6
566,BAR012,2018-03-28,BAR012,Croplands,38.751,-122.975,2.5,5.5,3.2949196263228338,15.472361111111107,1.1856250000000002,2.994166666666667,0.9973249731081556,0.0730951298980777,-0.21356778337310345,0.1375231440223788,0.7515860263372721,-0.21356778337310356,2,-0.24612163699992703,-0.33189323433338647,-0.06268847878599684,-0.0694776841986779,6
567,BAR012,2018-04-13,BAR012,Croplands,38.751,-122.975,3.2,5.2000003,3.2824021412956825,11.22291666666667,0.6739583333333335,3.6766666666666654,0.97961369164549,-0.200890555130635,-0.8967035414863572,0.1379968326171023,0.7060673027732061,-0.8967035414863572,2,-0.7975398910952884,-1.054304131918266,-0.8382666014455172,-0.00031103704306249076,6
568,BAR012,2018-04-21,BAR012,Croplands,38.751,-122.975,3.7,7.1,3.819032693840823,15.275833333333331,1.2454166666666666,2.5662499999999997,0.9427611433904208,-0.3334687789181868,-0.8183830484537582,0.35645571182775626,0.8625426391888731,-0.8183830484537582,2,-1.0322627406636264,-1.015995796230064,-0.4068906084675842,-0.12069568021510844,6
569,BAR012,2018-05-07,BAR012,Croplands,38.751,-122.975,3.2,6.9,3.1074909742876016,15.746944444444445,1.5275,3.1466666666666665,0.8165380514459161,-0.5772916165517272,-0.6359997460497672,0.17754288934312834,0.7862052099895088,-0.45098169462496995,2,-0.8121400635258064,-0.6387724129827185,-0.45708676164077666,-0.11123700606658107,6
570,BAR012,2018-05-31,BAR012,Croplands,38.751,-122.975,2.2,5.8,2.5152574084025097,12.687916666666665,0.820625,3.5700000000000007,0.5160623910158528,-0.8565509959010036,0.05101070238633266,0.030144040479195264,0.8359140888342835,0.05101070238633265,2,0.08136171069583173,0.05059241332654266,0.021077983136623596,-0.07543133746442425,6
571,BAR012,2018-06-08,BAR012,Croplands,38.751,-122.975,3.9,8.3,4.147562284799665,16.769861111111116,1.561875,3.47625,0.3935902766564667,-0.9192859697186104,-0.9498735763712722,0.23096184808627973,0.9218328231625609,-0.9498735763712722,2,-1.2137476826533276,-0.8514211062023331,-0.784451940258156,-0.3019201978746977,6
572,BAR012,2018-06-16,BAR012,Croplands,38.751,-122.975,3.6,6.4,2.9240395039470912,13.867361111111109,0.5714583333333333,2.1129166666666666,0.263665492728007,-0.9646141756912436,-1.3123169635140852,0.24451795939703724,0.8056990701119812,0.03960402859173251,2,-1.2862136147118066,-1.568839362754313,-1.0818979130761361,-0.23740765324561938,6
573,BAR012,2018-06-24,BAR012,Croplands,38.751,-122.975,4.2,7.8,3.236709062531548,16.471527777777773,0.7908333333333335,2.307916666666667,0.1287481774525813,-0.99167731989929,-1.5067742511894053,0.14316762418674334,0.9284877519226924,0.4198076237474986,2,-1.5535223952253137,-1.6207243463350467,-1.346076012007856,-0.35130514655577094,6
574,BAR012,2018-07-02,BAR012,Croplands,38.751,-122.975,4.2,9.3,3.610083517197436,16.559027777777775,0.7366666666666667,1.7925000000000004,-0.008606996888688,-0.9999629591162656,-2.008771883422898,0.1586128123246617,1.376728541428956,-0.8289389178177693,2,-2.0296877781330873,-2.1558890554391446,-1.8407388166964613,-1.5092399672313326,6
575,BAR012,2018-07-10,BAR012,Croplands,38.751,-122.975,4.3,9.6,4.420373217568313,19.959861111111113,2.105208333333333,3.103333333333333,-0.1457991969198744,-0.9893142039703664,-1.304613841966772,0.3332779363998531,1.1383579352738022,-1.304613841966772,2,-1.681453748535383,-1.048607303445713,-1.1837804739192204,-0.4452874484123001,6
576,BAR012,2018-07-18,BAR012,Croplands,38.751,-122.975,3.9,11.6,3.5293723804923407,18.53736111111111,1.25375,1.7012500000000002,-0.2802306751992161,-0.9599326896597444,-2.4382525775855424,0.23289207161428624,1.9123892671515441,-1.696997338570224,2,-2.2180494253494443,-2.682039028800807,-2.4146692786063753,-6.36573474589574,6
577,BAR012,2018-07-26,BAR012,Croplands,38.751,-122.975,3.2,12.0,2.663372024078689,17.945972222222217,1.371875,1.6395833333333332,-0.4093559588156211,-0.9123747579707274,-2.4136324194270182,0.23979024229592294,2.0759140307844475,-1.340376467584396,2,-2.2485603205285623,-2.688685382222272,-2.3036515555302204,-3.5946473346495207,6
578,BAR012,2018-08-03,BAR012,Croplands,38.751,-122.975,4.1,10.0,3.0878564370272525,17.93305555555556,1.973125,2.2041666666666666,-0.5307300481619331,-0.8475409228928312,-1.9736467910335536,0.09020029497639816,1.357976941947098,0.05064033491194064,2,-1.8812310388063382,-2.0614550249465564,-1.9782543093477658,-1.4489515650728813,6
579,BAR012,2018-08-11,BAR012,Croplands,38.751,-122.975,3.6,9.3,3.699944681105309,20.122916666666665,2.4850000000000003,2.5291666666666672,-0.6420547132365636,-0.7666588193001592,-1.5728038060473297,0.2000104059574079,1.3656854969753314,-1.5728038060473297,2,-1.6828626339388144,-1.6936136746684003,-1.3419351095347742,-0.6105776790670079,6
580,BAR012,2018-08-27,BAR012,Croplands,38.751,-122.975,3.0,5.1,1.7340659083145455,14.795138888888886,0.4922916666666666,1.600833333333333,-0.8263541987239095,-0.5631507242749187,-0.3429623876153378,0.1090974932609487,0.750228417741982,0.3429623876153378,2,-0.42934362331555886,-0.22036160275243297,-0.37918193677802164,-0.08197612889092933,6
581,BAR012,2018-09-04,BAR012,Croplands,38.751,-122.975,3.3,6.4,1.7804879826253277,15.308750000000002,0.73,1.51625,-0.8958392907349089,-0.4443781781046134,-0.7641702136778249,0.09731442172837308,0.91795735522862,0.7641702136778249,2,-0.8265541024946379,-0.8139182747574111,-0.6520382637814257,-0.12069568021510844,6
582,BAR012,2018-09-12,BAR012,Croplands,38.751,-122.975,2.2,5.4,1.8690471615454411,14.785416666666668,1.0158333333333331,3.2470833333333338,-0.9483615800121716,-0.3171912885891059,-0.30923123530702623,0.23322298861932464,0.6885108981219621,0.30923123530702623,2,-0.34007657571722294,-0.5254966876972909,-0.06212044250656493,-0.0694776841986779,6
583,BAR012,2018-09-20,BAR012,Croplands,38.751,-122.975,2.8,8.2,2.2820076187419267,16.49263888888889,2.0112499999999995,2.18125,-0.9829265519799822,-0.1839983516576798,-1.2678324245939228,0.21017292831026618,1.2131484775442465,-0.23184766207777652,2,-1.0982121968677443,-1.5029568543224738,-1.2023282225915506,-0.27524304573907965,6
584,BAR012,2018-09-28,BAR012,Croplands,38.751,-122.975,2.6,4.9,1.207502081866118,13.847361111111114,0.4741666666666666,1.5599999999999998,-0.9988797155850336,-0.0473213883224323,-0.7995714091909093,0.11326853364369098,0.7042295974601658,0.7995714091909093,2,-0.8908296088837638,-0.8350824132106116,-0.6728022054783527,0.018783766141077827,6
585,BAR012,2018-10-06,BAR012,Croplands,38.751,-122.975,2.6,5.0,2.8367195744277502,15.442222222222226,0.7297916666666664,3.0375,-0.9959189961471792,0.0902516100310407,-0.9533098920830549,0.08864371742403547,0.7640592105915907,-0.9533098920830549,2,-0.9173630231279906,-1.0542807698826426,-0.8882858832385315,0.0016451863249439748,6
586,BAR012,2018-10-14,BAR012,Croplands,38.751,-122.975,2.7,4.2000003,1.7693943909842649,13.578194444444444,1.2445833333333336,1.3566666666666665,-0.9741004551724206,0.226115685508288,-1.1499102507880992,0.17062663811932857,0.4860787994732453,0.7113009672433714,2,-1.0719057873198177,-1.345596646990681,-1.0322283180537992,0.17876527533007497,6
587,BAR012,2018-10-30,BAR012,Croplands,38.751,-122.975,1.4,5.6,0.8572753983766659,12.89555555555556,1.0533333333333337,3.2704166666666663,-0.8758917051442433,0.4825077417612176,-0.7137664746960267,0.29698997070545263,0.9431225803133667,0.37168272855064133,2,-0.7759323994483054,-0.9747530092712057,-0.3906140153685691,-0.0643291446041812,6
588,BAR012,2018-11-07,BAR012,Croplands,38.751,-122.975,0.9,5.4,0.703346397314843,12.144166666666663,1.304375,2.1562500000000004,-0.8013610881746769,0.5981809144059159,-0.5146187556808787,0.07286203171525055,0.8169632097106845,-0.12131155031056473,2,-0.5937692329358151,-0.4997473047875013,-0.45033972931931954,-0.05487047045565391,6
627,Ellendale,2018-09-19,Ellendale,Croplands,29.633321,-90.827662,3.0,4.5,4.0466768052087065,29.7998925,0.6622369166666667,1.1898928541666671,-0.97961369164549,-0.2008905551306352,-0.25055550890184075,0.03085743306668894,0.8559149650280977,-0.25055550890184075,1,-0.2184698222208554,-0.28001709689756915,-0.2531796075870977,-0.08792978215667567,6
628,Ellendale,2018-10-13,Ellendale,Croplands,29.633321,-90.827662,0.8,4.1,2.129380187623018,24.141555416666662,1.2928547979166665,1.7125467166666668,-0.9778483415056568,0.2093146459630488,-0.018623756391004664,0.2444469750549959,0.989714874173468,-0.018623756391004553,1,0.062120067583070315,-0.2932277109791143,0.17523637422303,-0.04827411196376509,6
629,Ellendale,2018-10-29,Ellendale,Croplands,29.633321,-90.827662,1.1,3.4,2.7238768197055228,25.42515437500001,1.1496543937500003,1.3747872791666664,-0.8840675099433637,0.467359217158002,0.07147322370244465,0.20402693831858082,1.1215384269533246,0.07147322370244469,1,0.15502541998342018,-0.16106781993936678,0.22046207106328053,-0.027584572772200066,6
630,Ellendale,2018-11-06,Ellendale,Croplands,29.633321,-90.827662,1.0,2.3,2.73223019433804,27.948690000000003,0.7445188374999999,1.7154910833333332,-0.8115390590073611,0.5842981736283683,0.38280868274088026,0.0458560375256656,1.062289669225807,0.3828086827408803,1,0.3301705413928736,0.41409723368204476,0.40415827314772246,-0.027584572772200066,6
631,Ellendale,2018-11-30,Ellendale,Croplands,29.633321,-90.827662,1.0,3.5,2.3501537289531105,24.49742687499999,0.7294421041666667,4.069403895833332,-0.5086709438521042,0.8609610158889945,0.3561590170551787,0.1421412976318196,1.1355692095668413,0.3561590170551787,1,0.45714610293220914,0.19361479425702816,0.4177161539762988,-0.027584572772200066,6
655,RIP760,2017-05-22,RIP760,Croplands,36.839,-120.21,5.8,7.9,5.891165505190557,20.35958333333333,2.21375,1.7512500000000004,0.6420547132365637,-0.766658819300159,-1.6870264392885013,0.11598742773445571,1.547020950746145,-1.6870264392885013,1,-1.6070975241750882,-1.8200586667177592,-1.6339231269726562,-0.5347707511806458,6
656,RIP760,2017-05-23,RIP760,Croplands,36.839,-120.21,5.7,8.3,6.902436520432134,21.425,2.1454166666666663,1.9779166666666663,0.6287628145958344,-0.777597146973627,-1.5831592186466115,0.08336797531601689,1.5317967222096083,-1.5831592186466112,1,-1.642464136451804,-1.6191757353061598,-1.4878377841818708,-0.5241865515383061,6
657,RIP760,2017-05-30,RIP760,Croplands,36.839,-120.21,5.6,7.6,5.439920141804992,17.104722222222225,1.356666666666667,2.9029166666666675,0.5307300481619334,-0.8475409228928311,-1.4988504093137147,0.18705325537230827,1.040027235150346,-1.1786906929236987,1,-1.693574232386049,-1.3205508990273458,-1.4824260965277496,-0.7680659409568885,6
658,RIP760,2017-06-07,RIP760,Croplands,36.839,-120.21,5.5,7.9,6.507912709774816,17.880000000000006,1.8525,2.6958333333333333,0.4093559588156213,-0.9123747579707272,-1.4486216721804333,0.24868722153149925,1.2006093783158043,-1.4486216721804333,1,-1.7344789342677407,-1.3293479230223064,-1.2820381592512522,-0.8763339985285957,6
659,RIP760,2017-06-08,RIP760,Croplands,36.839,-120.21,3.5,5.5,5.161662804463249,16.164861111111108,1.2241666666666666,2.490833333333333,0.3935902766564667,-0.9192859697186104,-0.12206022423305572,0.03890975655966889,0.6747430914298113,-0.12206022423305574,1,-0.1644280362523031,-0.11382604926538752,-0.08792658718147657,-0.09452614064856456,6
660,RIP760,2017-06-15,RIP760,Croplands,36.839,-120.21,6.4,9.1,6.646356805924925,18.772916666666664,1.7333333333333327,2.7570833333333336,0.2802306751992158,-0.9599326896597448,-2.155915944782158,0.11947606140421177,1.5713890278276827,-2.155915944782158,1,-2.291126832034989,-2.0645820114252587,-2.1120389908862274,-1.2770943530866652,6
661,RIP760,2017-06-16,RIP760,Croplands,36.839,-120.21,5.8,9.1,5.9487903536487465,21.79958333333333,1.7262500000000005,2.462916666666667,0.263665492728007,-0.9646141756912436,-1.4163799226122789,0.10197887355988856,1.405434709114825,-1.4163799226122789,1,-1.5336249397014594,-1.348276109918889,-1.367238718216488,-1.0949504803984345,6
662,RIP760,2017-06-23,RIP760,Croplands,36.839,-120.21,6.3,8.7,7.565450213249877,24.144444444444453,2.161666666666666,2.287083333333334,0.1457991969198751,-0.9893142039703664,-1.8716226076383027,0.15728884739575882,1.3794550538284531,-1.8716226076383027,1,-1.781293689750349,-2.0532432736964297,-1.7803308594681297,-1.4804107141737262,6
663,RIP760,2017-07-01,RIP760,Croplands,36.839,-120.21,6.0,7.8,6.563581495761291,18.812083333333337,1.4887500000000002,2.5245833333333336,0.0086069968886886,-0.9999629591162656,-1.5608306152495637,0.09555048367856288,1.0340749343464952,-1.5608306152495635,1,-1.4522099938612891,-1.5983759210786217,-1.6319059308087804,-1.060644473071139,6
664,RIP760,2017-07-02,RIP760,Croplands,36.839,-120.21,5.6,7.7000003,5.997392501953143,20.122361111111108,1.6570833333333337,1.592083333333333,-0.008606996888688,-0.9999629591162656,-0.8614560345479788,0.15950526032562734,0.7840473193630082,-0.8614560345479787,1,-0.7260965217584876,-1.0373036225498609,-0.8209679593355881,-0.4264440365764418,6
665,RIP760,2017-07-09,RIP760,Croplands,36.839,-120.21,5.7,9.8,7.475757971911409,22.72486111111111,2.5391666666666666,1.7929166666666667,-0.1287481774525806,-0.99167731989929,-1.895482311993665,0.009430879198052359,1.6292643076633475,-1.895482311993665,1,-1.8974668285997094,-1.903763011839395,-1.8852170955418908,0.11913304718738808,6
666,RIP760,2017-07-10,RIP760,Croplands,36.839,-120.21,5.7,9.0,6.853804009082904,22.86208333333333,2.395,1.4775,-0.1457991969198744,-0.9893142039703664,-1.5803874529843178,0.1257067462434749,1.3881727661462986,-1.5803874529843176,1,-1.4352995378383002,-1.6567140961189217,-1.6491487249957313,-1.121169369533807,6
667,RIP760,2017-07-17,RIP760,Croplands,36.839,-120.21,6.4,11.1,7.910234279493968,22.25083333333333,2.8225,2.2979166666666666,-0.2636654927280072,-0.9646141756912436,-2.982773080641353,0.13615068768892494,1.9364005996516866,-2.982773080641353,1,-3.052921644148972,-3.0695445786114655,-2.8258530191636226,-19.519051674071257,6
668,RIP760,2017-07-18,RIP760,Croplands,36.839,-120.21,6.5,9.8,8.352542271372505,20.733888888888885,2.775833333333334,3.3541666666666665,-0.2802306751992161,-0.9599326896597444,-3.147188382337354,0.3144164763628789,1.7243883067303538,-3.1471883823373545,1,-3.25312730204314,-3.394952075923065,-2.7934857690458568,-12.208650699766942,6
669,RIP760,2017-07-25,RIP760,Croplands,36.839,-120.21,5.7,7.3,5.2412262269848044,20.676527777777785,1.7550000000000006,1.6283333333333336,-0.3935902766564664,-0.9192859697186104,-1.2181507422523743,0.30907751370591385,0.74463910979602,-0.30060319622198284,1,-0.9824679516778037,-1.5680893717947595,-1.10389490328456,-0.4965252047246074,6
670,RIP760,2017-08-10,RIP760,Croplands,36.839,-120.21,4.9,8.5,5.743888189442665,21.48375,1.4195833333333332,2.192916666666666,-0.6287628145958345,-0.7775971469736268,-1.385037344435645,0.23374733707403883,1.1962491857463662,-1.385037344435645,1,-1.1422234990187117,-1.4043712788240588,-1.608517255464164,-0.3769870065978367,6
671,RIP760,2017-08-18,RIP760,Croplands,36.839,-120.21,5.6,7.8,5.565787531037081,22.05611111111111,1.695833333333333,1.725833333333333,-0.7295575540864876,-0.6839194216246105,-1.8068868657962005,0.2660793480105144,0.888771857680369,-1.7384619278703637,1,-1.5078443927695404,-1.895347321670278,-2.017468882948783,-1.290789017734709,6
672,RIP760,2017-08-19,RIP760,Croplands,36.839,-120.21,5.4,7.9,5.713513400975058,21.804027777777772,1.67125,1.90125,-0.7412220108485957,-0.6712599575675315,-1.788403063026732,0.2532259808800864,0.9569766986719299,-1.788403063026732,1,-1.504014757625824,-1.8717256079176332,-1.9894688235367388,-1.3292064529202434,6
673,RIP760,2017-08-26,RIP760,Croplands,36.839,-120.21,5.5,7.4,5.781476742255497,22.511527777777772,1.9516666666666664,1.8108333333333333,-0.8165380514459157,-0.5772916165517278,-2.018190493501724,0.2170282929472961,0.7720469396210734,-2.018190493501724,1,-1.768369390130382,-2.1259738103737664,-2.1602282800010246,-1.3723162754615195,6
674,RIP760,2017-08-27,RIP760,Croplands,36.839,-120.21,5.2,7.7000003,4.591917334296742,23.35805555555556,2.0075000000000007,1.3441666666666665,-0.8263541987239095,-0.5631507242749187,-1.867275414470016,0.22929250892251987,0.8473925035869649,-0.6511100830634995,1,-1.6034141314090253,-1.9802859047315708,-2.0181262072694524,-1.236237567391951,6
675,RIP760,2017-09-03,RIP760,Croplands,36.839,-120.21,4.7,6.3,4.470103626012962,25.39333333333333,2.384583333333333,1.6304166666666668,-0.888057322629493,-0.4597327394521046,-1.5472171001291761,0.10906573189664888,0.86599212286253,-1.0874243521551004,1,-1.4742160314177237,-1.494844315376235,-1.67259095359357,-0.16231116278748645,6
676,RIP760,2017-09-04,RIP760,Croplands,36.839,-120.21,3.6,8.5,4.311033975671486,25.211111111111126,2.014583333333333,1.9566666666666663,-0.8958392907349089,-0.4443781781046134,-1.7115566641327475,0.16501422271609034,1.200747650586818,-1.7115566641327473,1,-1.5555010915901946,-1.8842664835856548,-1.6949024172223925,-0.7217967676166631,6
677,RIP760,2017-09-12,RIP760,Croplands,36.839,-120.21,4.6,5.5,5.351202495306459,22.351388888888888,1.3045833333333334,1.632083333333333,-0.9483615800121716,-0.3171912885891059,-1.2233124258970753,0.05390119547379681,0.8260385656212155,-1.2233124258970753,1,-1.2854650142309905,-1.1893846941890498,-1.1950875692711858,-0.11613801364270614,6
678,RIP760,2017-09-19,RIP760,Croplands,36.839,-120.21,4.4,5.0,4.857122876473769,14.87027777777778,1.011666666666667,3.026250000000001,-0.97961369164549,-0.2008905551306352,-1.825046521965125,0.12648695658443276,0.7090142052225842,-1.8250465219651248,1,-1.6830325060007416,-1.9255995049395733,-1.8665075549550605,-0.5639054275428383,6
679,RIP760,2017-09-20,RIP760,Croplands,36.839,-120.21,4.7,5.2000003,4.346394985312012,16.40611111111111,0.96,2.3833333333333337,-0.9829265519799822,-0.1839983516576798,-1.8541684541642052,0.10309585936936268,0.9188920182426639,-1.146958424788228,1,-1.7490782152471152,-1.8582802433390588,-1.9551469039064413,-0.7590152100234836,6
680,RIP760,2017-10-05,RIP760,Croplands,36.839,-120.21,3.8,5.8,3.1507361398162685,12.841805555555556,1.09875,1.4958333333333331,-0.9973249731081556,0.0730951298980777,-1.5393965081125003,0.20236931236050798,1.0623527686159027,-0.24086878774503773,1,-1.3073875519466456,-1.631271713943912,-1.6795302584469431,-0.014491850021453227,6
681,RIP760,2017-10-06,RIP760,Croplands,36.839,-120.21,3.6,4.6,2.9473217444152415,13.484444444444447,1.1933333333333334,1.1429166666666666,-0.9959189961471792,0.0902516100310407,-1.3381014712340071,0.1202506761504273,0.7770797739548855,-0.032744960064490014,1,-1.2253319846621862,-1.4646467966752907,-1.3243256323645443,0.008640447357017932,6
682,RIP760,2017-10-13,RIP760,Croplands,36.839,-120.21,2.9,5.5,1.9351055750202144,10.546527777777776,0.9583333333333334,1.51375,-0.9778483415056568,0.2093146459630488,-1.1285163426029623,0.1667553222235077,1.0524740162339412,0.8012725073566087,1,-0.9479159016713861,-1.1609810372964704,-1.2766520888410304,-0.08858881409634563,6
683,RIP760,2017-11-14,RIP760,Croplands,36.839,-120.21,1.5,2.4,1.2115097294073556,12.724444444444444,0.4791666666666668,1.6854166666666666,-0.7236440382959123,0.690173388242972,0.017697322519196274,0.18406840737527888,0.6083552004162331,-0.017697322519196257,1,-0.19242866904989453,0.095074954950493,0.15044568165699035,-0.027584572772200066,6
684,RIP760,2017-11-15,RIP760,Croplands,36.839,-120.21,1.2,2.2,0.6100716216121393,12.613472222222226,0.475,1.6475000000000002,-0.7116566222817751,0.7025274741691566,0.11738844145682463,0.16749400633053543,0.5874480519549727,-0.11738844145682459,1,-0.07057546126083178,0.1719188958476796,0.250821889783626,-0.027584572772200066,6
685,RIP760,2017-12-16,RIP760,Croplands,36.839,-120.21,0.8,3.4,0.4526133942942124,8.067083333333334,0.5291666666666668,2.567916666666666,-0.2553532951161881,0.9668478136052772,0.1699983009229538,0.09415060447724902,0.8411319257326927,-0.16999830092295382,1,0.14268758671409199,0.2747850466401058,0.09252226941466363,-0.027584572772200066,6
686,RIP760,2017-12-17,RIP760,Croplands,36.839,-120.21,0.4,1.7,0.3216881389211738,5.419305555555553,0.4316666666666667,1.0929166666666668,-0.2386727660059499,0.9711000518829505,0.45078983669075984,0.0626223310037145,0.5195720351682713,-0.45078983669075984,1,0.46418395589243666,0.50563141957127,0.3825541346085729,-0.03183481778271212,6
687,RIP760,2018-02-11,RIP760,Croplands,36.839,-120.21,1.5,2.8,0.7980195963103474,8.93652777777778,0.7529166666666666,2.080833333333333,0.6616346182422783,0.7498264012045686,-0.21417353326620306,0.12638082287892308,0.5871064101253932,0.21417353326620303,1,-0.34519851046434435,-0.09301525503104548,-0.20430683430321944,-0.027584572772200066,6
688,RIP760,2018-02-18,RIP760,Croplands,36.839,-120.21,1.8,3.4,1.5332217552197458,8.501388888888886,0.5027083333333333,4.035000000000001,0.7469720876965552,0.6648553979642865,-0.6086238305219127,0.055516281724954875,0.697861596190586,-0.07506734096140422,1,-0.5530666440745423,-0.6087057305837121,-0.6640991169074837,5.515248114150136e-05,6
689,RIP760,2018-02-19,RIP760,Croplands,36.839,-120.21,1.3,2.5,1.0652229110929876,4.827361111111111,0.4147916666666666,2.9487500000000004,0.7583058084785625,0.6518989958787126,-0.3765608178506484,0.08818987667510592,0.4380185368451837,0.09299335996337649,1,-0.2747605286643183,-0.425229328702567,-0.42969259618505984,0.0344394980176042,6
690,RIP760,2018-03-15,RIP760,Croplands,36.839,-120.21,1.8,3.1000001,2.2744606123970224,9.60277777777778,0.4862500000000001,2.04125,0.9562348265919056,0.2926003356333483,-0.1917478842378788,0.16308062093821024,0.6229278851968475,-0.1917478842378788,1,-0.09421267771390512,-0.10101476512956185,-0.3800162098701694,-0.042191786515224025,6
691,RIP760,2018-03-23,RIP760,Croplands,36.839,-120.21,1.8,3.1000001,2.799131260597437,8.92513888888889,0.3824999999999999,2.1775,0.9873494423939864,0.1585593851031347,-0.24379131811900132,0.11500156231382858,0.557266570463419,-0.24379131811900123,1,-0.1181314239775803,-0.26943857314224773,-0.34380395723717583,-0.042191786515224025,6
692,RIP760,2018-03-31,RIP760,Croplands,36.839,-120.21,3.4,5.0,2.409303596016352,16.050833333333333,0.7160416666666668,1.424583333333333,0.9997685019798908,0.0215160974362222,-0.32082307766350565,0.2144925409005568,0.6887874174691194,0.3208230776635057,1,-0.5664201448877331,-0.22574837008822846,-0.17030071801455537,-0.08197612889092933,6
693,RIP760,2018-04-23,RIP760,Croplands,36.839,-120.21,4.6,6.1,3.714019066082072,17.877361111111114,1.2145833333333336,1.49875,0.9307239310379796,-0.3657225234972689,-0.7215593214655881,0.0925990031909158,0.6570175502925738,0.7215593214655881,1,-0.6701174754436442,-0.8284583064782005,-0.6661021824749194,-0.01902924869244169,6
694,RIP760,2018-04-24,RIP760,Croplands,36.839,-120.21,4.5,6.5,3.369913181977149,17.47277777777778,1.3358333333333334,2.012083333333333,0.9242907221930934,-0.3816892202666588,-0.8737274338243085,0.0568034801112414,0.776863238739754,0.8737274338243085,1,-0.8843543936633503,-0.9244669301521087,-0.8123609776574665,-0.06827469462733832,6
695,RIP760,2018-05-02,RIP760,Croplands,36.839,-120.21,4.0,5.7000003,2.9482455774529774,13.574861111111112,0.7702083333333333,2.043333333333333,0.8631421280499114,-0.5049610547215204,-0.8529261258096166,0.12839569208380278,0.5984761189169016,0.8529261258096166,1,-0.8276356127995185,-0.9920852005696027,-0.7390575640597287,-0.01902924869244169,6
696,RIP760,2018-05-09,RIP760,Croplands,36.839,-120.21,5.3,7.3,4.897767851236897,17.022638888888892,1.2675,3.331666666666667,0.7961828637826158,-0.6050560696488488,-1.7917550169582566,0.34052496337849353,0.9016764591582284,-0.9872907194320508,1,-2.138408377138477,-1.4577085913769774,-1.7791480823593155,-0.6227392607383236,6
697,RIP760,2018-05-10,RIP760,Croplands,36.839,-120.21,5.7,7.4,4.27224874726765,15.692916666666669,1.18375,2.277083333333334,0.7856498550787145,-0.6186714032625031,-1.8130823100224742,0.09253991773580486,0.9923260827296069,1.0424201954422265,1,-1.7105380757917148,-1.8383323904368223,-1.8903764638388862,-1.017212189258591,6
698,RIP760,2018-05-17,RIP760,Croplands,36.839,-120.21,6.0,7.0,4.149567452086818,15.05388888888889,0.9214583333333332,2.501666666666667,0.705583610107178,-0.7086266782644596,-2.2898563527727682,0.14187649862655105,0.9799993599732201,1.4110087430535958,1,-2.14948065458757,-2.2869009288883317,-2.4331874748424043,-0.9543200229362984,6
699,RIP760,2018-05-18,RIP760,Croplands,36.839,-120.21,5.7,7.1,4.469912965939868,16.660833333333333,0.964375,2.224166666666666,0.6932812268869777,-0.7206671495538609,-1.715985958647676,0.15647178464260306,0.8989473127107243,0.7441881094725875,1,-1.577717932552785,-1.6843981562373571,-1.8858417871528865,-0.5711792653186353,6
700,RIP760,2018-06-02,RIP760,Croplands,36.839,-120.21,6.1,8.2,5.1627670256283285,19.216111111111108,1.566041666666666,1.086666666666667,0.48627270710869,-0.8738071036110808,-1.2022307407865527,0.11023792688960955,1.1469468933681166,0.6722352079567897,1,-1.1868031257823604,-1.3193698289434441,-1.1005192676338535,-0.7816180080217411,6
701,RIP760,2018-06-03,RIP760,Croplands,36.839,-120.21,6.7,9.2,4.7480565263093055,21.45944444444445,2.124791666666667,1.3854166666666667,0.4711595076738638,-0.8820480249558537,-2.106084480505078,0.14285001178344225,1.8105257031510604,1.7978024668763113,1,-2.0173968792410033,-2.270873322143576,-2.0299832401306555,-0.4585441577487526,6
702,RIP760,2018-06-10,RIP760,Croplands,36.839,-120.21,6.8,9.0,4.957015926460714,14.47736111111111,1.4845833333333331,3.4266666666666663,0.3617137307297676,-0.9322892131745132,-2.938634578401357,0.23605833082212926,1.6828810268003003,0.7473335686772153,1,-3.2110406122628765,-2.810783213247777,-2.794079909693417,-10.422801816657051,6
703,RIP760,2018-06-11,RIP760,Croplands,36.839,-120.21,5.9,8.8,5.035503218996769,16.918611111111108,1.4785416666666666,2.38375,0.3456123126707335,-0.938377391740864,-1.59288369286375,0.06667680074204511,1.3822913554077925,0.1361098691427136,1,-1.6585895308060663,-1.5252765956917202,-1.5947849520934634,-1.121169369533807,6
704,RIP760,2018-06-18,RIP760,Croplands,36.839,-120.21,5.0,8.2,4.958112498204586,17.771527777777774,1.2666666666666666,2.199583333333333,0.2303056702306122,-0.973118337233262,-0.5983767952530398,0.05986697395837405,1.0267646740701377,-0.5146017916622115,1,-0.6529685476516378,-0.6078077484631828,-0.5343540896442986,-0.1360938313316575,6
705,RIP760,2018-06-19,RIP760,Croplands,36.839,-120.21,5.4,8.900001,5.367157228405929,19.692083333333333,1.6102083333333337,1.9766666666666672,0.2135209154397961,-0.9769384927771816,-0.9805591910095762,0.033453315393092806,1.2207042056550614,-0.9148736478214327,1,-0.9756526761102329,-0.9498300902783317,-1.0161948066401645,-0.6331588499394344,6
706,RIP760,2018-06-26,RIP760,Croplands,36.839,-120.21,5.6,9.7,6.13230573045689,19.656111111111112,1.9027083333333337,1.60875,0.0945367498171991,-0.9955213724144752,-1.3167421636426535,0.08161038446088702,1.5444223907107062,-1.3167421636426535,1,-1.2392527347199391,-1.3090455586161078,-1.4019281975919138,-0.42856909877363547,6
707,RIP760,2018-07-04,RIP760,Croplands,36.839,-120.21,5.4,7.2000003,5.283817820110031,18.76736111111111,1.2783333333333335,1.842083333333333,-0.0430222330045303,-0.99907411510223,-0.6508973710739162,0.11317932051865885,0.5312228181462786,-0.41853301129397835,1,-0.5463640975751461,-0.7710915769082377,-0.6352364387383649,-0.20124950518492027,6
708,RIP760,2018-07-05,RIP760,Croplands,36.839,-120.21,5.6,7.5,5.2660351712020494,20.109861111111115,1.495208333333333,2.00125,-0.0602132773657927,-0.9981855344718586,-0.9258160758138269,0.13680013201309035,0.7435355667783725,-0.25788641821792646,1,-0.8121799737503946,-1.0776572995439477,-0.8876109541471382,-0.5011516586870179,6
709,RIP760,2018-07-12,RIP760,Croplands,36.839,-120.21,5.4,7.3,5.166702558970631,22.66861111111111,2.351875,1.5025000000000004,-0.1797665857255621,-0.9837092937736098,-1.2021977902705514,0.1508382908899859,1.0434949796983117,-0.7356029082118118,1,-1.0648172530319235,-1.3636087738872784,-1.1781673438924525,-0.5489461903123775,6
710,RIP760,2018-07-13,RIP760,Croplands,36.839,-120.21,5.7,8.6,6.195749853125856,23.02541666666667,2.273333333333333,2.310416666666667,-0.1966728897935762,-0.980469160361632,-1.7548075232167097,0.14109857610207427,1.2671454609560056,-1.7548075232167095,1,-1.763223505549627,-1.8915097396615592,-1.6096893244389436,-1.4363962195432463,6
711,RIP760,2018-07-20,RIP760,Croplands,36.839,-120.21,5.4,8.6,6.206974937736821,22.926944444444448,2.209583333333333,2.0970833333333334,-0.3131070409358267,-0.9497178427914316,-1.576493502470405,0.07058781674280673,1.2014215028872963,-1.576493502470405,1,-1.5909486733953284,-1.638734801392713,-1.4997970326231735,-1.0757600574986963,6
712,RIP760,2018-07-21,RIP760,Croplands,36.839,-120.21,5.5,8.0,6.549454052062725,23.49347222222222,1.8685416666666663,2.212083333333333,-0.3294084822245302,-0.9441875088341994,-1.3624143666526642,0.10373534181635734,0.88841460041268,-1.362414366652664,1,-1.2846208740015674,-1.4801917222406562,-1.3224305037157689,-0.94249222850498,6
713,RIP760,2018-07-28,RIP760,Croplands,36.839,-120.21,5.2,10.400001,4.947212672627981,21.50277777777778,1.648125,1.5949999999999998,-0.4405187843504952,-0.8977433935342336,-1.6161904567515208,0.4307454576708214,1.7800930995896855,-1.110615802007483,1,-1.120095465971752,-1.8332707211308508,-1.89520518315196,0.5115559938422083,6
714,RIP760,2018-07-29,RIP760,Croplands,36.839,-120.21,5.7,10.6,5.052468950424767,21.87805555555556,1.9527083333333335,1.895833333333333,-0.455906693508459,-0.8900275764346766,-2.099537637686612,0.29575724033636247,1.8733857364073991,-0.8044755385361451,1,-1.8042425891353902,-2.0986154108779953,-2.395754913046451,-6.612016414008932,6
715,RIP760,2018-08-05,RIP760,Croplands,36.839,-120.21,5.2,9.900001,4.3553253900523226,19.25291666666666,2.0968749999999994,2.4266666666666667,-0.5595892624101763,-0.828770087174504,-2.137814974280573,0.020613309893792956,1.72565445153278,-0.44846575438521796,1,-2.160857848286316,-2.131458613554404,-2.121128461001,0.15574718962019518,6
716,RIP760,2018-08-06,RIP760,Croplands,36.839,-120.21,5.3,10.5,3.6279470802764617,19.503472222222214,1.7052083333333334,2.1766666666666667,-0.5737722679043243,-0.8190148866680802,-2.028195241919302,0.3319096413787838,1.897307418581471,1.315910597527774,1,-1.7072191004265265,-2.0073142207991306,-2.3700524045322484,-6.328004694251605,6
717,RIP760,2018-08-13,RIP760,Croplands,36.839,-120.21,4.7,8.0,3.981352944135345,20.3625,2.031875,1.8108333333333335,-0.6680638642135333,-0.7441039398713608,-1.4568924338005604,0.09485561140413697,0.8491800102699809,-0.019598322071249674,1,-1.3712561609385294,-1.5588494626170228,-1.4405716778461293,-0.35130514655577094,6
718,RIP760,2018-08-21,RIP760,Croplands,36.839,-120.21,3.5,6.6,2.0951833859921,18.60513888888889,1.3208333333333335,2.02375,-0.7638886127905429,-0.64534811322955,-0.7082211310819555,0.12911917916017518,0.8933325195866917,0.7082211310819555,1,-0.5994831463385311,-0.6742510016986292,-0.8509292452087062,-0.12069568021510844,6
719,RIP760,2018-08-22,RIP760,Croplands,36.839,-120.21,4.1,6.4,2.944530701350612,18.696666666666665,1.0602083333333334,2.1700000000000004,-0.7748840413670406,-0.6321034111873488,-0.8950482314077557,0.2063354523377904,0.8433279140146286,0.8950482314077557,1,-0.8759029637491523,-0.6989526544310339,-1.1102890760430808,-0.12069568021510844,6
720,RIP760,2018-08-29,RIP760,Croplands,36.839,-120.21,4.8,5.9,3.6114749920046583,18.16180555555556,1.0341666666666665,2.144166666666667,-0.8452490573530634,-0.5343725582809785,-1.3547815540316777,0.07140962083518154,0.8378700947066765,1.0222684619590054,1,-1.3598342705382014,-1.2809797688084363,-1.423530622748396,-0.11613801364270614,6
721,RIP760,2018-09-06,RIP760,Croplands,36.839,-120.21,4.4,7.9,4.966915561177312,19.387222222222224,1.46375,2.1991666666666667,-0.9106046300942162,-0.4132786077829044,-1.8079720325370214,0.2226542930298505,1.1367602452725327,-1.8079720325370214,1,-1.5556051975189535,-1.8916328720216096,-1.9766780280705007,-1.2305065293565067,6
722,RIP760,2018-09-07,RIP760,Croplands,36.839,-120.21,4.9,8.3,4.4553287498780305,20.014027777777773,1.7162500000000005,1.68375,-0.9175836260593934,-0.3975428142825566,-2.028640975584506,0.284747241609376,1.1405765922966284,-1.1392984753405662,1,-1.7046931926853213,-2.141887389465734,-2.2393423446024623,-1.6064683261489827,6
723,RIP760,2018-09-14,RIP760,Croplands,36.839,-120.21,3.5,5.7000003,3.846096619259282,15.601944444444449,1.2391666666666667,1.8883333333333336,-0.9587178169872964,-0.2843591872810036,-1.3337425566209546,0.11160050618458438,0.8983295560321073,-1.3337425566209546,1,-1.2060417345669512,-1.4125612012011945,-1.3826247340947178,-0.11613801364270614,6
724,RIP760,2018-09-15,RIP760,Croplands,36.839,-120.21,4.3,7.2000003,4.6784490178655584,15.40569444444444,1.3339583333333336,2.5845833333333332,-0.9634705485641486,-0.2678143051621748,-2.0842314561565876,0.19773625436163125,1.202259182972006,-2.0842314561565876,1,-1.8559116803357076,-2.1998699467164697,-2.1969127414175866,-1.4149026126441615,6
725,RIP760,2018-09-22,RIP760,Croplands,36.839,-120.21,4.2,6.3,3.873498363910961,17.89305555555556,1.6381249999999998,1.375,-0.9886775902323404,-0.1500553983446526,-1.6036927403270835,0.15207817631560172,0.832668018945304,-0.9506894681490052,1,-1.4281717162150764,-1.686757586031712,-1.6961489187344618,-0.21600244583380454,6
726,RIP760,2018-09-23,RIP760,Croplands,36.839,-120.21,4.3,6.9,4.142970665446729,17.405416666666667,1.6454166666666667,1.7704166666666667,-0.9911140639934546,-0.1330147065341963,-1.9833095256423725,0.22332429598293888,0.9883599951871206,-1.6692508565358306,1,-1.75794402606786,-1.9874494964094511,-2.2045350544498064,-1.075781621082174,6
727,RIP760,2018-09-30,RIP760,Croplands,36.839,-120.21,3.2,4.2000003,2.2329031122094105,16.531666666666666,0.7110416666666667,1.3912499999999997,-0.999916658654738,-0.0129102960750088,-0.8535333281691537,0.15647867884698938,0.5903866474487808,0.8535333281691537,1,-0.8199283660381524,-1.0240843273537885,-0.7165872911155202,0.03748947485835868,6
728,RIP760,2018-10-01,RIP760,Croplands,36.839,-120.21,3.7,4.4,2.5788684481216344,17.404305555555556,1.07875,1.2,-0.99999073973619,0.0043035382962438,-1.1058527634661675,0.1132204787039624,0.7268894722144109,1.1058527634661675,1,-1.0705701175633466,-1.2325134790572663,-1.0144746937778897,0.020350895042224825,6
729,RIP760,2018-10-08,RIP760,Croplands,36.839,-120.21,3.9,4.4,3.0816341876713502,13.431388888888891,0.8804166666666667,1.1820833333333334,-0.9922222094179324,0.1244792638867886,-1.2581277990312538,0.08262084291631887,0.7227352635241664,0.37860382562604555,1,-1.2007953899730737,-1.352831491685591,-1.2207565154350966,0.008640447357017932,6
730,RIP760,2018-10-09,RIP760,Croplands,36.839,-120.21,3.7,4.8,2.5543257303256484,14.684999999999995,0.9831250000000004,0.9204166666666664,-0.989932495087353,0.141540295217043,-0.9931610095164012,0.10088902156485254,0.8283776682548698,0.9931610095164012,1,-0.9086616280138117,-1.1048620182290791,-0.9659593823063125,-0.06987060244696641,6
731,RIP760,2018-10-16,RIP760,Croplands,36.839,-120.21,3.2,4.1,1.7758619404881062,12.245694444444444,1.06125,0.9258333333333334,-0.965739937654855,0.2595117970697994,-1.045818042118182,0.07755197466736069,0.7532473356633668,1.045818042118182,1,-1.0797777422248667,-1.1005972531742563,-0.9570791309554231,0.020350895042224825,6
732,RIP760,2018-10-17,RIP760,Croplands,36.839,-120.21,2.6,3.6000001000000004,1.6104120386707927,13.126805555555556,1.1735416666666667,1.0420833333333333,-0.9611297838723007,0.2760969730974688,-0.9880864981405441,0.13753825417691903,0.5877733536724661,0.9880864981405441,1,-1.1101527447991935,-1.0150399927257472,-0.8390667568966915,0.05658427804249898,6
733,RIP760,2018-11-09,RIP760,Croplands,36.839,-120.21,1.4,1.7,0.75328908635603,8.564722222222219,0.7595833333333335,0.9845833333333333,-0.780295851070776,0.6254105729852457,-0.2930058375599821,0.12436157736802612,0.6973725457640858,0.2930058375599821,1,-0.2597732734376781,-0.43060765361944425,-0.18863658562282395,-0.027584572772200066,6
734,RIP760,2018-11-10,RIP760,Croplands,36.839,-120.21,1.1,1.8000001,0.4801855920981186,7.318472222222222,0.4927083333333333,0.9499999999999998,-0.7694148268839381,0.6387494220515268,-0.012167744825549132,0.08556289703055635,0.41409127335720186,0.012167744825549165,1,-0.009184446641678418,-0.09918327536133136,0.07186448752636238,0.01972063107082288,6
1230,US-ADR,2016-02-23,US-ADR,Shrublands,36.765277778,-116.69333333,1.7,2.6000001,0.4597588534762487,9.119596152229164,0.88226657439375,1.952546210875,0.8013610881746766,0.5981809144059164,-0.3193120293037142,0.08114221325987742,0.7045055087573655,0.31931202930371416,1,-0.2545565498202555,-0.41033364920665005,-0.29304588888423716,-0.042191786515224025,6
1231,US-ADR,2016-02-24,US-ADR,Shrublands,36.765277778,-116.69333333,0.2,2.1000001,0.4531860798937883,8.503421721708332,0.8916699921354164,1.3668358556666664,0.8115390590073611,0.5842981736283683,0.35267271912461173,0.045655511094443366,0.9445831590285131,0.15369944066296481,1,0.34911831110308966,0.30889830043093724,0.4000015458398083,-0.027584572772200066,6
1232,US-ADR,2016-03-02,US-ADR,Shrublands,36.765277778,-116.69333333,0.3,3.3,0.4336903012174213,14.978314400374998,1.33054318555,1.6548974604791666,0.8758917051442429,0.4825077417612184,0.6939180903505546,0.12306931011340382,0.9497773370802651,-0.426537487915712,1,0.8129301631779232,0.5671576861769323,0.7016664216968086,0.0580396669829347,6
1233,US-ADR,2016-03-10,US-ADR,Shrublands,36.765277778,-116.69333333,1.1,4.3,0.5194953510264141,14.78474470960417,1.2520948622854164,2.289121842375,0.9338372288229252,0.3576982388331254,0.2681011578382621,0.1581643061028401,0.7302295736208725,-0.26810115783826205,1,0.21008363664231633,0.44708132621352226,0.14713851065894762,-0.04827411196376509,6
1234,US-ADR,2016-03-18,US-ADR,Shrublands,36.765277778,-116.69333333,0.3,3.8,0.4932373586663361,17.891904945208335,1.7002749267708337,2.0537757815625,0.9741004551724204,0.2261156855082882,0.5263390041983725,0.30070308382717265,0.9300863506613822,-0.1398642868657003,1,0.8648963764875807,0.4238175189735309,0.2903031171340061,-0.04827411196376509,6
1235,US-ADR,2016-03-19,US-ADR,Shrublands,36.765277778,-116.69333333,1.1,4.4,0.4409993333108481,16.439043371354167,1.5196350102875,1.7200755711041669,0.9778483415056568,0.2093146459630484,0.3727014377779045,0.15337866754508303,1.0102199691120406,-0.37270143777790454,1,0.4547787946837786,0.4675763210854277,0.19574919756450726,-0.04827411196376509,6
1236,US-ADR,2016-03-26,US-ADR,Shrublands,36.765277778,-116.69333333,0.2,4.9,0.2591735984526466,14.314559980145836,1.4411875721624998,2.7117815187499987,0.995918996147179,0.0902516100310411,0.469439500339132,0.09592377107860588,0.88900194195262,-0.35109230343383885,1,0.4284433583935183,0.5790490583218755,0.4008260843020022,-0.04827411196376509,6
1237,US-ADR,2016-04-03,US-ADR,Shrublands,36.765277778,-116.69333333,0.2,5.0,0.2555205906178372,17.532473940604163,1.671480717075,1.7965521806875009,0.9988797155850336,-0.0473213883224318,0.58064359717347,0.07724872919407101,0.9268117686008537,-0.4696024159377956,1,0.6377868290488841,0.6113876996434788,0.4927562628280474,-0.004896811204995869,6
1238,US-ADR,2016-04-04,US-ADR,Shrublands,36.765277778,-116.69333333,0.8,4.1,0.2397454702691329,18.222400476458336,1.7196300898374997,1.744452242624999,0.9979171608653922,-0.0645084494493162,0.4943126415819145,0.32938340851592096,1.0834520513477304,-0.49431264158191457,1,0.8742216905889787,0.32001907705780774,0.28869715709895716,-0.04827411196376509,6
1239,US-ADR,2016-04-12,US-ADR,Shrublands,36.765277778,-116.69333333,0.4,4.5,0.9532466907285072,16.88911298002083,0.9848306949291668,1.7457388965208331,0.97961369164549,-0.200890555130635,0.7438900840835054,0.12876422833177514,0.8847412158869525,0.36260329737350894,1,0.8044861945464931,0.8311773597629956,0.5960066979410278,0.045009227140388214,6
1240,US-ADR,2016-04-20,US-ADR,Shrublands,36.765277778,-116.69333333,0.3,7.2000003,0.3495731579735444,20.669681647291668,2.281190832758333,2.1581172013125003,0.9427611433904208,-0.3334687789181868,-0.0016532020247430335,0.1658984030677868,0.9951340856140547,-0.0016532020247430335,1,-0.13030157326093653,0.18559159852082535,-0.060249631334117926,-0.07753498913941685,6
1241,US-ADR,2016-05-13,US-ADR,Shrublands,36.765277778,-116.69333333,0.2,8.1,0.2445310507298219,24.68884497145833,2.884266602645834,2.328026915666668,0.741222010848596,-0.6712599575675313,-0.09515299270082667,0.0685379644130926,0.8232672888946215,-0.09515299270082667,1,-0.1691307700689618,-0.08251403025162317,-0.03381417778189502,-0.10239181440449324,6
1242,US-ADR,2016-05-14,US-ADR,Shrublands,36.765277778,-116.69333333,0.0,8.8,0.2417768606647032,25.728875169375005,2.911328021354166,3.8188698992708336,0.7295575540864875,-0.6839194216246106,0.017410496287105393,0.15910013827278954,0.9501453711180092,0.017410496287105393,1,0.11593071382975373,-0.16613728522424615,0.1024380602558086,-0.1280736744465591,6
1243,US-ADR,2016-05-21,US-ADR,Shrublands,36.765277778,-116.69333333,0.2,6.5,0.1508213484232793,15.713835712291669,1.2738040916104167,2.7912828275624992,0.6420547132365637,-0.766658819300159,0.5725217478391985,0.09952120453452175,0.8045529472900613,-0.5725217478391985,1,0.6117508212123688,0.646450142492795,0.4593642798124318,-0.03415768838064769,6
1244,US-ADR,2016-05-22,US-ADR,Shrublands,36.765277778,-116.69333333,0.1,5.9,0.1900635946740512,16.916373469979167,1.3921258745479166,3.4461962686458314,0.6287628145958344,-0.777597146973627,0.6557708262708353,0.20208919572104653,0.7129068320515077,-0.4756436369227328,1,0.8891012999401203,0.5418823807732832,0.5363287980991022,-0.011493169696884705,6
1245,US-ADR,2016-05-29,US-ADR,Shrublands,36.765277778,-116.69333333,0.2,6.7000003,0.1628179112274497,23.82438624708334,2.4423237517729164,1.445777686291667,0.5307300481619334,-0.8475409228928311,0.5713517512042424,0.22894440398018795,1.1305984733657113,-0.5713517512042425,1,0.5091063125407178,0.3799667872124113,0.8249821538595982,-0.03415768838064769,6
1246,US-ADR,2016-05-30,US-ADR,Shrublands,36.765277778,-116.69333333,0.1,7.0,0.1425743066702605,26.705073220833324,3.064756843708333,2.4091134548541664,0.5160623910158528,-0.8565509959010036,0.4936813135512043,0.14641025815992742,0.8643673015628777,-0.40853270021068333,1,0.6380879166839232,0.34534645858411184,0.4976095653855779,-0.07753498913941685,6
1247,US-ADR,2016-06-06,US-ADR,Shrublands,36.765277778,-116.69333333,0.2,7.5,0.1398416585554769,30.84916450916667,3.8177154257708334,2.5227776047500003,0.4093559588156213,-0.9123747579707272,0.2696232559073961,0.1963142857259115,0.9734380768600888,-0.2696232559073961,1,0.4894245644317867,0.20773132333510907,0.11171387995529264,-0.08793666303091875,6
1248,US-ADR,2016-06-14,US-ADR,Shrublands,36.765277778,-116.69333333,0.0,9.1,0.1648863409157029,26.521318103125008,2.7555254298958336,3.731782333124998,0.2802306751992158,-0.9599326896597448,0.2908667165473057,0.17575283728892133,1.0790907077613565,0.038905965284100064,1,0.2561792207094759,0.13504394622588217,0.48137698270655904,-0.1280736744465591,6
1249,US-ADR,2016-06-22,US-ADR,Shrublands,36.765277778,-116.69333333,0.2,8.0,0.1499379703834208,33.047898242916666,4.274532167583335,2.2058250995208337,0.1457991969198751,-0.9893142039703664,0.11869143771896512,0.23954151835999205,0.9014188174516826,-0.11869143771896512,1,0.37418844863174183,0.08270946798877571,-0.10082360346362218,-0.10239181440449324,6
1250,US-ADR,2016-06-23,US-ADR,Shrublands,36.765277778,-116.69333333,0.1,7.4,0.167992971506738,32.409109436666675,4.418979724270833,2.1046645813541667,0.1287481774525813,-0.99167731989929,0.29218222180189235,0.303812589019873,1.1944902762624383,-0.15619627878841635,1,0.6182347620767743,0.2412692647997816,0.017042638529121107,-0.07753498913941685,6
1251,US-ADR,2016-06-30,US-ADR,Shrublands,36.765277778,-116.69333333,0.0,8.5,0.3260198154501278,32.43647050250001,3.456483629733333,3.1797092455,0.0086069968886886,-0.9999629591162656,0.3800621136601852,0.23863520831329893,0.8281436003977808,0.2719775172400704,1,0.5783349192238493,0.4466443989529535,0.11520702280375289,-0.1280736744465591,6
1252,US-ADR,2016-07-01,US-ADR,Shrublands,36.765277778,-116.69333333,1.1,7.8,2.117821811316788,28.163689696875,1.6485281217729166,3.058508375270834,-0.008606996888688,-0.9999629591162656,0.5573255120143479,0.3022237253100358,1.029448954230563,0.5573255120143479,1,0.2185672216228104,0.6541009681955219,0.7993083462247115,-0.05901451364572411,6
1253,US-ADR,2016-07-08,US-ADR,Shrublands,36.765277778,-116.69333333,0.2,9.6,0.1788009437700871,30.380928956875,3.518157967333332,3.0103701488750008,-0.1287481774525806,-0.99167731989929,-0.19812784163769734,0.10877645997342561,0.8170753083390974,-0.1557297291778715,1,-0.07513719271690981,-0.2816978903972292,-0.23754844179895293,-0.1280736744465591,6
1254,US-ADR,2016-07-16,US-ADR,Shrublands,36.765277778,-116.69333333,0.1,9.0,0.1800011204829943,31.55718750104165,3.9166171388958335,2.903179500270833,-0.2636654927280072,-0.9646141756912436,0.013880735720947076,0.23399602846683526,0.8833829079574385,0.013880735720947071,1,0.24103192541916202,0.02701699549588868,-0.2264067137522095,-0.1280736744465591,6
1255,US-ADR,2016-07-17,US-ADR,Shrublands,36.765277778,-116.69333333,0.0,10.5,0.1336605319656198,30.49313363583333,3.935540303020834,3.2562465659375,-0.2802306751992161,-0.9599326896597444,-0.5290202679567795,0.14341692015377736,1.168854053066912,-0.5290202679567795,1,-0.3635246876292793,-0.6169471174408017,-0.6065889988002575,-0.1280736744465591,6
1256,US-ADR,2016-07-24,US-ADR,Shrublands,36.765277778,-116.69333333,0.2,8.900001,0.1452381948473021,32.54796226520832,4.555859798750001,2.1993824827291677,-0.3935902766564664,-0.9192859697186104,-0.1927972217889551,0.30630700813582445,1.3133898754281066,-0.08327361148355927,1,0.11192199113347473,-0.1896459469907829,-0.5006677095095571,-0.16817571147484506,6
1257,US-ADR,2016-07-25,US-ADR,Shrublands,36.765277778,-116.69333333,0.2,9.1,0.1557578919413139,32.14503864208333,4.281148692666666,1.9650397843125005,-0.4093559588156211,-0.9123747579707274,-0.24194895204553543,0.21606832803390344,1.2164153195923169,-0.1534647359281632,1,-0.01126504028683245,-0.27498524577978467,-0.4395965700699891,-0.1280736744465591,6
1258,US-ADR,2016-08-01,US-ADR,Shrublands,36.765277778,-116.69333333,0.0,7.9,0.1458786433373202,33.72556426645833,3.767165149645834,2.746610714833333,-0.5160623910158526,-0.8565509959010037,0.42169278601354304,0.3973595371104382,1.0932384439790166,-0.12993549933890264,1,0.8232031525968934,0.4132567928127151,0.028618412631020634,0.022123195627871742,6
1259,US-ADR,2016-08-02,US-ADR,Shrublands,36.765277778,-116.69333333,0.3,7.9,0.0413094109436623,34.66576615479167,3.668693537187501,3.2215529518124995,-0.5307300481619331,-0.8475409228928312,0.41088440368885376,0.47585025387165564,1.0882652191815152,-0.4108844036888538,1,0.842174890220965,0.49006936796586875,-0.09959104712027263,-0.11920744002007816,6
1260,US-ADR,2016-08-09,US-ADR,Shrublands,36.765277778,-116.69333333,0.1,9.3,0.0595291029099377,28.52730759791668,3.5169758427083337,2.5259281463125003,-0.6287628145958345,-0.7775971469736268,-0.26848897981879916,0.10692418316644449,1.2958802825583886,-0.18754718563867456,1,-0.14527287253515114,-0.3368885079109747,-0.32330555901027164,-0.1558139576855884,6
1261,US-ADR,2016-08-10,US-ADR,Shrublands,36.765277778,-116.69333333,0.1,9.2,0.1688300730125349,27.50618967437499,3.2556537743124987,2.7094148578125004,-0.6420547132365636,-0.7666588193001592,-0.20694659011316108,0.10699135122427379,1.415717658154139,-0.20694659011316105,1,-0.09789695271956794,-0.31175343019971785,-0.2111893874201975,-0.3610531474896788,6
1262,US-ADR,2016-08-17,US-ADR,Shrublands,36.765277778,-116.69333333,0.2,8.3,0.0545883004178069,27.26926625604166,3.538137413125,2.1283881563958325,-0.7295575540864876,-0.6839194216246105,-0.05824900559060247,0.17991481295449202,1.3622785737131742,0.058249005590602476,1,0.14668569721434294,-0.13120931359431398,-0.19022340039183636,-0.16817571147484506,6
1263,US-ADR,2016-08-18,US-ADR,Shrublands,36.765277778,-116.69333333,0.0,7.8,0.0375696500002718,27.999552136875,3.4288389980833323,2.092278267125,-0.7412220108485957,-0.6712599575675315,0.18367104992302505,0.19835051236862314,1.3169103601742644,-0.10853174992248146,1,0.40519264494757024,0.12329936790439211,0.022521136917112716,-0.1424938514327792,6
1264,US-ADR,2016-08-25,US-ADR,Shrublands,36.765277778,-116.69333333,0.4,7.2000003,0.0779634586649027,27.624892023750004,2.990854079333333,2.0649740286666667,-0.8165380514459157,-0.5772916165517278,0.15920341548903152,0.19353214870921606,1.1242299205327675,-0.1592034154890315,1,0.37493256289146626,0.10184026557734771,0.0008374179982806318,-0.07753498913941685,6
1265,US-ADR,2016-08-26,US-ADR,Shrublands,36.765277778,-116.69333333,0.0,7.0,-0.1527006428012259,27.174395822291658,2.7315049462291667,2.191455091125,-0.8263541987239095,-0.5631507242749187,0.3468306413365905,0.22641489822746602,1.2800034945090988,-0.3468306413365905,1,0.6013185507846611,0.27145800911272616,0.16771536411238414,-0.10527527237844611,6
1266,US-ADR,2016-09-02,US-ADR,Shrublands,36.765277778,-116.69333333,0.0,8.400001,0.1823991899103616,28.13507934750001,3.2739597130208344,2.8301535170000007,-0.888057322629493,-0.4597327394521046,-0.14871789986457032,0.17115401323985877,1.5596623547299557,-0.14871789986457032,1,0.04231898720812152,-0.20039142258571305,-0.28808126421611946,0.3033456380885706,6
1267,US-ADR,2016-09-03,US-ADR,Shrublands,36.765277778,-116.69333333,0.2,8.5,0.1247548130735643,25.76915819354167,2.6129687148541665,2.7929878236874996,-0.8958392907349089,-0.4443781781046134,-0.3340998295576915,0.13025788443415967,1.533528797380249,-0.18360945570482007,1,-0.21616945251483796,-0.47391324678674485,-0.31221678937149167,0.3033456380885706,6
1268,US-ADR,2016-09-10,US-ADR,Shrublands,36.765277778,-116.69333333,0.0,6.3,0.0386670547830967,27.72903282895834,2.909864000937501,1.4946700494583334,-0.9427611433904206,-0.333468778918187,0.13114916444233746,0.21386474313557768,1.4388977065928406,-0.053815054876144054,1,0.377511210928111,-0.006777532571278944,0.02271381497018027,-0.2236871144081829,6
1269,US-ADR,2016-09-11,US-ADR,Shrublands,36.765277778,-116.69333333,0.1,7.3,0.0516429027735447,26.74659951104167,2.6886964158333333,2.4850590616249995,-0.9483615800121716,-0.3171912885891059,0.03129084222059406,0.11734608592202385,1.3667621983679616,-0.03129084222059406,1,0.16477187217843947,-0.01527010729562392,-0.055629238221033356,-0.11763702616770279,6
1270,US-ADR,2016-09-18,US-ADR,Shrublands,36.765277778,-116.69333333,0.1,4.8,0.0832404898386421,23.58186286562501,2.533533942085417,1.6247353932083328,-0.97961369164549,-0.2008905551306352,0.31680060391909953,0.2614185813433463,1.32410859544424,-0.31680060391909953,1,0.6031772662637624,0.09096252913061431,0.2562620163629218,-0.08837614899205103,6
1271,US-ADR,2016-09-19,US-ADR,Shrublands,36.765277778,-116.69333333,0.1,5.5,0.023636095518791,26.058829135416676,2.828978573270833,2.200797252,-0.9829265519799822,-0.1839983516576798,0.358613525602574,0.2746053001830346,1.2916174763863977,-0.358613525602574,1,0.6708119345961451,0.2505474966725434,0.15448114553903347,-0.0826107536946832,6
1272,US-ADR,2016-09-26,US-ADR,Shrublands,36.765277778,-116.69333333,0.1,4.9,-0.0243232098830769,23.6067881125,2.132261988954167,1.4397342633750003,-0.9979171608653922,-0.0645084494493162,0.08289275136186214,0.23451226391261284,1.3385062229617142,-0.08289275136186214,1,0.20970707439164277,-0.1877210643205351,0.22669224401447874,-0.08837614899205103,6
1273,US-ADR,2016-09-27,US-ADR,Shrublands,36.765277778,-116.69333333,0.0,4.7000003,0.1504107580722462,24.038922569999997,2.1499668258,1.690195815875,-0.9988797155850336,-0.0473213883224323,0.2327023195921455,0.2640899297342303,1.26862223984582,0.06811919655234688,1,0.448026635667123,-0.06196269983297839,0.3120430229422919,-0.07601439520279439,6
1274,US-ADR,2016-10-04,US-ADR,Shrublands,36.765277778,-116.69333333,0.0,3.5,0.0192521831041617,15.243691104791669,1.0486429625270832,1.5778784202083334,-0.9973249731081556,0.0730951298980777,0.17092305032923782,0.1477975111923263,0.851264994480648,-0.1324186841209144,1,0.07551057009483098,0.09608767189876172,0.34117090899412084,-0.027584572772200066,6
1275,US-ADR,2016-10-05,US-ADR,Shrublands,36.765277778,-116.69333333,0.1,3.1000001,0.0423347767045707,17.1316714694375,1.3036528913625,2.9762330833541664,-0.9959189961471792,0.0902516100310407,0.7018815425525666,0.11254021994240734,0.9081775332768153,-0.7018815425525666,1,0.7876541468957279,0.7435386988081705,0.5744517819538016,0.08638150473582858,6
1276,US-ADR,2016-10-20,US-ADR,Shrublands,36.765277778,-116.69333333,0.2,3.7,0.0583424751973921,15.568504998895836,1.2720861778687496,1.4141487999791664,-0.9398560579418952,0.341570769167856,-0.03667546890492681,0.09804789057028652,0.9290584365556647,0.03667546890492682,1,0.006499334629313042,-0.14890138952643736,0.0323756481823439,-0.04827411196376509,6
1277,US-ADR,2016-10-21,US-ADR,Shrublands,36.765277778,-116.69333333,0.3,3.7,0.0596095442343819,16.59723754285417,1.4139789287916669,1.8984492880208328,-0.9338372288229252,0.3576982388331254,0.023002154197274378,0.09355828019084594,0.7999292104719864,-0.02300215419727436,1,0.12849223335196364,-0.049917973786862496,-0.009567796973278003,-0.04827411196376509,6
1278,US-ADR,2016-11-05,US-ADR,Shrublands,36.765277778,-116.69333333,0.1,2.6000001,0.0566167575401851,16.486583159958332,0.8308879284083335,1.4307892828541664,-0.8115390590073611,0.5842981736283683,0.3209461829060342,0.10723305983469879,0.8187281559920327,-0.3209461829060342,1,0.32433376299698624,0.2120594716980223,0.42644531402309405,-0.027584572772200066,6
1279,US-ADR,2016-11-13,US-ADR,Shrublands,36.765277778,-116.69333333,0.2,1.5,0.0148092528751611,13.390351789416664,0.7717927438291666,1.2538038831875,-0.7236440382959123,0.690173388242972,0.39122630353496496,0.0822634126475395,0.8135804770587522,-0.39122630353496496,1,0.3401586581757864,0.34739629732282384,0.4861239551062845,-0.027584572772200066,6
1280,US-ADR,2016-11-14,US-ADR,Shrublands,36.765277778,-116.69333333,0.2,1.6,0.0673861391084922,13.546095269999997,0.8771808815166668,1.6157563448958332,-0.7116566222817751,0.7025274741691566,0.3628688902872563,0.060299792651733776,0.8649162337018117,-0.3628688902872562,1,0.31123221567780346,0.3482359560384183,0.429138499145547,-0.027584572772200066,6
1281,US-ADR,2016-11-22,US-ADR,Shrublands,36.765277778,-116.69333333,0.2,1.8000001,0.0119259202536906,8.906036502166666,0.4322870558895833,2.0731143822500004,-0.6084768701151264,0.7935716089521472,0.33052823752002297,0.0826491698224945,0.6138240655067164,-0.3305282375200229,1,0.336544823418106,0.24503518359693377,0.4100047055450291,-0.027584572772200066,6
1282,US-ADR,2016-11-29,US-ADR,Shrublands,36.765277778,-116.69333333,0.1,1.6,0.069309473534277,5.728669204562499,0.34078461605,3.813400088791667,-0.5086709438521042,0.8609610158889945,0.18652546232593104,0.10156503708278618,0.6011227563668381,-0.18652546232593104,1,0.21650030106253088,0.26972963394007654,0.07334645197518569,-0.027584572772200066,6
1283,US-ADR,2016-11-30,US-ADR,Shrublands,36.765277778,-116.69333333,0.0,1.0,0.0336422532431103,2.5691930017916667,0.2614183148979165,1.3596703673125,-0.4937755501599774,0.8695893893466109,0.30201726820351055,0.08813570839422981,0.5340317956098348,-0.23473276171728993,1,0.32253755141419904,0.20543162876080906,0.37808262443552343,-0.027584572772200066,6
1284,US-ADR,2016-12-07,US-ADR,Shrublands,36.765277778,-116.69333333,0.1,1.7,0.0094870504523497,3.679861051687499,0.390386842275,2.771317762166667,-0.3856634062436074,0.9226395488404876,0.14842825746874036,0.11946498227934675,0.4962771191843111,-0.14842825746874033,1,0.25951828603629506,0.022058557123890044,0.163707929246036,0.01972063107082288,6
1285,US-ADR,2016-12-08,US-ADR,Shrublands,36.765277778,-116.69333333,0.3,1.4,0.0125086495523182,2.5317207067916674,0.3867403422604166,1.7614189367708335,-0.3697245428906732,0.9291414114031744,0.14230113771464672,0.13252600965314915,0.41203802422250524,-0.1423011377146467,1,0.17620887543735653,-0.003884469610920288,0.25457900731750394,0.01972063107082288,6
1286,US-ADR,2017-01-16,US-ADR,Shrublands,36.765277778,-116.69333333,0.5,1.9,0.1915172267162578,6.312984135562498,0.4857775574854168,7.469466308895832,0.2719581575341055,0.9623090774541486,0.15115129297951693,0.1445929502076587,1.1183272820327432,-0.1511512929795169,1,0.16782481541870442,-0.001055605818578137,0.2866846693384245,-0.027584572772200066,6
1287,US-ADR,2017-01-17,US-ADR,Shrublands,36.765277778,-116.69333333,0.3,1.6,0.2425617530570303,3.6831507649374986,0.4126378812729167,1.4529324649166673,0.288482432880609,0.9574851883550392,0.27452239675617146,0.017794443229358383,0.48329823870167543,-0.2745223967561714,1,0.29492783172719156,0.2622326053439732,0.26640675319734974,0.013766977805076542,6
1288,US-ADR,2017-01-24,US-ADR,Shrublands,36.765277778,-116.69333333,0.4,1.1,0.8075705483218275,2.4241360285416658,0.1381672004916666,3.325074280625,0.401487989205973,0.9158642882672872,0.06017014267094294,0.016527956579621084,0.4033463927960826,0.06017014267094295,1,0.06316629004395186,0.04234905840466954,0.07499507956420742,0.013766977805076542,6
1289,US-ADR,2017-01-25,US-ADR,Shrublands,36.765277778,-116.69333333,0.3,1.3000001,0.8004252095176081,1.6851484493125006,0.1636534407,2.638931717291667,0.4171936026123168,0.9088176373395028,0.06205245614522556,0.0517317025631151,0.46500183070733503,0.06205245614522559,1,0.10306095967395956,0.003933100648063043,0.07916330811365407,0.01972063107082288,6
1290,US-ADR,2017-02-01,US-ADR,Shrublands,36.765277778,-116.69333333,0.1,2.6000001,0.5980287771729449,7.936475524874999,0.3903198183770834,1.8410080248541665,0.5234156073655503,0.8520775211013093,0.26785985777028265,0.09465483800715618,0.6329831194159226,0.26785985777028265,1,0.31615396190363443,0.3286262792377209,0.15879933216949255,-0.027584572772200066,6
1291,US-ADR,2017-02-02,US-ADR,Shrublands,36.765277778,-116.69333333,1.2,3.2,0.3980822446567469,8.82321098139583,0.4569053996249999,1.7591071445000006,0.5380051715382996,0.8429415373547828,0.09499311855976499,0.1366155141669464,0.679684672795749,-0.094993118559765,1,-0.012724601617698256,0.24865913410804485,0.049044823188948344,-0.027584572772200066,6
1292,US-ADR,2017-02-09,US-ADR,Shrublands,36.765277778,-116.69333333,0.4,3.4,0.4641206485195326,15.292897115541669,0.6417824499791667,3.2061756021875,0.6354323008901774,0.7721565844991642,0.17938980051388712,0.055978145931380244,0.8003691363447787,-0.051148503474821944,1,0.1546324620086152,0.14005910442022984,0.2434778351128164,-0.027584572772200066,6
1293,US-ADR,2017-02-25,US-ADR,Shrublands,36.765277778,-116.69333333,0.2,2.2,1.0914758618845264,3.3892175181041675,0.3208242184104167,1.736857305645833,0.8214765533024142,0.5702422926917871,0.2354385909564157,0.056978774631398665,0.6849663732426045,0.23543859095641573,1,0.2729716067415964,0.2634698960794754,0.16987427004817518,-0.027584572772200066,6
1294,US-ADR,2017-02-26,US-ADR,Shrublands,36.765277778,-116.69333333,0.8,3.0,0.7481068225485445,5.2516006791875,0.3069731271291666,2.011984083708333,0.8311706263658079,0.5560174366570446,-0.02460296323125194,0.1198188301416763,0.6491850699024455,0.02460296323125194,1,-0.051693719058896276,0.10644186263035887,-0.12855703326521842,-0.027584572772200066,6
1295,US-ADR,2017-03-05,US-ADR,Shrublands,36.765277778,-116.69333333,0.2,4.3,0.6337471754012817,9.6111537159375,0.8025292974541665,5.420619882770833,0.8919813464595485,0.4520722039323043,0.20717867322306402,0.15639157857245095,0.9690088101707456,0.20717867322306402,1,0.26751651739357973,0.324413395153224,0.029606107122388342,-0.04827411196376509,6
1296,US-ADR,2017-03-06,US-ADR,Shrublands,36.765277778,-116.69333333,0.1,2.5,0.7544896287274552,3.9119546210208345,0.5255663399041667,1.6521727272499993,0.8996308696522433,0.436651231956064,0.34744426863407446,0.07242471186312079,0.8474877567738662,0.34744426863407446,1,0.39001275083105447,0.3885000799179824,0.26381997515318656,-0.027584572772200066,6
1297,US-ADR,2017-03-14,US-ADR,Shrublands,36.765277778,-116.69333333,0.2,4.0,0.9073746077665512,17.068995531270833,1.4042674304458336,1.7557921252708335,0.9510565162951536,0.3090169943749474,0.6868609896444888,0.1399064802848038,0.9497910890847777,0.6868609896444888,1,0.8434007967632059,0.6431640497432887,0.5740181224269719,0.0072250419524945335,6
1298,US-ADR,2017-03-21,US-ADR,Shrublands,36.765277778,-116.69333333,1.5,5.3,0.6541540603983221,17.783602999583334,0.9442797248666664,2.7562781778125007,0.9813064702716092,0.1924515819708299,0.1744386021310882,0.10247136262369103,0.7852090611315216,-0.17443860213108808,1,0.18091677766820252,0.27351718189477464,0.06888184683028747,-0.04827411196376509,6
1299,US-ADR,2017-03-29,US-ADR,Shrublands,36.765277778,-116.69333333,0.1,4.4,0.5441610100830824,16.168071773749997,1.1997282760104166,2.5042097692916663,0.9984354211555644,0.0559169901006034,0.5867234682640361,0.09338980716500205,0.9238614500233726,0.3015985519021287,1,0.6093518579440472,0.6667198591613012,0.48409868768676,0.0072250419524945335,6
1300,US-ADR,2017-03-30,US-ADR,Shrublands,36.765277778,-116.69333333,0.6,6.0,0.7794127975166418,10.987745709145834,0.7122307112812502,8.064875111083332,0.9992500112396836,0.0387222808921744,-0.12663870293933263,0.0912583573764599,1.452296100513806,-0.12663870293933266,1,-0.05422166994692382,-0.22914139557855848,-0.09655304329251556,0.14664434321507525,6
1301,US-ADR,2017-04-06,US-ADR,Shrublands,36.765277778,-116.69333333,0.0,7.3,0.4093331257582257,18.255419905229168,1.8323253635604169,3.1054166190833343,0.9966589017541702,-0.0816763953304224,0.10104349054752952,0.17355755092997854,1.0303519218742359,0.10104349054752954,1,-0.03510643484666795,0.29647473242307293,0.041762174066183516,-0.07753498913941685,6
1302,US-ADR,2017-04-14,US-ADR,Shrublands,36.765277778,-116.69333333,0.3,4.5,0.3663932589507566,14.548313371145838,1.37678478663125,4.007369560124999,0.9760105506323684,-0.2177232303965317,0.4082339923274376,0.3058441208035603,0.843978236209024,-0.27544747442592443,1,0.7330168336794561,0.125727186697689,0.36595795660516783,-0.04827411196376509,6
1303,US-ADR,2017-04-15,US-ADR,Shrublands,36.765277778,-116.69333333,0.2,5.4,0.3307409607256033,16.292786587625002,1.6591417081604165,1.8158566638125,0.9721181966290612,-0.2344913895704098,0.6059465855409529,0.044126403870545845,0.9626033515964156,-0.3444646640897464,1,0.5690749748095962,0.6548373208868988,0.5939274609263637,-0.011493169696884705,6
1304,US-ADR,2017-04-22,US-ADR,Shrublands,36.765277778,-116.69333333,0.1,6.2000003,0.3337741877781389,19.826013037479164,2.025261408045833,2.2956277502083333,0.9368813462954316,-0.3496474552512284,0.4072731200898599,0.030116021874881653,0.8745675840805747,0.060275255466417876,1,0.4420220356341553,0.38873271851978775,0.39106460611563665,-0.060824123721400246,6
1305,US-ADR,2017-04-23,US-ADR,Shrublands,36.765277778,-116.69333333,0.0,7.5,0.3737763267564939,21.998396472291667,2.2293014952041665,2.574978696104167,0.9307239310379796,-0.3657225234972689,0.1381961718407641,0.10635534048787582,1.004841861943704,0.1381961718407641,1,0.11008941930246563,0.2557819889031504,0.04871710731667628,-0.08793666303091875,6
1306,US-ADR,2017-04-30,US-ADR,Shrublands,36.765277778,-116.69333333,0.0,5.1,0.2522065070159554,18.014277994374996,1.9416134517083328,1.9452121733125,0.8800122039735357,-0.4749510720670499,0.692310858246192,0.21524794578328513,1.0468357391341536,-0.18789784421428124,1,0.9058005457842339,0.4753467187522119,0.6957853102021303,0.0072250419524945335,6
1307,US-ADR,2017-05-01,US-ADR,Shrublands,36.765277778,-116.69333333,0.9,6.9,0.2504974419306252,22.64149242104167,2.3399710810000003,4.4078757407083335,0.8717063187093218,-0.4900286664290592,0.1853742119562766,0.08108741042086785,0.9601997824874374,-0.18537421195627657,1,0.25384875562728104,0.09583236724883143,0.2064415129927173,-0.07753498913941685,6
1308,US-ADR,2017-05-09,US-ADR,Shrublands,36.765277778,-116.69333333,0.7,6.2000003,0.5866497064622689,21.302847158958333,1.560636483266667,5.2022966432291655,0.7961828637826158,-0.6050560696488488,0.4216537752017849,0.1159323835020204,1.0598494519944488,-0.4216537752017848,1,0.5444942718532754,0.4063092995908938,0.3141577541611855,-0.05487047045565391,6
1309,US-ADR,2017-05-17,US-ADR,Shrublands,36.765277778,-116.69333333,0.8,6.0,0.1596052890253633,17.02187146035417,1.4260997217979163,5.776817527312499,0.705583610107178,-0.7086266782644596,0.33134550320254375,0.1798158193277498,1.057615044356742,-0.33134550320254375,1,0.5389788642907293,0.22766811704931433,0.22738952826758763,-0.05487047045565391,6
1801,US-Bi1,2016-08-14,US-Bi1,Croplands,38.0991537999999,-121.49933,6.7,7.9,5.498392753842379,24.832992812499995,1.5266970124999997,2.1073372916666666,-0.6932812268869771,-0.7206671495538615,-2.347261684020455,0.2693168017085448,0.8966578588649362,0.05595280829478799,1,-2.0435705120652687,-2.44113922932145,-2.557075310674646,0.07560282502536064,6
1802,US-Bi1,2016-08-22,US-Bi1,Croplands,38.0991537999999,-121.49933,2.6,6.2000003,2.6014070477219744,21.516518500000004,0.9392607270833332,3.640797875000001,-0.7856498550787144,-0.6186714032625032,0.0709313052562043,0.21919190831100682,0.8417533738628658,-0.06811720981225568,1,-0.010740368072612139,-0.09569947226290894,0.31923375610413396,-0.0694776841986779,6
1803,US-Bi1,2016-08-30,US-Bi1,Croplands,38.0991537999999,-121.49933,3.9,6.6,4.502668127407176,23.87836302083333,1.3093159270833332,3.1701639375000004,-0.8631421280499115,-0.5049610547215202,-0.8001370102092439,0.16346221756485874,0.7641039352477004,-0.800137010209244,1,-0.890870444985838,-0.8981072365286049,-0.6114333491132886,-0.06827469462733832,6
1804,US-Bi1,2016-08-31,US-Bi1,Croplands,38.0991537999999,-121.49933,3.6,6.4,4.1911298393230325,23.12614616666667,1.0941579291666668,3.3093780000000006,-0.8717063187093218,-0.4900286664290594,-0.6152447993836293,0.2597145055956444,0.8545842400314558,-0.6152447993836292,1,-0.7655378685659919,-0.76484394202251,-0.31535258756238616,-0.11123700606658107,6
1805,US-Bi1,2016-09-07,US-Bi1,Croplands,38.0991537999999,-121.49933,4.1,6.5,4.461179603913123,24.6650389375,1.43608581875,1.0627555,-0.9242907221930934,-0.3816892202666586,-1.0557738142312971,0.12073449798720211,0.8425656054141616,-1.0557738142312971,1,-0.9476057498821849,-1.1860258934823436,-1.0336897993293626,-0.20985845369925898,6
1806,US-Bi1,2016-09-15,US-Bi1,Croplands,38.0991537999999,-121.49933,3.6,5.2000003,4.571204558072046,21.73857385416666,1.1271488729166663,1.8212609791666663,-0.9679377830240642,-0.2511900638848195,-0.8932789083615038,0.09189110666542585,0.6844206617011486,-0.8932789083615038,1,-0.9478172284413328,-0.944833312161023,-0.7871861844821557,-0.00031103704306249076,6
1807,US-Bi1,2016-09-16,US-Bi1,Croplands,38.0991537999999,-121.49933,3.9,5.5,4.093535563276611,21.612907145833336,1.040020322916667,1.4438148958333332,-0.9721181966290612,-0.2344913895704105,-0.9227104657690587,0.13337683293439306,0.5584001237693602,-0.9227104657690588,1,-0.9290948276418994,-1.0527804681639061,-0.7862561015013703,0.026520464062306095,6
1808,US-Bi1,2016-09-23,US-Bi1,Croplands,38.0991537999999,-121.49933,3.3,5.4,4.32607795393433,19.03486539583333,1.0460447041666665,2.5967738958333317,-0.9932568492674144,-0.1159345995955006,-1.0772562456168133,0.11400401383266537,0.7413140550263617,-1.0772562456168133,1,-1.0569114611590558,-1.200062924272979,-0.9747943514184053,-0.036167828508575556,6
1809,US-Bi1,2016-10-01,US-Bi1,Croplands,38.0991537999999,-121.49933,1.6,4.4,2.0977142051962945,18.180760916666667,0.9037571979166664,3.703003937500001,-0.9997685019798908,0.0215160974362222,0.07797838507768265,0.05793230469678868,0.8367925641594136,0.07797838507768262,1,0.03319328811547942,0.05733753670185343,0.1434043304157151,-0.04827411196376509,6
1810,US-Bi1,2016-10-09,US-Bi1,Croplands,38.0991537999999,-121.49933,2.1,4.4,2.68099128970776,20.226091229166663,1.333922389583333,0.874067416666667,-0.9873494423939864,0.1585593851031347,-0.4872919971902941,0.139845436495374,0.7379334870353456,-0.48729199719029404,1,-0.5635328079046806,-0.5724487194553467,-0.32589446421085494,-0.06288132570678902,6
1811,US-Bi1,2016-10-18,US-Bi1,Croplands,38.0991537999999,-121.49933,2.2,3.0,3.3990208160106965,18.538226729166663,0.4590899062500001,2.294488375,-0.9510565162951536,0.3090169943749472,-0.24307518419234556,0.13950575574090948,0.7367147801592612,-0.24307518419234553,1,-0.2964825168232792,-0.0847561749233351,-0.3479868608304224,-0.042191786515224025,6
1812,US-Bi1,2016-11-02,US-Bi1,Croplands,38.0991537999999,-121.49933,1.4,1.8000001,2.3694705896629875,17.907754062500004,0.2999367291666667,0.9374472708333336,-0.8406184056344783,0.5416278206559811,0.3793661798116605,0.1969908539329897,0.7763003240148604,0.37936617981166054,1,0.3199869212133606,0.21889541820490788,0.5992162000167129,-0.027584572772200066,6
1813,US-Bi1,2016-11-18,US-Bi1,Croplands,38.0991537999999,-121.49933,1.0,1.9,1.2382307524849647,14.744861687499997,0.4464722999999999,1.7921314374999997,-0.661634618242279,0.749826401204568,0.2066999755411337,0.14792830259481568,0.6640297174369112,0.2066999755411337,1,0.09323382573503014,0.152857929622558,0.37400817126581287,-0.027584572772200066,6
1814,US-Bi1,2016-12-04,US-Bi1,Croplands,38.0991537999999,-121.49933,0.5,1.0,0.7412457660443595,14.012973687500002,0.2347529,0.9849377916666668,-0.4327755925504317,0.9015016841318838,0.5495419722495923,0.1524946602493209,0.7117780433474307,-0.06705044016087325,1,0.3976491241833563,0.5483453898965104,0.7026314026689104,0.04591781382544429,6
1815,US-Bi1,2016-12-20,US-Bi1,Croplands,38.0991537999999,-121.49933,0.6,0.90000004,0.5815223853727537,13.336000604166667,0.1934218854166667,1.0094344791666667,-0.1712931441814778,0.9852201067560606,0.5516831604560459,0.10249887113516357,0.7652894051322413,-0.5516831604560459,1,0.45573000931823093,0.539653376578428,0.6596660954714787,0.04591781382544429,6
1816,US-Bi1,2016-12-21,US-Bi1,Croplands,38.0991537999999,-121.49933,0.5,0.8,0.5117059103085462,14.617943604166667,0.2457559291666666,1.1562925416666667,-0.154308820664281,0.9880226656636976,0.5167000301994639,0.15309102447280676,0.8790070059722414,-0.4932882095823715,1,0.3754362232665479,0.4952978942443663,0.6793659730874771,-0.027584572772200066,6
1817,US-Bi1,2016-12-28,US-Bi1,Croplands,38.0991537999999,-121.49933,0.6,0.8,0.6089164062423037,13.007986249999997,0.2115180770833333,1.1234730208333337,-0.0344216116227458,0.9994074007397048,0.5052975843876459,0.11650560544091473,0.8045202800327484,-0.4874647719030385,1,0.397380770925291,0.4896928749705902,0.6288191072670565,-0.027584572772200066,6
1818,US-Bi1,2017-01-05,US-Bi1,Croplands,38.0991537999999,-121.49933,0.6,0.6,1.6912473029448185,14.15491979166667,0.2258640229166666,2.9591569583333333,0.0859647987374464,0.9962981749346078,0.16536344526021327,0.2118450111583308,1.0684957525034855,0.1653634452602133,1,0.05297337905210098,0.03339720839625657,0.4097197483322822,-0.027584572772200066,6
1819,US-Bi1,2017-01-06,US-Bi1,Croplands,38.0991537999999,-121.49933,0.5,0.7,0.683099558760221,12.16524514583333,0.17857724375,1.345445625,0.1031016974474348,0.9946708199115212,0.43410623321851105,0.1599492960532346,0.8202177404367219,-0.06790711569806906,1,0.30394934565671905,0.38570267061471386,0.6126666833841004,-0.027584572772200066,6
1820,US-Bi1,2017-01-13,US-Bi1,Croplands,38.0991537999999,-121.49933,0.7,1.2,1.3466683680517066,15.816686916666674,0.1975403145833332,1.9401604583333332,0.2219215130041655,0.9750645322571948,0.19348080826782008,0.2666746941843637,0.8705650219944943,0.1934808082678201,1,0.10072492181574749,-0.014429769019145888,0.4941472720068586,-0.027584572772200066,6
1821,US-Bi1,2017-02-14,US-Bi1,Croplands,38.0991537999999,-121.49933,1.2,1.4,1.4944272962676202,17.3327220625,0.25911940625,0.9515681458333334,0.6994583270516471,0.7146733860429609,0.15867082013941583,0.37066413117794755,1.0663196443563039,0.15867082013941583,1,0.28039000853156626,-0.2575480676241273,0.45317051951080856,-0.11180057186357627,6
1822,US-Bi1,2017-02-22,US-Bi1,Croplands,38.0991537999999,-121.49933,2.1,1.6,3.184345570930763,16.237314604166666,0.2743204916666667,4.091003958333333,0.7909456567567772,0.6118864012687243,-0.19873993945072924,0.41626797517782416,1.1533170871535048,-0.1987399394507292,1,0.28041815500065403,-0.47125327807513,-0.40538469527771176,-0.143054812989528,6
1823,US-Bi1,2017-03-02,US-Bi1,Croplands,38.0991537999999,-121.49933,2.0,2.1000001,1.95652068628956,14.88341825,0.3607701916666667,1.0308311666666663,0.8674563547295968,0.4975132889071806,-0.09691064302353163,0.23267663772315178,0.8354544513274137,-0.00995201560265184,1,0.06355503408363539,-0.36376205673793516,0.009475093583704935,-0.042191786515224025,6
1824,US-Bi1,2017-03-27,US-Bi1,Croplands,38.0991537999999,-121.49933,3.3,3.2,4.7570962152579455,17.02094929166667,0.4096281145833332,3.2553040624999987,0.995918996147179,0.0902516100310411,-1.1216544077977846,0.24670493062675852,0.8922327899522031,-1.1216544077977844,1,-0.8431515518855147,-1.3127753087807958,-1.2090363627270428,0.018744534484894895,6
1825,US-Bi1,2017-04-03,US-Bi1,Croplands,38.0991537999999,-121.49933,4.7,4.9,6.366404587954102,17.519997875000005,0.8698041291666665,3.3807609375,0.9995462806873572,-0.0301203048469081,-2.032882204598143,0.09293801080770986,0.9095688709720532,-2.032882204598143,1,-1.9268497915148006,-2.0715694410202765,-2.1002273812593515,-1.0318153555658882,6
1826,US-Bi1,2017-04-19,US-Bi1,Croplands,38.0991537999999,-121.49933,3.7,3.9,5.235732943613134,18.327581291666664,0.4741456250000002,2.211378666666667,0.9536809966304456,-0.3008198076356673,-1.1872467478926139,0.09588593158698669,0.7373086669978284,-1.1872467478926136,1,-1.1183131759356366,-1.2967484182199405,-1.146678649522265,0.020350895042224825,6
1827,US-Bi1,2017-04-27,US-Bi1,Croplands,38.0991537999999,-121.49933,2.8,4.6,2.617792942847261,19.0622425,0.6980894333333332,4.422963791666668,0.9033558023246844,-0.4288919379124835,-0.3107787316502411,0.05832127676015028,1.027033578511848,0.053635382655236874,1,-0.25334871993026514,-0.3090352963433438,-0.3699521786771144,-0.06288132570678902,6
1828,US-Bi1,2017-04-28,US-Bi1,Croplands,38.0991537999999,-121.49933,4.1,5.8,3.211408338589946,18.58745625,1.1629799791666666,6.613216020833333,0.895839290734909,-0.4443781781046132,-1.245661611009663,0.1062973598876807,1.6369550272831297,0.5315217118104445,1,-1.3048811418127646,-1.309158849091666,-1.1229448421245585,0.9900013370475649,6
1829,US-Bi1,2017-05-05,US-Bi1,Croplands,38.0991537999999,-121.49933,5.4,4.8,6.168864035068685,19.088671229166668,0.6309093062500001,4.8451456041666665,0.835925479418637,-0.548842958284719,-1.311517475765616,0.14010945172954198,1.1983180098336637,-1.311517475765616,1,-1.370965597865541,-1.1514857056265626,-1.4121011238047445,-0.40483003488413855,6
1830,US-Bi1,2017-05-13,US-Bi1,Croplands,38.0991537999999,-121.49933,5.8,5.2000003,6.405572002083192,16.1538670625,0.6716448291666667,3.674711604166667,0.7526668275320084,-0.6584015846980488,-2.3088789951088127,0.0799404125803369,0.8818548116138063,-2.3088789951088127,1,-2.3976961185540553,-2.2862444661017647,-2.2426964006706176,0.585968842965727,6
1831,US-Bi1,2017-05-14,US-Bi1,Croplands,38.0991537999999,-121.49933,5.0,5.2000003,6.425272319278425,16.992830770833336,0.6345506416666665,3.1720238958333336,0.741222010848596,-0.6712599575675313,-1.6712697789353914,0.12251770376511295,0.7755676355592833,-1.6712697789353914,1,-1.8124623015494827,-1.6083606109852626,-1.592986424271429,-0.07827495912989037,6
1832,US-Bi1,2017-05-21,US-Bi1,Croplands,38.0991537999999,-121.49933,7.1,6.4,7.228444158353463,24.847056729166663,1.3714050520833334,1.3386990624999997,0.6551563572090853,-0.7554933140726803,-2.4209704848209364,0.2811719719594759,0.8691320150627053,-2.4209704848209364,1,-2.099620542825795,-2.5415413550260757,-2.6217495566109394,2.5275901333552295,6
1833,US-Bi1,2017-05-29,US-Bi1,Croplands,38.0991537999999,-121.49933,4.0,5.4,1.7986677900952124,20.724969604166667,0.7323048000000001,3.8269408125000006,0.545240438540651,-0.8382797052177743,-0.13944936510163278,0.0631361659843566,0.8538187918360887,0.13944936510163286,1,-0.08623787827839792,-0.20921271164120156,-0.12289750538529888,-0.08857248738281821,6
1834,US-Bi1,2017-05-30,US-Bi1,Croplands,38.0991537999999,-121.49933,3.3,5.3,1.9031277801745297,20.4633969375,0.8135706999999998,4.17165025,0.5307300481619334,-0.8475409228928311,0.0740761540795102,0.08057474041176088,0.9183018299255774,-0.07407615407951029,1,0.1663572566569243,0.01766733259834946,0.03820387298325681,-0.08197612889092933,6
1835,US-Bi1,2017-06-06,US-Bi1,Croplands,38.0991537999999,-121.49933,5.3,6.9,5.533477007947097,23.23442583333333,1.2233222708333336,2.676113645833333,0.4250003399695541,-0.9051931898913974,-0.9567696932546067,0.07819648749481314,0.7585203698544776,-0.9567696932546066,1,-1.0467175339133095,-0.9049598291605713,-0.9186317166899391,-0.3055504248649646,6
1836,US-Bi1,2017-06-14,US-Bi1,Croplands,38.0991537999999,-121.49933,6.8,7.4,8.364614985510368,24.39281864583333,1.3228408145833332,2.4021808958333337,0.2967128192734907,-0.9549667548552552,-1.944528058975849,0.15123495760890973,0.7678753460133505,-1.9445280589758491,1,-1.8816625598394574,-2.1170563760389802,-1.8348652410491084,-0.6593742899118777,6
1837,US-Bi1,2017-06-15,US-Bi1,Croplands,38.0991537999999,-121.49933,7.2,7.5,8.54298397615364,25.12517572916666,1.3352869979166673,4.133813479166667,0.2802306751992158,-0.9599326896597448,-2.1516948337621202,0.05030557554246222,1.2974865568976075,-2.1516948337621202,1,-2.1084739705323234,-2.206915065538754,-2.139695465215284,-1.3136176246178395,6
1838,US-Bi1,2017-06-22,US-Bi1,Croplands,38.0991537999999,-121.49933,8.7,8.7,9.195385241876984,31.204772791666674,2.088231158333333,3.082445916666668,0.1628070129385171,-0.986657932891657,-3.271783682537819,0.27295283269531334,1.547531081398547,-3.271783682537819,1,-2.9572985675299566,-3.4471254998405514,-3.410926980242948,-10.499193471162044,6
1839,US-Bi1,2017-06-30,US-Bi1,Croplands,38.0991537999999,-121.49933,3.6,7.2000003,2.956434014111041,24.12417033333334,1.1389493000000002,3.1364979374999984,0.025818440227133,-0.9996666485105112,-0.048549263865179125,0.1746304998954078,0.9834114590432842,0.048549263865179104,1,-0.2492624789745469,0.03503041148884545,0.06858427589016408,-0.11123700606658107,6
1840,US-Bi1,2017-07-01,US-Bi1,Croplands,38.0991537999999,-121.49933,3.3,6.7000003,3.3152368848148046,23.39288258333333,1.03046166875,2.175298520833334,0.0086069968886886,-0.9999629591162656,0.13883096908101158,0.1208149344356602,0.8949898275074115,-0.10835719945140201,1,0.020198937220630625,0.26171646782490005,0.13457750219750408,-0.11123700606658107,6
1841,US-Bi1,2017-07-08,US-Bi1,Croplands,38.0991537999999,-121.49933,6.2,9.8,7.610824476492882,29.25238520833333,2.3251354041666668,2.6423284375,-0.1116590071216944,-0.993746580436178,-2.1695525645963483,0.06083428230521658,1.2246082763234092,-2.1695525645963483,1,-2.170893190148305,-2.2297054541854036,-2.1080590494553357,-2.009871593865643,6
1842,US-Bi1,2017-07-16,US-Bi1,Croplands,38.0991537999999,-121.49933,6.8,9.5,8.535640993880419,30.123278833333345,2.248090652083333,2.38500025,-0.2470221804809352,-0.9690098257244064,-2.397951242022584,0.094572705292719,1.2279636943109595,-2.397951242022584,1,-2.2941979554306164,-2.4793310754411166,-2.420324695196019,2.9638550516819273,6
1843,US-Bi1,2017-07-17,US-Bi1,Croplands,38.0991537999999,-121.49933,6.9,9.5,7.985520280619688,29.188308479166675,2.4050361354166667,3.212433583333333,-0.2636654927280072,-0.9646141756912436,-2.6672498466144785,0.12261458207964537,1.182354687438219,-2.6672498466144785,1,-2.564943801004229,-2.803163948413805,-2.6336417904254024,-10.7431192606455,6
1844,US-Bi1,2017-07-24,US-Bi1,Croplands,38.0991537999999,-121.49933,5.6,6.9,2.930651294980859,23.25458410416667,0.9318427270833336,3.225366395833333,-0.3777079652039646,-0.92592477719385,-0.9124061852810071,0.1300409576618302,0.8826520985140434,0.9124061852810073,1,-0.9304263726043721,-1.0324972353254478,-0.7742949479132016,-0.2667265140244649,6
1845,US-Bi1,2017-08-01,US-Bi1,Croplands,38.0991537999999,-121.49933,2.8,8.5,3.109121497033976,28.6336055,1.9365026479166667,2.1976822916666667,-0.5012418134457756,-0.8653072543632061,-0.7615432923556197,0.11775922207658815,1.125512582613419,-0.7615432923556198,1,-0.8826015967467007,-0.7546415546749567,-0.6473867256452017,-0.15213956233811038,6
1846,US-Bi1,2017-08-09,US-Bi1,Croplands,38.0991537999999,-121.49933,3.1,6.2000003,3.3009561123129862,23.595767270833324,0.7502929666666666,2.678892312499999,-0.6152845999633277,-0.7883050558305253,-0.026567768377437462,0.29011404678508607,0.973172796719495,-0.026567768377437462,1,-0.34962519509066103,0.2117176021894237,0.058204287768924945,-0.08857248738281821,6
1847,US-Bi1,2017-08-17,US-Bi1,Croplands,38.0991537999999,-121.49933,4.5,6.2000003,4.007525230767603,24.876033333333336,1.0132418770833331,2.9028333125,-0.7176769136759615,-0.6963762255968726,-0.6378446980189627,0.10539040689980034,0.931660656155916,0.3471048404458321,1,-0.7456763541347312,-0.6327795436616884,-0.5350781962604685,-0.08857248738281821,6
1848,US-Bi1,2017-08-18,US-Bi1,Croplands,38.0991537999999,-121.49933,4.6,6.8,4.092646149257946,24.88121783333333,1.0104142270833332,2.5701803541666663,-0.7295575540864876,-0.6839194216246105,-0.8902593201795623,0.09385717786087351,0.9690944536141337,0.12444838130454539,1,-0.9496693401252677,-0.782055858097475,-0.9390527623159445,-0.12069568021510844,6
1849,US-Bi1,2017-08-25,US-Bi1,Croplands,38.0991537999999,-121.49933,3.4,6.6,2.4956902192781296,25.78476385416667,1.1962706854166665,1.6374285208333332,-0.8064799463209447,-0.5912614448635782,-0.7763679659986771,0.020713307888479113,0.8103430087033969,0.7763679659986771,1,-0.7680960862657488,-0.7610688054551636,-0.7999390062751187,-0.12664933348085478,6
1850,US-Bi1,2017-09-02,US-Bi1,Croplands,38.0991537999999,-121.49933,2.0,6.8,2.3989720358932,32.06158060416667,2.0444282687499995,1.1845760833333334,-0.8800122039735356,-0.4749510720670502,-0.6839809726204077,0.17627273078869274,0.8451014671074623,-0.6839809726204078,1,-0.808207796022554,-0.7615022553196229,-0.48223286651904623,-0.09214220288244075,6
1851,US-Bi1,2017-09-03,US-Bi1,Croplands,38.0991537999999,-121.49933,3.0,8.0,2.579555418105501,32.07018983333334,2.042794622916667,1.5240104375,-0.888057322629493,-0.4597327394521046,-1.3659452805255858,0.11414859472771331,1.037134215706536,-0.5250561167365877,1,-1.409846941103813,-1.4516252303468447,-1.2363636701260998,-0.4529513101770238,6
1852,US-Bi1,2017-09-10,US-Bi1,Croplands,38.0991537999999,-121.49933,2.2,5.9,3.0741456689607616,28.67099256249999,1.4657858562500004,1.5210576666666666,-0.9368813462954316,-0.3496474552512282,-0.4780270121602201,0.1281095139156209,0.9943748942126185,-0.47802701216022014,1,-0.5797372916747949,-0.5201950514310487,-0.33414869337481645,-0.0694776841986779,6
1853,US-Bi1,2017-09-19,US-Bi1,Croplands,38.0991537999999,-121.49933,3.3,4.6,2.928924270911367,21.76634708333333,0.9610381270833334,3.43310575,-0.97961369164549,-0.2008905551306352,-0.18934986233841142,0.15460512867005,0.8200474636527202,0.18934986233841142,1,-0.04406357535747785,-0.3518354619537698,-0.1721505497039866,-0.08197612889092933,6
1854,US-Bi1,2017-09-26,US-Bi1,Croplands,38.0991537999999,-121.49933,2.6,5.8,2.873848540823027,23.27501991666667,1.3915970729166665,1.2757745625000003,-0.99665890175417,-0.0816763953304228,-0.8227775315809245,0.07949990604898956,0.9927420309041388,-0.8227775315809245,1,-0.8166336107479711,-0.9051711425059287,-0.7465278414888739,-0.06949401091220532,6
1855,US-Bi1,2017-10-04,US-Bi1,Croplands,38.0991537999999,-121.49933,1.4,4.1,1.3138668646164606,19.02604964583334,0.9486274041666668,1.2119274375000002,-0.9984354211555644,0.055916990100603,-0.3821360305637893,0.14749164477159657,0.6891438213029384,-0.20986975979671074,1,-0.511116591317264,-0.41396187805886914,-0.2213296223152347,-0.04827411196376509,6
1856,US-Bi1,2017-10-05,US-Bi1,Croplands,38.0991537999999,-121.49933,1.3,4.4,1.441478862835075,20.10638775,1.1556950437499998,1.6776663541666668,-0.9973249731081556,0.0730951298980777,-0.3331656594191195,0.2160548622511436,0.6998813606848192,-0.3331656594191195,1,-0.5052727474119956,-0.40352204541218034,-0.09070218543318258,-0.04827411196376509,6
1857,US-Bi1,2017-10-12,US-Bi1,Croplands,38.0991537999999,-121.49933,1.6,4.6,1.5855798256107538,18.1812328125,1.110893441666667,3.329062854166668,-0.9813064702716092,0.1924515819708299,-0.16343066887976895,0.14070437131176972,0.8886837595323411,-0.13459032010127644,1,-0.10219270102800077,-0.32437675503799657,-0.06372255057330947,-0.04827411196376509,6
1858,US-Bi1,2017-10-21,US-Bi1,Croplands,38.0991537999999,-121.49933,1.5,2.8,1.813627332697337,17.294413875000004,0.50182261875,1.8564212499999997,-0.9398560579418952,0.341570769167856,-0.11607020381633464,0.101070390506365,0.6127378363549039,-0.11607020381633465,1,-0.22039728399139355,-0.10920698485039583,-0.01860634260721447,-0.027584572772200066,6
1859,US-Bi1,2017-10-28,US-Bi1,Croplands,38.0991537999999,-121.49933,1.6,3.2,1.8024963882055267,21.28002052083333,0.8492909229166666,0.7787801041666667,-0.8919813464595487,0.4520722039323037,0.11324786743013619,0.1370719150905325,0.7887786842935192,0.11324786743013619,1,0.025273819334184655,0.04328694260322191,0.271182840353002,-0.027584572772200066,6
1860,US-Bi1,2017-11-05,US-Bi1,Croplands,38.0991537999999,-121.49933,1.2,1.6,1.9586330878456424,15.574752729166669,0.42852458125,2.040383416666667,-0.8214765533024145,0.5702422926917867,-0.031660450656614485,0.08854260341173416,0.8174361699665805,-0.03166045065661449,1,-0.08884712606565294,-0.07646367782861786,0.07032945192442736,-0.027584572772200066,6
1861,US-Bi1,2017-11-06,US-Bi1,Croplands,38.0991537999999,-121.49933,1.0,1.7,1.3750840244944351,15.952833374999996,0.3590698645833334,1.4839041041666663,-0.8115390590073611,0.5842981736283683,0.20356283603488542,0.19646573031529144,0.7501328942184593,0.20356283603488542,1,0.09290545729277633,0.0873835326307783,0.43039951818110156,-0.027584572772200066,6
1862,US-Bi1,2017-11-13,US-Bi1,Croplands,38.0991537999999,-121.49933,1.0,1.3000001,1.6992504093369043,20.090015833333336,0.3483510895833333,1.8304511875,-0.7354170229639858,0.6776147890466887,0.31386989612947125,0.22859198712686535,0.9415670661593054,0.31386989612947125,1,0.08060249299226191,0.32352679856001065,0.5374803968361412,-0.027584572772200066,6
1863,US-Bi1,2017-12-07,US-Bi1,Croplands,38.0991537999999,-121.49933,0.8,1.5,1.1052536552329562,14.315239729166668,0.2941475875,1.1567946458333334,-0.4014879892059737,0.9158642882672868,0.46967594055610346,0.0940832282985804,0.6440345065092817,0.14083136990980877,1,0.37196136666505863,0.47741692435978866,0.5596495306434631,-0.027584572772200066,6
1864,US-Bi1,2017-12-08,US-Bi1,Croplands,38.0991537999999,-121.49933,1.0,1.2,0.8887107656025649,14.59124016666667,0.2625175416666666,0.9062821875,-0.3856634062436074,0.9226395488404876,0.5596049571127725,0.07292781224874312,0.7423968667806073,-0.5596049571127725,1,0.5141009592926536,0.5209932416944286,0.6437206703512353,0.04591781382544429,6
1865,US-Bi1,2018-01-25,US-Bi1,Croplands,38.0991537999999,-121.49933,1.1,1.1,1.5824701155890637,17.990268083333333,0.1975796083333333,2.3737839374999994,0.4171936026123168,0.9088176373395028,0.0020331425420753537,0.39933417802501425,0.9807699925766109,0.0020331425420753724,1,-0.013937873367877107,-0.3890759256713259,0.40911322666542904,-0.11180057186357627,6
1866,US-Bi1,2018-02-01,US-Bi1,Croplands,38.0991537999999,-121.49933,1.0,1.7,1.06990386425234,19.51422439583333,0.40249530625,1.2647923541666668,0.5234156073655503,0.8520775211013093,0.12800929848885453,0.28789811763821754,0.996831647183012,0.011798430015825395,1,0.1348324587895614,-0.16323975229772808,0.4124351889747303,-0.027584572772200066,6
1867,US-Bi1,2018-02-09,US-Bi1,Croplands,38.0991537999999,-121.49933,1.3,2.1000001,1.5386059399209966,19.539624270833333,0.4478996770833334,1.1786252916666664,0.6354323008901774,0.7721565844991642,0.049951671905207225,0.23046561316331932,1.0069612775890877,0.04995167190520722,1,0.15582729078141627,-0.2144268238882663,0.20845454882247172,-0.027584572772200066,6
1868,US-Bi1,2018-02-10,US-Bi1,Croplands,38.0991537999999,-121.49933,1.3,2.8,3.0988316711048527,18.528696479166666,0.6815170854166669,5.021956020833332,0.6486295610349814,0.7611042586607747,-0.07304563376478493,0.29098579813250336,1.2647586114681115,-0.0730456337647849,1,0.22559383397642424,-0.08901025545274596,-0.35572047981803306,-0.05532485601122934,6
1869,US-Bi1,2018-02-17,US-Bi1,Croplands,38.0991537999999,-121.49933,1.3,1.8000001,1.7806798307040883,15.548181666666665,0.5316791395833332,1.1057692083333337,0.7354170229639855,0.6776147890466889,0.034284467250886776,0.2708299134755009,1.0640224275040393,0.034284467250886796,1,0.2218877440447602,-0.2762026573588978,0.15716831506679796,-0.027584572772200066,6
1870,US-Bi1,2018-02-25,US-Bi1,Croplands,38.0991537999999,-121.49933,1.7,2.6000001,1.9381702754992025,13.50485964583333,0.4195316041666665,2.514859749999999,0.8214765533024142,0.5702422926917871,-0.2507148577600093,0.03806287173765086,0.7989719011570355,-0.2507148577600093,1,-0.2117363699537702,-0.2877907534527963,-0.25261744987346124,-0.048145439780970356,6
1871,US-Bi1,2018-03-05,US-Bi1,Croplands,38.0991537999999,-121.49933,1.4,2.4,1.7198282523321482,14.277974083333335,0.3030736395833333,1.9470931458333325,0.8919813464595485,0.4520722039323043,-0.003902087234350519,0.09493166596205489,0.7087393601592242,-0.0039020872343505375,1,0.09338576319728203,-0.0962876038835542,-0.00880442101677939,-0.027584572772200066,6
1872,US-Bi1,2018-03-29,US-Bi1,Croplands,38.0991537999999,-121.49933,4.5,4.3,3.705877885031836,21.027269666666673,0.7082445125000002,1.3634883958333337,0.9984354211555644,0.0559169901006034,-1.4113464344276074,0.06476005317047795,0.8966355004423987,0.17689779550872076,1,-1.435023111647833,-1.460936311675519,-1.3380798799594698,0.05786562539050077,6
1873,US-Bi1,2018-04-14,US-Bi1,Croplands,38.0991537999999,-121.49933,3.8,4.4,4.408724658486489,19.73385777083333,0.6543513854166668,1.4797787500000004,0.9760105506323684,-0.2177232303965317,-0.6825447502049385,0.10975768714869528,0.7088247691156565,-0.6825447502049387,1,-0.8038133037541277,-0.5900168482319372,-0.6538040986287506,-0.06985427573343894,6
1874,US-Bi1,2018-04-15,US-Bi1,Croplands,38.0991537999999,-121.49933,4.3,2.8,4.565883463162968,17.9250710625,0.4792431666666666,4.299301145833334,0.9721181966290612,-0.2344913895704098,-1.1346466438472145,0.37739093170070775,1.3405286460021002,-1.1346466438472145,1,-0.6997146936977503,-1.3286698293201016,-1.375555408523791,-0.11001247978120805,6
1875,US-Bi1,2018-04-22,US-Bi1,Croplands,38.0991537999999,-121.49933,5.0,5.4,4.5428340386178485,22.41244760416667,0.6969381854166667,1.448097708333334,0.9368813462954316,-0.3496474552512284,-1.313285865184914,0.023007859914485215,0.5987005522204412,-0.398953942420611,1,-1.2874604844870388,-1.3207995832518393,-1.3315975278158638,-0.05253210150454851,6
1876,US-Bi1,2018-05-01,US-Bi1,Croplands,38.0991537999999,-121.49933,2.4,5.1,2.46916573556733,19.612298125,0.6667283520833333,4.160526208333333,0.8717063187093218,-0.4900286664290592,-0.019440344041455903,0.18027430709530498,1.0151141191841877,-0.019440344041455906,1,0.18579452266229574,-0.09192784351500566,-0.15218771127165778,-0.06288132570678902,6
1877,US-Bi1,2018-05-08,US-Bi1,Croplands,38.0991537999999,-121.49933,4.5,5.8,5.2267834772287,22.16633039583333,0.815098475,4.107415770833333,0.8064799463209448,-0.5912614448635781,-0.6870216936412961,0.11379112996950298,0.8379886081519381,-0.6870216936412961,1,-0.5556298960212638,-0.7519640021324511,-0.7534711827701733,-0.08857248738281821,6
1878,US-Bi1,2018-05-09,US-Bi1,Croplands,38.0991537999999,-121.49933,4.7,5.6,5.207503789376872,21.51920916666666,0.6760157791666668,5.181803895833333,0.7961828637826158,-0.6050560696488488,-0.4321374274714018,0.04604720271464433,1.2727532514444824,-0.4321374274714018,1,-0.46101357802524606,-0.37903449961830477,-0.45636420477065454,-0.11631277062184747,6
1879,US-Bi1,2018-05-17,US-Bi1,Croplands,38.0991537999999,-121.49933,5.7,5.7000003,5.2455972485124,20.293217895833333,0.5512937541666666,3.480427687499999,0.705583610107178,-0.7086266782644596,-1.4346300239628096,0.2662462337281409,0.8651958871103282,-0.5258245209876093,1,-1.6680751672777263,-1.1446602856000099,-1.4911546190106924,-0.37322876841828734,6
1880,US-Bi1,2018-05-24,US-Bi1,Croplands,38.0991537999999,-121.49933,3.0,5.1,4.314501903249654,19.167384020833328,0.44206910625,6.427855541666666,0.6152845999633276,-0.7883050558305255,0.35491027910941403,0.13672916744497007,0.9979641264350283,0.3549102791094141,1,0.34362374752633906,0.2241741993833371,0.4969328904185659,-0.08197612889092933,6
1881,US-Bi1,2018-06-01,US-Bi1,Croplands,38.0991537999999,-121.49933,3.2,6.9,2.862156725175796,22.3746761875,0.9595302354166666,2.9215886666666653,0.5012418134457758,-0.865307254363206,0.05244271950513807,0.14209412887949743,1.0560057818876225,-0.05244271950513807,1,-0.09828003774503373,0.18395326817932234,0.07165492808112561,-0.11123700606658107,6
1882,US-Bi1,2018-06-02,US-Bi1,Croplands,38.0991537999999,-121.49933,2.8,7.8,3.6007708513645293,27.26433604166667,1.550660304166667,1.7247144791666666,0.48627270710869,-0.8738071036110808,-0.10325363735259162,0.1184776929816898,1.3708713360587674,-0.10325363735259163,1,0.026970901963575683,-0.20467211521509326,-0.13205969880625726,-0.255013603392728,6
1883,US-Bi1,2018-06-18,US-Bi1,Croplands,38.0991537999999,-121.49933,5.0,7.3,5.378851004468834,23.39263458333333,0.8190169895833334,4.070076812500001,0.2303056702306122,-0.973118337233262,-0.2162052563378537,0.2176312346901444,1.1507554181353883,-0.2162052563378537,1,-0.45443589488705405,-0.027822509977451504,-0.16635736414905555,-0.11123700606658107,6
1884,US-Bi1,2018-06-25,US-Bi1,Croplands,38.0991537999999,-121.49933,2.0,6.9,2.099715161232178,23.67775568750001,0.7756864312500001,4.187060979166668,0.1116590071216951,-0.993746580436178,0.5859850253486428,0.09024860193536598,1.157052454849968,-0.3865547028842867,1,0.6202173754654619,0.6541092151732969,0.4836284854071701,-0.048764902123671613,6
1885,US-Bi1,2018-07-03,US-Bi1,Croplands,38.0991537999999,-121.49933,3.2,6.9,3.1449851845983936,23.03614614583334,0.7035841999999999,3.4359171666666675,-0.0258184402271323,-0.9996666485105112,0.29620443514094436,0.12139718916998153,0.9893589523075393,-0.29620443514094436,1,0.16633785142289048,0.4068354333256017,0.31544002067434096,-0.11123700606658107,6
1886,US-Bi1,2018-07-04,US-Bi1,Croplands,38.0991537999999,-121.49933,3.0,5.7000003,3.221041557930576,21.606880000000004,0.5736151562499998,3.2063186875,-0.0430222330045303,-0.99907411510223,0.6712136280094724,0.10718148819422878,0.8601331675201862,-0.22913051214832036,1,0.6886750332549901,0.7685922836293704,0.556373567144057,-0.0346131714278192,6
1887,US-Bi1,2018-07-11,US-Bi1,Croplands,38.0991537999999,-121.49933,4.6,8.0,6.824828190848728,26.17870614583333,1.14434213125,1.6993176041666664,-0.1628070129385164,-0.9866579328916572,-0.5655895575853601,0.11564572483644954,0.8419841921528972,-0.5655895575853602,1,-0.4367971921702813,-0.6605361679664921,-0.5994353126193069,-0.1360938313316575,6
1888,US-Bi1,2018-07-19,US-Bi1,Croplands,38.0991537999999,-121.49933,6.5,8.6,7.228846738426922,26.02272377083333,1.0467489791666669,2.1397846874999997,-0.2967128192734901,-0.9549667548552552,-1.6151181814759958,0.17547437198014193,0.8957526910379722,-1.6151181814759958,1,-1.497458379380738,-1.5310901690221188,-1.8168059960251308,-1.1642638521967263,6
1889,US-Bi1,2018-07-20,US-Bi1,Croplands,38.0991537999999,-121.49933,6.1,7.8,7.624863185402355,25.964206875,0.9497336770833332,2.6687867500000007,-0.3131070409358267,-0.9497178427914316,-1.2781156215272231,0.0733832744727825,0.8715269866501135,-1.2781156215272231,1,-1.2595285295694718,-1.2158131132728989,-1.3590052217392987,-0.793328455706948,6
1890,US-Bi1,2018-07-27,US-Bi1,Croplands,38.0991537999999,-121.49933,4.7,8.5,3.3703701145780336,25.860988416666668,1.29481584375,3.2093223541666664,-0.4250003399695539,-0.9051931898913976,-1.135747637878794,0.09733305904325848,1.3535761909986779,1.135747637878794,1,-1.2275206940169574,-1.033673886991579,-1.1460483326278461,-0.3370115245936521,6
1891,US-Bi1,2018-08-04,US-Bi1,Croplands,38.0991537999999,-121.49933,3.3,8.8,3.140617206085122,27.452232229166665,1.6275898041666663,2.8585766458333333,-0.5452404385406507,-0.8382797052177745,-0.952325207121274,0.17423352607296216,1.2989327664011239,-0.6335596192915185,1,-1.1506178129923157,-0.8826297692065189,-0.8237280391649873,-0.3246497708043954,6
1892,US-Bi1,2018-08-12,US-Bi1,Croplands,38.0991537999999,-121.49933,4.1,8.0,5.0083128668242844,26.4619840625,1.3175778625000003,1.3008565833333334,-0.655156357209085,-0.7554933140726804,-1.0689136878568883,0.23433938814278887,0.8497973720888898,-1.0689136878568883,1,-0.8033974989145556,-1.2468471505312166,-1.1564964141248928,-0.27623833783263196,6
1893,US-Bi1,2018-08-20,US-Bi1,Croplands,38.0991537999999,-121.49933,5.3,6.5,5.66419553102804,22.907165249999995,0.7195399208333334,2.5191903125,-0.7526668275320083,-0.6584015846980489,-1.0313431622900195,0.2346181057115083,0.7064409950906892,-1.0313431622900195,1,-1.153311195582287,-0.7608633111536297,-1.1798549801341416,-0.2884118450488307,6
1894,US-Bi1,2018-08-21,US-Bi1,Croplands,38.0991537999999,-121.49933,4.7,5.0,4.612193362196511,21.182278229166663,0.4085136083333333,4.067354791666667,-0.7638886127905429,-0.64534811322955,0.1448752024197317,0.3268031697055309,0.8888637201844508,-0.1448752024197317,1,0.49923228658235996,0.0800514751324532,-0.14465815445561808,-0.08197612889092933,6
1895,US-Bi1,2018-08-28,US-Bi1,Croplands,38.0991537999999,-121.49933,5.0,4.6,5.944855265991897,21.78733683333333,0.59889764375,3.342325229166668,-0.8359254794186365,-0.5488429582847199,-0.4188830574160116,0.34421159286377706,0.8913882629195544,-0.4188830574160116,1,-0.025014959224507916,-0.5696374401847468,-0.6619967728387802,-0.08197612889092933,6
1896,US-Bi1,2018-09-05,US-Bi1,Croplands,38.0991537999999,-121.49933,5.7,5.4,6.0448186894998335,22.054636062499995,0.6686033187499999,2.326650375,-0.9033558023246842,-0.4288919379124841,-1.3565187974023385,0.1644736541013768,0.8228351302805101,-1.3565187974023385,1,-1.28931193324882,-1.2362911176991749,-1.5439533412590212,-0.43938699839467105,6
1897,US-Bi1,2018-09-06,US-Bi1,Croplands,38.0991537999999,-121.49933,5.6,5.7000003,5.617999853408749,23.07523610416667,0.8734849895833338,1.8190691041666665,-0.9106046300942162,-0.4132786077829044,-1.3517985492734699,0.10968619537636883,0.8357409844579031,-1.3517985492734699,1,-1.3948437231448518,-1.2271188190517717,-1.4334331056237861,-0.43938699839467105,6
1898,US-Bi1,2018-09-13,US-Bi1,Croplands,38.0991537999999,-121.49933,4.6,4.8,4.793205372589165,21.496163249999995,0.8549848208333333,1.8131646875000005,-0.9536809966304456,-0.300819807635668,-1.0612643271721374,0.11955008583568645,0.7511909716962641,-1.0612643271721374,1,-1.1519769920631076,-1.1060225459634192,-0.9257934434898852,-0.017449616859196344,6
1899,US-Bi1,2018-09-21,US-Bi1,Croplands,38.0991537999999,-121.49933,2.4,6.1,2.6931735678367805,24.18080689583333,1.5070726145833333,1.3200410208333333,-0.9859481499638304,-0.1670516255021195,-0.8460991050593262,0.0946579633336548,0.9405730768207267,-0.8460991050593263,1,-0.8677251544478147,-0.92807274704387,-0.7424994136862938,-0.06949401091220532,6
1900,US-Bi1,2018-09-22,US-Bi1,Croplands,38.0991537999999,-121.49933,2.0,5.6,2.9571682565164705,23.74955341666667,1.323123620833333,1.8026419583333333,-0.9886775902323404,-0.1500553983446526,-0.5318538045756841,0.20713978491355403,0.8402618173749881,-0.5318538045756842,1,-0.69917719629755,-0.5962091767543921,-0.30017504067511025,-0.0694776841986779,6
1901,US-Bi1,2018-09-29,US-Bi1,Croplands,38.0991537999999,-121.49933,3.0,3.7,3.4134903640684384,21.4001409375,0.7082774125000001,2.337623125,-0.9995462806873572,-0.0301203048469083,-0.3701481169149246,0.10373758232032637,0.6313089510454106,-0.37014811691492455,1,-0.28061494372486434,-0.34599921788041366,-0.48383018913949594,-0.08197612889092933,6
1902,US-Bi1,2018-10-07,US-Bi1,Croplands,38.0991537999999,-121.49933,4.2,5.5,4.7946546904308285,23.06990533333333,1.4525371375,6.340625583333331,-0.994217906893952,0.107381346664163,-1.4969977002767099,0.46285097889566784,1.3569208243040767,-1.4969977002767099,1,-1.0055148692262041,-1.5609026542448459,-1.92457557735908,-0.02678610062684649,6
1903,US-Bi1,2018-10-08,US-Bi1,Croplands,38.0991537999999,-121.49933,3.2,4.4,2.9543034334000016,21.839989937499997,1.2568844,1.6779236875,-0.9922222094179324,0.1244792638867886,-0.8021358077070353,0.0344240334416606,0.7637757452150902,-0.3107426745070381,1,-0.8341934755581252,-0.7657540003536478,-0.8064599472093332,0.014397241776478486,6
1904,US-Bi1,2018-10-15,US-Bi1,Croplands,38.0991537999999,-121.49933,3.4,3.9,3.928795995644639,20.13046012500001,1.4177395958333332,2.507675208333334,-0.970063921851507,0.2428497220959358,-1.0041498961221267,0.2605016528435893,1.0042471510511963,-1.0041498961221267,1,-0.7034113175972032,-1.1598428753030754,-1.1491954954661017,-0.03207009054554527,6
1905,US-Bi1,2018-10-24,US-Bi1,Croplands,38.0991537999999,-121.49933,2.7,2.8,2.230876514431704,19.968062041666663,0.7398675395833334,1.2215239791666663,-0.9209712877166346,0.3896304495307877,-0.2456304405997267,0.24004055373911262,0.6348328827491339,0.2456304405997267,1,-0.49610479144832725,-0.22318634429366713,-0.01760018605718558,-0.042191786515224025,6
1906,US-Bi1,2018-10-31,US-Bi1,Croplands,38.0991537999999,-121.49933,1.3,2.7,1.3311580992015597,18.836505479166664,1.0549427395833335,1.3100204375000002,-0.867456354729597,0.4975132889071803,-0.03697659676280222,0.16668003612632462,0.8290153142856388,-0.03697659676280221,1,-0.10383772944146753,-0.1598451863577462,0.15275312551080705,-0.027584572772200066,6
1907,US-Bi1,2018-11-08,US-Bi1,Croplands,38.0991537999999,-121.49933,2.0,3.4,1.7670247206565446,18.11687995833334,1.2668456687500005,4.090547291666668,-0.7909456567567774,0.6118864012687242,-0.16709682778496013,0.319417107893735,0.8841591671715655,0.16709682778496013,1,0.19824076551467873,-0.39362472846938923,-0.30590652040016986,-0.042191786515224025,6
1908,US-Bi1,2018-11-09,US-Bi1,Croplands,38.0991537999999,-121.49933,1.0,1.6,0.8703360739601852,13.78788733333333,0.7410565354166669,0.8202658541666666,-0.780295851070776,0.6254105729852457,0.19366945344528738,0.14819340420446703,0.8241280460046128,-0.1936694534452874,1,0.1732721976785347,0.05673124359725873,0.3510049190600687,-0.027584572772200066,6
1909,US-Bi1,2018-11-16,US-Bi1,Croplands,38.0991537999999,-121.49933,0.8,1.3000001,0.6139474699440967,12.864714854166666,0.4383438125,0.5989069374999999,-0.6994583270516471,0.7146733860429608,0.4258762784365677,0.15489342455137592,0.7546523584302378,-0.4258762784365677,1,0.35579626552234844,0.31840815596164096,0.6034244138257139,-0.027584572772200066,6
1910,US-Bi1,2018-11-25,US-Bi1,Croplands,38.0991537999999,-121.49933,0.8,1.0,1.545543397060987,20.60906356249999,0.4002787895833333,1.3684449999999997,-0.5808002734538014,0.8140460935082175,0.3802580362018446,0.24854695606049942,0.954312086106364,0.3802580362018446,1,0.21891191875280652,0.25538022006801925,0.666481969784708,-0.027584572772200066,6
1911,US-Bi1,2018-12-02,US-Bi1,Croplands,38.0991537999999,-121.49933,0.7,0.90000004,1.012467969958708,16.869206729166667,0.2306376958333333,1.4932866666666664,-0.4787338401157883,0.8779600847008883,0.421351849405679,0.23797103639326114,0.8342655386434684,0.20358409051173715,1,0.2674065738789241,0.3012056061116436,0.6954433682264692,-0.027584572772200066,6
1912,US-Bi1,2018-12-26,US-Bi1,Croplands,38.0991537999999,-121.49933,0.8,1.1,1.664469443618661,18.071113354166663,0.4478114312500001,2.0323963125000004,-0.0859647987374467,0.9962981749346076,0.22239556873837127,0.24453159737700006,0.8404948070879101,0.2223955687383713,1,0.15635855748597105,0.01766412804620715,0.4931640206829355,-0.027584572772200066,6
1913,US-Bi1,2018-12-27,US-Bi1,Croplands,38.0991537999999,-121.49933,0.8,1.8000001,2.827262129721709,16.810852833333332,0.4413766333333333,5.133024374999999,-0.0688024268023206,0.9976303053065856,0.25989416211822974,0.15368711202554888,1.3380250071655366,0.2598941621182298,1,0.316330529788342,0.08596760273150345,0.3773843538348437,-0.067686609800486,6
1953,US-Bi2,2017-04-27,US-Bi1,Croplands,38.109,-121.535,2.9,4.6,4.270343719985835,18.5206645625,0.676530075,5.022762125000002,0.9033558023246844,-0.4288919379124835,-0.37280559700905075,0.030479623781670243,1.1467270011918387,-0.3728055970090507,1,-0.34616098891415154,-0.3662141844150977,-0.40604161769790315,-0.08792978215667567,6
1954,US-Bi2,2017-05-05,US-Bi1,Croplands,38.109,-121.535,2.3,4.8,2.146699584260994,19.30808533333333,0.7470541062500002,6.676333895833335,0.835925479418637,-0.548842958284719,-0.1818012918550885,0.18161540298799858,1.2197551481533662,0.12479953962292281,1,0.027881266742123906,-0.2896547244678642,-0.2836304178395252,-0.06288132570678902,6
1955,US-Bi2,2017-05-13,US-Bi1,Croplands,38.109,-121.535,1.8,5.2000003,1.8194555893897204,16.305710354166667,0.7940637166666665,4.873422166666666,0.7526668275320084,-0.6584015846980488,0.19043558255391554,0.2330399990102874,0.9118943833914454,-0.15152440377447482,1,0.45256644410238256,0.006708973416407887,0.11203133014295624,-0.06288132570678902,6
1956,US-Bi2,2017-05-21,US-Bi1,Croplands,38.109,-121.535,0.9,6.4,1.3454825683146985,26.81691295833333,1.8562947729166668,2.267878958333333,0.6551563572090853,-0.7554933140726803,0.4409796603741197,0.04572449902735456,1.1119930598372383,0.4409796603741197,1,0.40387214391399295,0.4920603916868973,0.42700644552146894,-0.07753498913941685,6
1957,US-Bi2,2017-06-06,US-Bi1,Croplands,38.109,-121.535,1.6,6.9,1.2313673072452311,23.782386791666664,1.3985014354166667,3.792391895833333,0.4250003399695541,-0.9051931898913974,0.532456331862631,0.05328013747268657,1.0726740519014104,-0.532456331862631,1,0.5185930158311809,0.48747816999263993,0.5912978097640721,-0.07753498913941685,6
1958,US-Bi2,2017-06-14,US-Bi1,Croplands,38.109,-121.535,1.4,7.4,1.8304668301981333,25.418548854166666,1.5752437458333333,3.390640458333333,0.2967128192734907,-0.9549667548552552,0.527049807175309,0.18522847674401743,1.0271680350653245,0.3338838532209577,1,0.3346291250014509,0.5423880306893727,0.7041322658351032,-0.07753498913941685,6
1959,US-Bi2,2017-06-15,US-Bi1,Croplands,38.109,-121.535,4.0,7.5,1.5729024146327168,26.100956625,1.549809716666667,5.327494312500002,0.2802306751992158,-0.9599326896597448,-0.3966114860533671,0.13790274362913343,0.9760742572642205,0.39661148605336694,1,-0.3088880531384117,-0.32538360181358794,-0.5555628032081015,-0.12163867995808299,6
1960,US-Bi2,2017-06-22,US-Bi1,Croplands,38.109,-121.535,3.1,8.7,3.753332698560033,33.2185715,2.6297163999999995,3.966282041666666,0.1628070129385171,-0.986657932891657,-0.5835582666484996,0.05704233526070111,1.3751153696659002,-0.5835582666484997,1,-0.5182445438344174,-0.6235918631814725,-0.6088383929296088,-0.2955189757490039,6
1961,US-Bi2,2017-06-30,US-Bi1,Croplands,38.109,-121.535,3.9,7.2000003,3.731299160909456,24.18118739583333,1.1269471375000002,3.025668166666668,0.025818440227133,-0.9996666485105112,-0.13504690679778447,0.16561808966755048,0.909529913721627,0.13504690679778447,1,-0.31920859337805774,-0.0876058050174358,0.0016736780021401332,-0.11123700606658107,6
1962,US-Bi2,2017-07-01,US-Bi1,Croplands,38.109,-121.535,3.1,6.7000003,3.4671988828844027,23.37355139583333,1.0400390208333332,2.162672020833333,0.0086069968886886,-0.9999629591162656,0.16055121683865572,0.13151993431064668,0.9351037533590187,0.16055121683865572,1,0.03647173138581175,0.2984243564848711,0.14675756264528433,-0.11123700606658107,6
1963,US-Bi2,2017-07-08,US-Bi1,Croplands,38.109,-121.535,5.3,9.8,7.3266118827951825,30.774536791666662,2.635479483333334,2.9925065833333333,-0.1116590071216944,-0.993746580436178,-1.9726650434614366,0.06212323462198776,1.0940311023217364,-1.9726650434614363,1,-2.011576136354065,-2.0053989731317157,-1.901020020898529,-1.5418236729729162,6
1964,US-Bi2,2017-07-16,US-Bi1,Croplands,38.109,-121.535,6.9,9.5,8.283482006655662,31.547822395833325,2.512096254166667,2.5871878541666677,-0.2470221804809352,-0.9690098257244064,-2.5519580533300483,0.09193569275984952,1.2020122053710107,-2.5519580533300483,1,-2.446173732067395,-2.5971411521194097,-2.6125592758033407,1.5490482449753364,6
1965,US-Bi2,2017-07-24,US-Bi1,Croplands,38.109,-121.535,6.2,6.9,6.084303455555962,23.067027416666665,0.8642085729166665,2.5799233125,-0.3777079652039646,-0.92592477719385,-1.2996550259903321,0.08212621407816154,0.8911948880420366,-1.068261937102256,1,-1.2048955783362771,-1.3502285483451049,-1.3438409512896143,-0.5863957727248926,6
1966,US-Bi2,2017-08-01,US-Bi1,Croplands,38.109,-121.535,6.6,8.5,6.818241041899757,29.062317520833336,1.7978413395833337,1.5742067500000003,-0.5012418134457756,-0.8653072543632061,-2.0370022121294213,0.2314282692022339,1.0120729952686616,-2.0370022121294213,1,-1.8560158629723964,-1.9572250139179208,-2.2977657594979477,-1.9841793504706058,6
1967,US-Bi2,2017-08-09,US-Bi1,Croplands,38.109,-121.535,5.7,6.2000003,5.505685760799973,23.63397585416666,0.7166365708333334,2.193540708333334,-0.6152845999633277,-0.7883050558305253,-0.8097784503041922,0.1758657031447215,0.6251665843344163,-0.4211499719041377,1,-0.8898046808598664,-0.608131188386869,-0.9313994816658409,-0.1650600825017981,6
1968,US-Bi2,2017-08-17,US-Bi1,Croplands,38.109,-121.535,5.6,6.2000003,5.890923363450187,25.387912625,0.9793942583333336,2.484432333333334,-0.7176769136759615,-0.6963762255968726,-1.092711704620166,0.07242963548021118,0.7598683897611663,-1.092711704620166,1,-1.1750484279331843,-1.0388331072713948,-1.0642535786559184,-0.3594168132605406,6
1969,US-Bi2,2017-08-25,US-Bi1,Croplands,38.109,-121.535,5.1,6.6,5.563817542937097,25.340122375,1.1531800520833333,1.2148016666666666,-0.8064799463209447,-0.5912614448635782,-0.8834090782975071,0.08476651619792025,0.7463645361274094,-0.883409078297507,1,-0.818271730672369,-0.8527068525858582,-0.9792486516342944,-0.06827469462733832,6
1970,US-Bi2,2017-09-10,US-Bi1,Croplands,38.109,-121.535,3.9,5.9,4.407640092339396,28.79467087500001,1.5443427312500002,1.2208246666666671,-0.9368813462954316,-0.3496474552512282,-1.0169634656247821,0.055835414679705285,0.9335811210866701,-1.0169634656247821,1,-0.977629564478976,-1.080870971098631,-0.9923898612967391,-0.08858881409634563,6
1971,US-Bi2,2017-09-18,US-Bi1,Croplands,38.109,-121.535,3.8,5.1,1.8806530271723716,22.88937964583333,0.7604894458333334,3.0323786874999987,-0.9760105506323682,-0.2177232303965322,-0.6226870537514996,0.13588222385363133,0.7702492239015145,0.6226870537514997,1,-0.4668609937477485,-0.7164953040157338,-0.6847048634910164,-0.06985427573343894,6
1972,US-Bi2,2017-09-26,US-Bi1,Croplands,38.109,-121.535,1.0,5.8,0.5453277240004764,23.68725356249999,1.6510123041666669,1.6732384583333333,-0.99665890175417,-0.0816763953304228,-0.31366644246437475,0.2012815019721813,1.0297218914025073,0.31366644246437475,1,-0.42412371105217855,-0.4355356254869733,-0.08133999085397242,-0.05487047045565391,6
1973,US-Bi2,2017-10-04,US-Bi1,Croplands,38.109,-121.535,0.9,4.1,0.4850943858370904,18.064468718750003,0.9886277916666666,1.5691068333333331,-0.9984354211555644,0.055916990100603,-0.24276116598532063,0.1613213974214506,0.6746400509383903,0.24276116598532063,1,-0.36017024347474813,-0.30930008877980586,-0.058813165701407905,-0.04827411196376509,6
1974,US-Bi2,2017-10-05,US-Bi1,Croplands,38.109,-121.535,0.8,4.4,0.3991877806446268,19.46970027083333,1.2488724916666667,1.954434729166666,-0.9973249731081556,0.0730951298980777,-0.11980439329538456,0.2005634323681971,0.730754430077044,0.11980439329538456,1,-0.18705993797634238,-0.2780964197917196,0.10574317788190829,-0.04827411196376509,6
1975,US-Bi2,2017-10-12,US-Bi1,Croplands,38.109,-121.535,0.9,4.6,0.5918529686773311,17.532680916666667,1.2475473583333332,3.9180224791666665,-0.9813064702716092,0.1924515819708299,0.21240637572998866,0.1840375323364885,0.8935936657939143,-0.21240637572998866,1,0.31500406321599794,-6.03903809500983e-05,0.3222754543549181,-0.04827411196376509,6
1976,US-Bi2,2017-10-21,US-Bi1,Croplands,38.109,-121.535,0.9,2.8,0.8796787513259746,16.363698041666673,0.5654104166666668,2.382899979166666,-0.9398560579418952,0.341570769167856,-0.06912126524442518,0.08379118818643679,0.7224652847154692,-0.028478767896374366,1,-0.1590566060588816,-0.0550516380136756,0.0067444483392817,-0.027584572772200066,6
1977,US-Bi2,2017-10-28,US-Bi1,Croplands,38.109,-121.535,0.6,3.2,0.2978499874497881,21.1943143125,0.9660233708333332,1.2057766041666664,-0.8919813464595487,0.4520722039323037,0.08680524182767942,0.24696616692281156,0.8676863310405498,-0.0868052418276794,1,0.1331414483681717,-0.1800470927278997,0.30732136984276626,-0.027584572772200066,6
1978,US-Bi2,2017-11-05,US-Bi1,Croplands,38.109,-121.535,0.8,1.6,0.9845830385955284,13.808593083333331,0.4668699750000001,2.322190895833334,-0.8214765533024145,0.5702422926917867,0.002866616694991645,0.07576837646815596,0.7479303447351308,0.002866616694991636,1,-0.08292840086893544,0.06060522023186771,0.030923030722042666,-0.027584572772200066,6
1979,US-Bi2,2017-11-06,US-Bi1,Croplands,38.109,-121.535,0.5,1.7,0.5730926751385947,14.266487729166668,0.3982722687500001,1.4311795208333329,-0.8115390590073611,0.5842981736283683,0.30188145904408287,0.1979304968570964,0.6974143732190722,-0.15569610876689338,1,0.14918638686840696,0.23095495537594113,0.5255030348879005,-0.027584572772200066,6
1980,US-Bi2,2017-11-13,US-Bi1,Croplands,38.109,-121.535,0.5,1.3000001,0.803069253026803,17.6421034375,0.3683971729166665,1.5961267916666668,-0.7354170229639858,0.6776147890466887,0.35614738110795185,0.2304013140059784,0.8618108588792307,0.24999112494565412,1,0.15858672688531456,0.3006159898598922,0.6092394265786489,-0.027584572772200066,6
1981,US-Bi2,2017-11-29,US-Bi1,Croplands,38.109,-121.535,0.6,1.2,0.9953401562468212,14.660596875,0.3454399729166665,1.8680318541666665,-0.5234156073655503,0.8520775211013093,0.2973037397163097,0.21058794565362013,0.6964919568353329,0.2973037397163097,1,0.14042617393087958,0.21484082942483046,0.5366442157932191,-0.027584572772200066,6
1982,US-Bi2,2017-12-07,US-Bi1,Croplands,38.109,-121.535,0.8,1.5,0.8533176620007794,11.657338166666667,0.3063686145833333,1.0138194999999997,-0.4014879892059737,0.9158642882672868,0.5212906514922458,0.0957057076094072,0.6018051600029306,-0.4146553274906871,1,0.411928759296015,0.5897398534879806,0.562203341692742,-0.027584572772200066,6
1983,US-Bi2,2017-12-08,US-Bi1,Croplands,38.109,-121.535,0.6,1.2,0.840395149770482,12.492619395833335,0.3099434104166667,1.1168416041666671,-0.3856634062436074,0.9226395488404876,0.47894530734411794,0.14387109410773152,0.6416925887521518,0.0018449921968461402,1,0.3157060271567399,0.5338517527077536,0.5872781421678603,-0.027584572772200066,6
1984,US-Bi2,2018-02-01,US-Bi1,Croplands,38.109,-121.535,1.4,1.7,1.980585036134764,17.404384062500004,0.4435078541666666,1.2873069375,0.5234156073655503,0.8520775211013093,0.08366343474591141,0.20383327726206085,0.9325659345834515,0.08366343474591142,1,0.10570677618316415,-0.13029559882909658,0.27557912688366665,-0.027584572772200066,6
1985,US-Bi2,2018-02-09,US-Bi1,Croplands,38.109,-121.535,1.6,2.1000001,2.069510239465536,18.8055704375,0.5225860229166666,1.2783171458333331,0.6354323008901774,0.7721565844991642,-0.03135943906340335,0.219549610413193,0.9948523760698367,-0.03135943906340333,1,0.11658610315762924,-0.2836188300736707,0.07295440972583145,-0.027584572772200066,6
1986,US-Bi2,2018-02-17,US-Bi1,Croplands,38.109,-121.535,1.4,1.8000001,1.6593737204481354,14.934311499999998,0.5999036729166668,0.91265525,0.7354170229639855,0.6776147890466889,0.053166811021816494,0.24600715225049186,1.0548123648022691,0.0531668110218165,1,0.27130650208737317,-0.21348103216534348,0.10167496314341978,-0.027584572772200066,6
1987,US-Bi2,2018-02-25,US-Bi1,Croplands,38.109,-121.535,1.2,2.6000001,2.1974565958835046,12.551598625000004,0.4934401958333334,2.949285604166666,0.8214765533024142,0.5702422926917871,-0.08599182282320268,0.026559921470270427,0.7658418992554754,-0.08599182282320261,1,-0.09321378465168303,-0.05656782428184437,-0.10819385953608064,-0.0335382260379464,6
1988,US-Bi2,2018-03-05,US-Bi1,Croplands,38.109,-121.535,1.7,2.4,3.0313217393246887,12.180331354166665,0.3267129166666667,2.096602083333334,0.8919813464595485,0.4520722039323043,-0.169187374657128,0.06957457807383574,0.7058380309663231,-0.16918737465712796,1,-0.08885128967448012,-0.2098103912112847,-0.20890044308561914,-0.042191786515224025,6
1989,US-Bi2,2018-03-29,US-Bi1,Croplands,38.109,-121.535,1.8,4.3,2.57328320090945,21.297596875,0.9468620291666664,1.775390833333333,0.9984354211555644,0.0559169901006034,0.26975206703303495,0.0926712038715725,0.7317662892428025,0.2697520670330349,1,0.24315115739462,0.3728146838795311,0.19329035982495385,-0.06288132570678902,6
1990,US-Bi2,2018-04-14,US-Bi1,Croplands,38.109,-121.535,2.2,4.4,3.1333511659676487,19.380028729166664,0.8612645854166666,1.6524658124999998,0.9760105506323684,-0.2177232303965317,0.27789668177200716,0.030514451537844486,0.7182268767225647,0.2778966817720072,1,0.29058895856726064,0.24308457536045253,0.30001651138830815,-0.06883497897253536,6
1991,US-Bi2,2018-04-15,US-Bi1,Croplands,38.109,-121.535,2.6,2.8,3.6320364326133454,16.674165937499996,0.5496320854166664,4.459027812499999,0.9721181966290612,-0.2344913895704098,-0.3764972308282923,0.24132044036772157,1.2149017696369853,-0.37649723082829234,1,-0.25052344928703274,-0.22423192134903525,-0.6547363218488087,-0.042191786515224025,6
1992,US-Bi2,2018-04-22,US-Bi1,Croplands,38.109,-121.535,2.2,5.4,2.166082111801268,22.44224560416667,0.9237595062499998,1.6859957916666666,0.9368813462954316,-0.3496474552512284,0.26148341582869805,0.11078585044879612,0.7318187553218819,-0.26148341582869805,1,0.13370616092633897,0.3200584280438844,0.33068565851587084,-0.0694776841986779,6
1993,US-Bi2,2018-05-01,US-Bi1,Croplands,38.109,-121.535,2.8,5.1,2.67742451261892,18.726688729166668,0.7654471624999998,4.358161458333335,0.8717063187093218,-0.4900286664290592,-0.22161049383558415,0.1299311942094178,0.9555495419946014,0.023540480926575486,1,-0.07628356741220411,-0.26199116641611025,-0.326556747678438,-0.06288132570678902,6
1994,US-Bi2,2018-05-08,US-Bi1,Croplands,38.109,-121.535,3.1,5.8,2.584867576946503,21.82309116666667,1.0208786312499998,4.650211104166666,0.8064799463209448,-0.5912614448635781,-0.1965245523341462,0.19649904073680932,1.2394589159662626,0.19652455233414623,1,-0.014768488119352774,-0.1697785101567811,-0.4050266587263047,-0.08857248738281821,6
1995,US-Bi2,2018-05-17,US-Bi1,Croplands,38.109,-121.535,2.2,5.7000003,3.302943083787348,19.7521513125,0.69799710625,4.4860311458333335,0.705583610107178,-0.7086266782644596,0.17879149334752276,0.23815632793729452,1.0363317141565054,0.17879149334752276,1,0.4533983908238597,0.054205175983670084,0.028770913235038442,-0.0694776841986779,6
1996,US-Bi2,2018-05-24,US-Bi1,Croplands,38.109,-121.535,1.4,5.1,1.69526894834057,18.023731375,0.4970751166666668,7.88535375,0.6152845999633276,-0.7883050558305255,0.5001314679027928,0.12410143836662317,1.2409536111336146,0.09040642877834748,1,0.517545145664575,0.368242893871063,0.6146063641727405,-0.04827411196376509,6
1997,US-Bi2,2018-06-01,US-Bi1,Croplands,38.109,-121.535,1.2,6.9,1.4191765264241654,22.05714841666666,1.2167415541666664,3.7468749166666657,0.5012418134457758,-0.865307254363206,0.5503794442324872,0.01520844312815893,0.966352810708672,-0.11202639138415638,1,0.5333926000288199,0.5627305969343882,0.5550151357342535,-0.04011134164639403,6
1998,US-Bi2,2018-06-02,US-Bi1,Croplands,38.109,-121.535,0.7,7.8,1.2751089548784769,27.675089312499995,2.0368263416666665,2.2160960208333336,0.48627270710869,-0.8738071036110808,0.2535146093895377,0.23067575223285047,0.9994696292236952,0.2535146093895377,1,0.008930834204167848,0.2844534162720147,0.46715957769243055,-0.10239181440449324,6
1999,US-Bi2,2018-06-18,US-Bi1,Croplands,38.109,-121.535,2.1,7.3,2.258293537545923,23.102422291666674,1.0361115333333335,5.141776958333336,0.2303056702306122,-0.973118337233262,0.2880092898133367,0.04645610480685403,1.3452037744104828,0.028577785278509127,1,0.3342710924023301,0.24136129070175893,0.28839548633592094,-0.13224423991072676,6
2000,US-Bi2,2018-06-25,US-Bi1,Croplands,38.109,-121.535,2.4,6.9,3.393937158718689,23.01597266666666,0.9247986041666664,4.30276775,0.1116590071216951,-0.993746580436178,0.45589847307243064,0.051583184597787844,1.1665391233998388,0.4558984730724307,1,0.46010817298691986,0.5052478139379161,0.40233943229245595,-0.09214220288244075,6
2001,US-Bi2,2018-07-03,US-Bi1,Croplands,38.109,-121.535,4.4,6.9,4.985412671502335,22.325507937500007,0.8239430437499999,3.480449624999999,-0.0258184402271323,-0.9996666485105112,-0.10607222040979243,0.1542467724829126,0.8843049050024326,-0.10607222040979247,1,-0.27877000431103066,-0.05745492527267071,0.018008268354324036,-0.11123700606658107,6
2002,US-Bi2,2018-07-04,US-Bi1,Croplands,38.109,-121.535,4.2,5.7000003,4.543612725797471,20.77398420833333,0.679096108333333,3.746117708333332,-0.0430222330045303,-0.99907411510223,0.21543958340602665,0.2027216966961471,0.8851998666074905,0.21543958340602665,1,-0.01695918821434142,0.3073656397500525,0.35591229868236884,-0.08857248738281821,6
2003,US-Bi2,2018-07-11,US-Bi1,Croplands,38.109,-121.535,5.5,8.0,6.790265718152509,26.10298497916667,1.4710784041666665,1.8126792083333336,-0.1628070129385164,-0.9866579328916572,-0.8519574738330994,0.0974387648718081,0.942020953623316,-0.8519574738330995,1,-0.7529296917109483,-0.855217319928147,-0.9477254098602028,-0.4788650221642119,6
2004,US-Bi2,2018-07-19,US-Bi1,Croplands,38.109,-121.535,6.5,8.6,6.163676526286089,26.062885562500004,1.4088103645833334,2.2280833333333336,-0.2967128192734901,-0.9549667548552552,-1.742903755619805,0.1605774505210473,0.9616871729523574,-1.0702568081919832,1,-1.56113937754415,-1.802062124539035,-1.8655097647762302,-1.449589425379548,6
2005,US-Bi2,2018-07-20,US-Bi1,Croplands,38.109,-121.535,6.9,7.8,6.6873595103275045,26.089876583333336,1.24073579375,2.6346216250000003,-0.3131070409358267,-0.9497178427914316,-1.9070493427364898,0.08841736644203256,0.8867158878378468,-1.4817683633914982,1,-1.8049932085005547,-1.9556198120116006,-1.960535007697315,-0.8573682449556443,6
2006,US-Bi2,2018-07-27,US-Bi1,Croplands,38.109,-121.535,6.5,8.5,7.291795574962594,25.57740314583334,1.346439247916667,2.9703426875000014,-0.4250003399695539,-0.9051931898913976,-1.966350657561507,0.07725270134853167,1.0979017709467533,-1.9663506575615068,1,-1.8787941589830215,-2.02490640776099,-1.9953514059405104,-1.8789947662668078,6
2007,US-Bi2,2018-08-04,US-Bi1,Croplands,38.109,-121.535,6.8,8.8,7.717578313948049,26.70649366666666,1.7223962479166666,2.3857031458333333,-0.5452404385406507,-0.8382797052177745,-2.426616156292736,0.16380202274854572,1.0494170476633187,-2.426616156292736,1,-2.2400829892505554,-2.4927693510284765,-2.5469961285991762,1.9266427180311845,6
2008,US-Bi2,2018-08-05,US-Bi1,Croplands,38.109,-121.535,5.6,7.5,5.391526733205776,24.367895895833332,1.282296925,1.6454869791666666,-0.5595892624101763,-0.828770087174504,-1.1243738732507624,0.14593626843717217,0.8814800705810777,-0.707427339662315,1,-0.9585265862593955,-1.1814440354804967,-1.2331509980123947,-0.7513241047870131,6
2009,US-Bi2,2018-08-12,US-Bi1,Croplands,38.109,-121.535,5.7,8.0,6.27792777360636,26.26213647916667,1.5855086333333333,1.1812191666666667,-0.655156357209085,-0.7554933140726804,-1.5279779285029136,0.2742694842996797,1.004792571742742,-1.5279779285029136,1,-1.2281156103278872,-1.5896725156826483,-1.7661456594982057,-0.8429882767218062,6
2010,US-Bi2,2018-08-20,US-Bi1,Croplands,38.109,-121.535,5.5,6.5,4.733061286452724,22.50205795833333,0.8944374916666669,2.3858351041666666,-0.7526668275320083,-0.6584015846980489,-1.2321678687724689,0.15285306646526298,0.7609167647036212,0.30170955832208324,1,-1.2950223408758488,-1.057908400958168,-1.3435728644833898,-0.5082356524098143,6
2011,US-Bi2,2018-08-21,US-Bi1,Croplands,38.109,-121.535,4.5,5.0,3.1725219590914553,20.512582,0.4836578687500002,3.771493145833333,-0.7638886127905429,-0.64534811322955,0.007308832352307735,0.2914004631309889,0.8344306246543353,-0.007308832352307837,1,0.3307443845069197,-0.07405776069210333,-0.23476012675789312,-0.08197612889092933,6
2012,US-Bi2,2018-08-28,US-Bi1,Croplands,38.109,-121.535,4.4,4.6,3.1994062143180204,21.485196062500005,0.5978586958333334,3.2022140416666662,-0.8359254794186365,-0.5488429582847199,-0.2124792442967847,0.30986852603421655,0.7807383600329448,0.21247924429678466,1,0.11131652490529226,-0.24252217710706034,-0.506232080688586,-0.08197612889092933,6
2013,US-Bi2,2018-09-06,US-Bi1,Croplands,38.109,-121.535,4.6,5.7000003,3.302620428574693,22.4669144375,0.9248808125,1.869263916666667,-0.9106046300942162,-0.4132786077829044,-1.0217585816520418,0.13015593191877417,0.7014852255272873,1.0217585816520418,1,-1.1586127033784903,-0.8995376676222485,-1.0071253739553865,-0.01902924869244169,6
2014,US-Bi2,2018-09-13,US-Bi1,Croplands,38.109,-121.535,3.5,4.8,2.4875894711435578,20.805385625,0.9117166479166664,1.6021477499999996,-0.9536809966304456,-0.300819807635668,-0.7284780462083725,0.19721775332764,0.48854836347183667,0.7284780462083725,1,-0.8164197094430086,-0.8664262628742021,-0.5025881663079066,0.13038274823242407,6
2015,US-Bi2,2018-09-21,US-Bi1,Croplands,38.109,-121.535,3.5,6.1,2.4385772400684376,23.41518885416667,1.5427701562499998,1.3390592291666668,-0.9859481499638304,-0.1670516255021195,-1.1086425202247847,0.09419140578292019,0.9160219694715366,1.0142029996383402,1,-0.9998799060650819,-1.1628207405658995,-1.1632269140433726,-0.08858881409634563,6
2016,US-Bi2,2018-09-22,US-Bi1,Croplands,38.109,-121.535,1.5,5.6,1.815721994945933,22.975760208333337,1.3402663479166668,2.0173255208333334,-0.9886775902323404,-0.1500553983446526,-0.32690936682022637,0.22335231693739263,0.730523115561066,-0.3269093668202263,1,-0.48679980899705444,-0.42221408826154694,-0.07171420320207769,-0.05487047045565391,6
2017,US-Bi2,2018-09-29,US-Bi1,Croplands,38.109,-121.535,1.0,3.7,0.4045315955414153,20.851671604166665,0.6929294374999998,2.7693167083333328,-0.9995462806873572,-0.0301203048469083,0.22632656872569767,0.1258316200519602,0.8449299152241465,-0.22632656872569767,1,0.08103557844282827,0.29775029798602887,0.30019382974823594,-0.04827411196376509,6
2018,US-Bi2,2018-10-08,US-Bi1,Croplands,38.109,-121.535,0.0,4.4,0.6562955925910466,21.83596441666666,1.38151319375,2.0325261041666667,-0.9922222094179324,0.1244792638867886,0.17613629128762984,0.3330923514949139,0.9131634065538042,0.17613629128762986,1,0.31331591413797666,-0.20363968295714696,0.4187326426820598,-0.04827411196376509,6
2019,US-Bi2,2018-10-24,US-Bi1,Croplands,38.109,-121.535,0.3,2.8,0.3817903949139097,19.04592020833333,0.7006077291666668,1.5879865833333326,-0.9209712877166346,0.3896304495307877,0.151128406817886,0.22556167078689876,0.828461392915065,0.012452383009933427,1,0.15048806701546702,-0.07411241237671512,0.3770095658149061,-0.027584572772200066,6
2020,US-Bi2,2018-10-31,US-Bi1,Croplands,38.109,-121.535,0.9,2.7,0.5243472057077951,18.355234229166665,1.025279408333333,1.47393225,-0.867456354729597,0.4975132889071803,0.0771762446173992,0.161349446685575,0.7876666952194091,-0.07717624461739919,1,0.04500519228351266,-0.06566403419879724,0.2521875757674822,-0.027584572772200066,6
2021,US-Bi2,2018-11-08,US-Bi1,Croplands,38.109,-121.535,1.0,3.4,1.5040857245785757,17.404227124999995,1.2447963583333332,5.070785770833333,-0.7909456567567774,0.6118864012687242,0.060038324128533854,0.051124365486208224,0.9622523052238325,0.060038324128533826,1,0.08417636778422921,0.0013140037513873215,0.09462460084998503,-0.027584572772200066,6
2022,US-Bi2,2018-11-09,US-Bi1,Croplands,38.109,-121.535,0.6,1.6,1.2713868802278976,13.373439,0.75224580625,1.1424326666666664,-0.780295851070776,0.6254105729852457,0.22792817179697042,0.1510364418197478,0.7748607202948034,0.22792817179697045,1,0.1777295807170145,0.10838278942669621,0.3976721452472005,-0.027584572772200066,6
2023,US-Bi2,2018-11-25,US-Bi1,Croplands,38.109,-121.535,0.8,1.0,1.800286559760636,16.605804604166668,0.37130401875,1.7718968541666664,-0.5808002734538014,0.8140460935082175,0.3031298514678397,0.23269566087592114,0.7935894479233193,0.3031298514678398,1,0.12197715063188058,0.22184857236254263,0.5655638314090959,-0.027584572772200066,6
2024,US-Bi2,2018-12-02,US-Bi1,Croplands,38.109,-121.535,0.6,0.90000004,1.2881737473181163,11.987872770833334,0.2256029958333333,1.7783615208333332,-0.4787338401157883,0.8779600847008883,0.28914443866377476,0.21850818210074,0.6408456687074221,0.28914443866377476,1,0.1323840045868716,0.19630710293386722,0.5387422084705854,-0.027584572772200066,6
2025,US-Bi2,2018-12-26,US-Bi1,Croplands,38.109,-121.535,1.2,1.1,1.1689395796103716,14.176255437499998,0.4611716666666667,2.417759895833333,-0.0859647987374467,0.9962981749346076,0.12192387326930837,0.15906374968275214,0.8946787888491687,-0.12192387326930837,1,0.0637916114757262,0.00010343562135106676,0.30187657271084783,-0.027584572772200066,6
2026,US-Bi2,2018-12-27,US-Bi1,Croplands,38.109,-121.535,1.2,1.8000001,2.6559398071254448,13.051319458333332,0.4272048229166666,6.1414944375,-0.0688024268023206,0.9976303053065856,0.058734694949240045,0.15182005175762983,1.2962524875177985,0.058734694949239996,1,0.23081476484664132,-0.056299568283181445,0.0016888882842602537,-0.05532485601122934,6
4058,US-GLE,2016-06-20,US-GLE,Evergreen Forests,41.36653,-106.2399,4.9,5.1,2.178251895904226,15.390633062499996,1.1535038875000003,2.2512175833333328,0.1797665857255624,-0.9837092937736096,-1.4509590250719226,0.3194422962222343,0.7290740841660329,1.4509590250719226,0,-1.2320868232142845,-1.8175227208952331,-1.3032675311062505,0.0724860990768497,6
4059,US-GLE,2016-06-28,US-GLE,Evergreen Forests,41.36653,-106.2399,4.4,6.1,3.915714123865735,14.541175875,1.1726448895833337,3.4638223125000014,0.0430222330045305,-0.99907411510223,-1.1391189694083554,0.06663268979478014,0.44002960603235214,-0.17054721713982457,0,-1.1732907121327816,-1.1817334694743764,-1.0623327266179081,0.11166453658304488,6
4060,US-GLE,2016-07-06,US-GLE,Evergreen Forests,41.36653,-106.2399,4.6,5.7000003,5.96925362638051,13.098284479166663,1.0457953124999997,5.994445395833331,-0.0945367498171993,-0.9955213724144752,-0.6145114607985733,0.12484506993490725,1.0355737717536364,-0.6145114607985733,0,-0.676103441146676,-0.6965920069580359,-0.4708389342910081,-0.08857248738281821,6
4061,US-GLE,2016-07-07,US-GLE,Evergreen Forests,41.36653,-106.2399,4.2,5.4,4.73250879523809,11.329221791666663,0.8289856854166671,5.397838666666668,-0.1116590071216944,-0.993746580436178,-0.3983088121721327,0.21894858973930437,0.8072860963103878,-0.39830881217213276,0,-0.14884321705755998,-0.4874934369292698,-0.5585897825295683,-0.08857248738281821,6
4062,US-GLE,2016-07-14,US-GLE,Evergreen Forests,41.36653,-106.2399,4.9,5.4,4.778449448553881,12.268332083333332,1.1184756291666664,3.967555999999999,-0.2303056702306119,-0.973118337233262,-1.0708002276926267,0.20562067567022624,0.5805529206723888,-0.8276991248003887,0,-1.0944786900287267,-0.8543653952054652,-1.263556597843688,-0.01902924869244169,6
4063,US-GLE,2016-07-15,US-GLE,Evergreen Forests,41.36653,-106.2399,4.3,5.4,4.900851014646313,13.683241020833336,1.2244290520833332,4.9418540208333335,-0.2470221804809352,-0.9690098257244064,-0.6850433579895975,0.04038728688729144,0.6846670189169078,-0.6850433579895974,0,-0.6604013698400915,-0.6630756912980552,-0.731653012830646,-0.08857248738281821,6
4064,US-GLE,2016-07-22,US-GLE,Evergreen Forests,41.36653,-106.2399,5.0,5.6,4.666805113024203,14.883272104166664,0.95751415,4.102716583333334,-0.3617137307297674,-0.9322892131745134,-0.5626427013484623,0.15330756442172272,0.4863094926597286,0.10374707260313087,0,-0.5178457253182728,-0.4367235150531983,-0.7333588636739157,0.04212129789266835,6
4065,US-GLE,2016-07-23,US-GLE,Evergreen Forests,41.36653,-106.2399,4.9,6.1,5.228321094360852,14.78925197916667,1.0447569166666668,5.103258083333333,-0.3777079652039646,-0.92592477719385,-0.6584104481637647,0.11720726387902984,0.7111905609724699,-0.6584104481637647,0,-0.7347968176873931,-0.7169715119870039,-0.5234630148168972,-0.08857248738281821,6
4066,US-GLE,2016-07-30,US-GLE,Evergreen Forests,41.36653,-106.2399,5.2,5.8,4.379884161190186,14.85862466666667,1.0784531645833335,3.7876284583333337,-0.4862727071086902,-0.8738071036110807,-0.5554624571588557,0.1433336371485383,0.5010434697812506,0.5554624571588557,0,-0.47628068095384024,-0.46918747905454383,-0.7209192114681828,0.04212129789266835,6
4067,US-GLE,2016-08-07,US-GLE,Evergreen Forests,41.36653,-106.2399,3.8,4.5,4.348031050108226,13.73419004166667,0.8844292104166667,3.538566583333333,-0.6016240632249227,-0.7987793728863648,-0.32799878076848366,0.0567267562290508,0.5390416237363839,-0.32799878076848366,0,-0.3602289269611442,-0.26249911362127604,-0.3612683017230307,-0.036426416136181514,6
4068,US-GLE,2016-08-31,US-GLE,Evergreen Forests,41.36653,-106.2399,3.4,3.9,1.0179159298241045,11.7385378125,0.8154924916666665,1.9291435,-0.8717063187093218,-0.4900286664290594,-0.8369624142601172,0.13922492253366037,0.6307838574251117,0.8369624142601171,0,-0.9914025482795981,-0.7984045097291794,-0.7210801847715742,0.03748947485835868,6
4069,US-GLE,2016-09-08,US-GLE,Evergreen Forests,41.36653,-106.2399,3.2,4.9,2.565816669309338,9.334634604166668,0.8164493791666666,8.084583520833336,-0.9307239310379792,-0.3657225234972692,-0.7220020138271526,0.12937555895835062,1.7910606123191706,0.5463646475541717,0,-0.8277649497803378,-0.7604916916773883,-0.5777494000237319,0.9900013370475649,6
4070,US-GLE,2016-09-09,US-GLE,Evergreen Forests,41.36653,-106.2399,1.8,3.6000001000000004,1.882417434990416,5.007522395833335,0.5450848854166668,6.114850562500003,-0.9368813462954316,-0.3496474552512282,-0.0062791381968517095,0.20424795534206816,1.0945161911414663,-0.006279138196851705,0,-0.1675013898537144,-0.07474103621725053,0.2234050114804098,-0.06288132570678902,6
4071,US-GLE,2016-09-17,US-GLE,Evergreen Forests,41.36653,-106.2399,3.1,3.5,1.7220762990338332,5.420635833333333,0.4759136062499998,6.986073729166668,-0.9760105506323682,-0.2177232303965322,-0.38224838817006607,0.3272967129593965,1.0877883204152665,0.382248388170066,0,-0.6412617195375625,-0.014399093180397837,-0.49108435179223786,-0.06128658969936431,6
4072,US-GLE,2016-10-02,US-GLE,Evergreen Forests,41.36653,-106.2399,2.0,2.8,0.8107194860935509,7.0920208125,0.3850492604166666,4.070863125,-0.9992500112396836,0.0387222808921739,-0.29546947851532596,0.11912141396398208,0.6566662355216821,0.295469478515326,0,-0.21594927017520998,-0.43242687490042864,-0.23803229047033908,-0.042191786515224025,6
4073,US-GLE,2016-10-10,US-GLE,Evergreen Forests,41.36653,-106.2399,2.5,3.1000001,0.9915908039029953,5.545050770833334,0.4795214104166666,6.001135375,-0.9844738167520924,0.1755314904214277,-0.5637836164521165,0.18236816273507198,0.7329713504659712,0.5637836164521165,0,-0.7639784012579163,-0.40712048457923944,-0.5202519635191937,-0.01206670067634886,6
4074,US-GLE,2016-10-26,US-GLE,Evergreen Forests,41.36653,-106.2399,1.5,1.9,0.6359253294334322,3.446369583333334,0.3219791958333334,4.692239833333334,-0.8996308696522434,0.4366512319560638,-0.1950780752958813,0.01656904806161496,0.6000101396872861,0.19507807529588128,0,-0.18765829354035019,-0.21406027715441606,-0.18351565519287777,-0.0335382260379464,6
4075,US-GLE,2016-11-11,US-GLE,Evergreen Forests,41.36653,-106.2399,0.7,1.6,0.1719586099575896,2.8803446041666665,0.3674660020833333,2.647702395833333,-0.7469720876965551,0.6648553979642867,-0.17399544107567122,0.0472058254496735,0.5047748395414416,0.17399544107567122,0,-0.19497360925010182,-0.11993655894647481,-0.20707615503043708,0.01972063107082288,6
4076,US-GLE,2016-11-12,US-GLE,Evergreen Forests,41.36653,-106.2399,1.4,1.8000001,0.2581419837749094,2.2607353125000005,0.3261739229166667,6.118073000000001,-0.7354170229639858,0.6776147890466887,-0.00402222657280447,0.2177603828470092,0.9965775015994127,0.004022226572804488,0,-0.2456910062972104,0.17695146007247892,0.05667286650631809,-0.027584572772200066,6
4077,US-GLE,2017-06-23,US-GLE,Evergreen Forests,41.36653,-106.2399,4.4,4.5,3.1759163653737126,6.3048887916666665,0.4363967645833334,3.1428973958333324,0.1457991969198751,-0.9893142039703664,-1.6118174294688414,0.22363588987913693,0.6442397148140705,0.8363498397837341,0,-1.4486727319921089,-1.866741637170279,-1.5200379192441367,0.04718423458496668,6
4078,US-GLE,2017-06-24,US-GLE,Evergreen Forests,41.36653,-106.2399,4.2,4.4,2.8998042076501074,6.433513333333334,0.40568521875,1.9655725,0.1287481774525813,-0.99167731989929,-1.6966583500423107,0.26172742975021646,0.7347423268517327,0.9037332346574749,0,-1.4416218859957994,-1.9645993330307996,-1.6837538311003328,-0.05589652709800302,6
4079,US-GLE,2017-07-01,US-GLE,Evergreen Forests,41.36653,-106.2399,4.3,5.3,2.8041651434042327,11.423761020833332,1.0096034604166668,2.6392781874999995,0.0086069968886886,-0.9999629591162656,-1.7157357031095375,0.16756308460420336,0.4964606097183089,1.2759340100819967,0,-1.624029673602744,-1.9091349493842773,-1.6140424863415914,0.06955740596173002,6
4080,US-GLE,2017-07-09,US-GLE,Evergreen Forests,41.36653,-106.2399,3.6,5.4,3.0593915782795644,15.21609152083333,1.1180899145833336,3.3193267916666667,-0.1287481774525806,-0.99167731989929,-0.5021115068598725,0.056216876259877195,0.5478122958165981,0.5021115068598725,0,-0.49409398443522035,-0.5619067061826032,-0.45033382996179416,-0.0430227746280704,6
4081,US-GLE,2017-07-10,US-GLE,Evergreen Forests,41.36653,-106.2399,4.2,5.4,2.84642127783122,14.5643115,0.8934652520833332,3.601730145833335,-0.1457991969198744,-0.9893142039703664,-0.4855540268233794,0.13979609145775093,0.39417517774955774,0.48555402682337934,0,-0.5171424999946101,-0.33266648821721784,-0.6068530922583102,0.04212129789266835,6
4082,US-GLE,2017-07-17,US-GLE,Evergreen Forests,41.36653,-106.2399,4.1,5.3,3.8317311830322103,15.2066053125,1.0632944729166671,3.6996042291666655,-0.2636654927280072,-0.9646141756912436,-0.4437666474885831,0.16845234665938666,0.5167365384494594,0.09277098644699566,0,-0.5954457454419023,-0.2624696116837958,-0.4733845853400511,-0.02595779419991223,6
4083,US-GLE,2017-07-18,US-GLE,Evergreen Forests,41.36653,-106.2399,4.0,5.8,4.232772811454788,15.088183416666668,1.0345610687500002,3.2561792500000006,-0.2802306751992161,-0.9599326896597444,-0.6594598363722725,0.08139902798296902,0.5239418930190347,-0.6594598363722725,0,-0.7479918812661296,-0.6425316910696326,-0.5878559367810552,-0.03255415269180113,6
4084,US-GLE,2017-08-03,US-GLE,Evergreen Forests,41.36653,-106.2399,3.2,3.6000001000000004,2.8624227395036006,10.779110041666666,0.5234831833333334,3.0298288333333336,-0.5307300481619331,-0.8475409228928312,0.09967688516179436,0.16854074284254333,0.6810421259876407,-0.09967688516179435,0,0.19661257685542488,-0.09493672954209176,0.19735480817204998,-0.08197612889092933,6
4085,US-GLE,2017-08-18,US-GLE,Evergreen Forests,41.36653,-106.2399,4.8,4.7000003,2.9682652214587937,12.208162166666664,0.9474181125,3.5596637916666665,-0.7295575540864876,-0.6839194216246105,-0.7244497282425507,0.28610494788418817,0.5532257917113698,0.7244497282425506,0,-0.7187302172789853,-0.4412474159845382,-1.0133715514641288,0.08303918761310652,6
4086,US-GLE,2017-08-19,US-GLE,Evergreen Forests,41.36653,-106.2399,4.5,4.8,3.726650718094606,13.546346020833337,1.1989235562499998,5.420606625000001,-0.7412220108485957,-0.6712599575675315,-0.7452302880972145,0.08048099997742365,0.7661590682181464,0.7452302880972145,0,-0.7448166941014471,-0.6649568821730685,-0.8259172880171277,-0.017449616859196344,6
4087,US-GLE,2017-09-03,US-GLE,Evergreen Forests,41.36653,-106.2399,4.5,5.0,2.172566022356777,15.706967625000004,1.4216782749999997,3.212970770833334,-0.888057322629493,-0.4597327394521046,-0.7029216135155508,0.06400493797902063,0.7584305343617632,0.7029216135155507,0,-0.7759911974669691,-0.6567816660713833,-0.6759919770083,-0.026891964294196154,6
4088,US-GLE,2017-09-04,US-GLE,Evergreen Forests,41.36653,-106.2399,2.6,4.3,1.5361518483550065,12.513403145833331,1.0335212124999995,2.436822166666666,-0.8958392907349089,-0.4443781781046134,-0.7895454720182856,0.36275296163372045,0.6948116895340444,0.7895454720182856,0,-0.977744713127867,-1.019522224265291,-0.37136947866169895,0.18109928807486397,6
4089,US-GLE,2017-10-06,US-GLE,Evergreen Forests,41.36653,-106.2399,1.9,1.9,0.8077114892391077,-1.3525089375000003,0.2117868729166666,7.69856414583333,-0.9959189961471792,0.0902516100310407,-0.16756302143094515,0.23899265839130354,1.6039288784806867,0.16756302143094515,0,-0.43363042080182396,-0.09796113560066252,0.028902492109651068,1.0012485288041302,6
4090,US-GLE,2017-10-29,US-GLE,Evergreen Forests,41.36653,-106.2399,2.2,1.9,0.8187115399008299,1.2921878541666665,0.2985327312500001,6.921650104166669,-0.8840675099433637,0.467359217158002,-0.31798945163906217,0.2646509879978103,1.2222742916458043,0.3179894516390622,0,-0.5889760360086436,-0.06016526079412943,-0.30482705811441346,-0.042191786515224025,6
4338,US-Jo2,2016-01-14,US-Jo2,Shrublands,32.58494,-106.60322,0.2,2.0,0.3689836600871157,6.488383145833333,0.6516857274291669,2.507583083333333,0.2386727660059501,0.9711000518829505,0.21180541767301922,0.1273241131962961,0.5561317222057134,0.12616190250121215,1,0.34518239865876243,0.09155046837830272,0.19868338598199253,-0.027584572772200066,6
4339,US-Jo2,2016-02-07,US-Jo2,Shrublands,32.58494,-106.60322,0.1,3.4,0.1948242397688916,9.662504979166664,0.9945032166333332,1.7066418958333331,0.6084768701151261,0.7935716089521474,0.5514487599374599,0.16062002051213,0.8825035660477184,-0.3618002803996767,1,0.38818383846434623,0.5568761352032912,0.7092863061447423,0.04591781382544429,6
4340,US-Jo2,2016-02-15,US-Jo2,Shrublands,32.58494,-106.60322,0.2,2.8,0.2036037546857259,13.443442291666669,1.2812471447374996,2.500092270833333,0.7116566222817746,0.702527474169157,0.4087326096691093,0.15317838881479365,0.8519925772226771,-0.40152510029765753,1,0.5056227353288772,0.2321358926863355,0.48843920099211513,-0.027584572772200066,6
4341,US-Jo2,2016-02-23,US-Jo2,Shrublands,32.58494,-106.60322,0.4,4.4,0.2467519720267203,7.0702654166666665,0.6869931344666669,4.3143651666666685,0.8013610881746766,0.5981809144059164,0.2580232991772953,0.1470391133004742,0.9151685079292176,-0.2580232991772953,1,0.42743800236687535,0.16359511440938923,0.18303678075562124,-0.04827411196376509,6
4342,US-Jo2,2016-03-02,US-Jo2,Shrublands,32.58494,-106.60322,0.3,5.6,0.3559909750852613,18.540208333333336,1.8530597517416671,3.849375833333332,0.8758917051442429,0.4825077417612184,-0.018454769515652076,0.12131058943237419,1.0029017622719159,-0.018454769515652072,1,0.023086730166563763,0.07662777995553582,-0.15507881866905582,-0.05487047045565391,6
4343,US-Jo2,2016-03-10,US-Jo2,Shrublands,32.58494,-106.60322,0.2,4.4,0.215265696340004,14.304240000000004,1.4181019152,2.2048473749999995,0.9338372288229252,0.3576982388331254,0.5342331547004461,0.07976234388053466,0.8002920429529263,-0.5037017620204381,1,0.536995234347136,0.6125785828054854,0.45312564694871704,-0.04827411196376509,6
4344,US-Jo2,2016-03-18,US-Jo2,Shrublands,32.58494,-106.60322,0.1,4.9,0.3470804778015295,17.993583333333326,1.8766915086041671,3.2813765416666665,0.9741004551724204,0.2261156855082882,0.25519988267291666,0.15260413336545645,0.6752710478746302,0.23896107293014235,1,0.42584061745999924,0.20794953292732793,0.13180949763142275,-0.04827411196376509,6
4345,US-Jo2,2016-04-11,US-Jo2,Shrublands,32.58494,-106.60322,0.8,4.8,0.5567838944306432,14.082894166666666,1.1641885969729169,2.7465793958333333,0.9829265519799822,-0.18399835165768,0.36814709182382194,0.05272785807202387,0.7593339188972474,-0.368147091823822,1,0.3895045519977661,0.4068456964973681,0.3080910269763316,-0.04827411196376509,6
4346,US-Jo2,2016-04-19,US-Jo2,Shrublands,32.58494,-106.60322,0.2,5.1,0.5271901174617578,15.969276041666667,1.3952129000083342,2.262152020833333,0.9483615800121716,-0.3171912885891061,0.6072551866101369,0.06410447068754152,0.9813065109798147,0.047125048313378715,1,0.650664107865747,0.6374750201874344,0.5336264317772292,0.0072250419524945335,6
4347,US-Jo2,2016-04-27,US-Jo2,Shrublands,32.58494,-106.60322,0.2,6.2000003,0.3650429927932404,15.964601666666669,1.59284419635625,3.269724875,0.895839290734909,-0.4443781781046132,0.3804756163326946,0.12436480864717994,0.6867663337614209,-0.05038963074621389,1,0.40796376892921915,0.24466636592661267,0.4887967141422519,-0.05487047045565391,6
4348,US-Jo2,2016-05-13,US-Jo2,Shrublands,32.58494,-106.60322,0.4,7.0,0.2800736872523105,24.65069375,2.2984196355812494,3.0057000000000005,0.741222010848596,-0.6712599575675313,0.38059331388395146,0.10062327004421243,0.7332627628249335,-0.38059331388395146,1,0.4870914477882734,0.2871117590573956,0.36757673480618525,-0.07753498913941685,6
4349,US-Jo2,2016-05-21,US-Jo2,Shrublands,32.58494,-106.60322,0.4,7.9,2.2679851336768904,23.12517828947368,2.5790345574583333,3.94010648026316,0.6420547132365637,-0.766658819300159,0.28944722600240436,0.16365398822121432,0.6952674195243025,0.28944722600240436,1,0.37565616003670854,0.10071088530984046,0.391974632660664,-0.10239181440449324,6
4350,US-Jo2,2016-05-29,US-Jo2,Shrublands,32.58494,-106.60322,0.3,7.7000003,0.9384278706894454,24.79744583333333,2.9481663288125013,3.435162500000001,0.5307300481619334,-0.8475409228928311,0.2943534976231496,0.13449466637861712,0.7806360020472367,0.2943534976231496,1,0.4135657863221446,0.14854910531201354,0.3209456012352907,-0.10239181440449324,6
4351,US-Jo2,2016-06-14,US-Jo2,Shrublands,32.58494,-106.60322,0.5,8.3,0.807205934328856,26.833643749999997,3.0737883815,2.907115625,0.2802306751992158,-0.9599326896597448,0.09131042401880947,0.10545325935388263,0.7092187812421908,0.09131042401880946,1,0.1352857598194387,-0.029013489942017634,0.16765900217900737,-0.1280736744465591,6
4352,US-Jo2,2016-06-22,US-Jo2,Shrublands,32.58494,-106.60322,0.2,8.1,0.7250731358582888,31.667187499999994,3.844173486708333,2.653527541666667,0.1457991969198751,-0.9893142039703664,0.23614098604931547,0.2054887389894278,0.7423194954782459,0.23614098604931544,1,0.4391342029867231,0.24104427071738643,0.028244484443836815,-0.10239181440449324,6
4353,US-Jo2,2016-07-08,US-Jo2,Shrublands,32.58494,-106.60322,0.3,7.6,0.4557609032931419,29.817112500000004,3.259661657270833,2.799574791666668,-0.1287481774525806,-0.99167731989929,0.5753653485354078,0.20005813707276776,0.8790384580536253,-0.26384354194912396,1,0.7660592838458519,0.5929348344460345,0.3671019273143371,-0.04455936227214962,6
4354,US-Jo2,2016-07-16,US-Jo2,Shrublands,32.58494,-106.60322,0.3,6.7000003,0.2908048864078326,30.00972291666667,3.3618131418750012,3.2158295208333327,-0.2636654927280072,-0.9646141756912436,0.8778526048633876,0.3536679339882872,1.0168163553671166,-0.8778526048633876,1,1.205747473145605,0.9247243445352505,0.5030859969093072,-0.04361636252917499,6
4355,US-Jo2,2016-08-09,US-Jo2,Shrublands,32.58494,-106.60322,3.3,6.0,2.064668947069766,27.06775833333334,1.9083836929895837,2.8860659791666667,-0.6287628145958345,-0.7775971469736268,-0.039662454454717756,0.0631211624134806,0.7659958175630055,0.03966245445471772,1,-0.039411517826438563,-0.1029087110840823,0.023332865546367598,-0.08857248738281821,6
4356,US-Jo2,2016-08-17,US-Jo2,Shrublands,32.58494,-106.60322,1.5,5.9,2.028574291295256,26.50560833333334,2.6376315871666667,3.0802580000000006,-0.7295575540864876,-0.6839194216246105,0.5196379156836892,0.20250921530813154,0.8733507676523166,0.5196379156836892,1,0.6864324099703933,0.5781726233336364,0.2943087137470379,-0.05487047045565391,6
4357,US-Jo2,2016-09-10,US-Jo2,Shrublands,32.58494,-106.60322,0.9,5.3,2.219088690986581,23.96729583333333,1.7927686700062495,3.8779364583333336,-0.9427611433904206,-0.333468778918187,0.907450662043472,0.24072858613978299,1.093706516542595,0.907450662043472,1,1.183744808037968,0.7429139916309921,0.7956931864614559,0.007208715238967041,6
4358,US-Jo2,2016-09-18,US-Jo2,Shrublands,32.58494,-106.60322,0.5,4.8,0.8330164248909868,25.39397708333333,2.7623213943541667,2.653579000000001,-0.97961369164549,-0.2008905551306352,0.5904284180121094,0.3308465354625633,1.120874576939325,0.0756044317698642,1,0.9358326877117144,0.5590816788235377,0.27637088750107613,0.0072250419524945335,6
4359,US-Jo2,2016-10-04,US-Jo2,Shrublands,32.58494,-106.60322,1.0,5.2000003,1.198007116938665,18.976604166666668,1.4177414583333332,3.930093145833333,-0.9973249731081556,0.0730951298980777,0.20391462608736388,0.30354938528019904,0.9394578338070169,0.19209960778996615,1,0.4142828032047583,-0.14406804534655349,0.34152912040388683,-0.04827411196376509,6
4360,US-Jo2,2016-10-12,US-Jo2,Shrublands,32.58494,-106.60322,0.6,4.3,0.972738407110877,23.57717916666667,1.7829679166666672,2.8093688125000003,-0.9778483415056568,0.2093146459630488,0.47622139418662685,0.25914639093852015,0.8498606165027311,0.2692554200351272,1,0.77061108903957,0.28257353168305177,0.3754795618372587,-0.04827411196376509,6
4361,US-Jo2,2016-10-20,US-Jo2,Shrublands,32.58494,-106.60322,0.3,4.2000003,0.1741223193788422,17.248629375000004,1.3077783333333337,4.585326645833333,-0.9398560579418952,0.341570769167856,0.37116381767968787,0.08547533028040459,1.001906357618131,-0.37116381767968787,1,0.4559713056917476,0.2850359433866242,0.3724842039606918,-0.04827411196376509,6
4362,US-Jo2,2016-11-13,US-Jo2,Shrublands,32.58494,-106.60322,0.2,1.8000001,0.4992242536390961,13.578008125000006,0.6903364583333333,2.320481458333333,-0.7236440382959123,0.690173388242972,0.2743333433979623,0.06883637567356389,0.7601178866360103,0.2743333433979623,1,0.19815638004774955,0.2927685986985703,0.332075051447567,-0.027584572772200066,6
4363,US-Jo2,2016-11-29,US-Jo2,Shrublands,32.58494,-106.60322,0.3,2.0,0.2422754566916268,4.77263375,0.5106416666666665,4.0808563541666665,-0.5086709438521042,0.8609610158889945,-0.017982203826746212,0.12052711858650704,0.5124707972637406,0.017982203826746215,1,0.09806896668374504,-0.009480496320865617,-0.14253508184311806,-0.03183481778271212,6
4364,US-Jo2,2016-12-15,US-Jo2,Shrublands,32.58494,-106.60322,0.1,2.9,0.3040863174933748,15.861893749999998,1.1191447916666664,4.096608458333335,-0.2553532951161881,0.9668478136052772,0.43558332016928675,0.20495128136903593,0.94239099452185,-0.027410685182537198,1,0.5659314333518488,0.19934771098035386,0.5414708161756576,-0.027584572772200066,6
4365,US-Jo2,2016-12-23,US-Jo2,Shrublands,32.58494,-106.60322,0.3,1.5,1.7775527974482244,10.34949291666667,0.3420717083333333,3.627544375,-0.1202080448993527,0.9927487224577402,0.1059862070417069,0.07929609187358574,0.7159601292884373,0.1059862070417068,1,0.016064820864770735,0.1658960946716172,0.13599770558873275,-0.027584572772200066,6
4366,US-Jo2,2017-02-01,US-Jo2,Shrublands,32.58494,-106.60322,0.4,2.9,0.8340010491536997,12.154805416666663,1.0064214583333333,2.441848854166667,0.5234156073655503,0.8520775211013093,0.34439667803519997,0.15388530477147155,0.6684428597473666,0.34439667803519997,1,0.4312891912220641,0.16671944368826397,0.4351813991952719,-0.027584572772200066,6
4367,US-Jo2,2017-02-25,US-Jo2,Shrublands,32.58494,-106.60322,1.0,3.2,0.9902193899081552,8.62483145833333,0.9029356250000004,4.544931458333332,0.8214765533024142,0.5702422926917871,-0.34698683899690536,0.119927236681562,0.7991207535920029,-0.3274256188132157,1,-0.2758445698496016,-0.2796666461736147,-0.4854493009674999,-0.027584572772200066,6
4368,US-Jo2,2017-03-05,US-Jo2,Shrublands,32.58494,-106.60322,0.5,4.9,1.1142791816689448,16.226610416666666,1.08809875,5.082093958333334,0.8919813464595485,0.4520722039323043,0.13165999466972989,0.15814580668226536,1.0638412355221338,0.13165999466972989,1,0.2944070694779799,0.12201607738311876,-0.021443162851909003,-0.04827411196376509,6
4369,US-Jo2,2017-03-13,US-Jo2,Shrublands,32.58494,-106.60322,0.7,4.6,0.9832838728026544,16.102505833333336,1.2763249999999997,2.8053975,0.9455963874271426,0.3253420847119801,0.30625152445972165,0.1207904944893674,0.7136204332845104,0.2603162211455872,1,0.3290573895685428,0.41401344807719,0.17568373573343216,-0.04827411196376509,6
4370,US-Jo2,2017-03-21,US-Jo2,Shrublands,32.58494,-106.60322,0.2,5.8,1.5396914361076175,22.660297916666664,1.8213239583333332,3.1737121041666665,0.9813064702716092,0.1924515819708299,0.1667139614771679,0.10152986752393459,0.8207499713715405,0.166713961477168,1,0.1815327791498888,0.2600200727035798,0.058589032578035105,-0.05487047045565391,6
4371,US-Jo2,2017-04-06,US-Jo2,Shrublands,32.58494,-106.60322,0.7,4.9,0.7649698117997173,16.99345208333333,1.4693416666666668,2.581583479166667,0.9966589017541702,-0.0816763953304224,0.34484237119445843,0.0555376418341367,0.8418499462617552,-0.21490274759502365,1,0.40036529066332593,0.34487180422612884,0.2892900186939207,-0.04827411196376509,6
4372,US-Jo2,2017-04-14,US-Jo2,Shrublands,32.58494,-106.60322,0.4,6.9,0.8804218134592997,21.87525416666666,1.910726666666667,4.5809875,0.9760105506323684,-0.2177232303965317,0.22619431520328423,0.01708483803365287,1.0557386806810944,0.22619431520328426,1,0.21313061373308956,0.21992396032530936,0.24552837155145374,-0.0834886424051632,6
4373,US-Jo2,2017-04-30,US-Jo2,Shrublands,32.58494,-106.60322,0.9,6.0,1.9004964976537368,12.806421041666669,1.0005870833333332,2.580257520833333,0.8800122039735357,-0.4749510720670499,0.33353973954144106,0.08568013370139053,0.6577717933282363,0.333539739541441,1,0.2698481062048645,0.43094939680252464,0.299821715616934,-0.05487047045565391,6
4374,US-Jo2,2017-05-24,US-Jo2,Shrublands,32.58494,-106.60322,0.4,7.7000003,0.6276990399430343,23.223331250000005,2.052766875,3.1686009374999995,0.6152845999633276,-0.7883050558305255,0.37929352825349244,0.18082320108551983,0.8594362164663296,0.07610455163257618,1,0.2921285578537801,0.2585631076844246,0.5871889192222726,-0.10239181440449324,6
4375,US-Jo2,2017-06-01,US-Jo2,Shrublands,32.58494,-106.60322,1.1,6.5,2.522896290411039,21.678710416666664,1.2692514583333336,2.64283825,0.5012418134457758,-0.865307254363206,0.5050585661613396,0.019312510074690387,0.9785684280985179,0.5050585661613396,1,0.4956880928331715,0.5272686057512652,0.49221899989958207,-0.0834886424051632,6
4376,US-Jo2,2017-06-09,US-Jo2,Shrublands,32.58494,-106.60322,0.4,7.8,1.3985661539875731,28.148741666666663,2.46825,2.809026666666666,0.3777079652039649,-0.9259247771938498,0.47163760455837017,0.1443101078475265,0.8267550989123265,0.4716376045583702,1,0.45208724170658476,0.33809933682042004,0.6247262351481058,-0.10239181440449324,6
4377,US-Jo2,2017-06-17,US-Jo2,Shrublands,32.58494,-106.60322,0.4,8.8,0.6238286454365755,30.47105625000001,3.3971812499999987,2.4719546666666665,0.2470221804809355,-0.9690098257244062,-0.08995171012586807,0.08470089844021915,0.526784092160092,-0.08995171012586806,1,-0.032809082064073486,-0.18726371254598556,-0.04978233576754515,-0.07205533975554201,6
4378,US-Jo2,2017-06-25,US-Jo2,Shrublands,32.58494,-106.60322,0.1,7.4,0.3584526137865217,26.08411041666666,1.5766458333333329,3.5808956666666667,0.1116590071216951,-0.993746580436178,1.0312814468337468,0.12057706594816148,1.2041425440323625,-0.5143762192607033,1,0.8920864560614298,1.1035982694507154,1.098159614989095,-0.04361636252917499,6
4379,US-Jo2,2017-07-03,US-Jo2,Shrublands,32.58494,-106.60322,0.0,7.1,1.1697693582404776,30.70163958333333,2.9604874999999997,2.8720058541666664,-0.0258184402271323,-0.9996666485105112,0.9358701927414411,0.22942598896480382,0.9613101199068682,0.9358701927414411,1,1.1751939172918027,0.9145922751065588,0.717824385825962,-0.04361636252917499,6
4380,US-Jo2,2017-07-11,US-Jo2,Shrublands,32.58494,-106.60322,0.5,6.7000003,1.0984861747768415,29.143814583333334,2.2487500000000007,2.8347289166666667,-0.1628070129385164,-0.9866579328916572,0.9817731383889226,0.09193937889807716,0.9446260376010404,0.21519921116476048,1,1.0820068589383793,0.9619506726579748,0.9013618835704135,-0.04361636252917499,6
4381,US-Jo2,2017-07-19,US-Jo2,Shrublands,32.58494,-106.60322,2.3,6.6,2.7623234728484003,25.95221458333333,1.3636816666666671,3.367304687499999,-0.2967128192734901,-0.9549667548552552,0.4082906830950021,0.11134756659773519,0.8904401960164703,0.4082906830950021,1,0.313596571805451,0.38031808956010704,0.5309573879194482,-0.09214220288244075,6
4382,US-Jo2,2017-08-28,US-Jo2,Shrublands,32.58494,-106.60322,1.5,5.1,4.02622744556444,25.700952083333338,1.5331920833333328,2.8430044375,-0.8359254794186365,-0.5488429582847199,0.6621368065594736,0.02308871588915494,0.8492686002336146,0.6621368065594737,1,0.6434113541800067,0.6879344612947881,0.655064604203626,0.001271388686748197,6
4383,US-Jo2,2017-09-21,US-Jo2,Shrublands,32.58494,-106.60322,0.7,6.2000003,0.6734934260363776,25.76153333333333,1.8639729166666668,4.361166041666668,-0.9859481499638304,-0.1670516255021195,0.5398564140840317,0.11252544860431704,1.0730617742686652,-0.5398564140840317,1,0.6634223332765187,0.4432801463066216,0.512866762668955,-0.011493169696884705,6
4384,US-Jo2,2017-10-15,US-Jo2,Shrublands,32.58494,-106.60322,0.7,4.2000003,0.5701706193837663,17.10629375,1.4554104166666664,3.805317916666666,-0.970063921851507,0.2428497220959358,0.4014049759278178,0.16540505094760108,0.8422243718523615,-0.40140497592781776,1,0.5665414379258086,0.2357326381225513,0.40194085173509353,-0.04827411196376509,6
4385,US-Jo2,2017-10-23,US-Jo2,Shrublands,32.58494,-106.60322,0.4,5.0,0.6333322522142961,20.030507916666668,1.6313077083333332,2.0851625,-0.9275416835791964,0.3737197147904692,-0.1508965908172348,0.2908951551649163,0.8579435264388973,-0.15089659081723483,1,-0.03787104481861281,-0.4813416743646186,0.06652294673152698,-0.04827411196376509,6
4386,US-Jo2,2017-10-31,US-Jo2,Shrublands,32.58494,-106.60322,0.1,3.2,0.4992277269850045,13.129096874999997,0.7676908333333333,3.957082,-0.867456354729597,0.4975132889071803,0.28113600832654323,0.057633916275935844,0.8820759233229423,0.28113600832654323,1,0.346291025644608,0.23682026751724256,0.2602967318177791,-0.027584572772200066,6
4387,US-Jo2,2018-01-27,US-Jo2,Shrublands,32.58494,-106.60322,0.2,2.7,0.1157915042191487,7.0421420208333325,0.8388518749999997,2.435104687500001,0.4482293417404106,0.893918596519257,0.31149638699471816,0.08070716885148606,0.7463356347192509,-0.31149638699471816,1,0.3772411858688609,0.22142378502504056,0.335824190090253,-0.027584572772200066,6
4388,US-Jo2,2018-02-04,US-Jo2,Shrublands,32.58494,-106.60322,0.6,3.5,0.1158861927407945,14.537983333333337,1.1870308333333333,2.4845671250000003,0.5667017562911176,0.8239230057575542,0.3394340411420565,0.12483700363176616,0.7342739358374768,-0.33943404114205644,1,0.3034944289816756,0.2365091174608605,0.4782985769836333,-0.027584572772200066,6
4389,US-Jo2,2018-02-12,US-Jo2,Shrublands,32.58494,-106.60322,0.6,3.7,0.0747944327372638,11.000378958333336,0.9022760416666666,3.459238416666667,0.6744436188329455,0.7383263540031065,0.18371833535701745,0.0666201270773221,0.5783782411942782,-0.18371833535701743,1,0.24650563369606343,0.1908156943226586,0.11383367805233036,-0.04827411196376509,6
4390,US-Jo2,2018-02-28,US-Jo2,Shrublands,32.58494,-106.60322,0.4,2.5,0.6209154518333558,6.659403958333336,0.4920727083333333,4.594056645833334,0.8498170915275278,0.5270777086423722,0.4039356670343906,0.18631620591169692,0.7310447196236259,0.03789523663232103,1,0.19620945095989756,0.45931070487019865,0.5562868452730756,-0.027584572772200066,6
4391,US-Jo2,2018-03-08,US-Jo2,Shrublands,32.58494,-106.60322,0.3,4.5,0.4670722372354122,16.12931458333333,1.4664302083333334,3.0213471458333334,0.9141279881853336,0.4054257283599973,0.3210493698103751,0.12235843750864848,0.6272327378417131,0.01309510466044933,1,0.42718919386085397,0.34874046658553304,0.18721844898473816,-0.04827411196376509,6
4392,US-Jo2,2018-03-24,US-Jo2,Shrublands,32.58494,-106.60322,0.5,6.0,0.4245065451248385,17.794074999999996,1.2325700000000002,4.248238333333332,0.989932495087353,0.141540295217043,0.2335382537275595,0.035119916134642715,1.0321251532674744,-0.23353825372755949,1,0.20044509775116565,0.22978604406856218,0.27038361936295074,-0.060824123721400246,6
4393,US-Jo2,2018-04-01,US-Jo2,Shrublands,32.58494,-106.60322,0.6,6.1,0.5700682013424849,19.923770833333336,1.8177500000000004,4.0550508333333335,0.99999073973619,0.0043035382962442,0.1330515090718525,0.01821653758255795,0.901348395324779,-0.1330515090718525,1,0.14543664510090293,0.11213486058847683,0.1415830215261778,-0.060824123721400246,6
4394,US-Jo2,2018-04-25,US-Jo2,Shrublands,32.58494,-106.60322,0.3,5.6,0.051845547108981,18.084697916666663,1.3414341666666665,3.794664166666665,0.9175836260593936,-0.3975428142825559,0.49344237107017813,0.15414953344859075,0.6486865380041069,-0.4934423710701782,1,0.6515823943136175,0.34362012662968777,0.48512459226722915,-0.05487047045565391,6
4395,US-Jo2,2018-05-03,US-Jo2,Shrublands,32.58494,-106.60322,0.2,5.9,0.4572348550198715,15.461226041666665,1.3363243750000002,3.3830247916666663,0.854322169749827,-0.5197438121555155,0.48090709297801487,0.12137349934652543,0.6336610390200094,0.033562617061728084,1,0.6078366273158492,0.3659816968952726,0.46890295472292287,-0.05487047045565391,6
4396,US-Jo2,2018-05-19,US-Jo2,Shrublands,32.58494,-106.60322,0.2,7.3,0.4739989117266265,23.434571875000003,2.2658520833333333,2.8372482916666666,0.6807734094770161,-0.7324940716135789,0.4028119446625114,0.13520415718412537,0.726353286702373,0.14518587879074157,1,0.45637463953084656,0.24903279248865207,0.5030284019680358,-0.07753498913941685,6
4397,US-Jo2,2018-05-27,US-Jo2,Shrublands,32.58494,-106.60322,0.3,8.8,0.4899728213642077,26.00683333333333,2.6164416666666663,4.012577708333334,0.5737722679043246,-0.8190148866680801,0.24049163794983533,0.15186396477256883,0.8986703982089124,0.13945400477858014,1,0.2005172119903263,0.1126133791373225,0.4083443227218573,-0.1280736744465591,6
4398,US-Jo2,2018-06-04,US-Jo2,Shrublands,32.58494,-106.60322,0.2,8.3,0.4161524344033158,26.915391666666665,2.2460610416666658,4.1229879375000005,0.4559066935084588,-0.8900275764346767,0.674248501135672,0.10812843691652087,1.066056173565443,-0.24194363232904048,1,0.6298063795206087,0.5954228784757392,0.7975162454106682,-0.08469637368778984,6
4399,US-Jo2,2018-06-12,US-Jo2,Shrublands,32.58494,-106.60322,0.1,7.8,0.5379110502118282,30.828133333333337,3.485239583333333,3.0203710625,0.3294084822245304,-0.9441875088341992,0.40484365001961936,0.1995000428571264,0.814963744895757,0.40484365001961936,1,0.6089749958648296,0.39523370884233455,0.21032224535169391,-0.10239181440449324,6
4400,US-Jo2,2018-06-20,US-Jo2,Shrublands,32.58494,-106.60322,0.2,8.5,1.2871324809026805,29.72928125,3.0227395833333337,3.4720292916666677,0.1966728897935764,-0.980469160361632,0.3533516145772701,0.07366116836609603,0.9177030743173258,0.35335161457727016,1,0.43608128743151997,0.29487483357537697,0.32909872272491325,-0.1280736744465591,6
4401,US-Jo2,2018-06-28,US-Jo2,Shrublands,32.58494,-106.60322,0.1,8.0,0.8177577696571037,31.87850624999999,3.2421958333333336,4.052693333333335,0.060213277365793,-0.9981855344718586,0.7176265957315664,0.2431184163481671,1.1743819801817494,0.7176265957315664,1,0.9265235355317364,0.775591535912773,0.4507647157501896,-0.06847318779425143,6
4402,US-Jo2,2018-07-22,US-Jo2,Shrublands,32.58494,-106.60322,0.8,6.8,0.9264396165718676,32.28475208333332,3.16503125,2.6351139583333327,-0.3456123126707333,-0.9383773917408642,0.6845714079347761,0.3241482986352417,0.8360577345254108,-0.43169217479104105,1,1.0072126202628868,0.6875648473928374,0.358936756148604,-0.03415768838064769,6
4403,US-Jo2,2018-07-30,US-Jo2,Shrublands,32.58494,-106.60322,0.4,6.0,3.732006456488352,28.593552083333325,1.9297395833333333,2.977603770833334,-0.4711595076738639,-0.8820480249558535,1.0878211830953088,0.16327643334702466,0.9721496760484785,1.087821183095309,1,1.2751879264546853,1.012289155682688,0.9759864671485535,-0.011509496410412186,6
4404,US-Jo2,2018-08-07,US-Jo2,Shrublands,32.58494,-106.60322,0.4,7.4,1.0718152502987108,29.96389999999999,2.5175,3.0074988541666667,-0.5877852522924734,-0.8090169943749472,0.5645890026171418,0.1573392856056884,1.078227528119213,0.5645890026171418,1,0.7462341047617126,0.4768394704310207,0.4706934326586921,-0.03415768838064769,6
4405,US-Jo2,2018-08-15,US-Jo2,Shrublands,32.58494,-106.60322,0.3,6.5,0.531151947046817,28.137175,1.998983333333333,2.9264059791666672,-0.6932812268869771,-0.7206671495538615,0.7998749841748366,0.11117228623256267,0.9447678463404958,-0.3375710900812026,1,0.9253999489074759,0.7138339784913673,0.7603910251256664,-0.04361636252917499,6
4406,US-Jo2,2018-08-23,US-Jo2,Shrublands,32.58494,-106.60322,1.4,4.8,4.120734524362942,23.875987500000004,0.9024961458333332,1.836389999999999,-0.7856498550787144,-0.6186714032625032,0.37935618115599584,0.1695782743391708,0.8950919455867181,0.379356181155996,1,0.21386626952613175,0.5527466442473832,0.37145562969447277,-0.04827411196376509,6
4407,US-Jo2,2018-08-31,US-Jo2,Shrublands,32.58494,-106.60322,1.2,6.3,2.228523989925556,29.59531041666666,2.340397916666667,2.8478965624999995,-0.8631421280499115,-0.5049610547215202,0.3251321908608052,0.07565775249100398,0.8651380450829123,0.32513219086080514,1,0.4104564262794922,0.29871589260301235,0.2662242536999111,-0.07753498913941685,6
4408,US-Jo2,2018-09-16,US-Jo2,Shrublands,32.58494,-106.60322,0.8,5.1,1.0033286703319653,26.299954166666662,1.5936112500000004,3.1538750625000005,-0.9679377830240642,-0.2511900638848195,0.7280340038455094,0.06501268606096275,1.0410026651120257,-0.321376663181579,1,0.8009068838488239,0.6759832476923777,0.7072118799953266,0.007208715238967041,6
4409,US-Jo2,2018-09-24,US-Jo2,Shrublands,32.58494,-106.60322,1.1,4.3,1.6600239932268503,24.310716666666675,1.6645045833333332,2.6165740625,-0.9932568492674144,-0.1159345995955006,0.5274294817421604,0.11795557473624442,0.8983934873011066,0.5274294817421604,1,0.6622117372903328,0.47703321505512364,0.44304349288102474,-0.04827411196376509,6
4410,US-Jo2,2018-10-10,US-Jo2,Shrublands,32.58494,-106.60322,0.2,3.9,0.5496248332985509,16.192904166666672,1.0286866666666663,3.9916584999999993,-0.9873494423939864,0.1585593851031347,0.5069471937964353,0.033720648498886355,0.9870199510905386,0.1923024728006666,1,0.49052282425662486,0.5457332595614033,0.4845854975712779,-0.05422776522951142,6
4411,US-Jo2,2018-10-26,US-Jo2,Shrublands,32.58494,-106.60322,0.6,2.9,2.0701255712014137,16.599204166666667,0.8154170833333333,2.2066596249999995,-0.9070138128026362,0.4211008707960891,0.05881764187729747,0.0904896037155025,0.720710480240871,0.05881764187729743,1,0.015379515845856978,-0.0017628411916734421,0.16283625097770887,-0.027584572772200066,6
4412,US-Jo2,2018-11-03,US-Jo2,Shrublands,32.58494,-106.60322,0.5,3.3,1.16308817603211,15.037918749999998,1.0206127083333334,2.7819946874999992,-0.8406184056344783,0.5416278206559811,0.1906828489079043,0.08531146875830418,0.8786600365499506,0.19068284890790432,1,0.2874827401149163,0.12645942396412396,0.15810638264467258,-0.027584572772200066,6
4413,US-Jo2,2018-11-11,US-Jo2,Shrublands,32.58494,-106.60322,0.5,2.8,0.8106981946741554,12.164197708333337,0.7580327083333332,4.683763395833332,-0.7583058084785625,0.6518989958787125,0.04825560664954084,0.07328862340466452,0.7740160195257799,0.048255606649540816,1,0.08109692358673576,-0.03570991281472213,0.09937980917660888,-0.027584572772200066,6
4414,US-Jo2,2018-11-19,US-Jo2,Shrublands,32.58494,-106.60322,0.4,1.8000001,0.4380117522700233,10.282315833333334,0.8666604166666665,2.3626533541666666,-0.661634618242279,0.749826401204568,0.1625642640835789,0.06234454246663402,0.804022953813971,-0.08654075954353233,1,0.15887742368099506,0.10214495561628179,0.22667041295345985,-0.027584572772200066,6
4415,US-Jo2,2018-11-27,US-Jo2,Shrublands,32.58494,-106.60322,0.3,1.9,0.3702305417799491,9.562109791666666,0.7372902083333334,2.0867845416666664,-0.5524353131676203,0.8335557718385695,0.3498364247282693,0.03307317887591065,0.6465003475514551,-0.20937534116837114,1,0.36022042283748423,0.31281732089787606,0.3764715304494477,-0.0335382260379464,6
4445,US-KLS,2017-01-04,US-KLS,Croplands,38.7745,-97.5684,0.2,0.7,0.243901229307408,4.514728802083334,0.122657375,1.8512118749999995,0.0688024268023198,0.9976303053065856,0.2886857215718846,0.10416014216781184,0.5421082847892007,-0.2008832629570686,2,0.37149448043370437,0.171740841029038,0.3228218432529115,-0.027584572772200066,6
4446,US-KLS,2017-02-05,US-KLS,Croplands,38.7745,-97.5684,0.6,1.1,0.2340855686914448,3.0051775291666667,0.1139055208333333,1.084391583333333,0.5808002734538009,0.8140460935082178,-0.07038058215425681,0.0849893457575317,0.5288150077910287,0.0703805821542568,2,0.014758758449636672,-0.07068137024429816,-0.15521913466810894,-0.03183481778271212,6
4447,US-KLS,2017-02-14,US-KLS,Croplands,38.7745,-97.5684,1.0,5.0,0.4395670346787941,5.116314504166668,0.1768212937499999,1.3166721458333333,0.6994583270516471,0.7146733860429609,-1.0267749953883467,0.050261229879257976,0.9140775399550597,0.09409093525406509,2,-0.9690989857733149,-1.061207610561266,-1.0500183898304594,-0.03616858551980218,6
4448,US-KLS,2017-02-21,US-KLS,Croplands,38.7745,-97.5684,1.6,0.7,0.4098511837259058,10.921829418750002,0.360838125,2.6845261041666664,0.7802958510707755,0.6254105729852463,-0.18431004453973357,0.17818097220295953,0.9967572001058003,0.18431004453973365,2,0.01904776141878492,-0.3130566574700581,-0.2589212375679275,-0.027584572772200066,6
4449,US-KLS,2017-03-01,US-KLS,Croplands,38.7745,-97.5684,1.5,3.3,0.5464460807711236,8.797757402083333,0.3847719791666666,1.7119939375000002,0.8587639582758029,0.5123714121284237,-0.34473121265394563,0.08616264978200609,0.48029910097006356,0.3447312126539457,2,-0.2748263974762625,-0.44099422151766543,-0.3183730189679088,0.0344394980176042,6
4450,US-KLS,2017-03-02,US-KLS,Croplands,38.7745,-97.5684,1.3,3.3,0.5245671255179208,10.778781529166665,0.3859088333333333,1.527844083333333,0.8674563547295968,0.4975132889071806,-0.17284037567154775,0.04703812677738966,0.5165302816339168,0.17284037567154775,2,-0.15761258022381947,-0.22560591849365155,-0.13530262829717218,-0.017115950835930777,6
4451,US-KLS,2017-03-09,US-KLS,Croplands,38.7745,-97.5684,1.7,4.1,0.5599013930095061,10.150163225000004,0.3276617916666666,1.9078777916666665,0.9209712877166346,0.3896304495307879,-0.45607795675599333,0.11889662740355778,0.49411796570415156,0.4560779567559934,2,-0.3702905319436575,-0.5917983696097766,-0.4061449687145458,0.05929967158078697,6
4452,US-KLS,2017-03-18,US-KLS,Croplands,38.7745,-97.5684,1.8,4.2000003,0.7023095509887326,11.761352854166669,0.4840554541666667,1.3273687708333333,0.970063921851507,0.2428497220959356,-0.25054167098552643,0.07514432678804073,0.5855531153322404,0.2505416709855264,2,-0.2817280439721908,-0.30507142976248613,-0.16482553922190246,-0.06288132570678902,6
4453,US-KLS,2017-04-10,US-KLS,Croplands,38.7745,-97.5684,1.3,3.8,1.7259989137746057,11.906231777083336,0.194165875,1.681907625,0.9886775902323404,-0.1500553983446526,0.4049435963274208,0.09861184856261729,0.44240191171304827,0.4049435963274208,2,0.5174729960108229,0.3336074887178162,0.3637503042536232,0.05929967158078697,6
4454,US-KLS,2017-04-11,US-KLS,Croplands,38.7745,-97.5684,2.6,3.8,1.7588671202632675,10.107940956250005,0.3594338937499999,1.0446041458333335,0.9859481499638304,-0.1670516255021192,-0.6812813881322372,0.14691496861191297,0.5963729678235336,0.6812813881322372,2,-0.8432209633444917,-0.6440801792932491,-0.5565430217589705,-0.050759472549298634,6
4455,US-KLS,2017-04-18,US-KLS,Croplands,38.7745,-97.5684,4.1,5.4,7.084761036413567,20.08005915,0.329243625,6.312945395833334,0.9587178169872964,-0.2843591872810034,0.8558913374518166,0.054132742824101,1.2409952564444493,0.8558913374518164,2,0.8336734786714545,0.8164025504007176,0.9175979832832776,-0.034629498141346644,6
4456,US-KLS,2017-04-19,US-KLS,Croplands,38.7745,-97.5684,3.3,4.9,7.382853242176558,21.676821054166663,0.2878504375,7.229433041666668,0.9536809966304456,-0.3008198076356673,0.9337767000982397,0.3625079584030445,1.1760784332434422,0.9337767000982398,2,0.6605900652615663,0.7957087410040252,1.3450312940291274,0.10860372354039755,6
4457,US-KLS,2017-04-27,US-KLS,Croplands,38.7745,-97.5684,2.0,2.9,3.0407351302824206,8.512215939583333,0.2585525833333333,1.75006975,0.9033558023246844,-0.4288919379124835,0.38916869287023514,0.017890092645722937,0.6394842118747731,0.38916869287023514,2,0.4096365800353009,0.38135437965640606,0.3765151189189986,-0.048145439780970356,6
4458,US-KLS,2017-05-04,US-KLS,Croplands,38.7745,-97.5684,3.2,4.8,6.081353979264367,13.338292400000006,0.4322630208333334,3.6499640833333338,0.8452490573530633,-0.5343725582809787,-0.21396418393229455,0.09853093200933356,0.6567559702968024,-0.21396418393229455,2,-0.17157170719489778,-0.3265962085101128,-0.1437246360918731,-0.08197612889092933,6
4459,US-KLS,2017-05-05,US-KLS,Croplands,38.7745,-97.5684,3.1,4.8,5.885279871935188,16.73004533333334,0.7118031249999999,1.54604625,0.835925479418637,-0.548842958284719,-0.1347704043697737,0.15573679883151517,0.5065432921372744,-0.13477040436977372,2,-0.1265785858388492,-0.2944414436919231,0.01670881642145125,0.04871765638455722,6
4460,US-KLS,2017-05-12,US-KLS,Croplands,38.7745,-97.5684,3.4,5.2000003,1.986221369576552,15.94329067291667,0.6098941666666666,1.5075164583333336,0.7638886127905428,-0.6453481132295501,-0.5368971593993189,0.1230707433385343,0.45201481482668904,0.5368971593993189,2,-0.47052263924182725,-0.6789064079330477,-0.4612624310230819,0.04871765638455722,6
4461,US-KLS,2017-05-13,US-KLS,Croplands,38.7745,-97.5684,4.7,5.8,2.5067841270298303,16.70726779791667,0.7749877083333331,2.1999006875,0.7526668275320084,-0.6584015846980488,-1.1255999970472217,0.07386018052899754,0.5983980342114954,1.1255999970472217,2,-1.0403248421688194,-1.1670387258202057,-1.1694364231526397,-0.01902924869244169,6
4462,US-KLS,2017-05-21,US-KLS,Croplands,38.7745,-97.5684,3.9,5.0,1.8160071705509908,14.267783847916665,0.5653566666666665,0.5010565833333335,0.6551563572090853,-0.7554933140726803,-0.963288138198516,0.22267680260548342,0.609973558351846,0.9632881381985161,2,-0.9696900412326998,-1.18269495866335,-0.7374794146994982,-0.00031103704306249076,6
4463,US-KLS,2017-05-28,US-KLS,Croplands,38.7745,-97.5684,5.1,6.0,1.8774764117553675,19.988501245833337,0.8179599999999999,0.55036125,0.5595892624101765,-0.8287700871745037,-0.9476182151988354,0.11075868900289892,0.6847140652805889,0.9476182151988355,2,-0.8888006229201522,-1.0753776865699456,-0.8786763361064084,-0.01902924869244169,6
4464,US-KLS,2017-05-29,US-KLS,Croplands,38.7745,-97.5684,5.2,6.1,2.088246302138926,19.3783957875,0.8132474999999998,0.6248347500000001,0.545240438540651,-0.8382797052177743,-1.0399235486231595,0.07229986268407108,0.6857161747671168,1.0399235486231593,2,-0.9943160930144569,-1.1232850186147052,-1.0021695342403165,-0.01902924869244169,6
4465,US-KLS,2017-06-05,US-KLS,Croplands,38.7745,-97.5684,5.7,6.3,2.3851241504526897,24.728330622916676,1.4480902708333332,0.4952245208333333,0.440518784350495,-0.8977433935342337,-0.8059384191428319,0.4481787902810846,0.7643314650042338,0.8059384191428318,2,-0.6037366646859263,-1.319592403169341,-0.49448618957322865,-0.08979051840432972,6
4466,US-KLS,2017-06-13,US-KLS,Croplands,38.7745,-97.5684,3.4,9.1,3.1469888116535647,28.70456422916667,1.7367210416666663,4.291013500000001,0.3131070409358269,-0.9497178427914316,-0.6480030050457285,0.2331818493623333,1.0890783007014617,-0.14198062835285807,2,-0.3823818141046565,-0.7426322953483838,-0.8189949056841451,-0.1617756913737233,6
4467,US-KLS,2017-06-21,US-KLS,Croplands,38.7745,-97.5684,7.4,10.0,2.6127859976117205,28.87475243125,2.0322408333333333,3.431442437499999,0.1797665857255624,-0.9837092937736096,-0.20947121714080674,0.21962385247601005,0.8541926287853041,0.2094712171408064,2,0.0033056427047470083,-0.19636428099400163,-0.4353550131331656,0.029436275437442955,6
4468,US-KLS,2017-06-22,US-KLS,Croplands,38.7745,-97.5684,5.4,8.7,2.1802174158590657,28.77985326458333,1.9022414583333331,2.6969869375,0.1628070129385171,-0.986657932891657,-0.4218090409722688,0.12324553281843455,0.8042147767532937,0.4218090409722688,2,-0.29506817363103627,-0.5412332503310036,-0.42912569895476654,-0.4429988735749455,6
4469,US-KLS,2017-07-07,US-KLS,Croplands,38.7745,-97.5684,6.3,7.9,1.5982989084248926,26.790994070833342,1.5597947916666666,1.4825507083333331,-0.0945367498171993,-0.9955213724144752,-0.7389546600000623,0.4779372893295269,0.7907282577381882,0.7389546600000623,2,-0.5025678864819386,-1.289021896987318,-0.42527419653093035,-0.3798514065123048,6
4470,US-KLS,2017-07-08,US-KLS,Croplands,38.7745,-97.5684,5.8,6.7000003,1.5978658327765365,26.022925593750006,1.5241822916666667,0.9498335,-0.1116590071216944,-0.993746580436178,-0.7258111595561066,0.5081044617040166,0.6233899114180463,0.7258111595561068,2,-0.5572900526225042,-1.2967652730706378,-0.3233781529751776,-0.35172619650384485,6
4471,US-KLS,2017-07-23,US-KLS,Croplands,38.7745,-97.5684,5.0,7.3,1.1627137400876255,27.31801973958333,1.574926875,0.9178915833333338,-0.3617137307297674,-0.9322892131745134,-0.7732832186856937,0.43647370517820944,0.7969853511881456,0.7732832186856937,2,-0.6230955281734654,-1.2650208428776595,-0.4317332850059561,0.03959328802209894,6
4472,US-KLS,2017-07-24,US-KLS,Croplands,38.7745,-97.5684,3.2,7.1,0.9415251068722232,29.053517145833343,1.904353958333333,1.0646374166666666,-0.3777079652039646,-0.92592477719385,-1.4382450868991032,0.11222330116799034,0.7209591934014188,1.4382450868991032,2,-1.337220648194397,-1.5590397109722736,-1.4184749015306395,-0.08334050403659647,6
4473,US-KLS,2017-08-01,US-KLS,Croplands,38.7745,-97.5684,3.8,5.1,1.405824879447272,21.94763712291666,1.2326927083333337,0.6799492708333332,-0.5012418134457756,-0.8653072543632061,-0.4373677355993924,0.07329571354294323,0.8159475040454683,0.43736773559939235,2,-0.47709643458419715,-0.4822218879553818,-0.35278488425859844,-0.08197612889092933,6
4474,US-KLS,2017-08-17,US-KLS,Croplands,38.7745,-97.5684,3.3,5.9,1.1565960035714986,23.94446283541665,1.4682959791666663,0.6121543541666667,-0.7176769136759615,-0.6963762255968726,-0.7547829892643426,0.04676958349331149,0.7241208426372341,0.7547829892643425,2,-0.7969799638108408,-0.7628727777962772,-0.7044962261859098,-0.036167828508575556,6
4475,US-KLS,2017-09-02,US-KLS,Croplands,38.7745,-97.5684,2.7,5.6,0.6139439919215545,24.39460541458333,1.3009087499999998,0.922637625,-0.8800122039735356,-0.4749510720670502,-0.434846407528946,0.06623782408989512,0.641324247231948,0.434846407528946,2,-0.36025557982787276,-0.457492396226409,-0.486791246532556,-0.0694776841986779,6
4476,US-KLS,2017-10-11,US-KLS,Croplands,38.7745,-97.5684,1.9,2.6000001,1.6797461027358491,10.869565254166664,0.6417539583333333,2.159417729166667,-0.9844738167520924,0.1755314904214277,-0.5856634864174856,0.2372704710664688,0.5339850048267991,-0.14515569188918398,2,-0.3118729846163296,-0.7138210441037491,-0.7312964305323776,-0.01206670067634886,6
4477,US-KLS,2017-10-12,US-KLS,Croplands,38.7745,-97.5684,1.8,4.6,1.7272865732094045,17.554340935416672,0.8185595833333332,5.811185875,-0.9813064702716092,0.1924515819708299,-0.39369769500351737,0.08869515797662773,1.0840084839814186,-0.24827084142232625,2,-0.2980705715930416,-0.4097556115464039,-0.47326690187110676,-0.06288132570678902,6
4478,US-KLS,2017-10-19,US-KLS,Croplands,38.7745,-97.5684,2.1,3.9,1.5937960989647404,18.970864083333336,1.2217062500000002,4.347823333333333,-0.9510565162951536,0.3090169943749472,-0.3223054245971548,0.2228600564517108,0.9070303099212594,0.3223054245971548,2,-0.06534530139161937,-0.43873450809410897,-0.4628364643057359,-0.06288132570678902,6
4479,US-KLS,2017-10-20,US-KLS,Croplands,38.7745,-97.5684,2.1,5.0,1.7501976580966028,19.5921331625,0.8102149999999999,8.271359374999998,-0.9455963874271428,0.3253420847119795,-0.8575979299824602,0.11325965331074235,1.579228920742188,-0.15799324617566557,2,-0.9847552093806121,-0.8204960497171746,-0.767542530849594,0.5161698972160492,6
4480,US-KLS,2017-10-27,US-KLS,Croplands,38.7745,-97.5684,1.6,2.3,1.4816496319202388,12.545388762499996,0.7161700000000001,4.645163437500001,-0.8996308696522434,0.4366512319560638,-0.29350304752058304,0.36698910575900184,0.9046782477371865,-0.056802311361060454,2,0.015097363351491616,-0.19629710282708207,-0.6993094030861586,-0.11180057186357627,6
4481,US-KLS,2017-10-28,US-KLS,Croplands,38.7745,-97.5684,1.6,2.6000001,1.28797494852855,10.873512702083335,0.6676804166666668,3.735277166666666,-0.8919813464595487,0.4520722039323037,-0.45959423881900946,0.11868760127169256,0.6828823545528231,0.16445586412389052,2,-0.3231194524330555,-0.5169816916292258,-0.538681572394747,-0.027584572772200066,6
4482,US-KLS,2017-11-20,US-KLS,Croplands,38.7745,-97.5684,1.0,3.6000001000000004,1.7775794543489258,11.347449529166669,1.132942291666667,6.117906250000001,-0.6486295610349818,0.7611042586607742,-0.6166080993051243,0.1852752927438482,1.0119138730790054,-0.6166080993051244,2,-0.7888825936360635,-0.4206161387515481,-0.6403255655277611,-0.03615225880627472,6
4483,US-KLS,2017-11-21,US-KLS,Croplands,38.7745,-97.5684,0.8,1.7,1.0459456279548618,5.6695322625000015,0.7941122916666666,4.067538791666667,-0.6354323008901775,0.7721565844991641,-0.22071894800236871,0.29041254033719643,0.7105253019613712,-0.2207189480023687,2,0.053035299938524044,-0.18986592445651176,-0.5253262194891185,-0.027584572772200066,6
4484,US-KLS,2017-11-29,US-KLS,Croplands,38.7745,-97.5684,0.3,1.2,1.2001720141007537,10.168608079166663,1.0082929166666668,2.604777875000001,-0.5234156073655503,0.8520775211013093,0.09507034544842462,0.1719684649533258,0.721540915673909,0.09507034544842463,2,0.2782526864762279,-0.062900983170768,0.06985933303981393,-0.027584572772200066,6
4485,US-KLS,2017-12-06,US-KLS,Croplands,38.7745,-97.5684,0.6,1.9,0.6340389622516753,2.27165491875,0.5854804166666667,4.671932291666666,-0.4171936026123169,0.9088176373395028,-0.10016578479256677,0.18966879362460862,0.5691141816069554,-0.10016578479256677,2,0.03401127373143811,-0.01734888053263614,-0.3171597475765023,-0.027584572772200066,6
4486,US-KLS,2017-12-15,US-KLS,Croplands,38.7745,-97.5684,0.4,1.8000001,0.2355110388664797,4.220603472916666,0.4877695833333333,4.0748505,-0.2719581575341052,0.9623090774541488,0.19995324868216746,0.07624087238426108,0.4698918236720992,-0.19995324868216743,2,0.2595406908047734,0.11403757845766274,0.22628147678406627,0.01972063107082288,6
4487,US-KLS,2017-12-30,US-KLS,Croplands,38.7745,-97.5684,0.2,0.5,-0.0627451784333042,-13.182012710416664,0.077608625,4.233580937500002,-0.0172133561558352,0.9998518392091162,0.011758223782402507,0.10352281139668278,0.5617509767797279,-0.011758223782402488,2,0.08872001399689614,-0.10593526258853392,0.0524899199388453,-0.027584572772200066,6
4666,US-NC2,2017-02-12,US-NC2,Evergreen Forests,35.803,-76.6685,2.1,1.9,3.019411583631439,20.80300966666667,1.040910225,1.5675348541666672,0.6744436188329455,0.7383263540031065,-0.3625299095519153,0.3179585953291504,1.2740252981762397,-0.3625299095519152,1,-0.0832379585659802,-0.7085606541765679,-0.29579111591319796,-0.0699320697542533,6
4667,US-NC2,2017-02-20,US-NC2,Evergreen Forests,35.803,-76.6685,2.5,4.6,2.37427280588159,13.296992895833334,0.6890561166666664,0.990568375,0.7694148268839378,0.6387494220515272,0.21688354215784342,0.064017057317131,0.8912560746736023,-0.21688354215784345,1,0.29078154972853076,0.1815147236011398,0.17835435314385967,-0.06288132570678902,6
4668,US-NC2,2017-02-28,US-NC2,Evergreen Forests,35.803,-76.6685,3.2,1.6,1.5670689722188902,18.247871458333336,0.53076419375,0.9426431666666664,0.8498170915275278,0.5270777086423722,-0.5298377726762492,0.4746632498844261,1.2253415064140358,0.5298377726762493,1,-0.21542774024011985,-1.0758421580019286,-0.2982434197866992,-0.2068029114261547,6
4669,US-NC2,2017-03-24,US-NC2,Evergreen Forests,35.803,-76.6685,3.3,4.3,1.5828151246093736,10.923258020833336,0.5896615083333333,1.0324231041666665,0.989932495087353,0.141540295217043,-0.4047924462400345,0.16943094992911825,0.6852117288803786,0.4047924462400345,1,-0.5772831747454068,-0.398497430508464,-0.23859673346623284,-0.08197612889092933,6
4670,US-NC2,2017-04-01,US-NC2,Evergreen Forests,35.803,-76.6685,3.1,3.8,3.985268799452061,16.331647625000006,0.6267875750000002,1.1278038541666664,0.99999073973619,0.0043035382962442,-0.1845059950670027,0.12647291643853584,0.7036540037667327,-0.18450599506700271,1,-0.3229581081127899,-0.07504739093230249,-0.15551248615591565,-0.08197612889092933,6
4671,US-NC2,2017-04-09,US-NC2,Evergreen Forests,35.803,-76.6685,4.3,4.9,2.5894022288077307,13.695463270833336,0.8468285687499996,0.7818038958333332,0.9911140639934548,-0.1330147065341959,-0.7306972570162625,0.25455462298430936,0.8667093432420975,0.7306972570162625,1,-0.9550799368955708,-0.7829363455572238,-0.454075488595993,-0.06987060244696641,6
4672,US-NC2,2017-05-03,US-NC2,Evergreen Forests,35.803,-76.6685,6.0,6.1,5.723419648641762,20.14810018750001,1.3294147437499997,1.180064,0.854322169749827,-0.5197438121555155,-1.738536156788385,0.2766289032202952,0.8525581183040847,-1.1853754540719097,1,-1.4527678249387987,-2.0050160163306825,-1.757824629095674,-0.6717823777169849,6
4673,US-NC2,2017-05-19,US-NC2,Evergreen Forests,35.803,-76.6685,6.2,6.7000003,5.146535488664504,25.4784005,0.8838143291666668,1.2321930208333334,0.6807734094770161,-0.7324940716135789,-1.526768488341811,0.1276890081861813,0.6103225237923835,0.5801605343291822,1,-1.3880076920247841,-1.6393179016115025,-1.5529798713891463,-0.4506779773446048,6
4674,US-NC2,2017-05-27,US-NC2,Evergreen Forests,35.803,-76.6685,5.8,6.5,5.777894125626041,24.514940125,1.0848227312499998,0.8857795833333335,0.5737722679043246,-0.8190148866680801,-0.7943273087438177,0.05292087217712691,0.598580880068728,-0.7501155599959001,1,-0.7332257871834621,-0.8256342171582911,-0.8241219218897,-0.19716694862056083,6
4675,US-NC2,2017-06-04,US-NC2,Evergreen Forests,35.803,-76.6685,7.7,7.1,5.036191754438671,25.4327611875,1.1000143020833335,0.9055096250000004,0.4559066935084588,-0.8900275764346767,-2.418544819397484,0.26464016579774563,0.9455876328717906,2.418544819397484,1,-2.1274514942310168,-2.4835748726003835,-2.644608091361052,3.5553527785502,6
4676,US-NC2,2017-06-28,US-NC2,Evergreen Forests,35.803,-76.6685,6.4,5.6,6.179412096228143,22.26817120833334,1.0093702,0.8428002916666664,0.060213277365793,-0.9981855344718586,-0.9667910027201437,0.09713268581324624,0.6800968033663858,-0.5256151951764289,1,-0.8632057218897539,-1.0558304664866227,-0.9813368197840546,-0.43139324905642834,6
4677,US-NC2,2017-07-06,US-NC2,Evergreen Forests,35.803,-76.6685,6.5,6.1,7.9183488167347935,27.65578297916667,0.6833409874999999,0.8868348750000004,-0.0773864792334632,-0.9970011699250152,-0.7625453780275087,0.12487322602813727,0.6406583386139669,-0.7625453780275087,1,-0.6649231577513013,-0.9032572452894359,-0.7194557310417888,-0.37788174400288704,6
4678,US-NC2,2017-07-14,US-NC2,Evergreen Forests,35.803,-76.6685,5.7,6.2000003,6.752910620710412,29.48511935416667,0.684147125,1.097488875,-0.2135209154397959,-0.9769384927771816,-0.35045914423443225,0.21755864041637177,0.5610946775022955,-0.35045914423443225,1,-0.18533895064513728,-0.5969803744467146,-0.2690581076114448,-0.2346033211921746,6
4679,US-NC2,2017-09-08,US-NC2,Evergreen Forests,35.803,-76.6685,4.6,4.3,4.95409527877348,20.199473479166667,0.7086289645833332,0.8408859791666666,-0.9242907221930934,-0.3816892202666586,-0.6112938428970214,0.3401046886470685,0.7140941195287963,-0.6112938428970214,1,-0.4159918600545112,-1.0040110147982788,-0.41387865383827416,-0.06985427573343894,6
4680,US-NC2,2017-09-24,US-NC2,Evergreen Forests,35.803,-76.6685,4.3,4.8,4.197289072164751,24.345414208333334,0.5828181541666665,0.9287348958333334,-0.9932568492674144,-0.1159345995955006,-0.5440571317616734,0.25294134112628147,0.6445403494187433,-0.33863527609117594,1,-0.49434234407615535,-0.8181647050723714,-0.31966434613649347,-0.08197612889092933,6
4681,US-NC2,2017-10-02,US-NC2,Evergreen Forests,35.803,-76.6685,3.7,3.3,3.803018279581207,18.061906354166673,0.5314737729166665,1.0500652291666666,-0.9997685019798908,0.0215160974362222,-0.6157613158298942,0.34324443576681024,0.7465448707592742,-0.6157613158298942,1,-0.447640022296029,-1.0106565901405593,-0.38898733505309446,-0.019039650702998807,6
4682,US-NC2,2017-10-18,US-NC2,Evergreen Forests,35.803,-76.6685,2.8,3.1000001,2.6586747663780628,15.102577062499998,0.3615870458333332,1.0129344375000002,-0.9562348265919058,0.2926003356333479,-0.2610939125224631,0.02416015755300191,0.6371519083827356,0.021556554721410992,1,-0.23341648709053114,-0.2719022285513991,-0.2779630219254589,-0.048145439780970356,6
4683,US-NC2,2017-12-13,US-NC2,Evergreen Forests,35.803,-76.6685,1.0,2.0,0.6651687500090551,0.0054341874999997,0.3675683374999999,1.4965369791666667,-0.3049212246562894,0.9523775757303972,-0.07885618032478264,0.12913981201113983,0.6281830824741154,0.07885618032478264,1,-0.10436037030035908,-0.19334104249386697,0.06113287181987809,-0.027584572772200066,6
4684,US-NC2,2017-12-21,US-NC2,Evergreen Forests,35.803,-76.6685,1.1,1.6,1.292121134141337,7.333105645833338,0.3175951812499999,1.0632690416666666,-0.1712931441814778,0.9852201067560606,0.3820259500452294,0.05866374995678758,0.5644675107854238,0.002216318237444448,1,0.314298630508166,0.4147972727614393,0.4169819468660829,-0.027584572772200066,6
4685,US-NC2,2017-12-29,US-NC2,Evergreen Forests,35.803,-76.6685,1.0,1.4,0.281330500065201,-2.227641020833333,0.26560175,0.8545376875000001,-0.0344216116227458,0.9994074007397048,-0.09274613031928979,0.18485958867950442,0.5773556164913135,0.0927461303192898,1,-0.0871147636378685,-0.2803570606463071,0.08923343332630629,-0.027584572772200066,6
4713,US-NC3,2016-02-02,US-NC2,Evergreen Forests,35.799,-76.656,0.4,1.1,0.5166478002352157,11.529760125000005,0.26256683570625,1.870524208333333,0.5380051715382996,0.8429415373547828,0.053139643792712236,0.22576260576966226,0.7277886003902319,0.05313964379271224,1,-0.06232095026891987,-0.09154150296883537,0.31328138461589194,-0.027584572772200066,6
4714,US-NC3,2016-02-10,US-NC2,Evergreen Forests,35.799,-76.656,0.9,1.7,0.7742084786577035,1.2671226458333331,0.3483933009833334,2.6337810208333337,0.6486295610349814,0.7611042586607747,-0.280598940596417,0.1359536008005433,0.6122603835857774,-0.029015897911823907,1,-0.129560170589638,-0.3190528559985323,-0.3931837952010807,-0.027584572772200066,6
4715,US-NC3,2016-05-24,US-NC2,Evergreen Forests,35.799,-76.656,4.5,6.4,4.791607683960863,21.66102816666667,0.8386867411812503,2.0264357916666667,0.6016240632249226,-0.7987793728863649,-0.3422503004056736,0.01467225315201895,0.6464549861054253,-0.3422503004056736,1,-0.3590385679336442,-0.33188371445877063,-0.3358286188246061,-0.1171906593323274,6
4716,US-NC3,2016-08-04,US-NC2,Evergreen Forests,35.799,-76.656,3.5,3.9,3.7536865240367265,29.456705166666666,0.5804705062541667,1.4570365208333331,-0.5595892624101763,-0.828770087174504,0.7666542279875029,0.2872959093947235,0.7812918118275687,-0.25928117991404986,1,1.0973264132994638,0.6243587288720625,0.5782775417909827,0.07431021099722385,6
4717,US-NC3,2016-08-20,US-NC2,Evergreen Forests,35.799,-76.656,4.4,4.2000003,4.552033492297039,29.779506229166657,0.4639797415895834,0.6769874583333332,-0.7638886127905429,-0.64534811322955,0.3017974770632053,0.3565929913369249,0.7179633246810831,0.002269507530872683,1,0.5985613206912068,-0.09378269981536405,0.4006138103137732,0.04253888114143567,6
4718,US-NC3,2016-10-23,US-NC2,Evergreen Forests,35.799,-76.656,2.0,3.3,1.5469689895423795,12.506277312500004,0.5455524071916668,1.6151086666666667,-0.9209712877166346,0.3896304495307877,-0.42273793794614906,0.13298794044409773,0.4676561735189334,0.42273793794614906,1,-0.5597290144991448,-0.2941518345849282,-0.414332964754374,0.0344394980176042,6
4719,US-NC3,2016-12-02,US-NC2,Evergreen Forests,35.799,-76.656,0.8,1.8000001,0.8432962960933517,6.826470041666667,0.3718543080791665,1.3829776666666669,-0.4635502709028512,0.8860706215341377,0.31901934995146747,0.13861299983148245,0.5179609434543441,-0.23242675776476424,1,0.16012723268735435,0.4151547772288037,0.3817760399382445,-0.03183481778271212,6
4720,US-NC3,2016-12-10,US-NC2,Evergreen Forests,35.799,-76.656,0.7,1.3000001,0.4821624515046704,-1.2657970208333336,0.2336279131083334,1.2154489375000002,-0.3375228995941134,0.941317317512847,-0.10373554745439162,0.19270594075094882,0.44661382566439994,0.10373554745439162,1,-0.07812657082093034,-0.3079655169316729,0.07488544538942837,0.01972063107082288,6
4721,US-NC3,2016-12-18,US-NC2,Evergreen Forests,35.799,-76.656,0.4,2.3,1.5397806677134618,18.660340770833333,0.3447918978666666,3.1603344791666665,-0.2051044998686192,0.9787400799669153,0.1825090259820065,0.1388379634216449,0.824808102696099,0.18250902598200647,1,0.20888799003204522,0.032373960680982666,0.3062651272329916,-0.027584572772200066,6
4722,US-NC3,2017-01-27,US-NC2,Evergreen Forests,35.799,-76.656,1.0,2.1000001,0.5186555545833545,4.5771374374999985,0.3973928999999998,1.9509612083333332,0.4482293417404106,0.893918596519257,-0.07666007064882709,0.0195394485083469,0.49735952225978464,0.07666007064882707,1,-0.0992211988235513,-0.06518801342036362,-0.06557099970256633,0.013766977805076542,6
4723,US-NC3,2017-02-04,US-NC2,Evergreen Forests,35.799,-76.656,0.8,3.0,0.6237010909999516,-0.0900525833333332,0.3001212083333333,1.906804520833333,0.5667017562911176,0.8239230057575542,-0.20333635545387949,0.14649862088264867,0.740083952993523,0.14926146254621733,1,-0.29908841207443365,-0.03468986858597886,-0.27623078570122594,-0.027584572772200066,6
4724,US-NC3,2017-02-12,US-NC2,Evergreen Forests,35.799,-76.656,0.4,2.0,1.2352503901367975,20.478514729166665,0.9853874708333332,3.3417004375,0.6744436188329455,0.7383263540031065,0.17104232038815978,0.3000453302715092,1.1030578882168711,0.1710423203881598,1,0.4426011742515732,-0.15106757073024668,0.22159335764315286,-0.027584572772200066,6
4725,US-NC3,2017-02-20,US-NC2,Evergreen Forests,35.799,-76.656,1.7,4.5,0.7554545801879295,12.550654166666668,0.6574486979166668,1.5496497291666664,0.7694148268839378,0.6387494220515272,0.4004186428119638,0.06559670947556902,0.8766685446949134,-0.4004186428119638,1,0.3597196782721035,0.3654452183609018,0.47609103180288614,-0.06288132570678902,6
4726,US-NC3,2017-02-28,US-NC2,Evergreen Forests,35.799,-76.656,1.9,1.6,0.6573007698003837,17.741170125,0.5103380312500002,2.0779877291666677,0.8498170915275278,0.5270777086423722,-0.25217639237129813,0.42404607114439585,1.082029594131934,0.2521763923712981,1,0.06412997605868892,-0.7340235391820945,-0.08663561399048893,-0.143054812989528,6
4727,US-NC3,2017-03-24,US-NC2,Evergreen Forests,35.799,-76.656,2.5,4.3,1.1697638805016812,10.0428886875,0.5598043708333333,1.9987742083333335,0.989932495087353,0.141540295217043,-0.45487263371679587,0.10287069885828325,0.5871844220713034,0.45487263371679587,1,-0.4793804099232155,-0.34196136951697986,-0.5432761217101924,-0.06288132570678902,6
4728,US-NC3,2017-04-01,US-NC2,Evergreen Forests,35.799,-76.656,1.3,3.8,1.9485427177808468,16.270868895833335,0.6340861645833332,2.0948317291666667,0.99999073973619,0.0043035382962442,0.43863722389933213,0.16294480016618643,0.8187034523425849,0.43863722389933213,1,0.5303352990297265,0.535071724258358,0.2505046484099118,-0.04827411196376509,6
4729,US-NC3,2017-04-09,US-NC2,Evergreen Forests,35.799,-76.656,3.1,4.8,1.182135232759832,12.908859375,0.7974880604166668,1.4298185208333336,0.9911140639934548,-0.1330147065341959,-0.1998565218528052,0.19501011663174866,0.5631534581800126,0.19985652185280522,1,-0.42279589321345246,-0.11581807952231467,-0.060955592822648424,-0.08197612889092933,6
4730,US-NC3,2017-04-17,US-NC2,Evergreen Forests,35.799,-76.656,3.2,5.6,3.0840892620532183,21.578603729166662,0.8933277374999998,2.793918041666668,0.9634705485641488,-0.2678143051621742,-0.30494110523153406,0.13819225220884807,0.8024811777370757,-0.07311962933797034,1,-0.14938019494053495,-0.4135063124895758,-0.3519368082644914,-0.08857248738281821,6
4731,US-NC3,2017-05-03,US-NC2,Evergreen Forests,35.799,-76.656,4.1,6.1,4.363767951262293,19.415889979166668,1.2357377395833335,1.7412157500000005,0.854322169749827,-0.5197438121555155,-0.24490538926820196,0.04824966098961841,0.6086024905731444,-0.24490538926820193,1,-0.2201376021621897,-0.3005090390331136,-0.21406952660930262,-0.08857248738281821,6
4732,US-NC3,2017-05-19,US-NC2,Evergreen Forests,35.799,-76.656,5.7,6.7000003,4.685480593047863,25.12175247916667,0.8440879666666671,2.7620663958333336,0.6807734094770161,-0.7324940716135789,-1.469071597503058,0.14869871670800092,0.6770946442636824,0.5599672164012157,1,-1.6152614283124005,-1.4739684020214536,-1.3179849621753195,-0.42493884261729664,6
4733,US-NC3,2017-05-27,US-NC2,Evergreen Forests,35.799,-76.656,4.9,6.5,5.1948480773882615,23.82261733333333,0.9439407354166668,1.5546886041666663,0.5737722679043246,-0.8190148866680801,-0.4021818648303262,0.06925191239914441,0.49497347057723207,-0.40218186483032614,1,-0.39407815580020744,-0.47512910958236115,-0.33733832910841,0.019456779208905383,6
4734,US-NC3,2017-06-12,US-NC2,Evergreen Forests,35.799,-76.656,6.6,6.8,4.591194474072303,25.337520916666676,0.8631560520833332,1.656061666666666,0.3294084822245304,-0.9441875088341992,-1.6215392620542775,0.0911347281351022,0.5328787836263709,1.6215392620542775,1,-1.5189698211856792,-1.6931997284181453,-1.652448236559008,-0.5031002977305497,6
4735,US-NC3,2017-07-06,US-NC2,Evergreen Forests,35.799,-76.656,5.5,6.1,6.561233160922468,27.14607631250001,0.62503065,1.7044747083333334,-0.0773864792334632,-0.9970011699250152,-0.4151035259264728,0.08565230266637719,0.5439800274723021,-0.4151035259264728,1,-0.37184447661294173,-0.5137577735065946,-0.3597083276598821,-0.18905360843742655,6
4736,US-NC3,2017-07-14,US-NC2,Evergreen Forests,35.799,-76.656,5.2,6.2000003,6.17396999844675,28.57251727083333,0.6247829854166669,2.2880163125000004,-0.2135209154397959,-0.9769384927771816,-0.22383147370905743,0.13633147481506694,0.6602944355010739,-0.22383147370905743,1,-0.1178539490969152,-0.1760093029122983,-0.37763116911795885,-0.08857248738281821,6
4737,US-NC3,2017-07-22,US-NC2,Evergreen Forests,35.799,-76.656,6.7,7.0,6.397487218867085,29.07191614583333,0.6703726666666666,2.6655034166666662,-0.3456123126707333,-0.9383773917408642,-1.0400302314236178,0.20964559767867466,0.9405425161484592,-0.435004669157788,1,-0.8296383948547581,-1.0415307642999427,-1.2489215351161524,-0.62870999584709,6
4738,US-NC3,2017-08-23,US-NC2,Evergreen Forests,35.799,-76.656,4.0,4.3,6.230157477441379,27.434891604166666,0.4694229562499999,1.8268383750000008,-0.7856498550787144,-0.6186714032625032,0.3093466472052064,0.32779459546030953,0.6837932886495219,0.30934664720520644,1,0.6786289248636242,0.196623839617388,0.052787177134606955,-0.08197612889092933,6
4739,US-NC3,2017-08-31,US-NC2,Evergreen Forests,35.799,-76.656,4.2,4.1,4.251043188991304,24.861670583333336,0.4508041062500001,1.6967639583333332,-0.8631421280499115,-0.5049610547215202,0.013135576559903587,0.2019404278748181,0.6782215315649707,0.013135576559903585,1,0.21205483772933315,-0.19169616637965023,0.019048058330027845,-0.08197612889092933,6
4740,US-NC3,2017-09-16,US-NC2,Evergreen Forests,35.799,-76.656,3.4,4.1,3.80379531388582,24.016589166666662,0.4517175354166668,1.3892115416666666,-0.9679377830240642,-0.2511900638848195,-0.3031532744309075,0.1892599620178912,0.6946880856809527,-0.30315327443090756,1,-0.2948668535030581,-0.4964203454840464,-0.11817262430561819,-0.08197612889092933,6
4741,US-NC3,2017-09-24,US-NC2,Evergreen Forests,35.799,-76.656,3.4,4.8,3.5458601098534164,23.22384195833333,0.5962136958333334,1.6479683750000005,-0.9932568492674144,-0.1159345995955006,-0.6597680582644729,0.15995005027296902,0.6080360445299381,-0.6597680582644729,1,-0.7536876669651238,-0.7505338830049698,-0.4750826248233251,-0.06985427573343894,6
4742,US-NC3,2017-10-02,US-NC2,Evergreen Forests,35.799,-76.656,2.9,3.3,2.672418068285636,16.947461979166665,0.4952139145833333,1.6931528750000002,-0.9997685019798908,0.0215160974362222,-0.7028847993196816,0.12221732477011565,0.6335799687432698,-0.24772093589095423,1,-0.6820266041721483,-0.834188940824586,-0.5924388529623104,0.078861752453799,6
4743,US-NC3,2017-10-18,US-NC2,Evergreen Forests,35.799,-76.656,2.1,3.1000001,1.7905365214126283,14.092186124999998,0.3293708,1.6149806041666668,-0.9562348265919058,0.2926003356333479,-0.29411070797054056,0.04092721459789427,0.5530162767190989,0.29411070797054056,1,-0.32060607619802517,-0.2469730033255329,-0.31475304438806373,-0.042191786515224025,6
4744,US-NC3,2017-11-27,US-NC2,Evergreen Forests,35.799,-76.656,0.9,1.5,0.7476437751913781,5.818115916666668,0.38554935,0.9763514583333333,-0.5524353131676203,0.8335557718385695,0.21708620745509558,0.10113578614939255,0.4818984693574036,-0.21708620745509555,1,0.14277378604596147,0.17622514277600737,0.33225969354331797,0.01972063107082288,6
4745,US-NC3,2017-12-13,US-NC2,Evergreen Forests,35.799,-76.656,0.5,2.0,0.7452157318251947,-0.3679177291666666,0.35874605,2.6896171458333336,-0.3049212246562894,0.9523775757303972,-0.08861116531528423,0.09913796805761801,0.5291783250682706,-0.08861116531528423,1,-0.01291525393953527,-0.20082936680979402,-0.05208887519652339,-0.03183481778271212,6
4746,US-NC3,2017-12-21,US-NC2,Evergreen Forests,35.799,-76.656,0.8,1.6,0.9936166075781976,6.606126791666667,0.3122690520833333,1.873378625,-0.1712931441814778,0.9852201067560606,0.19201431597523788,0.0892427370736656,0.40618802869752857,0.19201431597523788,1,0.13976302690051728,0.14122040374761224,0.29505951727758417,0.01972063107082288,6
4747,US-NC3,2018-01-14,US-NC2,Evergreen Forests,35.799,-76.656,0.6,1.5,0.7058815922893916,-3.4431407916666674,0.2113574854166666,3.137446541666668,0.2386727660059501,0.9711000518829505,-0.19033475715464246,0.10140961050609047,0.5297382579585072,-0.19033475715464243,1,-0.07786384149498916,-0.2747948310315713,-0.21834559893736694,-0.03183481778271212,6
4748,US-NC3,2018-02-07,US-NC2,Evergreen Forests,35.799,-76.656,0.3,2.4,0.6485408640733442,14.332396416666668,0.3153635312499999,3.1037910625,0.6084768701151261,0.7935716089521474,0.07087076861624826,0.10612938655460892,0.8133023376716887,0.07087076861624825,1,-0.004611443132777088,0.025004019162663427,0.19221972981885843,-0.027584572772200066,6
4749,US-NC3,2018-02-15,US-NC2,Evergreen Forests,35.799,-76.656,2.1,3.9,1.114326406914412,17.58703614583334,0.3488370979166666,3.0957319999999995,0.7116566222817746,0.702527474169157,-0.08309309078182857,0.0799538452268102,0.8032982504910379,0.08309309078182858,1,-0.002318417524860311,-0.16220001530488143,-0.08476083951574397,-0.06288132570678902,6
4750,US-NC3,2018-03-03,US-NC2,Evergreen Forests,35.799,-76.656,1.7,4.0,1.3194154672525376,7.114977041666667,0.6733306562500001,3.9409296458333354,0.8758917051442429,0.4825077417612184,-0.5665304453798974,0.08916597942202802,0.7441522459259308,0.19463862011502742,1,-0.5869936006514311,-0.6436860312382007,-0.46891170425006035,-0.06288132570678902,6
4751,US-NC3,2018-04-20,US-NC2,Evergreen Forests,35.799,-76.656,3.0,4.2000003,1.9392795314101092,8.744410770833333,0.6239487229166668,1.6642063125,0.9483615800121716,-0.3171912885891061,-0.7529072855096572,0.06810668678852577,0.5718815331404457,0.7529072855096572,1,-0.6800338788551104,-0.7637388968193038,-0.8149490808545574,0.03748947485835868,6
4752,US-NC3,2018-05-14,US-NC2,Evergreen Forests,35.799,-76.656,5.2,6.5,5.645410159831202,25.917423729166657,1.03024763125,2.6836182708333336,0.741222010848596,-0.6712599575675313,-1.201293038627726,0.11849351679848831,0.7159496651972117,-1.201293038627726,1,-1.285832574011811,-1.2521925455977518,-1.0658539962736153,-0.17327621997264245,6
4753,US-NC3,2018-06-07,US-NC2,Evergreen Forests,35.799,-76.656,3.3,3.2,5.502245058550193,21.67364072916667,0.7102624458333334,1.4720743333333328,0.4093559588156213,-0.9123747579707272,0.3719637219336008,0.25692096726911806,0.9947698462547834,0.3719637219336007,1,0.32194318553920853,0.65021664624665,0.14373133401494392,-0.06128658969936431,6
4754,US-NC3,2018-08-26,US-NC2,Evergreen Forests,35.799,-76.656,5.4,5.2000003,6.746511403876245,24.222466041666664,0.6357339791666666,0.5833408958333332,-0.8165380514459157,-0.5772916165517278,-0.17517855608623903,0.2495739893874488,0.6486116078031638,-0.1751785560862391,1,-0.22002568728458588,-0.3992884107290789,0.09377842975494766,-0.22800696270028584,6
4755,US-NC3,2018-09-19,US-NC2,Evergreen Forests,35.799,-76.656,4.4,4.5,6.168625920003603,25.400344458333336,0.5202531666666667,1.3546657708333332,-0.97961369164549,-0.2008905551306352,-0.5334440915052397,0.25869964777436494,0.6332739070657838,-0.5334440915052396,1,-0.4294129464131881,-0.8279646091486963,-0.342954718953835,-0.08197612889092933,6
4756,US-NC3,2018-11-22,US-NC2,Evergreen Forests,35.799,-76.656,0.7,1.6,2.563227652166436,3.971221979166668,0.2583847,1.9887646458333328,-0.622046748440868,0.7829801036770625,-0.08255568794018187,0.0710007288405814,0.4285974026755558,-0.08255568794018187,1,-0.045241033758991744,-0.16443339096605122,-0.03799263909550263,0.01972063107082288,6
4757,US-NC3,2018-12-24,US-NC2,Evergreen Forests,35.799,-76.656,0.6,1.5,2.068150677122747,6.689824916666666,0.3123533,1.7341045000000002,-0.1202080448993527,0.9927487224577402,0.26873861621451817,0.05545272769937169,0.39370454789337217,0.2687386162145182,1,0.21093492569006733,0.27378558711916634,0.3214953358343209,0.01972063107082288,6
4818,US-NC4,2016-02-10,US-NC4,Wetland/Riparian,35.7879,-75.9038,1.6,1.9,0.7479582630161661,15.9296534375,0.3608546977729168,3.9585795833333344,0.6486295610349814,0.7611042586607747,0.22308160584158745,0.02842613224928849,0.7394840013702575,-0.22308160584158743,2,0.22568203147828989,0.25011817714802753,0.19344460889844492,-0.0335382260379464,6
4819,US-NC4,2016-02-18,US-NC4,Wetland/Riparian,35.7879,-75.9038,2.2,3.8,0.8784943798235265,16.737823499999998,0.30971517154375,3.5738870208333324,0.7469720876965552,0.6648553979642865,-0.08430230326207522,0.015084344170467182,0.8072542062487255,0.08430230326207533,2,-0.093755936800557,-0.09224470307252769,-0.066906269913141,-0.06883497897253536,6
4820,US-NC4,2016-03-29,US-NC4,Wetland/Riparian,35.7879,-75.9038,3.2,3.9,2.01837330111384,22.8122763125,0.7600870367624998,2.795849458333333,0.9992500112396836,0.0387222808921744,0.4647666194057826,0.10734850577409245,0.7285052697047568,-0.4647666194057827,2,0.3489498268297959,0.4844185834243063,0.5609314479632456,-0.08197612889092933,6
4821,US-NC4,2016-05-08,US-NC4,Wetland/Riparian,35.7879,-75.9038,5.4,5.9,4.702389737751546,29.623053354166668,1.1027216457541666,3.0784519791666667,0.7961828637826158,-0.6050560696488488,0.2647224833786682,0.32042941486819426,1.149768966131426,-0.2647224833786682,2,0.5549535242131198,0.3183516914824437,-0.07913776555955887,-0.2346033211921746,6
4822,US-NC4,2016-05-16,US-NC4,Wetland/Riparian,35.7879,-75.9038,5.8,5.4,5.647505302877556,25.17801233333334,0.9345757329125002,2.022611395833333,0.705583610107178,-0.7086266782644596,-0.5848145274284562,0.26816451740152075,0.8068281655204593,-0.27982513318356794,2,-0.4923442058120261,-0.37512169424557607,-0.8869776822277663,-0.2346033211921746,6
4823,US-NC4,2016-11-16,US-NC4,Wetland/Riparian,35.7879,-75.9038,1.4,1.7,1.4013127348147143,15.032892374999996,0.4512519978708332,1.483536625,-0.6870527672236675,0.726607524768565,-0.33896618080770874,0.19623530795678426,0.4019649849555827,-0.33896618080770874,2,-0.13385125158735295,-0.5249154642437779,-0.35813182659199555,0.01972063107082288,6
4824,US-NC4,2016-12-02,US-NC4,Wetland/Riparian,35.7879,-75.9038,1.1,1.8000001,1.027995127821999,11.605923687499995,0.4742999145354166,2.496863624999999,-0.4635502709028512,0.8860706215341377,0.04239450382643431,0.13098512782030927,0.672729488319977,-0.04239450382643431,2,0.1376869775939271,-0.10697003053891826,0.0964665644242941,-0.027584572772200066,6
4825,US-NC4,2016-12-10,US-NC4,Wetland/Riparian,35.7879,-75.9038,0.7,1.3000001,0.5422562396122786,2.5164969583333336,0.3497570460270833,2.3899620833333333,-0.3375228995941134,0.941317317512847,-0.08141193366981626,0.09880290272737487,0.44870813671163967,0.08141193366981626,2,0.020029534055527515,-0.17734588525309644,-0.08691944981187985,0.01972063107082288,6
4826,US-NC4,2018-05-14,US-NC4,Wetland/Riparian,35.7879,-75.9038,5.7,6.5,6.104422009120244,28.82762327083334,1.0673182270833332,3.8497219375,0.741222010848596,-0.6712599575675313,0.18659016944658358,0.5494513237790722,1.2206348817125385,0.18659016944658358,2,0.5719190498410344,0.4304323129947174,-0.44258085449600093,0.20111156279128406,6
4827,US-NC4,2018-06-07,US-NC4,Wetland/Riparian,35.7879,-75.9038,3.5,3.4,5.2526873809539625,24.250198625,0.6902687958333336,2.7487830625,0.4093559588156213,-0.9123747579707272,0.7802042151312157,0.04528284597882558,1.0388654776154116,0.7802042151312157,2,0.8323434032464615,0.757550018115562,0.7507192240316234,0.07270385043989389,6
5021,US-NR1,2016-06-05,US-NR1,Evergreen Forests,40.0329,-105.5464,5.3,4.6,2.979130287047606,8.976631944444447,0.4778062499999999,2.4270833333333344,0.4250003399695541,-0.9051931898913974,-2.2702157312569464,0.17393625212756567,0.6426695088624681,2.2702157312569464,2,-2.4209198355158983,-2.3098420445873,-2.07988531366764,-0.9678006445939749,6
5022,US-NR1,2016-06-13,US-NR1,Evergreen Forests,40.0329,-105.5464,3.9,3.7,3.376084482519804,6.581708333333334,0.1287180555555555,4.154770833333333,0.2967128192734907,-0.9549667548552552,-0.6095394654630222,0.22030549507046965,1.0223809886467488,0.43829156949736925,2,-0.6868072453500396,-0.7808026426780216,-0.36100850836100523,-0.06985427573343894,6
5023,US-NR1,2016-06-21,US-NR1,Evergreen Forests,40.0329,-105.5464,4.8,6.8,4.047815063929397,17.915,1.4224652777777775,3.6139583333333336,0.1628070129385171,-0.986657932891657,-1.0694408564965856,0.024435161145687077,0.6534964529509194,0.4349290156446204,2,-1.066769032935143,-1.0951021278709099,-1.0464514086837042,-0.14625254156110135,6
5024,US-NR1,2016-06-29,US-NR1,Evergreen Forests,40.0329,-105.5464,4.1,5.6,3.3008134675081022,13.84791666666667,0.9186875,4.096666666666667,0.025818440227133,-0.9996666485105112,-0.8755171444832336,0.19424083734613085,0.505121311152496,0.7228559205005612,2,-0.7369634200322596,-0.7920469871846109,-1.0975410262328302,0.11166453658304488,6
5025,US-NR1,2016-07-07,US-NR1,Evergreen Forests,40.0329,-105.5464,4.7,5.8,3.2885220869608704,14.117361111111109,1.1352430555555555,2.7927083333333336,-0.1116590071216944,-0.993746580436178,-1.6814688940314977,0.2560155375733168,0.39990674300020046,1.1414869320467618,2,-1.4785782451094243,-1.9691143632667514,-1.5967140737183176,0.019578362581663403,6
5026,US-NR1,2016-07-15,US-NR1,Evergreen Forests,40.0329,-105.5464,3.5,5.5,2.8894920533473436,11.86215277777778,0.7133840277777778,3.3252083333333338,-0.2470221804809352,-0.9690098257244064,-0.714150679386672,0.026388638560817898,0.6721825507078333,0.5068652139186408,2,-0.7293188397068402,-0.6836798032632002,-0.7294533951899758,-0.024982901958188034,6
5027,US-NR1,2016-07-23,US-NR1,Evergreen Forests,40.0329,-105.5464,5.0,5.7000003,3.612798722312248,16.922430555555557,1.2875000000000003,4.72125,-0.3777079652039646,-0.92592477719385,-1.1504881118380361,0.04226928061328272,0.6091266977158296,1.1504881118380361,2,-1.1335215732422947,-1.1193381310846704,-1.1986046311871437,-0.01902924869244169,6
5028,US-NR1,2016-07-31,US-NR1,Evergreen Forests,40.0329,-105.5464,4.4,5.2000003,2.827343139234332,12.895208333333333,0.7048583333333331,4.2091666666666665,-0.5012418134457756,-0.8653072543632061,-1.0598163017842805,0.058523791253056165,0.42478523133499496,1.0598163017842805,2,-1.12292606815512,-1.0491875310924612,-1.0073353061052601,0.13038274823242407,6
5029,US-NR1,2016-09-01,US-NR1,Evergreen Forests,40.0329,-105.5464,3.2,3.8,3.5048609588355744,11.18402777777778,0.5013,3.4912499999999995,-0.8800122039735356,-0.4749510720670502,-0.5832746614357425,0.07933350873303632,0.5103968319037269,-0.5832746614357425,2,-0.6206366991924689,-0.4921584010730474,-0.637028884041711,-0.02595779419991223,6
5030,US-NR1,2016-09-09,US-NR1,Evergreen Forests,40.0329,-105.5464,3.7,4.2000003,1.9024084376652,7.109569444444449,0.5482173611111112,2.7531250000000007,-0.9368813462954316,-0.3496474552512282,-1.679712772984642,0.17136514307421438,0.6636812044771407,1.679712772984642,2,-1.7741211475676075,-1.7831117276500845,-1.4819054437362338,-0.023335867412335346,6
5031,US-NR1,2016-09-17,US-NR1,Evergreen Forests,40.0329,-105.5464,3.4,3.8,1.841913673316968,6.9650138888888895,0.5915624999999999,4.475625000000002,-0.9760105506323682,-0.2177232303965322,-1.5267396661095045,0.2006100625472173,0.5312459091651371,1.5267396661095045,2,-1.7300934888726711,-1.5211346771137226,-1.32899083234212,0.18344352548542178,6
5032,US-NR1,2016-09-25,US-NR1,Evergreen Forests,40.0329,-105.5464,3.0,2.9,0.7576808099300675,3.1318402777777794,0.3202569444444445,3.0510208333333333,-0.99665890175417,-0.0816763953304228,-1.4827859569194757,0.16415261463218975,0.8123887180831415,1.4827859569194757,2,-1.3544099770276448,-1.6677455773532393,-1.4262023163775424,0.10868025042094093,6
5033,US-NR1,2016-10-03,US-NR1,Evergreen Forests,40.0329,-105.5464,2.8,3.6000001000000004,1.1054110122440082,3.5451388888888897,0.4126576388888889,6.4364583333333325,-0.9984354211555644,0.055916990100603,-1.3771294584972955,0.27677996808410654,0.7082016858171745,1.3771294584972955,2,-1.6672396582412596,-1.3481958671240712,-1.115952850126556,0.04487383035729209,6
5034,US-NR1,2016-10-27,US-NR1,Evergreen Forests,40.0329,-105.5464,2.3,3.0,0.7714935518157099,8.655187499999998,0.8157569444444445,2.7847916666666657,-0.8919813464595487,0.4520722039323037,-1.297492621703469,0.1553836040453789,0.4613324661177618,1.297492621703469,2,-1.144238711753119,-1.4549217655093223,-1.2933173878479651,0.17231973992056043,6
5035,US-NR1,2016-11-12,US-NR1,Evergreen Forests,40.0329,-105.5464,1.2,2.0,0.0675251605961454,3.6459027777777777,0.453423611111111,5.105625,-0.7354170229639858,0.6776147890466887,-0.2919486675962543,0.22582324551110827,0.7782256631636713,0.2919486675962544,2,-0.2106985088651156,-0.11799288343295763,-0.5471546104906898,-0.027584572772200066,6
5036,US-NR1,2017-02-16,US-NR1,Evergreen Forests,40.0329,-105.5464,2.3,1.9,0.7829632933861049,3.641256944444444,0.6822013888888888,6.191458333333332,0.7236440382959124,0.6901733882429719,-0.8444931539234876,0.18438623468819193,1.1909783698916296,0.8444931539234876,2,-0.7024164313603093,-0.7782036694425796,-1.052859360967574,0.03783933766903522,6
5037,US-NR1,2017-03-04,US-NR1,Evergreen Forests,40.0329,-105.5464,2.5,2.9,1.3766029882233095,0.4849166666666668,0.4807291666666666,4.301041666666666,0.8840675099433636,0.4673592171580022,-1.8353871319611368,0.09594030408154317,0.8008203774627243,0.4114068915922442,2,-1.7246048124069013,-1.890764047565763,-1.8907925359107454,-0.5604668491341777,6
5038,US-NR1,2017-06-08,US-NR1,Evergreen Forests,40.0329,-105.5464,5.4,4.9,4.416528062086491,9.967013888888893,0.5833784722222224,3.7445833333333343,0.3935902766564667,-0.9192859697186104,-2.291570791443855,0.02394266840741283,0.5503173774353521,-0.32462691561683643,2,-2.3035574956242346,-2.307152669656871,-2.2640022090504592,-0.8452270144538179,6
5039,US-NR1,2017-06-16,US-NR1,Evergreen Forests,40.0329,-105.5464,7.1,6.6,3.615136753912373,13.020069444444443,1.0029791666666663,3.6697916666666655,0.263665492728007,-0.9646141756912436,-2.5746240914541647,0.26712099392782807,0.826862721999537,2.5746240914541647,2,-2.5727223753796653,-2.8426908662840487,-2.3084590326987793,2.1499956602993815,6
5040,US-NR1,2017-07-10,US-NR1,Evergreen Forests,40.0329,-105.5464,4.7,5.7000003,3.5050699818801485,15.56590277777778,1.0400972222222222,3.7470833333333338,-0.1457991969198744,-0.9893142039703664,-1.2678166008063323,0.040136570671986206,0.3573914165619092,1.122043435433371,2,-1.250647789716676,-1.2391200695384526,-1.3136819431638682,0.08411533703668438,6
5041,US-NR1,2017-08-03,US-NR1,Evergreen Forests,40.0329,-105.5464,3.8,2.9,3.6576718045521672,8.537500000000001,0.1410652777777777,2.1831875000000003,-0.5307300481619331,-0.8475409228928312,-0.26165470160638504,0.3244902753543639,0.9303474216668282,0.023001689289280147,2,-0.2948931335338594,0.07817550393196868,-0.5682464752172645,-0.06128658969936431,6
5042,US-NR1,2017-08-19,US-NR1,Evergreen Forests,40.0329,-105.5464,4.8,5.2000003,4.7826079347646395,13.70784722222222,1.0759513888888887,3.0322916666666675,-0.7412220108485957,-0.6712599575675315,-1.6709757573866078,0.1036337760756983,0.5447463536891691,-1.6361916269158872,2,-1.579778107443909,-1.783673025167047,-1.6494761395488666,-0.015586666559008758,6
5043,US-NR1,2017-08-27,US-NR1,Evergreen Forests,40.0329,-105.5464,3.8,3.8,2.787731936079858,11.24520833333333,0.6405555555555555,2.5401875,-0.8263541987239095,-0.5631507242749187,-1.1737643433464842,0.04782829020664006,0.46180605876084,0.8507717844937994,2,-1.196063667199611,-1.206370829112109,-1.1188585337277321,0.1681832601338452,6
5044,US-NR1,2017-09-20,US-NR1,Evergreen Forests,40.0329,-105.5464,2.9,4.4,1.5685854693841923,8.814166666666667,0.6651041666666667,3.508375000000002,-0.9829265519799822,-0.1839983516576798,-1.2790974283529797,0.05721346714870273,0.5323309637952225,1.2790974283529797,2,-1.2704272447455645,-1.3401511393247874,-1.2267139009885872,0.08179736186416889,6
5045,US-NR1,2017-10-06,US-NR1,Evergreen Forests,40.0329,-105.5464,2.7,2.5,3.4421775825776626,1.0365624999999996,0.2508597222222222,7.449166666666668,-0.9959189961471792,0.0902516100310407,-0.9823811639606044,0.13867769530172436,0.8432543343206887,-0.9823811639606044,2,-0.9910974996972771,-1.116495095421671,-0.8395508967628647,0.03783933766903522,6
5046,US-NR1,2017-10-14,US-NR1,Evergreen Forests,40.0329,-105.5464,2.8,2.4,1.6258242861239411,-0.6577291666666666,0.3867062500000002,7.812083333333333,-0.9741004551724206,0.226115685508288,-1.4368613807488553,0.06955608904575639,0.8885681738050726,0.9114900470032621,2,-1.4666599666180336,-1.4865537493000116,-1.3573704263285211,0.12777505360508126,6
5047,US-NR1,2017-10-15,US-NR1,Evergreen Forests,40.0329,-105.5464,2.6,3.0,1.0637689595490012,3.026180555555555,0.5740486111111112,4.407708333333331,-0.970063921851507,0.2428497220959358,-1.748380295300968,0.12728799549301928,0.6347936898232145,1.3240817856010298,2,-1.8382737972994223,-1.8041390680850529,-1.6027280205184282,-0.2769888006560713,6
5048,US-NR1,2017-10-22,US-NR1,Evergreen Forests,40.0329,-105.5464,2.5,3.5,0.7420775286266987,1.7009513888888887,0.3780138888888889,14.682916666666666,-0.9338372288229252,0.3576982388331254,-1.8951269756979592,0.16470500584511166,3.431755774970245,1.6207179670486433,2,-2.064269287110172,-1.73525045618529,-1.8858611837984158,-5.799205457466839,6
5049,US-NR1,2017-11-15,US-NR1,Evergreen Forests,40.0329,-105.5464,0.8,1.8000001,1.0371636984089845,1.457458333333334,0.4771527777777778,4.7025000000000015,-0.7116566222817751,0.7025274741691566,-0.1570783327439846,0.20205790498754625,0.6748556265036173,-0.15707833274398464,2,-0.11991269114564695,0.023816748193841525,-0.37513905528014835,-0.027584572772200066,6
5050,US-NR1,2017-11-16,US-NR1,Evergreen Forests,40.0329,-105.5464,1.4,2.9,0.6481390848986314,4.3052777777777775,0.5188125,8.829166666666666,-0.6994583270516471,0.7146733860429608,-0.8724835245359954,0.21759774192203105,1.0225467301921802,0.6312383056667417,2,-1.007931727572197,-0.6214860875043379,-0.9880327585314514,0.05244655141205916,6
5051,US-NR1,2017-12-01,US-NR1,Evergreen Forests,40.0329,-105.5464,0.7,1.9,0.7820983663583023,0.6385138888888887,0.3094583333333334,6.956458333333331,-0.4937755501599774,0.8695893893466109,0.05338533050597441,0.17857781795456776,0.8197631275448675,0.05338533050597441,2,0.013816960612545753,0.2484287381583636,-0.10208970725298613,-0.027584572772200066,6
5052,US-NR1,2017-12-09,US-NR1,Evergreen Forests,40.0329,-105.5464,1.3,2.2,1.0599010728617568,-0.3314166666666665,0.5016736111111112,8.42625,-0.3697245428906732,0.9291414114031744,-0.7758905520024598,0.2449205186979763,1.2551117248088133,-0.2956926977259734,2,-0.9051734233223269,-0.49341772543030327,-0.9290805072547497,0.020267290026589137,6
5053,US-NR1,2017-12-17,US-NR1,Evergreen Forests,40.0329,-105.5464,0.2,1.1,0.2996307196420114,-5.468333333333331,0.2422090277777777,5.508333333333333,-0.2386727660059499,0.9711000518829505,0.31113277727410577,0.007730394452635346,0.6637614464649616,-0.11187133799008303,2,0.30412182038826996,0.31942300869414264,0.30985350273990464,-0.0335382260379464,6
5054,US-NR1,2018-01-02,US-NR1,Evergreen Forests,40.0329,-105.5464,0.4,1.7,0.5133714653111414,-5.2892638888888905,0.3321743055555556,7.236458333333332,0.0344216116227457,0.9994074007397048,-0.026993479875858678,0.16018859738986646,1.0974521531889159,-0.026993479875858678,2,-0.1790111491434087,0.14027519207192354,-0.04224448255609087,-0.027584572772200066,6
5055,US-NR1,2018-05-10,US-NR1,Evergreen Forests,40.0329,-105.5464,6.5,5.6,2.6962500308325543,9.283270833333331,0.7692388888888889,3.1205208333333334,0.7856498550787145,-0.6186714032625031,-3.412981759850822,0.26162664925658774,1.1446217629697764,3.412981759850822,2,-3.396259544250846,-3.682568400917182,-3.1601173343844375,-12.205765232777749,6
5056,US-NR1,2018-05-26,US-NR1,Evergreen Forests,40.0329,-105.5464,6.0,5.9,3.843356582965489,12.664652777777777,1.115979166666667,3.169583333333333,0.5877852522924732,-0.8090169943749473,-2.543864800801751,0.2214979227426338,0.8558491214772331,1.7694220332672708,2,-2.3835614604846573,-2.7966098053961566,-2.4514231365244377,0.39350516041668426,6
5057,US-NR1,2018-06-03,US-NR1,Evergreen Forests,40.0329,-105.5464,3.5,4.9,2.4902835558014247,9.135527777777776,0.6735256944444444,3.376437500000001,0.4711595076738638,-0.8820480249558537,-1.1256613657999666,0.2766749798561311,0.611278819281653,0.8937715225971841,2,-0.8091518332246241,-1.246295242676378,-1.3215370214988975,-0.00031103704306249076,6
5058,US-NR1,2018-06-11,US-NR1,Evergreen Forests,40.0329,-105.5464,4.3,6.1,3.2039772815971945,12.004583333333334,1.139958333333333,4.527979166666666,0.3456123126707335,-0.938377391740864,-1.4436265052049861,0.15955131330572717,0.5570641694698824,0.7484189316006244,2,-1.2616868563109744,-1.5596980168029606,-1.5094946425010236,0.10061742813719857,6
5059,US-NR1,2018-06-27,US-NR1,Evergreen Forests,40.0329,-105.5464,5.0,6.2000003,3.860709003441572,16.731736111111115,1.4883055555555549,3.03125,0.077386479233463,-0.9970011699250152,-1.4663147374410783,0.18017715249577135,0.5261199646511396,0.812267255675778,2,-1.2796822770515455,-1.6392553974811914,-1.4800065377904978,0.11108605007346785,6
5060,US-NR1,2018-07-21,US-NR1,Evergreen Forests,40.0329,-105.5464,4.6,5.7000003,3.6273887579607447,16.224375,0.9943472222222222,3.284166666666668,-0.3294084822245302,-0.9441875088341994,-1.1706624142544884,0.056695099746510796,0.43039778948844615,0.7745600698240216,2,-1.1397828810699537,-1.2360939317462363,-1.1361104299472748,0.11166453658304488,6
5061,US-NR1,2018-07-29,US-NR1,Evergreen Forests,40.0329,-105.5464,4.3,5.1,3.9197313933622926,12.201458333333331,0.7080819444444444,3.2488750000000004,-0.455906693508459,-0.8900275764346766,-1.2226893781414299,0.1265810108186409,0.4879531659370075,-0.4621521648660154,2,-1.2499793525158456,-1.3333995085564008,-1.0846892733520435,0.11867230054721717,6
5062,US-NR1,2018-08-06,US-NR1,Evergreen Forests,40.0329,-105.5464,4.5,4.2000003,2.998752391887364,11.609791666666665,0.4117354166666667,2.19675,-0.5737722679043243,-0.8190148866680802,-0.9512652271438511,0.07637683051213463,0.5373263872972367,0.9512652271438511,2,-0.9546807062353938,-1.025877020589384,-0.8732379546067756,0.08303918761310652,6
5063,US-NR1,2018-08-30,US-NR1,Evergreen Forests,40.0329,-105.5464,3.7,5.4,1.4348199032716986,14.416041666666665,1.2797638888888891,3.3745833333333324,-0.8543221697498269,-0.5197438121555157,-1.212485404057877,0.17705998233450737,0.6203318139998786,1.212485404057877,2,-1.0536740365132418,-1.4034009506148297,-1.1803812250455596,-0.03486800055359529,6
5064,US-NR1,2018-09-07,US-NR1,Evergreen Forests,40.0329,-105.5464,3.5,3.4,2.275812070944841,6.822006944444444,0.2497895833333333,2.1437499999999994,-0.9175836260593934,-0.3975428142825566,-1.1004193573400707,0.16251072478458328,0.6830964334727552,1.1004193573400707,2,-0.9137198442324139,-1.2101155056680337,-1.1774227221197644,0.08830409988879888,6
5065,US-NR1,2018-09-15,US-NR1,Evergreen Forests,40.0329,-105.5464,3.5,4.5,0.9438262095465556,14.629930555555555,1.3537430555555554,3.618958333333333,-0.9634705485641486,-0.2678143051621748,-1.3885794685045532,0.10604438805580266,0.6638966320866839,1.3885794685045532,2,-1.2725654896380616,-1.4126603651948428,-1.4805125506807544,0.12742519079440476,6
5066,US-NR1,2018-10-25,US-NR1,Evergreen Forests,40.0329,-105.5464,2.1,2.3,0.8535611613533928,1.5955763888888883,0.2898263888888889,5.607083333333335,-0.9141279881853336,0.4054257283599973,-0.9462900725913729,0.2559943264268213,0.5130266675512315,0.9462900725913729,2,-1.1455822499163224,-1.0357076404193317,-0.6575803274384648,0.11786752500920847,6
5067,US-NR1,2018-11-10,US-NR1,Evergreen Forests,40.0329,-105.5464,2.1,2.1000001,0.6716133101802106,-5.061875,0.2892340277777778,6.015208333333333,-0.7694148268839381,0.6387494220515268,-1.5544247219692482,0.2615396796693402,1.1341877763312638,1.3023486576703307,2,-1.7492661051657052,-1.6568305315842216,-1.2571775291578182,0.10122538044196133,6
5087,US-OF1,2017-05-26,US-OF1,Croplands,35.7370669999999,-90.0492,1.8,6.1,1.9727987689268864,23.78741666666666,1.0624961875000003,6.14828020833333,0.5877852522924732,-0.8090169943749473,0.06999888208193994,0.19183098916460917,1.0876991669520062,0.06999888208193994,2,0.2130338138425226,0.14495627624956434,-0.14799344384626711,-0.0694776841986779,6
5088,US-OF1,2017-06-19,US-OF1,Croplands,35.7370669999999,-90.0492,5.9,6.4,6.527632199973858,25.80485416666666,1.1165918458333337,1.303605,0.2135209154397961,-0.9769384927771816,-0.6273503471822167,0.2198637395339169,0.4716915259072175,-0.6273503471822166,2,-0.4826438581527155,-0.8803554336095374,-0.5190517497843974,-0.1265740546004508,6
5089,US-OF1,2017-06-27,US-OF1,Croplands,35.7370669999999,-90.0492,5.3,5.4,6.044063530242879,22.596791666666668,0.5194502135416666,1.888759375,0.077386479233463,-0.9970011699250152,-0.6030079102889196,0.05051524824178665,0.6136546446487182,-0.6030079102889196,2,-0.5628988744450424,-0.5863849250558553,-0.6597399313658613,-0.18317393908275312,6
5090,US-OF1,2017-07-13,US-OF1,Croplands,35.7370669999999,-90.0492,5.5,5.6,8.070200312007923,27.88877083333334,0.5490873529166665,1.78089,-0.1966728897935762,-0.980469160361632,-0.19164884062760187,0.10596776982505393,0.542302780208572,-0.191648840627602,2,-0.11300683163976294,-0.14978644744402142,-0.3121532427990213,-0.18905360843742655,6
5091,US-OF1,2017-07-21,US-OF1,Croplands,35.7370669999999,-90.0492,6.1,6.3,7.362658809134874,29.47933333333334,0.7068892731249999,1.1735243750000002,-0.3294084822245302,-0.9441875088341994,-0.3335255745348367,0.22582506218549475,0.5594809801010061,-0.33352557453483667,2,-0.1604825163064713,-0.5889821021256924,-0.25111210517234656,-0.25726783987593765,6
5092,US-OF1,2017-07-29,US-OF1,Croplands,35.7370669999999,-90.0492,6.0,5.6,9.200619201465525,23.808416666666663,0.5632572541666667,2.4246608333333337,-0.455906693508459,-0.8900275764346766,-0.26736578235177294,0.1824108094641537,0.7226036816719501,-0.267365782351773,2,-0.2822483335675801,-0.07796960666874236,-0.4418794068189963,-0.2346033211921746,6
5093,US-OF1,2017-09-07,US-OF1,Croplands,35.7370669999999,-90.0492,2.9,4.0,2.8937114949137586,17.644833333333327,0.7793647458333334,0.7117387499999999,-0.9175836260593934,-0.3975428142825566,-0.4323796982746934,0.06574459967143037,0.7019373359212996,-0.4198026881022107,2,-0.4864324146180596,-0.45151696515438955,-0.35918971505163094,-0.08197612889092933,6
5094,US-OF2,2017-07-13,US-OF1,Croplands,35.7406,-90.0489,5.6,5.6,8.686785095043188,28.70339583333333,0.4607219583333334,1.8581666666666663,-0.1966728897935762,-0.980469160361632,-0.15590824648867443,0.12350720124575001,0.5603314951225131,-0.15590824648867452,2,-0.1131372990026574,-0.059471764306993496,-0.29511567615637246,-0.2346033211921746,6
5095,US-OF2,2017-07-21,US-OF1,Croplands,35.7406,-90.0489,6.1,6.3,8.018448258990887,30.37397916666666,0.6149160208333333,1.161625,-0.3294084822245302,-0.9441875088341994,-0.3328806164295734,0.19867870486365138,0.5906081769508443,-0.33288061642957345,2,-0.17830209026532773,-0.5569770223997897,-0.2633627366236027,-0.25726783987593765,6
5096,US-OF2,2017-07-29,US-OF1,Croplands,35.7406,-90.0489,6.0,5.6,8.871435366964453,25.03729166666667,0.5494776208333333,2.7169791666666665,-0.455906693508459,-0.8900275764346766,-0.12871139461249206,0.12241596702618432,0.7742644249317399,-0.12871139461249204,2,-0.16654708227825374,0.00815565242710839,-0.2277427539863309,-0.2346033211921746,6
5097,US-OF4,2018-07-08,US-OF1,Croplands,35.734346,-90.037982,4.4,5.0,7.444991317702142,24.39633333333333,0.0737249375,1.9089181249999991,-0.1116590071216944,-0.993746580436178,0.5995376999218142,0.115965338529141,0.4285869809160546,0.599537699921814,2,0.5614619126332503,0.5073971983764493,0.729753988755743,0.11479882549704658,6
5098,US-OF4,2018-07-16,US-OF1,Croplands,35.734346,-90.037982,5.5,6.3,7.555842696358693,29.11456249999999,1.1048776875,1.2236904166666671,-0.2470221804809352,-0.9690098257244064,-0.39783996860034043,0.3037206736549654,0.6508834185699209,-0.39783996860034065,2,-0.2739344429872719,-0.7439261739076439,-0.17565928890610555,-0.25726783987593765,6
5099,US-OF4,2018-07-24,US-OF1,Croplands,35.734346,-90.037982,6.0,6.2000003,5.506019425970748,26.42052083333333,0.8414935833333331,1.1694885416666667,-0.3777079652039646,-0.92592477719385,-0.3303877649669621,0.13441106571881364,0.4978876039539447,0.3303877649669621,2,-0.265144027103636,-0.48496772337973926,-0.24105154441751112,-0.1039095359166879,6
5100,US-OF6,2018-06-06,US-OF1,Croplands,35.729972,-90.0403329999999,5.8,6.1,6.5949366842894515,27.60070833333334,1.4917149520833335,0.8840556250000001,0.4250003399695541,-0.9051931898913974,-0.6811064381757314,0.47905580226105415,0.7449646959852713,-0.6811064381757315,2,-0.46375885272197204,-1.2303077351552374,-0.34925272664998447,-0.305281660666739,6
5101,US-OF6,2018-07-16,US-OF1,Croplands,35.729972,-90.0403329999999,5.7,6.3,7.011093981730172,29.38808333333334,1.1836364583333332,1.0946683333333336,-0.2470221804809352,-0.9690098257244064,-0.45569318680987747,0.32794785463173975,0.6727051703113518,-0.45569318680987747,2,-0.2947203227879729,-0.8330223349922052,-0.23933690264945431,-0.25726783987593765,6
5102,US-OF6,2018-07-24,US-OF1,Croplands,35.729972,-90.0403329999999,6.0,6.2000003,7.251698912173259,25.8655625,0.8041658958333334,1.054893541666667,-0.3777079652039646,-0.92592477719385,-0.31761805095280377,0.11103510464641984,0.5169239094016069,-0.3176180509528037,2,-0.28094381327712625,-0.4423508683974111,-0.2295594711838739,-0.1785849865011573,6
5152,US-Ro1,2016-02-29,US-Ro1,Croplands,44.7143,-93.0898,0.3,1.6,3.0321701924120377,-3.2737519312500005,0.2106647018604166,4.288009583333333,0.8587639582758029,0.5123714121284237,0.20915535395970086,0.2600522616441489,0.7747328692310506,0.20915535395970108,0,0.5054725814482919,0.10311863839607643,0.01887484203473422,-0.027584572772200066,6
5153,US-Ro1,2016-04-01,US-Ro1,Croplands,44.7143,-93.0898,0.9,2.2,4.112390666293114,1.8628192354166664,0.2869195845833333,4.033103416666667,0.999916658654738,-0.0129102960750088,0.47875679667102905,0.11982680901197532,0.8995916132716474,0.4787567966710289,0,0.5841863635816392,0.503643037524513,0.34844098890693476,-0.027584572772200066,6
5154,US-Ro1,2016-04-02,US-Ro1,Croplands,44.7143,-93.0898,0.5,2.4,2.7910025239671383,-0.3634767624999999,0.3052761355229167,5.4447736250000025,0.9995462806873572,-0.0301203048469081,0.4483643093364047,0.07870634371905375,1.0890300570748832,0.4483643093364047,0,0.4335123131386377,0.3781420479678155,0.5334385669027609,-0.027584572772200066,6
5155,US-Ro1,2016-04-10,US-Ro1,Croplands,44.7143,-93.0898,0.6,3.8,1.4361233169081131,7.3050040833333325,0.5903795934791666,4.950713041666666,0.9859481499638304,-0.1670516255021192,0.4939434327341216,0.07214002095455634,1.0607987224543827,0.4939434327341216,0,0.41340382051048497,0.515795563355436,0.5526309143364438,-0.04827411196376509,6
5156,US-Ro1,2016-05-04,US-Ro1,Croplands,44.7143,-93.0898,1.2,4.8,1.3261163356146406,12.544916729166667,0.946007411575,3.4456485375,0.835925479418637,-0.548842958284719,0.6807330911928534,0.04785747975549092,0.8447067855872519,-0.42850041996357213,0,0.6964190031315719,0.718779158895123,0.6270011115518656,0.0072250419524945335,6
5157,US-Ro1,2016-06-20,US-Ro1,Croplands,44.7143,-93.0898,1.6,5.5,2.679223570247921,22.034968541666668,1.2768998209187503,3.7266040166666654,0.1797665857255624,-0.9837092937736096,0.9202094251897619,0.24180037028497875,1.131736043242089,0.9202094251897619,0,1.0592339505500656,1.0603911182670651,0.6410032067521549,-0.011509496410412186,6
5158,US-Ro1,2016-06-21,US-Ro1,Croplands,44.7143,-93.0898,2.3,6.5,2.4869657224063264,21.354149791666668,1.3689485660291665,2.8297111708333342,0.1628070129385171,-0.986657932891657,0.21362090290473393,0.08273122449053401,0.8267265388530717,0.16031054190791924,0,0.13872532119723818,0.19971263874814238,0.3024247487688212,-0.09214220288244075,6
5159,US-Ro1,2016-07-06,US-Ro1,Croplands,44.7143,-93.0898,4.0,5.4,6.0364691332517015,22.591484166666664,0.8543925427062503,1.2288138083333335,-0.0945367498171993,-0.9955213724144752,-0.7220706495484168,0.2339342912297232,0.8391355603627295,-0.7220706495484168,0,-0.6262938175426689,-0.988694868407979,-0.5512232626946024,-0.08858881409634563,6
5160,US-Ro1,2016-07-15,US-Ro1,Croplands,44.7143,-93.0898,4.0,5.1,5.062582247831911,18.77718958333333,0.6060839025249999,1.3447212145833338,-0.2470221804809352,-0.9690098257244064,-0.6189657506454896,0.11747690648452778,0.5948451010799578,-0.6189657506454895,0,-0.5295377058624731,-0.7520131877897944,-0.5753463582842013,-0.06985427573343894,6
5161,US-Ro1,2016-07-22,US-Ro1,Croplands,44.7143,-93.0898,5.5,6.1,4.403464235152832,26.56930583333333,1.2484380389708334,0.7731699729166662,-0.3617137307297674,-0.9322892131745134,-0.8219096184760701,0.36818937354122494,0.8249709841353814,0.8219096184760701,0,-0.8670242380274739,-1.1654628358854366,-0.4332417815152998,-0.11010463787333716,6
5162,US-Ro1,2016-08-07,US-Ro1,Croplands,44.7143,-93.0898,3.3,4.2000003,4.6236094702742365,20.867920833333336,0.7607962694541667,0.6429089958333334,-0.6016240632249227,-0.7987793728863648,-0.1514122445897489,0.2564669257470733,0.8891427538076242,-0.151412244589749,0,-0.04852677754781687,-0.44334659855896974,0.03763664233753994,-0.08197612889092933,6
5163,US-Ro1,2016-08-15,US-Ro1,Croplands,44.7143,-93.0898,4.1,4.1,3.85573715975369,20.469303125,0.610802111385417,0.7715955479166668,-0.7055836101071774,-0.7086266782644601,0.03746866083612219,0.12552257225521263,0.7410574029102472,-0.037468660836122214,0,-0.0763656863498704,0.016686270748752507,0.17208539810948448,-0.08197612889092933,6
5164,US-Ro1,2016-08-16,US-Ro1,Croplands,44.7143,-93.0898,3.5,4.0,4.309371442123193,20.615804791666665,0.4141530522208333,1.1825248374999997,-0.7176769136759615,-0.6963762255968726,0.10071438179661397,0.15187790598799117,0.5936047435641354,0.10071438179661396,0,-0.049648803655175766,0.2540629923298302,0.0977289567151875,-0.08197612889092933,6
5165,US-Ro1,2016-08-23,US-Ro1,Croplands,44.7143,-93.0898,3.7,4.0,3.81631930116073,21.354526041666674,0.5114330361791667,2.9113047291666665,-0.7961828637826154,-0.6050560696488494,0.3152399927244948,0.060097230856811755,0.8418178526114207,-0.08260139040303488,0,0.38463197004697924,0.2800517956584232,0.2810362124680821,-0.08197612889092933,6
5166,US-Ro1,2016-08-31,US-Ro1,Croplands,44.7143,-93.0898,3.4,4.0,2.8539640219463487,17.927312499999996,0.6728649309083332,1.0758095145833335,-0.8717063187093218,-0.4900286664290594,-0.2699142720290905,0.17289502644736593,0.6876950219638098,0.2699142720290905,0,-0.34407899446963014,-0.3933541386441695,-0.07230968297347182,-0.08197612889092933,6
5167,US-Ro1,2016-09-01,US-Ro1,Croplands,44.7143,-93.0898,3.2,3.8,2.8876958791488954,16.82437791666667,0.4914699215916668,0.7835403208333336,-0.8800122039735356,-0.4749510720670502,-0.29950841126590994,0.16227726198059514,0.6761736462196198,0.29950841126590994,0,-0.3551289869466376,-0.426661581784693,-0.11673466506639926,-0.08197612889092933,6
5168,US-Ro1,2016-09-08,US-Ro1,Croplands,44.7143,-93.0898,3.4,3.9,5.190080263266059,19.4907875,0.5510961178895835,1.6641290583333337,-0.9307239310379792,-0.3657225234972692,-0.1467773428824162,0.07147239265870614,0.6629244872735114,-0.14677734288241617,0,-0.22635264718218612,-0.08803893556131082,-0.12594044590375172,-0.08197612889092933,6
5169,US-Ro1,2016-09-16,US-Ro1,Croplands,44.7143,-93.0898,2.1,2.8,2.2935723449626275,18.51723041666666,0.3565131596208334,1.5464814604166668,-0.9721181966290612,-0.2344913895704105,0.11972637034268345,0.10733048958061199,0.6978218580691052,0.11972637034268345,0,0.06306643449368526,0.24351351581714165,0.052599160717223425,-0.042191786515224025,6
5170,US-Ro1,2016-10-02,US-Ro1,Croplands,44.7143,-93.0898,1.3,2.1000001,0.9078136990691988,14.837869541666665,0.5917763936999999,0.6239627395833335,-0.9992500112396836,0.0387222808921739,-0.33164803396655773,0.1428027556698994,0.6733322486817614,0.33164803396655773,0,-0.22929738187765486,-0.27085959337354176,-0.49478712664847657,-0.027584572772200066,6
5171,US-Ro1,2016-10-03,US-Ro1,Croplands,44.7143,-93.0898,1.1,3.0,1.245239852763638,15.99661345833333,0.6859847409187502,1.7419360541666664,-0.9984354211555644,0.055916990100603,-0.2520356043385134,0.13969638464644316,0.49624886173986865,-0.2520356043385134,0,-0.3096095430259977,-0.35374388805515783,-0.0927533819343846,0.0344394980176042,6
5172,US-Ro1,2016-10-11,US-Ro1,Croplands,44.7143,-93.0898,0.4,2.6000001,0.8039267691651046,15.530654833333337,0.5125296534687501,2.569727797916666,-0.9813064702716092,0.1924515819708299,0.24586312454893453,0.14105073324777534,0.7118202085088573,0.24586312454893453,0,0.0936721155541968,0.37219538785504647,0.2717218702375602,-0.027584572772200066,6
5173,US-Ro1,2016-10-18,US-Ro1,Croplands,44.7143,-93.0898,0.3,2.3,1.4544934696639715,12.717875583333331,0.3984496113312499,2.557038347916667,-0.9510565162951536,0.3090169943749472,0.23090774618810506,0.13698364146422645,0.722957375043503,0.23090774618810506,0,0.1420986771152452,0.38866672468951036,0.16195783675955955,-0.027584572772200066,6
5174,US-Ro1,2016-11-03,US-Ro1,Croplands,44.7143,-93.0898,0.2,1.5,0.7495009617611568,9.95578,0.3704048160541665,1.3661456104166667,-0.8311706263658079,0.5560174366570446,0.020926545936808778,0.09795971938933168,0.4665955072001851,0.02092654593680876,0,-0.07856786453609182,0.11727582555116717,0.024071676795350994,0.01972063107082288,6
5175,US-Ro1,2016-11-04,US-Ro1,Croplands,44.7143,-93.0898,0.5,2.2,0.649458409772658,10.546882333333334,0.4956594318041666,1.4361671333333332,-0.8214765533024145,0.5702422926917867,-0.13802078415111962,0.07400638813113869,0.4035423199901634,-0.13802078415111962,0,-0.2214204348965248,-0.11245536846315835,-0.08018654909367573,0.01972063107082288,6
5176,US-Ro1,2016-11-11,US-Ro1,Croplands,44.7143,-93.0898,0.2,1.0,0.6127626813440805,5.1578375398958345,0.3607624924354165,2.2554916312500013,-0.7469720876965551,0.6648553979642867,0.07072075277619178,0.09160879576840394,0.6109456150554895,0.07072075277619178,0,0.08997979209539148,0.15116891356804052,-0.02898644733485667,-0.027584572772200066,6
5177,US-Ro1,2016-11-12,US-Ro1,Croplands,44.7143,-93.0898,0.4,1.9,0.8182730191234228,4.798818672916667,0.3154755587541666,3.786612356249999,-0.7354170229639858,0.6776147890466887,0.22330206868008295,0.047390278463156056,0.6007672748011069,0.22330206868008295,0,0.20712315462355002,0.1861198949913213,0.27666315642537753,-0.027584572772200066,6
5178,US-Ro2,2016-02-29,US-Ro1,Croplands,44.7288,-93.0888,0.3,1.6,2.6447644733089533,-3.6869428604166674,0.2172552093624999,4.4397745833333335,0.8587639582758029,0.5123714121284237,0.19628020647099462,0.24961511071238351,0.8143140685878347,0.19628020647099476,0,0.47999541927259026,0.09843353069730865,0.010411669443084859,-0.027584572772200066,6
5179,US-Ro2,2016-04-01,US-Ro1,Croplands,44.7288,-93.0888,1.2,2.2,3.698652427642958,1.928888202083332,0.31142205526875,4.348165291666665,0.999916658654738,-0.0129102960750088,0.2614997075677343,0.14828068142327852,0.8963190450088344,0.26149970756773433,0,0.43244142201579894,0.18447622742295322,0.16758147326445072,-0.027584572772200066,6
5180,US-Ro2,2016-04-10,US-Ro1,Croplands,44.7288,-93.0888,1.4,3.8,1.983790695016352,7.308482145833333,0.6178576842500001,5.156681166666667,0.9859481499638304,-0.1670516255021192,0.09116616541437149,0.2260409075220378,1.1242947849557186,0.0911661654143715,0,-0.08018395936179157,0.006330691682888079,0.34735176392201794,-0.04827411196376509,6
5181,US-Ro2,2016-05-03,US-Ro1,Croplands,44.7288,-93.0888,4.0,5.4,6.423860457806067,15.347031770833334,1.1050762614708336,3.9938987500000014,0.8452490573530633,-0.5343725582809787,-0.6820645537102622,0.05409921331569291,0.7386324142979543,-0.6820645537102621,0,-0.6529147350856338,-0.6487913602703221,-0.7444875657748309,-0.08857248738281821,6
5182,US-Ro2,2016-05-04,US-Ro1,Croplands,44.7288,-93.0888,4.4,4.8,5.890707983264235,12.43166439583333,0.94574841781875,3.299011593749998,0.835925479418637,-0.548842958284719,-1.6122289727681676,0.09167079563257154,0.7327719652086438,-1.6122289727681673,0,-1.5420833677459456,-1.5786488048849945,-1.7159547456735633,-0.007754857132588321,6
5183,US-Ro2,2016-06-20,US-Ro1,Croplands,44.7288,-93.0888,6.3,5.5,7.210119367276329,21.51926479166666,1.2384180738625,2.9933916624999988,0.1797665857255624,-0.9837092937736096,-1.0510165241235008,0.07530300424944031,0.8883152604941988,-1.0510165241235008,0,-1.1144629110982056,-0.9678010066073843,-1.0707856546649124,-0.3504990227118865,6
5184,US-Ro2,2016-06-21,US-Ro1,Croplands,44.7288,-93.0888,6.2,6.5,7.308945845844255,20.95623645833333,1.3550295433833333,2.327204960416666,0.1628070129385171,-0.986657932891657,-1.0477341761961794,0.1164784718403358,0.8042747397997829,-1.0477341761961796,0,-1.1683308579109521,-0.9358648680044561,-1.0390068026731296,-0.45183897974844484,6
5185,US-Ro2,2016-06-28,US-Ro1,Croplands,44.7288,-93.0888,4.3,4.2000003,3.811670844231104,18.060675416666665,0.8676999832645834,1.18881308125,0.0430222330045305,-0.99907411510223,-0.7789225498178624,0.2471022130528306,0.8846031892668492,0.19773576171992924,0,-0.6019883487718727,-1.0612458343298377,-0.6735334663518766,-0.03207009054554527,6
5186,US-Ro2,2016-07-06,US-Ro1,Croplands,44.7288,-93.0888,4.4,5.4,5.163876237918814,22.8503875,1.0613740658770834,1.2282378979166662,-0.0945367498171993,-0.9955213724144752,-0.8629611081282419,0.3421413383978518,0.8887606734418959,-0.8629611081282418,0,-0.7158908426526285,-1.2540469426451075,-0.6189455390869898,-0.08858881409634563,6
5187,US-Ro2,2016-07-15,US-Ro1,Croplands,44.7288,-93.0888,4.1,5.1,4.493066475970706,19.04158333333334,0.7267264889249999,1.3026697479166671,-0.2470221804809352,-0.9690098257244064,-0.708948862320066,0.17884107629290352,0.602497132759056,-0.7089488623200659,0,-0.5896131458151277,-0.9145734629460682,-0.6226599781990023,-0.009753384478062293,6
5188,US-Ro2,2016-07-22,US-Ro1,Croplands,44.7288,-93.0888,5.3,6.1,4.290727729392967,26.90678375,1.591702792279167,1.0363056354166666,-0.3617137307297674,-0.9322892131745134,-0.8955216008930987,0.37133978138437473,0.9940013314362599,0.8955216008930987,0,-0.9706393147921665,-1.223559830956753,-0.4923656569303769,-0.05867525576391564,6
5189,US-Ro2,2016-08-08,US-Ro1,Croplands,44.7288,-93.0888,4.0,4.8,0.2029731022511621,21.538155625,0.8739200477895834,2.4390092604166664,-0.6152845999633277,-0.7883050558305253,-0.0697771190756742,0.13914557033284924,0.8300319692519897,0.06977711907567441,0,-0.2304032373191786,0.013841593804671481,0.007230286287484511,-0.08197612889092933,6
5190,US-Ro2,2016-08-16,US-Ro1,Croplands,44.7288,-93.0888,3.1,4.0,3.259673083464973,21.123948541666664,0.63176575640625,1.7078750854166669,-0.7176769136759615,-0.6963762255968726,0.20837385357388036,0.21506566425768048,0.7478420568431919,0.11097231335606542,0,0.07607703039290309,0.4565288663489504,0.09251566397978761,-0.08197612889092933,6
5191,US-Ro2,2016-08-23,US-Ro1,Croplands,44.7288,-93.0888,3.9,4.0,3.706436262270847,21.68679833333334,0.6903924400562502,4.189668916666668,-0.7961828637826154,-0.6050560696488494,0.24435008952016957,0.25322789590624606,1.1020601816825928,-0.24435008952016957,0,0.496095692950016,-0.010334515343422668,0.24728909095391538,-0.08197612889092933,6
5192,US-Ro2,2016-08-31,US-Ro1,Croplands,44.7288,-93.0888,3.2,4.0,4.166834356314575,18.42727375,0.8336490089729169,1.1955448791666667,-0.8717063187093218,-0.4900286664290594,-0.327860931470453,0.13647735241860331,0.6899009658504406,-0.32786093147045303,0,-0.43191280519983855,-0.37833364534441444,-0.1733363438671058,-0.08197612889092933,6
5193,US-Ro2,2016-09-01,US-Ro1,Croplands,44.7288,-93.0888,2.9,3.8,3.380893197880336,17.40027666666666,0.6503785651104165,1.1209823583333334,-0.8800122039735356,-0.4749510720670502,-0.3707573144359621,0.10913585103884829,0.6794393377280169,-0.37075731443596216,0,-0.4659968438045234,-0.39460578056940143,-0.2516693189339615,-0.08197612889092933,6
5194,US-Ro2,2016-09-08,US-Ro1,Croplands,44.7288,-93.0888,3.1,3.9,4.293820613095227,19.816768333333336,0.7091765569479166,2.05669009375,-0.9307239310379792,-0.3657225234972692,-0.10140046560202619,0.07521091597296159,0.6436050250777001,-0.1014004656020262,0,-0.129134486789764,-0.016260739800579627,-0.15880617021573493,-0.08197612889092933,6
5195,US-Ro2,2016-09-16,US-Ro1,Croplands,44.7288,-93.0888,2.4,2.8,2.3822618831306124,18.791020416666665,0.4771482839333334,2.02476745,-0.9721181966290612,-0.2344913895704105,0.24871312456122818,0.18503496156652113,0.8036922792703116,-0.24871312456122818,0,0.11824063006060709,0.46047798040389865,0.16742076321917887,-0.042191786515224025,6
5196,US-Ro2,2016-10-02,US-Ro1,Croplands,44.7288,-93.0888,1.8,2.1000001,1.8012264397667714,14.803041541666666,0.60576064608125,0.6108294854166668,-0.9992500112396836,0.0387222808921739,-0.23228824036870419,0.00696698341792874,0.6701517702464806,-0.23228824036870419,0,-0.22796323035444477,-0.22857626035771436,-0.24032523039395343,-0.048145439780970356,6
5197,US-Ro2,2016-10-03,US-Ro1,Croplands,44.7288,-93.0888,2.1,3.0,3.0856412072694748,15.817354729166668,0.6943480124958331,2.44436221875,-0.9984354211555644,0.055916990100603,-0.2308413879554229,0.11935951255319131,0.5889735621074073,-0.23084138795542297,0,-0.34234320924823103,-0.10493207707622101,-0.24524887754181673,-0.042191786515224025,6
5198,US-Ro2,2016-10-11,US-Ro1,Croplands,44.7288,-93.0888,1.7,2.6000001,2.6178465800242963,15.38166329166666,0.5306943495041668,3.3415748125,-0.9813064702716092,0.1924515819708299,0.16120458275921487,0.08269061001449764,0.8619893514903767,0.1612045827592149,0,0.07551689669364597,0.240530645120271,0.1675662064637276,-0.042191786515224025,6
5199,US-Ro2,2016-10-18,US-Ro1,Croplands,44.7288,-93.0888,1.3,2.3,2.39306921048522,12.959154229166666,0.4457822071770834,2.3509511645833334,-0.9510565162951536,0.3090169943749472,-0.10623892197834228,0.11579332217773496,0.6683692852375005,-0.10623892197834217,0,-0.23812598485667297,-0.021257390514170027,-0.05933339056418385,-0.027584572772200066,6
5200,US-Ro2,2016-11-03,US-Ro1,Croplands,44.7288,-93.0888,0.8,1.5,1.2255913199389696,10.134814458333334,0.4124373434041666,1.2895044270833331,-0.8311706263658079,0.5560174366570446,-0.07815619003115293,0.1020975051747525,0.48005124362616336,-0.07815619003115293,0,-0.17765833172895412,0.026352468520929317,-0.08316270688543398,0.01972063107082288,6
5201,US-Ro2,2016-11-04,US-Ro1,Croplands,44.7288,-93.0888,1.0,2.2,1.2580202978601662,10.595261375000002,0.5409038612499999,1.3194478958333329,-0.8214765533024145,0.5702422926917867,-0.16057080497145118,0.11007039417939668,0.4521721596419447,-0.16057080497145115,0,-0.26559815061388015,-0.046069761055092806,-0.1700445032453806,0.01972063107082288,6
5202,US-Ro2,2016-11-11,US-Ro1,Croplands,44.7288,-93.0888,0.7,1.0,1.1069113018686398,5.081353252083334,0.3703218270708333,2.0706348104166667,-0.7469720876965551,0.6648553979642867,-0.1273662093232916,0.01815263542896791,0.5904789245296309,-0.12736620932329157,0,-0.14494843129888044,-0.128457773874938,-0.10869242279605637,-0.0335382260379464,6
5203,US-Ro2,2016-11-12,US-Ro1,Croplands,44.7288,-93.0888,0.8,1.9,1.1341792823509247,5.094007789583333,0.3478104134,3.5862608354166663,-0.7354170229639858,0.6776147890466887,0.03141714888074656,0.07591218249132116,0.57417033376271,0.03141714888074654,0,-0.02179337924630742,-0.002302865529394904,0.11834769141794199,-0.027584572772200066,6
5214,US-Ro4,2016-04-02,US-Ro1,Grasslands,44.6781,-93.0723,0.4,2.4,0.8735940884739307,-0.1335277065416667,0.3309554761083333,4.590569125000001,0.9995462806873572,-0.0301203048469081,0.5955855220219733,0.04077986930298155,1.047715654451556,0.35160265492588805,0,0.6336970147480532,0.6004804193248298,0.5525791319930373,0.0580396669829347,6
5215,US-Ro4,2016-05-04,US-Ro1,Grasslands,44.6781,-93.0723,2.4,4.7000003,0.8488072757927677,12.264193770833332,0.8964979421666669,2.3534193979166664,0.835925479418637,-0.548842958284719,0.015661842759269944,0.10125436953723306,0.6708882457791854,-0.01566184275926985,0,-0.018598316945678428,-0.06401783125183164,0.1296016764753199,-0.06288132570678902,6
5216,US-Ro4,2016-09-08,US-Ro1,Grasslands,44.6781,-93.0723,3.1,3.9,2.84649540204543,19.797558750000004,0.5809005479208336,1.4858005895833333,-0.9307239310379792,-0.3657225234972692,-0.1513996311485866,0.09204791123006713,0.6619664600143784,0.1513996311485866,0,-0.2543486103644381,-0.07703521535840885,-0.12281506772291279,-0.08197612889092933,6
5217,US-Ro4,2016-10-11,US-Ro1,Grasslands,44.6781,-93.0723,0.3,2.7,0.5540981364942676,16.040884479166667,0.5611424593083335,2.3778163854166667,-0.9813064702716092,0.1924515819708299,0.17238186358513433,0.13463456460429696,0.6786372226572963,0.17238186358513433,0,0.04038764349073698,0.30950991192533217,0.16724803533933386,-0.027584572772200066,6
5218,US-Ro4,2016-10-18,US-Ro1,Grasslands,44.6781,-93.0723,1.0,2.3,0.9214065003029616,12.325003625,0.3817324890666667,1.692705281250001,-0.9510565162951536,0.3090169943749472,-0.22825225652767975,0.07009713498455501,0.5296754383162725,-0.07106525713360287,0,-0.29155607126873423,-0.15291878997635386,-0.2402819083379512,-0.017115950835930777,6
5219,US-Ro4,2016-11-11,US-Ro1,Grasslands,44.6781,-93.0723,0.6,1.0,0.2093600919273687,4.264355793749999,0.3313614563145834,1.3513946875,-0.7469720876965551,0.6648553979642867,-0.0826993141877303,0.07120851801258003,0.5808591019283578,0.0826993141877303,0,-0.15032270618428614,-0.0893963910505012,-0.00837884532840355,-0.027584572772200066,6
5220,US-Ro4,2016-11-12,US-Ro1,Grasslands,44.6781,-93.0723,0.4,1.9,0.3927529877589615,4.054492700000001,0.3212554042416667,2.1493954708333343,-0.7354170229639858,0.6776147890466887,-0.166906049050897,0.021227119854674334,0.5074088514572682,-0.15241202456881997,0,-0.1441774131418697,-0.18621690396253007,-0.1703238300482913,-0.03778847104845845,6
5221,US-Ro4,2017-02-15,US-Ro1,Grasslands,44.6781,-93.0723,0.4,1.7,0.3837383520277524,-3.293998755833334,0.2019829806104166,1.6286638395833333,0.7116566222817746,0.702527474169157,-0.3325512588164304,0.24660005147306574,0.46507486448691565,-0.30002796287193517,0,-0.5743389900333058,-0.0814053100719995,-0.34190947634398583,0.01972063107082288,6
5222,US-Ro4,2017-03-04,US-Ro1,Grasslands,44.6781,-93.0723,0.8,1.7,0.5603385343523005,0.0817587770833332,0.18377480354375,3.824705270833334,0.8840675099433636,0.4673592171580022,0.042081485943816145,0.15503301025221183,0.6917586385543342,-0.042081485943816166,0,0.18659704548025846,0.06132055889067023,-0.12167314653948025,-0.027584572772200066,6
5223,US-Ro4,2017-03-27,US-Ro1,Grasslands,44.6781,-93.0723,1.5,2.1000001,0.8408765793891176,5.034464933333334,0.2102355173041666,1.1310355375,0.995918996147179,0.0902516100310411,-0.12266632687833899,0.0816623106411364,0.6277864600921279,0.122666326878339,0,-0.11909460769587077,-0.04284847885888515,-0.20605589408026104,-0.027584572772200066,6
5224,US-Ro4,2017-04-28,US-Ro1,Grasslands,44.6781,-93.0723,3.0,2.8,0.8871636495006358,4.645271421458332,0.3565454152291665,1.3893560187499998,0.895839290734909,-0.4443781781046132,-1.0032693646591413,0.11264244265083688,0.8620382224100966,1.0032693646591413,0,-0.8854531984566327,-1.1099040977827284,-1.0144507977380623,0.018744534484894895,6
5225,US-Ro4,2017-05-06,US-Ro1,Grasslands,44.6781,-93.0723,2.9,4.3,0.636910273189395,13.772825270833335,0.8402795227166667,1.5147833604166667,0.8263541987239096,-0.5631507242749186,-0.4567168395720218,0.16644403265218946,0.574136014476967,0.4567168395720218,0,-0.349652336234625,-0.648475391557847,-0.37202279092359336,-0.08197612889092933,6
5226,US-Ro4,2017-05-07,US-Ro1,Grasslands,44.6781,-93.0723,2.9,4.0,0.703806246821668,12.83628525,0.8619842671500001,1.6581310770833335,0.8165380514459161,-0.5772916165517272,-0.3991164199078856,0.1626053558415911,0.6474387572234901,0.3991164199078856,0,-0.23448702421665607,-0.5596191814469178,-0.40324305406008276,-0.08197612889092933,6
5227,US-Ro4,2017-05-14,US-Ro1,Grasslands,44.6781,-93.0723,3.4,6.3,1.0032150276587335,21.714624999999995,1.4682160923229164,2.1618297166666665,0.741222010848596,-0.6712599575675313,-0.31761644993305754,0.061768726888198774,0.8141933001619647,0.3176164499330576,0,-0.3775817754174391,-0.2541898725567659,-0.32107770182496753,-0.11123700606658107,6
5228,US-Ro4,2017-06-08,US-Ro1,Grasslands,44.6781,-93.0723,4.8,6.1,2.1925219324101364,22.941342083333332,1.4551080679020834,1.964618016666667,0.3935902766564667,-0.9192859697186104,-1.013948561450747,0.21892289401911133,0.8358966672285991,1.013948561450747,0,-0.9470006205394288,-1.2585284613150898,-0.836316602497723,-0.08858881409634563,6
5229,US-Ro4,2017-06-15,US-Ro1,Grasslands,44.6781,-93.0723,4.6,6.9,4.553303571733436,21.885470625,1.2597534112750002,2.318737639583333,0.2802306751992158,-0.9599326896597448,-0.9288451906562237,0.10244791077795548,0.7028261713979441,-0.8354523341230969,0,-0.9878036066457577,-0.9881832293580961,-0.8105487359648171,-0.14029888829535503,6
5230,US-Ro4,2017-09-19,US-Ro1,Grasslands,44.6781,-93.0723,1.4,4.0,2.3107103970744607,20.021471875,0.6139349274875,2.648395691666667,-0.97961369164549,-0.2008905551306352,0.27177477374353853,0.17208690141669042,0.6910543356109973,0.27177477374353853,0,0.15675279157346755,0.4696116688963855,0.18895986076076254,-0.04827411196376509,6
5231,US-Ro4,2017-11-23,US-Ro1,Grasslands,44.6781,-93.0723,0.4,1.1,0.1581443997261435,0.2192966020833329,0.2631630695625,1.1490574604166668,-0.6084768701151264,0.7935716089521472,-0.12458062645040675,0.1422627867687237,0.4597364480761671,0.12458062645040675,0,-0.14289942432750816,-0.25679667351453633,0.025954218490824243,0.01972063107082288,6
5232,US-Ro4,2017-11-30,US-Ro1,Grasslands,44.6781,-93.0723,0.5,1.4,0.0762694812651081,2.61360230625,0.2835902441000001,3.261626531250001,-0.5086709438521042,0.8609610158889945,0.18002223079056512,0.05734274233011497,0.42685635013628176,-0.18002223079056512,0,0.11425232400680096,0.206279241878897,0.21953512648599738,0.01972063107082288,6
5233,US-Ro4,2018-05-17,US-Ro1,Grasslands,44.6781,-93.0723,2.8,6.1,1.9228123241159143,21.84030833333334,1.3949931096895831,2.545443458333334,0.705583610107178,-0.7086266782644596,0.17301893380701536,0.12331583134372358,0.8853722810717566,-0.17301893380701538,0,0.31492522112882326,0.11225148962621839,0.09188009066600439,-0.0694776841986779,6
5234,US-Ro4,2018-05-26,US-Ro1,Grasslands,44.6781,-93.0723,2.5,6.4,3.3455564187735667,25.40500041666667,1.6618158458458332,1.8319632729166668,0.5877852522924732,-0.8090169943749473,-0.2801243945952819,0.06388403604566582,0.7671457030102429,-0.2801243945952818,0,-0.31288036243279693,-0.32098673728071747,-0.20650608407233134,-0.09214220288244075,6
5235,US-Ro4,2018-07-05,US-Ro1,Grasslands,44.6781,-93.0723,5.8,5.3,5.654584619086888,23.054360208333332,0.9612435836187502,1.6062142541666666,-0.0602132773657927,-0.9981855344718586,-1.117652973526804,0.18321913521407804,0.750587040288749,-0.8268222117005808,0,-1.1635874427399624,-1.2735341940775833,-0.9158372837628663,-0.34069860161116156,6
5236,US-Ro4,2018-07-21,US-Ro1,Grasslands,44.6781,-93.0723,4.3,4.8,4.9200511254596515,21.72102354166667,0.6994617152604167,1.5144006583333336,-0.3294084822245302,-0.9441875088341994,-0.29675898899230146,0.23801399754016442,0.7330295553629722,-0.29675898899230146,0,-0.5373517651065217,-0.0614104384770745,-0.2915147633933082,-0.08197612889092933,6
5237,US-Ro4,2018-10-16,US-Ro1,Grasslands,44.6781,-93.0723,0.7,2.4,0.5874591597144554,7.743386750000003,0.5246136744895834,2.5930517833333337,-0.965739937654855,0.2595117970697994,-0.030520781912937445,0.0757310354429233,0.6389154275453529,0.030520781912937445,0,-0.10985262458475203,0.041004734256836595,-0.022714455410896894,-0.027584572772200066,6
5238,US-Ro4,2018-10-17,US-Ro1,Grasslands,44.6781,-93.0723,0.7,1.7,0.445886129893963,3.309230467916666,0.3199995215958334,1.7195400854166667,-0.9611297838723007,0.2760969730974688,-0.09378283774379155,0.08908713815878054,0.6570018705080635,0.09378283774379154,0,-0.19067184302518608,-0.07527006871489966,-0.015406601491288918,-0.027584572772200066,6
5239,US-Ro4,2018-11-02,US-Ro1,Grasslands,44.6781,-93.0723,0.3,1.0,0.2733090749318896,3.6031982684791664,0.2738147657229166,0.8684124250000003,-0.8498170915275277,0.5270777086423724,0.08171663803451418,0.1471197797916834,0.6854086164964446,-0.08171663803451418,0,0.0754807299365412,-0.062186034678864355,0.23185521884586568,-0.027584572772200066,6
5257,US-Ro5,2017-03-04,US-Ro1,Croplands,44.691,-93.0576,0.8,1.7,0.99484026712851,-0.2802950625000006,0.1673162923291666,4.054844354166667,0.8840675099433636,0.4673592171580022,0.04174091258061064,0.1494300521836269,0.7393057195055831,0.041740912580610634,0,0.1885771418302178,0.046800067470100626,-0.11015447155848648,-0.027584572772200066,6
5258,US-Ro5,2017-03-27,US-Ro1,Croplands,44.691,-93.0576,1.4,2.1000001,1.6061149420339933,5.227620770833332,0.1980502793583333,1.5244213062500005,0.995918996147179,0.0902516100310411,0.019798918463257337,0.08665564747601927,0.59169344469148,0.019798918463257348,0,0.004950139166717549,0.11291949562614256,-0.058472879403088096,-0.027584572772200066,6
5259,US-Ro5,2017-03-28,US-Ro1,Croplands,44.691,-93.0576,0.6,3.0,1.7463212081968569,7.734028961875001,0.4772706893708335,0.83555679375,0.9973249731081556,0.0730951298980777,0.3483638441447132,0.09331749140369114,0.7906164096080882,0.3483638441447132,0,0.24782093147143447,0.43219861729090003,0.36507198367180516,-0.027584572772200066,6
5260,US-Ro5,2017-04-21,US-Ro1,Croplands,44.691,-93.0576,0.8,3.4,3.2283975684108532,8.801338875,0.4973705690416665,1.7004532416666671,0.9427611433904208,-0.3334687789181868,0.7446797712103103,0.0979207385096639,0.7826635539778862,0.7446797712103104,0,0.6676179152382391,0.8548666396052386,0.7115547587874528,0.14824483775859848,6
5261,US-Ro5,2017-04-28,US-Ro1,Croplands,44.691,-93.0576,1.8,2.8,2.8001073618330663,4.699767088333333,0.3533242090937499,2.2773920479166674,0.895839290734909,-0.4443781781046132,0.031519671663828186,0.09113134503607336,0.7371301138449983,0.031519671663828186,0,-0.07370546233874886,0.08495408335155685,0.08331039397867657,-0.042191786515224025,6
5262,US-Ro5,2017-05-06,US-Ro1,Croplands,44.691,-93.0576,1.8,4.3,1.3655451399382186,13.397291187500002,0.8248059059666666,2.5175294125000005,0.8263541987239096,-0.5631507242749186,0.6861331686335445,0.10144102885290691,0.748201109021603,-0.6861331686335443,0,0.6454403520779985,0.6113567439776899,0.8016024098449449,-0.007382171790529435,6
5263,US-Ro5,2017-05-07,US-Ro1,Croplands,44.691,-93.0576,1.8,4.0,1.3134704755126767,12.464373145833337,0.8478183531458333,1.5423560729166663,0.8165380514459161,-0.5772916165517272,0.2713185425968167,0.2146260676436785,0.7273053935303742,-0.27131854259681676,0,0.4772348785288093,0.2877889970772253,0.04893175218441548,-0.06288132570678902,6
5264,US-Ro5,2017-05-14,US-Ro1,Croplands,44.691,-93.0576,1.3,6.3,1.207142719645403,21.247079791666668,1.4086495270437498,2.3239923687500004,0.741222010848596,-0.6712599575675313,0.2841606033182161,0.13762484299935185,0.6953062272683244,-0.2841606033182161,0,0.3416611523859856,0.12711043574745062,0.38371022182121195,-0.07753498913941685,6
5265,US-Ro5,2017-05-22,US-Ro1,Croplands,44.691,-93.0576,2.7,4.4,4.4823899804648475,12.5087235625,0.5586256957125001,2.5498922604166663,0.6420547132365637,-0.766658819300159,0.07425929115115067,0.10261253522172846,0.73059044210765,0.0742592911511506,0,-0.023856104866544214,0.18084401917936066,0.06578995914063557,-0.06288132570678902,6
5266,US-Ro5,2017-05-31,US-Ro1,Croplands,44.691,-93.0576,2.0,5.6,1.9179025791536624,15.953928624999998,1.092568654085417,3.29149435,0.5160623910158528,-0.8565509959010036,0.6767853601194366,0.04954363845612502,0.7185281236114008,-0.6767853601194366,0,0.6391723664580043,0.7329217262553086,0.6582619876449967,-0.026100383439908673,6
5267,US-Ro5,2017-06-07,US-Ro1,Croplands,44.691,-93.0576,1.3,6.2000003,0.9406964667895692,22.14008708333333,1.7981412787541668,2.3063657562499995,0.4093559588156213,-0.9123747579707272,0.4033399568504972,0.11391574998898334,0.7803015746827215,-0.40333995685049717,0,0.5327676914866134,0.31830013996606255,0.3589520390988159,-0.05487047045565391,6
5268,US-Ro5,2017-06-08,US-Ro1,Croplands,44.691,-93.0576,3.7,6.1,0.7006696503874931,22.948713125,1.509438892177083,2.86515311875,0.3935902766564667,-0.9192859697186104,-0.19277638017510643,0.12292765710317363,1.0119534901419691,0.19277638017510634,0,-0.05103351933970274,-0.257095716841802,-0.2701999043438145,-0.08857248738281821,6
5269,US-Ro5,2017-06-15,US-Ro1,Croplands,44.691,-93.0576,4.2,6.9,5.746095064886098,22.8609025,1.3670788005083332,2.7241772187500004,0.2802306751992158,-0.9599326896597448,-0.4683221388905519,0.08492744947873254,0.8416348127436019,-0.4683221388905521,0,-0.4384015081216036,-0.5641603781217339,-0.40240453042831836,-0.11123700606658107,6
5270,US-Ro5,2017-07-02,US-Ro1,Croplands,44.691,-93.0576,2.6,4.4,3.3829857809056008,20.23758645833333,0.9876079186645832,1.657999297916666,-0.008606996888688,-0.9999629591162656,-0.16241804610741456,0.1830255196568449,0.8261388106535387,-0.1624180461074145,0,-0.27342529534371307,-0.26265903233792626,0.048830189359395704,-0.06288132570678902,6
5271,US-Ro5,2017-07-17,US-Ro1,Croplands,44.691,-93.0576,4.9,6.5,5.2517382799631696,23.75713083333333,0.7777400654750001,2.838704760416667,-0.2636654927280072,-0.9646141756912436,-0.4090932606492972,0.10785498139467353,0.7475854482987365,-0.4090932606492972,0,-0.5102022048814228,-0.4215104731132429,-0.29556710395322605,-0.11123700606658107,6
5272,US-Ro5,2017-08-11,US-Ro1,Croplands,44.691,-93.0576,3.2,4.1,4.8399323558622465,17.797787708333335,0.5443327944624997,1.35836084375,-0.6420547132365636,-0.7666588193001592,-0.03837835682929299,0.13048594380172504,0.6423643908667039,-0.038378356829293025,0,-0.16286199376480703,0.09737842359388704,-0.049651500316958974,-0.08197612889092933,6
5273,US-Ro5,2017-08-19,US-Ro1,Croplands,44.691,-93.0576,3.6,4.1,5.2426075003708865,18.831563125,0.45108827600625,1.3638187562499997,-0.7412220108485957,-0.6712599575675315,-0.008052525084425213,0.18058456258050626,0.6038541776732194,-0.008052525084425222,0,-0.1961601802433862,0.16392701580806152,0.008075589182049037,-0.08197612889092933,6
5274,US-Ro5,2017-09-03,US-Ro1,Croplands,44.691,-93.0576,3.7,4.6,5.370619965955309,20.27301270833333,0.6995812524270831,1.9875030291666669,-0.888057322629493,-0.4597327394521046,-0.15491063063301977,0.1194301333376865,0.7584798982550532,-0.15491063063301969,0,-0.1291791392020986,-0.05044362512098677,-0.28510912757597395,-0.08197612889092933,6
5275,US-Ro5,2017-09-04,US-Ro1,Croplands,44.691,-93.0576,2.6,3.6000001000000004,5.473285996222922,16.863672291666663,0.5767488887687501,2.7941558875,-0.8958392907349089,-0.4443781781046134,0.13076563385947054,0.18785423803921447,0.6944038938777509,0.1307656338594705,0,-0.03500520168313431,0.33480895402233735,0.0924931492392086,-0.06288132570678902,6
5276,US-Ro5,2017-09-11,US-Ro1,Croplands,44.691,-93.0576,3.3,4.2000003,3.270069113633665,19.310859166666663,0.6548203209020833,1.823899325,-0.9427611433904206,-0.333468778918187,-0.2594790984961331,0.031312937590571986,0.6668521234671181,-0.19961732576346353,0,-0.2931970741318114,-0.23131419851584947,-0.2539260228407385,-0.08792978215667567,6
5277,US-Ro5,2017-09-12,US-Ro1,Croplands,44.691,-93.0576,2.8,3.9,2.879269375436524,20.398495000000004,0.5670985317437499,0.9539768020833334,-0.9483615800121716,-0.3171912885891059,-0.127302610166713,0.17477827900722628,0.6830633868470984,-0.127302610166713,0,-0.23560062599959822,-0.22063614914217528,0.07432894464163459,-0.06288132570678902,6
5278,US-Ro5,2017-09-27,US-Ro1,Croplands,44.691,-93.0576,1.1,2.9,1.0242043486278374,11.64657945833333,0.3933919269291665,1.4991871937499994,-0.9979171608653922,-0.0645084494493162,-0.08021498777736157,0.11758174629741777,0.6686554542341578,0.07137631496696385,0,-0.208710461602911,-0.05394292685739793,0.022008425128224263,-0.027584572772200066,6
5279,US-Ro5,2017-11-07,US-Ro1,Croplands,44.691,-93.0576,0.3,0.90000004,0.5728199024729803,-1.7555933729166668,0.1686126103458334,2.20127236875,-0.8013610881746769,0.5981809144059159,-0.03539302346611484,0.09546592868768919,0.6867938094931199,-0.03539302346611484,0,0.040740339372995815,-0.14249974281518757,-0.004419666956152757,-0.027584572772200066,6
5280,US-Ro5,2017-11-23,US-Ro1,Croplands,44.691,-93.0576,0.1,1.1,0.3336530474145098,0.6353234187499995,0.2724637854395833,1.8372740520833333,-0.6084768701151264,0.7935716089521472,-0.12599248931422566,0.11400206549043147,0.5940360016678257,-0.12599248931422566,0,-0.14317494647219653,-0.2304279978844453,-0.004374523586035128,-0.027584572772200066,6
5281,US-Ro5,2017-11-30,US-Ro1,Croplands,44.691,-93.0576,0.2,1.4,0.4062521346945097,3.578706268749998,0.3129339802145833,3.6198520958333336,-0.5086709438521042,0.8609610158889945,0.33057739185688767,0.0337345523303248,0.6212841805982553,0.08192687753213174,0,0.3669723240860716,0.30035592050476134,0.32440393097983,-0.0335382260379464,6
5282,US-Ro6,2017-03-04,US-Ro1,Croplands,44.6946,-93.05776,1.0,1.7,1.1697043950769577,-0.5990491443749993,0.1581454342562499,4.435744645833334,0.8840675099433636,0.4673592171580022,-0.09030775356334404,0.14921843125337036,0.7528451422394209,-0.09030775356334403,0,0.07781727603579192,-0.1417111036088333,-0.2070294331169908,-0.027584572772200066,6
5283,US-Ro6,2017-03-27,US-Ro1,Croplands,44.6946,-93.05776,1.5,2.1000001,1.7387811177720065,5.177200312499999,0.2132018257208333,1.4886990166666674,0.995918996147179,0.0902516100310411,-0.046438105134254754,0.08272404971583562,0.5940990405330784,-0.046438105134254726,0,-0.05731309300678705,0.04118557608714618,-0.12318679848312339,-0.027584572772200066,6
5284,US-Ro6,2017-03-28,US-Ro1,Croplands,44.6946,-93.05776,1.1,3.0,1.9673774147142764,7.499975196458334,0.48865481904375,0.8454219875000003,0.9973249731081556,0.0730951298980777,0.11137467835735505,0.12033859030998728,0.726252061426337,0.11137467835735504,0,-0.019652725642222035,0.2169538376569633,0.1368229230573239,-0.027584572772200066,6
5285,US-Ro6,2017-04-21,US-Ro1,Croplands,44.6946,-93.05776,2.2,3.4,3.301582633440719,8.740674954166666,0.4982933183249999,1.751655760416667,0.9427611433904208,-0.3334687789181868,-0.27391475274453986,0.04992822218376991,0.7069040238692469,-0.2739147527445398,0,-0.30361555259658674,-0.3018571587155755,-0.2162715469214572,-0.042191786515224025,6
5286,US-Ro6,2017-04-28,US-Ro1,Croplands,44.6946,-93.05776,1.9,2.8,3.323366686311044,4.746414040833333,0.3619012167479167,2.3110992833333333,0.895839290734909,-0.4443781781046132,-0.029467373855020084,0.08634568891974828,0.7347177727336635,-0.029467373855020185,0,-0.12916687408768476,0.02114738282573747,0.019617369696887044,-0.042191786515224025,6
5287,US-Ro6,2017-05-06,US-Ro1,Croplands,44.6946,-93.05776,1.8,4.3,1.7045679776020148,13.637439166666669,0.8778727065291667,2.568213227083333,0.8263541987239096,-0.5631507242749186,0.7006635532609106,0.0819763149573369,0.7621195573219379,-0.7006635532609106,0,0.6666950059791492,0.6411316876848944,0.7941639661186882,-0.007382171790529435,6
5288,US-Ro6,2017-05-07,US-Ro1,Croplands,44.6946,-93.05776,1.7,4.0,1.3546341043774583,12.623056625000002,0.8911496858958335,1.6374000625,0.8165380514459161,-0.5772916165517272,0.38979125071266646,0.17623778269476906,0.71901290997647,-0.3897912507126664,0,0.5531536943629072,0.41320184613625055,0.2030182116388417,-0.06288132570678902,6
5289,US-Ro6,2017-05-14,US-Ro1,Croplands,44.6946,-93.05776,1.4,6.3,1.9462548726507571,21.417481458333334,1.5171325221229164,2.341088125,0.741222010848596,-0.6712599575675313,0.2599090691767327,0.15211465765236265,0.6647923852470108,0.2599090691767327,0,0.3302378010622373,0.08535578266915173,0.36413362379880887,-0.07753498913941685,6
5290,US-Ro6,2017-05-22,US-Ro1,Croplands,44.6946,-93.05776,2.9,4.4,5.022124431303441,12.6607583125,0.5850493747395833,2.5998478958333333,0.6420547132365637,-0.766658819300159,-0.041468489978003516,0.11081900851844596,0.7265350545397508,-0.041468489978003564,0,-0.11830335923404398,0.08556697215467729,-0.09166908285464387,-0.08197612889092933,6
5291,US-Ro6,2017-05-31,US-Ro1,Croplands,44.6946,-93.05776,3.1,5.6,4.2980822501400215,15.928182645833331,1.1018530353895832,3.3653890541666667,0.5160623910158528,-0.8565509959010036,0.11243537846245354,0.04088159408642679,0.739915869350882,0.11243537846245344,0,0.12594689708507972,0.06650840671866415,0.14485083158361672,-0.08857248738281821,6
5292,US-Ro6,2017-06-07,US-Ro1,Croplands,44.6946,-93.05776,5.4,6.2000003,6.24218526662781,21.987457083333336,1.7682887721895832,2.3173780124999994,0.4093559588156213,-0.9123747579707272,-1.2067103629015892,0.32389259763919354,0.9158200826681762,-1.206710362901589,0,-0.8692436015179883,-1.5150630600449908,-1.2358244271417889,-0.4276765507094642,6
5293,US-Ro6,2017-06-08,US-Ro1,Croplands,44.6946,-93.05776,5.1,6.1,6.383796829550454,22.678162708333332,1.4995138149416667,2.5641491833333325,0.3935902766564667,-0.9192859697186104,-0.8835663622453923,0.140792498169955,0.8498268607409406,-0.8835663622453924,0,-0.7343115157336617,-1.014003915724243,-0.9023836552782718,-0.08858881409634563,6
5294,US-Ro6,2017-06-15,US-Ro1,Croplands,44.6946,-93.05776,6.6,6.9,8.24049445124243,22.34164354166666,1.365236818222917,2.5768539166666677,0.2802306751992158,-0.9599326896597448,-0.9481669860779904,0.14869137492432943,0.7268349020969447,-0.9481669860779904,0,-0.9803039802328386,-0.786035026143129,-1.0781619518580035,-0.5534988550235885,6
5295,US-Ro6,2017-07-02,US-Ro1,Croplands,44.6946,-93.05776,3.7,4.4,5.427168821739284,20.239156249999994,1.0216098677979168,1.4750258125,-0.008606996888688,-0.9999629591162656,-0.4742429784123587,0.24600854175354958,0.8033271709398804,-0.4742429784123585,0,-0.40261912432781843,-0.7481152344896558,-0.2719945764196018,-0.08197612889092933,6
5296,US-Ro6,2017-07-17,US-Ro1,Croplands,44.6946,-93.05776,5.1,6.5,2.487593320990691,24.01607395833333,0.96326807205625,2.795079277083333,-0.2636654927280072,-0.9646141756912436,-0.3813165450473615,0.10622119987993611,0.8660974539736248,0.38131654504736145,0,-0.4493124685439124,-0.43572310295063865,-0.25891406364753355,-0.11123700606658107,6
5297,US-Ro6,2017-09-03,US-Ro1,Croplands,44.6946,-93.05776,2.0,4.6,0.9438804273154616,20.84631437500001,0.9246060121041668,2.8493771708333338,-0.888057322629493,-0.4597327394521046,0.2207670452046213,0.18346037630546494,0.8073580622029082,-0.22076704520462131,0,0.06602203004237833,0.42343199025094136,0.17284711532054414,-0.06288132570678902,6
5298,US-Ro6,2017-09-04,US-Ro1,Croplands,44.6946,-93.05776,0.8,3.6000001000000004,1.2287560441371057,17.370091875000004,0.7392394039770833,3.5259712125,-0.8958392907349089,-0.4443781781046134,1.068252982819148,0.1361409570841776,0.9469500983167493,-0.21074089454493672,0,1.0809695469729035,1.1975894940944416,0.9261999073900992,0.045009227140388214,6
5299,US-Ro6,2017-09-11,US-Ro1,Croplands,44.6946,-93.05776,1.7,4.2000003,0.9861056161029416,19.576670416666673,0.7945173952979167,2.635313824999999,-0.9427611433904206,-0.333468778918187,0.167884158097472,0.22992619376219667,0.7171861191735778,-0.16788415809747204,0,-0.013368226294950158,0.42651848831686767,0.09050221227049848,-0.06288132570678902,6
5300,US-Ro6,2017-09-12,US-Ro1,Croplands,44.6946,-93.05776,3.0,3.9,0.3730266439665271,20.597468958333337,0.7076136340604164,1.302403604166667,-0.9483615800121716,-0.3171912885891059,-0.12992013959384235,0.13549352980661672,0.70491775038642,0.12992013959384252,0,-0.2517449859103617,-0.1540225782799912,0.016007145408825807,-0.08197612889092933,6
5301,US-Ro6,2017-09-27,US-Ro1,Croplands,44.6946,-93.05776,2.0,2.9,2.420700574988475,11.621468041666668,0.411028264,1.8431884833333336,-0.9979171608653922,-0.0645084494493162,-0.347865480380192,0.14477804302554248,0.6812230930925891,-0.34786548038019194,0,-0.468735112348154,-0.1874127620324197,-0.38744856676000233,-0.042191786515224025,6
5302,US-Ro6,2017-11-07,US-Ro1,Croplands,44.6946,-93.05776,0.6,0.90000004,0.8273965755515668,-1.9040211062499997,0.1658636865958333,2.0221964208333336,-0.8013610881746769,0.5981809144059159,-0.19504916568842087,0.0299932867824799,0.6365940749623612,-0.1950491656884209,0,-0.16338267287277367,-0.2230282828589155,-0.19873654133357344,-0.0335382260379464,6
5303,US-Ro6,2017-11-23,US-Ro1,Croplands,44.6946,-93.05776,0.5,1.1,0.2976642762047816,0.5125283437500007,0.2782659722437499,1.9107474041666668,-0.6084768701151264,0.7935716089521472,-0.19788912247276855,0.06319088584353767,0.5850555283149681,0.19788912247276855,0,-0.26053677510627893,-0.19896192820819242,-0.1341686641038343,-0.027584572772200066,6
5304,US-Ro6,2017-11-30,US-Ro1,Croplands,44.6946,-93.05776,0.5,1.4,0.4260880905141568,3.5270007666666663,0.3197383549354166,3.720146795833333,-0.5086709438521042,0.8609610158889945,0.2775436460765615,0.0369181956822611,0.6097391140198946,-0.2775436460765615,0,0.28505811438629325,0.23744631358734536,0.310126510256046,-0.0335382260379464,6
5827,US-SRS,2016-01-03,US-SRS,Shrublands,31.817294,-110.850801,0.3,2.5,0.4865844494842722,14.784814583333334,0.9521436236770834,4.2085349375000005,0.0516196672232537,0.998666816288476,0.1936423867201146,0.0694954511445737,0.9150369367063135,0.17952651224842983,2,0.2568996790069643,0.11925273077582235,0.20477475037755719,-0.027584572772200066,6
5828,US-SRS,2016-01-11,US-SRS,Shrublands,31.817294,-110.850801,0.7,1.6,0.8318321976989685,5.863511875,0.3294782291833333,2.1378000208333336,0.1882267098432442,0.9821256058680006,-0.034168459517372594,0.1985645024691465,0.3520357004758562,-0.0341684595173726,2,0.1109000458336338,-0.26046944528959753,0.047064020903845954,0.01972063107082288,6
5829,US-SRS,2016-01-12,US-SRS,Shrublands,31.817294,-110.850801,0.4,2.6000001,0.9682307682914112,9.3888275,0.7504932607041667,1.8369385833333336,0.2051044998686192,0.9787400799669153,0.013702130621710551,0.018654347765772794,0.34468122535017115,0.013702130621710551,2,0.03497798877121375,0.005977633469633009,0.0001507696242848966,0.028485844751857867,6
5830,US-SRS,2016-01-19,US-SRS,Shrublands,31.817294,-110.850801,0.4,2.6000001,0.6415982865063387,12.904798333333332,1.0333829862,1.932720104166668,0.3212696616923644,0.9469877530760752,0.028447660768613593,0.03652689862830416,0.4019456299599377,0.028447660768613603,2,0.04953583731391778,0.04953711372829858,-0.01372996873637558,0.028485844751857867,6
5831,US-SRS,2016-01-27,US-SRS,Shrublands,31.817294,-110.850801,0.5,3.0,0.5479736341115066,12.296772083333323,1.1372687985791663,2.3869674166666663,0.4482293417404106,0.893918596519257,0.010686555438574719,0.024974325802190153,0.5342600368389105,0.010686555438574719,2,0.010202025464617265,0.035899620819257155,-0.014041979968150264,-0.0335382260379464,6
5832,US-SRS,2016-03-23,US-SRS,Shrublands,31.817294,-110.850801,1.0,5.4,0.9319000475170418,12.988441458333336,1.193671778122917,2.639232,0.989932495087353,0.141540295217043,-0.006116193881932723,0.05107428841422361,0.7347541973639975,0.00611619388193272,2,0.02197246639039588,-0.06506991401727846,0.024748865981084417,-0.05487047045565391,6
5833,US-SRS,2016-04-16,US-SRS,Shrublands,31.817294,-110.850801,1.5,6.0,1.332178379249157,13.809251250000004,1.21237226766875,2.5133302916666667,0.9634705485641488,-0.2678143051621742,-0.10934117079664814,0.1827657606061957,0.6974967184225423,0.10934117079664814,2,-0.1464622740218928,-0.27069682473946427,0.08913558637141264,-0.05487047045565391,6
5834,US-SRS,2016-04-24,US-SRS,Shrublands,31.817294,-110.850801,1.3,7.1,1.570904300879518,20.45381458333333,1.7827153945395835,2.949964083333333,0.9175836260593936,-0.3975428142825559,-0.02918776796782077,0.1477081689673323,0.7721691356313559,-0.029187767967820744,2,-0.027061716006571312,-0.1779474868937364,0.1174458989968454,-0.07753498913941685,6
5835,US-SRS,2016-05-10,US-SRS,Shrublands,31.817294,-110.850801,1.6,6.8,1.0992885780894446,21.54899791666667,2.12307332368125,2.3847334375,0.7748840413670407,-0.6321034111873487,-0.08760619556000615,0.058784991432583665,0.6659737451804997,0.08760619556000615,2,-0.04959796060727634,-0.15531560817522122,-0.057905017897520894,-0.07753498913941685,6
5836,US-SRS,2016-05-18,US-SRS,Shrublands,31.817294,-110.850801,2.1,6.2000003,2.038083405311561,19.45108854166666,1.2586000684562502,2.0186705833333334,0.6807734094770161,-0.7324940716135789,-0.3198654887426365,0.049872425944865996,0.6067251935413219,-0.19603229936575844,2,-0.2633376098915324,-0.3576535057651169,-0.33860535057126034,-0.0694776841986779,6
5837,US-SRS,2016-05-26,US-SRS,Shrublands,31.817294,-110.850801,1.6,6.8,0.7975938340662828,18.453652083333328,1.74982948739375,2.3108802291666666,0.5737722679043246,-0.8190148866680801,-0.17178352030693697,0.07592561142964022,0.5632667610988413,0.171783520306937,2,-0.10475740500964661,-0.25423861890281346,-0.15635453700835078,-0.07753498913941685,6
5838,US-SRS,2016-06-03,US-SRS,Shrublands,31.817294,-110.850801,1.9,10.2,0.7369772100738241,29.519250000000003,3.871826784770833,2.5508575416666672,0.4559066935084588,-0.8900275764346767,-0.8402960119560426,0.17153039276103332,1.2030077031158597,0.8402960119560426,2,-0.942777939437226,-0.9358398108632152,-0.6422702855676868,-0.18421293275063444,6
5839,US-SRS,2016-07-05,US-SRS,Shrublands,31.817294,-110.850801,2.4,7.7000003,3.223160505105608,31.941812500000008,3.3472326239583325,2.2858515625000004,-0.0773864792334632,-0.9970011699250152,-0.917645160577019,0.2545783877301457,0.9000110430430388,-0.9176451605770191,2,-1.0377075715124309,-1.089990629088356,-0.6252372811302694,-0.16798076116434107,6
5840,US-SRS,2016-07-13,US-SRS,Shrublands,31.817294,-110.850801,1.4,7.9,1.3227559008396272,32.319940625,3.167763749895832,1.9015849583333329,-0.2135209154397959,-0.9769384927771816,-0.6157770005483126,0.10548883979039791,0.5355050112036974,-0.4612888022275673,2,-0.6551554209813926,-0.6959121376798567,-0.49626344298368863,-0.05684210164974555,6
5841,US-SRS,2016-07-21,US-SRS,Shrublands,31.817294,-110.850801,2.4,6.2000003,2.230667210519224,31.96817291666667,2.867354373833334,2.2440421458333333,-0.3456123126707333,-0.9383773917408642,-0.7158109860715584,0.18692488208030889,1.041752446390682,-0.3771454071100061,2,-0.7252925401995003,-0.8978146510647115,-0.5243257669504634,-0.06949401091220532,6
5842,US-SRS,2016-07-29,US-SRS,Shrublands,31.817294,-110.850801,1.8,6.4,2.9183197405246664,30.027268750000005,1.8886114921479171,2.057583708333333,-0.4711595076738639,-0.8820480249558535,-0.30629913894039434,0.23920476386043915,0.7656572812738569,-0.3062991389403944,2,-0.5790867947686278,-0.20744316091584092,-0.13236746113671422,-0.09214220288244075,6
5843,US-SRS,2016-08-06,US-SRS,Shrublands,31.817294,-110.850801,3.4,5.4,5.004684641246313,29.85741875,1.8600423490062497,2.1687625833333324,-0.5877852522924734,-0.8090169943749472,-0.336704268891056,0.17947039782546856,0.9620942554013308,-0.336704268891056,2,-0.21776075899982922,-0.5431418524727801,-0.24921019520055857,-0.08857248738281821,6
5844,US-SRS,2016-08-14,US-SRS,Shrublands,31.817294,-110.850801,2.9,5.4,3.83335484248364,29.13012291666667,2.3583780037666666,2.8797396041666667,-0.6932812268869771,-0.7206671495538615,-0.29342537399926877,0.31324462795767183,1.1671678450876934,-0.2934253739992687,2,-0.17162429878963775,-0.6492760268823693,-0.059375796325799285,-0.08857248738281821,6
5845,US-SRS,2016-08-22,US-SRS,Shrublands,31.817294,-110.850801,3.8,5.5,4.427451919444742,26.50857812500001,1.73650481273125,2.097334291666667,-0.7856498550787144,-0.6186714032625032,-0.4098420997713553,0.2170541229429504,0.845477976697909,-0.4098420997713552,2,-0.19259053018189407,-0.6266982357607487,-0.4102375333714231,-0.08857248738281821,6
5846,US-SRS,2016-08-30,US-SRS,Shrublands,31.817294,-110.850801,2.5,6.2000003,1.8180021213305713,30.42188541666668,2.7786639452708326,3.4564664583333338,-0.8631421280499115,-0.5049610547215202,-0.3238159798087878,0.27326611830871933,1.4277805059078674,0.3238159798087878,2,-0.20684954026335822,-0.6360973682718303,-0.12850103089117493,-0.3024571572417975,6
5847,US-SRS,2016-09-23,US-SRS,Shrublands,31.817294,-110.850801,1.5,4.2000003,0.8314635546522067,22.81188125000001,1.1129530569416666,2.7159616458333335,-0.9932568492674144,-0.1159345995955006,0.16455807262861177,0.09664979870896093,0.6534198487564894,-0.16455807262861177,2,0.06839844957956095,0.1635850681098048,0.26169070019646956,-0.04827411196376509,6
5848,US-SRS,2016-10-17,US-SRS,Shrublands,31.817294,-110.850801,1.6,4.8,0.8476965228658112,23.679866666666666,2.2386373390625,2.8172424375000005,-0.9562348265919058,0.2926003356333479,0.003016031142328975,0.10884405559294257,0.898586813044127,-0.0030160311423289565,2,-0.1109971567178249,0.01422117112830587,0.10582407901650595,-0.04827411196376509,6
5849,US-SRS,2016-10-25,US-SRS,Shrublands,31.817294,-110.850801,1.8,3.5,1.2941900308066463,23.62708541666667,1.4229036741437495,2.2485176458333327,-0.9070138128026362,0.4211008707960891,0.23057644796447152,0.06678275318650806,0.7880553318094148,-0.23057644796447152,2,0.2874174235088557,0.15702544116643516,0.24728647921812377,-0.042191786515224025,6
5850,US-SRS,2016-10-26,US-SRS,Shrublands,31.817294,-110.850801,1.1,3.6000001000000004,0.8953242832404703,26.177512499999995,2.1534098046875,2.499785895833333,-0.8996308696522434,0.4366512319560638,0.28397240769949156,0.05063810829439698,0.9695301677599772,-0.28397240769949156,2,0.2256676669149658,0.30929908688989083,0.31695046929361814,-0.04827411196376509,6
5851,US-SRS,2016-11-02,US-SRS,Shrublands,31.817294,-110.850801,1.0,3.1000001,0.4806415859048482,18.914227083333333,1.2993824909458336,1.9441605208333324,-0.8406184056344783,0.5416278206559811,-0.020115571985028946,0.026449875371756627,0.6224074582469735,0.020115571985028946,2,0.00726734386256192,-0.022092600902497372,-0.045521458915151386,-0.0335382260379464,6
5852,US-SRS,2016-11-10,US-SRS,Shrublands,31.817294,-110.850801,1.0,4.5,0.2648853660361714,17.436660416666665,1.150289610779167,5.193017083333332,-0.7583058084785625,0.6518989958787125,-0.3424482722268851,0.09344311759643015,0.7101455644039384,0.3424482722268851,2,-0.3795149029465611,-0.23615867565904095,-0.41167123807505324,-0.04827411196376509,6
5853,US-SRS,2016-11-11,US-SRS,Shrublands,31.817294,-110.850801,0.2,3.8,0.377638102307916,19.47815625,1.4278739141666663,4.103942916666665,-0.7469720876965551,0.6648553979642867,0.19177307005608904,0.16347212219475518,0.9137288057971936,0.16350313455974294,2,0.010350668825519799,0.3276237100083629,0.23734483133438447,-0.04827411196376509,6
5854,US-SRS,2016-12-04,US-SRS,Shrublands,31.817294,-110.850801,0.4,2.1000001,0.1790784061032251,10.616571249999998,0.7439268711250001,1.9963281458333328,-0.4327755925504317,0.9015016841318838,0.11608458815952376,0.17418609815316477,0.45603042537504324,-0.11608458815952374,2,0.31366549345246086,-0.015296295406794863,0.049884566432905314,0.01972063107082288,6
5855,US-SRS,2016-12-13,US-SRS,Shrublands,31.817294,-110.850801,0.2,2.3,0.1294871150180596,16.085083333333333,0.9559617939645836,2.39027375,-0.2884824328806098,0.9574851883550388,0.1975488787543387,0.1456986911657947,0.6757095627898073,-0.19754887875433869,2,0.3150663194846215,0.24305111441099383,0.03452920236740084,-0.027584572772200066,6
5856,US-SRS,2017-01-05,US-SRS,Shrublands,31.817294,-110.850801,0.5,2.5,0.6340567555600609,15.260375833333333,0.8025954337458335,2.8096576875,0.0859647987374464,0.9962981749346078,0.17323170296173404,0.17750465075480723,0.6267461663966469,0.09488180815838779,2,0.1406916448744133,0.36475514710576107,0.014248316905027675,-0.027584572772200066,6
5857,US-SRS,2017-01-29,US-SRS,Shrublands,31.817294,-110.850801,0.4,3.9,0.8125119108933231,14.747693750000003,1.33843476331875,5.159205520833333,0.4787338401157884,0.8779600847008882,-0.23922204454269944,0.24921583895329613,1.0628685728294105,-0.23922204454269946,2,-0.3907884924838923,0.048408396258948355,-0.37528603740315436,-0.04827411196376509,6
5858,US-SRS,2017-02-22,US-SRS,Shrublands,31.817294,-110.850801,0.8,2.1000001,0.5743532039175774,19.085385416666664,1.4049223638291668,2.6323811875,0.7909456567567772,0.6118864012687243,0.33108403337449505,0.04044665688111677,1.0499407983610693,-0.3310840333744951,2,0.2894293645955325,0.33361933453786985,0.37020340099008275,-0.027584572772200066,6
5859,US-SRS,2017-03-02,US-SRS,Shrublands,31.817294,-110.850801,1.1,4.7000003,0.4546114699837367,16.497528125000002,1.440984273475,3.56146025,0.8674563547295968,0.4975132889071806,-0.005790967587428465,0.14387415121152,0.7412814624797772,0.005790967587428475,2,-0.06754829200461088,0.1586515222372448,-0.10847613299491932,-0.04827411196376509,6
5860,US-SRS,2017-03-10,US-SRS,Shrublands,31.817294,-110.850801,0.9,5.4,0.5606003245122615,22.11650520833333,2.200749977708333,2.5025143958333333,0.9275416835791966,0.373719714790469,0.16905499567607452,0.1549044082684313,0.9862991176742923,-0.16905499567607452,2,0.33033490882132444,0.021430205649239004,0.15539987255766005,-0.05487047045565391,6
5861,US-SRS,2017-03-18,US-SRS,Shrublands,31.817294,-110.850801,1.5,6.4,0.5819593534109546,24.0357875,2.42646910975,2.7970006249999995,0.970063921851507,0.2428497220959356,0.020568538041399187,0.22869521239594717,1.300877015159821,-0.02056853804139913,2,0.2683782704495288,-0.1823569113399986,-0.02431574498533262,-0.10527527237844611,6
5862,US-SRS,2017-04-03,US-SRS,Shrublands,31.817294,-110.850801,2.3,6.2000003,0.5508866283314925,18.434966666666664,1.5576694708708332,4.528978729166665,0.9995462806873572,-0.0301203048469081,-0.4843568658148474,0.16255609312371175,0.9886428405878849,0.4843568658148474,2,-0.38066377848925687,-0.40070325766108394,-0.6717035612942013,-0.0694776841986779,6
5863,US-SRS,2017-04-11,US-SRS,Shrublands,31.817294,-110.850801,2.1,7.0,0.4381438122986302,21.71008125,2.3497498225,2.622794729166667,0.9859481499638304,-0.1670516255021192,-0.21060840070000383,0.023656129082015503,1.012156544442872,0.21060840070000375,2,-0.18559693611170602,-0.21360453665644083,-0.23262372933186462,-0.0980958561481871,6
5864,US-SRS,2017-04-19,US-SRS,Shrublands,31.817294,-110.850801,1.9,6.9,0.3526456143415969,23.174346875,2.245886993352083,2.2573977291666667,0.9536809966304456,-0.3008198076356673,-0.1069357221837538,0.08635497700736366,0.8542549509944983,0.10693572218375369,2,-0.09595020733646098,-0.1982577922086161,-0.02659916700618431,-0.09214220288244075,6
5865,US-SRS,2017-04-20,US-SRS,Shrublands,31.817294,-110.850801,1.0,7.1,0.4676767893077848,21.4990875,2.168587163260417,2.501281270833334,0.9483615800121716,-0.3171912885891061,-0.012764923600480408,0.21624483590321944,0.6512548927414252,0.012764923600480427,2,0.020517261351856303,-0.24372132392564294,0.1849092917723454,-0.07753498913941685,6
5866,US-SRS,2017-05-05,US-SRS,Shrublands,31.817294,-110.850801,1.8,8.6,0.4230662185628734,29.88736458333333,3.5880697511458344,2.6870331666666663,0.835925479418637,-0.548842958284719,-0.36677643342222815,0.12044304194544361,1.2298157634220843,0.3667764334222281,2,-0.25908486775529604,-0.4968352162374921,-0.34440921627389637,-0.142680888189583,6
5867,US-SRS,2017-05-06,US-SRS,Shrublands,31.817294,-110.850801,1.1,8.7,0.7343916381529485,26.08505,2.7021686864791667,4.2214950625,0.8263541987239096,-0.5631507242749186,-0.0010015609122748885,0.0457549235653155,0.773775104180697,0.0010015609122748792,2,0.012728302130881136,-0.05204942099319579,0.03631643612548999,-0.1280736744465591,6
5868,US-SRS,2017-05-21,US-SRS,Shrublands,31.817294,-110.850801,1.7,7.6,0.5415137429098262,25.929304166666668,2.995891068708332,2.5630486041666667,0.6551563572090853,-0.7554933140726803,-0.29198026698865837,0.05339653300219148,0.9764006112245591,0.2919802669886584,2,-0.3533534144979864,-0.2664115355774848,-0.256175850890504,-0.10254387677394267,6
5869,US-SRS,2017-05-29,US-SRS,Shrublands,31.817294,-110.850801,2.5,7.2000003,0.5782561146357521,27.83970416666667,3.3915089401875007,2.665374958333333,0.545240438540651,-0.8382797052177743,-0.6157797336601877,0.18761854420981275,1.3547979827547312,0.6157797336601876,2,-0.8315149078617033,-0.5250722482663169,-0.49075204485254265,-0.13224423991072676,6
5870,US-SRS,2017-06-06,US-SRS,Shrublands,31.817294,-110.850801,1.4,8.400001,0.460071069271682,30.73724583333333,3.55735142825,2.218596479166666,0.4250003399695541,-0.9051931898913974,-0.46255439784550995,0.1557557270314913,0.8614981463947078,0.46255439784550995,2,-0.48906550580722885,-0.603353111475418,-0.2952445762538829,-0.1280736744465591,6
5871,US-SRS,2017-06-07,US-SRS,Shrublands,31.817294,-110.850801,3.9,7.9,1.0470304319425865,29.83551458333333,3.1354566594375,2.9637854375,0.4093559588156213,-0.9123747579707272,-0.9087671666858818,0.28983821115177977,1.4404872580175412,0.9087671666858816,2,-1.2415203257373018,-0.773417833245491,-0.7113633410748526,-0.2829607045887717,6
5872,US-SRS,2017-06-14,US-SRS,Shrublands,31.817294,-110.850801,1.9,8.1,0.3585327696638447,27.559592708333337,3.471910585270834,2.413086541666667,0.2967128192734907,-0.9549667548552552,-0.6527004880582842,0.23492766169243753,1.0074821121330504,0.6527004880582842,2,-0.874880187848637,-0.6763998883987179,-0.4068213879274977,-0.11699902814751721,6
5873,US-SRS,2017-07-08,US-SRS,Shrublands,31.817294,-110.850801,1.4,7.4,0.2892530058877168,33.546543750000005,3.495096782010417,3.0786162708333347,-0.1116590071216944,-0.993746580436178,-0.16639629325085661,0.13358965665107533,0.9176383130834977,0.1663962932508566,2,-0.2671760399522474,-0.21714384301967135,-0.014868996780651067,-0.07753498913941685,6
5874,US-SRS,2017-07-09,US-SRS,Shrublands,31.817294,-110.850801,1.9,6.3,1.3779855707731188,29.80963958333334,2.0682805707520835,2.0350949375000007,-0.1287481774525806,-0.99167731989929,-0.42749260245257076,0.17310866797488533,0.8261929046511229,0.42749260245257076,2,-0.5580988099004089,-0.4932357686492729,-0.23114322880803062,-0.09214220288244075,6
5875,US-SRS,2017-07-16,US-SRS,Shrublands,31.817294,-110.850801,1.6,4.0,3.517424316213202,26.024781249999997,0.7962932898749996,1.804961125,-0.2470221804809352,-0.9690098257244064,0.6659663901761246,0.06448997893947706,1.033746165097957,0.6659663901761246,2,0.7364431456561661,0.6099018849427598,0.6515541399294478,0.0072250419524945335,6
5876,US-SRS,2017-08-09,US-SRS,Shrublands,31.817294,-110.850801,3.2,6.2000003,2.7067040709482257,30.34517916666667,2.350214621083333,2.029356166666667,-0.6152845999633277,-0.7883050558305253,-0.7689214974467552,0.15652649918793946,0.980501035875729,0.21767036065679368,2,-0.6900401819341918,-0.9491948520290496,-0.6675294583770245,-0.08858881409634563,6
5877,US-SRS,2017-08-17,US-SRS,Shrublands,31.817294,-110.850801,2.9,6.2000003,2.753535126024264,27.868037500000003,2.682434304812499,2.3072195625000003,-0.7176769136759615,-0.6963762255968726,-0.8370030823338022,0.2545542868993454,1.039788555956977,-0.5440733343823307,2,-0.7721179794996438,-1.1177203355460599,-0.621170931955703,-0.08858881409634563,6
5878,US-SRS,2017-08-26,US-SRS,Shrublands,31.817294,-110.850801,1.8,5.0,4.08820609627922,30.33415416666667,2.403739395408333,2.42838025,-0.8165380514459157,-0.5772916165517278,-0.04166720362523033,0.2041517563910708,1.0706198877122557,-0.041667203625230353,2,0.023776663341894516,-0.27051604715647354,0.12173777293888802,-0.06288132570678902,6
5879,US-SRS,2017-09-18,US-SRS,Shrublands,31.817294,-110.850801,2.0,6.1,0.8918796572189382,27.67616041666667,2.252890011445833,2.4319670625,-0.9760105506323682,-0.2177232303965322,-0.2053184740765075,0.12193381241349098,0.812389362349694,0.2053184740765075,2,-0.3157252731835486,-0.22578282619363937,-0.07444732285233463,-0.0694776841986779,6
5880,US-SRS,2017-09-26,US-SRS,Shrublands,31.817294,-110.850801,1.7,5.3,0.7070263869704281,21.891025,2.108458310458333,2.4340748125,-0.99665890175417,-0.0816763953304228,-0.2931374398330317,0.18442873127505782,0.8161726858049875,0.29313743983303175,2,-0.3588638880209643,-0.43569936338379944,-0.08484906809433132,-0.06288132570678902,6
5881,US-SRS,2017-10-04,US-SRS,Shrublands,31.817294,-110.850801,1.2,5.4,0.5895333319324952,27.854516666666665,2.474623245166667,1.952363333333334,-0.9984354211555644,0.055916990100603,-0.034771343926741506,0.1342126366708116,0.8180205910755494,0.03477134392674153,2,-0.18973437148192251,0.04440631557879868,0.04101402412289931,-0.05487047045565391,6
5882,US-SRS,2017-10-12,US-SRS,Shrublands,31.817294,-110.850801,1.2,5.2000003,0.4787838924234556,26.33876041666667,2.117813389166667,2.5991150416666677,-0.9813064702716092,0.1924515819708299,0.11915082877798182,0.16343654591792273,0.7286635483184755,-0.11915082877798178,2,-0.06668947145901832,0.24051463631685419,0.18362732147610958,-0.04827411196376509,6
5883,US-SRS,2017-10-13,US-SRS,Shrublands,31.817294,-110.850801,1.0,4.7000003,0.3327068013732682,25.73276666666667,2.392169175083333,2.5119149375000007,-0.9778483415056568,0.2093146459630488,0.13865870242310577,0.0725247451034649,0.7420606884461578,-0.13865870242310574,2,0.055808313289806594,0.19065264420350933,0.16951514977600138,-0.04827411196376509,6
5884,US-SRS,2017-10-28,US-SRS,Shrublands,31.817294,-110.850801,1.1,4.0,0.4588658779325664,22.43326041666667,2.1654081321875,2.354397083333334,-0.8919813464595487,0.4520722039323037,0.05842628530396544,0.036878731577151845,0.7742006977679234,-0.05842628530396543,2,0.06480355140661018,0.018774812257222245,0.0917004922480639,-0.05422776522951142,6
5885,US-SRS,2017-10-29,US-SRS,Shrublands,31.817294,-110.850801,0.8,5.2000003,0.4503074426845758,24.08152291666666,2.3165778899375007,2.412561625,-0.8840675099433637,0.467359217158002,0.12491768974110067,0.02373854681013451,0.7026251868875233,-0.12491768974110068,2,0.13355172629282766,0.14313084377426596,0.09807049915620833,-0.05422776522951142,6
5886,US-SRS,2017-11-05,US-SRS,Shrublands,31.817294,-110.850801,0.8,3.4,0.4334925454579476,19.83081458333333,1.180529721870833,2.043391520833334,-0.8214765533024145,0.5702422926917867,0.080836850320972,0.030336890178298923,0.5681072476684882,-0.08083685032097199,2,0.10835155629314006,0.08585534943643117,0.048303645233344766,-0.0335382260379464,6
5887,US-SRS,2018-01-16,US-SRS,Shrublands,31.817294,-110.850801,0.2,3.3,0.2117251435156849,16.12505416666666,1.30718194221875,3.224478,0.2719581575341055,0.9623090774541486,0.2359930847352837,0.09575308809544104,0.8569858275177283,-0.21254279770391393,2,0.13447377081596654,0.32468723201479033,0.24881825137509414,-0.027584572772200066,6
5888,US-SRS,2018-01-17,US-SRS,Shrublands,31.817294,-110.850801,0.3,3.3,0.2219400348229547,14.044776875000004,1.1610480331062505,2.499424958333333,0.288482432880609,0.9574851883550392,0.11422437042386928,0.05205194557915663,0.6528447049097611,-0.11422437042386929,2,0.05856766108231373,0.1617035028789406,0.1224019473103535,-0.027584572772200066,6
5889,US-SRS,2018-01-24,US-SRS,Shrublands,31.817294,-110.850801,0.3,5.0,0.5417147801617078,15.271216666666668,1.480802945291667,5.040351333333334,0.401487989205973,0.9158642882672872,-0.3990038609344,0.2066014319462215,1.3516016232989565,-0.39900386093440005,2,-0.6283862332469259,-0.2275504766491225,-0.3410748729071516,-0.08837614899205103,6
5890,US-SRS,2018-02-01,US-SRS,Shrublands,31.817294,-110.850801,0.3,3.9,0.2408954546536357,17.517395833333328,1.7258825192020837,2.299256770833334,0.5234156073655503,0.8520775211013093,0.19442561505467756,0.03408857980797904,0.7124807628713702,-0.19442561505467754,2,0.1879775505203227,0.16402156201885934,0.23127773262485066,-0.05422776522951142,6
5891,US-SRS,2018-02-02,US-SRS,Shrublands,31.817294,-110.850801,0.2,3.6000001000000004,0.1173360278616111,17.574925000000004,1.6366944099791665,2.358393916666666,0.5380051715382996,0.8429415373547828,0.2322270478922058,0.038510247130631135,0.7251913915202106,-0.2322270478922058,2,0.18950181023743454,0.2429147107679365,0.2642646226712463,-0.05422776522951142,6
5892,US-SRS,2018-02-09,US-SRS,Shrublands,31.817294,-110.850801,0.5,4.1,0.2202602629786202,18.503622916666664,1.7970654188708333,2.6903112083333336,0.6354323008901774,0.7721565844991642,0.19960584437869025,0.019914425112482283,0.7981793373790754,-0.19960584437869022,2,0.22172950020857743,0.19397469018817434,0.18311334273931898,-0.05422776522951142,6
5893,US-SRS,2018-02-25,US-SRS,Shrublands,31.817294,-110.850801,1.2,2.7,0.8228930797982974,8.316984999999999,0.7511901862999998,1.913397166666667,0.8214765533024142,0.5702422926917871,-0.0038707540983846933,0.13389985398135562,0.5476529164438759,0.0038707540983846656,2,0.14334836111909358,-0.1183957120126995,-0.03656491140154816,-0.027584572772200066,6
5894,US-SRS,2018-03-13,US-SRS,Shrublands,31.817294,-110.850801,1.2,4.5,0.6707870345372944,20.65949166666667,1.5584654688708337,1.6926565624999996,0.9455963874271426,0.3253420847119801,0.2522486349555451,0.11453821176385862,0.7942279749233789,-0.25224863495554506,2,0.20169339141725887,0.3833663600275051,0.1716861534218714,-0.04827411196376509,6
5895,US-SRS,2018-03-29,US-SRS,Shrublands,31.817294,-110.850801,1.2,5.2000003,0.547994489695666,17.914370833333336,1.67200695850625,2.389560625,0.9984354211555644,0.0559169901006034,0.1002572195896606,0.0605150765150852,0.6274579954819648,-0.1002572195896606,2,0.031754179596850424,0.12256827814463875,0.14644920102749262,-0.04827411196376509,6
5896,US-SRS,2018-04-06,US-SRS,Shrublands,31.817294,-110.850801,1.4,7.2000003,0.6533379985591027,23.096710416666664,2.2420972886875,3.1547417291666666,0.9966589017541702,-0.0816763953304224,-0.017822776881704767,0.1678278911526265,0.9957684252460028,0.01782277688170475,2,0.03143597506728099,-0.20476784084124444,0.11986353512884915,-0.07753498913941685,6
5897,US-SRS,2018-04-23,US-SRS,Shrublands,31.817294,-110.850801,1.2,6.6,0.8903135629840849,23.670648958333334,2.401711912625,2.1796639583333333,0.9307239310379796,-0.3657225234972689,0.020943003298664442,0.15438620128232453,0.7081108491131689,-0.020943003298664442,2,0.06254474647843103,-0.14998138533531818,0.15026564875288048,-0.07753498913941685,6
5898,US-SRS,2018-05-08,US-SRS,Shrublands,31.817294,-110.850801,1.5,7.9,0.7738043632360944,28.60699479166667,3.476101626791667,2.4220515104166664,0.8064799463209448,-0.5912614448635781,-0.2721373369999858,0.07207137074377845,1.0353522190485465,0.2721373369999858,2,-0.22937631002364484,-0.35534748262222005,-0.23168821835409265,-0.10239181440449324,6
5899,US-SRS,2018-05-09,US-SRS,Shrublands,31.817294,-110.850801,1.7,7.8,0.8613652584930072,28.19762708333333,3.4554645065416665,2.1912330208333337,0.7961828637826158,-0.6050560696488488,-0.399696397548972,0.10242363194607942,1.063861162938321,0.399696397548972,2,-0.36148608950714667,-0.5157323498258444,-0.321870753313925,-0.11699902814751721,6
5900,US-SRS,2018-05-16,US-SRS,Shrublands,31.817294,-110.850801,1.9,7.5,0.7802978648076221,26.343493749999997,3.0014922767291665,2.3674449166666665,0.717676913675962,-0.6963762255968722,-0.3505298240645522,0.0869544645413949,0.9886880803366394,0.35052982406455224,2,-0.44091573147311103,-0.34320334247122164,-0.26747039824932384,-0.10254387677394267,6
5901,US-SRS,2018-06-01,US-SRS,Shrublands,31.817294,-110.850801,1.6,7.8,0.6391855370625171,27.33422916666667,3.2000020464791654,2.770388708333334,0.5012418134457758,-0.865307254363206,-0.2830765883409223,0.05048607449053681,1.0264751190385772,0.2830765883409223,2,-0.341316674660159,-0.25174002163982706,-0.25617306872278073,-0.10239181440449324,6
5902,US-SRS,2018-06-09,US-SRS,Shrublands,31.817294,-110.850801,1.7,8.5,0.6525252896194486,30.58567916666667,3.115906287833333,2.744465208333333,0.3777079652039649,-0.9259247771938498,-0.3523552057975811,0.09960696281740891,1.0112280528251216,0.3523552057975812,2,-0.33271062732195267,-0.4603208338011763,-0.2640341562696144,-0.142680888189583,6
5903,US-SRS,2018-06-10,US-SRS,Shrublands,31.817294,-110.850801,1.1,9.8,0.940345035529796,30.765625000000004,3.5127147858125016,3.264389166666668,0.3617137307297676,-0.9322892131745132,-0.19673290566016308,0.07813118722487895,0.8140261720718257,0.12257702328024514,2,-0.13276861410910726,-0.28381413919536025,-0.17361596367602172,-0.1280736744465591,6
5904,US-SRS,2018-06-17,US-SRS,Shrublands,31.817294,-110.850801,1.7,7.2000003,4.074965852706386,26.24728333333334,2.0332465763041667,2.575587895833333,0.2470221804809355,-0.9690098257244062,-0.10233689503795795,0.1796771438739619,0.9074916295902454,-0.10233689503795773,2,-0.05407956918364101,-0.30121480376247917,0.048283687832246375,-0.09214220288244075,6
5905,US-SRS,2018-06-25,US-SRS,Shrublands,31.817294,-110.850801,2.9,8.0,2.1602134854756354,29.86188958333333,2.9804820574583326,2.090576875,0.1116590071216951,-0.993746580436178,-1.160571599015716,0.11830737435107541,0.8067962807525175,0.31900143003301307,2,-1.2371833598849642,-1.2202178160483252,-1.0243136211138588,-0.27623833783263196,6
5906,US-SRS,2018-07-03,US-SRS,Shrublands,31.817294,-110.850801,2.1,8.3,1.556826252607956,31.27271875,3.5247052752499997,2.240780791666667,-0.0258184402271323,-0.9996666485105112,-0.8734509798198359,0.2796830235388728,0.8217326353132144,0.21289651496425244,2,-1.045276426928062,-1.0243495850707216,-0.5507269274607238,-0.1603168993996174,6
5907,US-SRS,2018-07-19,US-SRS,Shrublands,31.817294,-110.850801,3.7,6.4,3.013566773512208,29.472991666666665,1.2936725722583335,1.3621516041666666,-0.2967128192734901,-0.9549667548552552,-0.5189459934068147,0.23999577034730524,0.6861992826033461,0.5189459934068147,2,-0.4891031336932973,-0.7724675543986713,-0.2952672921284753,-0.11123700606658107,6
5908,US-SRS,2018-07-27,US-SRS,Shrublands,31.817294,-110.850801,2.8,5.6,2.5111783710332607,32.01673541666666,2.8144834885812493,2.6229300625000005,-0.4250003399695539,-0.9051931898913976,-0.5971967638023122,0.24607675302859705,1.3285998020554652,-0.019553505868833976,2,-0.5703302207278185,-0.855604340172774,-0.36565573050634403,-0.1095797212269638,6
5909,US-SRS,2018-08-04,US-SRS,Shrublands,31.817294,-110.850801,3.8,7.2000003,3.3002534741772624,32.4055875,2.9706581252708326,2.0036188750000004,-0.5452404385406507,-0.8382797052177745,-1.2400656562591779,0.2834878262795388,1.0886809653395049,-0.2405726046137031,2,-1.1306635518555892,-1.5619534078169612,-1.0275800091049831,-0.23740765324561938,6
5910,US-SRS,2018-08-13,US-SRS,Shrublands,31.817294,-110.850801,3.7,6.0,4.415452649495594,27.903295833333345,1.554332149777083,1.6151729166666668,-0.6680638642135333,-0.7441039398713608,-0.46250042640380595,0.15503697418609255,0.7712937264825745,-0.46250042640380595,2,-0.42169018109918327,-0.6338603643930635,-0.33195073371917116,-0.08857248738281821,6
5911,US-SRS,2018-08-20,US-SRS,Shrublands,31.817294,-110.850801,3.7,6.8,3.2699910741244427,30.73616041666667,2.0873588777479166,2.138297520833333,-0.7526668275320083,-0.6584015846980489,-0.5854257474745359,0.20322086329433095,0.8391326882779117,0.2745921042765791,2,-0.49325639803307764,-0.8183989653051811,-0.4446218790853492,-0.11123700606658107,6
5912,US-SRS,2018-09-13,US-SRS,Shrublands,31.817294,-110.850801,2.5,5.9,1.3112809530944909,29.24886875,3.038454345604165,2.0479076875000004,-0.9536809966304456,-0.300819807635668,-0.8153159132705889,0.25289100355570987,0.9971964803626617,0.8153159132705889,2,-0.7031930742309264,-1.1048836740398142,-0.6378709915410259,-0.06949401091220532,6
5913,US-SRS,2018-09-14,US-SRS,Shrublands,31.817294,-110.850801,2.0,5.6,0.9940851709877814,30.424439583333324,3.3634312383750005,2.1151453958333333,-0.9587178169872964,-0.2843591872810036,-0.6647542995526896,0.2607362369839924,1.0831483285162213,0.6647542995526896,2,-0.5680335065063983,-0.9600300690701975,-0.4661993230814731,-0.0694776841986779,6
5914,US-SRS,2018-09-21,US-SRS,Shrublands,31.817294,-110.850801,2.6,5.1,2.682566896313451,26.06106250000001,1.5385941026791672,2.1650120625,-0.9859481499638304,-0.1670516255021195,-0.001093830621631579,0.23977658009223746,0.7444916873014877,-0.0010938306216315835,2,-0.12388767839866631,-0.15460167999748814,0.2752078665312597,-0.06288132570678902,6
5915,US-SRS,2018-09-29,US-SRS,Shrublands,31.817294,-110.850801,2.7,5.4,2.3076501406845944,27.51740625,2.309368955125,1.8933244374999996,-0.9995462806873572,-0.0301203048469083,-0.31302277276837137,0.31548705292948503,0.8211628258555942,0.31302277276837137,2,-0.3672140028231996,-0.5979040214744563,0.026049705992541722,-0.0694776841986779,6
5916,US-SRS,2018-10-07,US-SRS,Shrublands,31.817294,-110.850801,1.2,3.2,0.8215415590608369,18.674124999999997,0.8298427200645836,3.5979353125000006,-0.994217906893952,0.107381346664163,0.12856543880125168,0.2536641420607486,0.714993312841453,-0.1285654388012517,2,0.2978742245697352,0.25090476143421336,-0.16308266960019355,-0.027584572772200066,6
5917,US-SRS,2018-11-08,US-SRS,Shrublands,31.817294,-110.850801,1.1,3.4,1.0529029781130923,18.096810416666663,1.3700087202750002,2.673630020833334,-0.7909456567567774,0.6118864012687242,0.0448465081155123,0.06179206450273948,0.7447943232059359,-0.0448465081155123,2,0.10578738189226408,0.0465150921052718,-0.017762949650998977,-0.027584572772200066,6
5918,US-SRS,2018-11-16,US-SRS,Shrublands,31.817294,-110.850801,0.7,3.2,0.7526504956505632,15.42362604166667,1.3427436805937498,2.2327238125,-0.6994583270516471,0.7146733860429608,-0.10310010515038241,0.005437199671546635,0.672619258631609,-0.10310010515038243,2,-0.10664181386490793,-0.09683977812872382,-0.10581872345751547,-0.0335382260379464,6
6297,US-Sne,2016-05-26,US-Sne,Wetland/Riparian,38.0369,-121.7547,5.1,6.8,4.043187861296413,20.111645625000005,0.7565394416666668,3.6306431666666654,0.5737722679043246,-0.8190148866680801,-0.7887001940894138,0.35031535396590663,0.9912740586158589,0.7887001940894138,1,-1.1371976856420671,-0.43659484593243414,-0.79230805069374,-0.12069568021510844,6
6298,US-Sne,2016-06-11,US-Sne,Wetland/Riparian,38.0369,-121.7547,4.7,7.8,5.072164154829358,23.50318935416667,1.6230599187499992,3.9787795625000015,0.3294084822245304,-0.9441875088341992,-0.8964732165749054,0.11699476869332756,1.0921544100017846,-0.8964732165749054,1,-1.0003523382484572,-0.9193308613132967,-0.7697364501629625,-0.18707556434848138,6
6299,US-Sne,2016-06-19,US-Sne,Wetland/Riparian,38.0369,-121.7547,4.8,7.7000003,5.0336045905922155,24.018301999999995,1.5857894229166665,3.343068458333333,0.1966728897935764,-0.980469160361632,-0.7993722461809677,0.1398762007433315,1.1164669002727883,-0.7993722461809676,1,-0.8390597584271883,-0.9151162017546347,-0.6439407783610804,-0.18707556434848138,6
6300,US-Sne,2016-06-27,US-Sne,Wetland/Riparian,38.0369,-121.7547,5.4,9.3,6.330648355951262,26.9732765625,1.813639625,5.166457458333333,0.060213277365793,-0.9981855344718586,-1.5333485906546922,0.03259147742301888,0.8607731380860123,-1.5333485906546924,1,-1.5002036875620868,-1.534485176502839,-1.5653569078991505,-0.8974032362218993,6
6301,US-Sne,2016-07-05,US-Sne,Wetland/Riparian,38.0369,-121.7547,5.9,7.2000003,4.133464611964966,21.05503802083333,0.6923462250000002,6.088004895833333,-0.0773864792334632,-0.9970011699250152,-0.4117707272966264,0.18302570860189318,1.368446936525793,0.41177072729662645,1,-0.3639397778472122,-0.25740956245433694,-0.61396284158833,-0.2973698769042236,6
6302,US-Sne,2016-07-13,US-Sne,Wetland/Riparian,38.0369,-121.7547,4.7,9.0,5.982878206664783,25.86075687500001,1.5987525333333334,3.832402520833333,-0.2135209154397959,-0.9769384927771816,-1.2275135170472296,0.12738212642963942,0.9226011246786248,-1.2275135170472296,1,-1.3649760781546671,-1.204105953839671,-1.1134585191473505,-0.32946939742105813,6
6303,US-Sne,2016-07-21,US-Sne,Wetland/Riparian,38.0369,-121.7547,4.7,7.7000003,4.971148786689397,22.37615154166667,1.018699716666667,5.411739937500001,-0.3456123126707333,-0.9383773917408642,-0.5496384752801643,0.18737982226885683,1.2239920780778384,-0.5496384752801643,1,-0.7306493856518299,-0.35648076469619616,-0.5617852754924667,-0.1360938313316575,6
6304,US-Sne,2016-07-29,US-Sne,Wetland/Riparian,38.0369,-121.7547,5.6,9.900001,5.538728758123457,25.264887437500004,1.2678464520833332,5.410085770833334,-0.4711595076738639,-0.8820480249558535,-1.767198009647009,0.19343891395367138,1.4116619787550952,-1.6446555258939242,1,-1.8382081089625024,-1.5482896127515997,-1.9150963072269254,-1.558994920854094,6
6305,US-Sne,2016-08-06,US-Sne,Wetland/Riparian,38.0369,-121.7547,5.1,6.8,4.412387587158869,21.81320585416667,0.7286131416666667,4.851281645833333,-0.5877852522924734,-0.8090169943749472,-0.4046816866232743,0.0526292074719605,1.18324564445187,0.4046816866232743,1,-0.3439607138238589,-0.4371766696489239,-0.43290767639704003,-0.11123700606658107,6
6306,US-Sne,2016-08-14,US-Sne,Wetland/Riparian,38.0369,-121.7547,5.4,8.3,5.15245448425409,24.216087770833337,1.0909271625,5.776717124999999,-0.6932812268869771,-0.7206671495538615,-1.302373704867901,0.20843954247380697,1.5875590921521783,-0.8072826733760798,1,-1.2755929971117665,-1.1086188484809214,-1.5229092690110146,-0.29839039107206183,6
6307,US-Sne,2016-08-22,US-Sne,Wetland/Riparian,38.0369,-121.7547,4.4,6.5,3.648261208442954,21.99417427083333,0.7080995812499999,6.366393729166666,-0.7856498550787144,-0.6186714032625032,-0.3389303850020618,0.5507141543213159,1.298157448692808,0.3389303850020618,1,0.2290716606910203,-0.37531005005368756,-0.8705527656435181,0.28129183098590765,6
6308,US-Sne,2016-08-30,US-Sne,Wetland/Riparian,38.0369,-121.7547,4.7,7.3,4.690163045300593,24.54959841666667,1.21950631875,4.638988729166665,-0.8631421280499115,-0.5049610547215202,-1.258456133639182,0.12814735104145666,1.2215181977878347,-1.238782224240367,1,-1.2435705831475663,-1.3933961985379995,-1.1384016192319797,-0.23740765324561938,6
6309,US-Sne,2016-09-07,US-Sne,Wetland/Riparian,38.0369,-121.7547,3.6,7.1,4.500670197367066,25.98248502083333,1.7682001770833329,2.283597729166667,-0.9242907221930934,-0.3816892202666586,-1.252815851825033,0.09239043753825434,0.9770146641610437,-1.2528158518250332,1,-1.161283033116377,-1.3460406668936948,-1.251123855465027,-0.23740765324561938,6
6310,US-Sne,2016-09-15,US-Sne,Wetland/Riparian,38.0369,-121.7547,3.6,5.8,3.8358710175094486,22.26439633333333,0.9562411395833332,4.444184770833334,-0.9679377830240642,-0.2511900638848195,-0.5176424256702975,0.26615875570473924,0.9747562660140956,-0.5176424256702975,1,-0.32583896282781283,-0.8215082332429722,-0.4055800809401075,-0.08857248738281821,6
6311,US-Sne,2016-09-23,US-Sne,Wetland/Riparian,38.0369,-121.7547,3.0,5.7000003,3.9169134919145217,21.263415124999987,1.0539426937500005,3.7396078124999983,-0.9932568492674144,-0.1159345995955006,-0.5583801637175866,0.2652351294141123,0.917562906677367,-0.5583801637175867,1,-0.49694493160767733,-0.8489418831634438,-0.3292536763816385,-0.08857248738281821,6
6312,US-Sne,2016-10-01,US-Sne,Wetland/Riparian,38.0369,-121.7547,3.0,4.9,3.13215128199784,19.739273020833338,0.9144414104166664,4.462521208333333,-0.9997685019798908,0.0215160974362222,-0.514862884956721,0.3178677163113493,0.940810851691297,-0.514862884956721,1,-0.20773580611234113,-0.8424798735069905,-0.4943729752508313,-0.08197612889092933,6
6313,US-Sne,2016-10-09,US-Sne,Wetland/Riparian,38.0369,-121.7547,2.8,4.8,2.8630838220923778,21.83596056249999,1.27478698125,1.880171458333333,-0.9873494423939864,0.1585593851031347,-0.7018318675714914,0.06177079508231364,0.8283443289154903,-0.7018318675714914,1,-0.7415846919968692,-0.7332430351199397,-0.6306678755976655,-0.06021814669782592,6
6314,US-Sne,2016-10-17,US-Sne,Wetland/Riparian,38.0369,-121.7547,2.0,2.6000001,2.8491124614330423,21.0187093125,0.5603773020833335,2.7569845416666667,-0.9562348265919058,0.2926003356333479,-0.025396153763411245,0.2957715219632924,0.8065874799734185,-0.0253961537634112,1,-0.0472682835559268,0.28070427324019326,-0.3096244509745002,-0.042191786515224025,6
6315,US-Sne,2016-11-02,US-Sne,Wetland/Riparian,38.0369,-121.7547,0.7,1.8000001,1.5803838159102075,19.585597020833333,0.3817753,1.1768319999999997,-0.8406184056344783,0.5416278206559811,0.3558745573015392,0.18775619363747176,0.8689962049193495,0.35587455730153916,1,0.2248812824296561,0.2717618377340292,0.5709805517409324,-0.027584572772200066,6
6316,US-Sne,2016-11-18,US-Sne,Wetland/Riparian,38.0369,-121.7547,1.5,2.2,1.0961625002549062,15.270393083333332,0.3653629520833335,1.6327508958333332,-0.661634618242279,0.749826401204568,0.19177378192049263,0.11859608038184183,0.6432676808532334,-0.19177378192049266,1,0.07557112857506998,0.1871237118075631,0.31262650537884484,-0.027584572772200066,6
6317,US-Sne,2017-02-14,US-Sne,Wetland/Riparian,38.0369,-121.7547,2.2,1.4,1.039756320866494,15.496785020833334,0.3585250854166668,1.0462779166666667,0.6994583270516471,0.7146733860429609,-0.08335915051615567,0.41724155385343914,1.027905305038534,0.08335915051615572,1,0.1486387390979172,-0.5650399907910901,0.16632380014470594,-0.143054812989528,6
6318,US-Sne,2017-03-02,US-Sne,Wetland/Riparian,38.0369,-121.7547,2.6,2.6000001,1.6344916291560283,14.193259770833327,0.4443527229166668,1.00114225,0.8674563547295968,0.4975132889071806,-0.24596538093164885,0.06883012357519058,0.8088880087177127,0.24596538093164888,1,-0.2575509115137101,-0.3082675311793359,-0.1720777001019005,-0.042191786515224025,6
6319,US-Sne,2017-04-03,US-Sne,Wetland/Riparian,38.0369,-121.7547,5.3,5.1,6.531837440895465,19.759665604166663,1.075219075,4.9532647916666654,0.9995462806873572,-0.0301203048469081,-2.1880590963916915,0.32293693560132863,1.4254929194278314,-2.1880590963916915,1,-1.8509306868737951,-2.218613913797725,-2.4946326885035544,-1.3856778851912375,6
6320,US-Sne,2017-04-19,US-Sne,Wetland/Riparian,38.0369,-121.7547,4.8,4.2000003,4.429118408768828,18.5804001875,0.5900413729166667,3.006843562499999,0.9536809966304456,-0.3008198076356673,-1.9630921943635664,0.22070885710870447,0.8388346427952896,-1.221329011901222,1,-1.7162236403285238,-2.141338307490782,-2.0317146352713933,-0.986949033276971,6
6321,US-Sne,2017-04-27,US-Sne,Wetland/Riparian,38.0369,-121.7547,6.0,5.0,5.566598893443184,19.4300575625,0.7163349666666665,6.431933687500003,0.9033558023246844,-0.4288919379124835,-1.5768030553390762,0.20231887811886534,1.7449119190900695,-0.7100008422254447,1,-1.4004811122926077,-1.5322392825848596,-1.7976887711397613,0.6608035702591664,6
6322,US-Sne,2017-05-05,US-Sne,Wetland/Riparian,38.0369,-121.7547,6.7,5.2000003,7.237101602322046,19.505242583333334,0.6517061520833334,7.900903875,0.835925479418637,-0.548842958284719,-1.5187798605860543,0.36942240631499507,1.800204970883469,-1.5187798605860543,1,-1.1125813818070793,-1.6090739087572454,-1.8346842911938377,0.4710906982893729,6
6323,US-Sne,2017-05-13,US-Sne,Wetland/Riparian,38.0369,-121.7547,6.8,5.7000003,6.182578961073176,15.961885729166672,0.7082554541666667,6.473119041666667,0.7526668275320084,-0.6584015846980488,-2.224327762449283,0.26064567409013206,1.295348315024542,-0.9894856845956355,1,-2.3956624799293254,-1.924372097072094,-2.3529487103464297,-0.6045254229133715,6
6324,US-Sne,2017-05-21,US-Sne,Wetland/Riparian,38.0369,-121.7547,6.6,6.8,7.260462329064728,27.08691064583334,1.4630037750000005,3.932401895833333,0.6551563572090853,-0.7554933140726803,-2.0044428033563357,0.11941483502385974,1.1488126313320246,-2.0044428033563357,1,-1.8806612707078427,-2.1189501255842917,-2.0137170137768723,-1.5336413306245222,6
6325,US-Sne,2017-05-29,US-Sne,Wetland/Riparian,38.0369,-121.7547,6.0,5.6,5.92207311138228,20.511389979166673,0.5630186583333333,7.097074895833335,0.545240438540651,-0.8382797052177743,-0.5475591369254311,0.2624361975867749,1.4328794567110512,-0.391705359689992,1,-0.2607694398648709,-0.6061806992817116,-0.7757272716297108,-0.46012020516213514,6
6326,US-Sne,2017-06-06,US-Sne,Wetland/Riparian,38.0369,-121.7547,7.2,7.3,6.626706005634914,23.13488341666667,0.91228896875,6.35710625,0.4250003399695541,-0.9051931898913974,-1.3091307647683263,0.38273520209699824,1.7130926539282214,-0.1625427760381546,1,-1.3144572951320117,-0.9237600970190083,-1.689174902153959,0.6116986475605398,6
6327,US-Sne,2017-06-14,US-Sne,Wetland/Riparian,38.0369,-121.7547,7.3,8.2,6.63788576580596,24.977195333333334,1.1434098604166667,5.739231562499999,0.2967128192734907,-0.9549667548552552,-1.6478650177168384,0.38627780720668753,1.544161947628891,-0.3236365493287583,1,-1.6869007596793026,-1.2435514834576962,-2.0131428100135165,0.04013418073362382,6
6328,US-Sne,2017-06-22,US-Sne,Wetland/Riparian,38.0369,-121.7547,8.5,9.1,9.150886044792358,31.6454403125,1.7826156770833332,5.727161854166666,0.1628070129385171,-0.986657932891657,-2.7086715896410873,0.49313325579200556,1.7028511919814093,-2.7086715896410873,1,-2.1828630134506417,-2.782302493787442,-3.1608492616851787,-10.398905783306033,6
6329,US-Sne,2017-06-30,US-Sne,Wetland/Riparian,38.0369,-121.7547,7.5,7.8,7.1232922062586335,24.671448916666662,0.9696991895833336,6.4407335,0.025818440227133,-0.9996666485105112,-1.2704575796945285,0.47393976579603136,1.7938111654031175,-0.5170419922117955,1,-1.1778781395944056,-0.8496384397816711,-1.783856159707509,0.4123725516579652,6
6330,US-Sne,2017-07-08,US-Sne,Wetland/Riparian,38.0369,-121.7547,9.1,10.2,8.753855901855053,31.58967004166667,2.1567960979166667,5.439499458333335,-0.1116590071216944,-0.993746580436178,-3.556752418431931,0.27079340269816216,2.0230707710295874,-2.8644642221420367,1,-3.2873862964979477,-3.5539200758597778,-3.8289508829380674,-17.707690617214197,6
6331,US-Sne,2017-07-16,US-Sne,Wetland/Riparian,38.0369,-121.7547,8.8,10.2,8.143070974063328,33.518371291666675,2.4747540916666666,5.116419125,-0.2470221804809352,-0.9690098257244064,-3.544770784794512,0.1619155269411605,2.0572139476226963,-2.2309127329211655,1,-3.3985783066409647,-3.516934088894009,-3.718799958848562,-17.709306757610346,6
6332,US-Sne,2017-07-24,US-Sne,Wetland/Riparian,38.0369,-121.7547,7.6,6.7000003,7.252904395365168,21.93398697916667,0.5106884979166667,8.954341583333333,-0.3777079652039646,-0.92592477719385,-0.8679889661823053,1.135178059665027,2.3615121410518336,-0.17379775691264232,1,0.3415944270337239,-1.0353904042261246,-1.9101709213545148,-21.917722374694776,6
6333,US-Sne,2017-08-01,US-Sne,Wetland/Riparian,38.0369,-121.7547,8.1,8.5,7.109250534835159,27.655495083333324,1.1455720479166671,7.44479341666667,-0.5012418134457756,-0.8653072543632061,-1.7184483178194114,0.7394902917921264,2.410138810242128,0.2630506125102705,1,-1.0764052507603523,-1.5519440400467586,-2.526995662651124,-3.2338619207566937,6
6334,US-Sne,2017-08-09,US-Sne,Wetland/Riparian,38.0369,-121.7547,6.4,6.6,6.2124500989028775,24.12505425,0.6418386541666666,6.5618869166666665,-0.6152845999633277,-0.7883050558305253,-0.4525487808663813,0.6777986771180181,1.708104839216734,-0.07744897867213552,1,0.22186991644760895,-0.4458386444139823,-1.1336776146327705,4.205506043576044,6
6335,US-Sne,2017-08-17,US-Sne,Wetland/Riparian,38.0369,-121.7547,6.8,6.5,6.514989008103147,24.75357833333333,0.7584251645833331,7.849310104166667,-0.7176769136759615,-0.6963762255968726,-0.9116633758550265,1.0900766737370107,2.0355071348198472,-0.3416413920613217,1,0.20024089530031464,-0.9567154982545539,-1.9785155246108403,-21.917722374694776,6
6336,US-Sne,2017-08-25,US-Sne,Wetland/Riparian,38.0369,-121.7547,6.5,7.1,5.315572240251436,25.8837175625,0.9895503041666668,5.0226037083333335,-0.8064799463209447,-0.5912614448635782,-1.411432353147129,0.3944392526166492,1.5935564016109434,0.957423166349999,1,-0.9562556268354947,-1.652910816120753,-1.6251306164851385,0.12463141367894501,6
6337,US-Sne,2017-09-02,US-Sne,Wetland/Riparian,38.0369,-121.7547,5.4,7.7000003,4.6878944155672135,34.69722685416667,2.420524052083333,0.9326154791666664,-0.8800122039735356,-0.4749510720670502,-2.1159326212153444,0.205988717111521,1.4863215418779885,-0.6917214523497708,1,-2.0133610903403767,-1.981367203262126,-2.3530695700435302,-1.1481675893536805,6
6338,US-Sne,2017-09-10,US-Sne,Wetland/Riparian,38.0369,-121.7547,5.8,6.4,4.233383857672182,30.67254891666667,1.5263707145833332,2.7827020208333333,-0.9368813462954316,-0.3496474552512282,-1.7970440767725873,0.2626780039852692,1.1070741508616937,1.3361882078830483,1,-1.685201629220832,-1.6087969488484348,-2.0971336522484956,-0.8330685161668702,6
6339,US-Sne,2017-09-26,US-Sne,Wetland/Riparian,38.0369,-121.7547,4.2,5.7000003,4.3245072924624886,26.71148968750001,1.7111645020833337,1.5607171041666668,-0.99665890175417,-0.0816763953304228,-1.3138499268699784,0.16355751914070035,1.026917956134008,-1.3138499268699784,1,-1.1906122801404821,-1.2515315730484904,-1.4994059274209626,-0.11613801364270614,6
6340,US-Sne,2017-10-04,US-Sne,Wetland/Riparian,38.0369,-121.7547,3.8,4.2000003,2.811809823392496,21.36005787500001,0.9911263729166664,2.222635041666667,-0.9984354211555644,0.055916990100603,-0.9467948338129343,0.14274263004788867,0.6694207734250066,0.9467948338129343,1,-0.7904004970197183,-1.0700593628738413,-0.9799246415452431,0.03748947485835868,6
6341,US-Sne,2017-10-12,US-Sne,Wetland/Riparian,38.0369,-121.7547,3.9,4.9,4.233228309955573,19.685264416666666,1.2069814020833336,3.7409423125,-0.9813064702716092,0.1924515819708299,-1.3779661159892136,0.4048297532065349,1.1183935806254963,-1.3779661159892136,1,-0.9317254557264342,-1.7216645698721487,-1.4805083223690576,0.026286932517263887,6
6342,US-Sne,2017-10-28,US-Sne,Wetland/Riparian,38.0369,-121.7547,2.6,3.8,2.8711814765373997,22.65337125,0.7755432999999999,2.77814525,-0.8919813464595487,0.4520722039323037,-0.16553796944104684,0.1836717809326002,0.6443739068137043,-0.16553796944104682,1,0.008778162773413922,-0.1480741561525406,-0.3573179149440138,-0.06288132570678902,6
6343,US-Sne,2017-11-05,US-Sne,Wetland/Riparian,38.0369,-121.7547,2.0,1.9,2.343222968068538,15.071663833333336,0.5116038375,3.466071166666666,-0.8214765533024145,0.5702422926917867,-0.35663336136669793,0.25715339581818036,0.8896692321859618,-0.3566333613666979,1,-0.362783092849855,-0.09646025645799575,-0.6106567347922431,-0.042191786515224025,6
6344,US-Sne,2017-11-13,US-Sne,Wetland/Riparian,38.0369,-121.7547,1.4,1.6,1.1890431259822156,18.7438948125,0.3657133458333333,2.0234685625,-0.7354170229639858,0.6776147890466887,0.15462351559473167,0.13107415091454475,0.8999410846001495,-0.15462351559473164,1,0.010423242527159315,0.18690978553160187,0.26653751872543385,-0.027584572772200066,6
6345,US-Sne,2017-11-29,US-Sne,Wetland/Riparian,38.0369,-121.7547,1.0,1.4,1.758596214705206,15.250393937499998,0.4329977374999999,1.4379353958333336,-0.5234156073655503,0.8520775211013093,0.3407728146673732,0.16703510381322503,0.693664389630278,0.3407728146673732,1,0.16927217595801358,0.35009425140817374,0.5029520166359323,-0.027584572772200066,6
6346,US-Sne,2018-02-09,US-Sne,Wetland/Riparian,38.0369,-121.7547,2.2,2.5,1.9225618274602647,19.498926500000003,0.6338219791666666,1.5652180624999996,0.6354323008901774,0.7721565844991642,-0.2220159470774592,0.20143234205907332,1.0033497919998573,0.2220159470774592,1,-0.027660448473812993,-0.42984831015249814,-0.2085390826060664,-0.042191786515224025,6
6347,US-Sne,2018-02-17,US-Sne,Wetland/Riparian,38.0369,-121.7547,2.5,2.4,1.4788236474578318,14.840734541666665,0.5790553999999999,1.398665416666666,0.7354170229639855,0.6776147890466889,-0.39853484162958375,0.14741242534536608,0.941255558257023,0.39853484162958375,1,-0.2937217169109074,-0.5670925116514558,-0.33479029632638807,-0.042191786515224025,6
6348,US-Sne,2018-02-25,US-Sne,Wetland/Riparian,38.0369,-121.7547,3.1,3.0,2.7622197526235435,12.881194374999998,0.53227584375,3.4741221875000003,0.8214765533024142,0.5702422926917871,-1.217471789063364,0.5143188114433638,0.8550793447703512,-0.5419112943104507,1,-0.6275884742577083,-1.4528139834658162,-1.5720129094665674,-0.43961837978687396,6
6349,US-Sne,2018-03-05,US-Sne,Wetland/Riparian,38.0369,-121.7547,2.8,2.7,2.6600991884909964,11.99478091666666,0.3555258000000001,1.6501825416666662,0.8919813464595485,0.4520722039323043,-0.65493146056354,0.11156079511794038,0.7458311127614334,-0.3751298375455331,1,-0.6704774555553017,-0.7579039033220287,-0.5364130228132894,5.515248114150136e-05,6
6350,US-Sne,2018-04-14,US-Sne,Wetland/Riparian,38.0369,-121.7547,5.4,5.0,5.398788944603881,20.694034979166663,0.9343291291666668,2.2371760208333336,0.9760105506323684,-0.2177232303965317,-2.263410114547514,0.10046163173424455,0.7431867990042289,-2.2609880037552754,1,-2.1676823361843467,-2.2545317462136785,-2.3680162612445175,-1.1281135756890424,6
6351,US-Sne,2018-04-22,US-Sne,Wetland/Riparian,38.0369,-121.7547,6.0,5.9,4.339636242116054,23.64588885416666,0.8473728187500003,2.7044473749999987,0.9368813462954316,-0.3496474552512284,-2.381209029384882,0.10588246216198796,0.7394381551789088,0.9395184863830099,1,-2.4288374039546614,-2.454912785296952,-2.259876898903033,2.794517529407932,6
6352,US-Sne,2018-04-30,US-Sne,Wetland/Riparian,38.0369,-121.7547,5.8,5.3,4.616606322993506,17.90972027083333,0.5341439625000001,4.5610645,0.8800122039735357,-0.4749510720670499,-1.6848920062785797,0.1270944389714049,1.1996795445431052,0.6818953477344085,1,-1.8315727148336443,-1.6156227354924955,-1.6074805685095996,-0.45377009739072355,6
6353,US-Sne,2018-05-08,US-Sne,Wetland/Riparian,38.0369,-121.7547,6.6,6.4,7.015972128914683,22.756357375000004,0.8737327375000001,5.713728166666668,0.8064799463209448,-0.5912614448635781,-1.4990785722189301,0.21551415037694918,1.5894091849946035,-1.4990785722189301,1,-1.542623324019126,-1.2651170355313575,-1.6894953571063067,-0.14877730893025332,6
6354,US-Sne,2018-05-24,US-Sne,Wetland/Riparian,38.0369,-121.7547,5.2,5.3,5.238399569671472,17.67557945833334,0.4039619083333335,7.663763416666669,0.6152845999633276,-0.7883050558305255,-0.2420288549328872,0.1999209523036391,1.3620674644384934,-0.24202885493288717,1,-0.06921790870794786,-0.4609887312865347,-0.1958799248041791,-0.12207816591921528,6
6355,US-Sne,2018-08-12,US-Sne,Wetland/Riparian,38.0369,-121.7547,6.9,8.7,5.500847589562856,27.167420499999995,1.2615092166666664,4.005501458333336,-0.655156357209085,-0.7554933140726804,-2.284665148759101,0.08124037853782236,1.357052888107269,0.5136396721151884,1,-2.1974943833763447,-2.3582662332065105,-2.298234829694447,-0.7056805432748834,6
6356,US-Sne,2018-08-20,US-Sne,Wetland/Riparian,38.0369,-121.7547,6.4,6.7000003,4.993820660717628,22.53286254166667,0.6139703083333333,6.629662041666667,-0.7526668275320083,-0.6584015846980489,-0.7978887767456632,0.6925527971856824,1.6770587742142204,0.7978887767456632,1,-0.14342656992873842,-0.7271389864218337,-1.523100773886417,4.205506043576044,6
6357,US-Sne,2018-08-28,US-Sne,Wetland/Riparian,38.0369,-121.7547,5.4,4.9,4.625879350105542,21.73100979166667,0.6658484666666666,5.5559239375,-0.8359254794186365,-0.5488429582847199,-0.34393482360501454,0.5488341555653936,1.2674195149503238,0.34393482360501454,1,0.264957218871517,-0.4962072900719371,-0.8005543996146234,0.18755540861253264,6
6358,US-Sne,2018-09-05,US-Sne,Wetland/Riparian,38.0369,-121.7547,5.6,5.5,4.556577116536173,20.979186875,0.5694767666666667,7.531465625000003,-0.9033558023246842,-0.4288919379124841,-0.8683459936422272,0.785548798191282,1.4679665759891827,0.8683459936422272,1,-0.05462349020080265,-0.9281068565925823,-1.6223076341332967,-15.169955218288877,6
6359,US-Sne,2018-09-13,US-Sne,Wetland/Riparian,38.0369,-121.7547,5.1,5.5,5.022301750366094,22.2137975625,1.0464161458333332,4.217221145833333,-0.9536809966304456,-0.300819807635668,-1.2420981301898688,0.336248090293841,1.021614958148476,-1.086701630922058,1,-0.8878037154833079,-1.556793071101564,-1.281697603984734,-0.11613801364270614,6
6360,US-Sne,2018-09-21,US-Sne,Wetland/Riparian,38.0369,-121.7547,4.7,6.4,4.561833170841262,24.657892604166666,1.3136588895833332,3.0285610416666664,-0.9859481499638304,-0.1670516255021195,-1.5791293957122428,0.0692696639644507,0.8051794502371419,-1.3027957373947665,1,-1.5093478608452577,-1.6478755820539948,-1.5801647442374764,-0.21600244583380454,6
6361,US-Sne,2018-09-29,US-Sne,Wetland/Riparian,38.0369,-121.7547,3.8,4.1,2.6907678457114663,22.078115645833336,0.7325004750000002,3.8982205208333336,-0.9995462806873572,-0.0301203048469083,-0.274135833347527,0.45651798479370054,0.9880019297986845,0.274135833347527,1,0.24511652045442184,-0.45507646365032894,-0.612447556846674,0.025891853758507947,6
6362,US-Sne,2018-10-07,US-Sne,Wetland/Riparian,38.0369,-121.7547,5.3,5.8,7.8821543999119426,25.11294758333333,1.913447,7.160945854166669,-0.994217906893952,0.107381346664163,-2.4450205703694157,0.7213320057633197,2.0417902569412893,-2.4450205703694152,1,-1.6687523816192287,-2.5716673096211466,-3.094642019867872,-5.944138402641633,6
6363,US-Sne,2018-10-15,US-Sne,Wetland/Riparian,38.0369,-121.7547,4.4,4.5,4.558415035393515,21.908846291666674,1.7358882312499997,3.589763458333332,-0.970063921851507,0.2428497220959358,-1.7668334027021728,0.4817039390208438,1.4475979140409414,-1.7668334027021728,1,-1.222456492081867,-1.9401329341845504,-2.137910781840101,-0.520138170480384,6
6364,US-Sne,2018-10-31,US-Sne,Wetland/Riparian,38.0369,-121.7547,2.5,3.2,3.6058920370530014,20.48554937499999,1.2412596000000002,1.7674178958333335,-0.867456354729597,0.4975132889071803,-0.3406140705577603,0.0051325006508269625,0.8214216213428006,-0.3406140705577603,1,-0.34476434061496397,-0.3422028141802533,-0.3348750568780637,-0.048145439780970356,6
6365,US-Sne,2018-11-08,US-Sne,Wetland/Riparian,38.0369,-121.7547,3.0,3.5,6.58820112441344,18.97847525,1.551844222916667,4.898700854166667,-0.7909456567567774,0.6118864012687242,-0.9112579646870785,0.5883576811799465,1.439829014028191,-0.9112579646870786,1,-0.25815506535312704,-1.0757686381135245,-1.399850190594584,0.005240519308430822,6
6442,US-Srr,2016-02-12,US-Srr,Wetland/Riparian,38.200556,-122.026358,1.9,2.1000001,1.7674444903516364,15.318678291666671,0.4172036104166668,1.0929181666666667,0.6744436188329455,0.7383263540031065,0.008369074051848677,0.17622148905325766,0.8530392281949336,-0.008369074051848668,1,0.1479789293909946,-0.18963815243987672,0.06676644520442815,-0.042191786515224025,6
6443,US-Srr,2016-02-20,US-Srr,Wetland/Riparian,38.200556,-122.026358,1.6,2.3,2.4650646226129003,10.329142937500002,0.34235415,0.7972088125000002,0.7694148268839378,0.6387494220515272,0.14014440464949113,0.06536210200844482,0.6961397778501599,0.14014440464949107,1,0.12601565760386602,0.21141538421212563,0.08300217213248173,-0.027584572772200066,6
6444,US-Srr,2016-03-23,US-Srr,Wetland/Riparian,38.200556,-122.026358,2.7,3.3,2.905352645262167,13.734438104166664,0.5998291270833332,1.7168857083333335,0.989932495087353,0.141540295217043,-0.39453006837457655,0.14623312401529123,0.5527336047903499,-0.3945300683745765,1,-0.31904362790502067,-0.3014662760366385,-0.5630803011820705,-0.042191786515224025,6
6445,US-Srr,2016-03-31,US-Srr,Wetland/Riparian,38.200556,-122.026358,3.7,4.1,2.655983435846737,14.481126916666668,0.4747125375,4.3400390416666665,0.99999073973619,0.0043035382962442,-1.332312905698549,0.09049483334848143,1.0417654366301616,0.7557202226079776,1,-1.24831153200144,-1.4281386961282245,-1.3204884889659825,-0.04378053823075217,6
6446,US-Srr,2016-04-16,US-Srr,Wetland/Riparian,38.200556,-122.026358,4.5,5.3,3.96794184389944,19.395405041666667,1.3711003416666667,2.5226339375000006,0.9634705485641488,-0.2678143051621742,-1.3711015908579023,0.044980247167274064,0.8111825962680482,-0.30698527865678193,1,-1.334822195127186,-1.4214294343562357,-1.357053143090285,-0.08158105013217332,6
6447,US-Srr,2016-05-02,US-Srr,Wetland/Riparian,38.200556,-122.026358,4.6,5.7000003,3.4346211071056825,17.738682270833333,0.6949748625000001,3.626690458333332,0.854322169749827,-0.5197438121555155,-1.3002549402296817,0.14826688978370367,0.796802189358306,1.0305028455589527,1,-1.4619081159626206,-1.2682572238198069,-1.1705994809066178,-0.06371702805493601,6
6448,US-Srr,2016-05-10,US-Srr,Wetland/Riparian,38.200556,-122.026358,5.2,5.6,3.693329672830708,18.32516125,0.6295501874999999,3.7889989375,0.7748840413670407,-0.6321034111873487,-1.4098415154121628,0.1953314117710606,0.8515860284294625,1.4098415154121628,1,-1.6291801696162094,-1.2546499244885339,-1.3456944521317449,-0.014491850021453227,6
6449,US-Srr,2016-05-18,US-Srr,Wetland/Riparian,38.200556,-122.026358,5.0,8.6,5.3045143946383515,23.899971916666654,1.5503654916666667,2.4599698125,0.6807734094770161,-0.7324940716135789,-0.9251964430348467,0.08817272772039483,1.125975370899015,-0.9251964430348467,1,-0.9281966035002603,-0.8355619246321419,-1.011830800972138,-0.3019201978746977,6
6450,US-Srr,2016-05-26,US-Srr,Wetland/Riparian,38.200556,-122.026358,5.3,6.4,3.889289898128018,18.5636868125,0.7536573104166665,3.4777030625,0.5737722679043246,-0.8190148866680801,-1.2102227834468975,0.2888836270738762,0.9321947243767699,1.2102227834468975,1,-1.535528196171918,-0.9836479265400618,-1.1114922276287125,-0.3738101623138882,6
6451,US-Srr,2016-06-11,US-Srr,Wetland/Riparian,38.200556,-122.026358,5.4,6.8,5.616590002468912,22.00056127083333,1.6176626125000002,2.4055471874999994,0.3294084822245304,-0.9441875088341992,-0.9565555026637833,0.09848685710368404,0.828070540595952,-0.9565555026637833,1,-0.9249517516963061,-1.0669647944305531,-0.877749961864491,-0.40940079256215633,6
6452,US-Srr,2016-06-19,US-Srr,Wetland/Riparian,38.200556,-122.026358,5.0,6.7000003,5.660729559145168,22.40889752083334,1.7826489541666666,1.6111764999999998,0.1966728897935764,-0.980469160361632,-0.47507417045340433,0.10359778924601158,0.7252448801222264,-0.4750741704534043,1,-0.3927185727661785,-0.5913896335130806,-0.441114305080954,-0.11123700606658107,6
6453,US-Srr,2016-06-27,US-Srr,Wetland/Riparian,38.200556,-122.026358,5.7,8.7,6.088376951529499,26.77759179166667,2.228602416666668,3.953092125,0.060213277365793,-0.9981855344718586,-1.8199661327611985,0.22595570404907525,1.018458424699648,-1.8199661327611985,1,-1.770091009482234,-2.0666926351771413,-1.62311475362422,-1.5666328991119527,6
6454,US-Srr,2016-07-05,US-Srr,Wetland/Riparian,38.200556,-122.026358,6.3,6.4,4.557660454700566,17.4496435625,0.5842154979166666,5.287299479166665,-0.0773864792334632,-0.9970011699250152,-0.8940660949599399,0.2011198077782703,1.1132907114407167,0.8940660949599399,1,-0.8892077397520379,-0.695419479964996,-1.0975710651627857,-0.32543673310382826,6
6455,US-Srr,2016-07-13,US-Srr,Wetland/Riparian,38.200556,-122.026358,5.7,8.3,5.711194986529049,25.18368316666667,1.880154,2.7417035625,-0.2135209154397959,-0.9769384927771816,-1.545638439925061,0.13908943856654166,1.034420879881034,-1.545638439925061,1,-1.501318807034552,-1.7014870723800835,-1.434109440360547,-0.9502050231890832,6
6456,US-Srr,2016-07-21,US-Srr,Wetland/Riparian,38.200556,-122.026358,5.4,7.3,4.731782992592659,19.845876375,0.9635084083333334,4.328447083333333,-0.3456123126707333,-0.9383773917408642,-0.9452306717487801,0.22863330632830678,0.937233727388427,0.3912033430659033,1,-1.1617776715786037,-0.9677384258848217,-0.7061759177829143,-0.35588928750861526,6
6457,US-Srr,2016-07-29,US-Srr,Wetland/Riparian,38.200556,-122.026358,5.6,9.5,5.797742658311843,24.03803700000001,1.5834590562499995,4.333730666666667,-0.4711595076738639,-0.8820480249558535,-1.973359360967381,0.09725501272565877,1.101388411437035,-1.9733593609673807,1,-2.085511378245614,-1.9222814785356852,-1.9122852261208445,-1.7021366040679837,6
6458,US-Srr,2016-08-06,US-Srr,Wetland/Riparian,38.200556,-122.026358,5.3,6.1,3.642001477856281,18.160675166666675,0.6262350479166666,4.3760782916666665,-0.5877852522924734,-0.8090169943749472,-0.6394409047670362,0.07493421691126578,0.8760931515510547,0.6394409047670362,1,-0.5776126465993899,-0.7227772308009185,-0.6179328369008001,-0.18317393908275312,6
6459,US-Srr,2016-08-14,US-Srr,Wetland/Riparian,38.200556,-122.026358,5.0,8.2,4.72428521234392,22.23202841666666,1.3470312416666674,4.379404291666668,-0.6932812268869771,-0.7206671495538615,-1.5465367593489487,0.13541525446115402,1.3282340284387066,-0.9951071840367893,1,-1.6182607596743228,-1.6310036500386809,-1.3903458683338425,-0.48698224189473915,6
6460,US-Srr,2016-08-22,US-Srr,Wetland/Riparian,38.200556,-122.026358,4.5,6.2000003,3.345046828188045,18.711958125,0.6644357666666666,5.111510687499999,-0.7856498550787144,-0.6186714032625032,-0.5197091676252862,0.10942054163938175,1.0629540919895983,0.5197091676252862,1,-0.4218634643445377,-0.4994039996870429,-0.6378600388442781,-0.08857248738281821,6
6461,US-Srr,2016-08-30,US-Srr,Wetland/Riparian,38.200556,-122.026358,4.4,6.9,4.235838772111738,22.327420375,1.197025116666667,4.086318583333333,-0.8631421280499115,-0.5049610547215202,-1.0844652390375416,0.24370922294142322,0.991893397654837,-0.7561427832610175,1,-1.1736263218131522,-1.2710381344302064,-0.8087312608692659,-0.20985845369925898,6
6462,US-Srr,2016-09-07,US-Srr,Wetland/Riparian,38.200556,-122.026358,3.8,6.5,4.060794629543252,25.018625625,1.94310656875,1.6496003333333336,-0.9242907221930934,-0.3816892202666586,-1.22411244322847,0.0760461714890984,0.7499173363019033,-1.22411244322847,1,-1.1414650570859743,-1.2911281072441447,-1.2397441653552908,-0.18498666765784935,6
6463,US-Srr,2016-09-15,US-Srr,Wetland/Riparian,38.200556,-122.026358,3.7,5.5,3.066862785266182,19.654599354166667,1.0160149833333334,3.0506272083333337,-0.9679377830240642,-0.2511900638848195,-1.0290609074060035,0.15666524500442672,0.8290259539362734,0.23721352206163315,1,-1.0478404231867404,-1.1754899427742722,-0.8638523562569983,-0.08858881409634563,6
6464,US-Srr,2016-09-23,US-Srr,Wetland/Riparian,38.200556,-122.026358,3.1,5.0,3.3087732823546276,19.2555489375,1.1822197354166668,1.850084125,-0.9932568492674144,-0.1159345995955006,-0.9474682236009194,0.09880029821995233,0.6984906195475455,-0.9474682236009193,1,-1.013552338683921,-0.994962904437776,-0.8338894276810613,-0.00031103704306249076,6
6465,US-Srr,2016-10-01,US-Srr,Wetland/Riparian,38.200556,-122.026358,2.9,4.5,2.767549877483604,16.941847187500006,0.8959031645833333,3.0250968958333324,-0.9997685019798908,0.0215160974362222,-0.787690238101745,0.1907604849621623,0.715965718803042,-0.5227899930689528,1,-0.7591827927607366,-0.9911001311529598,-0.6127877903915386,0.020350895042224825,6
6466,US-Srr,2016-10-09,US-Srr,Wetland/Riparian,38.200556,-122.026358,2.6,4.8,2.920641293636295,20.31535916666667,1.5041453416666668,1.5461813124999997,-0.9873494423939864,0.1585593851031347,-0.8085838415441692,0.11443368385073392,0.8458182996410833,-0.8085838415441691,1,-0.932369176192316,-0.7867281720369211,-0.7066541764032707,-0.05077579926282612,6
6467,US-Srr,2016-10-17,US-Srr,Wetland/Riparian,38.200556,-122.026358,1.6,2.2,2.8878007596424005,16.921044541666664,0.5044100395833332,2.1401677083333333,-0.9562348265919058,0.2926003356333479,-0.22542012033232695,0.019986386297801067,0.6835044223619692,-0.22542012033232695,1,-0.20377273613046604,-0.22931570265080614,-0.24317192221570869,-0.0335382260379464,6
6468,US-Srr,2016-11-02,US-Srr,Wetland/Riparian,38.200556,-122.026358,1.0,1.8000001,2.384010646192705,13.786348812499996,0.4255922895833333,1.1896030624999998,-0.8406184056344783,0.5416278206559811,0.17321026080408694,0.18923245162598185,0.692046517537577,0.17321026080408686,1,0.07781199764550156,0.050664570764266864,0.3911542140024924,-0.027584572772200066,6
6469,US-Srr,2016-11-18,US-Srr,Wetland/Riparian,38.200556,-122.026358,1.3,2.0,2.3240242235128004,10.012643479166668,0.4287523458333334,1.7809671041666668,-0.661634618242279,0.749826401204568,-0.012365974945456631,0.16393104038389722,0.5439214473207971,-0.012365974945456548,1,-0.19165538352132183,0.024696726901200533,0.1298607317837514,-0.027584572772200066,6
6470,US-Srr,2017-02-14,US-Srr,Wetland/Riparian,38.200556,-122.026358,1.5,1.4,2.4223060716913056,12.637506083333331,0.4005979791666667,1.5839638333333337,0.6994583270516471,0.7146733860429609,-0.14594877273191711,0.35325614847834313,0.9455763866725441,-0.1459487727319171,1,-0.059694087678226204,-0.5343441320478501,0.15619190153032497,-0.027584572772200066,6
6471,US-Srr,2017-03-02,US-Srr,Wetland/Riparian,38.200556,-122.026358,2.0,2.5,2.698889681681461,11.746691208333337,0.4829139937500002,1.2140975937499998,0.8674563547295968,0.4975132889071806,-0.13410217659552828,0.05675146670980489,0.8526121947523135,-0.13410217659552826,1,-0.1733401471719811,-0.0690297511460208,-0.159936631468583,-0.042191786515224025,6
6472,US-Srr,2017-04-03,US-Srr,Wetland/Riparian,38.200556,-122.026358,3.9,5.2000003,3.8059484479059673,16.59700633333334,1.1050396729166667,2.2389876250000005,0.9995462806873572,-0.0301203048469081,-1.0225643778351041,0.01947626500600373,0.6382540218375926,-0.8344612736470389,1,-1.0450038780547204,-1.0126394331178035,-1.0100498223327885,-0.00626469030880883,6
6473,US-Srr,2017-04-19,US-Srr,Wetland/Riparian,38.200556,-122.026358,4.2,4.2000003,3.8882415705492814,15.545280500000002,0.5030463458333334,2.451340750000001,0.9536809966304456,-0.3008198076356673,-1.8607224710967385,0.05298338486362817,0.7502591771469341,-1.237205612195301,1,-1.8070059973409216,-1.9129409999098321,-1.8622204160394618,-0.6303762773487582,6
6474,US-Srr,2017-04-27,US-Srr,Wetland/Riparian,38.200556,-122.026358,5.1,4.9,4.805896673382512,16.531332541666668,0.70227953125,3.4911798750000003,0.9033558023246844,-0.4288919379124835,-2.144426695708326,0.11803359851865605,0.7659121790638677,-1.5562200424733508,1,-2.1083792564559443,-2.276280846115449,-2.048619984553584,-1.2433063741444788,6
6475,US-Srr,2017-05-05,US-Srr,Wetland/Riparian,38.200556,-122.026358,5.4,5.3,4.445367855361232,16.072585625,0.5192790145833331,4.846609854166667,0.835925479418637,-0.548842958284719,-1.4740142988810119,0.242149598273762,1.0795569328753953,0.43524999039652545,1,-1.740360531897299,-1.4145377973743023,-1.2671445673714343,-0.3386718049077546,6
6476,US-Srr,2017-05-13,US-Srr,Wetland/Riparian,38.200556,-122.026358,5.3,5.3,4.601784444355956,13.627603645833332,0.6937887187500001,3.2272957499999992,0.7526668275320084,-0.6584015846980488,-2.358427382626289,0.11890728857242762,0.779831198243883,-0.9619962713382013,1,-2.4708073886769495,-2.3705527801756965,-2.2339219790262224,0.7462817740607943,6
6477,US-Srr,2017-05-21,US-Srr,Wetland/Riparian,38.200556,-122.026358,5.4,6.7000003,5.824408684512871,24.19191497916667,1.7791012375000006,2.079018083333333,0.6551563572090853,-0.7554933140726803,-1.1298935038903761,0.166217222151679,0.9400532571255329,-1.1298935038903761,1,-1.0182969208798378,-1.3209242505796714,-1.0504593402116194,-0.5331074384512239,6
6478,US-Srr,2017-06-06,US-Srr,Wetland/Riparian,38.200556,-122.026358,6.1,7.1,5.42807252920153,19.117633687500003,0.8533733916666667,4.3222969791666666,0.4250003399695541,-0.9051931898913974,-1.4159201371790762,0.3743515246420562,1.1400417989248643,-0.07206519558213675,1,-1.8199058158929766,-1.0807516898926561,-1.3471029057515955,-0.36998339798883545,6
6479,US-Srr,2017-06-14,US-Srr,Wetland/Riparian,38.200556,-122.026358,5.9,7.5,6.320382894734894,21.89786475,1.2882904645833333,2.7865287708333337,0.2967128192734907,-0.9549667548552552,-1.3611005789221897,0.09510301903499899,0.9701324839129615,-1.3611005789221897,1,-1.462214774499194,-1.3476450150532289,-1.2734419472141463,-0.8342241709332725,6
6480,US-Srr,2017-06-22,US-Srr,Wetland/Riparian,38.200556,-122.026358,6.8,8.7,8.132226235411556,28.303817645833337,1.9907465833333344,2.7656889375000007,0.1628070129385171,-0.986657932891657,-2.049465429371662,0.22458421886372157,1.1639344297154381,-2.049465429371662,1,-1.8755449664831088,-2.3030144533684433,-1.969836868263433,-1.2865942641914438,6
6481,US-Srr,2017-06-30,US-Srr,Wetland/Riparian,38.200556,-122.026358,6.6,7.2000003,5.8186853642942085,19.427568541666673,0.7965928749999999,4.674919458333334,0.025818440227133,-0.9996666485105112,-1.3156319340675793,0.3150549818659105,1.283545406488386,0.2469973373440031,1,-1.5912353650479436,-0.9721807517110376,-1.3834796854437563,-0.6207691766608746,6
6482,US-Srr,2017-07-08,US-Srr,Wetland/Riparian,38.200556,-122.026358,6.7,10.0,8.636373482059973,26.70223566666667,2.2835238541666665,3.0437806666666667,-0.1116590071216944,-0.993746580436178,-2.6141718161987053,0.19023456373109732,1.313011799247856,-2.614171816198705,1,-2.5434410223971313,-2.8296401151974604,-2.4694343110015238,-0.233787160483854,6
6483,US-Srr,2017-07-16,US-Srr,Wetland/Riparian,38.200556,-122.026358,6.5,9.5,8.485806279459172,28.668150937500005,2.602132410416667,2.729589166666667,-0.2470221804809352,-0.9690098257244064,-2.506978948678426,0.0898608186285118,1.1513787657822525,-2.5069789486784266,1,-2.4440833702489404,-2.609897545815716,-2.466955929970622,-0.26069667148557407,6
6484,US-Srr,2017-07-24,US-Srr,Wetland/Riparian,38.200556,-122.026358,6.2,6.8,5.873698980665054,19.055376104166672,0.6605174895833333,5.130726645833334,-0.3777079652039646,-0.92592477719385,-0.8074228333141639,0.09563279775201292,1.1654171259428967,-0.1548207946442718,1,-0.7729166676751263,-0.7338319542785,-0.9155198779888654,-0.32543673310382826,6
6485,US-Srr,2017-08-01,US-Srr,Wetland/Riparian,38.200556,-122.026358,5.3,8.8,7.010269098870016,24.631609062499994,1.5773522875000003,3.422010562500001,-0.5012418134457756,-0.8653072543632061,-1.6611706085409992,0.006084665321396983,1.1356155674812967,-1.6611706085409992,1,-1.666915633715401,-1.6547953589693063,-1.6618008329382907,-0.9316428171632778,6
6486,US-Srr,2017-08-09,US-Srr,Wetland/Riparian,38.200556,-122.026358,5.8,6.2000003,4.967255099380263,20.043828875,0.5900808916666666,4.5548985625,-0.6152845999633277,-0.7883050558305253,-0.6085739916010348,0.20314005747194402,1.054668645740115,0.6085739916010348,1,-0.3981096938267207,-0.8034970958375377,-0.6241151851388458,-0.2346033211921746,6
6487,US-Srr,2017-08-17,US-Srr,Wetland/Riparian,38.200556,-122.026358,5.1,6.6,5.4479258097780265,21.367464104166668,0.8456222416666668,4.691345750000001,-0.7176769136759615,-0.6963762255968726,-0.752719078505064,0.13435382673348592,1.1508487244889147,-0.7527190785050641,1,-0.7097464807754567,-0.9033021149011025,-0.6451086398386325,-0.12069568021510844,6
6488,US-Srr,2017-08-25,US-Srr,Wetland/Riparian,38.200556,-122.026358,4.9,6.9,5.048202406918179,22.14421502083333,1.1930258083333332,2.858374229166666,-0.8064799463209447,-0.5912614448635782,-1.3809795801227036,0.06280507796839492,0.8818366368057754,-1.3809795801227036,1,-1.3245172383622652,-1.4486249716702373,-1.3697965303356088,-0.23740765324561938,6
6489,US-Srr,2017-09-02,US-Srr,Wetland/Riparian,38.200556,-122.026358,4.6,7.5,6.021814993300249,31.31297554166667,3.1832487104166667,1.1488653125,-0.8800122039735356,-0.4749510720670502,-1.959692618024813,0.1798210110236669,1.7577651107847152,-1.959692618024813,1,-1.842279483736093,-1.8700879821939833,-2.166710388144363,0.26402389841292184,6
6490,US-Srr,2017-09-10,US-Srr,Wetland/Riparian,38.200556,-122.026358,3.9,6.1,5.116733154632208,27.34578645833335,1.9802425729166675,1.4539446041666668,-0.9368813462954316,-0.3496474552512282,-1.1297070503316122,0.10186321360040267,0.8399091833462057,-1.129707050331612,1,-1.0193495664085641,-1.1496432953380125,-1.22012828924826,-0.08858881409634563,6
6491,US-Srr,2017-09-18,US-Srr,Wetland/Riparian,38.200556,-122.026358,3.3,5.6,4.3831295057484105,20.26504025,0.6918458354166668,4.064173125000001,-0.9760105506323682,-0.2177232303965322,-0.5933743525034226,0.169924075499676,0.9260895361986176,-0.5933743525034227,1,-0.45406602733088314,-0.7826908915395862,-0.5433661386397987,-0.08857248738281821,6
6492,US-Srr,2017-09-26,US-Srr,Wetland/Riparian,38.200556,-122.026358,3.4,6.1,3.946974649823749,24.129792125000005,2.1020312708333333,2.1542823125,-0.99665890175417,-0.0816763953304228,-1.237328762738624,0.027939664866213024,0.7222021664894098,-1.237328762738624,1,-1.2367720314281523,-1.2655426328733257,-1.209671623914394,-0.06967068132068235,6
6582,US-Tw3,2016-01-27,US-Bi1,Croplands,38.1159,-121.6467,0.5,1.3000001,1.0314572477148334,15.754571645833336,0.296507725,1.0954458125000002,0.4482293417404106,0.893918596519257,0.31200129297038454,0.22054295589816877,1.0306410127177852,0.31200129297038454,1,0.26643743412342036,0.11779901450874875,0.5517674302789846,-0.027584572772200066,6
6583,US-Tw3,2016-02-04,US-Bi1,Croplands,38.1159,-121.6467,0.6,2.0,1.1130568691799336,14.64144360416667,0.2522916458333333,2.6363960833333326,0.5667017562911176,0.8239230057575542,-0.055198111617001035,0.1580583637237392,0.7321566670677545,-0.055198111617001056,1,-0.13999257431025744,-0.15276469940034404,0.12716293885959834,-0.027584572772200066,6
6584,US-Tw3,2016-03-15,US-Bi1,Croplands,38.1159,-121.6467,1.6,2.9,2.866506855616388,17.6587341875,0.5572873020833334,2.5196292916666665,0.9611297838723007,0.2760969730974688,-0.03211336849148407,0.06733698392132977,0.9295545280076981,-0.03211336849148405,1,0.03864073103567367,-0.09541285464047199,-0.039567981869653907,-0.027584572772200066,6
6585,US-Tw3,2016-03-23,US-Bi1,Croplands,38.1159,-121.6467,2.6,3.4,2.98498382821286,16.620422729166666,0.5922812125,2.5750696666666664,0.989932495087353,0.141540295217043,-0.45842196136516794,0.09765371554519718,0.8027473225700895,-0.4584219613651679,1,-0.34969920285697265,-0.5386825586877473,-0.48688412255078395,-0.042191786515224025,6
6586,US-Tw3,2016-03-31,US-Bi1,Croplands,38.1159,-121.6467,2.9,4.0,3.608569399911788,16.87237914583333,0.5807064166666667,4.640451854166665,0.99999073973619,0.0043035382962442,-0.5995309113683439,0.17954486405896883,1.070306241133356,-0.599530911368344,1,-0.4886835858292899,-0.5032278097698702,-0.8066813385058718,-0.06985427573343894,6
6587,US-Tw3,2016-04-16,US-Bi1,Croplands,38.1159,-121.6467,4.0,5.0,3.8575520572358015,19.7133294375,1.2464595895833332,2.216347895833333,0.9634705485641488,-0.2678143051621742,-0.7987105509618025,0.14572547365441804,0.7390177504918443,-0.5138146654334056,1,-0.7851054733819438,-0.9507614634770133,-0.6602647160264505,-0.017449616859196344,6
6588,US-Tw3,2016-04-24,US-Bi1,Croplands,38.1159,-121.6467,2.2,4.7000003,3.1165035565797443,17.4524538125,0.6702965895833334,5.393008979166668,0.9175836260593936,-0.3975428142825559,-0.14385530519228834,0.10775492366989826,1.1172695954270437,-0.1438553051922884,1,-0.019975768430603363,-0.21587073007225563,-0.19571941707400603,-0.06288132570678902,6
6589,US-Tw3,2016-05-02,US-Bi1,Croplands,38.1159,-121.6467,3.3,5.5,4.8254849136481175,19.442150208333327,0.90338813125,2.546970229166668,0.854322169749827,-0.5197438121555155,-0.1639572876359664,0.03350769422452147,0.668229897367711,-0.1639572876359665,1,-0.13505964248242386,-0.15612472446860176,-0.2006874959568736,-0.09452614064856456,6
6590,US-Tw3,2016-05-10,US-Bi1,Croplands,38.1159,-121.6467,4.6,5.7000003,5.771713874829465,20.995440770833333,0.8467032749999999,3.525636333333334,0.7748840413670407,-0.6321034111873487,-0.9367283236727547,0.019538691846396828,0.6423957339784367,-0.9367283236727548,1,-0.9315480910115213,-0.9583351266561527,-0.9203017533505901,-0.024982901958188034,6
6591,US-Tw3,2016-05-18,US-Bi1,Croplands,38.1159,-121.6467,5.7,8.400001,7.572960114069737,25.800564500000004,1.95653121875,2.9336828124999994,0.6807734094770161,-0.7324940716135789,-1.6847988610427969,0.06510100662147679,1.4108302641812551,-1.6847988610427969,1,-1.7169973074767548,-1.7275263842814836,-1.6098728913701517,-1.2997174436096404,6
6592,US-Tw3,2016-05-26,US-Bi1,Croplands,38.1159,-121.6467,5.3,6.4,5.622845953090309,20.092816416666672,0.8807254541666668,2.672284812499999,0.5737722679043246,-0.8190148866680801,-1.2185175782742435,0.15953327627247443,0.7520277913752893,-1.2185175782742435,1,-1.3434202719231836,-1.0388043276716967,-1.27332813522785,-0.32138917672611805,6
6593,US-Tw3,2016-06-11,US-Bi1,Croplands,38.1159,-121.6467,3.2,7.3,3.651729992529431,23.08374229166667,1.7319006458333328,3.9835789375,0.3294084822245304,-0.9441875088341992,-0.12289020358379432,0.10836815686519398,1.2345450845434693,-0.12289020358379432,1,-0.24437291115024828,-0.08813194515315888,-0.036165754447975845,-0.11123700606658107,6
6594,US-Tw3,2016-06-19,US-Bi1,Croplands,38.1159,-121.6467,3.2,7.4,5.0602334435310095,23.75266991666666,1.8104823145833335,2.2814771041666666,0.1966728897935764,-0.980469160361632,-0.10553893572067215,0.12753089538781984,1.0777558641956217,-0.10553893572067219,1,-0.24193775444752605,-0.08540875732527914,0.010729704610788704,-0.11123700606658107,6
6595,US-Tw3,2016-06-27,US-Bi1,Croplands,38.1159,-121.6467,5.5,8.900001,7.310006797589947,28.3339245625,2.5182757208333326,3.528553624999999,0.060213277365793,-0.9981855344718586,-1.8345661111586562,0.15773478925286857,1.1826406049829623,-1.8345661111586562,1,-1.8222431248598188,-1.9981009557598246,-1.6833542528563257,-1.57972640417042,6
6596,US-Tw3,2016-07-05,US-Bi1,Croplands,38.1159,-121.6467,4.5,7.0,2.5122719162739444,20.44094789583333,0.9478313270833336,5.526493374999999,-0.0773864792334632,-0.9970011699250152,-0.28735937633449643,0.1633719195712217,1.0374541850074919,0.2873593763344964,1,-0.47293138913282295,-0.22394436164261214,-0.16520237822805434,-0.11123700606658107,6
6597,US-Tw3,2016-07-13,US-Bi1,Croplands,38.1159,-121.6467,2.5,8.900001,3.4622975034722328,26.52913089583333,2.186758106250001,2.4023421458333325,-0.2135209154397959,-0.9769384927771816,-0.5772132782358862,0.08826803338755007,1.126789594098374,-0.5772132782358863,1,-0.6609517714321895,-0.5856644478325073,-0.48502361544296174,-0.142680888189583,6
6598,US-Tw3,2016-07-21,US-Bi1,Croplands,38.1159,-121.6467,4.0,7.6,3.5833540136762467,21.826695666666662,1.3313827666666669,4.531357520833334,-0.3456123126707333,-0.9383773917408642,-0.4828845260609284,0.21665358078932284,1.0699610063876057,0.35040744658657813,1,-0.6680142211232212,-0.5360386583280311,-0.244600698731533,-0.12163867995808299,6
6599,US-Tw3,2016-07-29,US-Bi1,Croplands,38.1159,-121.6467,5.7,9.8,6.3113256466468535,26.85752947916666,2.176181779166668,2.7603100625000003,-0.4711595076738639,-0.8820480249558535,-2.2824830938618565,0.10220532558824709,1.301278558017677,-2.2824830938618565,1,-2.240414869744782,-2.208025703846511,-2.399008707994276,-1.408874643694855,6
6600,US-Tw3,2016-08-06,US-Bi1,Croplands,38.1159,-121.6467,2.2,6.6,1.9636208305984904,20.7744010625,1.028891177083333,3.4009853125,-0.5877852522924734,-0.8090169943749472,0.2703228297646147,0.11951959942742128,0.8803807067375841,-0.27032282976461475,1,0.14083254817774615,0.37640965506904056,0.2937262860470574,-0.09214220288244075,6
6601,US-Tw3,2016-08-14,US-Bi1,Croplands,38.1159,-121.6467,2.4,8.1,2.285361373825845,25.47794510416667,2.1122213041666664,3.1835718750000006,-0.6932812268869771,-0.7206671495538615,-0.5245808981677407,0.1619124991556388,0.996681949390136,-0.2953036458194307,1,-0.46525266959804823,-0.7077890724285804,-0.40070095247659343,-0.11699902814751721,6
6602,US-Tw3,2016-08-22,US-Bi1,Croplands,38.1159,-121.6467,3.1,6.3,2.715921816211685,21.193281104166672,0.97456591875,5.330633625,-0.7856498550787144,-0.6186714032625032,-0.03024165499021428,0.061655631518501834,1.1277779641772852,0.03024165499021425,1,0.038346239377677255,-0.04800706752708708,-0.08106413682123301,-0.11123700606658107,6
6603,US-Tw3,2016-08-30,US-Bi1,Croplands,38.1159,-121.6467,5.5,7.0,5.035455020480788,23.917002395833325,1.4531757770833331,4.509801562500001,-0.8631421280499115,-0.5049610547215202,-1.7282173535547631,0.17441618508665382,1.133925392494982,-0.79912739451634,1,-1.7046471161565817,-1.9132200768785772,-1.566784867629131,-0.6095967005041695,6
6604,US-Tw3,2016-09-07,US-Bi1,Croplands,38.1159,-121.6467,3.9,6.8,4.127497019332417,24.40166218749999,1.7156696749999998,1.7575643124999991,-0.9242907221930934,-0.3816892202666586,-1.2962898091877797,0.12194836215728164,0.7818799375884691,-1.2962898091877797,1,-1.1555169209668592,-1.3696170846940685,-1.3637354219024114,-0.18498666765784935,6
6605,US-Tw3,2016-09-15,US-Bi1,Croplands,38.1159,-121.6467,3.7,5.6,4.171008315869998,21.539189708333332,1.2760518208333334,2.6987739791666665,-0.9679377830240642,-0.2511900638848195,-0.9862034007548655,0.08112312888648036,0.9096105757282789,-0.9862034007548655,1,-0.9995522379424745,-1.0598241778432218,-0.8992337864788997,-0.08858881409634563,6
6606,US-Tw3,2016-09-23,US-Bi1,Croplands,38.1159,-121.6467,2.0,5.5,1.9514723633411597,20.267220875000007,1.3219308958333336,3.4259445625,-0.9932568492674144,-0.1159345995955006,-0.1628164952814679,0.24221161235154703,0.9406056847926747,-0.06576122196378731,1,-0.08679250359736025,-0.43392016766785296,0.032263185420809554,-0.0694776841986779,6
6607,US-Tw3,2016-10-01,US-Bi1,Croplands,38.1159,-121.6467,1.4,4.8,2.2716070031864337,18.107551333333326,0.9840054812500002,3.7377268541666666,-0.9997685019798908,0.0215160974362222,0.08056899381099532,0.16000095516762727,0.910795056781531,0.08056899381099536,1,0.12811983488791545,-0.09781720833473555,0.21140435487980608,-0.04827411196376509,6
6608,US-Tw3,2016-10-09,US-Bi1,Croplands,38.1159,-121.6467,2.0,4.7000003,2.4071247433829948,20.4875266875,1.4177158666666667,1.5057063333333331,-0.9873494423939864,0.1585593851031347,-0.5887294645800721,0.17375485788241074,0.7948199604733742,-0.5887294645800721,1,-0.7478090092777809,-0.6150718176434611,-0.4033075668189745,-0.050759472549298634,6
6609,US-Tw3,2016-11-02,US-Bi1,Croplands,38.1159,-121.6467,1.5,1.8000001,1.93428258562666,18.469922479166673,0.4094056250000001,1.4524634583333331,-0.8406184056344783,0.5416278206559811,0.1475398542411411,0.16463463060197608,0.8376880820872235,0.14753985424114113,1,0.048966537822495576,0.056053512336374844,0.3375995125645529,-0.027584572772200066,6
6610,US-Tw3,2016-11-18,US-Bi1,Croplands,38.1159,-121.6467,1.5,2.0,1.374291292294049,13.850326729166666,0.3900729354166667,1.4944074374999998,-0.661634618242279,0.749826401204568,0.1691349412988554,0.14338261313220896,0.6696254778983916,-0.16913494129885542,1,0.027183200328840168,0.16631480121888076,0.31390682234884526,-0.027584572772200066,6
6611,US-Tw3,2016-12-04,US-Bi1,Croplands,38.1159,-121.6467,0.7,1.1,0.7157335821431965,13.760891125,0.2754798791666666,0.9971826666666668,-0.4327755925504317,0.9015016841318838,0.5145943848556486,0.12937235465250677,0.6977284322856128,-0.4831272205692555,1,0.37911626624101336,0.5278222922689445,0.636844596056988,-0.027584572772200066,6
6612,US-Tw3,2016-12-20,US-Bi1,Croplands,38.1159,-121.6467,0.3,1.3000001,0.7985287596032287,12.057642895833334,0.2938067729166666,1.0629075,-0.1712931441814778,0.9852201067560606,0.5228894497215067,0.09824509842460467,0.6661279110752207,0.4741680694849506,1,0.41729264007680655,0.6115916803721161,0.5397840287155975,-0.027584572772200066,6
6613,US-Tw3,2017-03-02,US-Bi1,Croplands,38.1159,-121.6467,1.4,2.4,2.013108487166337,14.863365104166665,0.3991721166666666,1.14118125,0.8674563547295968,0.4975132889071806,0.12578879696376657,0.1462601616492837,0.8228050418647594,0.12578879696376655,1,0.28102849587989315,-0.009428897905365496,0.1057667929167721,-0.027584572772200066,6
6614,US-Tw3,2017-04-03,US-Bi1,Croplands,38.1159,-121.6467,3.9,4.9,5.215215239664651,17.507089020833334,0.9737737583333334,4.022259770833332,0.9995462806873572,-0.0301203048469081,-1.4221277892199347,0.11558328057342138,1.040249966007463,-1.4221277892199349,1,-1.4136506300132896,-1.3110164746882687,-1.5417162629582464,0.020065113489079602,6
6615,US-Tw3,2017-04-19,US-Bi1,Croplands,38.1159,-121.6467,3.1,3.9,4.534168346097377,18.591247958333337,0.4973074416666666,2.1982678125,0.9536809966304456,-0.3008198076356673,-0.6069404851525582,0.11444336591133619,0.7087851975354209,-0.6069404851525584,1,-0.5134790994640874,-0.73457860064768,-0.5727637553459071,-0.06985427573343894,6
6616,US-Tw3,2017-04-27,US-Bi1,Croplands,38.1159,-121.6467,4.7,4.7000003,6.692257954698216,19.000932541666675,0.6289450312499999,4.485746479166666,0.9033558023246844,-0.4288919379124835,-1.120026681107926,0.08505169816647055,0.984623969496948,-1.1200266811079258,1,-1.1358006147453066,-1.0281922389001386,-1.1960871896783325,-0.03207009054554527,6
6617,US-Tw3,2017-05-05,US-Bi1,Croplands,38.1159,-121.6467,5.5,4.6,5.869256720959369,18.651461854166666,0.6415124354166668,5.9652161875,0.835925479418637,-0.548842958284719,-1.2558525085749532,0.1814151190553368,1.5918621471153418,-1.2558525085749532,1,-1.1240263830601145,-1.1807767423576219,-1.4627544003071233,0.19292091246408422,6
6618,US-Tw3,2017-05-13,US-Bi1,Croplands,38.1159,-121.6467,5.5,5.3,5.763756376914466,15.897923395833336,0.7076145249999998,3.630745583333333,0.7526668275320084,-0.6584015846980488,-2.1307064544827905,0.12370794454337611,0.8296773697876473,-2.1307064544827905,1,-2.254540212825393,-2.1304544418418434,-2.0071247087811344,-1.3294442835329736,6
6619,US-Tw3,2017-05-21,US-Bi1,Croplands,38.1159,-121.6467,6.6,6.5,6.593835298295541,23.87973510416667,1.5119508833333335,1.8306163541666665,0.6551563572090853,-0.7554933140726803,-2.1265643415349333,0.2482221038948578,0.7800399942535314,-2.1142349381260153,1,-1.8472249179637927,-2.3218337627729526,-2.2106343438680547,-1.5509784190261717,6
6620,US-Tw3,2017-05-29,US-Bi1,Croplands,38.1159,-121.6467,3.0,5.3,1.4337559271693898,20.054573791666662,0.7176280812500001,5.6076829791666665,0.545240438540651,-0.8382797052177743,0.10327585809831961,0.2105869702841804,1.219296763504349,-0.10327585809831952,1,0.28831488958179513,-0.12587194781135264,0.14738463252451633,-0.08197612889092933,6
6621,US-Tw3,2017-06-06,US-Bi1,Croplands,38.1159,-121.6467,3.9,7.2000003,4.018049509592332,21.84818289583333,1.2756643354166664,3.508573333333333,0.4250003399695541,-0.9051931898913974,-0.22119128864448,0.16980029605274014,0.9512596440901021,-0.22119128864448,1,-0.379579951830337,-0.04191242243083171,-0.24208149167227128,-0.11123700606658107,6
6622,US-Tw3,2017-06-14,US-Bi1,Croplands,38.1159,-121.6467,4.7,7.7000003,5.943426566439711,23.55869850000001,1.5335953083333334,3.3708268958333343,0.2967128192734907,-0.9549667548552552,-0.7220426554934658,0.11390524524314456,1.1213858975663566,-0.7220426554934658,1,-0.8179736297975082,-0.7520023954550618,-0.5961519412278278,-0.1455525054801849,6
6623,US-Tw3,2017-06-22,US-Bi1,Croplands,38.1159,-121.6467,4.0,9.0,4.177934935939546,30.58156277083333,2.8323838395833327,4.365496458333333,0.1628070129385171,-0.986657932891657,-1.1753682420017764,0.17948660350424822,1.4129633789904947,-1.1753682420017764,1,-1.200892455402752,-1.3407263944948662,-0.9844858761077108,-0.5243674711015122,6
6624,US-Tw3,2017-06-30,US-Bi1,Croplands,38.1159,-121.6467,3.7,7.5,2.81759258648927,23.35192422916667,1.2276256020833334,5.1598036458333345,0.025818440227133,-0.9996666485105112,-0.17500554153258732,0.09189488812909384,1.0934400289495148,0.1750055415325873,1,-0.0995812648222304,-0.1480798092058018,-0.2773555505697298,-0.12163867995808299,6
6625,US-Tw3,2017-07-08,US-Bi1,Croplands,38.1159,-121.6467,4.2,10.1,5.656469557169183,28.63340154166667,2.9156626875,3.8879569791666655,-0.1116590071216944,-0.993746580436178,-1.72927457181171,0.14026136080880114,1.4094459931792918,-1.7292745718117102,1,-1.7740015228242707,-1.8417178996418215,-1.5721042929690374,-0.8593350681606297,6
6626,US-Tw3,2017-07-16,US-Bi1,Croplands,38.1159,-121.6467,4.3,9.900001,5.906028309931204,29.8613694375,2.934399339583332,3.572229708333332,-0.2470221804809352,-0.9690098257244064,-1.7939834665815646,0.07294899468726058,1.2608522448400585,-1.7939834665815644,1,-1.8283880081963053,-1.843367992236343,-1.7101943993120452,-1.2231662356347544,6
6627,US-Tw3,2017-07-24,US-Bi1,Croplands,38.1159,-121.6467,2.6,6.9,1.3933546474026948,22.492165291666662,1.00962745625,4.8548049791666665,-0.3777079652039646,-0.92592477719385,0.31702450309923286,0.09278580398732371,1.1629455012429115,-0.3170245030992329,1,0.422932025691125,0.2500385318771935,0.27810295172938015,-0.09214220288244075,6
6628,US-Tw3,2017-08-01,US-Bi1,Croplands,38.1159,-121.6467,3.1,8.7,3.326221052782659,27.747192604166656,2.1915767354166658,3.912039708333333,-0.5012418134457756,-0.8653072543632061,-0.7677994444512762,0.24085740917770382,1.195541801080746,-0.7677994444512762,1,-0.7040502538731911,-1.034118749813451,-0.5652293296671862,-0.21275742439054718,6
6629,US-Tw3,2017-08-09,US-Bi1,Croplands,38.1159,-121.6467,3.5,6.4,2.79594548738119,23.13475808333333,0.8250028833333335,4.421643729166667,-0.6152845999633277,-0.7883050558305253,0.1898426046241284,0.03691745708499112,1.1745652409569143,-0.18984260462412839,1,0.2231912114894276,0.15017261784155528,0.19616398454140238,-0.1171906593323274,6
6630,US-Tw3,2017-08-17,US-Bi1,Croplands,38.1159,-121.6467,4.1,6.5,2.4712604597102628,24.42879275,1.13464771875,4.881883208333335,-0.7176769136759615,-0.6963762255968726,-0.23242539305307233,0.10965767425647364,1.2075039730848847,0.23242539305307242,1,-0.1595066318324371,-0.3585337905005805,-0.1792357568261994,-0.11123700606658107,6
6631,US-Tw3,2017-08-25,US-Bi1,Croplands,38.1159,-121.6467,1.8,7.1,1.8471021308404965,24.574192,1.4337230020833331,2.1020870000000005,-0.8064799463209447,-0.5912614448635782,-0.4134085810956385,0.07483368112262181,0.7975591344572327,-0.4134085810956385,1,-0.4901826342234013,-0.40936377934486196,-0.3406793297186522,-0.09214220288244075,6
6632,US-Tw3,2017-09-02,US-Bi1,Croplands,38.1159,-121.6467,2.7,7.3,2.6034900523248963,29.67291931250001,2.063408725,1.2185626354166668,-0.8800122039735356,-0.4749510720670502,-1.074799146555198,0.16576002979755441,0.8204578606547119,-0.8817792512049902,1,-1.0627440073722898,-1.2462576464255655,-0.915395785867739,-0.19076365051511868,6
6633,US-Tw3,2017-09-10,US-Bi1,Croplands,38.1159,-121.6467,2.1,6.2000003,2.668477978911368,27.5260751875,1.656074970833333,1.4400499791666668,-0.9368813462954316,-0.3496474552512282,-0.5999839353809482,0.1286265679575312,0.9186728945692778,-0.5999839353809482,1,-0.6895692386619252,-0.657785869667666,-0.4525966978132534,-0.0694776841986779,6
6634,US-Tw3,2017-09-26,US-Bi1,Croplands,38.1159,-121.6467,1.3,5.8,1.6370554821721697,23.3603125625,1.813853825,2.11681025,-0.99665890175417,-0.0816763953304228,-0.2828316761832467,0.1592364585707658,0.9198294824665325,-0.2828316761832468,1,-0.34060390751734526,-0.40511773620725766,-0.10277338482513729,-0.05487047045565391,6
6635,US-Tw3,2017-10-04,US-Bi1,Croplands,38.1159,-121.6467,1.4,4.1,1.5399365614452136,18.430187708333328,1.03004000625,1.7256627499999997,-0.9984354211555644,0.055916990100603,-0.3941227922377802,0.18133812079546852,0.6120402595534916,-0.39412279223778013,1,-0.5943965508866305,-0.3469135073337373,-0.2410583184929728,-0.04827411196376509,6
6636,US-Tw3,2017-10-12,US-Bi1,Croplands,38.1159,-121.6467,2.1,4.8,2.0052406014817734,18.487585020833325,1.3353716104166666,4.186657270833335,-0.9813064702716092,0.1924515819708299,-0.42351638038082523,0.2643849479940761,0.9774339680639764,-0.23399758334437187,1,-0.36304963044333316,-0.7128968754181298,-0.19460263528101263,-0.06288132570678902,6
6637,US-Tw3,2017-10-28,US-Bi1,Croplands,38.1159,-121.6467,1.3,3.5,1.7677056531637745,20.322201375,0.9367798833333332,1.5535685416666667,-0.8919813464595487,0.4520722039323037,-0.08021233156437359,0.18483409355212874,0.7499301700791206,-0.08021233156437357,1,-0.18851899736731303,-0.18532573011120373,0.133207732785396,-0.027584572772200066,6
6638,US-Tw3,2017-11-05,US-Bi1,Croplands,38.1159,-121.6467,1.4,1.8000001,1.884222081526002,15.028792916666662,0.46468831875,2.4932273958333333,-0.8214765533024145,0.5702422926917867,-0.16617509224725802,0.10185114617904487,0.7762758508728039,-0.16617509224725802,1,-0.21970136641379517,-0.04872094426229265,-0.23010296606568628,-0.027584572772200066,6
6639,US-Tw3,2017-11-13,US-Bi1,Croplands,38.1159,-121.6467,1.1,1.5,1.4799695366976482,19.652955,0.33226171875,1.6352926250000008,-0.7354170229639858,0.6776147890466887,0.28552007329961554,0.21299849867112275,0.8956290699374929,0.28552007329961554,1,0.0992616895452686,0.2395477867624095,0.5177507435911686,-0.027584572772200066,6
6640,US-Tw3,2017-11-29,US-Bi1,Croplands,38.1159,-121.6467,0.3,1.3000001,0.9435095305380364,17.07776920833333,0.4091962562500001,1.8715990833333336,-0.5234156073655503,0.8520775211013093,0.3738703626944613,0.1841236147914667,0.7275702428965687,0.3738703626944613,1,0.2203594437542689,0.32323938706065936,0.5780122572684557,-0.027584572772200066,6
6641,US-Tw3,2017-12-07,US-Bi1,Croplands,38.1159,-121.6467,0.5,2.1000001,0.5961850667816495,13.136213520833335,0.3550029687499999,1.111733625,-0.4014879892059737,0.9158642882672868,0.4785321749430624,0.055217696863781605,0.6195390158836551,-0.28616204137976337,1,0.4391554872937915,0.5416497876916538,0.45479124984374164,-0.027584572772200066,6
6642,US-Tw3,2018-02-01,US-Bi1,Croplands,38.1159,-121.6467,1.3,1.7,1.8603060915134195,18.747062145833333,0.438180325,1.2659660000000004,0.5234156073655503,0.8520775211013093,0.09601131608728038,0.2321989205849578,0.9647067961500241,0.09601131608728036,1,0.13283222990593568,-0.1523980624499299,0.3075997808058354,-0.027584572772200066,6
6643,US-Tw3,2018-02-09,US-Bi1,Croplands,38.1159,-121.6467,1.0,2.3,2.05991401851172,18.994980958333333,0.5799305520833333,1.2095353958333332,0.6354323008901774,0.7721565844991642,0.10000791171716245,0.21078115665044916,1.0214180478879238,0.10000791171716239,1,0.1820818794951637,-0.13946443660767383,0.25740629226399747,-0.027584572772200066,6
6644,US-Tw3,2018-02-17,US-Bi1,Croplands,38.1159,-121.6467,1.2,2.0,1.5810285295578403,14.8259395,0.52308738125,1.0883163333333334,0.7354170229639855,0.6776147890466889,0.10889958374189217,0.1812683910285834,1.0029388105150645,0.10889958374189218,1,0.25121308683395766,-0.0951796253285932,0.17066528972031203,-0.027584572772200066,6
6645,US-Tw3,2018-02-25,US-Bi1,Croplands,38.1159,-121.6467,1.4,2.8,2.076304170110886,13.742548249999995,0.5443350124999998,3.0383546875,0.8214765533024142,0.5702422926917871,-0.12597064894456947,0.01684835468605056,0.7848370917963489,-0.12597064894456944,1,-0.1436368093835924,-0.1241942773866074,-0.11008086006350853,-0.0335382260379464,6
6646,US-Tw3,2018-03-05,US-Bi1,Croplands,38.1159,-121.6467,1.4,2.6000001,2.1644812352470235,13.468198458333331,0.3468987187500001,2.159597416666666,0.8919813464595485,0.4520722039323043,-0.03357702031048851,0.05682535682586277,0.6770495945828607,-0.03357702031048848,1,0.024657265453296745,-0.036508343564709056,-0.08887998282005322,-0.027584572772200066,6
6647,US-Tw3,2018-03-29,US-Bi1,Croplands,38.1159,-121.6467,3.8,4.2000003,4.565127158026886,20.689337625000004,0.8233553104166668,1.6109321666666665,0.9984354211555644,0.0559169901006034,-0.8541916670010585,0.006730757622596096,0.697332464361937,-0.8541916670010585,1,-0.8469797975066605,-0.8603065461420144,-0.8552886573545007,0.03153582159261235,6
6648,US-Tw3,2018-04-14,US-Bi1,Croplands,38.1159,-121.6467,3.0,4.7000003,2.5941398629756214,19.521286145833336,0.8734312645833334,1.8364520208333333,0.9760105506323684,-0.2177232303965317,-0.08227126040624602,0.11865867999519941,0.6505344658315793,0.082271260406246,1,-0.027673404580223826,-0.21840119466673058,-0.000739181971783659,-0.08197612889092933,6
6649,US-Tw3,2018-04-22,US-Bi1,Croplands,38.1159,-121.6467,4.1,5.7000003,3.5187499953666213,21.58388010416667,0.8651904687499999,1.6145883958333327,0.9368813462954316,-0.3496474552512284,-0.45366922261981574,0.07739229293757065,0.5320247867906576,0.45366922261981574,1,-0.3888743979268369,-0.5393656971146146,-0.4327675728179955,-0.03255415269180113,6
6650,US-Tw3,2018-05-08,US-Bi1,Croplands,38.1159,-121.6467,4.7,5.9,5.773365396794911,21.423805520833326,0.9679747416666664,5.1762632916666655,0.8064799463209448,-0.5912614448635781,-0.8665743893216252,0.11090989120706221,1.3068728737697461,-0.8665743893216251,1,-0.7761361051994724,-0.833265246406249,-0.9903218163591542,-0.1331298292710724,6
6651,US-Tw3,2018-05-24,US-Bi1,Croplands,38.1159,-121.6467,2.8,5.0,1.3900312351274158,18.82205454166666,0.5139584395833333,7.396883354166665,0.6152845999633276,-0.7883050558305255,0.2686948220931244,0.2094303365757256,1.1710818416945241,-0.26869482209312445,1,0.31614480046107185,0.03961053669180703,0.45032912912649437,-0.06288132570678902,6
6652,US-Tw3,2018-06-01,US-Bi1,Croplands,38.1159,-121.6467,2.7,7.0,3.0919108385812613,21.56055610416667,1.1815313416666666,3.4603569375,0.5012418134457758,-0.865307254363206,0.12532109535626093,0.13482041874667844,1.0964195976694069,0.1253210953562609,1,-0.008579275651837415,0.26104310135351744,0.1234994603671028,-0.09214220288244075,6
6816,US-Twt,2016-01-27,US-Bi1,Croplands,38.1087203999999,-121.6531,1.3,1.3000001,0.8720119486964417,14.809873375000002,0.2538251208333332,0.9874157916666664,0.4482293417404106,0.893918596519257,0.30984481287129323,0.18868987700878115,0.9398323324678122,-0.3098448128712932,1,0.297991405080669,0.12736108120529993,0.5041819523279109,-0.027584572772200066,6
6817,US-Twt,2016-02-04,US-Bi1,Croplands,38.1087203999999,-121.6531,1.6,2.0,1.0649147879160965,13.27002002083333,0.22943933125,2.8245793333333338,0.5667017562911176,0.8239230057575542,-0.20753971783398717,0.1223329734390182,0.7668525744244585,0.20753971783398717,1,-0.14572964171585284,-0.34844472070275034,-0.12844479108335832,-0.027584572772200066,6
6818,US-Twt,2016-03-15,US-Bi1,Croplands,38.1087203999999,-121.6531,2.6,2.9,3.270805108252222,16.733959020833336,0.5144206854166667,2.500846333333333,0.9611297838723007,0.2760969730974688,-0.545200929238523,0.16761348459833686,0.8959346015665324,-0.5452009292385229,1,-0.39731155310557786,-0.7272697567903719,-0.5110214778196192,-0.01206670067634886,6
6819,US-Twt,2016-03-23,US-Bi1,Croplands,38.1087203999999,-121.6531,3.1,3.4,3.383882395171961,16.96517064583334,0.5976405791666667,2.570318541666667,0.989932495087353,0.141540295217043,-0.9292906933507749,0.13544116839917142,0.7902702071011307,-0.929290693350775,1,-0.7908204383434305,-1.0614845490498568,-0.9355670926590371,0.07116552007266501,6
6820,US-Twt,2016-03-31,US-Bi1,Croplands,38.1087203999999,-121.6531,3.5,4.0,4.533253264065628,17.785881750000012,0.5756469229166666,5.234998041666667,0.99999073973619,0.0043035382962442,-0.7456194725593369,0.14863414906786127,1.2846340565202417,-0.745619472559337,1,-0.6162899438741753,-0.712572850530202,-0.9079956232736333,-0.0642493519310153,6
6821,US-Twt,2016-04-16,US-Bi1,Croplands,38.1087203999999,-121.6531,3.0,5.0,2.7839575834161003,21.6340275,1.3175553812500005,2.1691638124999995,0.9634705485641488,-0.2678143051621742,-0.19518044813355653,0.23574948732868214,0.8301492879067555,0.19518044813355653,1,0.03287609040943795,-0.4379351024105266,-0.180482332399581,-0.08197612889092933,6
6822,US-Twt,2016-04-24,US-Bi1,Croplands,38.1087203999999,-121.6531,1.9,4.7000003,1.0646896823775471,18.6068383125,0.7514966729166667,6.226441583333334,0.9175836260593936,-0.3975428142825559,-0.1316463044334266,0.24353694472873855,1.2587576029119627,0.13164630443342662,1,0.14833788491016664,-0.2943734763212092,-0.24890332188923722,-0.09062160894581829,6
6823,US-Twt,2016-05-02,US-Bi1,Croplands,38.1087203999999,-121.6531,1.0,5.5,0.4378002980472,21.339423916666664,1.0748607645833337,3.031494499999998,0.854322169749827,-0.5197438121555155,0.4977432955270187,0.10609849011362246,0.9660823597067753,-0.4977432955270187,1,0.6201305344594524,0.4317629846918094,0.44133636742979443,-0.05487047045565391,6
6824,US-Twt,2016-05-10,US-Bi1,Croplands,38.1087203999999,-121.6531,0.9,5.7000003,0.7649478964261066,22.93029475,1.032184454166667,4.5753671875,0.7748840413670407,-0.6321034111873487,0.3253430950377372,0.13921182228728834,1.0769450991652085,-0.3253430950377372,1,0.39905935646273216,0.41219578060938233,0.16477414804109702,-0.05487047045565391,6
6825,US-Twt,2016-05-18,US-Bi1,Croplands,38.1087203999999,-121.6531,0.8,8.400001,1.005303314198245,29.53726929166667,2.4264324729166664,3.720853625,0.6807734094770161,-0.7324940716135789,0.12634504789146658,0.06605904895226529,0.9404544524491545,0.12634504789146658,1,0.12616897277618483,0.060374212489881784,0.1924919584083331,-0.1280736744465591,6
6826,US-Twt,2016-05-26,US-Bi1,Croplands,38.1087203999999,-121.6531,1.9,6.4,0.6021396017190047,21.82214964583333,1.0827838875,3.3825806041666664,0.5737722679043246,-0.8190148866680801,0.40547487335378724,0.08983835799791644,0.9993922182486521,-0.4054748733537872,1,0.5080954490071368,0.3673058813990261,0.3410232896551989,-0.09214220288244075,6
6827,US-Twt,2016-06-11,US-Bi1,Croplands,38.1087203999999,-121.6531,4.1,7.3,2.2340761511918523,25.52539527083333,1.88723651875,4.087582604166668,0.3294084822245304,-0.9441875088341992,-0.5458658355070355,0.1737523222174323,1.2777793188233266,0.5458658355070356,1,-0.6957378368551006,-0.5864445823109532,-0.3554150873550528,-0.13897728930561037,6
6828,US-Twt,2016-06-19,US-Bi1,Croplands,38.1087203999999,-121.6531,2.4,7.4,2.9765772669525288,26.602624020833336,1.9922272000000003,2.4409861875000005,0.1966728897935764,-0.980469160361632,-0.011994985856175847,0.15100920205156132,1.1092309062485224,-0.011994985856175866,1,-0.13445118616126112,-0.058271017528321256,0.15673724612105483,-0.09214220288244075,6
6829,US-Twt,2016-06-27,US-Bi1,Croplands,38.1087203999999,-121.6531,8.4,8.900001,8.161782603334434,31.588401979166665,2.5175900270833336,3.792104416666666,0.060213277365793,-0.9981855344718586,-3.2169623596823755,0.31473172864562127,1.6889823585085793,-2.740527566351242,1,-2.862029647347688,-3.3268037330229774,-3.4620536986764625,-10.398905783306033,6
6830,US-Twt,2016-07-05,US-Bi1,Croplands,38.1087203999999,-121.6531,7.4,7.0,6.234217746420296,21.900679937500005,0.8004096895833333,5.334180874999999,-0.0773864792334632,-0.9970011699250152,-1.3832833716845416,0.26722819889789956,1.534399585493471,0.9482811354748664,1,-1.3631391301768447,-1.1266973452971956,-1.660013639579585,0.5042503647385239,6
6831,US-Twt,2016-07-13,US-Bi1,Croplands,38.1087203999999,-121.6531,7.4,8.900001,6.675850433150015,29.378077125,1.8671176979166668,1.9642014166666664,-0.2135209154397959,-0.9769384927771816,-2.36603790705284,0.18511550495326898,1.1998851172958849,-0.9177387733528692,1,-2.1527072104757745,-2.4843334143068296,-2.4610730963759155,2.954405363226155,6
6832,US-Twt,2016-07-21,US-Bi1,Croplands,38.1087203999999,-121.6531,7.7,7.6,9.096805216186524,23.800474895833336,1.1225036333333331,3.6127561041666674,-0.3456123126707333,-0.9383773917408642,-2.4269528882676528,0.25790745027706014,1.400000097540349,-2.4269528882676528,1,-2.157709222884266,-2.671788782660217,-2.4513606592584747,2.042857126433939,6
6833,US-Twt,2016-07-29,US-Bi1,Croplands,38.1087203999999,-121.6531,8.3,9.8,8.813289081953819,29.09462172916667,1.7400295375,1.829098916666667,-0.4711595076738639,-0.8820480249558535,-3.3061188368156578,0.38386488572760374,1.6967959338483056,-3.3061188368156578,1,-2.9026573534985145,-3.3488955785109864,-3.666803578437471,-10.398905783306033,6
6834,US-Twt,2016-08-06,US-Bi1,Croplands,38.1087203999999,-121.6531,6.7,6.6,6.352112722949268,22.55968110416666,0.8306175125,2.5005718750000003,-0.5877852522924734,-0.8090169943749472,-1.6485351201204193,0.15957302049182936,0.999367584741681,-0.9527605660189558,1,-1.491515142188661,-1.6435460446207708,-1.8105441735518264,-0.6786460708084996,6
6835,US-Twt,2016-08-14,US-Bi1,Croplands,38.1087203999999,-121.6531,7.6,8.1,7.94202119782899,27.067172437499995,1.5686041833333335,1.7670399583333325,-0.6932812268869771,-0.7206671495538615,-2.7881630881983743,0.39268434639960836,1.0514174851676867,-2.7881630881983743,1,-2.362508591709038,-2.8656585843628513,-3.136322088523235,-10.732053431793581,6
6836,US-Twt,2016-08-22,US-Bi1,Croplands,38.1087203999999,-121.6531,5.7,6.3,5.5793042943615285,22.63387633333333,0.8489715166666668,3.690157229166666,-0.7856498550787144,-0.6186714032625032,-1.1907150506384776,0.1708455056133608,1.0120883696345593,-0.9493236393615343,1,-1.0224293690864554,-1.3640101983207793,-1.1857055845081983,-0.5489461903123775,6
6837,US-Twt,2016-08-30,US-Bi1,Croplands,38.1087203999999,-121.6531,6.2,7.0,6.794434445489606,26.113677145833336,1.3750088104166671,3.2469705625,-0.8631421280499115,-0.5049610547215202,-2.0647025240593315,0.14601271369026245,0.9767274868212862,-2.0647025240593315,1,-1.8973775321812822,-2.1304353552231112,-2.1662946847736007,-1.4489438686485536,6
6838,US-Twt,2016-09-07,US-Bi1,Croplands,38.1087203999999,-121.6531,5.2,6.8,4.672410442612222,26.46028608333334,1.5996025645833336,1.2268103958333336,-0.9242907221930934,-0.3816892202666586,-1.670706123536738,0.261542065221121,0.8158257900789678,-0.615527008761181,1,-1.547768689908727,-1.493283562904605,-1.971066117796882,-0.3019446277006405,6
6839,US-Twt,2016-09-15,US-Bi1,Croplands,38.1087203999999,-121.6531,4.7,5.6,4.199812048187632,23.625657354166663,1.2630896687499995,1.951438791666667,-0.9679377830240642,-0.2511900638848195,-1.3318748577734187,0.06647013097497054,0.9153707872124931,-0.3314989541486828,1,-1.3794990834492356,-1.2559357062855554,-1.360189783585465,-0.11613801364270614,6
6840,US-Twt,2016-09-23,US-Bi1,Croplands,38.1087203999999,-121.6531,3.9,5.5,3.5307440090112387,21.576250145833335,1.2156549645833337,1.9869707708333333,-0.9932568492674144,-0.1159345995955006,-1.2286847760716777,0.03251424965914255,0.8394611200851921,-0.4901727940941554,1,-1.1981669329885736,-1.2628823451642912,-1.225005050062168,-0.12209166690845247,6
6841,US-Twt,2016-10-01,US-Bi1,Croplands,38.1087203999999,-121.6531,3.8,4.8,2.896007581056377,19.705597583333333,0.9728092666666672,2.610386083333333,-0.9997685019798908,0.0215160974362222,-1.2178341158499042,0.15336859223982482,0.6941206963981488,0.5901507220373419,1,-1.0794956797989712,-1.3827570957798625,-1.191249571970879,-0.00031103704306249076,6
6842,US-Twt,2016-10-09,US-Bi1,Croplands,38.1087203999999,-121.6531,3.0,4.7000003,1.6853625795480722,21.378984520833328,1.3260440104166669,0.9852435,-0.9873494423939864,0.1585593851031347,-0.7058010620551526,0.10828225307953113,0.8255366641548836,0.7058010620551526,1,-0.6887403462924868,-0.821600918468122,-0.6070619214048489,-0.04151243798054509,6
6843,US-Twt,2016-10-17,US-Bi1,Croplands,38.1087203999999,-121.6531,1.6,2.3,1.6322186405976995,20.204311333333333,0.5585196166666667,1.7716074166666662,-0.9562348265919058,0.2926003356333479,0.0041658030120940714,0.10054828382643484,0.814276087989618,0.0041658030120940714,1,-0.08760819546452564,-0.01153540508794415,0.111641009588752,-0.027584572772200066,6
6844,US-Twt,2016-11-02,US-Bi1,Croplands,38.1087203999999,-121.6531,0.9,1.8000001,0.7652663626451643,16.582712333333333,0.3729958,1.043774375,-0.8406184056344783,0.5416278206559811,0.3400775511044148,0.179328946236512,0.7792133115141671,-0.3400775511044148,1,0.2182484580804006,0.25598477011878346,0.5459994251140604,-0.027584572772200066,6
6845,US-Twt,2016-11-18,US-Bi1,Croplands,38.1087203999999,-121.6531,1.7,2.0,1.0126960233854867,11.668193479166666,0.3604624333333334,1.3149459375,-0.661634618242279,0.749826401204568,0.09809820293170353,0.11938045419449997,0.6294252103269933,-0.09809820293170357,1,-0.0019632897189603704,0.06601642822597742,0.23024147028809355,-0.042191786515224025,6
6846,US-Twt,2016-12-04,US-Bi1,Croplands,38.1087203999999,-121.6531,1.0,1.1,0.6085323640189496,10.9322952,0.2424527395833333,0.8468681041666667,-0.4327755925504317,0.9015016841318838,0.49721807874554175,0.12479964741574551,0.5904200530037287,-0.4972180787455417,1,0.43362916032838794,0.41702017622352194,0.6410048996847153,-0.027584572772200066,6
6847,US-Twt,2017-01-29,US-Bi1,Croplands,38.1087203999999,-121.6531,1.6,1.7,0.5342638424771395,14.274283020833336,0.2646548291666666,0.8758155624999997,0.4787338401157884,0.8779600847008882,0.33081861377078847,0.1324996426810923,0.8217167399894638,-0.33081861377078847,1,0.31951174162513796,0.2043347300118245,0.468609369675403,-0.027584572772200066,6
6848,US-Twt,2017-02-14,US-Bi1,Croplands,38.1087203999999,-121.6531,1.4,1.4,1.364372980894199,17.50494698958333,0.3478623625000001,0.9582981875,0.6994583270516471,0.7146733860429609,0.08712878478011515,0.35134038998799216,1.1042782340709478,-0.08712878478011515,1,0.23470195325377508,-0.31392938330856407,0.34061378439513446,-0.027584572772200066,6
6849,US-Twt,2017-04-03,US-Bi1,Croplands,38.1087203999999,-121.6531,4.4,4.9,4.279633559731296,18.6520245625,1.0752230604166666,3.478493124999998,0.9995462806873572,-0.0301203048469081,-1.693549280615566,0.13261330914222605,0.9109986507687541,-1.4528164000781583,1,-1.5545771571541698,-1.7073455637767232,-1.8187251209158046,-0.1691133799031948,6
7454,US-Var,2016-01-12,US-Var,Grasslands,38.4133,-120.9507,0.7,1.2,0.4778835639022038,13.662862500000005,0.425843,1.3056606249999996,0.2051044998686192,0.9787400799669153,0.3356017713443012,0.1530271068897476,0.8782328292033649,-0.3356017713443012,1,0.19442335993850401,0.31416496138995287,0.49821699270444664,-0.027584572772200066,6
7455,US-Var,2016-02-05,US-Var,Grasslands,38.4133,-120.9507,0.4,1.7,0.6213664713410569,13.516524999999994,0.3457959166666666,1.1836453958333333,0.5808002734538009,0.8140460935082178,0.22287573407112746,0.1081122926945875,0.908287458306987,0.21985720861098637,1,0.209019327200256,0.12235968301544664,0.33724819199767964,-0.027584572772200066,6
7456,US-Var,2016-02-12,US-Var,Grasslands,38.4133,-120.9507,0.9,1.5,1.0584513667654358,17.519875000000006,0.6442683333333333,1.3473643749999995,0.6744436188329455,0.7383263540031065,0.01061448276744803,0.3466272350029399,1.1288179201977857,0.01061448276744803,1,0.11546440838733618,-0.37633299029989453,0.29271203021490244,-0.027584572772200066,6
7457,US-Var,2016-02-13,US-Var,Grasslands,38.4133,-120.9507,1.6,2.1000001,1.1773184954011269,17.043958333333332,0.6532695833333335,1.5697904166666663,0.6870527672236669,0.7266075247685656,-0.13535748648420987,0.23229946457879747,0.9654067458739816,0.13535748648420987,1,0.01065195510622663,-0.40323132609621926,-0.013493088462636998,-0.027584572772200066,6
7458,US-Var,2016-02-21,US-Var,Grasslands,38.4133,-120.9507,1.1,1.9,1.1956913842998926,14.26695833333334,0.3451069999999999,1.4380297916666664,0.7802958510707755,0.6254105729852463,0.0450273261147775,0.23457517047033996,0.8520363423736022,0.0450273261147775,1,0.1324339919702257,-0.22070205635266743,0.22335004272677422,-0.027584572772200066,6
7459,US-Var,2016-02-29,US-Var,Grasslands,38.4133,-120.9507,2.1,1.8000001,2.214693458664998,17.36554166666666,0.7993081250000001,1.3418479166666666,0.8587639582758029,0.5123714121284237,-0.317125205294248,0.42591155576577755,1.1192998487811037,-0.317125205294248,1,0.07151305707927164,-0.7724441048703562,-0.25044456809165927,-0.143054812989528,6
7460,US-Var,2016-03-15,US-Var,Grasslands,38.4133,-120.9507,2.0,2.5,2.6725736115441667,14.560547916666671,0.5800013541666668,1.5237122916666668,0.9611297838723007,0.2760969730974688,-0.049040781194322036,0.15450383396587797,0.8603855008486512,-0.04904078119432209,1,0.12636215724322725,-0.16496974765887742,-0.10851475316731592,-0.042191786515224025,6
7461,US-Var,2016-03-16,US-Var,Grasslands,38.4133,-120.9507,2.8,2.8,2.2520777026178913,15.794687500000006,0.5410364583333334,1.2165268749999991,0.9657399376548548,0.2595117970697999,-0.2778974686531777,0.05164571604045886,0.7756336278434266,0.2778974686531777,1,-0.27949167214985027,-0.3287276259037473,-0.22547310790593558,-0.042191786515224025,6
7462,US-Var,2016-03-23,US-Var,Grasslands,38.4133,-120.9507,2.7,3.1000001,2.8551326425418107,14.543281249999998,0.5844954166666666,1.1234635208333337,0.989932495087353,0.141540295217043,-0.07829050212116155,0.0529799676062919,0.6609196629973288,-0.07829050212116156,1,-0.1253345530556937,-0.08863615920401395,-0.020900794103777015,-0.042191786515224025,6
7463,US-Var,2016-03-24,US-Var,Grasslands,38.4133,-120.9507,3.0,3.2,3.0346373188080715,16.59425,0.6376729166666667,1.34910875,0.9922222094179324,0.1244792638867891,-0.33261737279852643,0.021275606910587094,0.7187645626903537,-0.33261737279852643,1,-0.34917372945474473,-0.30862083768232096,-0.34005755125851356,-0.06724024296511066,6
7464,US-Var,2016-03-31,US-Var,Grasslands,38.4133,-120.9507,3.4,3.4,2.9986202219500213,16.13077083333333,0.4746766874999999,0.9233002083333334,0.99999073973619,0.0043035382962442,-0.39687674928284983,0.28302088744259835,0.8104570221250473,0.39687674928284983,1,-0.6568542057383935,-0.43838033671375504,-0.09539570539640091,-0.06128658969936431,6
7465,US-Var,2016-04-01,US-Var,Grasslands,38.4133,-120.9507,3.4,3.4,3.2115933328603696,16.89802083333333,0.5225872708333333,1.0331864583333334,0.999916658654738,-0.0129102960750088,-0.4699947093112434,0.19345592129505967,0.818784614779122,-0.09318137503198282,1,-0.6516861164857328,-0.4916939651994712,-0.2666040462485262,-0.06128658969936431,6
7466,US-Var,2016-04-08,US-Var,Grasslands,38.4133,-120.9507,3.2,3.4,2.555473228630847,18.644145833333337,0.4107657916666667,0.9066104166666666,0.9911140639934548,-0.1330147065341959,-0.2166755171084198,0.2860490205311446,0.8457709748074687,0.2166755171084198,1,-0.48815614124926665,-0.24386999317085456,0.08199958309486183,-0.06128658969936431,6
7467,US-Var,2016-04-16,US-Var,Grasslands,38.4133,-120.9507,4.5,4.6,4.1198272839528425,18.540291666666672,0.9852391666666668,0.9614089583333336,0.9634705485641488,-0.2678143051621742,-0.8558864163562457,0.06217424000093472,0.7631096755150839,-0.0955409842619307,1,-0.8419603162072969,-0.9238427768891214,-0.801856155972319,0.020350895042224825,6
7468,US-Var,2016-04-17,US-Var,Grasslands,38.4133,-120.9507,4.1,4.6,4.57984551712517,21.256479166666665,1.182187916666667,1.1103170833333331,0.9587178169872964,-0.2843591872810034,-0.49546018360107746,0.21910489413696824,0.8775633744684928,-0.49546018360107746,1,-0.41460745270524413,-0.7435017738394379,-0.3282713242585502,-0.08197612889092933,6
7469,US-Var,2016-04-25,US-Var,Grasslands,38.4133,-120.9507,3.8,4.2000003,3.7286506479082,15.102477083333332,0.6965411958333333,1.391395625,0.9106046300942164,-0.4132786077829042,-0.7655286457181113,0.07006298809604537,0.5516661693116572,-0.6228299415345117,1,-0.8306591292752993,-0.7745246525330298,-0.6914021553460048,0.08303918761310652,6
7470,US-Var,2016-05-02,US-Var,Grasslands,38.4133,-120.9507,3.9,5.2000003,4.229134915861162,21.388583333333333,1.2176502083333334,1.0218520833333335,0.854322169749827,-0.5197438121555155,-0.006946207514662646,0.13873351836338418,0.7551613090917849,-0.006946207514662628,1,0.133128140152791,-0.14429884733976808,-0.009667915357010864,-0.08197612889092933,6
7471,US-Var,2016-05-11,US-Var,Grasslands,38.4133,-120.9507,4.8,5.6,3.4348796529255443,22.24818749999999,1.3816572916666667,0.8715924999999999,0.7638886127905428,-0.6453481132295501,-0.40304828709256757,0.16479491303503435,0.8981511178538399,0.40304828709256757,1,-0.28557118774086554,-0.5914275391275052,-0.33214613440933205,-0.08857248738281821,6
7472,US-Var,2016-05-18,US-Var,Grasslands,38.4133,-120.9507,3.4,7.6,2.5366451333314988,25.949041666666663,2.272414166666666,1.0121820833333337,0.6807734094770161,-0.7324940716135789,-0.3686463746519433,0.290552396035804,1.662923945783043,0.3686463746519433,1,-0.03334425569768562,-0.5262943540666446,-0.5463005141914996,0.9474927970373004,6
7473,US-Var,2016-05-19,US-Var,Grasslands,38.4133,-120.9507,3.5,6.3,1.8382404602031333,21.01872916666667,1.209484375,1.5668693750000002,0.6680638642135335,-0.7441039398713607,0.2495903010226818,0.08183875112822474,0.7722523499915794,-0.24959030102268187,1,0.3229916391596992,0.16134582673958953,0.2644334371687567,-0.11123700606658107,6
7474,US-Var,2016-05-26,US-Var,Grasslands,38.4133,-120.9507,3.8,5.7000003,1.34930070807005,20.742395833333337,1.053035704166667,1.1855182083333338,0.5737722679043246,-0.8190148866680801,0.35872296969906214,0.03403484553207674,0.6396478311605148,-0.35872296969906214,1,0.38194347795249006,0.31965407926732226,0.3745713518773741,-0.09452614064856456,6
7475,US-Var,2016-05-27,US-Var,Grasslands,38.4133,-120.9507,3.4,5.7000003,1.418154621526745,22.97372916666667,1.602109791666667,1.2800304166666667,0.5595892624101765,-0.8287700871745037,0.231632077499096,0.14424803472418946,1.0153248244011357,-0.23163207749909587,1,0.3401207891498452,0.06793387247205374,0.2868415708753891,-0.08857248738281821,6
7476,US-Var,2016-06-11,US-Var,Grasslands,38.4133,-120.9507,2.3,5.8,0.2091040246742542,22.85039583333333,1.8516160416666667,1.30796375,0.3294084822245304,-0.9441875088341992,0.4220219301008883,0.17587603325867543,1.1806815202988918,-0.4220219301008883,1,0.4444819938704666,0.2359947637246934,0.5855890327075047,-0.0694776841986779,6
7477,US-Var,2016-06-19,US-Var,Grasslands,38.4133,-120.9507,1.3,5.9,0.1557116034489117,25.107916666666664,2.0785756250000005,1.243812916666666,0.1966728897935764,-0.980469160361632,0.5891504567476886,0.07586251153349134,1.2682463211633046,-0.5891504567476886,1,0.5375404693405399,0.5536575911408061,0.6762533097617199,-0.03923345293591398,6
7478,US-Var,2016-06-20,US-Var,Grasslands,38.4133,-120.9507,2.6,7.1,0.2278720354892114,26.574354166666662,2.6363950000000003,1.336863125,0.1797665857255624,-0.9837092937736096,-0.17551246824217484,0.20468645951186348,1.132929371805965,0.1755124682421747,1,-0.08912658606581927,-0.40923009599316107,-0.028180722667544178,-0.09214220288244075,6
7479,US-Var,2016-06-27,US-Var,Grasslands,38.4133,-120.9507,1.8,6.8,0.1512455015638201,30.58629166666667,3.575708333333333,1.4305199999999998,0.060213277365793,-0.9981855344718586,0.014643185993503977,0.12043147644744001,1.197203688153002,-0.014643185993503893,1,0.1507692457175725,-0.028802524410274977,-0.07803716332678559,-0.09214220288244075,6
7480,US-Var,2016-06-28,US-Var,Grasslands,38.4133,-120.9507,2.4,7.8,0.0465756928593976,30.39470833333333,3.4231562499999995,1.2644593750000002,0.0430222330045305,-0.99907411510223,-0.5137677801356297,0.16909247133621477,1.2745951453716458,0.5137677801356297,1,-0.3876431397854351,-0.7059102892825021,-0.4477499113389521,-0.1447393113865465,6
7481,US-Var,2016-07-05,US-Var,Grasslands,38.4133,-120.9507,1.9,7.0,0.0428044818670041,22.29375000000001,1.4077389583333335,1.1752212083333329,-0.0773864792334632,-0.9970011699250152,0.3311345695086743,0.042870189121487275,1.186540217758246,-0.33113456950867426,1,0.37334824526020116,0.287636722277127,0.33241874098869484,-0.09214220288244075,6
7482,US-Var,2016-07-06,US-Var,Grasslands,38.4133,-120.9507,2.3,6.9,0.0878421178375732,22.483291666666663,1.4767766666666668,1.3223475,-0.0945367498171993,-0.9955213724144752,0.3317360754505893,0.02053227314719589,1.0209778053388365,-0.33173607545058914,1,0.35370603560642144,0.3130332667496457,0.3284689239957008,-0.0980958561481871,6
7483,US-Var,2016-07-13,US-Var,Grasslands,38.4133,-120.9507,1.5,7.1,0.136057551560776,27.67583333333333,2.9105256250000004,1.262811875,-0.2135209154397959,-0.9769384927771816,0.09003758293815863,0.12642084616389346,0.8789745339952159,-0.09003758293815856,1,0.14854337834887904,-0.0550386037565668,0.17660797422216362,-0.07753498913941685,6
7484,US-Var,2016-07-14,US-Var,Grasslands,38.4133,-120.9507,1.3,7.3,0.1057231731668172,29.79725,3.3663437500000004,1.2388147916666667,-0.2303056702306119,-0.973118337233262,0.07728211097926288,0.12978114191870516,1.113773781608111,-0.07728211097926296,1,0.21901523860236544,-0.03573816202084118,0.048569256356264384,-0.07753498913941685,6
7485,US-Var,2016-07-21,US-Var,Grasslands,38.4133,-120.9507,2.3,7.2000003,0.1478454660889497,24.098520833333332,2.168448125,1.2849366666666666,-0.3456123126707333,-0.9383773917408642,-0.12071844641765349,0.09929726007298016,0.8391150353483969,0.12071844641765361,1,-0.008555339044187427,-0.197403977056599,-0.156196023152174,-0.09214220288244075,6
7486,US-Var,2016-07-22,US-Var,Grasslands,38.4133,-120.9507,2.4,7.0,0.1580777082501569,25.50075,2.52163375,1.2656852083333334,-0.3617137307297674,-0.9322892131745134,-0.2341907041837391,0.16517826789700396,0.7910571498105932,0.23419070418373922,1,-0.0885980703319102,-0.4136919830913715,-0.20028205912793562,-0.09214220288244075,6
7487,US-Var,2016-07-29,US-Var,Grasslands,38.4133,-120.9507,1.6,7.9,0.1367877736967304,30.29483333333333,3.4918333333333336,1.230306458333333,-0.4711595076738639,-0.8820480249558535,-0.3577534066396373,0.15399503201255907,1.2327712846418515,0.3577534066396373,1,-0.18073472781436872,-0.43167643758280627,-0.4608490545217369,-0.10239181440449324,6
7488,US-Var,2016-07-30,US-Var,Grasslands,38.4133,-120.9507,1.6,8.2,0.0909814290299135,29.15616666666668,3.26023125,1.3537179166666666,-0.4862727071086902,-0.8738071036110807,-0.46363144843405807,0.10803679618738406,1.2337865611315153,0.463631448434058,1,-0.3448831863931566,-0.5561127845182621,-0.4898983743907557,-0.10239181440449324,6
7489,US-Var,2016-08-06,US-Var,Grasslands,38.4133,-120.9507,1.9,6.5,0.0871420932373798,22.866916666666665,1.6186827083333335,1.2252518750000003,-0.5877852522924734,-0.8090169943749472,-0.0005025929166349632,0.10137959311384627,0.8950509280284548,0.000502592916634903,1,0.10005357527576408,0.0011246664382543459,-0.10268602046392332,-0.09214220288244075,6
7490,US-Var,2016-08-07,US-Var,Grasslands,38.4133,-120.9507,1.9,6.3,0.093018155364115,23.1843125,1.6863087499999996,1.194294375,-0.6016240632249227,-0.7987793728863648,0.0056174025324426296,0.07717827895122417,0.8661232147942185,-0.005617402532442695,1,0.09207072148265372,-0.018878147158595787,-0.05634036672673004,-0.09214220288244075,6
7491,US-Var,2016-08-14,US-Var,Grasslands,38.4133,-120.9507,1.0,7.4,0.0700193873852291,29.320791666666675,3.3125770833333337,1.3028395833333335,-0.6932812268869771,-0.7206671495538615,-0.12674080431401552,0.15957742246972947,1.1895893430822553,0.12674080431401546,1,0.0512193421454826,-0.1743373848665146,-0.25710437022101457,-0.07753498913941685,6
7492,US-Var,2016-08-15,US-Var,Grasslands,38.4133,-120.9507,1.6,6.9,0.0383544913955582,25.9281875,2.3807575,1.1392964583333334,-0.7055836101071774,-0.7086266782644601,-0.3071359128446945,0.06289042832548276,0.8847956770633012,0.30713591284469444,1,-0.23681975789251564,-0.32657983302493865,-0.35800814761662914,-0.07753498913941685,6
7493,US-Var,2016-08-23,US-Var,Grasslands,38.4133,-120.9507,2.0,5.7000003,0.0602838149603601,23.05204166666667,1.815439166666667,1.0910514583333333,-0.7961828637826154,-0.6050560696488494,-0.2139050831328916,0.0702552943681642,0.8218074175323246,0.2139050831328917,1,-0.20455116082577485,-0.2883687514007832,-0.14879533717211685,-0.0694776841986779,6
7494,US-Var,2016-08-30,US-Var,Grasslands,38.4133,-120.9507,1.0,6.2000003,0.0543546110500383,24.33241666666667,1.8571493750000003,1.10886,-0.8631421280499115,-0.5049610547215202,-0.2194934727140002,0.04066975315270923,1.0517827906441533,0.21949347271400022,1,-0.23626635672479224,-0.24909428637379646,-0.17311977504341175,-0.05487047045565391,6
7495,US-Var,2016-08-31,US-Var,Grasslands,38.4133,-120.9507,1.5,6.1,-0.0024703944818419,23.743583333333333,1.6687824999999998,1.18722125,-0.8717063187093218,-0.4900286664290594,-0.3511915435933366,0.08292035980065658,0.9363000797769916,0.3511915435933366,1,-0.3555136182506624,-0.4318663428480192,-0.2661946696813282,-0.05487047045565391,6
7496,US-Var,2016-09-07,US-Var,Grasslands,38.4133,-120.9507,1.3,5.1,0.0299643630906505,26.11800000000001,2.5704310416666662,1.2323943750000002,-0.9242907221930934,-0.3816892202666586,-0.006903052041404313,0.10278112501388027,1.159784216329596,0.0069030520414044005,1,0.10829722910145423,-0.08921414317273003,-0.03979224205293713,-0.04827411196376509,6
7497,US-Var,2016-09-08,US-Var,Grasslands,38.4133,-120.9507,1.7,5.6,0.0198113633219626,24.1770625,1.7929691666666667,1.1483570833333332,-0.9307239310379792,-0.3657225234972692,-0.3858208718184582,0.09256456785603324,0.9243993093710656,0.38582087181845814,1,-0.48676448034473957,-0.36577915374717423,-0.30491898136346085,-0.0694776841986779,6
7498,US-Var,2016-09-15,US-Var,Grasslands,38.4133,-120.9507,1.0,4.4,0.0403334755840191,22.120458333333332,1.6208237499999996,1.095705625,-0.9679377830240642,-0.2511900638848195,-0.09794347901771416,0.12922288322462325,1.0630433347859622,0.09794347901771416,1,-0.20197558820898273,-0.13856404645568274,0.04670919761152298,-0.04827411196376509,6
7499,US-Var,2016-09-16,US-Var,Grasslands,38.4133,-120.9507,0.8,4.5,0.0294490674885026,22.99154166666667,1.7724472916666667,0.9710460416666667,-0.9721181966290612,-0.2344913895704105,-0.07402920727064764,0.07921570021164186,1.2344776795592687,0.07402920727064766,1,-0.11240511951946335,-0.12674809490484257,0.017065592612363012,-0.04827411196376509,6
7500,US-Var,2016-09-23,US-Var,Grasslands,38.4133,-120.9507,0.3,4.6,0.1320148606484985,20.2904375,1.5741814583333331,1.4294754166666668,-0.9932568492674144,-0.1159345995955006,-0.04801864888009114,0.16972700986309291,1.01861489337551,0.048018648880091136,1,-0.07646567548729648,-0.2017246829616141,0.13413441180863717,-0.04827411196376509,6
7501,US-Var,2016-09-24,US-Var,Grasslands,38.4133,-120.9507,1.1,4.9,0.0471744659494825,22.614750000000004,1.861668333333333,1.0736391666666665,-0.9951053111006974,-0.0988201387328721,-0.26101869701261327,0.11389276199705055,1.1561915593437138,0.26101869701261327,1,-0.33258275735311393,-0.32079031766745014,-0.12968301601727575,-0.04827411196376509,6
7502,US-Var,2016-10-01,US-Var,Grasslands,38.4133,-120.9507,0.8,3.6000001000000004,0.0330152172434926,17.427604166666672,1.0349591666666669,1.206398125,-0.9997685019798908,0.0215160974362222,-0.21510971039970087,0.1395582223428644,0.6955977069550595,0.21510971039970084,1,-0.30783805815742915,-0.2828839943914937,-0.05460707865017975,-0.04827411196376509,6
7503,US-Var,2016-10-02,US-Var,Grasslands,38.4133,-120.9507,0.9,2.9,0.0735207341537319,16.98239583333333,0.7364987500000001,1.5813379166666666,-0.9992500112396836,0.0387222808921739,-0.05278321393748153,0.1747691978569697,0.724996336320364,0.05278321393748153,1,-0.11571190636491456,-0.18737385039998217,0.14473611495245214,-0.027584572772200066,6
7504,US-Var,2016-10-09,US-Var,Grasslands,38.4133,-120.9507,0.5,4.2000003,0.0977962772709906,23.329062500000006,2.238754166666666,1.2760625,-0.9873494423939864,0.1585593851031347,-0.017761368564228497,0.17553081059931175,1.2442486971383455,0.017761368564228497,1,0.11438412140569776,-0.21692897663604235,0.049260749537659104,-0.04827411196376509,6
7505,US-Var,2016-10-10,US-Var,Grasslands,38.4133,-120.9507,0.8,4.4,0.0420330696746606,21.3548125,1.6540768749999992,1.2100329166666668,-0.9844738167520924,0.1755314904214277,-0.28710727302869365,0.2024714469238251,0.9924672959759328,0.28710727302869365,1,-0.3329793772822566,-0.4627071102467357,-0.06563533155708867,-0.04827411196376509,6
7506,US-Var,2016-10-18,US-Var,Grasslands,38.4133,-120.9507,0.9,2.3,0.6666921937900481,17.422062500000006,0.6588447291666667,1.597294375,-0.9510565162951536,0.3090169943749472,0.04628117688145095,0.1821622069947931,0.8013486737153892,-0.04628117688145095,1,0.03352864317261184,-0.12916967008442182,0.23448455755616282,-0.027584572772200066,6
7507,US-Var,2016-10-26,US-Var,Grasslands,38.4133,-120.9507,1.6,2.7,1.0375656305628378,20.428729166666667,1.0474479166666668,1.0566485416666664,-0.8996308696522434,0.4366512319560638,-0.08866815681022472,0.21210483020101126,0.907210181368433,0.08866815681022472,1,-0.20019983150200357,-0.22173815597302143,0.15593351704435082,-0.027584572772200066,6
7508,US-Var,2016-11-02,US-Var,Grasslands,38.4133,-120.9507,0.8,1.8000001,0.8494179432283699,16.42285416666667,0.4012755666666665,1.1235295833333332,-0.8406184056344783,0.5416278206559811,0.3299839785263643,0.1821625046835652,0.7855874627281688,-0.2311480920696245,1,0.19323705197307278,0.2599436178139972,0.536771265792023,-0.027584572772200066,6
7509,US-Var,2016-11-10,US-Var,Grasslands,38.4133,-120.9507,0.6,1.5,0.8118457974829913,20.433749999999996,0.8387758333333329,1.175472291666667,-0.7583058084785625,0.6518989958787125,0.37745595997076103,0.1278719064509061,0.9674246833124233,0.04623563499522171,1,0.2515413483717391,0.37362735858327745,0.5071991729572667,-0.027584572772200066,6
7510,US-Var,2016-11-11,US-Var,Grasslands,38.4133,-120.9507,0.8,2.0,0.9200734418506276,20.9074375,0.8690450000000003,1.1591179166666667,-0.7469720876965551,0.6648553979642867,0.33597398787322574,0.09845860769084887,0.8450549988517707,-0.09582710417197071,1,0.27466044050736477,0.2837176497433601,0.4495438733689523,-0.027584572772200066,6
7511,US-Var,2016-11-18,US-Var,Grasslands,38.4133,-120.9507,1.1,2.5,0.9047726689289788,16.203354166666667,0.8681635416666668,1.2507350000000004,-0.661634618242279,0.749826401204568,0.2711590402002881,0.08563410161233305,0.714221337441813,-0.2711590402002881,1,0.17701116383968213,0.3444118322810662,0.29205412448011586,-0.027584572772200066,6
7512,US-Var,2016-12-20,US-Var,Grasslands,38.4133,-120.9507,0.5,0.8,0.4406336066908455,11.55679583333333,0.2551881041666666,1.1613583333333335,-0.1712931441814778,0.9852201067560606,0.47489753310634075,0.14029197189212406,0.6887911283979617,-0.47489753310634075,1,0.3259465846874452,0.4942182377920733,0.6045277768395039,-0.027584572772200066,6
7513,US-Var,2016-12-28,US-Var,Grasslands,38.4133,-120.9507,0.2,0.8,0.3546920083784287,10.995598958333332,0.18863535625,1.1285754166666662,-0.0344216116227458,0.9994074007397048,0.518398244497552,0.13304093589135987,0.7214301514386479,-0.20901422774069467,1,0.36884795876120435,0.5627443773591302,0.6236023973723216,-0.027584572772200066,6
7514,US-Var,2016-12-29,US-Var,Grasslands,38.4133,-120.9507,0.4,1.0,0.4200488494264507,12.231650000000002,0.2664419375000001,1.1786197916666667,-0.0172133561558352,0.9998518392091162,0.47766163297725467,0.11893040994124218,0.7263061430319367,-0.4375639341243533,1,0.3432227435165429,0.5206100835124848,0.5691520719027361,-0.027584572772200066,6
7515,US-Var,2017-02-14,US-Var,Grasslands,38.4133,-120.9507,1.5,1.5,0.7813136267268961,15.157177083333332,0.3937979854166667,1.7753614583333337,0.6994583270516471,0.7146733860429609,-0.16289165670633882,0.3493793746907608,0.9841997387749917,0.16289165670633876,1,-0.09124795892173321,-0.5425395268435702,0.14511251564628697,-0.027584572772200066,6
7516,US-Var,2017-03-02,US-Var,Grasslands,38.4133,-120.9507,1.8,2.2,0.9979034299032216,13.553243750000004,0.5527947916666668,2.2097606249999995,0.8674563547295968,0.4975132889071806,-0.3001081111443325,0.21606252507984722,0.9039087971291139,0.30010811114433256,1,-0.09490815894944181,-0.5256013313941337,-0.27981484308942195,-0.042191786515224025,6
7517,US-Var,2017-04-03,US-Var,Grasslands,38.4133,-120.9507,3.2,4.4,2.9482938386778508,15.279524999999998,0.8238951875000001,2.4763545833333342,0.9995462806873572,-0.0301203048469081,-0.8014268120200515,0.015510571542326457,0.6377645779645853,-0.2980144893757527,1,-0.7955321987224708,-0.7897276863345286,-0.8190205510031551,0.03153582159261235,6
7518,US-Var,2017-04-04,US-Var,Grasslands,38.4133,-120.9507,3.4,3.3,2.6084065615962,15.977604166666673,0.8200118749999997,1.5941262708333337,0.9988797155850336,-0.0473213883224318,-0.7784170273226431,0.14472526797036536,0.7979363257413492,0.7784170273226431,1,-0.614134847494118,-0.8870897442542065,-0.8340264902196047,0.07116552007266501,6
7519,US-Var,2017-04-19,US-Var,Grasslands,38.4133,-120.9507,3.6,3.6000001000000004,3.1136891880495288,14.954395833333333,0.5610477625,1.8569758333333333,0.9536809966304456,-0.3008198076356673,-1.2576377365882314,0.09823504083908556,0.6603907586097038,-0.28501611268728877,1,-1.146229195682638,-1.2948697032155212,-1.3318143108665352,0.025779027173151784,6
7520,US-Var,2017-04-20,US-Var,Grasslands,38.4133,-120.9507,4.6,3.7,3.2791050099290766,15.262937500000003,0.6169862500000001,2.4045420833333333,0.9483615800121716,-0.3171912885891061,-2.277732156101836,0.1797385784978882,0.8598019648723261,0.36405782404000986,1,-2.0788380555367536,-2.3258293361727924,-2.4285290765959626,-0.7342137921153187,6
7521,US-Var,2017-04-28,US-Var,Grasslands,38.4133,-120.9507,3.9,5.3,3.9639169878666847,15.508427083333338,0.9905857291666664,4.2687389583333335,0.895839290734909,-0.4443781781046132,-1.1748341332214347,0.20367927185485143,0.9893028147801811,-1.1748341332214347,1,-1.4011513559229996,-1.0062622399356305,-1.1170888038056743,-0.06987060244696641,6
7522,US-Var,2017-05-14,US-Var,Grasslands,38.4133,-120.9507,4.1,4.8,2.2840538157093424,14.510760416666669,0.7907697083333333,1.1172507500000004,0.741222010848596,-0.6712599575675313,-0.4679952892708478,0.10147762691686708,0.4460345928064632,0.4679952892708479,1,-0.4484135419895332,-0.5778367758268537,-0.37773554999615655,0.04871765638455722,6
7523,US-Var,2017-05-21,US-Var,Grasslands,38.4133,-120.9507,3.9,6.0,3.22477321571589,26.122250000000005,2.2466356250000006,1.1130585416666667,0.6551563572090853,-0.7554933140726803,-0.35213304531003575,0.22930342817840002,1.6468134005650168,0.35213304531003575,1,-0.147638392430686,-0.6000392708330908,-0.30872147266633043,0.9805589896125653,6
7524,US-Var,2017-05-22,US-Var,Grasslands,38.4133,-120.9507,3.8,6.2000003,2.9165605847048997,27.11427083333334,2.3721985416666667,1.06858875,0.6420547132365637,-0.766658819300159,-0.393702376097906,0.20874808355099755,1.769762338353423,0.393702376097906,1,-0.18039641822393035,-0.5975725790119935,-0.4031381310577942,0.9805589896125653,6
7525,US-Var,2017-05-30,US-Var,Grasslands,38.4133,-120.9507,3.8,5.8,0.8868411856374663,18.84160416666666,0.9147571041666672,1.1808666666666665,0.5307300481619334,-0.8475409228928311,0.3182877698850143,0.023467167540632054,0.6357133247816342,-0.31828776988501417,1,0.29998395111070597,0.3447438873178449,0.310135471226492,-0.09452614064856456,6
7526,US-Var,2017-06-06,US-Var,Grasslands,38.4133,-120.9507,2.9,6.9,1.084035678248042,24.165458333333333,2.044816458333333,1.2907041666666668,0.4250003399695541,-0.9051931898913974,0.06817697384862646,0.14983926137966613,1.2838052679383156,-0.06817697384862642,1,0.11793159215556798,-0.10021048379146467,0.18680981318177609,-0.13897728930561037,6
7527,US-Var,2017-06-14,US-Var,Grasslands,38.4133,-120.9507,2.7,6.5,0.5998541606728552,23.945854166666663,1.9142360416666664,1.452350625,0.2967128192734907,-0.9549667548552552,0.2453811717944628,0.18169041071516676,1.118792355055654,-0.24538117179446273,1,0.1894444864218094,0.09823606334699864,0.44846296561458043,-0.09214220288244075,6
7528,US-Var,2017-06-15,US-Var,Grasslands,38.4133,-120.9507,2.0,6.7000003,0.5286425796464764,25.244125,2.1180660416666672,1.448092083333333,0.2802306751992158,-0.9599326896597448,0.2284189197759188,0.19820164292407885,1.2147975171443453,-0.22841891977591877,1,0.1968763900237372,0.0478799891184393,0.4405003801855799,-0.09214220288244075,6
7529,US-Var,2017-06-22,US-Var,Grasslands,38.4133,-120.9507,1.6,7.9,0.2139500093601509,33.21147916666667,3.5523214583333327,1.129664791666667,0.1628070129385171,-0.986657932891657,-0.28081214395976795,0.10196253267219522,1.2104230440775463,0.28081214395976795,1,-0.17856041091564054,-0.3824829942688788,-0.2813930266947845,-0.10239181440449324,6
7530,US-Var,2017-06-23,US-Var,Grasslands,38.4133,-120.9507,2.9,7.8,0.2040435066563868,29.464604166666664,2.621110208333333,1.20379625,0.1457991969198751,-0.9893142039703664,-0.384390965374293,0.1918847090741473,1.203431116028332,0.3843909653742932,1,-0.2590343012935404,-0.6052907297630689,-0.28884786506626986,-0.1360938313316575,6
7531,US-Var,2017-06-30,US-Var,Grasslands,38.4133,-120.9507,2.8,7.0,0.130171054938397,24.61010416666667,1.8641964583333328,1.1042881249999998,0.025818440227133,-0.9996666485105112,0.2020635089192683,0.11442075856697896,1.0234296923459898,-0.2020635089192684,1,0.2492654619948052,0.07159302452058569,0.2853320402424141,-0.09214220288244075,6
7532,US-Var,2017-07-01,US-Var,Grasslands,38.4133,-120.9507,2.1,6.8,0.1089208911209129,23.47522916666668,1.7045772916666673,1.0600599999999998,0.0086069968886886,-0.9999629591162656,0.39886534261006057,0.09002928105075166,1.1292626623624058,-0.39886534261006057,1,0.4343104606242765,0.29650825073820547,0.4657773164676997,-0.09214220288244075,6
7533,US-Var,2017-07-08,US-Var,Grasslands,38.4133,-120.9507,2.1,8.2,0.1534593866422173,31.612375,3.7785333333333337,1.4306214583333334,-0.1116590071216944,-0.993746580436178,-0.5694354325845329,0.1525944243846986,1.1371388511446257,0.5694354325845328,1,-0.4059309464807315,-0.7080627195594617,-0.5943126317134055,-0.11699902814751721,6
7534,US-Var,2017-07-09,US-Var,Grasslands,38.4133,-120.9507,1.9,8.0,0.1038009515055176,30.54695833333333,3.6282,1.3707845833333334,-0.1287481774525806,-0.99167731989929,-0.4002993434915855,0.1786433257380553,1.09342255280727,0.4002993434915856,1,-0.2183459323606563,-0.5754375305323498,-0.4071145675817506,-0.11699902814751721,6
7535,US-Var,2017-07-16,US-Var,Grasslands,38.4133,-120.9507,1.2,8.0,0.1966620825168481,31.462375,3.527312708333333,1.456655833333334,-0.2470221804809352,-0.9690098257244064,-0.11794519239271506,0.1318032611895867,1.0014161703636204,0.11794519239271506,1,0.03037547582389369,-0.2216492939494072,-0.1625617590526317,-0.10239181440449324,6
7536,US-Var,2017-07-17,US-Var,Grasslands,38.4133,-120.9507,1.2,8.8,0.199131998619721,29.88322916666668,3.3457729166666668,1.4223424999999998,-0.2636654927280072,-0.9646141756912436,-0.44697538513892826,0.11306836273054688,1.0631141698986633,0.4469753851389282,1,-0.3902732471062907,-0.5771748969880283,-0.3734780113224658,-0.1280736744465591,6
7537,US-Var,2017-07-25,US-Var,Grasslands,38.4133,-120.9507,1.9,7.2000003,0.090437514983736,24.609895833333344,1.952942083333333,1.222942145833333,-0.3935902766564664,-0.9192859697186104,-0.041244422188131936,0.09975742968150512,0.88496499677925,0.041244422188131846,1,0.06719984709635152,-0.06182989348252854,-0.1291032201782188,-0.09214220288244075,6
7538,US-Var,2017-08-01,US-Var,Grasslands,38.4133,-120.9507,1.6,7.0,0.123242549546062,30.163625,3.1659397916666663,1.0608812500000002,-0.5012418134457756,-0.8653072543632061,-0.09633485731244745,0.12411228215440664,1.0884259348044822,0.0963348573124474,1,0.04690807958329318,-0.16408923981775136,-0.17182341170288418,-0.07753498913941685,6
7539,US-Var,2017-08-09,US-Var,Grasslands,38.4133,-120.9507,1.8,6.4,0.0182620878730971,23.715624999999992,1.4602045833333337,1.1365381250000002,-0.6152845999633277,-0.7883050558305253,0.024790511127556588,0.10219099731869156,0.9953008434567918,-0.02479051112755659,1,0.09984651995906774,0.06611646404243798,-0.09159145061883596,-0.09214220288244075,6
7540,US-Var,2017-08-10,US-Var,Grasslands,38.4133,-120.9507,2.2,6.3,0.0222680899910785,24.23327083333333,1.520006104166666,1.1196991666666667,-0.6287628145958345,-0.7775971469736268,-0.08525639539757772,0.09992468558621515,0.9156524558337544,0.08525639539757757,1,0.02430760867643572,-0.1087056741575354,-0.17137112071163346,-0.09214220288244075,6
7541,US-Var,2017-08-18,US-Var,Grasslands,38.4133,-120.9507,1.4,6.1,0.1205004049017505,25.96414583333333,1.9204408333333332,1.09735375,-0.7295575540864876,-0.6839194216246105,-0.07697986495271934,0.027154232454797728,0.8802705749652541,0.07697986495271936,1,-0.06459803638711062,-0.05822343305926486,-0.10811812541178256,-0.060824123721400246,6
7542,US-Var,2017-08-25,US-Var,Grasslands,38.4133,-120.9507,1.1,6.2000003,0.1824012504337469,26.096937499999992,2.356177708333333,1.1092433333333334,-0.8064799463209447,-0.5912614448635782,-0.05229353106814807,0.10130823247314084,1.0947437377566545,0.05229353106814805,1,0.0169142315384479,-0.005220780688487053,-0.16857404405440504,-0.05487047045565391,6
7543,US-Var,2017-08-26,US-Var,Grasslands,38.4133,-120.9507,1.5,6.4,0.1388689969568024,31.00879166666667,3.603635416666668,1.4952564583333332,-0.8165380514459157,-0.5772916165517278,-0.1868736567805099,0.2519696384725244,1.2593340313264498,0.18687365678050982,1,0.09079460841849968,-0.2504485734127723,-0.40096700534725704,-0.10527527237844611,6
7544,US-Var,2017-09-02,US-Var,Grasslands,38.4133,-120.9507,0.8,5.4,0.1027862671772692,34.06802083333334,4.404160416666667,1.1879522916666665,-0.8800122039735356,-0.4749510720670502,-0.024715074218125393,0.6043685613829304,2.3069688469446876,0.024715074218125355,1,0.6711908621882353,-0.3274181391743088,-0.4179179456683027,-2.2934669309930014,6
7545,US-Var,2017-09-03,US-Var,Grasslands,38.4133,-120.9507,0.9,6.4,0.0952304921136568,33.35858333333333,4.0414375,1.1998822916666667,-0.888057322629493,-0.4597327394521046,-0.23626309699206904,0.3918642294308886,1.8315425172459618,0.23626309699206904,1,0.20895586430665358,-0.3889252282811507,-0.52881992700171,0.9578944709288022,6
7546,US-Var,2017-09-10,US-Var,Grasslands,38.4133,-120.9507,0.7,4.8,0.1177540533876931,28.47414583333333,2.6585127083333333,1.3514833333333336,-0.9368813462954316,-0.3496474552512282,0.28196994019679544,0.16855723301983708,1.3487816516822433,-0.28196994019679544,1,0.45966993574498116,0.12435531132549726,0.2618845735199079,-0.08837614899205103,6
7547,US-Var,2017-09-19,US-Var,Grasslands,38.4133,-120.9507,1.1,3.8,0.1124252122148599,18.719,1.1700850000000005,1.4173218749999998,-0.97961369164549,-0.2008905551306352,-0.11512322911393702,0.16487376094613176,0.748369844076153,0.11512322911393702,1,-0.23718015723228036,-0.18062514390608062,0.07243561379654995,-0.04827411196376509,6
7548,US-Var,2017-09-26,US-Var,Grasslands,38.4133,-120.9507,0.8,5.9,0.0784474601783852,23.38420833333333,2.2618568750000003,1.493177083333333,-0.99665890175417,-0.0816763953304228,-0.29547061230239935,0.1073855112841747,1.131829207920872,0.29547061230239935,1,-0.2500717082554861,-0.4180993026261051,-0.2182408260256068,-0.05487047045565391,6
7549,US-Var,2017-09-27,US-Var,Grasslands,38.4133,-120.9507,0.9,4.3,0.0722303031672922,24.6633125,2.469208333333333,1.2284516666666672,-0.9979171608653922,-0.0645084494493162,0.005923477181045263,0.1947452752821215,1.33071603963618,-0.005923477181045245,1,0.14812130178648247,-0.21604145599058955,0.08569058574724286,-0.08837614899205103,6
7550,US-Var,2017-10-04,US-Var,Grasslands,38.4133,-120.9507,0.8,3.7,0.0617414846468166,18.388791666666663,1.5155520833333336,1.33024375,-0.9984354211555644,0.055916990100603,-0.16147080488030138,0.19914473955217235,0.8827246007282297,0.1614708048803014,1,-0.18883743287358082,-0.34551692229312747,0.04994194052580414,-0.04827411196376509,6
7551,US-Var,2017-10-05,US-Var,Grasslands,38.4133,-120.9507,0.6,3.5,0.071182371539619,19.301562500000006,1.6490085416666669,1.4238468750000004,-0.9973249731081556,0.0730951298980777,-0.01243791193320761,0.19384449246388863,0.9188761940043066,0.012437911933207646,1,0.03366948894336211,-0.2251789022643265,0.15419567752134156,-0.027584572772200066,6
7552,US-Var,2017-10-12,US-Var,Grasslands,38.4133,-120.9507,0.7,3.8,0.0412937295064641,13.179064583333336,1.0421833333333337,1.1498335833333335,-0.9813064702716092,0.1924515819708299,-0.23925415290279572,0.04020028146821014,0.670794497288739,0.23925415290279572,1,-0.23160120461178357,-0.28273080885071783,-0.20343044524588585,-0.04827411196376509,6
7553,US-Var,2017-10-13,US-Var,Grasslands,38.4133,-120.9507,0.9,3.9,0.0599578592328528,16.07901041666667,1.3638279166666665,1.4366395833333332,-0.9778483415056568,0.2093146459630488,-0.3149002772914969,0.09769884463499032,0.7795858525846007,0.31490027729149683,1,-0.3485570865046617,-0.3913214230227229,-0.20482232234710623,-0.04827411196376509,6
7554,US-Var,2017-10-21,US-Var,Grasslands,38.4133,-120.9507,0.7,2.4,0.4713540750753832,13.605799999999997,0.7117119791666665,1.470552291666667,-0.9398560579418952,0.341570769167856,0.04968764948905344,0.11202121460590354,0.6928918115360869,-0.049687649489053465,1,-0.007463628998477273,-0.02223074615091164,0.17875732361654922,-0.027584572772200066,6
7555,US-Var,2017-10-28,US-Var,Grasslands,38.4133,-120.9507,0.4,2.5,0.1734718398795326,21.621583333333326,1.6018662499999996,1.2107077083333335,-0.8919813464595487,0.4520722039323037,0.17383272874851494,0.2824736755277427,1.2474325856213144,-0.17383272874851494,1,0.4208234634041992,-0.13415670382760692,0.23483142666895257,-0.05532485601122934,6
7556,US-Var,2017-10-29,US-Var,Grasslands,38.4133,-120.9507,0.7,2.5,0.0983637870882028,19.128125,1.076341041666667,0.992780625,-0.8840675099433637,0.467359217158002,0.14276101087685622,0.15876545851136026,0.9331640943229053,-0.14276101087685622,1,0.11229684182565908,0.0014350498751248275,0.31455114092978476,-0.027584572772200066,6
7557,US-Var,2017-11-05,US-Var,Grasslands,38.4133,-120.9507,0.6,1.3000001,0.5532172121262494,10.95565,0.4878693124999999,0.8981852083333335,-0.8214765533024145,0.5702422926917867,0.23191036197314127,0.1870128478886396,0.6603605484163839,-0.2319103619731413,1,0.19460910602692116,0.0663592866315279,0.4347626932609747,-0.027584572772200066,6
7558,US-Var,2017-11-06,US-Var,Grasslands,38.4133,-120.9507,0.5,1.3000001,0.1865376431783321,11.284,0.4857657916666665,1.1444989583333334,-0.8115390590073611,0.5842981736283683,0.23737576599944146,0.18701593315696918,0.6456005230629168,-0.23737576599944143,1,0.18037731363076714,0.0854911193590332,0.4462588650085241,-0.027584572772200066,6
7559,US-Var,2017-11-22,US-Var,Grasslands,38.4133,-120.9507,0.3,1.3000001,0.4053712060133225,16.87613541666667,0.4492589687499999,0.9010985416666668,-0.622046748440868,0.7829801036770625,0.5204846055569855,0.18950696649252116,0.901748476876177,-0.3097421935303405,1,0.3230862254327991,0.5374017682997589,0.7009658229383984,-0.027584572772200066,6
7560,US-Var,2017-11-30,US-Var,Grasslands,38.4133,-120.9507,0.6,0.90000004,0.3654511924078329,11.2809,0.2887623729166667,1.1271837499999997,-0.5086709438521042,0.8609610158889945,0.4008180999012125,0.21762596419661617,0.6314483778192985,-0.4008180999012125,1,0.20876620859289674,0.3564940773466777,0.6371940137640629,-0.027584572772200066,6
7561,US-Var,2017-12-07,US-Var,Grasslands,38.4133,-120.9507,0.6,1.3000001,0.4191018999398784,10.469754166666666,0.5724622916666668,1.2308797916666665,-0.4014879892059737,0.9158642882672868,0.369975075416569,0.151083055386633,0.598469111867196,-0.369975075416569,1,0.20008646424661364,0.4205757575611144,0.4892630044419789,-0.027584572772200066,6
7562,US-Var,2017-12-08,US-Var,Grasslands,38.4133,-120.9507,0.4,1.1,0.3611238452008108,11.019910416666669,0.5160706250000001,1.4088933333333336,-0.3856634062436074,0.9226395488404876,0.3884537240988786,0.16686883296952543,0.625261244928205,-0.3884537240988786,1,0.20575203017860122,0.4267925375608831,0.5328166045571517,-0.027584572772200066,6
7563,US-Var,2018-02-01,US-Var,Grasslands,38.4133,-120.9507,1.0,1.8000001,0.7977541055905832,13.902395833333326,0.4463949999999999,1.1307084583333336,0.5234156073655503,0.8520775211013093,0.22208347646444135,0.12349714938866482,0.8878461558340209,-0.22208347646444138,1,0.21759039920026418,0.10089418115982496,0.3477658490332348,-0.027584572772200066,6
7564,US-Var,2018-02-02,US-Var,Grasslands,38.4133,-120.9507,1.1,1.6,0.8080451815163909,14.784085416666668,0.4762889374999999,1.1909271875000005,0.5380051715382996,0.8429415373547828,0.15932116276040748,0.19531715815664671,0.9434504947619745,-0.15932116276040748,1,0.14634615144535135,-0.029184995790466794,0.3608023326263379,-0.027584572772200066,6
7565,US-Var,2018-02-09,US-Var,Grasslands,38.4133,-120.9507,1.4,2.3,1.244224305151992,15.480083333333337,0.6280966666666666,1.282409375,0.6354323008901774,0.7721565844991642,0.037832521496797986,0.14246457301481938,0.8676568025016564,-0.037832521496798,1,0.1591453903116885,-0.11904524869029996,0.07339742286900541,-0.027584572772200066,6
7566,US-Var,2018-02-10,US-Var,Grasslands,38.4133,-120.9507,1.5,2.5,1.4544811965172673,13.854443749999994,0.7541362500000002,1.6890210416666662,0.6486295610349814,0.7611042586607747,-0.07918801850082557,0.09009348402066367,0.7202818725151449,0.011849588464639904,1,-0.03615805538227068,-0.18272831669157621,-0.018677683428629827,-0.027584572772200066,6
7567,US-Var,2018-02-17,US-Var,Grasslands,38.4133,-120.9507,1.3,1.9,1.4310829253764294,12.87528125,0.7042354166666667,1.376445625,0.7354170229639855,0.6776147890466889,-0.07006470840409397,0.1960235081083205,0.8495342498805984,-0.07006470840409396,1,0.06377758177047943,-0.2950677839948755,0.021096077012114134,-0.027584572772200066,6
7568,US-Var,2018-02-25,US-Var,Grasslands,38.4133,-120.9507,1.2,2.1000001,1.311068900047916,8.784233333333333,0.4954902083333334,1.233043875,0.8214765533024142,0.5702422926917871,0.005439652974618343,0.09305741719998574,0.7205159267591952,0.0054396529746183475,1,0.0548035752642137,0.0634141209691943,-0.10189873730955297,-0.027584572772200066,6
7569,US-Var,2018-03-05,US-Var,Grasslands,38.4133,-120.9507,0.9,2.4,1.7848094284818434,9.19258125,0.4886643333333333,1.550401666666667,0.8919813464595485,0.4520722039323043,0.17622251384566115,0.13639917920666467,0.6777424582942991,0.17622251384566112,1,0.29683953391215034,0.2036259581912921,0.028202049433541126,-0.027584572772200066,6
7570,US-Var,2018-03-06,US-Var,Grasslands,38.4133,-120.9507,1.1,2.4,1.8354446199681,11.842743750000002,0.6684922916666666,1.319763125,0.8996308696522433,0.436651231956064,0.25698427614010927,0.08038675086049434,0.7994406436954725,0.25698427614010927,1,0.32849263294167685,0.16997635744106077,0.2724838380375902,-0.027584572772200066,6
7571,US-Var,2018-03-30,US-Var,Grasslands,38.4133,-120.9507,2.5,3.5,2.8580318803103606,19.021520833333337,0.9346560416666668,1.3493706249999995,0.9992500112396836,0.0387222808921744,0.14680195021459694,0.15300881509032835,0.881960228910358,0.14680195021459694,1,0.3119324826872337,0.009825031464098466,0.11864833649245865,-0.042191786515224025,6
7572,US-Var,2018-04-14,US-Var,Grasslands,38.4133,-120.9507,3.6,4.2000003,3.6537462209274016,16.856625,0.7922825000000001,1.1252645833333337,0.9760105506323684,-0.2177232303965317,-0.34585256048657986,0.12029209123412964,0.6650365385991285,-0.34585256048657986,1,-0.48349902242277654,-0.29316239651814224,-0.26089626251882087,-0.08197612889092933,6
7573,US-Var,2018-04-15,US-Var,Grasslands,38.4133,-120.9507,1.7,3.1000001,3.5113533021027448,14.786645833333331,0.5041658541666667,1.7694129166666668,0.9721181966290612,-0.2344913895704098,0.3110443364586306,0.19603712401000972,0.7759797190025227,0.3110443364586306,1,0.51647612825376,0.29066244435049604,0.12599443677163585,-0.042191786515224025,6
7574,US-Var,2018-04-22,US-Var,Grasslands,38.4133,-120.9507,3.6,4.6,4.127760420118826,20.340583333333328,1.01204375,1.20767625,0.9368813462954316,-0.3496474552512284,-0.09926215791359665,0.08926346717907106,0.7163349560358452,-0.0992621579135966,1,-0.06308441801882947,-0.20093538599639346,-0.03376666972556694,-0.08197612889092933,6
7575,US-Var,2018-04-23,US-Var,Grasslands,38.4133,-120.9507,4.4,4.6,4.592303709576852,20.6755625,1.184035208333333,1.1855795833333334,0.9307239310379796,-0.3657225234972689,-0.7054556628193603,0.2582411162228199,0.8316986046279247,-0.7054556628193603,1,-0.6021653959899089,-0.9993544127018975,-0.5148471797662744,-0.04151243798054509,6
7576,US-Var,2018-05-08,US-Var,Grasslands,38.4133,-120.9507,4.3,5.8,3.341044270550672,20.89216666666666,1.1960315208333332,1.1680233333333332,0.8064799463209448,-0.5912614448635781,-0.11546905445556192,0.041299870323781344,0.6500735099654127,0.11546905445556188,1,-0.07264561914095807,-0.15505477358895903,-0.11870677063676865,-0.08857248738281821,6
7577,US-Var,2018-05-09,US-Var,Grasslands,38.4133,-120.9507,4.6,5.5,2.7439322732257296,18.84322916666667,0.8600547083333333,1.1735049999999998,0.7961828637826158,-0.6050560696488488,-0.4705976360313299,0.07285022934707752,0.5357560532716148,0.47059763603133,1,-0.46902316976725555,-0.5442223369111496,-0.39854740141558453,-0.0430227746280704,6
7578,US-Var,2018-06-01,US-Var,Grasslands,38.4133,-120.9507,2.2,6.0,1.2479654847414392,19.614204166666667,1.3252857708333334,1.4075331249999998,0.5012418134457758,-0.865307254363206,0.526858905143542,0.08829745698272057,1.0860190209896219,-0.526858905143542,1,0.553159541431334,0.428399453211063,0.5990177207882289,-0.0694776841986779,6
7579,US-Var,2018-06-02,US-Var,Grasslands,38.4133,-120.9507,2.6,6.2000003,1.436150298586141,25.555666666666664,2.263301875,1.1280570833333332,0.48627270710869,-0.8738071036110808,0.11391593111946936,0.24804257736730287,1.4935199141538158,-0.1139159311194693,1,0.21167972589594425,-0.16811141552779155,0.29817948299025543,0.20456204595085042,6
7580,US-Var,2018-06-10,US-Var,Grasslands,38.4133,-120.9507,3.0,6.6,0.6729946494246323,19.0647875,1.4931774583333337,1.702266145833334,0.3617137307297676,-0.9322892131745132,0.34733899331188134,0.12065333750943556,0.8581517538905825,-0.34733899331188134,1,0.26386982378062157,0.2924718122784993,0.485675343876523,-0.11123700606658107,6
7581,US-Var,2018-06-17,US-Var,Grasslands,38.4133,-120.9507,1.9,5.1,0.1410954860937875,18.515666666666664,1.0079443145833331,1.116758625,0.2470221804809355,-0.9690098257244062,0.6305433661501371,0.07124718241495905,1.0070130050238393,-0.6305433661501372,1,0.6187006673285688,0.706969849172146,0.5659595819496963,-0.007382171790529435,6
7582,US-Var,2018-06-18,US-Var,Grasslands,38.4133,-120.9507,2.0,6.5,0.2713118423563279,21.4653125,1.357415541666667,1.4054122916666665,0.2303056702306122,-0.973118337233262,0.48223146271118256,0.05131200032561403,1.1595015981586374,-0.48223146271118256,1,0.48736925969856426,0.42854384299910486,0.5307812854358785,-0.09214220288244075,6
7583,US-Var,2018-06-26,US-Var,Grasslands,38.4133,-120.9507,2.3,8.0,0.2227697206904212,24.7001875,2.1498025000000003,1.2534016666666667,0.0945367498171991,-0.9955213724144752,-0.006881717939450471,0.058116078007963305,1.173571024115138,0.006881717939450471,1,0.045957965448078425,-0.06912689169946315,0.002523772433033311,-0.11699902814751721,6
7584,US-Var,2018-07-03,US-Var,Grasslands,38.4133,-120.9507,2.0,7.0,0.1667939949267125,22.06920833333333,1.3531379375,1.2632564583333334,-0.0258184402271323,-0.9996666485105112,0.3427935109160318,0.03964368538898762,1.1622173146257229,-0.34279351091603183,1,0.3667423388701909,0.2970335671823005,0.3646046266956038,-0.0980958561481871,6
7585,US-Var,2018-07-04,US-Var,Grasslands,38.4133,-120.9507,1.8,6.3,0.1324211959931542,19.97475,1.0594415916666666,1.3219095833333332,-0.0430222330045303,-0.99907411510223,0.3766027207849382,0.056697794673483806,1.2165896845157143,-0.37660272078493806,1,0.3307328120138012,0.43999263188575,0.3590827184552635,-0.09214220288244075,6
7586,US-Var,2018-07-11,US-Var,Grasslands,38.4133,-120.9507,1.3,7.5,0.1140689215899038,27.63533333333333,2.7468445833333326,1.338874583333333,-0.1628070129385164,-0.9866579328916572,0.040044917463724454,0.14759707062334748,0.8222223218393344,-0.040044917463724516,1,0.04360093936516404,-0.10929803270959926,0.18583184573560857,-0.08793666303091875,6
7587,US-Var,2018-07-12,US-Var,Grasslands,38.4133,-120.9507,2.0,7.8,0.0688238918097978,27.85322916666667,2.7286697916666665,1.3584845833333332,-0.1797665857255621,-0.9837092937736098,-0.2879008359542492,0.17986305491975724,0.8456843867152651,0.2879008359542492,1,-0.21607525973502598,-0.4925783522378783,-0.15504889588984327,-0.11699902814751721,6
7588,US-Var,2018-07-19,US-Var,Grasslands,38.4133,-120.9507,2.2,7.8,0.1652876767923293,29.10364583333333,2.9773812500000005,1.3977352083333334,-0.2967128192734901,-0.9549667548552552,-0.3986066064317216,0.14598627487698157,0.9690741101781726,0.3986066064317215,1,-0.27405836049374904,-0.5592565052695078,-0.3625049535319081,-0.11699902814751721,6
7589,US-Var,2018-07-20,US-Var,Grasslands,38.4133,-120.9507,1.1,8.0,0.1789729980716876,27.56731249999999,2.567634791666667,1.559915625,-0.3131070409358267,-0.9497178427914316,-0.08179521224610696,0.08052704919427682,0.7899113826748912,0.08179521224610697,1,-0.06838228166671881,-0.16818652943308365,-0.008816825638518433,-0.10239181440449324,6
7590,US-Var,2018-07-27,US-Var,Grasslands,38.4133,-120.9507,0.9,7.9,0.0990660711025909,26.723979166666663,2.3007699999999995,1.0296145833333334,-0.4250003399695539,-0.9051931898913976,-0.09571994374233402,0.09470100538989097,1.0969756921377851,0.09571994374233406,1,-0.09239911869555031,-0.002723029488488765,-0.19203768304296298,-0.10239181440449324,6
7591,US-Var,2018-07-28,US-Var,Grasslands,38.4133,-120.9507,1.9,7.6,0.092665772395255,26.902479166666662,2.3692241666666667,1.0135622916666664,-0.4405187843504952,-0.8977433935342336,-0.308395003865803,0.07978732559715303,0.8371470107322191,0.308395003865803,1,-0.21764312523814164,-0.34001995339312086,-0.36752193296614644,-0.10254387677394267,6
7592,US-Var,2018-08-04,US-Var,Grasslands,38.4133,-120.9507,1.1,8.0,0.1151739468231111,27.09950000000001,2.7467666666666664,1.3772174999999998,-0.5452404385406507,-0.8382797052177745,-0.27847810700267767,0.06301333959845302,0.9923116117164106,0.2784781070026777,1,-0.20686736529920266,-0.3254462383489617,-0.30312071735986856,-0.10239181440449324,6
7593,US-Var,2018-08-05,US-Var,Grasslands,38.4133,-120.9507,1.5,6.9,0.0503947841709636,24.1891875,1.9599797916666668,1.2611997916666666,-0.5595892624101763,-0.828770087174504,-0.06940854345872832,0.07269702720416404,0.8670781023725684,0.06940854345872838,1,-0.003585475985509373,-0.057205217053306806,-0.1474349373373688,-0.07753498913941685,6
7594,US-Var,2018-08-12,US-Var,Grasslands,38.4133,-120.9507,0.9,7.2000003,0.19482078213551,27.401083333333336,2.9249229166666666,1.3540133333333328,-0.655156357209085,-0.7554933140726804,-0.0020460216087569427,0.1715392464954085,1.0398161100253902,0.0020460216087569982,1,0.18704153173707516,-0.04550030850659462,-0.14767928805675137,-0.07753498913941685,6
7595,US-Var,2018-08-13,US-Var,Grasslands,38.4133,-120.9507,1.8,7.2000003,0.0718770280866147,25.25529166666666,2.2815600000000007,1.2562047916666668,-0.6680638642135333,-0.7441039398713608,-0.41509940237697984,0.0814131856232411,0.8108540017046011,0.41509940237697984,1,-0.32566267486788575,-0.48489585662247836,-0.43473967564057536,-0.09214220288244075,6
7596,US-Var,2018-08-20,US-Var,Grasslands,38.4133,-120.9507,1.6,6.9,0.0329855325922964,24.28333333333332,2.0335039583333336,1.277551875,-0.7526668275320083,-0.6584015846980489,-0.3903394835114498,0.07196330903439761,0.7893853006720327,0.39033948351144976,1,-0.30893302925048416,-0.4454808459326547,-0.4166045753512106,-0.07753498913941685,6
7597,US-Var,2018-08-28,US-Var,Grasslands,38.4133,-120.9507,1.0,4.9,0.0167529531672695,19.657958333333333,0.8122121166666666,1.0872160416666663,-0.8359254794186365,-0.5488429582847199,0.1409480050439346,0.1875876715165392,1.0196455811091991,-0.14094800504393457,1,0.004154013767572046,0.3547915113587521,0.06389849000547965,-0.04827411196376509,6
7598,US-Var,2018-08-29,US-Var,Grasslands,38.4133,-120.9507,1.6,5.0,0.0523474018421638,19.953499999999995,1.0044925416666666,1.2243889583333336,-0.8452490573530634,-0.5343725582809785,-0.06450730396465756,0.07588781674871434,0.846337766735515,0.06450730396465754,1,-0.1444697490316427,0.006513671548981054,-0.05556583441131105,-0.04827411196376509,6
7599,US-Var,2018-09-05,US-Var,Grasslands,38.4133,-120.9507,1.2,6.0,0.0643967236476216,23.29010416666668,1.7289735416666667,1.2590260416666668,-0.9033558023246842,-0.4288919379124841,-0.291469898811173,0.09117133782838722,0.9855865180071323,0.291469898811173,1,-0.3476165585317234,-0.34051905136093474,-0.18627408654086092,-0.05487047045565391,6
7600,US-Var,2018-09-06,US-Var,Grasslands,38.4133,-120.9507,0.8,5.8,0.0562932179298936,22.93308333333333,1.7191940416666671,1.1685775000000005,-0.9106046300942162,-0.4132786077829044,-0.15366330308380724,0.13132391105286634,1.134471623326719,0.15366330308380727,1,-0.24985444305206317,-0.20708826332843006,-0.004047202870928496,-0.05487047045565391,6
7601,US-Var,2018-09-13,US-Var,Grasslands,38.4133,-120.9507,1.0,4.9,0.0552505195292817,19.614166666666673,1.2543016666666666,1.0897456250000002,-0.9536809966304456,-0.300819807635668,-0.21831475105623002,0.09699037541622416,0.9021437679361544,0.21831475105623,1,-0.25452197261149034,-0.29199300533818734,-0.10842927521901244,-0.04827411196376509,6
7602,US-Var,2018-09-14,US-Var,Grasslands,38.4133,-120.9507,0.6,4.4,0.031009103114528,19.686333333333337,1.4393056249999994,1.0129024583333337,-0.9587178169872964,-0.2843591872810036,-0.08275421550894174,0.12811785711124177,1.0295153599103959,0.08275421550894174,1,-0.15130225500628958,-0.16201459592858286,0.06505420440804721,-0.04827411196376509,6
7603,US-Var,2018-09-21,US-Var,Grasslands,38.4133,-120.9507,0.8,5.2000003,0.1069268977569282,24.821375,2.463638125,1.2937822916666666,-0.9859481499638304,-0.1670516255021195,-0.07015490235479982,0.11892867017407414,1.2189488990433694,0.07015490235479982,1,0.03180830957060615,-0.20080241162478213,-0.04147060501022348,-0.04827411196376509,6
7604,US-Var,2018-09-22,US-Var,Grasslands,38.4133,-120.9507,0.4,5.4,0.092911837236433,23.97129166666667,2.357917708333333,1.2831310416666664,-0.9886775902323404,-0.1500553983446526,-0.06006293448893949,0.16147520265957754,1.2997532038622297,0.060062934488939485,1,0.07500559655723488,-0.23891480874812515,-0.016279591275928207,-0.0826107536946832,6
7605,US-Var,2018-09-29,US-Var,Grasslands,38.4133,-120.9507,0.9,3.8,-0.0329818334709726,17.70908333333333,0.7566443750000001,1.1343591666666668,-0.9995462806873572,-0.0301203048469083,-0.1802846237126571,0.12354729128995946,0.6364879856661105,0.18028462371265708,1,-0.17481889826437455,-0.3064740681531212,-0.05956090472047562,-0.04827411196376509,6
7606,US-Var,2018-09-30,US-Var,Grasslands,38.4133,-120.9507,0.8,3.4,0.0285195947682815,19.824645833333328,1.0634268749999998,1.10313,-0.999916658654738,-0.0129102960750088,-0.15022483323065894,0.20482833432753556,0.8487340766808844,0.15022483323065894,1,-0.2240155269351648,-0.3079338200540684,0.08127484729725631,-0.027584572772200066,6
7607,US-Var,2018-10-24,US-Var,Grasslands,38.4133,-120.9507,0.4,2.5,0.0813615932437396,16.912835416666667,1.1538462500000002,1.1061779166666668,-0.9209712877166346,0.3896304495307877,0.06715685037724246,0.14898642263706743,0.998585174898641,-0.06715685037724245,1,0.050206870873208825,-0.07262967806174166,0.22389335832026025,-0.027584572772200066,6
7608,US-Var,2018-10-31,US-Var,Grasslands,38.4133,-120.9507,0.2,2.8,0.0882337478120179,15.872489583333332,1.1956208333333334,1.0879857500000003,-0.867456354729597,0.4975132889071803,0.1662722231135023,0.07176031259086961,1.045175076347708,-0.1662722231135023,1,0.14494164161547946,0.10759562765470654,0.24627940007032084,-0.027584572772200066,6
7609,US-Var,2018-11-01,US-Var,Grasslands,38.4133,-120.9507,0.4,3.0,0.0631103240626983,18.58275,1.3489133333333332,1.1193656249999997,-0.858763958275803,0.5123714121284235,0.07637890077311547,0.1544547170532146,1.1068847941779834,-0.07637890077311549,1,0.0994587054283742,-0.08831697297840224,0.21799496986937444,-0.027584572772200066,6
7610,US-Var,2018-11-08,US-Var,Grasslands,38.4133,-120.9507,0.3,3.8,0.0700726412583382,12.995420833333334,1.1135102083333333,1.1500788124999997,-0.7909456567567774,0.6118864012687242,0.11419737593135067,0.05710270809166211,0.9976233891164943,-0.11419737593135068,1,0.0929376778550331,0.07077411960377272,0.1788803303352462,-0.04827411196376509,6
7611,US-Var,2018-11-09,US-Var,Grasslands,38.4133,-120.9507,0.3,1.6,0.0482272771293779,13.523383333333337,1.1581852083333335,1.3092204166666668,-0.780295851070776,0.6254105729852457,0.15424805917044107,0.13196347018114798,1.2175204700940074,-0.1542480591704411,1,0.21925475550943063,0.002392482133746099,0.2410969398681465,-0.027584572772200066,6
7612,US-Var,2018-11-16,US-Var,Grasslands,38.4133,-120.9507,0.1,1.0,0.0568512448303651,12.65879375,0.9694235416666666,1.148605,-0.6994583270516471,0.7146733860429608,0.3595339050172135,0.10023238245850924,1.085324763353357,-0.3595339050172135,1,0.35470833640379595,0.26180146522922687,0.4620919134186178,-0.027584572772200066,6
7613,US-Var,2018-11-17,US-Var,Grasslands,38.4133,-120.9507,0.3,1.1,0.0331053952464873,12.635362499999996,0.9510347916666668,1.3001912500000004,-0.6870527672236675,0.726607524768565,0.28292749775678966,0.1316470405171195,1.0030047558122168,-0.2829274977567896,1,0.25433148102379616,0.16792877705726994,0.4265222351893029,-0.027584572772200066,6
7614,US-Var,2018-12-02,US-Var,Grasslands,38.4133,-120.9507,0.2,0.8,0.3944121182915517,8.415122916666666,0.2351669791666666,1.0650631250000002,-0.4787338401157883,0.8779600847008883,0.4615638021489725,0.16784310612310685,0.5851954812723252,-0.07273956556586914,1,0.2806239791278577,0.49189309837444817,0.6121743289446119,-0.027584572772200066,6
7615,US-Var,2018-12-03,US-Var,Grasslands,38.4133,-120.9507,0.2,1.1,0.5067325941555062,9.230058333333334,0.44142125,1.0716254166666672,-0.4635502709028512,0.8860706215341377,0.47179310890813975,0.1220609885504155,0.596701731664429,0.14167207940287263,1,0.33086928608943567,0.5443146434690748,0.5401953971659088,-0.027584572772200066,6
7616,US-Var,2018-12-11,US-Var,Grasslands,38.4133,-120.9507,1.0,0.7,0.3311594582701725,10.127246875,0.1924448958333332,0.8300290416666668,-0.3375228995941134,0.941317317512847,0.4779838125629447,0.18052626843269784,0.6261425811069629,-0.47798381256294475,1,0.46587217514291357,0.30381833737712577,0.6642609251687948,-0.027584572772200066,6
7617,US-Var,2018-12-26,US-Var,Grasslands,38.4133,-120.9507,0.3,0.8,0.4533914254438337,8.180706249999998,0.2285178458333333,1.2206797916666672,-0.0859647987374467,0.9962981749346076,0.4105846107721954,0.1403223253198221,0.6006649879152881,-0.10380175988452794,1,0.26344185475025106,0.42540131240875534,0.5429106651575798,-0.027584572772200066,6
7812,US-WCr,2016-06-22,US-WCr,Mixed Forests,45.8059,-90.0799,4.4,4.6,2.883174896757806,18.39182020833333,0.6854514645833333,1.5037431395833327,0.1457991969198751,-0.9893142039703664,-0.8225417609261972,0.05685245852453089,0.7821971170937251,0.8225417609261972,0,-0.8833772393653135,-0.8134895421214658,-0.7707585012918126,0.020350895042224825,6
7813,US-WCr,2016-08-17,US-WCr,Mixed Forests,45.8059,-90.0799,4.1,4.0,3.1281152378081334,21.000121875,0.5342279303333334,1.7052763249999996,-0.7295575540864876,-0.6839194216246105,0.05222733932489098,0.24609694061727,0.753067696084932,-0.052227339324890876,0,-0.17765153851025614,0.31184048119196484,0.022493075292964237,-0.08197612889092933,6
7814,US-WCr,2016-08-25,US-WCr,Mixed Forests,45.8059,-90.0799,4.1,4.2000003,2.5801098701863507,17.255808749999996,0.4099209202416667,2.9316181458333337,-0.8165380514459157,-0.5772916165517278,0.09181432345224123,0.10186846483078812,0.7199251289017106,-0.09181432345224128,0,0.07338035767343198,0.20164107627593597,0.00042153640735576037,-0.08197612889092933,6
7815,US-WCr,2016-09-02,US-WCr,Mixed Forests,45.8059,-90.0799,3.4,3.4,2.700867386332312,14.94754570833333,0.39026846375,1.6272989541666665,-0.888057322629493,-0.4597327394521046,-0.17060206035607597,0.17168418772673677,0.6555543137298361,0.17060206035607595,0,-0.3675013002556289,-0.09211433687490006,-0.05219054393769895,-0.06128658969936431,6
7816,US-WCr,2016-09-18,US-WCr,Mixed Forests,45.8059,-90.0799,2.8,3.4,2.137520965491835,16.788050208333335,0.4136069755,2.1227046104166667,-0.97961369164549,-0.2008905551306352,-0.014275533756140693,0.16562850693839715,0.6593111099589162,0.014275533756140657,0,-0.2051008610855789,0.09218580167726836,0.07008845813988845,-0.042191786515224025,6
7817,US-WCr,2016-11-05,US-WCr,Mixed Forests,45.8059,-90.0799,0.4,1.9,0.3628608107481541,14.132861020833332,0.7660957270833335,2.0741706270833333,-0.8115390590073611,0.5842981736283683,0.055641326793523606,0.12335565599475298,0.5662520397602012,-0.0556413267935236,0,0.04340041081552409,0.1846610844058756,-0.061137514840828855,-0.027584572772200066,6
7818,US-WCr,2017-04-06,US-WCr,Mixed Forests,45.8059,-90.0799,1.2,2.7,0.6397939128626797,1.3847423460416666,0.294528699375,4.5786854375,0.9966589017541702,-0.0816763953304224,0.11726119140050696,0.10698385899729264,0.909792218099778,-0.11726119140050695,0,0.23615686270168113,0.02877182350151819,0.08685488799832158,-0.027584572772200066,6
7819,US-WCr,2017-04-22,US-WCr,Mixed Forests,45.8059,-90.0799,1.0,4.5,0.9359247092539138,12.1069838125,0.9483209416666666,2.777581460416666,0.9368813462954316,-0.3496474552512284,0.5290571546197546,0.046171729128957284,0.8333976184956524,-0.5290571546197546,0,0.5196888436520706,0.5791946337770901,0.48828798643010274,-0.04827411196376509,6
7820,US-WCr,2017-06-01,US-WCr,Mixed Forests,45.8059,-90.0799,5.0,5.2000003,1.8839766762522805,17.102291250000004,1.0963403229166666,1.6706935916666663,0.5012418134457758,-0.865307254363206,-1.5241127204205043,0.18591285159582296,0.6985850886297006,1.5241127204205043,0,-1.3355590654403144,-1.7072671479215082,-1.5295119478996906,0.08962467889298358,6
7821,US-WCr,2017-06-09,US-WCr,Mixed Forests,45.8059,-90.0799,5.3,5.0,2.9492945424482837,17.75304125,0.6974500111458332,1.3998286041666663,0.3777079652039649,-0.9259247771938498,-1.609079493902237,0.09632782385649101,0.7914673245004804,1.609079493902237,0,-1.6402975471937884,-1.6859265352587376,-1.501014399254185,-0.06588862940708312,6
7822,US-WCr,2017-07-19,US-WCr,Mixed Forests,45.8059,-90.0799,4.8,4.8,5.253409131566565,20.41690250000001,0.7381914666666667,1.531300625,-0.2967128192734901,-0.9549667548552552,-0.46285451582996545,0.3012952504621962,0.7593086656596724,-0.4628545158299655,0,-0.7250502858483365,-0.13371910511054325,-0.5297941565310165,-0.08197612889092933,6
7823,US-WCr,2017-08-12,US-WCr,Mixed Forests,45.8059,-90.0799,4.2,4.0,3.387745657008504,17.594867500000007,0.6722337916666666,1.749380479166667,-0.655156357209085,-0.7554933140726804,0.018212699333990372,0.29169717076716384,0.6271475631310155,-0.01821269933399039,0,-0.2694559461797651,0.3137780414138098,0.01031600276792638,-0.08197612889092933,6
7824,US-WCr,2017-08-20,US-WCr,Mixed Forests,45.8059,-90.0799,3.8,3.6000001000000004,2.894515208789489,20.53204645833333,0.3301837602083333,2.5343954708333336,-0.7526668275320083,-0.6584015846980489,0.41490225923454743,0.12195981027157536,0.8739267803872259,-0.4149022592345475,0,0.33681585672454795,0.5554396998766347,0.35245122110245974,-0.08197612889092933,6
7825,US-WCr,2017-09-13,US-WCr,Mixed Forests,45.8059,-90.0799,2.9,3.4,2.7731128184911897,20.260662291666662,0.5468942270833332,2.0014099583333333,-0.9536809966304456,-0.300819807635668,0.06812992880826267,0.1717886774829079,0.7409170017047232,-0.06812992880826269,0,-0.003594336524791908,0.2641578257103211,-0.056173702760741184,-0.06128658969936431,6
7826,US-WCr,2017-12-02,US-WCr,Mixed Forests,45.8059,-90.0799,0.3,0.8,0.0544572371777028,2.8289050171041663,0.2860246833333332,2.5960805,-0.4787338401157883,0.8779600847008883,0.08203338704293173,0.10205507403342083,0.49601854289292985,-0.08203338704293173,0,0.053082286579087534,-0.00241837681188517,0.19543625136159282,0.01972063107082288,6
7827,US-WCr,2018-06-20,US-WCr,Mixed Forests,45.8059,-90.0799,4.3,4.1,3.7089094952902473,19.26238208333333,0.5860226129166667,1.21806998125,0.1966728897935764,-0.980469160361632,-0.5968149596113567,0.1420475992075424,0.7653446337354731,0.5853660498081484,0,-0.7321906794406767,-0.4489237250722665,-0.6093304743211267,-0.06985427573343894,6
7828,US-WCr,2018-06-28,US-WCr,Mixed Forests,45.8059,-90.0799,5.7,5.6,4.285964022713462,22.97735083333333,0.7483815566562502,2.1324809104166658,0.060213277365793,-0.9981855344718586,-1.0517088119759739,0.21420035966423853,0.7625949329536156,1.0517088119759739,0,-1.2612261065514534,-0.8331140037567535,-1.060786325619715,-0.23571016737147316,6
7829,US-WCr,2018-07-14,US-WCr,Mixed Forests,45.8059,-90.0799,5.4,5.0,4.923314092386613,23.61789,0.8076547993750002,1.384734135416667,-0.2135209154397959,-0.9769384927771816,-0.773164088351824,0.10495909485017314,0.8682147662701603,0.1802077268749498,0,-0.8937965685045174,-0.7027352254245464,-0.7229604711264083,-0.2159014362563229,6
7830,US-WCr,2018-07-30,US-WCr,Mixed Forests,45.8059,-90.0799,4.6,4.2000003,5.464999364452754,20.21961437500001,0.5887523499999999,1.2317464750000002,-0.4711595076738639,-0.8820480249558535,-0.10819879826963441,0.39022994602995825,0.7486766274712837,-0.10819879826963441,0,-0.44879650982797414,0.3175884328604712,-0.19338831784140031,0.04253888114143567,6
7831,US-WCr,2018-10-18,US-WCr,Mixed Forests,45.8059,-90.0799,0.9,2.5,0.3863398483184857,7.257239102083335,0.4930205166666666,3.779148770833333,-0.9562348265919058,0.2926003356333479,-0.031735468072865425,0.03208339445953135,0.648304348634884,0.031735468072865425,0,-0.058007050362431256,0.004021047486661933,-0.04122040134282695,-0.0335382260379464,6
7843,US-xDC,2018-10-19,US-xDC,Grasslands,47.16165,-99.10656,0.6,2.0,0.9949480858262312,9.3486402643031,0.5525950000000001,6.687641263044356,-0.9510565162951536,0.3090169943749472,0.5882575201527668,0.19595495440275543,0.8883463399872321,0.20163865149969562,2,0.591544343039893,0.7825483878730791,0.3906798295453283,0.0580396669829347,6
7844,US-xDC,2018-10-20,US-xDC,Grasslands,47.16165,-99.10656,0.6,1.4,0.7712220093130842,0.1526629558823924,0.2651002083333333,3.783241450150652,-0.9455963874271428,0.3253420847119795,0.22998381088860168,0.1464942472809353,0.6795620248085525,0.11246020773756668,2,0.39225254005845966,0.1902282952075183,0.10747059739982709,-0.027584572772200066,6
7868,US-xSL,2017-07-04,US-xSL,Croplands,40.4619,-103.0293,0.9,6.9,1.1129637983427605,25.13990745017972,1.6921345833333332,2.4483002531283824,-0.0430222330045303,-0.99907411510223,0.2479695155871656,0.09895821118933092,0.7902514935201201,0.17795808109835534,2,0.3460771495970044,0.14818211332025374,0.24964928384423854,-0.07753498913941685,6
7869,US-xSL,2017-11-01,US-xSL,Croplands,40.4619,-103.0293,0.7,3.9,0.4406428834404512,12.363782558588502,0.9569822916666668,3.0319387943467335,-0.858763958275803,0.5123714121284235,-0.09460951884073587,0.05001722301498747,0.6271527584735612,0.09460951884073587,2,-0.15123233992025487,-0.05644342931693147,-0.07615278728502126,-0.04827411196376509,6
7870,US-xSL,2018-05-20,US-xSL,Croplands,40.4619,-103.0293,3.0,3.1000001,2.9832440612990454,10.707184492368636,0.3215270833333334,1.9761521298323024,0.6680638642135335,-0.7441039398713607,-0.23027472112700578,0.12562931432738275,0.5678350788239166,-0.1967628437250966,2,-0.36570983962825104,-0.20756517367187988,-0.1175491500808864,-0.06128658969936431,6
7871,US-xSL,2018-11-04,US-xSL,Croplands,40.4619,-103.0293,0.7,2.0,0.3752160151946827,5.337249019942477,0.4603962499999999,2.4993435031020845,-0.8311706263658079,0.5560174366570446,-0.0025924020772588874,0.10335807587391485,0.4286091393647859,0.002592402077258915,2,0.0956620893771162,-0.11039189874251373,0.006952603133620866,0.01972063107082288,6
7872,US-xST,2018-09-16,US-xST,Mixed Forests,45.50894,-89.58637,3.2,3.7,3.5432762457539737,23.334965574188608,0.7571504166666667,0.9474799273633788,-0.9679377830240642,-0.2511900638848195,-0.20098182893139172,0.26062164139447197,0.6246567778977022,-0.20098182893139172,1,-0.13644294027687776,-0.4878091033318541,0.021306556814556732,-0.08197612889092933,6
7875,US-xUN,2018-05-03,US-xUN,Mixed Forests,46.23388,-89.53725,1.5,3.9,0.6995393834306234,13.832278452012222,0.7682387500000002,1.3929370506163778,0.854322169749827,-0.5197438121555155,0.509082381551797,0.22082929063668377,0.551647639166368,-0.5090823815517971,1,0.7637207558413218,0.3701421205542522,0.39338426825981676,-0.0027243992090172668,6
7876,US-xUN,2018-05-12,US-xUN,Mixed Forests,46.23388,-89.53725,2.4,4.0,1.0473342388857538,10.926132842506268,0.8563881250000001,1.1523948944382485,0.7638886127905428,-0.6453481132295501,0.25410571647208074,0.24364575444223874,0.6391228962719241,-0.2541057164720808,1,0.46665038558490113,-0.011796898361972757,0.3074636621933138,-0.06288132570678902,6
7877,US-xUN,2018-05-20,US-xUN,Mixed Forests,46.23388,-89.53725,4.3,4.2000003,2.3594249060637265,11.776388314743771,0.8763579166666667,0.9676115283561216,0.6680638642135335,-0.7441039398713607,-0.7816484058096008,0.19106958493307022,0.7045672934600791,0.7816484058096007,1,-0.7068911943191948,-0.998793821016756,-0.639260202092852,0.03748947485835868,6
7878,US-xUN,2018-06-13,US-xUN,Mixed Forests,46.23388,-89.53725,5.3,5.0,8.089098251701056,19.2432862119334,1.1053202083333329,1.5617700785484387,0.3131070409358269,-0.9497178427914316,-0.8255518498429252,0.06997183962010552,0.5903250557573323,-0.8255518498429253,1,-0.7715758660534003,-0.9046071368497488,-0.8004725466256261,-0.09491248874299749,6
7879,US-xUN,2018-07-06,US-xUN,Mixed Forests,46.23388,-89.53725,5.2,5.0,5.552977485488716,20.391890365426303,1.2155102083333331,0.7803970165106221,-0.0773864792334632,-0.9970011699250152,-0.16716998906331537,0.27742633821967666,0.8860838846873973,-0.16716998906331537,1,0.08871822102823451,-0.46201613451029555,-0.12821205370788502,-0.08197612889092933,6
7880,US-xUN,2018-07-14,US-xUN,Mixed Forests,46.23388,-89.53725,5.1,5.1,5.1868061645883445,25.648781695604445,1.2578335416666666,0.6453610034924765,-0.2135209154397959,-0.9769384927771816,0.06391907454887534,0.29265801990008555,0.7958520792311213,0.06391907454887534,1,0.2855349569638706,-0.26782667942028177,0.17404894610303717,-0.08197612889092933,6
7881,US-xUN,2018-07-30,US-xUN,Mixed Forests,46.23388,-89.53725,4.5,4.1,4.200995393188782,21.980303661349613,0.9732535416666672,0.8117636816594499,-0.4711595076738639,-0.8820480249558535,0.22968482391245162,0.31707230299196393,0.8644653010842088,-0.2296848239124516,1,0.34892906713200555,-0.12972130855993738,0.4698467131652867,-0.08197612889092933,6
7882,US-xUN,2018-09-16,US-xUN,Mixed Forests,46.23388,-89.53725,3.1,3.4,3.433487170168048,23.986332039790295,0.6588710416666665,1.5867221183916789,-0.9679377830240642,-0.2511900638848195,-0.046736313492040105,0.13233743805579984,0.633237848418346,-0.046736313492040105,1,0.011259854184417661,-0.1981702209780307,0.04670142631749272,-0.06128658969936431,6
7883,US-xUN,2018-10-18,US-xUN,Mixed Forests,46.23388,-89.53725,1.5,2.7,0.4036355669029328,6.651641479315939,0.5128597916666665,2.092211010544959,-0.9562348265919058,0.2926003356333479,-0.6330166769829529,0.10049936056897707,0.5651190434349224,0.6330166769829529,1,-0.5170921606483267,-0.6955888548036345,-0.6863690154968973,0.014662366224165486,6
7891,manilacotton,2016-05-15,manilacotton,Croplands,35.8872,-90.1371,2.9,4.9,3.6422317700002327,15.540208333333334,89.45530648981247,1.5828020083333334,0.717676913675962,-0.6963762255968722,-49.025861674022146,11.410291097092387,141.56799178877463,-49.025861674022146,1,-36.96093333219537,-59.64339629153987,-50.47325539833119,-43.97727637140374,6
7892,manilacotton,2016-06-08,manilacotton,Croplands,35.8872,-90.1371,3.2,6.2000003,4.053291908774174,23.441875,128.94208901870832,0.8296312229166668,0.3777079652039649,-0.9259247771938498,-70.88588688001789,16.333012659033965,207.03774548967027,-70.88588688001789,1,-53.65299468477265,-86.13843668843765,-72.86622926684338,-43.97727637140374,6
7893,manilacotton,2016-06-16,manilacotton,Croplands,35.8872,-90.1371,1.6,7.5,1.5070456629946214,28.85145833333333,108.16669176027084,1.0348527547916664,0.2470221804809355,-0.9690098257244062,-58.037073742070305,13.337255046054786,172.57119608380384,-57.851165068059544,1,-44.1397896430614,-70.73301891278643,-59.23841267036308,-43.97727637140374,6
7894,manilacotton,2016-07-18,manilacotton,Croplands,35.8872,-90.1371,5.6,6.5,6.319578440706649,29.13666666666666,48.50538980709376,0.7565208333333331,-0.2967128192734901,-0.9549667548552552,-26.942297647233087,5.6839867071122,73.68967549889352,-26.942297647233087,1,-20.81580206050382,-32.04447745416961,-27.966613427025823,-43.97727637140374,6
7895,manilacotton,2016-07-26,manilacotton,Croplands,35.8872,-90.1371,6.2,6.4,6.982233604557017,28.71708333333334,99.22230125695832,0.8553333333333334,-0.4250003399695539,-0.9051931898913976,-55.81348681419405,12.320524582181704,157.77234181751695,-55.81348681419405,1,-42.611921331940685,-67.00603692676673,-57.82250218387475,-43.97727637140374,6
7896,manilacotton,2016-08-03,manilacotton,Croplands,35.8872,-90.1371,4.2,5.0,6.100321812592447,28.505,87.67244241069997,0.6780833333333334,-0.5452404385406507,-0.8382797052177745,-48.02576431261238,11.134428503079345,138.6146163732304,-48.02576431261238,1,-36.18191564410015,-58.27988608329975,-49.61549121043724,-43.97727637140374,6
7897,manilacotton,2016-08-27,manilacotton,Croplands,35.8872,-90.1371,3.5,4.3,4.731678379279972,26.27958333333333,74.72309879817081,0.6853124999999998,-0.8359254794186365,-0.5488429582847199,-40.70125901125692,9.610345541763017,117.15345331063372,-40.70125901125692,1,-30.53983859387333,-49.6443380213411,-41.91960041855634,-43.97727637140374,6
7898,manilacotton,2016-09-12,manilacotton,Croplands,35.8872,-90.1371,4.5,5.6,3.36873122750255,22.086250000000003,106.70074975497916,0.8601666666666664,-0.9536809966304456,-0.300819807635668,-59.95687714420303,13.474674299988559,170.17408166471733,-57.69433959920813,1,-45.74481808861718,-72.54741946176838,-61.57839388222352,-43.97727637140374,6
7899,manilacotton,2016-09-20,manilacotton,Croplands,35.8872,-90.1371,3.5,4.9,3.428374511699525,24.41770833333333,88.45670274700208,0.4299375000000001,-0.9859481499638304,-0.1670516255021195,-49.00564687966027,11.37290450237672,139.92575346571408,-48.862395903059316,1,-37.06088238431038,-59.704011319763815,-50.252046934906595,-43.97727637140374,6
7900,manilacotton,2016-09-28,manilacotton,Croplands,35.8872,-90.1371,3.4,5.9,4.1392704816277455,19.792916666666667,113.05323934374998,2.103,-0.9995462806873572,-0.0301203048469083,-63.25933859629822,14.230947947666174,180.70135068647042,-63.25933859629822,1,-48.34172939611264,-76.68627366598432,-64.7500127267977,-43.97727637140374,6
7901,manilacotton,2016-10-06,manilacotton,Croplands,35.8872,-90.1371,2.2,5.2000003,2.3644941387919145,24.50666666666666,142.16071503625,1.4576666666666669,-0.994217906893952,0.107381346664163,-78.57868407329728,18.395698750797557,228.97129782574945,-78.57868407329728,1,-59.2867016122503,-95.92313567405627,-80.52621493358531,-43.97727637140374,6
7902,manilacotton,2016-10-22,manilacotton,Croplands,35.8872,-90.1371,1.5,2.9,1.7731925080383268,12.748208333333334,62.850995037562505,0.8589999999999997,-0.9275416835791964,0.3737197147904692,-34.44613899225156,8.495599943322034,97.52622777137533,-34.44613899225156,1,-25.709091235577784,-42.67772069699678,-34.95160504418013,-43.97727637140374,6
7903,manilacotton,2016-10-30,manilacotton,Croplands,35.8872,-90.1371,2.3,4.0,2.1269563356202417,21.33833333333333,86.77110727000002,1.3021041666666664,-0.867456354729597,0.4975132889071803,-47.97808790720752,11.577363661196024,137.14206699897932,-47.632000578448,1,-35.857575275063816,-58.92252578154641,-49.154162665012336,-43.97727637140374,6
7904,manilacotton,2017-05-26,manilacotton,Croplands,35.8872,-90.1371,3.7,5.7000003,7.891940078884832,24.85520833333334,118.89511442,3.0142916666666664,0.5877852522924732,-0.8090169943749473,-65.35923521134379,15.158792134930454,190.3755659491934,-65.35923521134379,1,-49.1812663736004,-79.23561733590172,-67.66082192452923,-43.97727637140374,6
7905,manilacotton,2017-06-11,manilacotton,Croplands,35.8872,-90.1371,2.4,7.3,5.090500026527342,23.743541666666665,59.661638933864594,0.9793124999999998,0.3456123126707335,-0.938377391740864,-31.563632904765978,6.826209232352352,92.13689888145834,-31.563632904765978,1,-24.477563295152557,-38.096290695776354,-32.11704472336901,-43.97727637140374,6
7906,manilacotton,2017-06-19,manilacotton,Croplands,35.8872,-90.1371,2.2,6.4,5.8305606805498025,22.782708333333336,131.14878154624998,1.0212500000000004,0.2135209154397961,-0.9769384927771816,-71.55929727168147,16.484566743285487,210.6933146687621,-71.55929727168147,1,-54.279228907962136,-87.11238929524357,-73.28627361183868,-43.97727637140374,6
7907,manilacotton,2017-06-27,manilacotton,Croplands,35.8872,-90.1371,3.9,5.3,5.720298502633835,25.991041666666664,72.8592744084375,3.461958333333333,0.077386479233463,-0.9970011699250152,-39.395170600278604,9.011922260301263,114.03760441634999,-39.395170600278604,1,-29.70475751783324,-47.52468278263645,-40.95607150036612,-43.97727637140374,6
7908,manilacotton,2017-07-13,manilacotton,Croplands,35.8872,-90.1371,4.1,5.7000003,1.5797855442581796,23.815625,23.810884745520827,2.535708333333333,-0.1966728897935762,-0.980469160361632,-12.305437102396512,2.417854106709316,32.772531163739714,-7.265008190912871,1,-9.6822007221656,-14.444697516788782,-12.789413068235156,-43.97727637140374,6
7909,manilacotton,2017-07-21,manilacotton,Croplands,35.8872,-90.1371,5.7,6.3,6.80377370451807,27.52208333333333,107.97403506287502,1.6134166666666665,-0.3294084822245302,-0.9441875088341994,-60.404219320388826,13.429993810535926,172.27652802715423,-60.404219320388826,1,-46.036272412051744,-72.64153918861196,-62.5348463605028,-43.97727637140374,6
7910,manilacotton,2017-07-29,manilacotton,Croplands,35.8872,-90.1371,5.6,5.7000003,6.2552149457129005,28.967916666666657,111.15090764020836,0.8736458333333332,-0.455906693508459,-0.8900275764346766,-62.036173660619035,14.04720170019016,177.55010350157752,-62.036173660619035,1,-47.01273512660208,-74.84374947466371,-64.25203638059132,-43.97727637140374,6
7911,manilacotton,2017-09-07,manilacotton,Croplands,35.8872,-90.1371,3.7,4.0,3.1575807159595395,22.07437500000001,29.346240972966665,1.2937083333333337,-0.9175836260593934,-0.3975428142825566,-15.801515053386192,3.681342332037986,42.01674717188567,-14.71667648530527,1,-11.875242119370029,-19.175526072352724,-16.35377696843582,-43.97727637140374,6
7912,manilacotton,2017-09-15,manilacotton,Croplands,35.8872,-90.1371,4.4,4.7000003,3.993010112320248,21.495000000000005,49.30191215091665,2.0288125,-0.9634705485641486,-0.2678143051621748,-27.612476633609802,6.117038008242182,75.03123821799804,-26.798496858250296,1,-21.0995156273464,-33.236267465458205,-28.5016468080248,-43.97727637140374,6
7913,manilacotton,2017-10-09,manilacotton,Croplands,35.8872,-90.1371,2.8,4.2000003,5.259466641222276,19.235208333333336,92.77906514791664,2.1294166666666667,-0.989932495087353,0.141540295217043,-51.473714257543485,12.041190206632415,147.09600244726843,-51.473714257543485,1,-38.82763838696797,-62.801533446696006,-52.79197093896647,-43.97727637140374,6
7914,manilacotton,2017-10-25,manilacotton,Croplands,35.8872,-90.1371,2.1,3.7,2.1128651305843142,18.689166666666665,37.672724824375,3.1438333333333337,-0.9141279881853336,0.4054257283599973,-20.401681273489682,5.034785046050726,55.80329934145292,-20.401681273489682,1,-15.089108608946013,-25.102836604718064,-21.013098606804963,-43.97727637140374,6
7915,manilacotton,2017-11-10,manilacotton,Croplands,35.8872,-90.1371,0.7,2.2,2.106642068270061,9.659458333333337,35.42080606157318,1.1644645845833332,-0.7694148268839381,0.6387494220515268,-18.93305035428318,5.125642093339432,52.18253466898523,-18.93305035428318,1,-13.750324809477638,-23.99963509944478,-19.04919115392712,-43.97727637140374,6
7916,manilacotton,2018-06-06,manilacotton,Croplands,35.8872,-90.1371,1.8,6.1,2.470669114928881,26.035833333333343,174.2308351325,0.8446041666666666,0.4250003399695541,-0.9051931898913974,-95.25072246759976,22.354981412435468,282.14488416739056,-95.25072246759976,1,-71.72130191813378,-116.2089070804223,-97.82195840424316,-43.97727637140374,6
7917,manilacotton,2018-06-14,manilacotton,Croplands,35.8872,-90.1371,5.3,6.3,5.564950706518849,28.06375000000001,108.55443921937496,1.4937291666666666,0.2967128192734907,-0.9549667548552552,-60.36368449348703,13.678095828511575,173.23433068274102,-60.36368449348703,1,-45.709887307944776,-72.79352111524608,-62.587645057270244,-43.97727637140374,6
7918,manilacotton,2018-07-16,manilacotton,Croplands,35.8872,-90.1371,5.5,6.2000003,6.4750302852920045,27.59895833333333,70.25328387781248,1.1397291666666671,-0.2470221804809352,-0.9690098257244064,-39.10198913487565,8.554159753895906,109.7323491364909,-39.10198913487565,1,-29.920715754244497,-46.84727531883673,-40.53797633154573,-43.97727637140374,6
7919,manilacotton,2018-07-24,manilacotton,Croplands,35.8872,-90.1371,5.9,6.3,6.362528723997146,24.344791666666666,93.01448306831249,1.0240833333333337,-0.3777079652039646,-0.92592477719385,-52.41065521673455,11.432512585388475,147.476911853512,-52.41065521673455,1,-40.20040145796065,-62.86142605010885,-54.17013814213416,-43.97727637140374,6
7920,manilacotton,2018-09-02,manilacotton,Croplands,35.8872,-90.1371,4.7,5.3,5.647297635518731,26.806875,92.83935186250004,1.5754791666666668,-0.8800122039735356,-0.4749510720670502,-51.7257980662028,11.734040368490486,147.18535405415304,-51.7257980662028,1,-39.23822571985444,-62.522946298383616,-53.416222180370355,-43.97727637140374,6
7921,manilacotton,2018-09-18,manilacotton,Croplands,35.8872,-90.1371,3.2,4.9,2.5636559363152966,26.41604166666667,117.71865651101878,0.6386458333333335,-0.9760105506323682,-0.2177232303965322,-65.03377154651368,15.211024988200187,188.44157634328403,-63.76108341914427,1,-49.01782712991908,-79.2861352003455,-66.79735230927646,-43.97727637140374,6
7922,manilacotton,2018-10-04,manilacotton,Croplands,35.8872,-90.1371,2.9,4.6,2.1482468186210557,27.008750000000006,120.16033037958334,1.6793541666666665,-0.9984354211555644,0.055916990100603,-66.3433489542377,15.672259395026924,192.49054732174008,-64.83984259147981,1,-49.802407041280894,-80.97130723033784,-68.25633259109439,-43.97727637140374,6
