row_id,station,date,group,landcover,latitude,longitude,openet,eto,y,t_avg,vpd,ws,doy_sin,doy_cos,OpenET,correction,spread,distance,predicted_gain,spread_threshold,support_threshold,Full,accept_Full,Spread95,accept_Spread95,Support95,accept_Support95,Gain,accept_Gain,SupportGain,accept_SupportGain,Uniform,Clip,uniform_multiplier,correction_20260713,correction_20260714,correction_20260715,fold,condition
145,Almond_High,2019-01-04,Almond_High,Croplands,36.169669,-120.201004,1.6,2.5,0.5657079002983887,7.837560729166667,0.5576000375,1.148180775520833,0.0688024268023198,0.9976303053065856,1.6,0.008033716575732847,0.24531258168872544,0.9814210257775222,0.06391309578311073,0.29549960979371537,0.9457590135934477,1.608033716575733,True,1.608033716575733,True,1.6,False,1.608033716575733,True,1.6,False,1.6020084291439334,1.608033716575733,0.25,0.25127725043991817,0.012120740743287589,-0.2392968414560072,8,temperature_plus20
146,Almond_High,2019-01-12,Almond_High,Croplands,36.169669,-120.201004,1.2,0.7,1.3646137096668003,12.44484375,0.4358704062500001,1.1409832258958337,0.2051044998686192,0.9787400799669153,1.2,-0.05621326803023411,0.5775543815294276,1.6923016623510332,0.08442734792805802,0.29549960979371537,0.9457590135934477,1.1437867319697659,True,1.2,False,1.2,False,1.1437867319697659,True,1.2,False,1.1859466829924414,1.133344127383661,0.25,0.6074984654860558,-0.44449709521971764,-0.3316411743570405,8,temperature_plus20
147,Almond_High,2019-01-13,Almond_High,Croplands,36.169669,-120.201004,0.9,0.7,0.6175913486458401,10.1428,0.2411664708333333,1.09715212475,0.2219215130041655,0.9750645322571948,0.9,0.038020885436049784,0.5249887056747888,1.4931303789558918,0.08442734792805802,0.29549960979371537,0.9457590135934477,0.9380208854360498,True,0.9,False,0.9,False,0.9380208854360498,True,0.9,False,0.9095052213590125,0.9447466092068019,0.25,0.6401703750698027,-0.3236767526345161,-0.2024309661271372,8,temperature_plus20
148,Almond_High,2019-01-21,Almond_High,Croplands,36.169669,-120.201004,1.0,3.1000001,1.455408541840829,9.626681250000004,0.3393695083333334,1.659308369125,0.3536761221763716,0.9353679493131484,1.0,0.13642753012985945,0.08393751036801647,1.266066779797128,0.06371840563705901,0.29549960979371537,0.9457590135934477,1.1364275301298594,True,1.1364275301298594,True,1.0,False,1.1364275301298594,True,1.0,False,1.0341068825324649,1.1364275301298594,0.25,0.23306383005652692,0.081661527877333,0.0945572324557184,8,temperature_plus20
149,Almond_High,2019-02-05,Almond_High,Croplands,36.169669,-120.201004,1.1,0.4,1.741929004070058,6.5697270833333326,0.25718669375,1.8880259258541665,0.5808002734538009,0.8140460935082178,1.1,0.2911069084818838,0.46605850918010305,1.114321228206053,0.08397391416913455,0.29549960979371537,0.9457590135934477,1.391106908481884,True,1.1,False,1.1,False,1.391106908481884,True,1.1,False,1.172776727120471,1.367985744799293,0.25,0.8278101566451279,0.057000744500071365,-0.011490175699547744,8,temperature_plus20
150,Almond_High,2019-02-06,Almond_High,Croplands,36.169669,-120.201004,1.5,0.4,1.083380831533297,5.1946821875000015,0.2369136520833333,1.3276221462916669,0.5947266869607634,0.8039279618328213,1.5,0.17618991668890793,0.4967591181582235,1.0096776901301592,0.08442734792805802,0.29549960979371537,0.9457590135934477,1.6761899166889078,True,1.5,False,1.5,False,1.6761899166889078,True,1.5,False,1.544047479172227,1.629182190808952,0.25,0.7489761946060247,-0.13678387963035982,-0.08362256490894111,8,temperature_plus20
151,Almond_High,2019-02-22,Almond_High,Croplands,36.169669,-120.201004,1.9,2.3,1.6268213848533646,6.867954166666666,0.46926138125,1.7901229872916662,0.7909456567567772,0.6118864012687243,1.9,0.14776786687695806,0.41734500068018515,0.9818035981752677,0.0841275734073191,0.29549960979371537,0.9457590135934477,2.047767866876958,True,1.9,False,1.9,False,2.047767866876958,True,1.9,False,1.9369419667192393,2.047767866876958,0.25,0.5944234212912913,0.08112755367333652,-0.2322473743337536,8,temperature_plus20
152,Almond_High,2019-03-09,Almond_High,Croplands,36.169669,-120.201004,2.0,4.2000003,1.9125719288354823,8.116429166666665,0.3271810375,1.3526368737708332,0.9209712877166346,0.3896304495307879,2.0,-0.09208396957371516,0.32712428217537864,0.9885561616164213,0.0841275734073191,0.29549960979371537,0.9457590135934477,1.9079160304262848,True,2.0,False,2.0,False,1.9079160304262848,True,2.0,False,1.9769790076065712,1.9079160304262848,0.25,0.28284451964013135,-0.3193196482838193,-0.2397767800774575,8,temperature_plus20
153,Almond_High,2019-03-10,Almond_High,Croplands,36.169669,-120.201004,2.5,2.4,1.2906366341295397,8.228785416666666,0.3261017604166666,1.0765096824999998,0.9275416835791966,0.373719714790469,2.5,0.04043705015955904,0.5103771305569912,1.0038204616319724,0.0841275734073191,0.29549960979371537,0.9457590135934477,2.540437050159559,True,2.5,False,2.5,False,2.540437050159559,True,2.5,False,2.5101092625398898,2.540437050159559,0.25,0.5845554412102507,-0.035570627172499425,-0.4276736635590742,8,temperature_plus20
154,Almond_High,2019-03-17,Almond_High,Croplands,36.169669,-120.201004,3.3,3.8,2.3753879410999925,15.300804166666666,0.9240655083333332,1.3145689834166665,0.9657399376548548,0.2595117970697999,3.3,-0.5276454027995809,0.7483775012268403,1.7509106679966717,0.27476234376858216,0.29549960979371537,0.9457590135934477,2.772354597200419,True,3.3,False,3.3,False,2.772354597200419,True,3.3,False,3.1680886493001044,2.858665524564754,0.25,0.30520698827977105,-0.7444806282339334,-1.1436625684445805,8,temperature_plus20
155,Almond_High,2019-03-18,Almond_High,Croplands,36.169669,-120.201004,3.6,3.8,3.4235631427972963,17.727920833333332,1.1495711895833334,1.3147514127083335,0.970063921851507,0.2428497220959356,3.6,-0.6582608701007364,0.8671336797338638,2.0019879171342243,0.3212739335138282,0.29549960979371537,0.9457590135934477,2.941739129899264,True,3.6,False,3.6,False,2.941739129899264,True,3.6,False,3.435434782474816,3.0299950899844137,0.25,0.30971012200592424,-0.9204470483940104,-1.364045683914123,8,temperature_plus20
156,Almond_High,2019-03-26,Almond_High,Croplands,36.169669,-120.201004,3.8,3.8,3.077299366968373,15.263912499999996,0.6533818270833333,1.1369700340625002,0.994217906893952,0.107381346664163,3.8,-0.6591922901592532,0.8184714123960403,1.7295775349455564,0.3212739335138282,0.29549960979371537,0.9457590135934477,3.1408077098407468,True,3.8,False,3.8,False,3.1408077098407468,True,3.8,False,3.6352019274601863,3.242929646539872,0.25,0.24031840899042994,-0.8578384413840441,-1.3600568380841456,8,temperature_plus20
157,Almond_High,2019-04-02,Almond_High,Croplands,36.169669,-120.201004,4.2,4.8,5.3652586653614325,16.234875000000002,0.6705711020833333,1.2678504086249998,0.999916658654738,-0.0129102960750088,4.2,-0.8778549035029449,0.7121252288405243,1.6130181212822723,0.26746728585363394,0.29549960979371537,0.9457590135934477,3.322145096497055,True,4.2,False,4.2,False,3.322145096497055,True,4.2,False,3.980536274124264,3.4121851756924757,0.25,-0.07455831614898269,-1.1273247292211583,-1.4316816651386937,8,temperature_plus20
158,Almond_High,2019-04-18,Almond_High,Croplands,36.169669,-120.201004,5.4,5.3,5.336477808562401,19.738395833333332,1.1248048895833336,1.1376089402708331,0.9587178169872964,-0.2843591872810034,5.4,-1.361321103894986,0.8344580796280252,1.8180183548850155,-0.001923536919639337,0.29549960979371537,0.9457590135934477,4.038678896105014,True,5.4,False,5.4,False,5.4,False,5.4,False,5.059669724026254,4.143989382617089,0.25,-0.4143756002446128,-1.680550714888083,-1.9890369965522616,8,temperature_plus20
159,Almond_High,2019-04-19,Almond_High,Croplands,36.169669,-120.201004,5.2,4.8,6.923782693520382,22.55672916666667,1.5967566854166666,1.3102561865000002,0.9536809966304456,-0.3008198076356673,5.2,-1.2081035931629778,1.0996788741804913,2.0980219556171944,0.5751646262891277,0.29549960979371537,0.9457590135934477,3.9918964068370224,True,5.2,False,5.2,False,3.9918964068370224,True,5.2,False,4.897974101709256,4.168633217071513,0.25,0.015545390931029635,-1.5261492583467264,-2.1137069120732366,8,temperature_plus20
160,Almond_High,2019-04-26,Almond_High,Croplands,36.169669,-120.201004,5.9,5.5,7.567374618531701,24.47172916666666,1.8595441229166667,1.27329577675,0.9106046300942164,-0.4132786077829042,5.9,-1.583971411896868,1.1051903243555967,2.157291714900158,0.24477649626484724,0.29549960979371537,0.9457590135934477,4.316028588103133,True,5.9,False,5.9,False,4.316028588103133,True,5.9,False,5.504007147025783,4.5351264587740685,0.25,-0.3582261013060455,-1.889261593337403,-2.504426541047155,8,temperature_plus20
161,Almond_High,2019-04-27,Almond_High,Croplands,36.169669,-120.201004,5.8,5.6,6.482815057765819,22.57533333333333,1.6504921250000002,1.2168267018541667,0.9033558023246844,-0.4288919379124835,5.8,-1.5367027579613513,0.9682317884662637,1.9846266626423081,0.24477649626484724,0.29549960979371537,0.9457590135934477,4.263297242038648,True,5.8,False,5.8,False,4.263297242038648,True,5.8,False,5.415824310509662,4.4667480860054205,0.25,-0.460750859676522,-1.8115847493063015,-2.3377726649012303,8,temperature_plus20
162,Almond_High,2019-05-04,Almond_High,Croplands,36.169669,-120.201004,6.2,4.1,6.559937697784512,20.837354166666668,1.6388317895833329,1.212139022083333,0.8452490573530633,-0.5343725582809787,6.2,-1.005665872998544,1.1775022371124297,1.9425118166892017,0.1256740024270851,0.29549960979371537,0.9457590135934477,5.194334127001456,True,6.2,False,6.2,False,5.194334127001456,True,6.2,False,5.948583531750364,5.388281550994093,0.25,0.35198122916694746,-1.6204013761237392,-1.7485774720388403,8,temperature_plus20
163,Almond_High,2019-05-05,Almond_High,Croplands,36.169669,-120.201004,5.6,4.5,4.935977720795703,17.751479166666666,1.0947649312500003,1.7788572486874996,0.835925479418637,-0.548842958284719,5.6,-0.8303605266827238,0.9336088504109434,1.5057451415947434,-0.014959285940726135,0.29549960979371537,0.9457590135934477,4.769639473317276,True,5.6,False,5.6,False,5.6,False,5.6,False,5.3924098683293185,4.935691419895842,0.25,0.24640991040746363,-1.3234737348671255,-1.4140177555885094,8,temperature_plus20
164,Almond_High,2019-05-12,Almond_High,Croplands,36.169669,-120.201004,6.7,5.1,7.132804093608396,22.2355625,1.2931423875,1.2863745353333336,0.7638886127905428,-0.6453481132295501,6.7,-1.3889492905008707,1.0825488195267001,1.8756179068860408,0.004394004601943419,0.29549960979371537,0.9457590135934477,5.3110507094991295,True,6.7,False,6.7,False,5.3110507094991295,True,6.7,False,6.352762677374782,5.540345477692478,0.25,-0.1435160653839181,-1.9190159813662258,-2.1043158247524683,8,temperature_plus20
165,Almond_High,2019-05-13,Almond_High,Croplands,36.169669,-120.201004,6.3,5.3,7.941737971530907,21.159770833333337,1.5506621125000002,1.1475798406041664,0.7526668275320084,-0.6584015846980488,6.3,-1.307126812559695,0.9419133450362579,1.7452930362362409,-0.02863462088409345,0.29549960979371537,0.9457590135934477,4.9928731874403045,True,6.3,False,6.3,False,6.3,False,6.3,False,5.973218296860076,5.220691090823636,0.25,-0.22810495305990527,-1.7283811585664237,-1.9648943260527565,8,temperature_plus20
166,Almond_High,2019-06-05,Almond_High,Croplands,36.169669,-120.201004,7.0,5.6,9.08666714336506,29.35682408333333,2.2897874854166664,1.2004376741354166,0.440518784350495,-0.8977433935342337,7.0,-1.274253517143901,1.295037773939434,2.288105795979888,-0.02863462088409345,0.29549960979371537,0.9457590135934477,5.725746482856099,True,7.0,False,7.0,False,7.0,False,7.0,False,6.681436620714025,6.287632596106241,0.25,0.1642586141079968,-1.6397653642858616,-2.3472538012538378,8,temperature_plus20
167,Almond_High,2019-06-06,Almond_High,Croplands,36.169669,-120.201004,7.6,4.0,10.07536162437612,25.72975,2.053576827083333,1.5157997613125005,0.4250003399695541,-0.9051931898913974,7.6,-0.5216448101786483,1.2020020605074566,2.3309373818742687,0.06493540869700166,0.29549960979371537,0.9457590135934477,7.078355189821352,True,7.6,False,7.6,False,7.078355189821352,True,7.6,False,7.469588797455337,7.554105096921039,0.25,0.8578348973812693,-1.078773368108765,-1.343995959808449,8,temperature_plus20
168,Almond_High,2019-06-13,Almond_High,Croplands,36.169669,-120.201004,7.2,6.5,10.462812691902734,27.19545833333333,2.109974095833333,1.2559720616875,0.3131070409358269,-0.9497178427914316,7.2,-1.54642425881965,1.116679767925753,1.945027233819196,0.16835528838514913,0.29549960979371537,0.9457590135934477,5.65357574118035,True,7.2,False,7.2,False,5.65357574118035,True,7.2,False,6.813393935295088,6.3151910855886,0.25,-0.3368308883042384,-1.76439202504649,-2.5380498631082213,8,temperature_plus20
169,Almond_High,2019-06-14,Almond_High,Croplands,36.169669,-120.201004,7.1,7.5,8.576311393789192,24.976687499999983,1.84529164375,1.1368727772708331,0.2967128192734907,-0.9549667548552552,7.1,-1.7319117681391785,0.9555878437153875,1.7384676211608205,-0.8413366732597901,0.29549960979371537,0.9457590135934477,5.368088231860821,True,7.1,False,7.1,False,7.1,False,7.1,False,6.667022057965205,6.316688812372031,0.25,-0.7290973963673726,-1.8346704511023162,-2.6319674569478475,8,temperature_plus20
170,Almond_High,2019-06-21,Almond_High,Croplands,36.169669,-120.201004,7.0,10.3,8.825924926878578,22.43968749999999,1.485184185416667,1.3055399985833336,0.1797665857255624,-0.9837092937736096,7.0,-1.6016543716778866,0.4286718777011894,1.7392374958115808,-1.2246360210081482,0.29549960979371537,0.9457590135934477,5.398345628322113,True,7.0,False,7.0,False,7.0,False,7.0,False,6.599586407080528,6.919878134644167,0.25,-1.393533573289872,-1.3167753428234958,-2.094654198920292,8,temperature_plus20
171,Almond_High,2019-06-22,Almond_High,Croplands,36.169669,-120.201004,7.0,5.2000003,8.769234431064866,23.93995833333333,1.9127322333333332,1.30110555325,0.1628070129385171,-0.986657932891657,7.0,-0.6370134411777787,0.9811976779572452,1.8549244818174497,0.09977961203455411,0.29549960979371537,0.9457590135934477,6.362986558822222,True,7.0,False,7.0,False,6.362986558822222,True,7.0,False,6.840746639705555,6.827990842642023,0.25,0.48916878859628127,-1.0927077580001792,-1.307501354129438,8,temperature_plus20
172,Almond_High,2019-06-29,Almond_High,Croplands,36.169669,-120.201004,7.0,7.6,7.3407478896124605,22.74014583333333,1.7311610916666664,1.0874667087499998,0.0430222330045305,-0.99907411510223,7.0,-1.4203735996761242,0.7631425361196601,1.5335038736148243,-0.47152868843664697,0.29549960979371537,0.9457590135934477,5.579626400323876,True,7.0,False,7.0,False,7.0,False,7.0,False,6.644906600080969,6.3707054173111715,0.25,-0.6671579056228102,-1.4008929223689084,-2.193069971036654,8,temperature_plus20
173,Almond_High,2019-06-30,Almond_High,Croplands,36.169669,-120.201004,7.1,7.1,7.638375450414082,24.589541666666666,1.9849049125,1.2676964542499998,0.025818440227133,-0.9996666485105112,7.1,-1.413237916870455,0.929920837188648,1.650097806051209,-0.06788587103697082,0.29549960979371537,0.9457590135934477,5.686762083129545,True,7.1,False,7.1,False,7.1,False,7.1,False,6.746690520782386,6.409097353821237,0.25,-0.4469744617761675,-1.490778760706471,-2.3019605281287263,8,temperature_plus20
174,Almond_High,2019-07-08,Almond_High,Croplands,36.169669,-120.201004,7.1,6.2000003,8.32428100010107,23.018312499999997,1.7283827270833332,1.1091889079791668,-0.1116590071216944,-0.993746580436178,7.1,-0.9130556297976508,0.7626080360670259,1.6412980660480645,0.10866202314818922,0.29549960979371537,0.9457590135934477,6.186944370202349,True,7.1,False,7.1,False,6.186944370202349,True,7.1,False,6.871736092550587,6.733110096700013,0.25,-0.04993069977518433,-1.193513716797224,-1.4957224728205438,8,temperature_plus20
175,Almond_High,2019-07-15,Almond_High,Croplands,36.169669,-120.201004,7.2,6.6,8.755813183054162,26.97141666666667,2.4617921312499997,1.2272810831666667,-0.2303056702306119,-0.973118337233262,7.2,-1.0967889889528262,0.9278815934020237,1.9399608289665964,-0.04827675559305676,0.29549960979371537,0.9457590135934477,6.103211011047174,True,7.2,False,7.2,False,7.2,False,7.2,False,6.925802752761793,6.7367757352690845,0.25,-0.09724696836216754,-1.2624177194040214,-1.9307022790922899,8,temperature_plus20
176,Almond_High,2019-07-16,Almond_High,Croplands,36.169669,-120.201004,8.0,8.6,8.119102107913621,26.760562499999995,2.2864022229166667,1.3452416034791668,-0.2470221804809352,-0.9690098257244064,8.0,-1.7358135895616602,1.0206927252562221,2.021838678086275,-1.14876986366461,0.29549960979371537,0.9457590135934477,6.26418641043834,True,8.0,False,8.0,False,8.0,False,8.0,False,7.566046602609585,7.766602386168244,0.25,-1.0251242634374114,-1.2769075844074362,-2.9054089208401326,8,temperature_plus20
177,Almond_High,2019-07-23,Almond_High,Croplands,36.169669,-120.201004,6.9,6.0,8.373742786392825,29.27577083333333,2.495309535416667,1.0123814224583334,-0.3617137307297674,-0.9322892131745134,6.9,-0.6792406632396313,0.956351962536642,2.2593175419868876,0.06404163400908103,0.29549960979371537,0.9457590135934477,6.220759336760369,True,6.9,False,6.9,False,6.220759336760369,True,6.9,False,6.730189834190092,6.682401649089368,0.25,0.35850143688810926,-0.8711138899704762,-1.525109536636527,8,temperature_plus20
178,Almond_High,2019-07-24,Almond_High,Croplands,36.169669,-120.201004,6.8,6.8,8.578703696804132,29.909562500000003,2.8793498166666662,1.053463130895833,-0.3777079652039646,-0.92592477719385,6.8,-0.9918632625067353,0.9939197132062141,2.2542705455981933,0.04737069656843716,0.29549960979371537,0.9457590135934477,5.808136737493265,True,6.8,False,6.8,False,5.808136737493265,True,6.8,False,6.552034184373316,6.326939982901657,0.25,0.013649912655094604,-1.0154707738786857,-1.973768926296615,8,temperature_plus20
179,Almond_High,2019-07-31,Almond_High,Croplands,36.169669,-120.201004,7.0,9.400001,5.851249292140643,26.346375000000005,2.3389832604166663,1.04275549525,-0.4862727071086902,-0.8738071036110807,7.0,-1.7128929423357968,0.6400255740655139,2.065646839224287,-1.4296942932436043,0.29549960979371537,0.9457590135934477,5.287107057664203,True,7.0,False,7.0,False,7.0,False,7.0,False,6.571776764416051,6.800786401017988,0.25,-1.3767460916973644,-1.3109780286845667,-2.450954706625459,8,temperature_plus20
180,Almond_High,2019-08-01,Almond_High,Croplands,36.169669,-120.201004,6.9,9.2,7.1457172626044,26.438854166666665,2.3351100666666667,1.2727733770625,-0.5012418134457756,-0.8653072543632061,6.9,-1.7295832267254105,0.6784509067825042,1.9919788155110445,-1.4296942932436043,0.29549960979371537,0.9457590135934477,5.17041677327459,True,6.9,False,6.9,False,6.9,False,6.9,False,6.467604193318648,6.553810226775309,0.25,-1.3615652410646144,-1.3146617523172233,-2.5125226867943935,8,temperature_plus20
181,Almond_High,2019-08-08,Almond_High,Croplands,36.169669,-120.201004,6.5,4.4,3.4022466793717903,25.290124999999996,2.13728069375,1.1325299682291663,-0.6016240632249227,-0.7987793728863648,6.5,0.17385498048228132,0.8507732588267595,2.0568640157466147,-0.07482265262381904,0.29549960979371537,0.9457590135934477,6.6738549804822815,True,6.5,False,6.5,False,6.5,False,6.5,False,6.543463745120571,6.97174163775631,0.25,1.1272793720426697,-0.09779238379825839,-0.5079220467975674,8,temperature_plus20
182,Almond_High,2019-08-09,Almond_High,Croplands,36.169669,-120.201004,6.1,5.3,3.4401615197187154,23.328249999999993,1.845132591666666,1.0310482023541667,-0.6152845999633277,-0.7883050558305253,6.1,-0.026096080151986206,0.6201551581517015,1.7215121428798805,-0.11796786958309545,0.29549960979371537,0.9457590135934477,6.073903919848013,True,6.1,False,6.1,False,6.1,False,6.1,False,6.093475979962003,6.223316860482437,0.25,0.6251824992815942,-0.09391842092942708,-0.6095523188081258,8,temperature_plus20
183,Almond_High,2019-08-16,Almond_High,Croplands,36.169669,-120.201004,6.6,10.2,5.888034951632812,31.402604166666663,3.5401962000000005,1.3974476571041663,-0.7055836101071774,-0.7086266782644601,6.6,-1.9991783636274054,0.8652594057137062,2.6064747256081953,-1.4296942932436043,0.29549960979371537,0.9457590135934477,4.6008216363725944,True,6.6,False,6.6,False,6.6,False,6.6,False,6.100205409093149,6.234005113031904,0.25,-1.5636206302372742,-1.4382461575624428,-2.9956683030824998,8,temperature_plus20
184,Almond_High,2019-08-17,Almond_High,Croplands,36.169669,-120.201004,6.5,9.6,4.328370369361669,29.08489583333333,2.9795128791666663,1.362725928979167,-0.7176769136759615,-0.6963762255968726,6.5,-1.8099902371068435,0.7981951439787471,2.3292288740325917,-1.4296942932436043,0.29549960979371537,0.9457590135934477,4.6900097628931565,True,6.5,False,6.5,False,6.5,False,6.5,False,6.047502440723289,6.133426751683374,0.25,-1.3865237899441856,-1.3127646368014605,-2.7306822845748844,8,temperature_plus20
185,Almond_High,2019-08-24,Almond_High,Croplands,36.169669,-120.201004,6.1,5.9,3.122651735755693,29.355354166666668,2.5381033958333337,1.0926286450208331,-0.7961828637826154,-0.6050560696488494,6.1,-0.37684755905056805,0.926856917391835,2.315758360534537,0.018410885955816563,0.29549960979371537,0.9457590135934477,5.723152440949431,True,6.1,False,6.1,False,5.723152440949431,True,6.1,False,6.005788110237358,5.7489442746900155,0.25,0.4362487507236144,-0.18071873695015236,-1.3860726909251662,8,temperature_plus20
186,Almond_High,2019-08-25,Almond_High,Croplands,36.169669,-120.201004,6.2,5.9,4.460997506405191,29.76902083333333,2.73221713125,0.91698561975,-0.8064799463209447,-0.5912614448635782,6.2,-0.4037931983615663,0.9310971578897889,2.4035741958001173,0.027487647770855,0.29549960979371537,0.9457590135934477,5.796206801638434,True,6.2,False,6.2,False,5.796206801638434,True,6.2,False,6.099051700409609,5.873548163438052,0.25,0.40947150858909515,-0.20141627050221683,-1.4194348331715771,8,temperature_plus20
187,Almond_High,2019-09-01,Almond_High,Croplands,36.169669,-120.201004,5.5,5.6,5.271366576594421,28.29125,2.7707831166666663,1.0621440779375,-0.8717063187093218,-0.4900286664290594,5.5,-0.20322684920439935,0.8243430086217718,2.1404257414427548,-0.06017104031231717,0.29549960979371537,0.9457590135934477,5.296773150795601,True,5.5,False,5.5,False,5.5,False,5.5,False,5.4491932876989,5.260957701750183,0.25,0.5104238828301899,-0.014553938080999695,-1.1055504923623882,8,temperature_plus20
188,Almond_High,2019-09-02,Almond_High,Croplands,36.169669,-120.201004,5.2,6.9,4.522364411969014,29.292791666666673,2.860548602083333,1.2612709586458328,-0.8800122039735356,-0.4749510720670502,5.2,-0.7339084568360642,1.0602006345622577,2.2290519356558725,0.2072353862473481,0.29549960979371537,0.9457590135934477,4.466091543163936,True,5.2,False,5.2,False,4.466091543163936,True,5.2,False,5.016522885790984,4.764141985829448,0.25,0.09926495744097152,-0.37371209784049475,-1.9272782301086695,8,temperature_plus20
189,Almond_High,2019-09-09,Almond_High,Croplands,36.169669,-120.201004,4.6,8.0,2.2993614706939978,22.087479166666668,1.5535081083333333,1.3275893511666668,-0.9307239310379792,-0.3657225234972692,4.6,-0.933210103123444,0.5974340550599208,1.495681221439625,-0.18597587374010027,0.29549960979371537,0.9457590135934477,3.6667898968765558,True,4.6,False,4.6,False,4.6,False,4.6,False,4.366697474219139,4.222313980797028,0.25,-0.5904781416027015,-0.586089293252223,-1.6230628745154076,8,temperature_plus20
190,Almond_High,2019-09-10,Almond_High,Croplands,36.169669,-120.201004,4.3,7.9,2.672772123423905,20.596645833333326,1.3536909916666666,1.0060338558958335,-0.9368813462954316,-0.3496474552512282,4.3,-0.7538078832640607,0.4891038069381546,1.321146018080764,0.15351195064155243,0.29549960979371537,0.9457590135934477,3.546192116735939,True,4.3,False,4.3,False,3.546192116735939,True,4.3,False,4.111548029183985,4.020896300448509,0.25,-0.49483666217722244,-0.4486408003291239,-1.3179461872858356,8,temperature_plus20
191,Almond_High,2019-09-18,Almond_High,Croplands,36.169669,-120.201004,4.3,6.8,3.656634996534631,19.987291666666668,1.3321622624999998,1.1402074532500002,-0.9760105506323682,-0.2177232303965322,4.3,-0.5234402220782397,0.488984013168142,1.2162663965737828,0.17760338353384908,0.29549960979371537,0.9457590135934477,3.77655977792176,True,4.3,False,4.3,False,3.77655977792176,True,4.3,False,4.16913994448044,4.040196744370114,0.25,-0.18081837380266044,-0.3060828211016833,-1.0834194713303755,8,temperature_plus20
192,Almond_High,2019-09-25,Almond_High,Croplands,36.169669,-120.201004,4.0,5.4,5.468041002988417,26.037250000000004,2.346937833333333,1.024367391333333,-0.9951053111006974,-0.0988201387328721,4.0,-0.25248645981026724,0.7344512463769881,1.9124254906057874,0.14117884739085496,0.29549960979371537,0.9457590135934477,3.7475135401897326,True,4.0,False,4.0,False,3.7475135401897326,True,4.0,False,3.936878385047433,3.809357900289012,0.25,0.3567434299595839,-0.04617299546061851,-1.068029813929767,8,temperature_plus20
326,Almond_Low,2019-02-06,Almond_Low,Croplands,36.946608,-120.10237,1.3,0.4,1.8916104378351573,5.661873416666666,0.3551032291666667,0.8387170037083332,0.5947266869607634,0.8039279618328213,1.3,0.5013901963042832,0.235147196669662,1.0695395295694703,0.0024066174613204478,0.2938918372410075,1.085174434044468,1.801390196304283,True,1.801390196304283,True,1.801390196304283,True,1.801390196304283,True,1.801390196304283,True,1.4253475490760708,1.7078076715425654,0.25,0.734215768299342,0.505966640697235,0.2639881799162725,4,temperature_plus20
327,Almond_Low,2019-02-22,Almond_Low,Croplands,36.946608,-120.10237,1.5,2.3,1.6557630003442778,6.407439583333335,0.3977815520833333,0.7103595134583335,0.7909456567567772,0.6118864012687243,1.5,0.011131393466155668,0.1886275502671016,0.9030461428997217,0.02277406829142458,0.2938918372410075,1.085174434044468,1.5111313934661557,True,1.5111313934661557,True,1.5111313934661557,True,1.5111313934661557,True,1.5111313934661557,True,1.5027828483665389,1.5111313934661557,0.25,0.11372549232782242,-0.20655733508007054,0.12622602315071513,4,temperature_plus20
328,Almond_Low,2019-03-10,Almond_Low,Croplands,36.946608,-120.10237,2.0,2.4,2.29361171811958,10.397898604166668,0.3987153958333334,0.94209642225,0.9275416835791966,0.373719714790469,2.0,0.04535816813606413,0.30076758373901913,1.1802264410792849,-0.11117858601910241,0.2938918372410075,1.085174434044468,2.045358168136064,True,2.0,False,2.0,False,2.0,False,2.0,False,2.011339542034016,2.045358168136064,0.25,0.31909284543689237,-0.276612207389671,0.09359386636097103,4,temperature_plus20
329,Almond_Low,2019-03-17,Almond_Low,Croplands,36.946608,-120.10237,2.9,3.8,2.524041628086273,15.8386950625,0.7495445583333332,0.8923081649166664,0.9657399376548548,0.2595117970697999,2.9,-0.549319675202718,0.6840373200272855,1.7228669515370387,-0.07799007336135971,0.2938918372410075,1.085174434044468,2.350680324797282,True,2.9,False,2.9,False,2.9,False,2.9,False,2.7626700811993206,2.5118692318021987,0.25,0.2368664874935964,-1.0082955568764855,-0.8765299562252646,4,temperature_plus20
330,Almond_Low,2019-03-18,Almond_Low,Croplands,36.946608,-120.10237,3.0,3.8,2.8838645862980563,18.115967458333326,0.9806002937499998,0.8315088097708334,0.970063921851507,0.2428497220959356,3.0,-0.642503238780244,0.7573193640343767,1.9723494364081844,-0.06986029617890713,0.2938918372410075,1.085174434044468,2.357496761219756,True,3.0,False,3.0,False,3.0,False,3.0,False,2.839374190304939,2.6163880155797488,0.25,0.23141021630652597,-1.1066458800504282,-1.0522740525968295,4,temperature_plus20
331,Almond_Low,2019-03-26,Almond_Low,Croplands,36.946608,-120.10237,2.8,3.8,3.0326500211025853,15.952093354166664,0.4175505770833334,1.1613704548333337,0.994217906893952,0.107381346664163,2.8,-0.48247574023483053,0.5811241686086156,1.7223789160305039,-0.07799007336135971,0.2938918372410075,1.085174434044468,2.317524259765169,True,2.8,False,2.8,False,2.8,False,2.8,False,2.679381064941292,2.5150367045763797,0.25,0.18016385735863438,-0.9053754064530266,-0.7222156716100994,4,temperature_plus20
332,Almond_Low,2019-04-10,Almond_Low,Croplands,36.946608,-120.10237,4.9,7.8,5.704806558352876,14.49127333333334,0.7260157791666665,2.3447545333124995,0.9886775902323404,-0.1500553983446526,4.9,-1.432590947131925,0.345524509160275,1.3777583700558202,-1.1337592695677419,0.2938918372410075,1.085174434044468,3.467409052868075,True,4.9,False,4.9,False,4.9,False,4.9,False,4.541852263217019,3.6338664608935396,0.25,-1.046183240677591,-1.7118412978181694,-1.5397483029000136,4,temperature_plus20
333,Almond_Low,2019-04-18,Almond_Low,Croplands,36.946608,-120.10237,4.9,5.3,5.3467152136162825,21.1858336875,1.0004493395833334,0.8580438943750001,0.9587178169872964,-0.2843591872810034,4.9,-1.0110013321899867,0.5528524713067328,1.9576118045820734,-0.18870161103082886,0.2938918372410075,1.085174434044468,3.8889986678100135,True,4.9,False,4.9,False,4.9,False,4.9,False,4.647249666952503,4.273464436421498,0.25,-0.3833309674321481,-1.223998575609736,-1.4256744535280759,4,temperature_plus20
334,Almond_Low,2019-04-19,Almond_Low,Croplands,36.946608,-120.10237,4.6,4.8,6.3199115003830215,22.65304508333334,1.1103304895833337,1.1580305953541667,0.9536809966304456,-0.3008198076356673,4.6,-0.84308500117158,0.5378223580888722,2.1288094369771096,-0.027350498044570855,0.2938918372410075,1.085174434044468,3.7569149988284196,True,4.6,False,4.6,False,4.6,False,4.6,False,4.3892287497071045,4.083921972471071,0.25,-0.23327900700118115,-1.0462266305101546,-1.2497493660034042,4,temperature_plus20
335,Almond_Low,2019-04-26,Almond_Low,Croplands,36.946608,-120.10237,5.6,5.5,8.029802020374753,23.91012402083332,1.5301104541666664,1.449476814333333,0.9106046300942164,-0.4132786077829042,5.6,-1.1296747947425991,0.42796869180888975,2.018004277803354,-0.1204192161914484,0.2938918372410075,1.085174434044468,4.4703252052574,True,5.6,False,5.6,False,5.6,False,5.6,False,5.31758130131435,4.797892298561882,0.25,-0.6408706866251261,-1.3111474511860417,-1.4370062464166296,4,temperature_plus20
336,Almond_Low,2019-05-04,Almond_Low,Croplands,36.946608,-120.10237,5.2,4.1,6.961226061843447,20.181915666666665,1.26209908125,1.3703530395833334,0.8452490573530633,-0.5343725582809787,5.2,-0.2991082097975341,0.453729753626685,1.7934727747809824,-0.09734588594794115,0.2938918372410075,1.085174434044468,4.900891790202466,True,5.2,False,5.2,False,5.2,False,5.2,False,5.125222947550617,5.13306806371775,0.25,0.16109012612671147,-0.312334585469917,-0.7460801700493969,4,temperature_plus20
337,Almond_Low,2019-05-05,Almond_Low,Croplands,36.946608,-120.10237,5.7,4.5,7.127940882260551,17.540463270833335,0.8928197874999998,1.9051225912500005,0.835925479418637,-0.548842958284719,5.7,-0.4084185718242123,0.4224836167885849,1.379268406950517,-0.18888183111473159,0.2938918372410075,1.085174434044468,5.291581428175788,True,5.7,False,5.7,False,5.7,False,5.7,False,5.597895357043947,5.422365034351714,0.25,0.013449220810548973,-0.4071896047373925,-0.8315153315457935,4,temperature_plus20
338,Almond_Low,2019-05-12,Almond_Low,Croplands,36.946608,-120.10237,6.2,5.1,7.522209078404701,22.1876030625,1.1686254395833335,1.3524520074166666,0.7638886127905428,-0.6453481132295501,6.2,-0.7959728217091856,0.3019132525076617,1.7849336188496996,-0.3554224905020426,0.2938918372410075,1.085174434044468,5.404027178290814,True,6.2,False,6.2,False,6.2,False,6.2,False,6.001006794572704,5.711797872481635,0.25,-0.4683026440906152,-0.8567263745175167,-1.062889446519425,4,temperature_plus20
339,Almond_Low,2019-05-13,Almond_Low,Croplands,36.946608,-120.10237,5.5,5.3,7.973218843316537,21.31819664583333,1.4232596687500003,2.00876494475,0.7526668275320084,-0.6584015846980488,5.5,-0.9016000591194017,0.2890838499742616,1.649546817571514,-0.31535040459560537,0.2938918372410075,1.085174434044468,4.598399940880598,True,4.598399940880598,True,5.5,False,5.5,False,5.5,False,5.274599985220149,4.843354700047092,0.25,-0.6084880698008392,-0.9098321816371484,-1.1864799259202174,4,temperature_plus20
340,Almond_Low,2019-05-29,Almond_Low,Croplands,36.946608,-120.10237,5.3,4.7000003,7.392407289385437,22.647652166666663,0.9500450583333332,1.1139323658541664,0.545240438540651,-0.8382797052177743,5.3,-0.41633352448027133,0.23418051748715438,1.8676738967531528,-0.21108000515283626,0.2938918372410075,1.085174434044468,4.883666475519728,True,4.883666475519728,True,5.3,False,5.3,False,5.3,False,5.195916618879932,5.156216777875354,0.25,-0.14635107655155283,-0.5381861363275153,-0.564463360561746,4,temperature_plus20
341,Almond_Low,2019-08-01,Almond_Low,Croplands,36.946608,-120.10237,4.7,9.2,6.648672675544519,26.50460895833333,1.8675169479166664,1.6544935247083332,-0.5012418134457756,-0.8653072543632061,4.7,-2.0367609426760236,0.43642567919158093,1.8852521000958968,-1.5025686884227463,0.2938918372410075,1.085174434044468,2.6632390573239766,True,4.7,False,4.7,False,4.7,False,4.7,False,4.190809764330995,4.1077455059313355,0.25,-2.0255175804476293,-1.6060655790140816,-2.4786996685663603,4,temperature_plus20
342,Almond_Low,2019-08-08,Almond_Low,Croplands,36.946608,-120.10237,6.1,4.4,7.2335499704908655,24.7692899375,1.7674347479166668,1.8288829218333331,-0.6016240632249227,-0.7987793728863648,6.1,-0.18061608577690622,0.31464236128967926,1.8639576370262225,-0.19143556003686213,0.2938918372410075,1.085174434044468,5.9193839142230935,True,6.1,False,6.1,False,6.1,False,6.1,False,6.054845978555773,6.208704823801645,0.25,0.06567926757979184,-0.5350725705541244,-0.07245495435638609,4,temperature_plus20
343,Almond_Low,2019-08-09,Almond_Low,Croplands,36.946608,-120.10237,5.6,5.3,6.799555617257397,23.47849885416667,1.50173118125,1.7391302048750006,-0.6152845999633277,-0.7883050558305253,5.6,-0.584118758492806,0.22468591620037087,1.5700124474114474,-0.3752352200972833,0.2938918372410075,1.085174434044468,5.015881241507193,True,5.015881241507193,True,5.6,False,5.6,False,5.6,False,5.453970310376798,5.252897170498182,0.25,-0.5008297236980086,-0.8385565169741578,-0.4129700348062518,4,temperature_plus20
344,Almond_Low,2019-08-16,Almond_Low,Croplands,36.946608,-120.10237,6.0,10.2,5.69642270257109,30.87081233333333,2.9405996625,1.1200960508958333,-0.7055836101071774,-0.7086266782644601,6.0,-2.2247956115283807,0.502516193350528,2.477534383425822,-1.5025686884227463,0.2938918372410075,1.085174434044468,3.7752043884716193,True,6.0,False,6.0,False,6.0,False,6.0,False,5.4438010971179045,5.848229708257378,0.25,-2.090457969587889,-1.8031008799117043,-2.7808279850855486,4,temperature_plus20
345,Almond_Low,2019-08-17,Almond_Low,Croplands,36.946608,-120.10237,5.7,9.6,7.086318906410789,27.55138625000001,2.0043302666666665,1.4280659874999997,-0.7176769136759615,-0.6963762255968726,5.7,-2.084219855378311,0.3821462254784838,2.053762468609066,-1.5025686884227463,0.2938918372410075,1.085174434044468,3.6157801446216893,True,5.7,False,5.7,False,5.7,False,5.7,False,5.178945036155422,5.3566487964759855,0.25,-1.9820023696544946,-1.7635767631987784,-2.507080433281659,4,temperature_plus20
346,Almond_Low,2019-08-24,Almond_Low,Croplands,36.946608,-120.10237,5.1,5.9,3.5407425045609524,29.40284808333331,2.152034179166665,1.4312444027083338,-0.7961828637826154,-0.6050560696488494,5.1,-1.0487911096002165,0.22918303036458235,1.9993231577524306,-0.12256642117625402,0.2938918372410075,1.085174434044468,4.051208890399783,True,4.051208890399783,True,5.1,False,5.1,False,5.1,False,4.8378022225999455,4.381450266704675,0.25,-0.8416023300218742,-1.2949669449554952,-1.0098040538232802,4,temperature_plus20
347,Almond_Low,2019-08-25,Almond_Low,Croplands,36.946608,-120.10237,5.3,5.9,3.1437296243920243,30.043662479166674,2.5730156541666664,1.4057649057708337,-0.8064799463209447,-0.5912614448635782,5.3,-1.0670977335359195,0.23149327080063725,2.089452315601613,-0.12256642117625402,0.2938918372410075,1.085174434044468,4.23290226646408,True,4.23290226646408,True,5.3,False,5.3,False,5.3,False,5.03322556661602,4.559035979125538,0.25,-0.8556247078202348,-1.314426986221647,-1.0312415065658769,4,temperature_plus20
348,Almond_Low,2019-09-01,Almond_Low,Croplands,36.946608,-120.10237,4.9,5.6,4.550065609532261,28.53131735416667,2.41042161875,1.1387773785416666,-0.8717063187093218,-0.4900286664290594,4.9,-0.8283467537131699,0.23604542231948625,1.9116165665754061,-0.3150277961400168,0.2938918372410075,1.085174434044468,4.0716532462868305,True,4.0716532462868305,True,4.9,False,4.9,False,4.9,False,4.692913311571708,4.29938532063,0.25,-0.6114842036025109,-1.0797655008337508,-0.7937905567032477,4,temperature_plus20
349,Almond_Low,2019-09-02,Almond_Low,Croplands,36.946608,-120.10237,4.7,6.9,4.548655047673432,29.339762020833327,2.4440903916666668,1.3080966727499994,-0.8800122039735356,-0.4749510720670502,4.7,-1.4041053488680966,0.22050705185420305,1.9832627101243019,-0.7269667421525379,0.2938918372410075,1.085174434044468,3.2958946511319036,True,3.2958946511319036,True,4.7,False,4.7,False,4.7,False,4.348973662782976,3.7926437694895347,0.25,-1.3447561275758328,-1.2193467242953528,-1.648213194733104,4,temperature_plus20
350,Almond_Low,2019-09-09,Almond_Low,Croplands,36.946608,-120.10237,4.4,8.0,4.468492508518388,22.046893,1.2095451687499998,1.5707096098749993,-0.9307239310379792,-0.3657225234972692,4.4,-1.5526144954364611,0.2259482989885807,1.3175031583202899,-1.1064725985957786,0.2938918372410075,1.085174434044468,2.8473855045635394,True,2.8473855045635394,True,4.4,False,4.4,False,4.4,False,4.011846376140885,3.6035953124845865,0.25,-1.5747609262157916,-1.316408462539807,-1.7666740975537853,4,temperature_plus20
351,Almond_Low,2019-09-10,Almond_Low,Croplands,36.946608,-120.10237,4.2,7.9,3.797136659405417,21.2013255625,1.118097891666667,1.6242599378958331,-0.9368813462954316,-0.3496474552512282,4.2,-1.5070120512218539,0.20844361658298777,1.227139305277716,-1.0804230539589268,0.2938918372410075,1.085174434044468,2.6929879487781463,True,2.6929879487781463,True,4.2,False,4.2,False,4.2,False,3.823246987194537,3.38597724347886,0.25,-1.5105221679004968,-1.2968355433988665,-1.7136784423661986,4,temperature_plus20
352,Almond_Low,2019-09-18,Almond_Low,Croplands,36.946608,-120.10237,3.9,6.8,3.728166855289929,20.64360725,0.9662223916666668,1.3581152215208332,-0.9760105506323682,-0.2177232303965322,3.9,-1.0487271521092885,0.23116059079102533,1.1533549257145146,-0.30795406134924924,0.2938918372410075,1.085174434044468,2.8512728478907112,True,2.8512728478907112,True,3.9,False,3.9,False,3.9,False,3.637818211972678,3.294922796259013,0.25,-0.931716775660199,-0.8994664923527766,-1.3149981883148902,4,temperature_plus20
353,Almond_Low,2019-09-25,Almond_Low,Croplands,36.946608,-120.10237,3.3,5.4,3.4695325006346898,27.38949491666667,2.0275214583333336,0.9722431486458336,-0.9951053111006974,-0.0988201387328721,3.3,-0.5222290227983418,0.5941523134397999,1.9427687557778242,-0.15038843331004556,0.2938918372410075,1.085174434044468,2.777770977201658,True,3.3,False,3.3,False,3.3,False,3.3,False,3.1694427443004143,3.1677847340857657,0.25,0.14700350095037668,-0.7260292174884408,-0.9876613518569615,4,temperature_plus20
493,Almond_Med,2019-01-04,Almond_High,Croplands,36.177669,-120.202644999999,1.6,2.5,0.4967579554620914,7.660625666666667,0.4878744354166666,1.2595058887708332,0.0688024268023198,0.9976303053065856,1.6,0.00365352970014432,0.2584077561474399,0.9421693231458752,0.004315835694532683,0.29549960979371537,0.9457590135934477,1.6036535297001444,True,1.6036535297001444,True,1.6036535297001444,True,1.6036535297001444,True,1.6036535297001444,True,1.6009133824250361,1.6036535297001444,0.25,0.2649398640553379,-0.0022031917128011724,-0.25177608324210377,8,temperature_plus20
494,Almond_Med,2019-01-12,Almond_High,Croplands,36.177669,-120.202644999999,1.2,0.7,1.3200913956787974,12.35515833333333,0.3845137083333333,1.0931301675833331,0.2051044998686192,0.9787400799669153,1.2,-0.06959059359804791,0.5830217703797917,1.6884989269165598,0.08442734792805802,0.29549960979371537,0.9457590135934477,1.130409406401952,True,1.2,False,1.2,False,1.130409406401952,True,1.2,False,1.182602351600488,1.1214949816830095,0.25,0.5993638070445104,-0.469561244985089,-0.33857434285356514,8,temperature_plus20
495,Almond_Med,2019-01-13,Almond_High,Croplands,36.177669,-120.202644999999,0.9,0.7,0.5927960755455799,9.969252083333334,0.2591526541666667,1.0955660710416664,0.2219215130041655,0.9750645322571948,0.9,0.03990991585329708,0.5221858735991312,1.4766224997022297,0.08442734792805802,0.29549960979371537,0.9457590135934477,0.9399099158532971,True,0.9,False,0.9,False,0.9399099158532971,True,0.9,False,0.9099774789633243,0.9466356396240494,0.25,0.6386793096228998,-0.3209930417357425,-0.19795652032726602,8,temperature_plus20
496,Almond_Med,2019-02-05,Almond_High,Croplands,36.177669,-120.202644999999,1.1,0.4,1.7376999281630885,6.493308333333332,0.2140663333333333,1.6844255604374991,0.5808002734538009,0.8140460935082178,1.1,0.26187578783477233,0.46835464657013537,1.1169678366757774,0.08397391416913455,0.29549960979371537,0.9457590135934477,1.3618757878347725,True,1.1,False,1.1,False,1.3618757878347725,True,1.1,False,1.1654689469586932,1.3380615375182323,0.25,0.8022594412109725,0.01026366342306817,-0.02689574112972362,8,temperature_plus20
497,Almond_Med,2019-02-06,Almond_High,Croplands,36.177669,-120.202644999999,1.5,0.4,1.3035744443468351,5.822326895833334,0.2419708458333334,1.2650887441250005,0.5947266869607634,0.8039279618328213,1.5,0.15605026705362487,0.5299976647332928,1.0622251743381148,0.08442734792805802,0.29549960979371537,0.9457590135934477,1.6560502670536248,True,1.5,False,1.5,False,1.6560502670536248,True,1.5,False,1.5390125667634063,1.6149823732414947,0.25,0.7668350981027008,-0.18256777477061947,-0.11611652217120669,8,temperature_plus20
498,Almond_Med,2019-02-22,Almond_High,Croplands,36.177669,-120.202644999999,1.9,2.3,1.884147348579491,6.8743500000000015,0.41587675,1.9663993702291664,0.7909456567567772,0.6118864012687243,1.9,0.1554680836809246,0.41089014704515686,1.0102065930580797,0.0841275734073191,0.29549960979371537,0.9457590135934477,2.0554680836809247,True,1.9,False,1.9,False,2.0554680836809247,True,1.9,False,1.938867020920231,2.0554680836809247,0.25,0.59538677133871,0.08940602418765459,-0.21838854448359085,8,temperature_plus20
499,Almond_Med,2019-03-09,Almond_High,Croplands,36.177669,-120.202644999999,2.0,4.2000003,1.2100260298915615,8.130858333333334,0.2986599708333333,1.2682278787083336,0.9209712877166346,0.3896304495307879,2.0,-0.09161125359324244,0.30881967209191413,0.9931166127902676,0.0841275734073191,0.29549960979371537,0.9457590135934477,1.9083887464067575,True,2.0,False,2.0,False,1.9083887464067575,True,2.0,False,1.9770971866016893,1.9083887464067575,0.25,0.2643639329387177,-0.28778784906136384,-0.25140984465708116,8,temperature_plus20
500,Almond_Med,2019-03-10,Almond_High,Croplands,36.177669,-120.202644999999,2.5,2.4,1.088446013897186,8.18315,0.2909610583333333,0.9945202288333334,0.9275416835791966,0.373719714790469,2.5,0.016324047450061774,0.4982093342729465,1.0058966277793504,0.0841275734073191,0.29549960979371537,0.9457590135934477,2.5163240474500617,True,2.5,False,2.5,False,2.5163240474500617,True,2.5,False,2.5040810118625156,2.5163240474500617,0.25,0.551876626086552,-0.06951786525522159,-0.43338661848114507,8,temperature_plus20
501,Almond_Med,2019-03-17,Almond_High,Croplands,36.177669,-120.202644999999,3.3,3.8,2.2185804301029424,15.227447916666666,0.8241914520833333,1.2810232907916668,0.9657399376548548,0.2595117970697999,3.3,-0.5338166550199356,0.7408215010275736,1.7452701131746875,0.27476234376858216,0.29549960979371537,0.9457590135934477,2.7661833449800644,True,3.3,False,3.3,False,2.7661833449800644,True,3.3,False,3.166545836245016,2.850871446775028,0.25,0.2896835294452363,-0.7450621811595814,-1.1460713133454616,8,temperature_plus20
502,Almond_Med,2019-03-18,Almond_High,Croplands,36.177669,-120.202644999999,3.6,3.8,2.657472395453224,17.5167875,1.0533893395833338,1.2828536198749998,0.970063921851507,0.2428497220959356,3.6,-0.6660410056887739,0.8601642315614686,1.985943863891788,0.3212739335138282,0.29549960979371537,0.9457590135934477,2.9339589943112263,True,3.6,False,3.6,False,2.9339589943112263,True,3.6,False,3.4334897485778066,3.022882124399655,0.25,0.2919271267205837,-0.9178570762958611,-1.372193067491044,8,temperature_plus20
503,Almond_Med,2019-03-26,Almond_High,Croplands,36.177669,-120.202644999999,3.8,3.8,3.095517031870532,15.13465416666667,0.5635031729166666,1.0371748335,0.994217906893952,0.107381346664163,3.8,-0.6810091141518718,0.812342162465499,1.7237635853008197,0.3212739335138282,0.29549960979371537,0.9457590135934477,3.118990885848128,True,3.8,False,3.8,False,3.118990885848128,True,3.8,False,3.629747721462032,3.224214365705811,0.25,0.2063052702843695,-0.8612186335798846,-1.3881139791601005,8,temperature_plus20
504,Almond_Med,2019-04-02,Almond_High,Croplands,36.177669,-120.202644999999,4.2,4.8,4.014294125621669,16.06308333333333,0.57721340625,1.0988751221458333,0.999916658654738,-0.0129102960750088,4.2,-0.884476217819924,0.693733368178569,1.5995007224686515,0.26746728585363394,0.29549960979371537,0.9457590135934477,3.315523782180076,True,4.2,False,4.2,False,3.315523782180076,True,4.2,False,3.9788809455450194,3.4064462427034368,0.25,-0.10390739436636291,-1.1188753511730736,-1.4306459079203355,8,temperature_plus20
505,Almond_Med,2019-04-10,Almond_High,Croplands,36.177669,-120.202644999999,5.3,7.8,6.5229726559248284,15.710895833333336,1.07860169375,2.644520285052084,0.9886775902323404,-0.1500553983446526,5.3,-1.614318014350386,0.34233489942823353,1.5554405637919966,-0.9364728977955908,0.29549960979371537,0.9457590135934477,3.685681985649614,True,5.3,False,5.3,False,5.3,False,5.3,False,4.896420496412404,4.087206838070999,0.25,-1.2315580260100405,-1.7201744628690099,-1.891221554172108,8,temperature_plus20
506,Almond_Med,2019-04-18,Almond_High,Croplands,36.177669,-120.202644999999,5.4,5.3,5.684689199295068,19.26431250000001,0.94129301875,1.0011849076875,0.9587178169872964,-0.2843591872810034,5.4,-1.360657361019342,0.8041615379544146,1.7829032820031003,-0.001923536919639337,0.29549960979371537,0.9457590135934477,4.039342638980658,True,5.4,False,5.4,False,5.4,False,5.4,False,5.059835659745165,4.145699464502629,0.25,-0.4468198518852977,-1.6749173117922287,-1.9602349193804993,8,temperature_plus20
507,Almond_Med,2019-04-19,Almond_High,Croplands,36.177669,-120.202644999999,5.2,4.8,6.879776452786238,21.88933333333333,1.31680455625,1.0936691565208332,0.9536809966304456,-0.3008198076356673,5.2,-1.2259190261933168,1.049716111383891,2.0608800985996436,0.5751646262891277,0.29549960979371537,0.9457590135934477,3.974080973806683,True,5.2,False,5.2,False,3.974080973806683,True,5.2,False,4.893520243451671,4.144345834614019,0.25,-0.056030082096943296,-1.536229544842216,-2.0854974516407907,8,temperature_plus20
508,Almond_Med,2019-04-26,Almond_High,Croplands,36.177669,-120.202644999999,6.1,5.5,7.531990005989967,24.087000000000003,1.7385346354166666,1.2145266160624997,0.9106046300942164,-0.4132786077829042,6.1,-1.6658122613011532,1.095262553334011,2.1358422779669155,0.20241409202023739,0.29549960979371537,0.9457590135934477,4.434187738698847,True,6.1,False,6.1,False,4.434187738698847,True,6.1,False,5.683546934674712,4.678565206506334,0.25,-0.4431079381260381,-1.997261467737465,-2.557067378039956,8,temperature_plus20
509,Almond_Med,2019-04-27,Almond_High,Croplands,36.177669,-120.202644999999,5.8,5.6,6.699277334922902,21.924875,1.44415545,1.1553381400625002,0.9033558023246844,-0.4288919379124835,5.8,-1.5292707694377317,0.9319323310257327,1.931095930957012,0.24477649626484724,0.29549960979371537,0.9457590135934477,4.270729230562268,True,5.8,False,5.8,False,4.270729230562268,True,5.8,False,5.4176823076405665,4.4686212346628675,0.25,-0.4895343652671726,-1.8089119393369706,-2.2893660037090515,8,temperature_plus20
510,Almond_Med,2019-05-04,Almond_High,Croplands,36.177669,-120.202644999999,6.2,4.1,7.083874796515891,20.164791666666662,1.4308945062499998,1.026813369125,0.8452490573530633,-0.5343725582809787,6.2,-1.0052706075750386,1.1204035967317907,1.893987845194916,0.1256740024270851,0.29549960979371537,0.9457590135934477,5.194729392424962,True,6.2,False,6.2,False,5.194729392424962,True,6.2,False,5.9486823481062405,5.370204363067261,0.25,0.28804486972885085,-1.6235465440609373,-1.6803101483930294,8,temperature_plus20
511,Almond_Med,2019-05-05,Almond_High,Croplands,36.177669,-120.202644999999,5.6,4.5,5.437040758714623,17.506583333333335,0.9841369041666668,1.5297313753750004,0.835925479418637,-0.548842958284719,5.6,-0.8596934294165735,0.9337404843917785,1.5207707460650224,-0.014959285940726135,0.29549960979371537,0.9457590135934477,4.740306570583426,True,5.6,False,5.6,False,5.6,False,5.6,False,5.385076642645856,4.888567753500381,0.25,0.21705631762112626,-1.3498108798496404,-1.4463257260212063,8,temperature_plus20
512,Almond_Med,2019-05-12,Almond_High,Croplands,36.177669,-120.202644999999,6.7,5.1,7.598497850217846,21.78520833333333,1.1278306,1.1944759062708332,0.7638886127905428,-0.6453481132295501,6.7,-1.3816979100860012,1.0606028419205258,1.8375803020047397,0.004394004601943419,0.29549960979371537,0.9457590135934477,5.318302089913999,True,6.7,False,6.7,False,5.318302089913999,True,6.7,False,6.3545755224785,5.5360749368162345,0.25,-0.15939448358194566,-1.9268258514279866,-2.0588733952480713,8,temperature_plus20
513,Almond_Med,2019-05-13,Almond_High,Croplands,36.177669,-120.202644999999,6.3,5.3,7.985414679669988,20.80747916666667,1.3989133145833332,1.0751165088333332,0.7526668275320084,-0.6584015846980488,6.3,-1.3053241065460799,0.925270657245528,1.717811339258765,-0.02863462088409345,0.29549960979371537,0.9457590135934477,4.99467589345392,True,6.3,False,6.3,False,6.3,False,6.3,False,5.97366897336348,5.217278629282195,0.25,-0.2422569099514897,-1.7444353547165747,-1.9292800549701747,8,temperature_plus20
514,Almond_Med,2019-06-05,Almond_High,Croplands,36.177669,-120.202644999999,7.0,5.6,8.188849664747655,28.772854166666654,1.9589752354166672,1.109418691614583,0.440518784350495,-0.8977433935342337,7.0,-1.276869918113535,1.2527176800856485,2.2562087791443544,-0.02863462088409345,0.29549960979371537,0.9457590135934477,5.723130081886465,True,7.0,False,7.0,False,7.0,False,7.0,False,6.680782520471617,6.293223590154062,0.25,0.11980934978855362,-1.6492235815711642,-2.3011955225579945,8,temperature_plus20
515,Almond_Med,2019-06-06,Almond_High,Croplands,36.177669,-120.202644999999,7.6,4.0,9.651086759706612,25.5023125,1.8677736270833325,1.6075235452083338,0.4250003399695541,-0.9051931898913974,7.6,-0.49830300943727557,1.207312082407867,2.295200966862461,0.06493540869700166,0.29549960979371537,0.9457590135934477,7.101696990562724,True,7.6,False,7.6,False,7.101696990562724,True,7.6,False,7.475424247640681,7.573118033882478,0.25,0.8864423361328007,-1.051166864330656,-1.3301845001139714,8,temperature_plus20
516,Almond_Med,2019-06-13,Almond_High,Croplands,36.177669,-120.202644999999,7.2,6.5,9.67240908249464,26.609520833333324,1.8875901375,1.2761165292291663,0.3131070409358269,-0.9497178427914316,7.2,-1.5396726044926023,1.0929335253066323,1.8844812652462057,0.16835528838514913,0.29549960979371537,0.9457590135934477,5.660327395507398,True,7.2,False,7.2,False,5.660327395507398,True,7.2,False,6.81508184887685,6.312692473243114,0.25,-0.35191820667066276,-1.7641810058852059,-2.502918600921939,8,temperature_plus20
517,Almond_Med,2019-06-14,Almond_High,Croplands,36.177669,-120.202644999999,7.1,7.5,9.340427331282118,24.48710416666667,1.6033128124999998,1.1135197341458334,0.2967128192734907,-0.9549667548552552,7.1,-1.7038957637268524,0.9145357644642993,1.704684867399007,-0.6465902101670247,0.29549960979371537,0.9457590135934477,5.396104236273147,True,7.1,False,7.1,False,7.1,False,7.1,False,6.674026059068287,6.318251043483645,0.25,-0.7360598743712354,-1.821964104139852,-2.553663312669469,8,temperature_plus20
518,Almond_Med,2019-06-21,Almond_High,Croplands,36.177669,-120.202644999999,6.9,10.3,9.261909827872207,21.987333333333336,1.2854449479166663,1.2904832141458331,0.1797665857255624,-0.9837092937736096,6.9,-1.5493914224473688,0.4040211646680354,1.6999518437345986,-1.2246360210081482,0.29549960979371537,0.9457590135934477,5.350608577552632,True,6.9,False,6.9,False,6.9,False,6.9,False,6.512652144388158,6.801161119147421,0.25,-1.3615347849920036,-1.2735015232318458,-2.013137959118257,8,temperature_plus20
519,Almond_Med,2019-06-22,Almond_High,Croplands,36.177669,-120.202644999999,7.0,5.2000003,9.605850717802094,23.27735416666667,1.6624916958333331,1.2811016262083337,0.1628070129385171,-0.986657932891657,7.0,-0.6094253423009454,0.9404732940334042,1.8041333703226943,0.07615289278395874,0.29549960979371537,0.9457590135934477,6.390574657699054,True,7.0,False,7.0,False,6.390574657699054,True,7.0,False,6.847643664424764,6.825175507202527,0.25,0.4710633014621857,-1.0553392087917712,-1.2440001195732504,8,temperature_plus20
520,Almond_Med,2019-06-29,Almond_High,Croplands,36.177669,-120.202644999999,7.0,7.6,8.64183187739102,22.13808333333333,1.2943149708333332,1.0140801116458331,0.0430222330045305,-0.99907411510223,7.0,-1.3750352244782575,0.6975113770119177,1.5026418572622138,-0.41453992083863545,0.29549960979371537,0.9457590135934477,5.624964775521742,True,7.0,False,7.0,False,7.0,False,7.0,False,6.656241193880436,6.377243297084523,0.25,-0.6776137018160082,-1.3748555504909807,-2.072636421127784,8,temperature_plus20
521,Almond_Med,2019-06-30,Almond_High,Croplands,36.177669,-120.202644999999,7.1,7.1,8.29205132435783,23.968583333333324,1.5751397395833333,1.2070461863541668,0.025818440227133,-0.9996666485105112,7.1,-1.3996163514165996,0.9040133104596771,1.618161493437872,-0.06788587103697082,0.29549960979371537,0.9457590135934477,5.7003836485834,True,7.1,False,7.1,False,7.1,False,7.1,False,6.7500959121458495,6.419186301874794,0.25,-0.4581297603040995,-1.4799210288076026,-2.2607982651380967,8,temperature_plus20
522,Almond_Med,2019-07-08,Almond_High,Croplands,36.177669,-120.202644999999,7.1,6.2000003,8.707458789912966,22.625125,1.4910677583333334,1.0982344480416666,-0.1116590071216944,-0.993746580436178,7.1,-0.8999108731293383,0.7365542247083144,1.6116321944768415,-0.008282552014290956,0.29549960979371537,0.9457590135934477,6.200089126870662,True,7.1,False,7.1,False,7.1,False,7.1,False,6.875022281717665,6.734123059238895,0.25,-0.06371620536566724,-1.1834868922005863,-1.452529521821761,8,temperature_plus20
523,Almond_Med,2019-07-15,Almond_High,Croplands,36.177669,-120.202644999999,7.2,6.6,8.321812441225267,26.4671875,2.191667731250001,1.27144303325,-0.2303056702306119,-0.973118337233262,7.2,-1.0942262973699697,0.9104091941814271,1.8796790392863656,-0.04827675559305676,0.29549960979371537,0.9457590135934477,6.105773702630031,True,7.2,False,7.2,False,7.2,False,7.2,False,6.926443425657507,6.729451317677923,0.25,-0.11214502681002865,-1.26048672333662,-1.9100471419632608,8,temperature_plus20
524,Almond_Med,2019-07-16,Almond_High,Croplands,36.177669,-120.202644999999,8.0,8.6,9.596924605958392,26.267125,1.9786042145833331,1.3759297488749995,-0.2470221804809352,-0.9690098257244064,8.0,-1.727937946769978,0.997895389409291,1.9697349609690342,-1.14876986366461,0.29549960979371537,0.9457590135934477,6.272062053230022,True,8.0,False,8.0,False,8.0,False,8.0,False,7.568015513307506,7.759299951808723,0.25,-1.0314665240960288,-1.2811951198726086,-2.8711521963412965,8,temperature_plus20
525,Almond_Med,2019-07-23,Almond_High,Croplands,36.177669,-120.202644999999,6.9,6.0,8.144803960753983,29.22156249999999,2.33682509375,0.9672652875416664,-0.3617137307297674,-0.9322892131745134,6.9,-0.6763186342513813,0.950113590633076,2.26558057777818,0.06404163400908103,0.29549960979371537,0.9457590135934477,6.223681365748619,True,6.9,False,6.9,False,6.223681365748619,True,6.9,False,6.730920341437155,6.683684613663938,0.25,0.35606821683914885,-0.8710328577054207,-1.513991261887872,8,temperature_plus20
526,Almond_Med,2019-07-24,Almond_High,Croplands,36.177669,-120.202644999999,6.8,6.8,7.460663775410389,29.44002083333334,2.53357405,1.0657764940625,-0.3777079652039646,-0.92592477719385,6.8,-0.9891272794085259,0.9728965068547433,2.2040819503061724,0.04737069656843716,0.29549960979371537,0.9457590135934477,5.810872720591474,True,6.8,False,6.8,False,5.810872720591474,True,6.8,False,6.552718180147869,6.323930305194321,0.25,-0.004153177173934569,-1.0137498987771232,-1.9494787622745195,8,temperature_plus20
527,Almond_Med,2019-07-31,Almond_High,Croplands,36.177669,-120.202644999999,7.0,9.400001,8.013704888914111,25.659666666666663,1.9240179166666664,1.1064007100416664,-0.4862727071086902,-0.8738071036110807,7.0,-1.694882480397771,0.5951361857167287,1.982186548432529,-1.2349478301508385,0.29549960979371537,0.9457590135934477,5.305117519602229,True,7.0,False,7.0,False,7.0,False,7.0,False,6.576279379900558,6.784566929001396,0.25,-1.376247444740028,-1.3269041940635538,-2.381495802389731,8,temperature_plus20
528,Almond_Med,2019-08-01,Almond_High,Croplands,36.177669,-120.202644999999,6.9,9.2,8.180203299352456,25.82654166666666,1.9581599458333336,1.2953341641458331,-0.5012418134457756,-0.8653072543632061,6.9,-1.711198887583442,0.6455790458280855,1.9274521337992205,-1.4296942932436043,0.29549960979371537,0.9457590135934477,5.1888011124165585,True,6.9,False,6.9,False,6.9,False,6.9,False,6.47220027810414,6.547588778507566,0.25,-1.3566071687805579,-1.3206295877000291,-2.4563599062697388,8,temperature_plus20
529,Almond_Med,2019-08-08,Almond_High,Croplands,36.177669,-120.202644999999,6.4,4.4,8.17136946298246,24.33258333333333,1.6121893874999995,1.0853018307708335,-0.6016240632249227,-0.7987793728863648,6.4,0.2178269177199876,0.7918380519932106,1.947157329349201,-0.07482265262381904,0.29549960979371537,0.9457590135934477,6.617826917719988,True,6.4,False,6.4,False,6.4,False,6.4,False,6.454456729429997,6.8823898309411895,0.25,1.1045971668285228,-0.03259086618723611,-0.418525547481324,8,temperature_plus20
530,Almond_Med,2019-08-09,Almond_High,Croplands,36.177669,-120.202644999999,6.2,5.3,7.334680704434199,22.542145833333336,1.4491903166666669,0.9406666126666664,-0.6152845999633277,-0.7883050558305253,6.2,-0.0497714027776062,0.588087518325754,1.652434871388747,-0.10889110776805701,0.29549960979371537,0.9457590135934477,6.150228597222394,True,6.2,False,6.2,False,6.2,False,6.2,False,6.187557149305599,6.298420687990626,0.25,0.5723548451632059,-0.12510984003094505,-0.5965592134650795,8,temperature_plus20
531,Almond_Med,2019-08-16,Almond_High,Croplands,36.177669,-120.202644999999,6.5,10.2,8.925722590973495,29.7223125,2.7264708875,1.3512527673541674,-0.7055836101071774,-0.7086266782644601,6.5,-1.895629703921048,0.7308430361224038,2.4544049098413385,-1.4296942932436043,0.29549960979371537,0.9457590135934477,4.604370296078952,True,6.5,False,6.5,False,6.5,False,6.5,False,6.026092574019738,6.1398010541996,0.25,-1.5346903323535808,-1.4154757290719104,-2.7367230503376523,8,temperature_plus20
532,Almond_Med,2019-08-17,Almond_High,Croplands,36.177669,-120.202644999999,6.5,9.6,7.504259306753411,27.73220833333333,2.40870208125,1.2872965028958336,-0.7176769136759615,-0.6963762255968726,6.5,-1.726550952952979,0.6950456290113101,2.222310370618085,-1.4296942932436043,0.29549960979371537,0.9457590135934477,4.773449047047021,True,6.5,False,6.5,False,6.5,False,6.5,False,6.068362261761755,6.164421826780968,0.25,-1.3559410950189263,-1.295353914113491,-2.5283578497265187,8,temperature_plus20
533,Almond_Med,2019-08-24,Almond_High,Croplands,36.177669,-120.202644999999,6.1,5.9,7.46723377837976,28.07164583333333,1.8589662229166668,1.0091025187500002,-0.7961828637826154,-0.6050560696488494,6.1,-0.3562034702929449,0.857332892268956,2.2109060237494615,0.018410885955816563,0.29549960979371537,0.9457590135934477,5.743796529707055,True,6.1,False,6.1,False,5.743796529707055,True,6.1,False,6.010949132426763,5.7677323898879305,0.25,0.39100121535768323,-0.16741488460628268,-1.2921967416302353,8,temperature_plus20
534,Almond_Med,2019-08-25,Almond_High,Croplands,36.177669,-120.202644999999,6.2,5.9,6.448146273865162,28.840083333333336,2.1670410625000005,0.8387522069166672,-0.8064799463209447,-0.5912614448635782,6.2,-0.3891463317918608,0.8778689603852708,2.3333946981289726,0.027487647770855,0.29549960979371537,0.9457590135934477,5.810853668208139,True,6.2,False,6.2,False,5.810853668208139,True,6.2,False,6.102713417052035,5.889980226436026,0.25,0.3753195112756354,-0.19488303244012625,-1.3478754742110914,8,temperature_plus20
535,Almond_Med,2019-09-01,Almond_High,Croplands,36.177669,-120.202644999999,5.5,5.6,6.937614219485134,27.840895833333335,2.5207825833333337,1.1946421927916664,-0.8717063187093218,-0.4900286664290594,5.5,-0.21556633378134213,0.8193677720519622,2.078127122125795,-0.06017104031231717,0.29549960979371537,0.9457590135934477,5.284433666218658,True,5.5,False,5.5,False,5.5,False,5.5,False,5.446108416554664,5.2392588365540735,0.25,0.5073666028958728,-0.04845970152000434,-1.1056059027198948,8,temperature_plus20
536,Almond_Med,2019-09-02,Almond_High,Croplands,36.177669,-120.202644999999,5.2,6.9,6.331364604210387,28.736,2.5599961333333328,1.2559535131666668,-0.8800122039735356,-0.4749510720670502,5.2,-0.7273272773951495,1.0342141560105296,2.1695914072699245,0.2072353862473481,0.29549960979371537,0.9457590135934477,4.472672722604851,True,5.2,False,5.2,False,4.472672722604851,True,5.2,False,5.018168180651212,4.7657015447831315,0.25,0.08742180379263459,-0.3785689781253585,-1.8908346578527246,8,temperature_plus20
537,Almond_Med,2019-09-09,Almond_High,Croplands,36.177669,-120.202644999999,4.6,8.0,4.285578539070611,21.7470625,1.32100669375,1.3867764085416667,-0.9307239310379792,-0.3657225234972692,4.6,-0.9393339276217935,0.577979800928778,1.4585413191225278,-0.18597587374010027,0.29549960979371537,0.9457590135934477,3.660666072378206,True,4.6,False,4.6,False,4.6,False,4.6,False,4.365166518094552,4.199826298257168,0.25,-0.6058963410439975,-0.6053779939925543,-1.6067274478288283,8,temperature_plus20
538,Almond_Med,2019-09-10,Almond_High,Croplands,36.177669,-120.202644999999,4.3,7.9,3.630705329402749,20.478041666666673,1.1924168562499995,1.0581685772708338,-0.9368813462954316,-0.3496474552512282,4.3,-0.7633324109207292,0.48665849418700863,1.3034078957905086,0.15351195064155243,0.29549960979371537,0.9457590135934477,3.5366675890792707,True,4.3,False,4.3,False,3.5366675890792707,True,4.3,False,4.109166897269818,4.00469447190667,0.25,-0.5038357733639189,-0.46141811690194195,-1.3247433424963266,8,temperature_plus20
539,Almond_Med,2019-09-18,Almond_High,Croplands,36.177669,-120.202644999999,4.3,6.8,3.6734642462900142,19.789687500000007,1.0953331020833332,1.2087863942083332,-0.9760105506323682,-0.2177232303965322,4.3,-0.5267909201184077,0.4845715664063851,1.1920606648799381,0.17760338353384908,0.29549960979371537,0.9457590135934477,3.773209079881592,True,4.3,False,4.3,False,3.773209079881592,True,4.3,False,4.168302269970398,4.023282371409347,0.25,-0.18757875145832406,-0.311025843819855,-1.0817681650770439,8,temperature_plus20
540,Almond_Med,2019-09-25,Almond_High,Croplands,36.177669,-120.202644999999,3.9,5.4,3.873233841783467,25.75347916666666,2.11965135,1.1500419289583337,-0.9951053111006974,-0.0988201387328721,3.9,-0.24029328285525753,0.743180551375696,1.8727712948801745,0.14163228114977844,0.29549960979371537,0.9457590135934477,3.6597067171447426,True,3.9,False,3.9,False,3.6597067171447426,True,3.9,False,3.8399266792861857,3.7075458110660215,0.25,0.3794570690420263,-0.03611645955141296,-1.0642204580563859,8,temperature_plus20
589,BAR012,2020-01-05,BAR012,Croplands,38.751,-122.975,0.2,1.5,0.7254405226503055,8.109583333333333,0.2954166666666666,2.27125,0.0859647987374464,0.9962981749346078,0.2,0.6396231344780067,0.13770671680874755,1.1930006164205662,0.035373564397543716,0.32208672453768594,0.9836970921221091,0.8396231344780067,True,0.8396231344780067,True,0.2,False,0.8396231344780067,True,0.2,False,0.2,0.8396231344780067,0.0,0.5804336730348033,0.5414070847670006,0.797028645632216,1,temperature_plus20
590,BAR012,2020-02-06,BAR012,Croplands,38.751,-122.975,1.1,3.0,1.3141222680272608,11.083055555555555,0.5547916666666667,2.4575,0.5947266869607634,0.8039279618328213,1.1,0.24282336144933858,0.40572170616147507,1.418978616045375,0.054908393409138084,0.32208672453768594,0.9836970921221091,1.3428233614493386,True,1.1,False,1.1,False,1.3428233614493386,True,1.1,False,1.1,1.3428233614493386,0.0,0.6525246733464825,0.23474345821289558,-0.15879804721136223,1,temperature_plus20
591,BAR012,2020-02-14,BAR012,Croplands,38.751,-122.975,0.4,3.1000001,1.155534055079498,9.656250000000002,0.37125,1.375,0.6994583270516471,0.7146733860429609,0.4,0.2919085136968544,0.2347932843380934,1.3827338025856242,0.04570601415277029,0.32208672453768594,0.9836970921221091,0.6919085136968544,True,0.6919085136968544,True,0.4,False,0.6919085136968544,True,0.4,False,0.4,0.6919085136968544,0.0,0.45961903086445244,0.02357351857323542,0.39253299165287525,1,temperature_plus20
592,BAR012,2020-02-22,BAR012,Croplands,38.751,-122.975,1.3,4.2000003,1.882591757530954,11.295833333333334,0.7441666666666666,2.619583333333334,0.7909456567567772,0.6118864012687243,1.3,-0.13074158761747498,0.5302092173073812,1.3632524252381828,0.054908393409138084,0.32208672453768594,0.9836970921221091,1.1692584123825251,True,1.3,False,1.3,False,1.1692584123825251,True,1.3,False,1.3,1.1692584123825251,0.0,0.44743805380974255,-0.24546673072398809,-0.5941960859381794,1,temperature_plus20
593,BAR012,2020-03-10,BAR012,Croplands,38.751,-122.975,2.1,4.6,2.1300962597059017,11.58777777777778,0.9189583333333332,2.688333333333333,0.9338372288229252,0.3576982388331254,2.1,-0.17983474704368874,0.6641656439236489,1.2049787100126184,0.03811153106102064,0.32208672453768594,0.9836970921221091,1.9201652529563114,True,2.1,False,2.1,False,1.9201652529563114,True,2.1,False,2.1,1.9201652529563114,0.0,0.4814565287717055,-0.17412285349660897,-0.8468379164061628,1,temperature_plus20
594,BAR012,2020-03-26,BAR012,Croplands,38.751,-122.975,1.6,3.3,2.023915707135139,7.303750000000001,0.4585416666666666,2.7325,0.995918996147179,0.0902516100310411,1.6,0.6431341535338934,0.5273715453999677,0.9766632336731826,0.1484694501765324,0.32208672453768594,0.9836970921221091,2.2431341535338936,True,1.6,False,2.2431341535338936,True,2.2431341535338936,True,2.2431341535338936,True,1.6,2.2431341535338936,0.0,0.9117207011477888,0.9821449011848102,0.035536858269081206,1,temperature_plus20
595,BAR012,2020-04-02,BAR012,Croplands,38.751,-122.975,2.2,5.2000003,2.9288385557127037,8.801388888888889,0.7191666666666666,3.995416666666667,0.9995462806873572,-0.0301203048469081,2.2,-0.10239039995232829,0.48157651549855024,1.0121973310444492,0.098536353164449,0.32208672453768594,0.9836970921221091,2.097609600047672,True,2.2,False,2.2,False,2.097609600047672,True,2.2,False,2.2,2.097609600047672,0.0,0.2403317904849642,0.10548730217988142,-0.6529902925218305,1,temperature_plus20
596,BAR012,2020-04-26,BAR012,Croplands,38.751,-122.975,2.9,6.8,3.1502394373716487,15.205833333333333,1.5179166666666668,3.214583333333333,0.9033558023246844,-0.4288919379124835,2.9,-0.8004257699456314,0.46547484819256135,1.2710808642893383,0.05097261793335662,0.32208672453768594,0.9836970921221091,2.0995742300543685,True,2.9,False,2.9,False,2.0995742300543685,True,2.9,False,2.9,2.2677132345271396,0.0,-0.8501631166559886,-0.3120795010623104,-1.239034692118595,1,temperature_plus20
597,BAR012,2020-04-27,BAR012,Croplands,38.751,-122.975,3.9,6.7000003,2.9399728354895163,15.93902777777778,1.289791666666667,4.307083333333332,0.895839290734909,-0.4443781781046132,3.9,-0.6912240032456282,0.5484364320836875,1.4998848340173132,-0.03943672234820202,0.32208672453768594,0.9836970921221091,3.2087759967543716,True,3.9,False,3.9,False,3.9,False,3.9,False,3.9,3.41019127080455,0.0,-0.766460173152253,-0.10905366268223998,-1.1981581739023917,1,temperature_plus20
598,BAR012,2020-05-04,BAR012,Croplands,38.751,-122.975,2.8,6.8,3.15297334263413,13.127083333333331,1.4591666666666667,2.23625,0.835925479418637,-0.548842958284719,2.8,-0.6009926845890183,0.2511013212576554,1.005343491246284,0.06289721271062519,0.32208672453768594,0.9836970921221091,2.1990073154109817,True,2.1990073154109817,True,2.8,False,2.1990073154109817,True,2.8,False,2.8,2.25836014829275,0.0,-0.7092112209209853,-0.3139275518628884,-0.7798392809831813,1,temperature_plus20
599,BAR012,2020-05-20,BAR012,Croplands,38.751,-122.975,2.4,6.2000003,3.486755571283213,14.40305555555556,0.7945833333333333,1.8354166666666671,0.6551563572090853,-0.7554933140726803,2.4,-0.17256897209715857,0.36790417904578343,1.1380954970501165,0.03154973187682164,0.32208672453768594,0.9836970921221091,2.2274310279028415,True,2.4,False,2.4,False,2.2274310279028415,True,2.4,False,2.4,2.2484972925174795,0.0,-0.3066301092155467,0.24356644259747004,-0.4546432496733991,1,temperature_plus20
600,BAR012,2020-05-28,BAR012,Croplands,38.751,-122.975,3.4,7.9,4.252691269180311,17.803055555555556,1.359375,1.48125,0.545240438540651,-0.8382797052177743,3.4,-1.068101368032589,0.5195651706797847,1.2549849975138003,-0.2035525846801576,0.32208672453768594,0.9836970921221091,2.3318986319674107,True,3.4,False,3.4,False,3.4,False,3.4,False,3.4,2.4503628786395915,0.0,-1.276864970333273,-0.47662482727880473,-1.450814306485689,1,temperature_plus20
601,BAR012,2020-06-05,BAR012,Croplands,38.751,-122.975,5.7,6.4,4.064103328223466,14.599861111111109,1.0125,2.809166666666666,0.4250003399695541,-0.9051931898913974,5.7,-0.7847146298868243,0.28950082430480784,0.8476775415871364,-0.13978520058131763,0.32208672453768594,0.9836970921221091,4.915285370113176,True,4.915285370113176,True,4.915285370113176,True,5.7,False,5.7,False,5.7,4.969606773275082,0.0,-0.45124888133314034,-0.9311700985280431,-0.9717249097992896,1,temperature_plus20
602,BAR012,2020-06-13,BAR012,Croplands,38.751,-122.975,1.9,4.4,3.415206460681792,14.414027777777774,0.906875,2.1008333333333336,0.2967128192734907,-0.9549667548552552,1.9,0.9733101945306252,0.17623119686634095,1.1644108305473915,-0.363663907662107,0.32208672453768594,0.9836970921221091,2.873310194530625,True,2.873310194530625,True,1.9,False,1.9,False,1.9,False,1.9,2.947379733127522,0.0,0.9594640472970288,1.1560560422810156,0.804410494013831,1,temperature_plus20
603,BAR012,2020-06-14,BAR012,Croplands,38.751,-122.975,3.3,7.1,3.6313585525592136,16.56430555555556,1.1181250000000005,1.6370833333333337,0.2802306751992158,-0.9599326896597448,3.3,-0.6753911396590863,0.33031135148607,1.013192453508485,0.02386548498069006,0.32208672453768594,0.9836970921221091,2.6246088603409135,True,3.3,False,3.3,False,2.6246088603409135,True,3.3,False,3.3,2.5590169049186002,0.0,-0.7983295149293665,-0.3012396758473423,-0.9266042282005497,1,temperature_plus20
604,BAR012,2020-06-21,BAR012,Croplands,38.751,-122.975,4.0,8.2,5.388641661274392,21.008333333333336,1.798541666666667,2.40875,0.1628070129385171,-0.986657932891657,4.0,-1.3700545888538824,0.3575561536388876,1.4640792537466367,-0.5409360025286771,0.32208672453768594,0.9836970921221091,2.6299454111461174,True,4.0,False,4.0,False,4.0,False,4.0,False,4.0,2.8986640363468394,0.0,-1.3296127191290716,-1.0344388415362362,-1.746112205896339,1,temperature_plus20
605,BAR012,2020-06-29,BAR012,Croplands,38.751,-122.975,3.9,8.8,5.129784729737472,17.667361111111113,1.78,2.1804166666666664,0.025818440227133,-0.9996666485105112,3.9,-1.5249149732316416,0.10300426408671488,1.131734383776616,-0.7539035393406733,0.32208672453768594,0.9836970921221091,2.3750850267683585,True,2.3750850267683585,True,3.9,False,3.9,False,3.9,False,3.9,2.791170981379417,0.0,-1.497778758515768,-1.438195505046961,-1.638770656132196,1,temperature_plus20
606,BAR012,2020-06-30,BAR012,Croplands,38.751,-122.975,3.7,8.400001,4.888147909050718,18.542777777777776,1.6756249999999997,1.39375,0.0086069968886886,-0.9999629591162656,3.7,-1.4126726106212841,0.20338212061959313,1.1835346646204663,-0.627480271990509,0.32208672453768594,0.9836970921221091,2.2873273893787163,True,2.2873273893787163,True,3.7,False,3.7,False,3.7,False,3.7,2.4518718782601994,0.0,-1.4822406481198898,-1.1836348837821042,-1.5721422999618584,1,temperature_plus20
607,BAR012,2020-07-07,BAR012,Croplands,38.751,-122.975,3.2,9.400001,4.767062223635426,17.616388888888892,1.725833333333333,3.12125,-0.1116590071216944,-0.993746580436178,3.2,-1.2003163173503941,0.2811310574200318,1.1002008469597555,-0.46566076159172853,0.32208672453768594,0.9836970921221091,1.999683682649606,True,1.999683682649606,True,3.2,False,3.2,False,3.2,False,3.2,2.39398009303051,0.0,-1.392708533806344,-0.8776834679970436,-1.330556950247795,1,temperature_plus20
608,BAR012,2020-07-15,BAR012,Croplands,38.751,-122.975,3.0,6.7000003,3.0813389738712287,16.571666666666665,0.9616666666666666,1.7391666666666667,-0.2470221804809352,-0.9690098257244064,3.0,-0.4143438323889393,0.2163529994867271,0.9013713172946926,0.05870518177894989,0.32208672453768594,0.9836970921221091,2.5856561676110608,True,2.5856561676110608,True,2.5856561676110608,True,2.5856561676110608,True,2.5856561676110608,True,3.0,2.669569930699486,0.0,-0.2713942146275369,-0.30838506081400796,-0.6632522217252731,1,temperature_plus20
609,BAR012,2020-07-16,BAR012,Croplands,38.751,-122.975,3.1,6.5,3.048240067459392,16.628055555555555,0.8220833333333334,1.669583333333334,-0.2636654927280072,-0.9646141756912436,3.1,-0.29823080350402836,0.21590836171707598,0.9064300352090008,0.04937674058613652,0.32208672453768594,0.9836970921221091,2.8017691964959717,True,2.8017691964959717,True,2.8017691964959717,True,2.8017691964959717,True,2.8017691964959717,True,3.1,2.8810396591178606,0.0,-0.11631456990433853,-0.24155327547502775,-0.5368245651327188,1,temperature_plus20
610,BAR012,2020-08-08,BAR012,Croplands,38.751,-122.975,2.9,8.0,2.996506095057456,18.09736111111111,1.2275,1.4587500000000002,-0.6152845999633277,-0.7883050558305253,2.9,-1.2984172574380513,0.06411991121794129,0.9704958193560579,-0.3790689383114796,0.32208672453768594,0.9836970921221091,1.6015827425619487,True,1.6015827425619487,True,1.6015827425619487,True,2.9,False,2.9,False,2.9,1.8048136476050542,0.0,-1.2745804006744084,-1.2496297041597526,-1.371041667479993,1,temperature_plus20
611,BAR012,2020-09-01,BAR012,Croplands,38.751,-122.975,3.2,4.4,1.4879211474277854,15.414166666666668,0.5187499999999999,1.236666666666667,-0.8800122039735356,-0.4749510720670502,3.2,0.4896702305209149,0.2280792511766067,0.8381217741624312,-0.04789911213396471,0.32208672453768594,0.9836970921221091,3.6896702305209153,True,3.6896702305209153,True,3.6896702305209153,True,3.2,False,3.2,False,3.2,3.704830753071447,0.0,0.7506940179382895,0.3288254896165128,0.38949118400794247,1,temperature_plus20
612,BAR012,2020-09-09,BAR012,Croplands,38.751,-122.975,0.1,3.7,0.1110293150778697,13.52222222222222,0.2758333333333333,0.5250000000000001,-0.9368813462954316,-0.3496474552512282,0.1,0.014438428651517732,0.3525521351410613,1.059993248529476,0.1153332155125664,0.32208672453768594,0.9836970921221091,0.11443842865151774,True,0.1,False,0.1,False,0.11443842865151774,True,0.1,False,0.1,0.1272505361733623,0.0,0.4165459272811658,-0.2416169356566577,-0.1316137056699549,1,temperature_plus20
613,BAR012,2020-09-18,BAR012,Croplands,38.751,-122.975,1.8,3.6000001000000004,1.6615225317833375,16.68805555555556,0.7368749999999998,1.6654166666666663,-0.97961369164549,-0.2008905551306352,1.8,0.6720465475203521,0.12933334404505462,1.2422156341156967,-0.11291935140284881,0.32208672453768594,0.9836970921221091,2.4720465475203524,True,2.4720465475203524,True,1.8,False,1.8,False,1.8,False,1.8,2.43143723251358,0.0,0.7064927295492693,0.5289774820386921,0.7806694309730947,1,temperature_plus20
614,BAR012,2020-09-25,BAR012,Croplands,38.751,-122.975,1.8,6.5,1.921529337437436,17.665,1.5254166666666669,3.088333333333334,-0.99665890175417,-0.0816763953304228,1.8,-0.6856473909558339,0.33526654307870707,1.2499389213921182,-0.028163631656591474,0.32208672453768594,0.9836970921221091,1.114352609044166,True,1.8,False,1.8,False,1.8,False,1.8,False,1.8,1.3248730008171168,0.0,-0.6925223900992983,-0.34699621967897953,-1.0174235630892243,1,temperature_plus20
616,BAR012,2020-10-11,BAR012,Croplands,38.751,-122.975,0.8,5.8,0.9021883161273646,16.169305555555553,1.2410416666666666,2.72625,-0.9813064702716092,0.1924515819708299,0.8,-0.46322302044448405,0.09509343106791282,1.241076515269259,-0.004520560386942607,0.32208672453768594,0.9836970921221091,0.336776979555516,True,0.336776979555516,True,0.8,False,0.8,False,0.8,False,0.8,0.41342828559579053,0.0,-0.3801665354693847,-0.4425501708198071,-0.5669523550442604,1,temperature_plus20
617,BAR012,2020-10-19,BAR012,Croplands,38.751,-122.975,1.0,4.9,0.7316133927272778,16.105694444444445,1.520833333333333,1.2891666666666668,-0.9455963874271428,0.3253420847119795,1.0,0.11407771304308863,0.3788416049756335,1.2807243030785016,0.054908393409138084,0.32208672453768594,0.9836970921221091,1.1140777130430886,True,1.0,False,1.0,False,1.1140777130430886,True,1.0,False,1.0,1.005575184180949,0.0,0.31936071049044124,-0.32310097326933185,0.3459734019081565,1,temperature_plus20
619,BAR012,2020-11-12,BAR012,Croplands,38.751,-122.975,0.2,2.5,0.2173970946050288,8.265555555555556,0.5279166666666667,1.20375,-0.7354170229639858,0.6776147890466887,0.2,0.5434350265852924,0.16394731346986022,0.8370491368417342,0.009949429883091387,0.32208672453768594,0.9836970921221091,0.7434350265852925,True,0.7434350265852925,True,0.7434350265852925,True,0.7434350265852925,True,0.7434350265852925,True,0.2,0.7434350265852925,0.0,0.42837165612057526,0.47077824390686007,0.731155179728442,1,temperature_plus20
620,BAR012,2020-11-20,BAR012,Croplands,38.751,-122.975,0.7,2.5,0.6743028116931756,8.403055555555559,0.3514583333333333,2.012083333333333,-0.6354323008901775,0.7721565844991641,0.7,0.6362400449543245,0.16265823239101473,0.8516992189738847,0.0018220567452007274,0.32208672453768594,0.9836970921221091,1.3362400449543244,True,1.3362400449543244,True,1.3362400449543244,True,1.3362400449543244,True,1.3362400449543244,True,0.7,1.3362400449543244,0.0,0.49256254459257476,0.6033158127324495,0.8128417775379494,1,temperature_plus20
621,BAR012,2020-11-21,BAR012,Croplands,38.751,-122.975,0.8,2.1000001,0.6203287363045951,8.337083333333334,0.4589583333333334,1.8145833333333328,-0.622046748440868,0.7829801036770625,0.8,0.6969090600851957,0.11789103478472825,0.9013203187145363,0.051612462200778926,0.32208672453768594,0.9836970921221091,1.4969090600851958,True,1.4969090600851958,True,1.4969090600851958,True,1.4969090600851958,True,1.4969090600851958,True,0.8,1.4969090600851958,0.0,0.5978873170224351,0.6655229793672885,0.8273168838658633,1,temperature_plus20
622,BAR012,2020-11-28,BAR012,Croplands,38.751,-122.975,0.7,1.7,0.4225271385446118,7.031527777777778,0.5443749999999999,1.5437500000000002,-0.5234156073655503,0.8520775211013093,0.7,0.6592396797697044,0.11383161299268636,0.8700134887699218,-0.04003636771023154,0.32208672453768594,0.9836970921221091,1.3592396797697044,True,1.3592396797697044,True,1.3592396797697044,True,0.7,False,0.7,False,0.7,1.3592396797697044,0.0,0.5852780853814951,0.6021200092009855,0.7903209447266328,1,temperature_plus20
623,BAR012,2020-12-06,BAR012,Croplands,38.751,-122.975,0.5,2.5,0.3660268373755696,9.8925,0.5370833333333332,2.4179166666666663,-0.4014879892059737,0.9158642882672868,0.5,0.5942679524195249,0.07599791062826174,1.1750126273617874,0.0312293974196598,0.32208672453768594,0.9836970921221091,1.094267952419525,True,1.094267952419525,True,0.5,False,1.094267952419525,True,0.5,False,0.5,1.094267952419525,0.0,0.5455224101297397,0.5554458938707051,0.6818355532581301,1,temperature_plus20
624,BAR012,2020-12-07,BAR012,Croplands,38.751,-122.975,0.5,3.8,0.5877942079940678,12.765694444444447,1.4414583333333333,2.89125,-0.3856634062436074,0.9226395488404876,0.5,0.09280309745622807,0.34163219780866355,1.436943121581556,0.054908393409138084,0.32208672453768594,0.9836970921221091,0.5928030974562281,True,0.5,False,0.5,False,0.5928030974562281,True,0.5,False,0.5,0.6186311963562492,0.0,0.3017565964673907,0.2780958857178556,-0.3014431898165621,1,temperature_plus20
625,BAR012,2020-12-22,BAR012,Croplands,38.751,-122.975,0.5,2.2,0.7584149244420486,9.028194444444445,0.4139583333333334,2.871666666666666,-0.1372787721132651,0.9905324521322229,0.5,0.5899058276870569,0.06634338239573746,1.2470179945432744,0.0312293974196598,0.32208672453768594,0.9836970921221091,1.089905827687057,True,1.089905827687057,True,0.5,False,1.089905827687057,True,0.5,False,0.5,1.089905827687057,0.0,0.6247083076072928,0.5134026847858472,0.6316064906680307,1,temperature_plus20
626,BAR012,2020-12-23,BAR012,Croplands,38.751,-122.975,0.7,2.1000001,0.6640439967172959,6.9558333333333335,0.38625,2.239583333333333,-0.1202080448993527,0.9927487224577402,0.7,0.5530712929014259,0.1125215204645396,0.9402186366886534,0.10395992532652198,0.32208672453768594,0.9836970921221091,1.2530712929014258,True,1.2530712929014258,True,1.2530712929014258,True,1.2530712929014258,True,1.2530712929014258,True,0.7,1.2530712929014258,0.0,0.4386119942012191,0.5570525218670291,0.6635493626360293,1,temperature_plus20
632,Ellendale,2019-01-09,Ellendale,Croplands,29.633321,-90.827662,1.1,2.8,3.1224418929569726,15.471689166666662,0.90851495625,3.48808273125,0.1543088206642811,0.9880226656636976,1.1,0.133242283500877,0.4792066165424915,1.9781937668361256,0.08442734792805802,0.29549960979371537,0.9457590135934477,1.2332422835008772,True,1.1,False,1.1,False,1.2332422835008772,True,1.1,False,1.1333105708752194,1.2332945050911839,0.25,0.6754902936014482,-0.042412862780799365,-0.23335058031801778,8,temperature_plus20
633,Ellendale,2019-03-22,Ellendale,Croplands,29.633321,-90.827662,1.8,3.9,2.3313635725334807,21.75887208333333,1.34952241875,1.8313006250000008,0.9844738167520922,0.1755314904214282,1.8,-0.20462159289933193,0.8566921400376097,2.3393387769054454,0.14192440267809747,0.29549960979371537,0.9457590135934477,1.595378407100668,True,1.8,False,1.8,False,1.595378407100668,True,1.8,False,1.748844601775167,1.9054565311396643,0.25,0.7845252132938751,-0.709819008917288,-0.688570983074583,8,temperature_plus20
634,Ellendale,2019-04-15,Ellendale,Croplands,29.633321,-90.827662,2.6,4.2000003,4.2959367681062375,22.42703687500001,1.4035312520833332,1.7822688541666671,0.9721181966290612,-0.2344913895704098,2.6,-0.3281095733260894,0.9360254756669456,2.349472148902305,0.141470968919174,0.29549960979371537,0.9457590135934477,2.271890426673911,True,2.6,False,2.6,False,2.271890426673911,True,2.6,False,2.5179726066684776,2.714569320895857,0.25,0.7304360604555438,-0.668293662369601,-1.046471118064211,8,temperature_plus20
635,Ellendale,2019-05-17,Ellendale,Croplands,29.633321,-90.827662,4.0,6.2000003,3.5158548010977606,30.824150416666654,1.7342008374999995,2.3618574125,0.705583610107178,-0.7086266782644596,4.0,-0.979335999260739,1.2068027154662018,2.5978189567881658,0.3371420020456429,0.29549960979371537,0.9457590135934477,3.020664000739261,True,4.0,False,4.0,False,3.020664000739261,True,4.0,False,3.7551660001848153,3.393193972756085,0.25,0.31252341916711796,-1.1728309327102182,-2.077700484239117,8,temperature_plus20
636,Ellendale,2019-05-25,Ellendale,Croplands,29.633321,-90.827662,4.3,6.4,4.678887138142453,33.83063833333333,2.1308980166666665,1.9078099354166669,0.6016240632249226,-0.7987793728863649,4.3,-0.9951344520625026,1.332350974415766,2.7718047463666773,0.1235173046563251,0.29549960979371537,0.9457590135934477,3.304865547937497,True,4.3,False,4.3,False,3.304865547937497,True,4.3,False,4.0512163869843745,3.55680495636541,0.25,0.4135032964706818,-1.1637632208743065,-2.235143431783883,8,temperature_plus20
637,Ellendale,2019-06-02,Ellendale,Croplands,29.633321,-90.827662,2.7,5.5,2.8093017071088497,36.07078729166667,2.4014457499999997,1.38806446875,0.48627270710869,-0.8738071036110808,2.7,-0.38456096843488424,1.2994371623092036,3.1806020907927275,0.21512380200353243,0.29549960979371537,0.9457590135934477,2.315439031565116,True,2.7,False,2.7,False,2.315439031565116,True,2.7,False,2.603859757891279,2.6988006627920527,0.25,1.0348744960307386,-0.6730434214553036,-1.5155139798800876,8,temperature_plus20
638,Ellendale,2019-07-04,Ellendale,Croplands,29.633321,-90.827662,5.8,6.7000003,4.764942267197895,35.64829500000001,2.20619030625,1.3724050124999998,-0.0430222330045303,-0.99907411510223,5.8,-0.9250211436494152,1.4599052418371081,2.752395867364846,0.13776047831140498,0.29549960979371537,0.9457590135934477,4.874978856350585,True,5.8,False,5.8,False,4.874978856350585,True,5.8,False,5.568744714087646,5.2484412338802935,0.25,0.552922193357398,-0.9617920327518454,-2.3661935915537984,8,temperature_plus20
639,Ellendale,2019-08-29,Ellendale,Croplands,29.633321,-90.827662,4.5,5.2000003,4.999308942866495,35.24390125,2.1138747791666668,1.1705541020833332,-0.8452490573530634,-0.5343725582809785,4.5,0.14605377842974812,1.2104801935277698,2.816477508117762,0.08383545187900016,0.29549960979371537,0.9457590135934477,4.646053778429748,True,4.5,False,4.5,False,4.646053778429748,True,4.5,False,4.536513444607437,4.715822764120858,0.25,1.1998170763892624,0.41443905497131767,-1.1760947960713357,8,temperature_plus20
640,Ellendale,2019-09-06,Ellendale,Croplands,29.633321,-90.827662,5.1,6.3,5.342157859468816,36.86190958333334,2.6273919583333334,0.9199746395833334,-0.9106046300942162,-0.4132786077829044,5.1,-0.5852184252971998,1.3108208104627213,3.057974270410368,0.20950565665353238,0.29549960979371537,0.9457590135934477,4.5147815747028,True,5.1,False,5.1,False,4.5147815747028,True,5.1,False,4.9536953936757,4.841387931671763,0.25,0.4494036325487227,-0.14575409123982852,-2.0593048172004935,8,temperature_plus20
641,Ellendale,2019-10-08,Ellendale,Croplands,29.633321,-90.827662,2.9,3.5,2.6208706296256543,31.170511249999997,1.8726507500000005,1.585509497916666,-0.9922222094179324,0.1244792638867886,2.9,0.4182794081600561,1.152437225161603,2.6938366015332287,0.08016157640746929,0.29549960979371537,0.9457590135934477,3.318279408160056,True,2.9,False,2.9,False,3.318279408160056,True,2.9,False,3.004569852040014,3.1539337428569882,0.25,1.4817405180918537,0.5792965768895493,-0.8061988705012346,8,temperature_plus20
642,Ellendale,2019-11-01,Ellendale,Croplands,29.633321,-90.827662,1.9,2.8,2.6718648829962817,15.172444791666663,0.9810036395833333,2.040441904166667,-0.858763958275803,0.5123714121284235,1.9,0.26907581987465534,0.38542260320757454,1.1617875458991695,0.08367413964839564,0.29549960979371537,0.9457590135934477,2.169075819874655,True,1.9,False,1.9,False,2.169075819874655,True,1.9,False,1.9672689549686637,2.1526268021014094,0.25,0.3915448496741862,0.5783835908455779,-0.16270098089579807,8,temperature_plus20
643,Ellendale,2019-11-09,Ellendale,Croplands,29.633321,-90.827662,1.7,3.0,2.3208593591294955,16.61581875,1.083401795833333,1.5925389625000006,-0.780295851070776,0.6254105729852457,1.7,0.10978346496969038,0.383992480047293,1.398172262091612,0.0841275734073191,0.29549960979371537,0.9457590135934477,1.8097834649696902,True,1.7,False,1.7,False,1.8097834649696902,True,1.7,False,1.7274458662424226,1.8990176990536638,0.25,0.2895672413234595,0.37090236017823713,-0.3311192065926255,8,temperature_plus20
644,Ellendale,2019-12-03,Ellendale,Croplands,29.633321,-90.827662,0.7,1.8000001,0.8191255594564749,14.449212374999997,1.0672994625,1.1422316687499998,-0.4635502709028512,0.8860706215341377,0.7,0.2136104284634851,0.13905216332740925,1.6922045515192352,0.06421287030384965,0.29549960979371537,0.9457590135934477,0.9136104284634851,True,0.9136104284634851,True,0.7,False,0.9136104284634851,True,0.7,False,0.7534026071158713,0.9830526773311596,0.25,0.2928866196940796,0.294893663696017,0.0530510020003587,8,temperature_plus20
645,Ellendale,2020-01-20,Ellendale,Croplands,29.633321,-90.827662,0.9,2.9,2.530330441365654,12.986993958333334,1.0504847458333333,4.625683666666666,0.3375228995941133,0.9413173175128472,0.9,0.1666362962535938,0.4978600668119124,1.893460719437724,0.08442734792805802,0.29549960979371537,0.9457590135934477,1.0666362962535938,True,0.9,False,0.9,False,1.0666362962535938,True,0.9,False,0.9416590740633984,1.0793488098171498,0.25,0.7323241335440389,-0.027536323866085233,-0.20487892091717216,8,temperature_plus20
646,Ellendale,2020-01-28,Ellendale,Croplands,29.633321,-90.827662,0.7,2.7,2.2496788891493584,19.22394604166666,1.1648083958333333,3.0084785354166663,0.4635502709028509,0.886070621534138,0.7,0.18973385633713383,0.6083747912090846,2.2416905294448073,0.08442734792805802,0.29549960979371537,0.9457590135934477,0.8897338563371338,True,0.7,False,0.7,False,0.8897338563371338,True,0.7,False,0.7474334640842835,0.9867957807719072,0.25,0.8771733882627317,-0.27924585549078784,-0.028725963760542345,8,temperature_plus20
647,Ellendale,2020-02-21,Ellendale,Croplands,29.633321,-90.827662,1.7,2.7,4.145461959110067,13.88259208333333,0.9395383270833336,5.4820610000000025,0.7802958510707755,0.6254105729852463,1.7,0.026096119373848408,0.6600062920305835,2.0097025295830164,0.0841275734073191,0.29549960979371537,0.9457590135934477,1.7260961193738484,True,1.7,False,1.7,False,1.7260961193738484,True,1.7,False,1.706524029843462,1.7675282995566872,0.25,0.7639371898925666,-0.17759360304540017,-0.5080552287256213,8,temperature_plus20
648,Ellendale,2020-03-08,Ellendale,Croplands,29.633321,-90.827662,1.5,3.6000001000000004,1.637072059972117,21.439509166666667,1.408514029166667,3.0693041687499987,0.9209712877166346,0.3896304495307879,1.5,0.00886105950570032,0.9116979312622094,2.3126979118719557,0.08442734792805802,0.29549960979371537,0.9457590135934477,1.5088610595057004,True,1.5,False,1.5,False,1.5088610595057004,True,1.5,False,1.502215264876425,1.680606969384297,0.25,1.0604491880613451,-0.5595349270106778,-0.47433108253356643,8,temperature_plus20
649,Ellendale,2020-04-01,Ellendale,Croplands,29.633321,-90.827662,1.5,4.2000003,1.8409297564796208,22.54537479166667,1.6520353395833336,2.609710477083333,0.999916658654738,-0.0129102960750088,1.5,0.01125247492738174,0.860976787791592,2.318123651670523,0.08442734792805802,0.29549960979371537,0.9457590135934477,1.5112524749273817,True,1.5,False,1.5,False,1.5112524749273817,True,1.5,False,1.5028131187318454,1.7619079932933759,0.25,1.0028783665787493,-0.546120176639158,-0.42300076515744606,8,temperature_plus20
650,Ellendale,2020-04-25,Ellendale,Croplands,29.633321,-90.827662,2.4,5.6,3.716848919264984,31.54374604166666,2.2335300625000003,3.293239020833333,0.9106046300942164,-0.4132786077829042,2.4,-0.6859586408761968,0.9056473130481838,3.021876299624502,0.2526724701361558,0.29549960979371537,0.9457590135934477,1.714041359123803,True,2.4,False,2.4,False,1.714041359123803,True,2.4,False,2.228510339780951,2.2258694993081516,0.25,0.30797149278805264,-0.9013669236007096,-1.4644804918159335,8,temperature_plus20
651,Ellendale,2020-05-11,Ellendale,Croplands,29.633321,-90.827662,3.6,5.6,6.523605354513945,27.95655958333333,2.1905745291666667,2.0110054833333337,0.7638886127905428,-0.6453481132295501,3.6,-0.7480795009651903,1.106655144197817,2.526398969281444,0.2960269139355375,0.29549960979371537,0.9457590135934477,2.8519204990348097,True,3.6,False,3.6,False,2.8519204990348097,True,3.6,False,3.4129801247587026,3.2114663980972704,0.25,0.4554355041917772,-0.9778836026303201,-1.7217904044570276,8,temperature_plus20
652,Ellendale,2020-05-27,Ellendale,Croplands,29.633321,-90.827662,3.4,4.5,5.512191981895759,41.15059770833333,4.312099229166665,2.051621252083333,0.5595892624101765,-0.8287700871745037,3.4,-0.21590508960359403,1.576044217736424,3.7809361221141415,0.1425420377061779,0.29549960979371537,0.9457590135934477,3.184094910396406,True,3.4,False,3.4,False,3.184094910396406,True,3.4,False,3.3460237275991016,3.8595913844608862,0.25,1.5445307541681663,-0.6966676244521679,-1.4955783985267805,8,temperature_plus20
653,Ellendale,2020-06-20,Ellendale,Croplands,29.633321,-90.827662,4.0,6.1,4.535638571252592,42.00415354166668,4.720487479166667,1.4721147062500002,0.1797665857255624,-0.9837092937736096,4.0,-0.5762439948777411,1.6626367333517615,3.625726156057538,0.21012246713588367,0.29549960979371537,0.9457590135934477,3.423756005122259,True,4.0,False,4.0,False,3.423756005122259,True,4.0,False,3.8559390012805648,3.785704593849054,0.25,1.1731243197594332,-0.765987438047844,-2.1358688663448127,8,temperature_plus20
654,Ellendale,2020-12-21,Ellendale,Croplands,29.633321,-90.827662,0.5,1.6,1.4795952357791828,12.040611708333332,0.5128088229166667,1.15498635,-0.154308820664281,0.9880226656636976,0.5,0.24673210481886695,0.09519255027890892,1.5351097657508839,0.06371840563705901,0.29549960979371537,0.9457590135934477,0.746732104818867,True,0.746732104818867,True,0.5,False,0.746732104818867,True,0.5,False,0.5616830262047168,0.7589597929924425,0.25,0.356640301390391,0.19310573896059985,0.19045027410560994,8,temperature_plus20
735,RIP760,2019-04-10,RIP760,Croplands,36.839,-120.21,3.4,6.0,2.3162575122995173,11.899444444444445,0.956875,4.1324999999999985,0.9886775902323404,-0.1500553983446526,3.4,-0.411935365184186,0.46336199050044424,1.310358742912078,0.020649560285390254,0.34723185559423303,1.0600923451112358,2.9880646348158137,True,3.4,False,3.4,False,2.9880646348158137,True,3.4,False,3.4,2.9890672766994704,0.0,0.0004681822232727728,-0.32293073684886464,-0.9133435409269662,3,temperature_plus20
736,RIP760,2019-04-18,RIP760,Croplands,36.839,-120.21,3.5,5.3,2.2779603519420784,16.6925,0.9445833333333334,1.050833333333333,0.9587178169872964,-0.2843591872810034,3.5,-0.00494128149689362,0.5242973022146045,1.490166046163051,-0.09714167583963496,0.34723185559423303,1.0600923451112358,3.4950587185031066,True,3.5,False,3.5,False,3.5,False,3.5,False,3.5,3.5680071704263785,0.0,0.25307113131047876,0.34035184505014326,-0.6082468208513029,3,temperature_plus20
737,RIP760,2019-04-19,RIP760,Croplands,36.839,-120.21,2.9,5.2000003,3.1882881995544587,18.269722222222224,1.0216666666666667,1.8795833333333332,0.9536809966304456,-0.3008198076356673,2.9,0.1545513163788328,0.5393485237755525,1.7536929254629712,-0.09714167583963496,0.34723185559423303,1.0600923451112358,3.0545513163788325,True,2.9,False,2.9,False,2.9,False,2.9,False,2.9,2.9816102749838977,0.0,0.36523212319483445,0.556760938415011,-0.458339112473347,3,temperature_plus20
738,RIP760,2019-04-26,RIP760,Croplands,36.839,-120.21,4.3,7.1,5.029053653236585,18.184305555555557,1.6710416666666663,2.0300000000000007,0.9106046300942164,-0.4132786077829042,4.3,-1.046526145999497,0.48343225444298243,1.5782898745060892,-0.36038669314018235,0.34723185559423303,1.0600923451112358,3.253473854000503,True,4.3,False,4.3,False,4.3,False,4.3,False,4.3,3.436237367284755,0.0,-0.8519045192607151,-0.6907381164659434,-1.5969358022718325,3,temperature_plus20
739,RIP760,2019-05-05,RIP760,Croplands,36.839,-120.21,4.2,6.7000003,3.815111419578781,14.085694444444444,1.065625,2.8991666666666664,0.835925479418637,-0.548842958284719,4.2,-0.8026956406642894,0.4382843826561,1.117393360809166,-0.05005458126365769,0.34723185559423303,1.0600923451112358,3.3973043593357106,True,4.2,False,4.2,False,4.2,False,4.2,False,4.2,3.491437301878132,0.0,-0.6876062600809515,-0.43343941022364985,-1.287041251688267,3,temperature_plus20
740,RIP760,2019-05-12,RIP760,Croplands,36.839,-120.21,5.3,7.5,4.913188420694102,17.27625,1.28125,1.9641666666666664,0.7638886127905428,-0.6453481132295501,5.3,-1.29722380312539,0.6407387160941469,1.3557966127591783,-0.8008902469006776,0.34723185559423303,1.0600923451112358,4.00277619687461,True,5.3,False,5.3,False,5.3,False,5.3,False,5.3,4.366128724822852,0.0,-0.9480554000589128,-0.9069122868248143,-2.036703722492443,3,temperature_plus20
741,RIP760,2019-05-13,RIP760,Croplands,36.839,-120.21,5.0,7.8,4.9147616854305545,16.202638888888885,1.498125,2.648333333333333,0.7526668275320084,-0.6584015846980488,5.0,-1.3201331530764249,0.6456010401658117,1.2797236072375762,-0.6558989742169709,0.34723185559423303,1.0600923451112358,3.6798668469235754,True,5.0,False,5.0,False,5.0,False,5.0,False,5.0,4.059853933508513,0.0,-0.9449231755647737,-0.9498727390288885,-2.065603544635613,3,temperature_plus20
742,RIP760,2019-05-29,RIP760,Croplands,36.839,-120.21,4.1,6.5,4.277618930245978,18.61513888888889,0.7991666666666667,1.4974999999999998,0.545240438540651,-0.8382797052177743,4.1,-0.6807549995164313,0.5368426478596543,1.4396948768960798,-0.19328802324082198,0.34723185559423303,1.0600923451112358,3.4192450004835684,True,4.1,False,4.1,False,4.1,False,4.1,False,4.1,3.461983167037899,0.0,-0.4757040799811435,-0.27665868827609275,-1.2899022302920575,3,temperature_plus20
743,RIP760,2019-06-21,RIP760,Croplands,36.839,-120.21,5.1,7.9,5.091012651213704,17.605277777777786,1.2616666666666667,2.6250000000000004,0.1797665857255624,-0.9837092937736096,5.1,-1.2230055582495425,0.4040038804474439,1.1325141239859167,-0.27955095047933193,0.34723185559423303,1.0600923451112358,3.8769944417504574,True,5.1,False,5.1,False,5.1,False,5.1,False,5.1,4.186841632733033,0.0,-1.2594014881684046,-0.8020351542744827,-1.6075800323057405,3,temperature_plus20
744,RIP760,2019-06-22,RIP760,Croplands,36.839,-120.21,5.6,8.400001,5.507064407880765,18.64611111111111,1.5414583333333336,1.9120833333333327,0.1628070129385171,-0.986657932891657,5.6,-1.344965542179961,0.5570085050814743,1.2837652535304875,-0.7872214302010454,0.34723185559423303,1.0600923451112358,4.255034457820039,True,5.6,False,5.6,False,5.6,False,5.6,False,5.6,4.925578536937122,0.0,-1.3984074081075828,-0.7631622279809596,-1.8733269904513405,3,temperature_plus20
745,RIP760,2019-06-29,RIP760,Croplands,36.839,-120.21,5.2,8.900001,5.950386580795455,17.912222222222226,1.6362499999999998,1.9595833333333332,0.0430222330045305,-0.99907411510223,5.2,-1.4091964938874237,0.5027610824974504,1.2071656382811884,-0.6898944526453076,0.34723185559423303,1.0600923451112358,3.790803506112576,True,5.2,False,5.2,False,5.2,False,5.2,False,5.2,4.51123358680846,0.0,-1.3895072664331956,-0.9165692608253867,-1.9215129544036884,3,temperature_plus20
746,RIP760,2019-06-30,RIP760,Croplands,36.839,-120.21,5.5,9.1,5.794965552192532,18.387083333333333,1.898125,2.28375,0.025818440227133,-0.9996666485105112,5.5,-1.464874093712705,0.4885275966539398,1.1754829204867994,-0.776615651976304,0.34723185559423303,1.0600923451112358,4.035125906287295,True,5.5,False,5.5,False,5.5,False,5.5,False,5.5,4.823931016874317,0.0,-1.4615137220097416,-0.9780353509452558,-1.9550732081831173,3,temperature_plus20
747,RIP760,2019-07-08,RIP760,Croplands,36.839,-120.21,5.4,8.6,5.54215529267828,17.79125,1.5252083333333333,2.400833333333334,-0.1116590071216944,-0.993746580436178,5.4,-1.3676173868613992,0.3929131904567843,1.103619919762033,-0.7405476345128377,0.34723185559423303,1.0600923451112358,4.032382613138601,True,5.4,False,5.4,False,5.4,False,5.4,False,5.4,4.546535927543066,0.0,-1.4761997594951244,-0.9318315393763201,-1.6948208617127534,3,temperature_plus20
748,RIP760,2019-07-15,RIP760,Croplands,36.839,-120.21,5.8,10.2,6.294705376963665,20.667083333333338,2.025625,2.335833333333333,-0.2303056702306119,-0.973118337233262,5.8,-1.548312365430424,0.41698468258212645,1.3880363006937617,-0.9435587800871006,0.34723185559423303,1.0600923451112358,4.251687634569576,True,5.8,False,5.8,False,5.8,False,5.8,False,5.8,5.21596505031402,0.0,-1.6094767339982217,-1.1041235860330119,-1.9313367762600384,3,temperature_plus20
749,RIP760,2019-07-16,RIP760,Croplands,36.839,-120.21,5.6,9.400001,6.48039352709466,20.39486111111111,1.7510416666666666,2.31,-0.2470221804809352,-0.9690098257244064,5.6,-1.5677746509206498,0.4741473838780051,1.322767895891687,-0.8131229565041006,0.34723185559423303,1.0600923451112358,4.03222534907935,True,5.6,False,5.6,False,5.6,False,5.6,False,5.6,4.950188951000434,0.0,-1.6917230255730875,-1.0439635422097062,-1.967637384979156,3,temperature_plus20
750,RIP760,2019-07-23,RIP760,Croplands,36.839,-120.21,5.3,8.5,6.2185900109489305,23.0473611111111,2.1629166666666664,1.617916666666667,-0.3617137307297674,-0.9322892131745134,5.3,-1.4322415635359056,0.6321375637243577,1.6103320595726973,-0.8097244980035662,0.34723185559423303,1.0600923451112358,3.8677584364640945,True,5.3,False,5.3,False,5.3,False,5.3,False,5.3,4.455735586973847,0.0,-1.7453742270332127,-0.7046596008631257,-1.8466908627113785,3,temperature_plus20
751,RIP760,2019-07-24,RIP760,Croplands,36.839,-120.21,5.6,9.0,6.209508685585454,22.324027777777783,2.383125,1.8470833333333332,-0.3777079652039646,-0.92592477719385,5.6,-1.5622336337338936,0.6257559980616564,1.5732505132340688,-0.9435587800871006,0.34723185559423303,1.0600923451112358,4.037766366266106,True,5.6,False,5.6,False,5.6,False,5.6,False,5.6,4.902701822797959,0.0,-1.8628429651046363,-0.842898132741888,-1.9809598033551563,3,temperature_plus20
752,RIP760,2019-07-31,RIP760,Croplands,36.839,-120.21,5.2,7.7000003,5.731783424405091,19.47236111111111,1.6302083333333333,1.7716666666666665,-0.4862727071086902,-0.8738071036110807,5.2,-1.1392764673321514,0.4177916378047751,1.191710835064282,-0.3143490899259705,0.34723185559423303,1.0600923451112358,4.060723532667849,True,5.2,False,5.2,False,5.2,False,5.2,False,5.2,4.2078238893915945,0.0,-1.4198514061838223,-0.6591241271328241,-1.3388538686798073,3,temperature_plus20
753,RIP760,2019-08-01,RIP760,Croplands,36.839,-120.21,5.2,8.1,6.125248118239287,20.049166666666668,1.6520833333333331,2.004166666666667,-0.5012418134457756,-0.8653072543632061,5.2,-1.2718484320198513,0.48375651526534935,1.2773245926980656,-0.6127831814233895,0.34723185559423303,1.0600923451112358,3.928151567980149,True,5.2,False,5.2,False,5.2,False,5.2,False,5.2,4.246698909520967,0.0,-1.6089162593433857,-0.7175563999740141,-1.4890726367421543,3,temperature_plus20
754,RIP760,2019-08-08,RIP760,Croplands,36.839,-120.21,5.0,8.400001,5.79479940377257,18.565277777777773,1.6741666666666668,2.4775,-0.6016240632249227,-0.7987793728863648,5.0,-1.2054239361253918,0.4669234034410465,1.2152547194719259,-0.3253635693500439,0.34723185559423303,1.0600923451112358,3.794576063874608,True,5.0,False,5.0,False,5.0,False,5.0,False,5.0,4.148306734893368,0.0,-1.487086632990729,-0.666450579639216,-1.4627345957462308,3,temperature_plus20
755,RIP760,2019-08-09,RIP760,Croplands,36.839,-120.21,4.7,7.9,4.962051100383131,18.175972222222224,1.4700000000000004,2.2695833333333333,-0.6152845999633277,-0.7883050558305253,4.7,-1.0995780777460253,0.4184928854287607,1.1306528579123285,-0.20946076732005697,0.34723185559423303,1.0600923451112358,3.600421922253975,True,4.7,False,4.7,False,4.7,False,4.7,False,4.7,3.872830975238954,0.0,-1.3920571218901332,-0.6202044960119465,-1.2864726153359962,3,temperature_plus20
756,RIP760,2019-08-16,RIP760,Croplands,36.839,-120.21,5.7,8.900001,5.316127973678153,22.662916666666664,2.258958333333333,1.2929166666666665,-0.7055836101071774,-0.7086266782644601,5.7,-1.3771185375701194,0.6698245676691014,1.6040194607858027,-0.9176572537840454,0.34723185559423303,1.0600923451112358,4.322881462429881,True,5.7,False,5.7,False,5.7,False,5.7,False,5.7,5.1144353955681625,0.0,-1.8755968710649547,-0.6157226909577824,-1.640036050687621,3,temperature_plus20
757,RIP760,2019-08-17,RIP760,Croplands,36.839,-120.21,5.0,7.5,5.160797418228476,20.22111111111111,1.6075,1.9695833333333328,-0.7176769136759615,-0.6963762255968726,5.0,-1.082996293419643,0.4008078385392849,1.2213417588512836,-0.20946076732005697,0.34723185559423303,1.0600923451112358,3.917003706580357,True,5.0,False,5.0,False,5.0,False,5.0,False,5.0,4.05231626457246,0.0,-1.3448437373277538,-0.6215822379857339,-1.2825629049454421,3,temperature_plus20
758,RIP760,2019-08-24,RIP760,Croplands,36.839,-120.21,4.2,6.8,4.064166500369688,22.98916666666666,1.7441666666666669,1.8229166666666672,-0.7961828637826154,-0.6050560696488494,4.2,-0.7368716093281465,0.29423138191460535,1.3066847469078287,0.008822484925653365,0.34723185559423303,1.0600923451112358,3.4631283906718537,True,3.4631283906718537,True,4.2,False,3.4631283906718537,True,4.2,False,4.2,3.5546249037364666,0.0,-0.7666678146217203,-0.4288758340260558,-1.0150711793366638,3,temperature_plus20
759,RIP760,2019-08-25,RIP760,Croplands,36.839,-120.21,4.7,8.1,4.722332783187028,22.84833333333333,2.0889583333333333,1.7479166666666668,-0.8064799463209447,-0.5912614448635782,4.7,-1.2414433690827544,0.6151861796898682,1.4708905679650965,-0.27992011961476626,0.34723185559423303,1.0600923451112358,3.4585566309172457,True,4.7,False,4.7,False,4.7,False,4.7,False,4.7,3.7884640066401145,0.0,-1.641457568462641,-0.533060900298019,-1.5498116384876033,3,temperature_plus20
760,RIP760,2019-09-01,RIP760,Croplands,36.839,-120.21,4.4,8.5,4.754878283208054,21.408611111111114,2.0337500000000004,1.5200000000000002,-0.8717063187093218,-0.4900286664290594,4.4,-1.2504395539008824,0.611617181440048,1.3514747613665605,-0.27992011961476626,0.34723185559423303,1.0600923451112358,3.149560446099118,True,4.4,False,4.4,False,4.4,False,4.4,False,4.4,3.7289364309236395,0.0,-1.659040174412916,-0.5472808205220777,-1.544997666767653,3,temperature_plus20
761,RIP760,2019-09-09,RIP760,Croplands,36.839,-120.21,4.3,6.3,4.025621676152672,17.10027777777778,1.1160416666666666,2.1420833333333333,-0.9307239310379792,-0.3657225234972692,4.3,-0.6486988024535214,0.1822622493434909,0.7421502858006466,-0.08190053891280381,0.34723185559423303,1.0600923451112358,3.6513011975464784,True,3.6513011975464784,True,3.6513011975464784,True,4.3,False,4.3,False,4.3,3.715429880089589,0.0,-0.6489049317594582,-0.4663335758777317,-0.8308578997233745,3,temperature_plus20
762,RIP760,2019-09-10,RIP760,Croplands,36.839,-120.21,4.1,6.0,4.266889081830692,16.29097222222222,1.0052083333333333,2.160833333333333,-0.9368813462954316,-0.3496474552512282,4.1,-0.5011901476451639,0.15655476305413774,0.6271609292765443,-0.03884304656781232,0.34723185559423303,1.0600923451112358,3.5988098523548357,True,3.5988098523548357,True,3.5988098523548357,True,4.1,False,4.1,False,4.1,3.6375243637389647,0.0,-0.40022614788356903,-0.42181030979430634,-0.6815339852576164,3,temperature_plus20
763,RIP760,2019-09-25,RIP760,Croplands,36.839,-120.21,4.5,5.3,2.530413943343549,19.961805555555557,1.524375,0.94875,-0.9951053111006974,-0.0988201387328721,4.5,-0.23069690831093725,0.12664515448516825,1.2233098957473447,0.004695569139774429,0.34723185559423303,1.0600923451112358,4.269303091689062,True,4.269303091689062,True,4.5,False,4.269303091689062,True,4.5,False,4.5,4.369165664169134,0.0,-0.2362064118303564,-0.10138691492608097,-0.3544973981763744,3,temperature_plus20
764,RIP760,2019-10-04,RIP760,Croplands,36.839,-120.21,3.5,5.4,2.5425186019112216,12.061944444444444,0.8658333333333332,2.26625,-0.9984354211555644,0.055916990100603,3.5,-0.29107412860199083,0.1774897950429214,0.8407022195610336,-0.05312655837572965,0.34723185559423303,1.0600923451112358,3.208925871398009,True,3.208925871398009,True,3.208925871398009,True,3.5,False,3.5,False,3.5,3.2159564766940796,0.0,-0.1490645208738121,-0.23410400980915952,-0.4900538551230009,3,temperature_plus20
765,RIP760,2020-02-08,RIP760,Croplands,36.839,-120.21,1.5,1.9,0.8779019082684582,9.175,0.4083333333333334,1.6495833333333334,0.6220467484408675,0.7829801036770629,1.5,0.49406717919550064,0.20158052370110544,1.1849481449968544,-0.2394683010430226,0.34723185559423303,1.0600923451112358,1.9940671791955007,True,1.9940671791955007,True,1.5,False,1.5,False,1.5,False,1.5,1.9940671791955007,0.0,0.7120950996948983,0.31446584792489485,0.45564058996670864,3,temperature_plus20
766,RIP760,2020-02-16,RIP760,Croplands,36.839,-120.21,1.9,3.2,1.47128105203092,10.859305555555556,0.5806250000000001,1.8654166666666665,0.7236440382959124,0.6901733882429719,1.9,0.11838020697882666,0.47787080507832325,1.340608555009696,-0.023975459113544654,0.34723185559423303,1.0600923451112358,2.0183802069788266,True,1.9,False,1.9,False,1.9,False,1.9,False,1.9,2.0183802069788266,0.0,0.5666997470866334,0.1728199681778462,-0.3843790943279996,3,temperature_plus20
767,RIP760,2020-02-17,RIP760,Croplands,36.839,-120.21,1.5,2.5,1.2084549369176478,10.414722222222222,0.3714583333333334,1.9274999999999995,0.7354170229639855,0.6776147890466889,1.5,0.46254174396435915,0.34850343712112236,1.29375861043068,-0.023743488673799745,0.34723185559423303,1.0600923451112358,1.962541743964359,True,1.5,False,1.5,False,1.5,False,1.5,False,1.5,1.962541743964359,0.0,0.8281442355477484,0.4253624721197632,0.13411852422556594,3,temperature_plus20
768,RIP760,2020-03-03,RIP760,Croplands,36.839,-120.21,2.3,2.8,1.2932353978407891,10.15,0.739375,1.2066666666666668,0.8840675099433636,0.4673592171580022,2.3,0.2725198369938214,0.1447090456744753,1.0852586515302804,-0.031294506322005665,0.34723185559423303,1.0600923451112358,2.572519836993821,True,2.572519836993821,True,2.3,False,2.3,False,2.3,False,2.3,2.572519836993821,0.0,0.4053044821464815,0.2939733248399524,0.11828170399503021,3,temperature_plus20
769,RIP760,2020-03-04,RIP760,Croplands,36.839,-120.21,2.5,3.0,1.4520639091219345,11.96125,0.8289583333333334,1.0358333333333334,0.8919813464595485,0.4520722039323043,2.5,0.21989546472784263,0.18098316425814892,1.2956724931586923,0.016509476066859104,0.34723185559423303,1.0600923451112358,2.7198954647278426,True,2.7198954647278426,True,2.5,False,2.7198954647278426,True,2.5,False,2.5,2.7106184935788296,0.0,0.37338939094597134,0.26596794920546896,0.020329054032087596,3,temperature_plus20
770,RIP760,2020-04-21,RIP760,Croplands,36.839,-120.21,4.1,5.3,3.757352498286332,14.268194444444443,0.5991666666666666,2.391666666666667,0.9368813462954316,-0.3496474552512284,4.1,-0.2280105793304217,0.5831316978871739,1.2636120723229403,-0.00689320316626406,0.34723185559423303,1.0600923451112358,3.871989420669578,True,4.1,False,4.1,False,4.1,False,4.1,False,4.1,3.876945169040415,0.0,0.03898321904896496,0.17382261665573887,-0.896837573695969,3,temperature_plus20
771,RIP760,2020-04-28,RIP760,Croplands,36.839,-120.21,5.5,6.9,4.508258833114493,19.384722222222223,1.0741666666666667,1.8604166666666664,0.8880573226294932,-0.4597327394521039,5.5,-1.1778044278050734,0.7239542434355213,1.532030582615301,-0.7721758266616405,0.34723185559423303,1.0600923451112358,4.322195572194927,True,5.5,False,5.5,False,5.5,False,5.5,False,5.5,4.373979468457336,0.0,-0.7457066885625192,-0.77411270298832,-2.0135938918643808,3,temperature_plus20
772,RIP760,2020-05-06,RIP760,Croplands,36.839,-120.21,5.3,8.0,5.045296714180613,15.42597222222222,1.2410416666666666,3.2537500000000006,0.8165380514459161,-0.5772916165517272,5.3,-1.2235851871879,0.6012895974179588,1.2731237861403497,-0.27955095047933193,0.34723185559423303,1.0600923451112358,4.0764148128121,True,5.3,False,5.3,False,5.3,False,5.3,False,5.3,4.371814427925247,0.0,-0.768462824710223,-0.9970572732674247,-1.9052354635860524,3,temperature_plus20
773,RIP760,2020-05-07,RIP760,Croplands,36.839,-120.21,5.9,7.8,4.502798826288901,16.42083333333333,1.3729166666666666,1.2420833333333334,0.8064799463209448,-0.5912614448635781,5.9,-1.099093118517165,0.611364845402238,1.311973875424738,-0.539571362794578,0.34723185559423303,1.0600923451112358,4.8009068814828355,True,5.9,False,5.9,False,5.9,False,5.9,False,5.9,5.243021098027535,0.0,-0.7331097246909042,-0.7592950959672391,-1.8048745348933521,3,temperature_plus20
774,RIP760,2020-05-14,RIP760,Croplands,36.839,-120.21,6.4,6.8,4.81396970212018,15.57847222222222,0.8158333333333331,3.139583333333333,0.7295575540864875,-0.6839194216246106,6.4,-1.2669039646632263,0.2969690535337689,1.0120371563063668,-0.5516863714391145,0.34723185559423303,1.0600923451112358,5.133096035336774,True,5.133096035336774,True,5.133096035336774,True,6.4,False,6.4,False,6.4,5.181895955516134,0.0,-1.0773655079155051,-1.1141918830013355,-1.6091545030728382,3,temperature_plus20
775,RIP760,2020-05-22,RIP760,Croplands,36.839,-120.21,5.6,7.8,5.743306888326753,15.525694444444447,1.1927083333333333,2.8545833333333337,0.6287628145958344,-0.777597146973627,5.6,-1.2594110765595234,0.46193843047966776,1.18400669698277,-0.5952813332180815,0.34723185559423303,1.0600923451112358,4.340588923440476,True,5.6,False,5.6,False,5.6,False,5.6,False,5.6,4.6930415352201535,0.0,-0.9357145233648326,-1.0541047268188282,-1.7884139794949097,3,temperature_plus20
776,RIP760,2020-05-23,RIP760,Croplands,36.839,-120.21,6.3,8.5,5.585247373862012,15.173194444444444,1.210625,1.5708333333333335,0.6152845999633276,-0.7883050558305255,6.3,-0.7865117096150692,0.5771845337263791,1.171268146955996,-0.46289928164894434,0.34723185559423303,1.0600923451112358,5.513488290384931,True,6.3,False,6.3,False,6.3,False,6.3,False,6.3,6.06643462841649,0.0,-0.43121839809513585,-0.4758275522321038,-1.452489178517968,3,temperature_plus20
777,RIP760,2020-05-30,RIP760,Croplands,36.839,-120.21,5.6,5.8,4.989928257010717,17.346388888888885,0.93875,2.4779166666666668,0.5160623910158528,-0.8565509959010036,5.6,-0.5854406000181841,0.5034355214182068,1.1397912636415986,-0.2681762655557302,0.34723185559423303,1.0600923451112358,5.014559399981816,True,5.6,False,5.6,False,5.6,False,5.6,False,5.6,4.979372346911859,0.0,-0.18307636775796843,-0.4232708306793196,-1.1499746016172643,3,temperature_plus20
778,RIP760,2020-05-31,RIP760,Croplands,36.839,-120.21,5.0,5.9,3.9747189809981567,17.793888888888887,0.7710416666666667,1.4416666666666669,0.5012418134457758,-0.865307254363206,5.0,-0.5871337684203777,0.6290380824476219,1.3429582272338916,-0.16567548980739263,0.34723185559423303,1.0600923451112358,4.412866231579622,True,5.0,False,5.0,False,5.0,False,5.0,False,5.0,4.481386154450893,0.0,-0.2704890808396736,-0.17933685309691916,-1.3115753713245404,3,temperature_plus20
779,RIP760,2020-06-07,RIP760,Croplands,36.839,-120.21,5.7,8.0,5.438391707773559,13.320555555555554,1.0045833333333332,3.86125,0.3935902766564667,-0.9192859697186104,5.7,-0.7484084197699143,0.19020474405456764,0.9693970638409315,-0.24540500034690207,0.34723185559423303,1.0600923451112358,4.951591580230086,True,4.951591580230086,True,4.951591580230086,True,5.7,False,5.7,False,5.7,5.12836267921588,0.0,-0.5910579481970102,-0.6943867585214241,-0.9597805525913088,3,temperature_plus20
780,RIP760,2020-06-08,RIP760,Croplands,36.839,-120.21,6.1,8.6,5.8924838305334015,14.595833333333331,1.2447916666666667,2.7529166666666667,0.3777079652039649,-0.9259247771938498,6.1,-0.981033382691988,0.45425649037967203,0.9314319525391938,-0.7433188155824864,0.34723185559423303,1.0600923451112358,5.118966617308011,True,6.1,False,5.118966617308011,True,6.1,False,6.1,False,6.1,5.521656534069455,0.0,-0.6848799440345348,-0.754185023330876,-1.5040351807105532,3,temperature_plus20
781,RIP760,2020-06-16,RIP760,Croplands,36.839,-120.21,5.9,9.0,6.424868688256706,16.489166666666666,1.1929166666666666,2.9370833333333337,0.2470221804809355,-0.9690098257244062,5.9,-1.2098459529475156,0.40660215292642404,1.0116227505925404,-0.6852478001333399,0.34723185559423303,1.0600923451112358,4.690154047052484,True,5.9,False,4.690154047052484,True,5.9,False,5.9,False,5.9,5.284280680877051,0.0,-1.079814459986342,-0.8841646698858762,-1.6655587289703289,3,temperature_plus20
782,RIP760,2020-06-23,RIP760,Croplands,36.839,-120.21,6.2,8.8,6.749766759938889,23.12333333333333,1.8181250000000004,1.8812499999999996,0.1287481774525813,-0.99167731989929,6.2,-1.6155375365527398,0.695784160288648,1.5542133971327778,-0.7664128139530204,0.34723185559423303,1.0600923451112358,4.58446246344726,True,6.2,False,6.2,False,6.2,False,6.2,False,6.2,5.836597853208963,0.0,-1.7484659041232684,-0.8628786759228829,-2.235268029612068,3,temperature_plus20
783,RIP760,2020-07-01,RIP760,Croplands,36.839,-120.21,6.1,8.900001,6.0837675652342185,19.593611111111112,1.7041666666666673,1.534166666666667,-0.008606996888688,-0.9999629591162656,6.1,-1.2858756385077748,0.5031749845173451,1.3440654035658173,-0.8453347473959558,0.34723185559423303,1.0600923451112358,4.814124361492225,True,6.1,False,6.1,False,6.1,False,6.1,False,6.1,5.792225215935176,0.0,-1.4838096645989987,-0.7138318282817053,-1.6599854226426198,3,temperature_plus20
784,RIP760,2020-07-02,RIP760,Croplands,36.839,-120.21,5.7,7.7000003,5.6030814176895785,18.775694444444444,1.3404166666666668,1.528333333333333,-0.0258184402271323,-0.9996666485105112,5.7,-1.094602671595343,0.37454603904739364,1.2331609495499827,-0.539571362794578,0.34723185559423303,1.0600923451112358,4.605397328404657,True,5.7,False,5.7,False,5.7,False,5.7,False,5.7,4.944433799196936,0.0,-1.1782414364782288,-0.6853079115804622,-1.420258666727338,3,temperature_plus20
785,RIP760,2020-07-09,RIP760,Croplands,36.839,-120.21,5.8,9.5,6.511878593442559,20.450694444444444,1.788541666666667,1.9104166666666664,-0.1457991969198744,-0.9893142039703664,5.8,-1.5226043525640713,0.4811470281795581,1.3870748049610921,-0.9435587800871006,0.34723185559423303,1.0600923451112358,4.277395647435928,True,5.8,False,5.8,False,5.8,False,5.8,False,5.8,5.376725859041663,0.0,-1.6364938230553276,-0.9947303719859448,-1.9365888626509415,3,temperature_plus20
786,RIP760,2020-07-10,RIP760,Croplands,36.839,-120.21,6.2,9.8,6.1289190508761076,21.49319444444445,1.8708333333333336,1.6949999999999994,-0.1628070129385164,-0.9866579328916572,6.2,-1.4624004507919348,0.48803160018230884,1.4824861325933305,-0.8778447619647957,0.34723185559423303,1.0600923451112358,4.737599549208065,True,6.2,False,6.2,False,6.2,False,6.2,False,6.2,5.981775514167918,0.0,-1.621022006706671,-0.9147903622693084,-1.8513889833998247,3,temperature_plus20
787,RIP760,2020-07-17,RIP760,Croplands,36.839,-120.21,6.2,8.3,6.392409631665893,21.073750000000004,1.5354166666666669,1.8116666666666663,-0.2802306751992161,-0.9599326896597444,6.2,-1.4243395891935904,0.5388323819070896,1.336741967677069,-0.7474089383817957,0.34723185559423303,1.0600923451112358,4.77566041080641,True,6.2,False,6.2,False,6.2,False,6.2,False,6.2,5.51606009762609,0.0,-1.723399692617867,-0.8023027897025834,-1.7473162852603208,3,temperature_plus20
788,RIP760,2020-07-18,RIP760,Croplands,36.839,-120.21,5.8,8.2,6.211643063172294,21.905972222222218,1.4052083333333334,1.7820833333333337,-0.2967128192734901,-0.9549667548552552,5.8,-1.372510549863388,0.5510991584573475,1.43872994566514,-0.9176572537840454,0.34723185559423303,1.0600923451112358,4.427489450136612,True,5.8,False,5.8,False,5.8,False,5.8,False,5.8,4.977095202410338,0.0,-1.6754930329535824,-0.7363942020167584,-1.7056444146198233,3,temperature_plus20
789,RIP760,2020-07-26,RIP760,Croplands,36.839,-120.21,6.1,8.7,6.529084298564099,21.467916666666664,1.7720833333333332,2.0683333333333342,-0.4250003399695539,-0.9051931898913976,6.1,-1.5287536834090691,0.5818318868343919,1.376348455423813,-0.8881602490881829,0.34723185559423303,1.0600923451112358,4.571246316590931,True,6.1,False,6.1,False,6.1,False,6.1,False,6.1,5.387709647268595,0.0,-1.883391271813026,-0.8572664157028234,-1.8456033627113584,3,temperature_plus20
790,RIP760,2020-08-02,RIP760,Croplands,36.839,-120.21,5.8,10.3,5.62233123045915,20.55069444444444,1.96875,1.89,-0.5307300481619331,-0.8475409228928312,5.8,-1.3824058508163006,0.2667717539755128,1.5186685077328188,-0.9022735551335245,0.34723185559423303,1.0600923451112358,4.417594149183699,True,4.417594149183699,True,5.8,False,5.8,False,5.8,False,5.8,5.158838709445272,0.0,-1.614123614982103,-1.0907706135354585,-1.4423233239313402,3,temperature_plus20
791,RIP760,2020-08-03,RIP760,Croplands,36.839,-120.21,5.4,10.400001,6.250903420863731,20.853472222222223,1.933125,2.2625,-0.5452404385406507,-0.8382797052177745,5.4,-1.5080222350269599,0.24998654160974423,1.5214160698939732,-0.9293443217355076,0.34723185559423303,1.0600923451112358,3.8919777649730403,True,3.8919777649730403,True,5.4,False,5.4,False,5.4,False,5.4,4.666598575062377,0.0,-1.6636461346988252,-1.2196653437315106,-1.6407552266505439,3,temperature_plus20
792,RIP760,2020-08-10,RIP760,Croplands,36.839,-120.21,5.6,8.900001,6.0342332051917955,22.44652777777777,1.9489583333333331,1.9854166666666664,-0.6420547132365636,-0.7666588193001592,5.6,-1.5130012513168498,0.6643228514468045,1.5668988715495238,-0.9435587800871006,0.34723185559423303,1.0600923451112358,4.08699874868315,True,5.6,False,5.6,False,5.6,False,5.6,False,5.6,4.714750180696431,0.0,-1.9520031289255841,-0.7487225004217023,-1.8382781246032625,3,temperature_plus20
793,RIP760,2020-08-11,RIP760,Croplands,36.839,-120.21,5.6,8.1,5.9119179528248855,21.752777777777773,1.7641666666666669,1.9158333333333328,-0.655156357209085,-0.7554933140726804,5.6,-1.3142284763072185,0.5692613860743302,1.3797444447268632,-0.9176572537840454,0.34723185559423303,1.0600923451112358,4.285771523692781,True,5.6,False,5.6,False,5.6,False,5.6,False,5.6,4.602839021722964,0.0,-1.68746866948097,-0.6590175728056283,-1.5961991866350573,3,temperature_plus20
794,RIP760,2020-08-18,RIP760,Croplands,36.839,-120.21,6.5,10.400001,5.520398279540727,25.59861111111111,1.8741666666666663,1.9841666666666669,-0.7412220108485957,-0.6712599575675315,6.5,-1.7394922124027932,0.6398092442067279,2.01179787083163,-0.9810903184623688,0.34723185559423303,1.0600923451112358,4.760507787597207,True,6.5,False,6.5,False,6.5,False,6.5,False,6.5,5.758460028618167,0.0,-2.1380814295003843,-1.001494674603997,-2.0789005331039987,3,temperature_plus20
795,RIP760,2020-08-26,RIP760,Croplands,36.839,-120.21,5.0,6.9,5.595694688378693,22.549027777777773,1.5610416666666669,1.8641666666666663,-0.8263541987239095,-0.5631507242749187,5.0,-0.8548144215333462,0.3299165301615029,1.3465207597293838,-0.15971807004683447,0.34723185559423303,1.0600923451112358,4.145185578466654,True,4.145185578466654,True,5.0,False,5.0,False,5.0,False,5.0,4.203584696950072,0.0,-0.980196322260542,-0.48058783741121236,-1.103659104928284,3,temperature_plus20
796,RIP760,2020-08-27,RIP760,Croplands,36.839,-120.21,5.5,7.4,5.170023159133423,19.67430555555556,1.5820833333333333,1.9725000000000004,-0.8359254794186365,-0.5488429582847199,5.5,-1.0498798572205208,0.43860473189415417,1.1973603898942882,-0.5495941882230818,0.34723185559423303,1.0600923451112358,4.450120142779479,True,5.5,False,5.5,False,5.5,False,5.5,False,5.5,4.506710258285284,0.0,-1.3397224679749244,-0.5452815348082486,-1.2646355688783895,3,temperature_plus20
797,RIP760,2020-09-03,RIP760,Croplands,36.839,-120.21,5.5,7.9,4.695372315591609,20.307916666666664,1.1983333333333337,1.8016666666666667,-0.8958392907349089,-0.4443781781046134,5.5,-1.1667759832744318,0.6028595419637152,1.3040684560208926,-0.6422081824370561,0.34723185559423303,1.0600923451112358,4.333224016725568,True,5.5,False,5.5,False,5.5,False,5.5,False,5.5,4.521556656235526,0.0,-1.5752897978383087,-0.474382850314094,-1.450655301670893,3,temperature_plus20
798,RIP760,2020-09-04,RIP760,Croplands,36.839,-120.21,5.1,8.900001,5.0003984781282504,20.73680555555556,1.48125,1.7937500000000002,-0.9033558023246842,-0.4288919379124841,5.1,-1.3508606230722056,0.621758893620186,1.4632385863095831,-0.8203302762283076,0.34723185559423303,1.0600923451112358,3.7491393769277943,True,5.1,False,5.1,False,5.1,False,5.1,False,5.1,4.327375082137865,0.0,-1.766429742488596,-0.6360643750999112,-1.6500877516281098,3,temperature_plus20
799,RIP760,2020-09-12,RIP760,Croplands,36.839,-120.21,3.5,5.5,1.479993202469554,18.170833333333327,0.7545833333333333,0.8104166666666669,-0.9536809966304456,-0.300819807635668,3.5,-0.08862987221195129,0.1469787116349471,0.957135083417261,-1.263106686490113e-05,0.34723185559423303,1.0600923451112358,3.411370127788049,True,3.411370127788049,True,3.411370127788049,True,3.5,False,3.5,False,3.5,3.4337343274528522,0.0,0.0728834913055004,-0.21452873743391435,-0.12424437050743992,3,temperature_plus20
800,RIP760,2020-09-19,RIP760,Croplands,36.839,-120.21,4.5,5.5,3.3599594527602124,17.922500000000007,0.9500000000000004,2.085,-0.9829265519799822,-0.1839983516576798,4.5,-0.39846353909288795,0.19958604566517413,0.9033582746390302,-0.07101354606195374,0.34723185559423303,1.0600923451112358,4.101536460907112,True,4.101536460907112,True,4.101536460907112,True,4.5,False,4.5,False,4.5,4.080733486478755,0.0,-0.20158168092643175,-0.39316084153836295,-0.6006480948138693,3,temperature_plus20
801,RIP760,2020-09-20,RIP760,Croplands,36.839,-120.21,3.6,5.4,2.7377265855709925,18.405138888888892,1.0962500000000002,1.0933333333333335,-0.9859481499638304,-0.1670516255021195,3.6,-0.17137312254311543,0.08218986796274566,0.960440184000397,-0.04187331319481845,0.34723185559423303,1.0600923451112358,3.4286268774568844,True,3.4286268774568844,True,3.4286268774568844,True,3.6,False,3.6,False,3.6,3.479086144465626,0.0,-0.08384522549404028,-0.18336719816330482,-0.24690694397200125,3,temperature_plus20
802,RIP760,2020-09-27,RIP760,Croplands,36.839,-120.21,3.7,5.2000003,3.3075482345565765,19.245,1.1035416666666669,1.2162500000000005,-0.9988797155850336,-0.0473213883224323,3.7,-0.18086323733976895,0.11633321882036878,1.1120808032235332,-0.011745169641483767,0.34723185559423303,1.0600923451112358,3.5191367626602315,True,3.5191367626602315,True,3.7,False,3.7,False,3.7,False,3.7,3.632017569613998,0.0,-0.06982456035497121,-0.17091329325470933,-0.30185185840962636,3,temperature_plus20
803,RIP760,2020-09-28,RIP760,Croplands,36.839,-120.21,4.0,6.0,3.1112358777627405,19.850972222222214,1.2835416666666666,0.8245833333333333,-0.9995462806873572,-0.0301203048469083,4.0,-0.33674695752618383,0.25386262223526496,1.2341197253399139,0.04437695985061384,0.34723185559423303,1.0600923451112358,3.663253042473816,True,3.663253042473816,True,4.0,False,3.663253042473816,True,4.0,False,4.0,3.9122775879464022,0.0,-0.3031306466497786,-0.10136730853986531,-0.6057429173889075,3,temperature_plus20
804,RIP760,2020-10-13,RIP760,Croplands,36.839,-120.21,3.4,5.6,3.32112215066275,16.59930555555556,1.1639583333333332,1.1933333333333331,-0.9741004551724206,0.226115685508288,3.4,-0.056327804780034886,0.25779488811700624,1.208039337596699,0.06985247442204819,0.34723185559423303,1.0600923451112358,3.343672195219965,True,3.343672195219965,True,3.4,False,3.343672195219965,True,3.4,False,3.4,3.4822456497232763,0.0,-0.08174470256309575,0.21323408543470193,-0.30047279721171083,3,temperature_plus20
805,RIP760,2020-10-14,RIP760,Croplands,36.839,-120.21,3.6,5.9,3.2820655700365644,17.008472222222224,1.0416666666666667,1.1395833333333334,-0.970063921851507,0.2428497220959358,3.6,-0.09816042126821857,0.35186424244842845,1.2532787115668822,0.04612507485682461,0.34723185559423303,1.0600923451112358,3.5018395787317815,True,3.6,False,3.6,False,3.5018395787317815,True,3.6,False,3.6,3.68736169644813,0.0,-0.2114912901298977,0.2964037120889399,-0.3793936857636979,3,temperature_plus20
806,RIP760,2020-12-09,RIP760,Croplands,36.839,-120.21,0.6,1.5,0.2413289691498234,8.112638888888887,0.4235416666666665,1.1437500000000005,-0.3536761221763721,0.935367949313148,0.6,0.6730045403315552,0.19273251364873242,1.0695521965039976,-0.2836199071287798,0.34723185559423303,1.0600923451112358,1.2730045403315553,True,1.2730045403315553,True,0.6,False,0.6,False,0.6,False,0.6,1.2730045403315553,0.0,0.6767634322030067,0.47842007405052844,0.8638301147411305,3,temperature_plus20
1002,SLM001,2020-01-30,SLM001,Croplands,38.289,-121.118,0.9,1.8000001,0.6745670728666958,10.052222222222223,0.3687499999999999,1.346666666666667,0.4937755501599772,0.869589389346611,0.9,0.3355733325645316,0.258639370304041,1.3151968662034672,0.004519464005875334,0.30127502484804974,1.0522199518199744,1.2355733325645315,True,1.2355733325645315,True,0.9,False,1.2355733325645315,True,0.9,False,0.9838933331411329,1.2355733325645315,0.25,0.5498177879097967,0.04826007046834935,0.40864213931544857,6,temperature_plus20
1003,SLM001,2020-02-07,SLM001,Croplands,38.289,-121.118,0.8,1.5,0.5125599227383789,8.313888888888886,0.5495833333333334,1.1424999999999998,0.6084768701151261,0.7935716089521474,0.8,0.378400943985727,0.17841393032152325,1.1637877818444444,0.03442772837324021,0.30127502484804974,1.0522199518199744,1.178400943985727,True,1.178400943985727,True,0.8,False,1.178400943985727,True,0.8,False,0.8946002359964318,1.178400943985727,0.25,0.541952126269552,0.18813669623426094,0.4051140094533682,6,temperature_plus20
1004,SLM001,2020-02-08,SLM001,Croplands,38.289,-121.118,0.9,1.7,0.5957009790875225,8.273888888888889,0.4191666666666666,1.2708333333333333,0.6220467484408675,0.7829801036770629,0.9,0.36057228810591146,0.1856773420165921,1.1241325326856102,0.05830205399149802,0.30127502484804974,1.0522199518199744,1.2605722881059114,True,1.2605722881059114,True,0.9,False,1.2605722881059114,True,0.9,False,0.9901430720264779,1.2605722881059114,0.25,0.5441955435016392,0.17290686342142308,0.36461445739467224,6,temperature_plus20
1005,SLM001,2020-02-16,SLM001,Croplands,38.289,-121.118,1.3,2.3,0.7285148304424358,10.45902777777778,0.64375,1.3866666666666667,0.7236440382959124,0.6901733882429719,1.3,0.33750889411327173,0.2257567862348022,1.287433207093273,0.032063485691955954,0.30127502484804974,1.0522199518199744,1.6375088941132718,True,1.6375088941132718,True,1.3,False,1.6375088941132718,True,1.3,False,1.384377223528318,1.6375088941132718,0.25,0.5820781849714093,0.1370864024896286,0.2933620948787771,6,temperature_plus20
1006,SLM001,2020-03-02,SLM001,Croplands,38.289,-121.118,1.6,4.9,1.0825729269377589,9.964305555555551,1.2233333333333332,5.207916666666667,0.8758917051442429,0.4825077417612184,1.6,-0.01865220100580837,0.466484599082381,1.5355224337984874,-0.12571123648800903,0.30127502484804974,1.0522199518199744,1.5813477989941918,True,1.6,False,1.6,False,1.6,False,1.6,False,1.595336949748548,1.5813477989941918,0.25,0.49629298499064023,-0.13926182331669876,-0.41298776469136655,6,temperature_plus20
1007,SLM001,2020-03-03,SLM001,Croplands,38.289,-121.118,1.1,3.5,0.6463659303866858,10.400694444444444,0.92375,1.3,0.8840675099433636,0.4673592171580022,1.1,0.22252534857635256,0.18098632741949988,1.2536372518342815,0.032063485691955954,0.30127502484804974,1.0522199518199744,1.3225253485763526,True,1.3225253485763526,True,1.1,False,1.3225253485763526,True,1.1,False,1.1556313371440883,1.3225253485763526,0.25,0.40626815938390193,0.21688030410822368,0.044427582236932106,6,temperature_plus20
1008,SLM001,2020-03-11,SLM001,Croplands,38.289,-121.118,1.5,3.4,1.360401625613895,12.725694444444446,0.7616666666666666,1.335416666666667,0.9398560579418954,0.3415707691678556,1.5,0.3397963968635149,0.21035457058265425,1.434259331396714,0.032063485691955954,0.30127502484804974,1.0522199518199744,1.839796396863515,True,1.839796396863515,True,1.5,False,1.839796396863515,True,1.5,False,1.5849490992158788,1.828783955383737,0.25,0.5413400124654527,0.35643060944730576,0.12161856867778625,6,temperature_plus20
1009,SLM001,2020-03-27,SLM001,Croplands,38.289,-121.118,1.3,3.1000001,1.4415180228735662,8.20222222222222,0.5216666666666666,1.9979166666666668,0.9973249731081556,0.0730951298980777,1.3,0.6302013175570277,0.26822415270759997,1.1096259385035991,-0.0009039009777897257,0.30127502484804974,1.0522199518199744,1.9302013175570276,True,1.9302013175570276,True,1.3,False,1.3,False,1.3,False,1.4575503293892569,1.9302013175570276,0.25,0.7944643228453453,0.7754625256930245,0.3206771041327133,6,temperature_plus20
1010,SLM001,2020-04-03,SLM001,Croplands,38.289,-121.118,2.1,4.1,1.7451350143529858,8.877777777777778,0.6770833333333334,1.2412499999999995,0.9988797155850336,-0.0473213883224318,2.1,0.4182936337788911,0.2887001612130542,1.0412236774308727,0.0472149114780384,0.30127502484804974,1.0522199518199744,2.518293633778891,True,2.518293633778891,True,2.518293633778891,True,2.518293633778891,True,2.518293633778891,True,2.204573408444723,2.518293633778891,0.25,0.47818785372399875,0.672348803545988,0.10434424406668669,6,temperature_plus20
1011,SLM001,2020-04-27,SLM001,Croplands,38.289,-121.118,2.3,6.0,2.691005487680325,15.626666666666663,1.4233333333333331,1.8925,0.895839290734909,-0.4443781781046132,2.3,-0.185361173925364,0.3551743989321636,1.3728818981900688,-0.07394228484175304,0.30127502484804974,1.0522199518199744,2.1146388260746356,True,2.3,False,2.3,False,2.3,False,2.3,False,2.253659706518659,2.19002807920083,0.25,0.20551163449492116,-0.27326763167847073,-0.4883275245925425,6,temperature_plus20
1012,SLM001,2020-04-28,SLM001,Croplands,38.289,-121.118,3.0,6.5,2.706225662750154,18.147777777777783,1.4725,1.36875,0.8880573226294932,-0.4597327394521039,3.0,-0.5197010599401038,0.2593240702309003,1.5856049266489252,-0.0680735510390726,0.30127502484804974,1.0522199518199744,2.480298940059896,True,2.480298940059896,True,3.0,False,3.0,False,3.0,False,2.870074735014974,2.6396062582859656,0.25,-0.2745272424764799,-0.4934043805103723,-0.7911715568334594,6,temperature_plus20
1013,SLM001,2020-05-05,SLM001,Croplands,38.289,-121.118,1.9,6.5,1.6620751850312732,14.24194444444445,1.4495833333333332,1.7887499999999996,0.8263541987239096,-0.5631507242749186,1.9,-0.25172268463406766,0.24659992540329895,1.0871092255603223,0.007145511697205944,0.30127502484804974,1.0522199518199744,1.6482773153659322,True,1.6482773153659322,True,1.9,False,1.6482773153659322,True,1.9,False,1.837069328841483,1.6879547147965837,0.25,-0.07454047185755916,-0.14726879415468058,-0.5333587878899633,6,temperature_plus20
1014,SLM001,2020-05-06,SLM001,Croplands,38.289,-121.118,1.8,7.3,2.5781321169633964,14.52486111111111,1.5883333333333336,3.24,0.8165380514459161,-0.5772916165517272,1.8,-0.5090779378576368,0.03536972520517666,1.0317516884619304,-0.16195484965196819,0.30127502484804974,1.0522199518199744,1.2909220621423634,True,1.2909220621423634,True,1.2909220621423634,True,1.8,False,1.8,False,1.672730515535591,1.3554801470308702,0.25,-0.5335422888273454,-0.5251678228524315,-0.46852370189313347,6,temperature_plus20
1015,SLM001,2020-05-21,SLM001,Croplands,38.289,-121.118,2.1,6.6,2.62551556928034,15.78652777777778,1.2574999999999996,1.4308333333333332,0.6420547132365637,-0.766658819300159,2.1,-0.37315427994849354,0.22652286402143987,1.1348586623207084,0.016522281361323672,0.30127502484804974,1.0522199518199744,1.7268457200515066,True,1.7268457200515066,True,2.1,False,1.7268457200515066,True,2.1,False,2.0067114300128766,1.7402746828072306,0.25,-0.1660207717548211,-0.33839392078833996,-0.6150481473023197,6,temperature_plus20
1016,SLM001,2020-05-22,SLM001,Croplands,38.289,-121.118,2.0,6.6,2.3996259316953727,14.192916666666664,1.3641666666666667,2.5066666666666677,0.6287628145958344,-0.777597146973627,2.0,-0.1283030357042909,0.27760025913400616,1.0050327078294299,0.007145511697205944,0.30127502484804974,1.0522199518199744,1.871696964295709,True,1.871696964295709,True,1.871696964295709,True,1.871696964295709,True,1.871696964295709,True,1.9679242410739273,1.92853624759798,0.25,-0.08424279638443007,0.12463216127512283,-0.4252984720035655,6,temperature_plus20
1017,SLM001,2020-06-06,SLM001,Croplands,38.289,-121.118,2.1,6.5,1.924401391607696,13.801111111111108,1.07875,3.174583333333333,0.4093559588156213,-0.9123747579707272,2.1,0.1282651079501353,0.2731691971152444,1.0117828308107673,0.007145511697205944,0.30127502484804974,1.0522199518199744,2.2282651079501354,True,2.2282651079501354,True,2.2282651079501354,True,2.2282651079501354,True,2.2282651079501354,True,2.132066276987534,2.2724199859568315,0.25,0.11521611423640088,0.4077249507680587,-0.1381457411540537,6,temperature_plus20
1018,SLM001,2020-06-14,SLM001,Croplands,38.289,-121.118,2.4,6.7000003,1.2688173293325458,16.05027777777778,1.35,1.8158333333333332,0.2802306751992158,-0.9599326896597448,2.4,-0.21864173675370183,0.35171122228849494,0.9363845021878106,-0.05775921778583049,0.30127502484804974,1.0522199518199744,2.181358263246298,True,2.4,False,2.181358263246298,True,2.4,False,2.4,False,2.3453395658115745,2.078815601280301,0.25,-0.184031381642505,0.11448478570223514,-0.5863786143208356,6,temperature_plus20
1019,SLM001,2020-06-22,SLM001,Croplands,38.289,-121.118,2.1,7.5,1.9945560836009772,20.60125,2.09375,1.5787499999999997,0.1457991969198751,-0.9893142039703664,2.1,-0.7177150438039385,0.34333165988800285,1.1401590242956716,-0.15286229177519867,0.30127502484804974,1.0522199518199744,1.3822849561960617,True,2.1,False,2.1,False,2.1,False,2.1,False,1.9205712390490155,1.0195447195034997,0.25,-0.5863028064429432,-0.45950026691688506,-1.1073420580519873,6,temperature_plus20
1020,SLM001,2020-06-23,SLM001,Croplands,38.289,-121.118,1.9,7.7000003,1.6689900538712297,20.36986111111111,1.9958333333333331,1.5620833333333328,0.1287481774525813,-0.99167731989929,1.9,-0.8054234234645925,0.34035690124993206,1.0621676097263588,-0.16252341450204483,0.30127502484804974,1.0522199518199744,1.0945765765354074,True,1.9,False,1.9,False,1.9,False,1.9,False,1.6986441441338518,0.8128446218305103,0.25,-0.6279073437903242,-0.5905223595006632,-1.1978405671027903,6,temperature_plus20
1021,SLM001,2020-06-30,SLM001,Croplands,38.289,-121.118,1.9,7.6,2.0890994612580776,18.424722222222226,2.17125,1.4354166666666668,0.0086069968886886,-0.9999629591162656,1.9,-0.8921210308008396,0.26770217208747804,0.8423706294076334,-0.31407788547658466,0.30127502484804974,1.0522199518199744,1.0078789691991603,True,1.0078789691991603,True,1.0078789691991603,True,1.9,False,1.9,False,1.67696974229979,0.7124495867235237,0.25,-0.6853209745012852,-0.7965493135287368,-1.1944928043724972,6,temperature_plus20
1022,SLM001,2020-07-01,SLM001,Croplands,38.289,-121.118,2.6,7.9,2.507800805219861,18.442916666666665,1.8679166666666664,1.6395833333333327,-0.008606996888688,-0.9999629591162656,2.6,-0.9963704004066924,0.43775060163727725,0.9295195595419738,-0.4292232413375041,0.30127502484804974,1.0522199518199744,1.6036295995933076,True,2.6,False,1.6036295995933076,True,2.6,False,2.6,False,2.350907399898327,1.4376891440012158,0.25,-0.7792948109185274,-0.7095801913740728,-1.5002361989274775,6,temperature_plus20
1023,SLM001,2020-07-08,SLM001,Croplands,38.289,-121.118,2.8,8.2,2.0767156959093684,18.85805555555556,2.07375,1.260416666666667,-0.1287481774525806,-0.99167731989929,2.8,-1.2383820087095094,0.4362193242149701,1.008863180962305,-0.48427650598846517,0.30127502484804974,1.0522199518199744,1.5616179912904904,True,2.8,False,1.5616179912904904,True,2.8,False,2.8,False,2.4904044978226225,1.3810357886346603,0.25,-1.049001138499153,-0.9288590554696929,-1.737285832159682,6,temperature_plus20
1024,SLM001,2020-07-09,SLM001,Croplands,38.289,-121.118,2.1,8.2,1.7500768383265817,19.29486111111111,2.164166666666667,1.3158333333333332,-0.1457991969198744,-0.9893142039703664,2.1,-1.3223485393705852,0.36650078896196336,0.9038141878998747,-0.5912443590323516,0.30127502484804974,1.0522199518199744,0.7776514606294149,True,2.1,False,0.7776514606294149,True,2.1,False,2.1,False,1.7694128651573537,0.6198616549126614,0.25,-1.1123004751389298,-1.1092017269010825,-1.7455434160717431,6,temperature_plus20
1025,SLM001,2020-07-17,SLM001,Croplands,38.289,-121.118,2.3,7.3,1.9253062597636752,18.25958333333333,1.5891666666666666,1.399166666666667,-0.2802306751992161,-0.9599326896597444,2.3,-0.7929858917282969,0.2984485965881912,0.9688491607710035,0.029882350818312132,0.30127502484804974,1.0522199518199744,1.507014108271703,True,1.507014108271703,True,1.507014108271703,True,1.507014108271703,True,1.507014108271703,True,2.1017535270679257,1.2866357430427555,0.25,-0.5847545732722592,-0.6592962664986189,-1.1349068354140124,6,temperature_plus20
1026,SLM001,2020-07-24,SLM001,Croplands,38.289,-121.118,2.4,7.0,1.9916841485907983,18.358888888888885,1.5704166666666666,1.5554166666666671,-0.3935902766564664,-0.9192859697186104,2.4,-0.6379874625967754,0.16863834811178968,0.9862116779146024,-0.09822022157439295,0.30127502484804974,1.0522199518199744,1.7620125374032245,True,1.7620125374032245,True,1.7620125374032245,True,2.4,False,2.4,False,2.240503134350806,1.7441261223080242,0.25,-0.4798458057193829,-0.618659588178534,-0.8154569938924096,6,temperature_plus20
1027,SLM001,2020-07-25,SLM001,Croplands,38.289,-121.118,2.1,7.4,2.318928149874904,18.554027777777783,1.7995833333333329,1.5541666666666671,-0.4093559588156211,-0.9123747579707274,2.1,-0.7978798004895622,0.24376328720760487,0.991942126352878,0.029882350818312132,0.30127502484804974,1.0522199518199744,1.302120199510438,True,1.302120199510438,True,1.302120199510438,True,1.302120199510438,True,1.302120199510438,True,1.9005300498776094,1.3067400627371226,0.25,-0.6055909775614315,-0.7160093344210382,-1.0720390894862168,6,temperature_plus20
1028,SLM001,2020-08-01,SLM001,Croplands,38.289,-121.118,2.5,7.7000003,2.6349701743037697,17.848194444444445,1.7445833333333332,1.227083333333333,-0.5160623910158526,-0.8565509959010037,2.5,-1.0344314380330342,0.19861606415875518,0.9436391958531363,-0.380829625285657,0.30127502484804974,1.0522199518199744,1.4655685619669658,True,1.4655685619669658,True,1.4655685619669658,True,2.5,False,2.5,False,2.2413921404917416,1.311576659738379,0.25,-0.9681640418499544,-0.8774209405932591,-1.2577093316558885,6,temperature_plus20
1029,SLM001,2020-08-02,SLM001,Croplands,38.289,-121.118,3.0,7.9,2.051109622057982,18.634027777777774,1.91125,1.3333333333333333,-0.5307300481619331,-0.8475409228928312,3.0,-1.0741517818104362,0.24857303937236855,1.042064744438143,-0.40242778767893794,0.30127502484804974,1.0522199518199744,1.9258482181895638,True,1.9258482181895638,True,1.9258482181895638,True,3.0,False,3.0,False,2.731462054547391,1.9329137797488303,0.25,-1.0538734641421847,-0.8363390334584584,-1.3322428478306658,6,temperature_plus20
1030,SLM001,2020-08-09,SLM001,Croplands,38.289,-121.118,2.9,7.6,2.842476851516615,20.991388888888892,2.282083333333333,1.225833333333333,-0.6287628145958345,-0.7775971469736268,2.9,-0.9605433433652905,0.1256048279400391,1.238375998578833,-0.33906641420293726,0.30127502484804974,1.0522199518199744,1.9394566566347096,True,1.9394566566347096,True,2.9,False,2.9,False,2.9,False,2.659864164158677,1.9239400256244639,0.25,-0.9806565753560863,-0.8260955451019756,-1.0748779096378096,6,temperature_plus20
1031,SLM001,2020-08-10,SLM001,Croplands,38.289,-121.118,2.9,7.5,2.7925879799485953,19.73944444444444,2.0504166666666666,1.4545833333333331,-0.6420547132365636,-0.7666588193001592,2.9,-0.9567218576309601,0.12171347105400536,1.0900939615119316,-0.33906641420293726,0.30127502484804974,1.0522199518199744,1.94327814236904,True,1.94327814236904,True,2.9,False,2.9,False,2.9,False,2.66081953559226,2.0052681544179776,0.25,-0.9603523649780563,-0.8332337491445319,-1.0765794587702922,6,temperature_plus20
1032,SLM001,2020-08-18,SLM001,Croplands,38.289,-121.118,3.2,8.900001,3.690929085770248,24.43611111111111,2.5379166666666677,1.1870833333333335,-0.7412220108485957,-0.6712599575675315,3.2,-1.3007633675391819,0.24120021908095898,1.7360109800341565,-0.45050280801029047,0.30127502484804974,1.0522199518199744,1.8992366324608183,True,1.8992366324608183,True,3.2,False,3.2,False,3.2,False,2.874809158115205,2.594247826210584,0.25,-1.3617928731836315,-1.034910357594792,-1.5055868718391217,6,temperature_plus20
1033,SLM001,2020-08-25,SLM001,Croplands,38.289,-121.118,3.8,6.0,3.109216553207619,20.591805555555556,1.4662500000000005,1.2320833333333334,-0.8165380514459157,-0.5772916165517278,3.8,-0.4116739984918087,0.12401945470399553,1.0013501064967072,-0.008024954402998795,0.30127502484804974,1.0522199518199744,3.388326001508191,True,3.388326001508191,True,3.388326001508191,True,3.8,False,3.8,False,3.6970815003770476,3.5191564976536673,0.25,-0.27334088569266457,-0.4487658363025785,-0.512915273480183,6,temperature_plus20
1034,SLM001,2020-09-02,SLM001,Croplands,38.289,-121.118,2.8,5.2000003,2.6536269946047555,17.15541666666667,0.9991666666666666,0.8975000000000001,-0.888057322629493,-0.4597327394521046,2.8,0.03171238339262699,0.26802139847571144,0.9622412577432126,0.019521535470856326,0.30127502484804974,1.0522199518199744,2.831712383392627,True,2.831712383392627,True,2.831712383392627,True,2.831712383392627,True,2.831712383392627,True,2.8079280958481565,2.8586185522264294,0.25,0.3279699225031133,-0.19393459648138628,-0.038898175843846056,6,temperature_plus20
1035,SLM001,2020-09-03,SLM001,Croplands,38.289,-121.118,3.5,6.1,2.93887220107121,17.775972222222222,1.1816666666666666,0.9958333333333336,-0.8958392907349089,-0.4443781781046134,3.5,-0.3433079396164271,0.1385830595589202,0.7814380630173816,0.051499597664830164,0.30127502484804974,1.0522199518199744,3.156692060383573,True,3.156692060383573,True,3.156692060383573,True,3.156692060383573,True,3.156692060383573,True,3.4141730150958933,3.2464608936672543,0.25,-0.19469018494177662,-0.4689961575811901,-0.3662374763263144,6,temperature_plus20
1036,SLM001,2020-09-27,SLM001,Croplands,38.289,-121.118,2.0,6.2000003,1.6288756573507408,17.94875,1.5595833333333335,0.8770833333333333,-0.9988797155850336,-0.0473213883224323,2.0,-0.4685300680841342,0.43686697410519537,1.158773135292877,-0.18214277386424085,0.30127502484804974,1.0522199518199744,1.5314699319158658,True,2.0,False,2.0,False,2.0,False,2.0,False,1.8828674829789664,1.7494875031396466,0.25,-0.0319937477085295,-0.9057269468278286,-0.4678695097160446,6,temperature_plus20
1037,SLM001,2020-10-04,SLM001,Croplands,38.289,-121.118,1.9,6.0,1.9155446634723228,17.010277777777773,1.9108333333333332,0.9875,-0.9973249731081556,0.0730951298980777,1.9,-0.39316033060204375,0.44443445715794017,1.1759251977441478,-0.13914554372061902,0.30127502484804974,1.0522199518199744,1.5068396693979562,True,1.9,False,1.9,False,1.9,False,1.9,False,1.801709917349489,1.6700719271458955,0.25,0.05390303409728936,-0.8349183808980615,-0.3984656450053592,6,temperature_plus20
1039,SLM001,2020-10-12,SLM001,Croplands,38.289,-121.118,1.6,5.2000003,1.5617347310590444,13.719861111111117,1.3320833333333335,1.0729166666666667,-0.9778483415056568,0.2093146459630488,1.6,-0.20358787394370745,0.3788035692200471,1.1160927679569244,-0.09700404795923329,0.30127502484804974,1.0522199518199744,1.3964121260562927,True,1.6,False,1.6,False,1.6,False,1.6,False,1.5491030315140732,1.4172780490308363,0.25,0.06520431311656197,-0.6368237475991877,-0.039144187348496506,6,temperature_plus20
1040,SLM001,2020-10-13,SLM001,Croplands,38.289,-121.118,2.1,4.8,1.5812055270766563,15.289166666666668,1.6025000000000005,1.04,-0.9741004551724206,0.226115685508288,2.1,-0.06391264122810372,0.3187518848932387,1.2171175523778004,-0.00918565305791945,0.30127502484804974,1.0522199518199744,2.0360873587718964,True,2.1,False,2.1,False,2.1,False,2.1,False,2.084021839692974,2.1116199453759963,0.25,0.19904450622296027,-0.41842241921952317,0.027639989312251728,6,temperature_plus20
1041,SLM001,2020-10-20,SLM001,Croplands,38.289,-121.118,1.7,3.8,1.443020948338276,14.957083333333332,1.4624999999999997,0.8595833333333333,-0.9398560579418952,0.341570769167856,1.7,0.2376772163594856,0.2219034928528049,1.2909333452824727,0.032063485691955954,0.30127502484804974,1.0522199518199744,1.9376772163594855,True,1.9376772163594855,True,1.7,False,1.9376772163594855,True,1.7,False,1.7594193040898713,1.9929937250431795,0.25,0.3538993908964091,-0.018197529728554263,0.377329787910602,6,temperature_plus20
1042,SLM001,2020-10-21,SLM001,Croplands,38.289,-121.118,1.5,3.5,1.486307113395417,15.008611111111106,1.4529166666666669,0.9854166666666668,-0.9338372288229252,0.3576982388331254,1.5,0.28934073724275094,0.26357346702306433,1.2398593110523795,0.007136422897174597,0.30127502484804974,1.0522199518199744,1.789340737242751,True,1.789340737242751,True,1.5,False,1.789340737242751,True,1.5,False,1.5723351843106876,1.843806977415086,0.25,0.37002332870523236,-0.005143652226509976,0.5031425352495303,6,temperature_plus20
1043,SLM001,2020-10-28,SLM001,Croplands,38.289,-121.118,1.0,2.1000001,0.6756747410321309,10.35875,1.10625,0.95,-0.8840675099433637,0.467359217158002,1.0,0.6462015447781125,0.2933991006419424,0.9215171683155139,-0.03130346775352071,0.30127502484804974,1.0522199518199744,1.6462015447781124,True,1.6462015447781124,True,1.6462015447781124,True,1.0,False,1.0,False,1.1615503861945282,1.6462015447781124,0.25,0.49256017035436195,0.4615288701117438,0.984515593868232,6,temperature_plus20
1044,SLM001,2020-10-29,SLM001,Croplands,38.289,-121.118,0.9,1.7,0.7581567088830867,9.994583333333331,1.0991666666666668,0.7433333333333332,-0.8758917051442433,0.4825077417612176,0.9,0.668565627529358,0.32402637445175625,1.0544950649168494,-0.045469795162089884,0.30127502484804974,1.0522199518199744,1.568565627529358,True,0.9,False,0.9,False,0.9,False,0.9,False,1.0671414068823395,1.568565627529358,0.25,0.5147967622912214,0.4500529657096326,1.04084715458722,6,temperature_plus20
1045,SLM001,2020-11-05,SLM001,Croplands,38.289,-121.118,1.2,2.6000001,0.5373100776177023,12.199305555555556,1.1258333333333332,0.9137499999999998,-0.8115390590073611,0.5842981736283683,1.2,0.5768723130030796,0.22864732411542815,1.0713004119172531,-0.006376404958739379,0.30127502484804974,1.0522199518199744,1.7768723130030795,True,1.7768723130030795,True,1.2,False,1.2,False,1.2,False,1.3442180782507698,1.7866530488096828,0.25,0.43848917342349847,0.4513405435774096,0.8407872220083306,6,temperature_plus20
1046,SLM001,2020-11-29,SLM001,Croplands,38.289,-121.118,0.5,1.1,0.1533963458159134,5.889305555555557,0.4975000000000001,0.8866666666666667,-0.5086709438521042,0.8609610158889945,0.5,0.5518654162322849,0.3373444261785488,0.9193394002614317,-0.062056399679776345,0.30127502484804974,1.0522199518199744,1.051865416232285,True,0.5,False,1.051865416232285,True,0.5,False,0.5,False,0.6379663540580712,1.051865416232285,0.25,0.4457114338388669,0.2803661284278201,0.9295186864301677,6,temperature_plus20
1047,SLM001,2020-12-07,SLM001,Croplands,38.289,-121.118,0.8,3.5,0.308524391349531,7.7041666666666675,0.777083333333333,1.5141666666666662,-0.3856634062436074,0.9226395488404876,0.8,0.3110352707958552,0.184357657130246,0.9918208887391493,0.06091901288279728,0.30127502484804974,1.0522199518199744,1.1110352707958553,True,1.1110352707958553,True,1.1110352707958553,True,1.1110352707958553,True,1.1110352707958553,True,0.8777588176989638,1.1110352707958553,0.25,0.15958298909094815,0.25720678796649465,0.5163160353301227,6,temperature_plus20
1048,SLM001,2020-12-08,SLM001,Croplands,38.289,-121.118,0.6,1.4,0.1449522506081386,7.144861111111112,0.59375,1.6395833333333334,-0.3697245428906732,0.9291414114031744,0.6,0.5302484515788736,0.20906100654844223,0.9739633791522735,-0.020542732367308546,0.30127502484804974,1.0522199518199744,1.1302484515788735,True,1.1302484515788735,True,1.1302484515788735,True,0.6,False,0.6,False,0.7325621128947184,1.1302484515788735,0.25,0.46196055898014854,0.36387038598835264,0.7649144097681195,6,temperature_plus20
1914,US-Bi1,2019-03-08,US-Bi1,Croplands,38.0991537999999,-121.49933,1.4,2.3,3.1050126153167086,16.91053475,0.4373900354166666,4.344032458333333,0.9141279881853336,0.4054257283599973,1.4,0.14802484904212876,1.4258804686734117,2.2012620280100252,0.1546833464587756,0.38099470276843933,1.2403463146534146,1.5480248490421287,True,1.4,False,1.4,False,1.5480248490421287,True,1.4,False,1.437006212260532,1.6883495794820291,0.25,1.6285317305851577,0.03163809372681811,-1.2160952771855895,5,temperature_plus20
1915,US-Bi1,2019-03-16,US-Bi1,Croplands,38.0991537999999,-121.49933,1.7,2.8,2.561636538188403,17.906884458333334,0.690644275,1.1757349375,0.9611297838723007,0.2760969730974688,1.7,-0.3339089448629264,0.4674577992722543,2.1237309867924905,0.09731666848859878,0.38099470276843933,1.2403463146534146,1.3660910551370735,True,1.7,False,1.7,False,1.3660910551370735,True,1.7,False,1.6165227637842683,1.6875395326356695,0.25,0.1473243549575666,-0.3628001181333297,-0.7862510714130161,5,temperature_plus20
1916,US-Bi1,2019-03-17,US-Bi1,Croplands,38.0991537999999,-121.49933,1.6,2.8,2.3005012828781086,18.89554477083334,0.6555354458333336,0.9409568125,0.9657399376548548,0.2595117970697999,1.6,-0.3305921092351129,0.43451646774895347,2.283180863165383,0.1330059889266574,0.38099470276843933,1.2403463146534146,1.2694078907648871,True,1.6,False,1.6,False,1.2694078907648871,True,1.6,False,1.517351972691222,1.6370370002790962,0.25,0.1446761358738284,-0.4289616198512744,-0.7074908437278926,5,temperature_plus20
1917,US-Bi1,2019-03-24,US-Bi1,Croplands,38.0991537999999,-121.49933,2.7,2.7,2.6358370269122338,17.50831960416667,0.4132763916666669,1.1161769583333334,0.989932495087353,0.141540295217043,2.7,-0.32814562328702895,0.7137705250677149,2.0488016268749716,0.10651450524277103,0.38099470276843933,1.2403463146534146,2.3718543767129714,True,2.7,False,2.7,False,2.3718543767129714,True,2.7,False,2.617963594178243,2.5464046790959722,0.25,0.24488470904410178,-0.10163492156014892,-1.1276866573450397,5,temperature_plus20
1918,US-Bi1,2019-04-09,US-Bi1,Croplands,38.0991537999999,-121.49933,4.8,4.3,6.713610754775972,19.956250041666667,0.7176810270833335,4.771298041666667,0.9911140639934548,-0.1330147065341959,4.8,-0.4190462346787432,1.43611761703717,2.1875151388217424,0.08286992600916983,0.38099470276843933,1.2403463146534146,4.380953765321257,True,4.8,False,4.8,False,4.380953765321257,True,4.8,False,4.695238441330314,4.934517892780661,0.25,1.1152048822345784,-0.6412048742750124,-1.7311387119957955,5,temperature_plus20
1919,US-Bi1,2019-04-17,US-Bi1,Croplands,38.0991537999999,-121.49933,4.5,4.5,5.1283425306205315,20.526943958333337,0.6456047833333334,1.4809786666666662,0.9634705485641488,-0.2678143051621742,4.5,-0.9235058114785053,1.0799922918833285,1.9644656629557935,0.43956055963982077,0.38099470276843933,1.2403463146534146,3.5764941885214947,True,4.5,False,4.5,False,3.5764941885214947,True,4.5,False,4.2691235471303735,4.108310978264386,0.25,-0.03858367521044448,-0.6050017292380372,-2.1269320299870342,5,temperature_plus20
1920,US-Bi1,2019-04-18,US-Bi1,Croplands,38.0991537999999,-121.49933,4.9,4.5,5.253263649224463,22.745688375,0.8550710708333336,0.9973842291666664,0.9587178169872964,-0.2843591872810034,4.9,-0.9389129032249586,1.1473758401333782,2.1966769161150004,0.413245602392212,0.38099470276843933,1.2403463146534146,3.961087096775042,True,4.9,False,4.9,False,3.961087096775042,True,4.9,False,4.66527177419376,4.690731665115638,0.25,-0.02111192268179629,-0.5703459689973738,-2.2252808179957055,5,temperature_plus20
1921,US-Bi1,2019-05-03,US-Bi1,Croplands,38.0991537999999,-121.49933,3.4,5.4,2.2356888487538265,21.382971916666666,1.1075462562500002,2.0368380208333328,0.854322169749827,-0.5197438121555155,3.4,-0.8039803144954593,1.0884697678002486,1.9655993266059362,0.36005835777498196,0.38099470276843933,1.2403463146534146,2.5960196855045408,True,3.4,False,3.4,False,2.5960196855045408,True,3.4,False,3.199004921376135,2.983357470311258,0.25,0.1636617268850685,-0.5931661106039137,-1.9824365597675326,5,temperature_plus20
1922,US-Bi1,2019-05-04,US-Bi1,Croplands,38.0991537999999,-121.49933,3.7,5.2000003,2.478308569159524,19.88781589583333,0.8471455270833333,3.437848166666668,0.8452490573530633,-0.5343725582809787,3.7,-0.3619858278110896,1.1419242789501378,1.7849221175484373,0.16357088642586215,0.38099470276843933,1.2403463146534146,3.3380141721889105,True,3.7,False,3.7,False,3.3380141721889105,True,3.7,False,3.6095035430472278,3.7281294319168174,0.25,0.9189010046392736,-0.7313430018600067,-1.2735154862125357,5,temperature_plus20
1923,US-Bi1,2019-05-11,US-Bi1,Croplands,38.0991537999999,-121.49933,4.7,5.8,4.923007495173488,21.372308291666673,0.71139951875,2.793049499999998,0.7748840413670407,-0.6321034111873487,4.7,-1.0563128286333794,1.0211567708956513,1.6617094413218283,0.6485983624599295,0.38099470276843933,1.2403463146534146,3.643687171366621,True,4.7,False,4.7,False,3.643687171366621,True,4.7,False,4.435921792841655,3.9693398881888964,0.25,0.06832617492858287,-1.3117911915551763,-1.9254734692735447,5,temperature_plus20
1924,US-Bi1,2019-05-27,US-Bi1,Croplands,38.0991537999999,-121.49933,4.5,3.7,5.196944569192593,20.029794708333338,0.49181165625,1.7041009999999996,0.5737722679043246,-0.8190148866680801,4.5,0.1687242211397529,0.5951921159873034,1.8260595233298609,0.1091848832567786,0.38099470276843933,1.2403463146534146,4.668724221139753,True,4.5,False,4.5,False,4.668724221139753,True,4.5,False,4.542181055284939,5.114871788290145,0.25,0.8272355961843032,0.00983793121031254,-0.33090086397535695,5,temperature_plus20
1925,US-Bi1,2019-06-04,US-Bi1,Croplands,38.0991537999999,-121.49933,7.1,7.2000003,7.282786428869955,27.547065229166662,1.2628726979166671,1.5628046875,0.4559066935084588,-0.8900275764346767,7.1,-1.9986500682706365,1.0759169185216473,1.8838319906217713,0.02736674872450937,0.38099470276843933,1.2403463146534146,5.101349931729363,True,7.1,False,7.1,False,5.101349931729363,True,7.1,False,6.600337482932341,6.284590458003873,0.25,-1.1916827140666861,-1.5840873026213922,-3.220180188123831,5,temperature_plus20
1926,US-Bi1,2019-06-05,US-Bi1,Croplands,38.0991537999999,-121.49933,7.5,7.5,8.586547059572071,28.57999452083334,1.4519106104166666,2.2712376875,0.440518784350495,-0.8977433935342337,7.5,-2.524419129491704,1.140807774002174,1.9233344780369777,-0.7066157695303799,0.38099470276843933,1.2403463146534146,4.975580870508296,True,7.5,False,7.5,False,7.5,False,7.5,False,6.868895217627074,6.286792271413882,0.25,-1.5050527956158453,-2.311529403743944,-3.756675189115322,5,temperature_plus20
1927,US-Bi1,2019-06-12,US-Bi1,Croplands,38.0991537999999,-121.49933,3.8,8.400001,4.1230446983274165,31.16314045833333,2.4706819125,3.401243145833333,0.3294084822245304,-0.9441875088341992,3.8,-1.7962519269215662,1.061405871955612,2.503304387675226,-1.294599273360602,0.38099470276843933,1.2403463146534146,2.003748073078434,True,3.8,False,3.8,False,3.8,False,3.8,False,3.350937018269608,2.929214304364251,0.25,-0.8446661910817455,-1.6031308500537385,-2.940958739629215,5,temperature_plus20
1928,US-Bi1,2019-06-20,US-Bi1,Croplands,38.0991537999999,-121.49933,5.8,6.2000003,6.256088921922351,23.58783733333334,0.8863639104166668,4.781279062500002,0.1966728897935764,-0.980469160361632,5.8,0.18475708113900605,0.9009001484021548,1.7215930058469968,0.08708638170515286,0.38099470276843933,1.2403463146534146,5.984757081139006,True,5.8,False,5.8,False,5.984757081139006,True,5.8,False,5.846189270284752,6.876180106009119,0.25,1.210556303138153,-0.17839926790703833,-0.4778857918140965,5,temperature_plus20
1929,US-Bi1,2019-06-21,US-Bi1,Croplands,38.0991537999999,-121.49933,6.3,7.4,7.219814023812852,24.327444,1.2973127187499998,3.982436979166668,0.1797665857255624,-0.9837092937736096,6.3,-1.1227994703332003,0.6684241632431728,1.475538222629803,-0.007557097628416177,0.38099470276843933,1.2403463146534146,5.177200529666799,True,6.3,False,6.3,False,6.3,False,6.3,False,6.0193001324167,6.077484152656904,0.25,-0.4115147401025889,-1.2189300121862305,-1.7379536587107816,5,temperature_plus20
1930,US-Bi1,2019-07-06,US-Bi1,Croplands,38.0991537999999,-121.49933,6.9,7.6,6.985582983293677,25.64277195833333,1.32408265625,1.8478388125,-0.0773864792334632,-0.9970011699250152,6.9,-1.7977159159488991,0.7928209259346611,1.5901750213897374,-0.8164268707557489,0.38099470276843933,1.2403463146534146,5.102284084051101,True,6.9,False,6.9,False,6.9,False,6.9,False,6.450571021012776,6.217789500604877,0.25,-1.2737992444060215,-1.4095215684531932,-2.709826934987482,5,temperature_plus20
1931,US-Bi1,2019-07-14,US-Bi1,Croplands,38.0991537999999,-121.49933,7.3,8.0,6.227371456258334,27.231391416666664,1.652597316666666,2.8348150208333336,-0.2135209154397959,-0.9769384927771816,7.3,-2.1687907528263284,0.8358947979876952,1.7030649057516167,-0.7066157695303799,0.38099470276843933,1.2403463146534146,5.131209247173672,True,7.3,False,7.3,False,7.3,False,7.3,False,6.757802311793418,6.089960560059317,0.25,-1.5760024161269088,-1.8055095432758614,-3.1248602990762153,5,temperature_plus20
1932,US-Bi1,2019-07-22,US-Bi1,Croplands,38.0991537999999,-121.49933,6.7,8.400001,6.3299764623538355,28.23563287500001,1.7013713395833332,1.8577241666666664,-0.3456123126707333,-0.9383773917408642,6.7,-2.41726915946253,0.8161756839188051,1.9062193532238083,-1.11010062756213,0.38099470276843933,1.2403463146534146,4.28273084053747,True,6.7,False,6.7,False,6.7,False,6.7,False,6.095682710134367,5.712903964662399,0.25,-1.8610279438092594,-2.036535056805315,-3.3542444777730154,5,temperature_plus20
1933,US-Bi1,2019-07-23,US-Bi1,Croplands,38.0991537999999,-121.49933,7.1,8.2,6.022125566480986,27.38634064583334,1.6061312854166667,2.2296086875000003,-0.3617137307297674,-0.9322892131745134,7.1,-2.3570113131658754,0.8205091691307743,1.7733763932349587,-0.7066157695303799,0.38099470276843933,1.2403463146534146,4.742988686834124,True,7.1,False,7.1,False,7.1,False,7.1,False,6.51074717170853,5.85938778621258,0.25,-1.8300564853135404,-1.9385985206218146,-3.302378933562271,5,temperature_plus20
1934,US-Bi1,2019-07-30,US-Bi1,Croplands,38.0991537999999,-121.49933,2.6,7.1,2.412007260449602,24.716751708333327,1.2040799333333336,2.172901979166667,-0.4711595076738639,-0.8820480249558535,2.6,-0.8562328526332004,0.4919520617925936,1.6693706876003098,0.004387890225987482,0.38099470276843933,1.2403463146534146,1.7437671473667997,True,2.6,False,2.6,False,1.7437671473667997,True,2.6,False,2.3859417868417,1.9107441667598302,0.25,-0.34643363750515554,-0.8941177111751667,-1.3281472092192788,5,temperature_plus20
1935,US-Bi1,2019-08-15,US-Bi1,Croplands,38.0991537999999,-121.49933,2.5,9.0,2.223562894731137,31.1594765625,2.1387997874999995,1.4387065833333332,-0.6932812268869771,-0.7206671495538615,2.5,-2.5517753587011494,0.4340184780721382,2.426054999909968,-1.5504302918900004,0.38099470276843933,1.2403463146534146,-0.051775358701149354,True,2.5,False,2.5,False,2.5,False,2.5,False,1.8620561603247126,1.1402391189785768,0.25,-2.2567445303530795,-2.3484494311675053,-3.0501321145828624,5,temperature_plus20
1936,US-Bi1,2019-08-23,US-Bi1,Croplands,38.0991537999999,-121.49933,3.5,7.1,4.614382268226426,28.763908125,1.477923654166667,2.8787186875000006,-0.7856498550787144,-0.6186714032625032,3.5,-1.3028271930681912,0.8162805280400147,2.100299843647752,0.3104648666657624,0.38099470276843933,1.2403463146534146,2.1971728069318086,True,3.5,False,3.5,False,2.1971728069318086,True,3.5,False,3.174293201732952,2.6620753303267124,0.25,-0.5107211259916153,-1.2564552224163401,-2.1413052307966183,5,temperature_plus20
1937,US-Bi1,2019-08-24,US-Bi1,Croplands,38.0991537999999,-121.49933,3.6,6.8,4.799962146296355,27.66487858333333,1.3602575520833338,3.15768975,-0.7961828637826154,-0.6050560696488494,3.6,-1.0199191617310712,0.8947034356873961,2.018497957857233,0.15073904479210473,0.38099470276843933,1.2403463146534146,2.5800808382689286,True,3.6,False,3.6,False,2.5800808382689286,True,3.6,False,3.3450202095672323,2.9814969129381796,0.25,-0.1211587151779157,-1.0280891373767609,-1.9105096326385373,5,temperature_plus20
1938,US-Bi1,2019-08-31,US-Bi1,Croplands,38.0991537999999,-121.49933,5.3,7.0,5.877614245243874,27.71674220833333,1.3927678666666663,1.259753479166667,-0.8631421280499115,-0.5049610547215202,5.3,-1.492101157167306,0.5297845909788327,1.9034047611884926,0.13230316390467525,0.38099470276843933,1.2403463146534146,3.807898842832694,True,5.3,False,5.3,False,3.807898842832694,True,5.3,False,4.926974710708174,4.479099205260289,0.25,-0.9833383413108332,-1.4523023299675626,-2.0406628002235223,5,temperature_plus20
1939,US-Bi1,2019-09-08,US-Bi1,Croplands,38.0991537999999,-121.49933,4.9,5.5,5.516997683443441,24.385867750000006,0.8163183666666668,1.993115520833333,-0.9242907221930934,-0.3816892202666586,4.9,-0.9107855604857419,0.8853102749581061,1.4768888145611057,0.4318173272205186,0.38099470276843933,1.2403463146534146,3.9892144395142584,True,4.9,False,4.9,False,3.9892144395142584,True,4.9,False,4.672303609878565,4.283121336661394,0.25,-0.01581241098523109,-0.930438547025289,-1.7861057234467055,5,temperature_plus20
1940,US-Bi1,2019-09-09,US-Bi1,Croplands,38.0991537999999,-121.49933,5.3,5.7000003,6.2468259131972586,24.769214229166675,0.9098353104166668,3.2582560000000003,-0.9307239310379792,-0.3657225234972692,5.3,-0.7732491395914515,1.0557727063404143,1.8172634467300692,0.23728443535789542,0.38099470276843933,1.2403463146534146,4.526750860408549,True,5.3,False,5.3,False,4.526750860408549,True,5.3,False,5.106687715102137,4.679560144258531,0.25,0.2791025855166295,-0.7664401126318232,-1.8324098916591605,5,temperature_plus20
1941,US-Bi1,2019-09-24,US-Bi1,Croplands,38.0991537999999,-121.49933,2.1,6.1,2.212787134489796,27.81702229166666,2.123774975,1.9624768125000005,-0.9932568492674144,-0.1159345995955006,2.1,-1.0388798408516762,0.7225842646606674,1.9760657299310416,0.20522471206664586,0.38099470276843933,1.2403463146534146,1.061120159148324,True,2.1,False,2.1,False,1.061120159148324,True,2.1,False,1.840280039787081,1.4836293736837143,0.25,-0.21297571703238108,-1.3491683589450827,-1.5544954465775647,5,temperature_plus20
1942,US-Bi1,2019-09-25,US-Bi1,Croplands,38.0991537999999,-121.49933,1.9,5.6,2.09468285502449,28.3506666875,1.9547905979166664,0.9925219166666668,-0.9951053111006974,-0.0988201387328721,1.9,-0.505318033519651,0.47854434280314456,2.0582927365436667,0.12081955324502607,0.38099470276843933,1.2403463146534146,1.394681966480349,True,1.9,False,1.9,False,1.394681966480349,True,1.9,False,1.7736704916200872,1.4700106487743083,0.25,-0.03686991572666748,-0.9933569042988456,-0.4857272805334397,5,temperature_plus20
1943,US-Bi1,2019-10-02,US-Bi1,Croplands,38.0991537999999,-121.49933,2.2,3.7,2.8290160958716424,19.670664833333326,0.9939338125000002,1.3952516458333335,-0.9997685019798908,0.0215160974362222,2.2,0.30479865406471196,0.29114519275161477,1.5706074358443227,0.1300551865314995,0.38099470276843933,1.2403463146534146,2.5047986540647122,True,2.5047986540647122,True,2.2,False,2.5047986540647122,True,2.2,False,2.276199663516178,2.6020394821177506,0.25,0.5282031726507852,0.4106586595807836,-0.024465870037432946,5,temperature_plus20
1944,US-Bi1,2019-10-10,US-Bi1,Croplands,38.0991537999999,-121.49933,3.9,4.6,4.853817233803653,19.9189626875,1.32923334375,3.540356833333336,-0.9873494423939864,0.1585593851031347,3.9,-0.21703157794863315,1.0411326159587908,1.6792970839110601,0.1347624269759021,0.38099470276843933,1.2403463146534146,3.682968422051367,True,3.9,False,3.9,False,3.682968422051367,True,3.9,False,3.8457421055128416,3.8085765133693013,0.25,0.8673930176526128,-0.3098280367376556,-1.2086597147608567,5,temperature_plus20
1945,US-Bi1,2019-10-11,US-Bi1,Croplands,38.0991537999999,-121.49933,3.0,2.9,3.260367680144596,18.643549875,0.9161541916666666,0.8158110833333333,-0.9844738167520924,0.1755314904214277,3.0,0.3547171549556967,0.2551349982716506,1.646840486698166,0.07299880534840834,0.38099470276843933,1.2403463146534146,3.3547171549556967,True,3.3547171549556967,True,3.0,False,3.3547171549556967,True,3.0,False,3.0886792887389243,3.628996993758912,0.25,0.3633077041917038,0.6054483871775568,0.0953953734978297,5,temperature_plus20
1946,US-Bi1,2019-10-26,US-Bi1,Croplands,38.0991537999999,-121.49933,1.1,3.3,1.1624429626558277,20.751953083333333,1.0109918229166668,1.2516103958333331,-0.9070138128026362,0.4211008707960891,1.1,0.28028070685013584,0.45089227999473075,1.821204101993541,0.1330059889266574,0.38099470276843933,1.2403463146534146,1.380280706850136,True,1.1,False,1.1,False,1.380280706850136,True,1.1,False,1.170070176712534,1.5052551269542274,0.25,0.25633992924140236,-0.15816424326554746,0.7426664345745526,5,temperature_plus20
1947,US-Bi1,2019-10-27,US-Bi1,Croplands,38.0991537999999,-121.49933,2.1,5.5,2.306873990240795,20.254381645833327,1.4235842479166667,9.772644104166671,-0.8996308696522434,0.4366512319560638,2.1,-0.05623397712894559,1.0883251074541882,3.083704261980183,0.16357088642586215,0.38099470276843933,1.2403463146534146,2.0437660228710546,True,2.1,False,2.1,False,2.0437660228710546,True,2.1,False,2.0859415057177637,1.9697049823312156,0.25,1.0848270896438637,-0.17076421343579312,-1.0827648075949072,5,temperature_plus20
1948,US-Bi1,2019-11-03,US-Bi1,Croplands,38.0991537999999,-121.49933,1.0,1.8000001,1.3890007457312754,18.101381062500003,0.922659822916667,0.6628515833333332,-0.8406184056344783,0.5416278206559811,1.0,0.4780741764390262,0.33660971517186133,1.7484018395890402,0.15594030859054134,0.38099470276843933,1.2403463146534146,1.4780741764390262,True,1.4780741764390262,True,1.0,False,1.4780741764390262,True,1.0,False,1.1195185441097566,1.6347787870971278,0.25,0.1734118515871261,0.42137961984944916,0.8394310578805033,5,temperature_plus20
1949,US-Bi1,2019-11-11,US-Bi1,Croplands,38.0991537999999,-121.49933,1.5,1.9,2.0491595611175923,19.92861577083333,0.7647484104166665,0.7301441666666667,-0.7583058084785625,0.6518989958787125,1.5,0.24499952153022198,0.15934048258619898,1.938081829292053,0.09786270512435963,0.38099470276843933,1.2403463146534146,1.744999521530222,True,1.744999521530222,True,1.5,False,1.744999521530222,True,1.5,False,1.5612498803825554,2.17409113785221,0.25,0.14700353341694614,0.4288566240151741,0.15913840715854563,5,temperature_plus20
1950,US-Bi1,2019-11-19,US-Bi1,Croplands,38.0991537999999,-121.49933,1.5,2.8,2.5502288793034897,20.98982479166667,0.4596354624999999,3.2975941041666665,-0.661634618242279,0.749826401204568,1.5,0.07260697063127834,1.0185016055597917,2.012502879185259,0.1546833464587756,0.38099470276843933,1.2403463146534146,1.5726069706312784,True,1.5,False,1.5,False,1.5726069706312784,True,1.5,False,1.5181517426578195,1.899033303877563,0.25,1.1871955059795298,-0.15970296175797055,-0.8096716323277242,5,temperature_plus20
1951,US-Bi1,2019-12-14,US-Bi1,Croplands,38.0991537999999,-121.49933,0.9,0.90000004,2.953429646282381,21.70543593750001,0.2795744041666667,4.007012729166667,-0.2884824328806098,0.9574851883550388,0.9,0.21508379632446883,1.2566912044705896,2.59078530147348,0.1546833464587756,0.38099470276843933,1.2403463146534146,1.1150837963244689,True,0.9,False,0.9,False,1.1150837963244689,True,0.9,False,0.9537709490811173,1.2938049059624328,0.25,1.5507059272642718,0.03855465185472637,-0.9440091901455917,5,temperature_plus20
1952,US-Bi1,2019-12-30,US-Bi1,Croplands,38.0991537999999,-121.49933,0.9,1.0,1.8399812377263265,17.9593984375,0.2253583,2.100268,-0.0172133561558352,0.9998518392091162,0.9,-0.4237585707544276,0.6580070758560471,2.0862100934136842,0.1546833464587756,0.38099470276843933,1.2403463146534146,0.47624142924557245,True,0.9,False,0.9,False,0.47624142924557245,True,0.9,False,0.7940603573113931,0.6785056637466744,0.25,0.2887160423032241,-0.5513952294541455,-1.0085965251123614,5,temperature_plus20
2027,US-Bi2,2019-01-12,US-Bi1,Croplands,38.109,-121.535,1.0,0.90000004,0.5433923134609235,13.599353249999998,0.1141288895833333,1.5445165625,0.2051044998686192,0.9787400799669153,1.0,-0.3713265537493402,0.5522295064913938,1.7593930737699672,0.1546833464587756,0.38099470276843933,1.2403463146534146,0.6286734462506598,True,1.0,False,1.0,False,0.6286734462506598,True,1.0,False,0.9071683615626649,0.6914696036619572,0.25,0.19851744422025527,-0.408426456618297,-0.9040706488499789,5,temperature_plus20
2028,US-Bi2,2019-03-08,US-Bi1,Croplands,38.109,-121.535,1.9,2.3,4.550265201096988,13.853356791666664,0.4154986875000001,4.7330546875,0.9141279881853336,0.4054257283599973,1.9,0.2425334611898741,1.3206274876671074,1.9732009550622707,0.1546833464587756,0.38099470276843933,1.2403463146534146,2.142533461189874,True,1.9,False,1.9,False,2.142533461189874,True,1.9,False,1.9606333652974683,2.2260075302768514,0.25,1.5775424158870748,0.213284637432099,-1.0632266697495514,5,temperature_plus20
2029,US-Bi2,2019-03-16,US-Bi1,Croplands,38.109,-121.535,2.1,2.8,2.840772162151006,16.81112025,0.6093511874999998,1.2011247916666667,0.9611297838723007,0.2760969730974688,2.1,-0.3512833962454156,0.5859661254846007,1.9633505216687688,0.1546833464587756,0.38099470276843933,1.2403463146534146,1.7487166037545845,True,2.1,False,2.1,False,1.7487166037545845,True,2.1,False,2.012179150938646,1.9784729783523318,0.25,0.1735663398215144,-0.24390309107508348,-0.9835134374826776,5,temperature_plus20
2030,US-Bi2,2019-03-17,US-Bi1,Croplands,38.109,-121.535,2.4,2.8,2.35794741671672,17.903426645833335,0.6295178458333334,0.927909208333333,0.9657399376548548,0.2595117970697999,2.4,-0.3613317725504606,0.676884208618989,2.109441923975255,0.1546833464587756,0.38099470276843933,1.2403463146534146,2.038668227449539,True,2.4,False,2.4,False,2.038668227449539,True,2.4,False,2.3096670568623847,2.2298213648172807,0.25,0.20934672778424404,-0.18415965116079466,-1.1091823942748313,5,temperature_plus20
2031,US-Bi2,2019-03-24,US-Bi1,Croplands,38.109,-121.535,2.4,2.7,2.228543135471229,15.426978854166665,0.4039051125,1.1806111875,0.989932495087353,0.141540295217043,2.4,-0.21319569461251317,0.566171504260453,1.8324760964694977,0.1546833464587756,0.38099470276843933,1.2403463146534146,2.186804305387487,True,2.4,False,2.4,False,2.186804305387487,True,2.4,False,2.3467010763468714,2.2983895761753073,0.25,0.23797154449321292,-0.029040050724792904,-0.8485185776059595,5,temperature_plus20
2032,US-Bi2,2019-04-17,US-Bi1,Croplands,38.109,-121.535,3.2,4.5,4.792166255358122,19.6975004375,0.74536383125,1.8556748333333335,0.9634705485641488,-0.2678143051621742,3.2,-0.6063646882856636,0.9281977192565493,1.987561133795852,0.18184385051070381,0.38099470276843933,1.2403463146534146,2.5936353117143365,True,3.2,False,3.2,False,2.5936353117143365,True,3.2,False,3.048408827928584,2.8767490477086675,0.25,0.15582379165937763,-0.33488514176936074,-1.6400327147470075,5,temperature_plus20
2033,US-Bi2,2019-04-18,US-Bi1,Croplands,38.109,-121.535,3.7,4.5,4.182655886438639,22.29110145833333,0.9996039979166664,1.0897838333333334,0.9587178169872964,-0.2843591872810034,3.7,-0.6990043328056643,1.0396151501463173,2.1964581104146714,0.18184385051070381,0.38099470276843933,1.2403463146534146,3.000995667194336,True,3.7,False,3.7,False,3.000995667194336,True,3.7,False,3.525248916798584,3.60754735991828,0.25,-0.01767549845598404,-0.18372311792988794,-1.8956143820311209,5,temperature_plus20
2034,US-Bi2,2019-04-25,US-Bi1,Croplands,38.109,-121.535,3.3,5.3,3.8025245205835545,24.172345604166665,1.3155644770833332,2.8055467083333334,0.9175836260593936,-0.3975428142825559,3.3,-0.9843483342256131,1.379177412648995,2.3182789870493457,0.4619935516957717,0.38099470276843933,1.2403463146534146,2.3156516657743866,True,3.3,False,3.3,False,2.3156516657743866,True,3.3,False,3.0539129164435965,2.834976958463037,0.25,0.4277252059495176,-1.0526809617720372,-2.3280892468543195,5,temperature_plus20
2035,US-Bi2,2019-05-03,US-Bi1,Croplands,38.109,-121.535,3.0,5.4,2.482045036531578,20.624903875,1.2147015354166666,2.3781798125,0.854322169749827,-0.5197438121555155,3.0,-0.6500261293473981,1.0771985330680232,1.9773663498639096,0.18184385051070381,0.38099470276843933,1.2403463146534146,2.349973870652602,True,3.0,False,3.0,False,2.349973870652602,True,3.0,False,2.8374934676631502,2.7479317827142125,0.25,0.3415212445342649,-0.4954291268693537,-1.7961705057071056,5,temperature_plus20
2036,US-Bi2,2019-05-04,US-Bi1,Croplands,38.109,-121.535,3.9,5.2000003,2.7870134162126585,18.549793708333336,0.8921595354166669,3.664159166666668,0.8452490573530633,-0.5343725582809787,3.9,-0.21278694202465107,1.0934152475982954,1.6472959126548665,0.1347624269759021,0.38099470276843933,1.2403463146534146,3.687213057975349,True,3.9,False,3.9,False,3.687213057975349,True,3.9,False,3.846803264493837,4.030945816244072,0.25,1.0197708884682732,-0.5920894880939872,-1.0660422264482392,5,temperature_plus20
2037,US-Bi2,2019-05-11,US-Bi1,Croplands,38.109,-121.535,2.4,5.8,2.9408364293330314,20.444349875000004,0.7602186416666666,3.9953413958333335,0.7748840413670407,-0.6321034111873487,2.4,0.08487521469169261,1.0689106411180351,1.9623988656833362,0.16357088642586215,0.38099470276843933,1.2403463146534146,2.4848752146916926,True,2.4,False,2.4,False,2.4848752146916926,True,2.4,False,2.421218803672923,2.9182107487686,0.25,1.1298678642863524,0.13120463686369457,-1.0064468570749692,5,temperature_plus20
2038,US-Bi2,2019-05-27,US-Bi1,Croplands,38.109,-121.535,0.4,3.7,1.4517755042852545,18.49466045833333,0.5990858229166668,2.3469367916666664,0.5737722679043246,-0.8190148866680801,0.4,1.2669839437140495,0.3741290307206088,1.8583927502876225,0.7154418129357365,0.38099470276843933,1.2403463146534146,1.6669839437140497,True,1.6669839437140497,True,0.4,False,1.6669839437140497,True,0.4,False,0.7167459859285124,1.7413806942055676,0.25,1.609435520485838,1.3238320902765164,0.8676842203797943,5,temperature_plus20
2039,US-Bi2,2019-06-04,US-Bi1,Croplands,38.109,-121.535,1.4,7.2000003,1.4437158857332366,28.067208833333336,1.6074828187500003,2.287045083333333,0.4559066935084588,-0.8900275764346767,1.4,-0.8778303209914068,0.6991760599522756,2.0250342156435317,-0.03962763563591929,0.38099470276843933,1.2403463146534146,0.5221696790085931,True,1.4,False,1.4,False,1.4,False,1.4,False,1.1805424197521481,1.0875341073933733,0.25,-0.15336624069629645,-0.931499547303581,-1.548625174974343,5,temperature_plus20
2040,US-Bi2,2019-06-05,US-Bi1,Croplands,38.109,-121.535,1.6,7.5,1.7790310707940835,29.2576774375,1.813422239583333,3.4801862291666668,0.440518784350495,-0.8977433935342337,1.6,-0.853706104092585,1.0997071330231392,2.3251763040508626,-0.23227897837551995,0.38099470276843933,1.2403463146534146,0.7462938959074151,True,1.6,False,1.6,False,1.6,False,1.6,False,1.3865734739768538,1.4795200390991978,0.25,0.2693771957045592,-0.9020531469369318,-1.9284423610453822,5,temperature_plus20
2041,US-Bi2,2019-06-12,US-Bi1,Croplands,38.109,-121.535,1.5,8.400001,2.225636470874148,30.928513812500004,2.50930305625,3.840964416666667,0.3294084822245304,-0.9441875088341992,1.5,-1.2283299912356649,1.1889390929886867,2.431234361760443,-0.43811901778250456,0.38099470276843933,1.2403463146534146,0.2716700087643351,True,1.5,False,1.5,False,1.5,False,1.5,False,1.1929175021910838,1.2473244458950343,0.25,0.023043949128316615,-1.36501428977853,-2.3430196330567816,5,temperature_plus20
2042,US-Bi2,2019-06-21,US-Bi1,Croplands,38.109,-121.535,2.2,7.4,2.800935640300215,23.92626429166666,1.3857868458333336,4.624644250000001,0.1797665857255624,-0.9837092937736096,2.2,0.04325571015468251,0.8452991947830694,1.9298188332963364,0.10484527829552294,0.38099470276843933,1.2403463146534146,2.2432557101546826,True,2.2,False,2.2,False,2.2432557101546826,True,2.2,False,2.2108139275386707,2.766575275601339,0.25,0.8324173123113787,0.14611706949502337,-0.8487672513423545,5,temperature_plus20
2043,US-Bi2,2019-07-06,US-Bi1,Croplands,38.109,-121.535,5.2,7.6,5.901164107816405,24.97755510416667,1.3990196479166668,2.201797833333333,-0.0773864792334632,-0.9970011699250152,5.2,-1.579064766396088,0.683811997679092,1.5513345081836356,-0.6972339396546853,0.38099470276843933,1.2403463146534146,3.6209352336039125,True,5.2,False,5.2,False,5.2,False,5.2,False,4.8052338084009785,3.8746196992832536,0.25,-1.2104924374810044,-1.1586074505758723,-2.368094411131387,5,temperature_plus20
2044,US-Bi2,2019-07-07,US-Bi1,Croplands,38.109,-121.535,4.9,6.6,4.885441598580682,22.7412546875,1.1199027499999998,2.2927015416666667,-0.0945367498171993,-0.9955213724144752,4.9,-0.6899058923335833,0.5879544899779452,1.4905499852065276,-0.11405698927610915,0.38099470276843933,1.2403463146534146,4.210094107666417,True,4.9,False,4.9,False,4.9,False,4.9,False,4.727523526916604,4.344536610294253,0.25,-0.20317235139425185,-0.5233844739288674,-1.3431608516776308,5,temperature_plus20
2045,US-Bi2,2019-07-14,US-Bi1,Croplands,38.109,-121.535,5.9,8.0,6.831559930022444,27.07574558333333,1.65107710625,3.4091876875,-0.2135209154397959,-0.9769384927771816,5.9,-1.728115331262518,0.6191740762105172,1.6866878865690722,-0.9690533563966758,0.38099470276843933,1.2403463146534146,4.171884668737483,True,5.9,False,5.9,False,5.9,False,5.9,False,5.467971167184371,4.865712387772922,0.25,-1.2283846686128272,-1.5351731589732949,-2.4207881662014317,5,temperature_plus20
2046,US-Bi2,2019-07-22,US-Bi1,Croplands,38.109,-121.535,6.7,8.400001,7.520474270103621,27.942725,1.6636665020833334,1.721854125,-0.3456123126707333,-0.9383773917408642,6.7,-2.3427070611218004,0.7924731358539401,1.910496703071064,-1.11010062756213,0.38099470276843933,1.2403463146534146,4.357292938878199,True,6.7,False,6.7,False,6.7,False,6.7,False,6.11432323471955,5.853971959003744,0.25,-1.8132429696501877,-1.961092061585655,-3.253786152129558,5,temperature_plus20
2047,US-Bi2,2019-07-23,US-Bi1,Croplands,38.109,-121.535,6.7,8.2,7.454650620472876,26.46881358333334,1.55205965625,2.069492458333333,-0.3617137307297674,-0.9322892131745134,6.7,-2.2698425552073616,0.7171910412127178,1.676442767552618,-0.7692969739787093,0.38099470276843933,1.2403463146534146,4.430157444792639,True,6.7,False,6.7,False,6.7,False,6.7,False,6.13253936119816,5.4824578506108095,0.25,-1.8272867982393304,-1.8849263302256452,-3.0973145371571085,5,temperature_plus20
2048,US-Bi2,2019-07-30,US-Bi1,Croplands,38.109,-121.535,5.9,7.1,6.479645008207957,22.976549833333333,1.1026195958333334,1.6793813333333336,-0.4711595076738639,-0.8820480249558535,5.9,-1.2631008977087195,0.44555126319237126,1.431239310646767,0.05336893062901025,0.38099470276843933,1.2403463146534146,4.636899102291281,True,5.9,False,5.9,False,4.636899102291281,True,5.9,False,5.584224775572821,4.96007647786929,0.25,-0.9788397951665071,-1.0338655279283218,-1.77659737003133,5,temperature_plus20
2049,US-Bi2,2019-08-07,US-Bi1,Croplands,38.109,-121.535,6.1,7.3,6.429890944878018,23.947613916666665,1.03264320625,1.9467265833333331,-0.5877852522924734,-0.8090169943749472,6.1,-1.67334189711599,0.4882127918116837,1.4910498311106521,-0.18389621201759962,0.38099470276843933,1.2403463146534146,4.4266581028840095,True,6.1,False,6.1,False,6.1,False,6.1,False,5.681664525721002,4.818075610148657,0.25,-1.272325704455163,-1.530715559140519,-2.216984427752288,5,temperature_plus20
2050,US-Bi2,2019-08-08,US-Bi1,Croplands,38.109,-121.535,5.4,6.5,5.701954706229256,22.30531185416667,0.9004351583333333,2.1272597291666666,-0.6016240632249227,-0.7987793728863648,5.4,-0.9668644351144389,0.5511052649392718,1.4391736207623833,-0.07265298985034062,0.38099470276843933,1.2403463146534146,4.4331355648855615,True,5.4,False,5.4,False,5.4,False,5.4,False,5.158283891221391,4.641580327686369,0.25,-0.48697749769108006,-0.8448708809732371,-1.5687449266789995,5,temperature_plus20
2051,US-Bi2,2019-08-15,US-Bi1,Croplands,38.109,-121.535,5.9,9.0,6.882692957761867,29.303260395833348,1.8214818645833333,0.9147707916666667,-0.6932812268869771,-0.7206671495538615,5.9,-2.167282681198135,0.4663388763733295,2.2966883324251355,-1.5656880285094945,0.38099470276843933,1.2403463146534146,3.7327173188018654,True,5.9,False,5.9,False,5.9,False,5.9,False,5.358179329700467,5.244899057837794,0.25,-2.194019463521503,-1.688150609646509,-2.6196779704263933,5,temperature_plus20
2052,US-Bi2,2019-08-23,US-Bi1,Croplands,38.109,-121.535,5.7,7.1,6.202316761618498,27.19789468750001,1.3451733083333333,1.9828626666666669,-0.7856498550787144,-0.6186714032625032,5.7,-1.8552420711313642,0.7171854844374097,1.8491833538349258,0.2734100603007306,0.38099470276843933,1.2403463146534146,3.8447579288686358,True,5.7,False,5.7,False,3.8447579288686358,True,5.7,False,5.236189482217159,4.352721760716681,0.25,-1.1799039478579605,-1.7778282090914952,-2.6079940564446367,5,temperature_plus20
2053,US-Bi2,2019-08-24,US-Bi1,Croplands,38.109,-121.535,5.7,6.8,5.868231037286444,26.30513902083333,1.27649060625,2.3682483541666666,-0.7961828637826154,-0.6050560696488494,5.7,-1.59159602377571,0.7903469319195353,1.7826962365055263,0.2041630897545826,0.38099470276843933,1.2403463146534146,4.10840397622429,True,5.7,False,5.7,False,4.10840397622429,True,5.7,False,5.302100994056072,4.446270650101141,0.25,-0.8655100454681623,-1.4758408958973663,-2.433437129961601,5,temperature_plus20
2054,US-Bi2,2019-08-31,US-Bi1,Croplands,38.109,-121.535,4.7,7.0,4.939308296939326,26.08543927083333,1.4735663270833337,0.9780708125,-0.8631421280499115,-0.5049610547215202,4.7,-1.1011804091828568,0.2523565128597796,1.6845886650467576,0.2302745551200925,0.38099470276843933,1.2403463146534146,3.5988195908171434,True,3.5988195908171434,True,4.7,False,3.5988195908171434,True,4.7,False,4.424704897704286,4.20914125562636,0.25,-0.8866774435074031,-1.0376244920928448,-1.3792392919483223,5,temperature_plus20
2055,US-Bi2,2019-09-08,US-Bi1,Croplands,38.109,-121.535,4.1,5.5,3.3946787985112565,23.175269125,0.9645139625,1.783421666666667,-0.9242907221930934,-0.3816892202666586,4.1,-0.7130490140640888,0.7071118018028305,1.224169047513986,0.1384200462714031,0.38099470276843933,1.2403463146534146,3.386950985935911,True,4.1,False,3.386950985935911,True,3.386950985935911,True,3.386950985935911,True,3.9217377464839775,3.7273362005325614,0.25,-0.037306800188175754,-0.6540115099359647,-1.447828732068126,5,temperature_plus20
2056,US-Bi2,2019-09-09,US-Bi1,Croplands,38.109,-121.535,3.9,5.7000003,3.81832141930537,23.80051635416667,1.052149725,3.069799708333333,-0.9307239310379792,-0.3657225234972692,3.9,-0.4976299721382113,0.9911088293148386,1.590617998713717,0.15070664037465478,0.38099470276843933,1.2403463146534146,3.4023700278617888,True,3.9,False,3.9,False,3.4023700278617888,True,3.9,False,3.775592506965447,3.623564746543359,0.25,0.5386408524201087,-0.5951660558720863,-1.4363647129626562,5,temperature_plus20
2057,US-Bi2,2019-09-16,US-Bi1,Croplands,38.109,-121.535,2.2,3.5,4.037001346884499,22.543839854166652,0.7556324041666667,3.2196654166666665,-0.9679377830240642,-0.2511900638848195,2.2,0.9817541943797138,1.0864395974890717,1.956049439634667,0.4342078134399818,0.38099470276843933,1.2403463146534146,3.181754194379714,True,2.2,False,2.2,False,3.181754194379714,True,2.2,False,2.445438548594929,3.3673541203026573,0.25,2.161554050369846,0.761185044747979,0.022523488021316956,5,temperature_plus20
2058,US-Bi2,2019-09-24,US-Bi1,Croplands,38.109,-121.535,1.0,6.1,1.3335333413682908,27.85044189583333,2.1267412895833333,2.2709755208333333,-0.9932568492674144,-0.1159345995955006,1.0,-0.7312910393706525,0.8142811638381686,2.107692098592409,-0.07883416601625888,0.38099470276843933,1.2403463146534146,0.26870896062934746,True,1.0,False,1.0,False,1.0,False,1.0,False,0.8171772401573368,0.5080283337712186,0.25,0.17366054167312708,-1.4047889798151576,-0.9627446799699273,5,temperature_plus20
2059,US-Bi2,2019-09-25,US-Bi1,Croplands,38.109,-121.535,0.9,5.6,1.0025762486443737,28.103943479166674,1.9444469708333325,1.2356612083333334,-0.9951053111006974,-0.0988201387328721,0.9,-0.5720201582235752,0.6436815657239392,2.1226375550247747,0.17818623121520283,0.38099470276843933,1.2403463146534146,0.3279798417764248,True,0.9,False,0.9,False,0.3279798417764248,True,0.9,False,0.7569949604441062,0.3574168346202452,0.25,-0.1088395565142509,-1.3070225722648026,-0.30019834589167244,5,temperature_plus20
2060,US-Bi2,2019-10-02,US-Bi1,Croplands,38.109,-121.535,0.6,3.7,0.4783526802194179,18.210466437500006,1.0695319541666668,1.6783141875,-0.9997685019798908,0.0215160974362222,0.6,0.34458033754148554,0.44233758471111384,1.4039236544325038,0.141893528893744,0.38099470276843933,1.2403463146534146,0.9445803375414855,True,0.6,False,0.6,False,0.9445803375414855,True,0.6,False,0.6861450843853714,0.7522228909828732,0.25,0.6574182679406411,-0.1614982633407681,0.5378210080245838,5,temperature_plus20
2061,US-Bi2,2019-10-11,US-Bi1,Croplands,38.109,-121.535,0.3,2.9,0.2161281562815424,17.152158541666658,0.96784234375,1.0811013125,-0.9844738167520924,0.1755314904214277,0.3,0.3679706315791981,0.5093750728050295,1.4602267924348857,0.1546833464587756,0.38099470276843933,1.2403463146534146,0.6679706315791981,True,0.3,False,0.3,False,0.6679706315791981,True,0.3,False,0.39199265789479953,0.36830789893838856,0.25,0.3221748510780267,-0.1169602137310797,0.8986972573906473,5,temperature_plus20
2062,US-Bi2,2019-10-26,US-Bi1,Croplands,38.109,-121.535,0.4,3.3,0.2572567525595362,19.091891791666665,1.0472978000000002,1.4205426666666665,-0.9070138128026362,0.4211008707960891,0.4,0.26370244044872543,0.6555715795343989,1.6536168993148306,0.1546833464587756,0.38099470276843933,1.2403463146534146,0.6637024404487255,True,0.4,False,0.4,False,0.6637024404487255,True,0.4,False,0.46592561011218137,0.6095048896521171,0.25,0.3620400821209818,-0.435482824076315,0.8645500633015095,5,temperature_plus20
2063,US-Bi2,2019-11-11,US-Bi1,Croplands,38.109,-121.535,0.4,1.9,0.1961296334386315,17.89643172916667,0.8419082041666667,0.7997587083333331,-0.7583058084785625,0.6518989958787125,0.4,0.4254758752512518,0.5849282888196673,1.7849820028174803,0.1546833464587756,0.38099470276843933,1.2403463146534146,0.8254758752512519,True,0.4,False,0.4,False,0.8254758752512519,True,0.4,False,0.506368968812813,0.9211383725036624,0.25,0.15297732646323411,0.026515369518979454,1.0969349297715418,5,temperature_plus20
2064,US-Bi2,2019-11-19,US-Bi1,Croplands,38.109,-121.535,0.4,2.8,0.1076586094597068,17.957779249999994,0.53959121875,4.137975895833333,-0.661634618242279,0.749826401204568,0.4,0.644477325552194,0.7535106243893586,1.974432656913557,0.17295631054361724,0.38099470276843933,1.2403463146534146,1.044477325552194,True,0.4,False,0.4,False,1.044477325552194,True,0.4,False,0.5611193313880485,1.1550390769151129,0.25,1.4728057076866814,0.4609260777047274,-0.00029980873482673975,5,temperature_plus20
2065,US-Bi2,2019-12-14,US-Bi1,Croplands,38.109,-121.535,0.4,0.90000004,2.3572869519801563,16.27634570833333,0.31404084375,4.77198325,-0.2884824328806098,0.9574851883550388,0.4,0.6733538839423366,1.001901229614897,2.2785534386674593,0.17295631054361724,0.38099470276843933,1.2403463146534146,1.0733538839423367,True,0.4,False,0.4,False,1.0733538839423367,True,0.4,False,0.5683384709855842,1.085716303160929,0.25,1.701902781793381,0.6177421078504494,-0.2995832378168205,5,temperature_plus20
2066,US-Bi2,2019-12-30,US-Bi1,Croplands,38.109,-121.535,1.1,1.0,1.448327121877982,15.85192583333333,0.23996246875,2.5297626250000005,-0.0172133561558352,0.9998518392091162,1.1,-0.3873030152941235,0.7086763340390719,1.8959182459652606,0.1546833464587756,0.38099470276843933,1.2403463146534146,0.7126969847058766,True,1.1,False,1.1,False,0.7126969847058766,True,1.1,False,1.0031742461764692,0.8019025684925767,0.25,0.41441234123276627,-0.6461694552406219,-0.9301519318745148,5,temperature_plus20
2067,US-Bi2,2020-01-06,US-Bi1,Croplands,38.109,-121.535,0.8,0.8,0.9705524324908776,16.45346608333333,0.3487962916666667,1.1852567083333334,0.1031016974474348,0.9946708199115212,0.8,-0.4096308425779283,0.5501584881715198,2.050248089499266,0.1546833464587756,0.38099470276843933,1.2403463146534146,0.39036915742207173,True,0.8,False,0.8,False,0.39036915742207173,True,0.8,False,0.697592289355518,0.5658176893780461,0.25,0.1698517259557286,-0.4739296138144967,-0.9248146398750169,5,temperature_plus20
2068,US-Bi2,2020-01-14,US-Bi1,Croplands,38.109,-121.535,1.1,1.1,2.3970156817762343,16.484803500000005,0.3350603333333333,3.7752529791666674,0.2386727660059501,0.9711000518829505,1.1,-0.09022684121517888,1.0374711571843056,2.224653260262814,0.1546833464587756,0.38099470276843933,1.2403463146534146,1.0097731587848213,True,1.1,False,1.1,False,1.0097731587848213,True,1.1,False,1.0774432896962054,1.1071404471054291,0.25,1.0495896099041406,-0.3408229227720428,-0.9794472107776345,5,temperature_plus20
2069,US-Bi2,2020-01-31,US-Bi1,Croplands,38.109,-121.535,1.0,1.3000001,0.3694873658077332,19.978218145833328,0.3038692229166665,1.1176627291666663,0.5086709438521044,0.8609610158889943,1.0,-0.5569169758636371,0.6402745086973787,2.4480625572795285,0.16929869124811625,0.38099470276843933,1.2403463146534146,0.4430830241363629,True,1.0,False,1.0,False,0.4430830241363629,True,1.0,False,0.8607707560340907,0.7270425113149663,0.25,0.14446759036923032,-0.7051340403101826,-1.110084477649959,5,temperature_plus20
2070,US-Bi2,2020-02-07,US-Bi1,Croplands,38.109,-121.535,1.5,1.5,1.0949939270591542,17.131999166666667,0.4650775020833333,0.9456604583333332,0.6084768701151261,0.7935716089521474,1.5,-0.5031686111294388,0.7260774846509324,2.1270101256296714,0.16929869124811625,0.38099470276843933,1.2403463146534146,0.9968313888705612,True,1.5,False,1.5,False,0.9968313888705612,True,1.5,False,1.3742078472176402,1.1698448439672167,0.25,0.23661644130465678,-0.5314077005668505,-1.2147145741261227,5,temperature_plus20
2071,US-Bi2,2020-02-16,US-Bi1,Croplands,38.109,-121.535,2.1,2.5,3.622321825586596,18.698944354166667,0.5472501270833333,4.150033270833334,0.7236440382959124,0.6901733882429719,2.1,-0.4331334182183471,1.504366218415726,2.3364398085711118,0.1546833464587756,0.38099470276843933,1.2403463146534146,1.666866581781653,True,2.1,False,2.1,False,1.666866581781653,True,2.1,False,1.9917166454454134,1.7970709280302817,0.25,1.1079930604228354,-0.5095679938650463,-1.8978253212128307,5,temperature_plus20
2072,US-Bi2,2020-02-23,US-Bi1,Croplands,38.109,-121.535,1.1,2.6000001,2.163400225756811,16.288445499999998,0.4239078937500001,1.6572159375,0.8013610881746766,0.5981809144059164,1.1,-0.3561422639753824,0.43558560683746084,1.9978721504887134,0.1330059889266574,0.38099470276843933,1.2403463146534146,0.7438577360246177,True,1.1,False,1.1,False,0.7438577360246177,True,1.1,False,1.0109644340061545,0.9608754750120292,0.25,0.14405602912819357,-0.651914942973882,-0.5605678780804588,5,temperature_plus20
2073,US-Bi2,2020-03-02,US-Bi1,Croplands,38.109,-121.535,2.6,4.4,5.695958686511573,17.772019250000003,1.0766870770833334,7.048004416666667,0.8758917051442429,0.4825077417612184,2.6,0.16530369109522244,1.9155762646018721,2.63933102868296,0.16357088642586215,0.38099470276843933,1.2403463146534146,2.7653036910952227,True,2.6,False,2.6,False,2.7653036910952227,True,2.6,False,2.6413259227738055,3.188916650258088,0.25,1.9781781378736045,0.3563850806094946,-1.838652145197432,5,temperature_plus20
2074,US-Bi2,2020-03-03,US-Bi1,Croplands,38.109,-121.535,1.8,2.9,1.6808995347287137,17.256578625000003,0.8197209250000003,1.133424375,0.8840675099433636,0.4673592171580022,1.8,-0.4636856309794097,0.5284235319295686,2.0526856907633686,0.1546833464587756,0.38099470276843933,1.2403463146534146,1.3363143690205903,True,1.8,False,1.8,False,1.3363143690205903,True,1.8,False,1.6840785922551476,1.5789494301784954,0.25,0.10896067665927009,-0.5675571916082276,-0.9324603779892715,5,temperature_plus20
2075,US-Bi2,2020-03-10,US-Bi1,Croplands,38.109,-121.535,2.3,3.2,2.4585405268259666,19.422734604166667,0.7919120166666667,2.773772020833334,0.9338372288229252,0.3576982388331254,2.3,-0.7544842320578432,1.1147880278284903,2.0668773496417963,0.17295631054361724,0.38099470276843933,1.2403463146534146,1.5455157679421565,True,2.3,False,2.3,False,1.5455157679421565,True,2.3,False,2.111378941985539,1.8058853670176889,0.25,0.39690446111479094,-0.8317004899427656,-1.8286566673455547,5,temperature_plus20
2076,US-Bi2,2020-03-26,US-Bi1,Croplands,38.109,-121.535,1.5,3.1000001,3.205640751812751,15.540943125000004,0.4687463958333333,2.4065512708333325,0.995918996147179,0.0902516100310411,1.5,-0.10715510140126418,0.6078282548602325,1.76605305792592,0.1546833464587756,0.38099470276843933,1.2403463146534146,1.3928448985987358,True,1.5,False,1.5,False,1.3928448985987358,True,1.5,False,1.473211224649684,1.5767518909889662,0.25,0.49258651942177345,-0.09129235547793196,-0.722759468147634,5,temperature_plus20
2077,US-Bi2,2020-04-03,US-Bi1,Croplands,38.109,-121.535,3.6,4.4,5.824929508302174,17.913581291666674,0.7103488270833335,3.8559965416666655,0.9988797155850336,-0.0473213883224318,3.6,-0.645628587509171,1.3231688661828511,1.8716895137030143,0.18184385051070381,0.38099470276843933,1.2403463146534146,2.954371412490829,True,3.6,False,3.6,False,2.954371412490829,True,3.6,False,3.4385928531227075,3.273368346791943,0.25,0.6972765291361228,-0.6860262875179552,-1.9481360041456803,5,temperature_plus20
2078,US-Bi2,2020-04-19,US-Bi1,Croplands,38.109,-121.535,3.1,4.4,3.893584752842641,19.03504879166667,0.5616465479166669,2.7093895625,0.9483615800121716,-0.3171912885891061,3.1,-0.5577988552118394,1.083288367070896,1.9367660076443425,0.17818623121520283,0.38099470276843933,1.2403463146534146,2.5422011447881605,True,3.1,False,3.1,False,2.5422011447881605,True,3.1,False,2.9605502861970403,2.847167715304803,0.25,0.48201367777554693,-0.4755372809726558,-1.6798729624384092,5,temperature_plus20
2079,US-Bi2,2020-04-27,US-Bi1,Croplands,38.109,-121.535,2.8,6.5,2.352483661395188,23.843841625,1.4355662916666665,4.972159729166667,0.895839290734909,-0.4443781781046132,2.8,-0.42889988011146096,1.4362033329964372,2.382429061492362,0.13464100005840426,0.38099470276843933,1.2403463146534146,2.371100119888539,True,2.8,False,2.8,False,2.371100119888539,True,2.8,False,2.6927750299721347,3.0786559498838026,0.25,0.9429848058577457,-0.30791637767254965,-1.9217680685195788,5,temperature_plus20
2080,US-Bi2,2020-05-05,US-Bi1,Croplands,38.109,-121.535,1.7,6.9,1.700231751493014,21.994816062500004,1.3593186083333333,5.0838003333333335,0.8263541987239096,-0.5631507242749186,1.7,-0.1846534281844332,1.0883595659973444,2.0444840761426177,0.13464100005840426,0.38099470276843933,1.2403463146534146,1.5153465718155668,True,1.7,False,1.7,False,1.5153465718155668,True,1.7,False,1.6538366429538915,2.107868924437088,0.25,0.5804556541490129,0.29620538124986484,-1.4306213199521773,5,temperature_plus20
2081,US-Bi2,2020-05-21,US-Bi1,Croplands,38.109,-121.535,1.3,7.0,2.0816272490461936,23.66606885416667,1.2797116208333332,3.4362047499999995,0.6420547132365637,-0.766658819300159,1.3,-0.5408188225945364,0.7956698441412161,1.8677656923678767,0.149256344847745,0.38099470276843933,1.2403463146534146,0.7591811774054636,True,1.3,False,1.3,False,0.7591811774054636,True,1.3,False,1.164795294351366,1.2789552147305685,0.25,0.2291559647459522,-0.4917041303210664,-1.3599083022084952,5,temperature_plus20
2082,US-Bi2,2020-05-22,US-Bi1,Croplands,38.109,-121.535,2.3,7.3,2.1224274566957813,22.465780916666667,1.3880132833333334,5.1899413124999985,0.6287628145958344,-0.777597146973627,2.3,0.025131268825022368,0.9130109053082099,1.9421487806227606,0.10484527829552294,0.38099470276843933,1.2403463146534146,2.325131268825022,True,2.3,False,2.3,False,2.325131268825022,True,2.3,False,2.3062828172062555,2.823427616711626,0.25,0.7822651676406782,0.28189896168052186,-0.988770322846133,5,temperature_plus20
2083,US-Bi2,2020-06-14,US-Bi1,Croplands,38.109,-121.535,4.1,7.1,5.173890927218605,23.40516112500001,1.0352994541666665,3.65604325,0.2802306751992158,-0.9599326896597448,4.1,-0.5444509887508353,0.6782054953510116,1.7498554063988325,0.12177675400719694,0.38099470276843933,1.2403463146534146,3.5555490112491643,True,4.1,False,4.1,False,3.5555490112491643,True,4.1,False,3.963887252812291,4.095085944688795,0.25,0.17185166191308407,-0.6284753755794926,-1.1767292525860973,5,temperature_plus20
2084,US-Bi2,2020-06-22,US-Bi1,Croplands,38.109,-121.535,6.6,8.5,6.753661390023861,26.652828770833334,1.4765210395833337,2.660473520833333,0.1457991969198751,-0.9893142039703664,6.6,-2.494158102203229,0.858237835927936,1.6161379452533946,-1.11010062756213,0.38099470276843933,1.2403463146534146,4.10584189779677,True,6.6,False,6.6,False,6.6,False,6.6,False,5.976460474449192,5.3839806778054,0.25,-1.9911852819970353,-2.006160949528466,-3.4851280750841864,5,temperature_plus20
2085,US-Bi2,2020-06-23,US-Bi1,Croplands,38.109,-121.535,6.5,8.5,7.1981505902934435,26.091129812500004,1.374915422916667,3.8280019791666655,0.1287481774525813,-0.99167731989929,6.5,-1.9727699284746851,0.624055351277896,1.7047716605561025,-1.11010062756213,0.38099470276843933,1.2403463146534146,4.527230071525315,True,6.5,False,6.5,False,6.5,False,6.5,False,6.006807517881329,5.549722622206364,0.25,-1.4417562779358875,-1.8164195994078403,-2.660133908080327,5,temperature_plus20
2086,US-Bi2,2020-06-30,US-Bi1,Croplands,38.109,-121.535,5.7,8.1,6.513195378118142,25.384792250000004,1.6557269729166668,1.2892081458333335,0.0086069968886886,-0.9999629591162656,5.7,-1.6862873202409885,0.7969488902703269,1.741053991272451,-0.9690533563966758,0.38099470276843933,1.2403463146534146,4.013712679759012,True,5.7,False,5.7,False,5.7,False,5.7,False,5.278428169939753,5.01667973631265,0.25,-1.4822463421711323,-1.0111958526349654,-2.565419765916868,5,temperature_plus20
4416,US-Jo2,2019-01-22,US-Jo2,Shrublands,32.58494,-106.60322,0.4,2.1000001,0.3830346443769277,4.731096229166668,0.4880604166666666,3.204982166666668,0.3697245428906731,0.9291414114031744,0.4,0.5337529953227476,0.08786746798468319,0.9239627271704156,0.0354578102326123,0.31612661845142753,1.134849798266076,0.9337529953227476,True,0.9337529953227476,True,0.9337529953227476,True,0.9337529953227476,True,0.9337529953227476,True,0.5334382488306869,0.9337529953227476,0.25,0.5325522197123136,0.44649206892490145,0.6222146973310275,7,temperature_plus20
4417,US-Jo2,2019-02-07,US-Jo2,Shrublands,32.58494,-106.60322,0.6,2.3,0.3843876942073755,2.1069065625000003,0.5186952083333334,2.973452333333333,0.6084768701151261,0.7935716089521474,0.6,0.49287064705006606,0.023717784765615788,0.5581159399896841,-0.02174817475803687,0.31612661845142753,1.134849798266076,1.092870647050066,True,1.092870647050066,True,1.092870647050066,True,0.6,False,0.6,False,0.7232176617625165,1.092870647050066,0.25,0.4732916396525514,0.4860761172773146,0.5192441842203322,7,temperature_plus20
4418,US-Jo2,2019-02-23,US-Jo2,Shrublands,32.58494,-106.60322,1.0,4.0,1.3882127012797505,3.003705895833334,0.4012508333333333,3.931426666666667,0.8013610881746766,0.5981809144059164,1.0,0.29939968288854574,0.12854146122612586,0.8984694576661065,0.05713197469035505,0.31612661845142753,1.134849798266076,1.2993996828885457,True,1.2993996828885457,True,1.2993996828885457,True,1.2993996828885457,True,1.2993996828885457,True,1.0748499207221365,1.2993996828885457,0.25,0.44649199592950695,0.24305224252196772,0.20865481021416243,7,temperature_plus20
4419,US-Jo2,2019-03-03,US-Jo2,Shrublands,32.58494,-106.60322,1.1,4.8,0.2279305647355017,15.411029166666664,1.0458410416666666,4.7631804166666685,0.8758917051442429,0.4825077417612184,1.1,0.10022563779724634,0.40643340934120303,1.986512445329629,0.22439733760503047,0.31612661845142753,1.134849798266076,1.2002256377972464,True,1.1,False,1.1,False,1.2002256377972464,True,1.1,False,1.1250564094493116,1.249748897529941,0.25,0.5694608055962065,-0.14159501518597814,-0.1271888770184893,7,temperature_plus20
4420,US-Jo2,2019-03-19,US-Jo2,Shrublands,32.58494,-106.60322,1.0,3.8,1.2517590407596009,12.640465625000004,0.88719875,2.5077607500000005,0.9741004551724204,0.2261156855082882,1.0,0.33558648655514717,0.34888949850964546,1.4983062181513613,0.26814263994013887,0.31612661845142753,1.134849798266076,1.3355864865551472,True,1.0,False,1.0,False,1.3355864865551472,True,1.0,False,1.0838966216387869,1.3466688524336368,0.25,0.7236481665228662,0.047854090683535355,0.23525720245903975,7,temperature_plus20
4421,US-Jo2,2019-03-27,US-Jo2,Shrublands,32.58494,-106.60322,2.7,5.6,0.6034473261226022,21.48555208333333,1.5151256250000005,3.0336796458333346,0.995918996147179,0.0902516100310411,2.7,-0.46806645690156795,0.5752728230802748,2.161810132613211,0.22379487394096403,0.31612661845142753,1.134849798266076,2.231933543098432,True,2.7,False,2.7,False,2.231933543098432,True,2.7,False,2.5829833857746083,2.320647015060537,0.25,0.18963422361447507,-0.716224900966108,-0.8776086933530709,7,temperature_plus20
4422,US-Jo2,2019-04-04,US-Jo2,Shrublands,32.58494,-106.60322,1.3,5.2000003,0.8418560844297773,16.907262499999998,1.342933333333333,3.0153573333333337,0.9988797155850336,-0.0473213883224318,1.3,0.12331940652150632,0.38895410757704063,1.676532275252376,0.2242356483098674,0.31612661845142753,1.134849798266076,1.4233194065215065,True,1.3,False,1.3,False,1.4233194065215065,True,1.3,False,1.3308298516303767,1.3904935676740493,0.25,0.5723967283062956,-0.10691724480635863,-0.09552126393541804,7,temperature_plus20
4423,US-Jo2,2019-04-28,US-Jo2,Shrublands,32.58494,-106.60322,1.2,7.7000003,1.1692484700436547,23.9889875,2.155972916666667,3.7026439791666665,0.895839290734909,-0.4443781781046132,1.2,-0.3841111314974048,0.18410910547648052,2.0572071087491177,0.0026510954857132483,0.31612661845142753,1.134849798266076,0.8158888685025951,True,0.8158888685025951,True,1.2,False,0.8158888685025951,True,1.2,False,1.1039722171256487,0.8617508926275672,0.25,-0.492727432748054,-0.17153726428658278,-0.4880686974575776,7,temperature_plus20
4424,US-Jo2,2019-05-14,US-Jo2,Shrublands,32.58494,-106.60322,0.7,5.9,0.7803258564577374,22.26200625,1.705354166666667,3.0871739791666672,0.741222010848596,-0.6712599575675313,0.7,0.5440500631910664,0.265835828267847,1.9401990078394242,0.048692229046258285,0.31612661845142753,1.134849798266076,1.2440500631910663,True,1.2440500631910663,True,0.7,False,1.2440500631910663,True,0.7,False,0.8360125157977666,1.2496762381512032,0.25,0.7022764135767515,0.6927350533191325,0.23713872267731512,7,temperature_plus20
4425,US-Jo2,2019-05-22,US-Jo2,Shrublands,32.58494,-106.60322,0.5,8.900001,0.6907294979151579,20.57321458333333,1.8908545833333332,5.929424874999998,0.6420547132365637,-0.766658819300159,0.5,0.08487566435906885,0.20453787194819661,1.7739117800198767,-0.005085448728176041,0.31612661845142753,1.134849798266076,0.5848756643590689,True,0.5848756643590689,True,0.5,False,0.5,False,0.5,False,0.5212189160897672,0.7334166376616218,0.25,-0.15051399312319902,0.18585155402254777,0.2192894321778578,7,temperature_plus20
4426,US-Jo2,2019-05-30,US-Jo2,Shrublands,32.58494,-106.60322,0.5,6.3,0.16991472911154,22.60823333333333,1.74580875,5.0863563125,0.5307300481619334,-0.8475409228928311,0.5,0.8642757184468262,0.4184664680248621,2.042519327795706,-0.0886962324406134,0.31612661845142753,1.134849798266076,1.3642757184468262,True,0.5,False,0.5,False,0.5,False,0.5,False,0.7160689296117065,1.329258118240415,0.25,0.40013609545259354,0.9799625731320378,1.212728486755847,7,temperature_plus20
4427,US-Jo2,2019-06-07,US-Jo2,Shrublands,32.58494,-106.60322,0.9,8.5,1.2417739374019163,28.889475000000004,2.6092687500000005,3.1784247291666663,0.4093559588156213,-0.9123747579707272,0.9,-0.2812480448550079,0.2109801085679859,2.2061177811955317,-0.011305810979068744,0.31612661845142753,1.134849798266076,0.6187519551449921,True,0.6187519551449921,True,0.9,False,0.9,False,0.9,False,0.829687988786248,0.6721065655596464,0.25,-0.2966296146019505,-0.06299809562280091,-0.4841164243402723,7,temperature_plus20
4428,US-Jo2,2019-06-15,US-Jo2,Shrublands,32.58494,-106.60322,0.5,8.5,2.403041352293936,26.15709166666667,2.4016479166666667,4.558041874999999,0.2802306751992158,-0.9599326896597448,0.5,0.1461377801503633,0.2637487974724188,2.11297440325344,0.002055640924364833,0.31612661845142753,1.134849798266076,0.6461377801503633,True,0.6461377801503633,True,0.5,False,0.6461377801503633,True,0.5,False,0.5365344450375908,0.9567462862864593,0.25,-0.12536319359115866,0.40138238449642527,0.16239414954582332,7,temperature_plus20
4429,US-Jo2,2019-06-23,US-Jo2,Shrublands,32.58494,-106.60322,0.7,7.9,0.9989591030639404,24.61877708333333,2.220225833333334,3.272127750000001,0.1457991969198751,-0.9893142039703664,0.7,0.12619604984458818,0.23085689669074747,1.638489875528292,0.016494402084018,0.31612661845142753,1.134849798266076,0.8261960498445882,True,0.8261960498445882,True,0.7,False,0.8261960498445882,True,0.7,False,0.731549012461147,0.9337143436653852,0.25,0.17467986533531166,0.3289605219132717,-0.12505223771481874,7,temperature_plus20
4430,US-Jo2,2019-07-01,US-Jo2,Shrublands,32.58494,-106.60322,0.3,6.8,1.479267484133425,28.66443958333333,2.483014583333333,2.3171805625000004,0.0086069968886886,-0.9999629591162656,0.3,0.4192262651758045,0.33770439011044656,2.13457814446802,0.051012291705449526,0.31612661845142753,1.134849798266076,0.7192262651758046,True,0.3,False,0.3,False,0.7192262651758046,True,0.3,False,0.4048065662939511,0.9281750089659546,0.25,0.6868170764875003,0.5310741443376572,0.039787574702255996,7,temperature_plus20
4431,US-Jo2,2019-07-09,US-Jo2,Shrublands,32.58494,-106.60322,0.5,7.5,0.8966539110711165,29.250183333333336,2.80495625,2.4262307083333337,-0.1287481774525806,-0.99167731989929,0.5,0.1801003349088739,0.38671008608908847,2.1270602254163546,0.07021424462559242,0.31612661845142753,1.134849798266076,0.6801003349088739,True,0.5,False,0.5,False,0.6801003349088739,True,0.5,False,0.5450250837272185,0.8035490890215615,0.25,0.5686100763658496,0.1764755412348888,-0.20478461287411664,7,temperature_plus20
4432,US-Jo2,2019-07-17,US-Jo2,Shrublands,32.58494,-106.60322,0.4,6.1,0.6269288987113818,30.28598541666668,2.4356291666666667,2.448912916666667,-0.2636654927280072,-0.9646141756912436,0.4,0.7697764333851075,0.3958030277605417,2.380026822847892,0.27748585605671544,0.31612661845142753,1.134849798266076,1.1697764333851075,True,0.4,False,0.4,False,1.1697764333851075,True,0.4,False,0.5924441083462769,1.3465080904934656,0.25,0.9703839661751767,1.0251094200476316,0.3138359139325139,7,temperature_plus20
4433,US-Jo2,2019-07-25,US-Jo2,Shrublands,32.58494,-106.60322,0.7,7.0,1.3892932596817538,29.2087625,2.3781562499999995,2.582265708333334,-0.3935902766564664,-0.9192859697186104,0.7,0.3679037027554695,0.3329186398794031,2.1693915996018553,0.051012291705449526,0.31612661845142753,1.134849798266076,1.0679037027554694,True,0.7,False,0.7,False,1.0679037027554694,True,0.7,False,0.7919759256888673,1.2804146791614417,0.25,0.5834036789352611,0.5358431068790458,-0.015535677547898391,7,temperature_plus20
4434,US-Jo2,2019-08-10,US-Jo2,Shrublands,32.58494,-106.60322,1.0,5.5,3.1380117530691867,25.962429166666663,1.1943611875,3.3678260624999994,-0.6287628145958345,-0.7775971469736268,1.0,0.9910213431921974,0.09079193135621712,2.016381474332227,-0.004499200482490725,0.31612661845142753,1.134849798266076,1.9910213431921973,True,1.9910213431921973,True,1.0,False,1.0,False,1.0,False,1.2477553357980493,2.067200101526275,0.25,1.04370351606303,1.0431762203192334,0.8861842931943289,7,temperature_plus20
4435,US-Jo2,2019-08-18,US-Jo2,Shrublands,32.58494,-106.60322,1.0,6.8,0.5781058606678683,30.4731,2.8811249999999986,2.2208480416666667,-0.7295575540864876,-0.6839194216246105,1.0,0.031291254478399304,0.17451810950601362,2.361157221087764,-0.02337220751411897,0.31612661845142753,1.134849798266076,1.0312912544783992,True,1.0312912544783992,True,1.0,False,1.0,False,1.0,False,1.0078228136196,1.1956706259215428,0.25,0.2317999331771543,-0.05153400370149193,-0.08639216604046449,7,temperature_plus20
4436,US-Jo2,2019-08-26,US-Jo2,Shrublands,32.58494,-106.60322,0.8,7.1,1.4473741710909158,31.544225,2.6202791666666667,2.7063641250000003,-0.8165380514459157,-0.5772916165517278,0.8,-0.007517604589360655,0.13460041290240218,2.55571162180901,-0.02337220751411897,0.31612661845142753,1.134849798266076,0.7924823954106394,True,0.7924823954106394,True,0.8,False,0.8,False,0.8,False,0.7981205988526598,1.0760620858563603,0.25,0.1443665821858211,-0.11201957383852404,-0.05489982211537903,7,temperature_plus20
4437,US-Jo2,2019-09-03,US-Jo2,Shrublands,32.58494,-106.60322,0.4,6.1,1.3308521171637242,28.875727083333334,2.3830250000000004,2.8490646875,-0.888057322629493,-0.4597327394521046,0.4,0.35649413637636096,0.1476281644162001,2.3519262053988497,0.011051001018500742,0.31612661845142753,1.134849798266076,0.756494136376361,True,0.756494136376361,True,0.4,False,0.756494136376361,True,0.4,False,0.48912353409409026,0.9625903402810068,0.25,0.5143511856524469,0.22184363291234527,0.3332875905642907,7,temperature_plus20
4438,US-Jo2,2019-09-11,US-Jo2,Shrublands,32.58494,-106.60322,0.2,5.5,0.3908304698283267,26.77604166666667,1.5682689583333334,3.652836250000001,-0.9427611433904206,-0.333468778918187,0.2,0.6683461179181162,0.14247112234646714,2.3795650256890424,0.0013534389956998657,0.31612661845142753,1.134849798266076,0.8683461179181162,True,0.8683461179181162,True,0.2,False,0.8683461179181162,True,0.2,False,0.367086529479529,0.9163351944737534,0.25,0.7026704875643821,0.5118483707322042,0.7905194954577623,7,temperature_plus20
4439,US-Jo2,2019-09-19,US-Jo2,Shrublands,32.58494,-106.60322,0.5,5.2000003,0.7265914032562195,26.798831249999992,1.7735039583333327,2.8799729166666665,-0.97961369164549,-0.2008905551306352,0.5,0.4639980017133458,0.20161648576292876,2.219816891239197,0.012983305395213,0.31612661845142753,1.134849798266076,0.9639980017133458,True,0.9639980017133458,True,0.5,False,0.9639980017133458,True,0.5,False,0.6159995004283365,0.9187526080000594,0.25,0.6411182579063089,0.24459247451549126,0.5062832727182373,7,temperature_plus20
4440,US-Jo2,2019-10-05,US-Jo2,Shrublands,32.58494,-106.60322,0.5,4.1,3.4581693230859036,23.27077500000001,0.9929691666666666,2.4217336041666653,-0.9973249731081556,0.0730951298980777,0.5,0.570469706379008,0.25950525351488296,1.9848315384995552,0.04346119533364739,0.31612661845142753,1.134849798266076,1.0704697063790078,True,1.0704697063790078,True,0.5,False,1.0704697063790078,True,0.5,False,0.642617426594752,0.9132160101273461,0.25,0.8248494720321843,0.30612597664501434,0.5804336704598252,7,temperature_plus20
4441,US-Jo2,2019-10-13,US-Jo2,Shrublands,32.58494,-106.60322,0.7,3.8,1.1376631455470558,19.894402083333333,1.2286137500000005,2.778857604166667,-0.9778483415056568,0.2093146459630488,0.7,0.5785025956843118,0.21453235863659653,1.7984174265994888,0.04976329840562466,0.31612661845142753,1.134849798266076,1.2785025956843117,True,1.2785025956843117,True,0.7,False,1.2785025956843117,True,0.7,False,0.8446256489210779,1.1254060260567382,0.25,0.778930233524669,0.35221060896937884,0.6043669445588877,7,temperature_plus20
4442,US-Jo2,2019-10-21,US-Jo2,Shrublands,32.58494,-106.60322,0.1,4.4,0.5994396582562839,14.64742395833334,1.2646899999999992,2.502590979166667,-0.9398560579418952,0.341570769167856,0.1,0.3087991579601011,0.20781498817289282,1.269144201384511,0.039857138702993296,0.31612661845142753,1.134849798266076,0.40879915796010113,True,0.40879915796010113,True,0.1,False,0.40879915796010113,True,0.1,False,0.1771997894900253,0.33759374872828457,0.25,0.3051868806852777,0.10281385572718499,0.5183967374678405,7,temperature_plus20
4443,US-Jo2,2019-10-29,US-Jo2,Shrublands,32.58494,-106.60322,0.4,4.4,0.4754665481277228,15.362579166666665,1.2107379166666667,4.881072499999998,-0.8840675099433637,0.467359217158002,0.4,0.3849787666003219,0.33402917901601203,1.7872129698236432,0.1761059793784416,0.31612661845142753,1.134849798266076,0.7849787666003218,True,0.4,False,0.4,False,0.7849787666003218,True,0.4,False,0.4962446916500805,0.7589577779870087,0.25,0.34508451211566316,0.0726882849263126,0.7371635027589899,7,temperature_plus20
4444,US-Jo2,2019-11-14,US-Jo2,Shrublands,32.58494,-106.60322,0.6,2.4,0.3034393216844465,11.626460416666664,0.891189583333333,3.613871020833334,-0.7236440382959123,0.690173388242972,0.6,0.7121643580919415,0.28347741551629463,1.3026751363843352,0.28302791660692533,0.31612661845142753,1.134849798266076,1.3121643580919415,True,1.3121643580919415,True,0.6,False,1.3121643580919415,True,0.6,False,0.7780410895229853,1.3068693914677483,0.25,0.9591393946721394,0.40263398563255337,0.7747196939711316,7,temperature_plus20
4686,US-NC2,2019-03-30,US-NC2,Evergreen Forests,35.803,-76.6685,3.6,5.2000003,3.541882514058699,17.12044785416666,0.8332232291666668,1.446566354166667,0.9992500112396836,0.0387222808921744,3.6,-0.23231734307260288,0.6006894731186981,1.7048820876703779,-0.09714167583963496,0.34723185559423303,1.0600923451112358,3.367682656927397,True,3.6,False,3.6,False,3.6,False,3.6,False,3.6,3.3579594346093917,0.0,0.14491537661815776,0.08314907749774683,-0.9250164833337132,3,temperature_plus20
4687,US-NC2,2019-04-23,US-NC2,Evergreen Forests,35.803,-76.6685,5.6,5.9,4.827964062398928,19.79826666666667,1.0322289604166668,1.113797041666667,0.9307239310379796,-0.3657225234972689,5.6,-0.7929372642070324,0.7431933837996836,1.726626320621581,-0.6664652271456053,0.34723185559423303,1.0600923451112358,4.807062735792967,True,5.6,False,5.6,False,5.6,False,5.6,False,5.6,4.847884041808903,0.0,-0.39715018335715524,-0.3313985899973857,-1.650263019266556,3,temperature_plus20
4688,US-NC2,2019-05-25,US-NC2,Evergreen Forests,35.803,-76.6685,5.7,5.8,3.915629455419512,25.90768143750001,1.2722690291666667,0.9097826875,0.6016240632249226,-0.7987793728863649,5.7,-0.7086770688003959,0.7772379673751579,2.1666168557917636,-0.40965999119771046,0.34723185559423303,1.0600923451112358,4.991322931199604,True,5.7,False,5.7,False,5.7,False,5.7,False,5.7,5.170682798194518,0.0,-0.3032173085811589,-0.21800905083006933,-1.6048048469899598,3,temperature_plus20
4689,US-NC2,2019-06-02,US-NC2,Evergreen Forests,35.803,-76.6685,6.5,6.2000003,4.693363965911651,25.257873895833324,0.9490516729166668,1.038126,0.48627270710869,-0.8738071036110808,6.5,-0.9989114706957354,0.7362660332885349,1.8950887965420673,-0.8009280779379017,0.34723185559423303,1.0600923451112358,5.501088529304265,True,6.5,False,6.5,False,6.5,False,6.5,False,6.5,6.004003239954003,0.0,-0.61262023130756,-0.5361821171263247,-1.8479320636533214,3,temperature_plus20
4690,US-NC2,2019-06-26,US-NC2,Evergreen Forests,35.803,-76.6685,6.4,6.0,5.5162224223300935,27.85383230208333,1.1933386541666668,0.7630001458333332,0.0945367498171991,-0.9955213724144752,6.4,-0.6309615723540238,0.7020671447828013,2.151522416352095,-0.4312852646370665,0.34723185559423303,1.0600923451112358,5.7690384276459765,True,6.4,False,6.4,False,6.4,False,6.4,False,6.4,6.444158606662033,0.0,-0.15421900855061588,-0.3014986604305497,-1.437167048080906,3,temperature_plus20
4691,US-NC2,2019-08-29,US-NC2,Evergreen Forests,35.803,-76.6685,1.8,4.7000003,4.11048116491275,25.498354875,1.0161602854166665,1.1921264791666666,-0.8452490573530634,-0.5343725582809785,1.8,0.40853636921037834,0.5611721682844157,1.7568735077161564,-0.13969944635834988,0.34723185559423303,1.0600923451112358,2.2085363692103783,True,1.8,False,1.8,False,1.8,False,1.8,False,1.8,2.079689030583628,0.0,1.0165917871408734,0.29845622790469417,-0.0894389074144325,3,temperature_plus20
4692,US-NC2,2019-09-22,US-NC2,Evergreen Forests,35.803,-76.6685,1.2,4.3,1.8319642044326512,23.13206845833333,0.8461062020833331,1.5035669999999997,-0.9886775902323404,-0.1500553983446526,1.2,0.3778684080594907,0.3092230783709044,1.6965707828043228,-0.11399196134717063,0.34723185559423303,1.0600923451112358,1.5778684080594907,True,1.5778684080594907,True,1.2,False,1.2,False,1.2,False,1.2,1.3204825566804042,0.0,0.7347232072642175,0.20992439581971542,0.1889576210945391,3,temperature_plus20
4693,US-NC2,2019-11-01,US-NC2,Evergreen Forests,35.803,-76.6685,0.5,2.3,2.392157921279084,11.567270291666668,0.4941197625,1.8820278958333336,-0.858763958275803,0.5123714121284235,0.5,0.6397287201117247,0.32457057102614784,0.957965700885901,-0.284005865986776,0.34723185559423303,1.0600923451112358,1.1397287201117248,True,1.1397287201117248,True,1.1397287201117248,True,0.5,False,0.5,False,0.5,1.1397287201117248,0.0,0.7323277680406661,0.2789214572627714,0.9079369350317366,3,temperature_plus20
4694,US-NC2,2019-11-09,US-NC2,Evergreen Forests,35.803,-76.6685,0.2,1.8000001,0.9141597178916516,6.528163208333333,0.3371421458333334,1.6628831458333335,-0.780295851070776,0.6254105729852457,0.2,0.4281064959738195,0.3002887562622307,0.7800087186472557,-0.04514723585085891,0.34723185559423303,1.0600923451112358,0.6281064959738195,True,0.6281064959738195,True,0.6281064959738195,True,0.2,False,0.2,False,0.2,0.6281064959738195,0.0,0.5262979468627105,0.09101395393799519,0.6670075871207529,3,temperature_plus20
4695,US-NC2,2019-11-25,US-NC2,Evergreen Forests,35.803,-76.6685,0.2,1.7,0.7252275677714017,9.621518729166665,0.3873346458333333,1.040848604166667,-0.5808002734538014,0.8140460935082175,0.2,0.7530941319108341,0.3131192134740631,1.1346308405837688,-0.29523459512314676,0.34723185559423303,1.0600923451112358,0.9530941319108341,True,0.9530941319108341,True,0.2,False,0.2,False,0.2,False,0.2,0.9530941319108341,0.0,0.6758690381945117,0.48581314251496643,1.097600215023024,3,temperature_plus20
4696,US-NC2,2019-12-03,US-NC2,Evergreen Forests,35.803,-76.6685,0.2,1.9,0.9560009374401204,6.483401541666666,0.32204813125,1.7636417291666666,-0.4635502709028512,0.8860706215341377,0.2,0.4543214940572389,0.16892788568548947,0.9186377382553111,-0.023716709800505015,0.34723185559423303,1.0600923451112358,0.6543214940572388,True,0.6543214940572388,True,0.6543214940572388,True,0.2,False,0.2,False,0.2,0.6543214940572388,0.0,0.591821624924541,0.2657510794721357,0.5053917777750399,3,temperature_plus20
4697,US-NC2,2019-12-19,US-NC2,Evergreen Forests,35.803,-76.6685,0.4,1.4,0.4695875448621806,0.5842550208333336,0.2988395312500001,1.4672380416666673,-0.2051044998686192,0.9787400799669153,0.4,0.33789971226058907,0.18680910729336533,0.6044257195213049,-0.017929283674241077,0.34723185559423303,1.0600923451112358,0.737899712260589,True,0.737899712260589,True,0.737899712260589,True,0.4,False,0.4,False,0.4,0.737899712260589,0.0,0.4075343056318298,0.12627486448548456,0.4798899666644528,3,temperature_plus20
4758,US-NC3,2019-01-09,US-NC2,Evergreen Forests,35.799,-76.656,0.8,2.1000001,1.90227006792063,8.750625000000003,0.5715783916666668,2.417728416666666,0.1543088206642811,0.9880226656636976,0.8,0.42884714438799315,0.33890735918456466,1.1323504240558049,-0.02690870912031978,0.34723185559423303,1.0600923451112358,1.2288471443879931,True,1.2288471443879931,True,0.8,False,0.8,False,0.8,False,0.8,1.2288471443879931,0.0,0.8055057628553742,0.3324657114763713,0.14856995883223403,3,temperature_plus20
4759,US-NC3,2019-01-25,US-NC2,Evergreen Forests,35.799,-76.656,1.1,1.6,0.9790668055064292,2.6460625,0.2705510666666665,1.4298491458333331,0.4171936026123168,0.9088176373395028,1.1,0.23037603571434492,0.1852004757924407,0.5391040132092458,-0.004135455913502041,0.34723185559423303,1.0600923451112358,1.330376035714345,True,1.330376035714345,True,1.330376035714345,True,1.1,False,1.1,False,1.1,1.330376035714345,0.0,0.42979615477570643,0.06378602164636868,0.19754593072095958,3,temperature_plus20
4760,US-NC3,2019-02-02,US-NC2,Evergreen Forests,35.799,-76.656,1.4,1.8000001,0.4125257477466572,4.511583333333333,0.2561804958333333,0.9503294166666668,0.5380051715382996,0.8429415373547828,1.4,0.149258557717022,0.22252804904059387,0.725970870708027,-0.006618199327830022,0.34723185559423303,1.0600923451112358,1.549258557717022,True,1.549258557717022,True,1.549258557717022,True,1.4,False,1.4,False,1.4,1.549258557717022,0.0,0.23585447001136786,-0.10354976473751391,0.31547096787721207,3,temperature_plus20
4761,US-NC3,2019-03-30,US-NC2,Evergreen Forests,35.799,-76.656,2.4,5.1,1.934065635674138,15.863583333333333,0.7793796166666668,2.0489931458333333,0.9992500112396836,0.0387222808921744,2.4,0.057340312391862214,0.7047207895045934,1.6328392127005595,-0.11422393178691555,0.34723185559423303,1.0600923451112358,2.457340312391862,True,2.4,False,2.4,False,2.4,False,2.4,False,2.4,2.449240057124054,0.0,0.4548144681345665,0.47353584285856676,-0.7563293738175466,3,temperature_plus20
4828,US-NC4,2019-02-02,US-NC4,Wetland/Riparian,35.7879,-75.9038,1.1,1.8000001,0.7667879791480557,7.902620812499999,0.2771806166666668,2.137642458333333,0.5380051715382996,0.8429415373547828,1.1,0.7230276133573418,0.19434371382581433,1.106050936522003,-0.10736646557560531,0.2975305813427684,0.991968335179906,1.823027613357342,True,1.823027613357342,True,1.1,False,1.1,False,1.1,False,1.1,1.823027613357342,0.0,0.5391514253584855,0.7035581684787076,0.9263732462348322,2,temperature_plus20
4829,US-NC4,2019-04-23,US-NC4,Wetland/Riparian,35.7879,-75.9038,5.1,5.9,4.7290879624792845,22.7957565,1.0886480020833336,2.4600385625,0.9307239310379796,-0.3657225234972689,5.1,-0.10054457657874986,0.680044062335767,2.0900313263926336,0.08572331144058304,0.2975305813427684,0.991968335179906,4.999455423421249,True,5.1,False,5.1,False,4.999455423421249,True,5.1,False,5.1,4.8028259704267855,0.0,0.002365428567209976,0.5221792360366269,-0.8261783943400864,2,temperature_plus20
4830,US-NC4,2019-05-01,US-NC4,Wetland/Riparian,35.7879,-75.9038,5.7,6.0,3.10871217805749,26.24862808333334,0.6590770208333333,2.6003397500000007,0.8717063187093218,-0.4900286664290592,5.7,-0.04125851092505425,0.6777583547527384,2.331715920025793,0.062436222827031276,0.2975305813427684,0.991968335179906,5.658741489074946,True,5.7,False,5.7,False,5.658741489074946,True,5.7,False,5.7,5.4082187600684195,0.0,-0.06881863242566826,0.6498595136323113,-0.7048164139818058,2,temperature_plus20
4831,US-NC4,2019-06-02,US-NC4,Wetland/Riparian,35.7879,-75.9038,6.4,6.1,5.81474612205992,27.598297125,0.8736969749999997,2.102677083333333,0.48627270710869,-0.8738071036110808,6.4,0.003917947681653174,0.436182532769981,2.1216668030084582,0.0702693097778591,0.2975305813427684,0.991968335179906,6.403917947681654,True,6.4,False,6.4,False,6.403917947681654,True,6.4,False,6.4,6.156286425940831,0.0,-0.02332379684707328,0.45308286755763194,-0.4180052276655991,2,temperature_plus20
4832,US-NC4,2019-06-10,US-NC4,Wetland/Riparian,35.7879,-75.9038,6.3,5.8,6.011572343858299,29.633104520833346,0.4589769625,2.0590986875,0.3617137307297676,-0.9322892131745132,6.3,0.24488525879414902,0.32287789415819845,2.3472122428170477,0.062436222827031276,0.2975305813427684,0.991968335179906,6.544885258794149,True,6.3,False,6.3,False,6.544885258794149,True,6.3,False,6.3,6.375769763114055,0.0,0.2660998087636123,0.5566327444198784,-0.0880767768010437,2,temperature_plus20
4833,US-NC4,2019-07-28,US-NC4,Wetland/Riparian,35.7879,-75.9038,6.2,5.7000003,5.815120570500312,28.396721750000008,1.2145780520833336,2.0923921458333323,-0.4405187843504952,-0.8977433935342336,6.2,0.359286539256374,0.2725643083870903,2.211179495822172,0.07320478252256915,0.2975305813427684,0.991968335179906,6.559286539256374,True,6.559286539256374,True,6.2,False,6.559286539256374,True,6.2,False,6.2,6.643790515639844,0.0,0.5075834430726649,0.5255488263875009,0.044727348308956,2,temperature_plus20
4834,US-NC4,2019-08-13,US-NC4,Wetland/Riparian,35.7879,-75.9038,5.6,6.1,4.568767593604241,31.2409205625,0.2925020083333332,2.3377552083333337,-0.6680638642135333,-0.7441039398713608,5.6,0.07951265986502332,0.5927520281345359,2.395580579270269,0.0702693097778591,0.2975305813427684,0.991968335179906,5.679512659865023,True,5.6,False,5.6,False,5.679512659865023,True,5.6,False,5.6,5.4118851253833125,0.0,0.27874916392183235,0.5469778042132201,-0.5871889885399825,2,temperature_plus20
4835,US-NC4,2019-08-29,US-NC4,Wetland/Riparian,35.7879,-75.9038,5.2,4.8,6.065739456361736,28.09854081250002,0.7512076979166666,2.6622711666666667,-0.8452490573530634,-0.5343725582809785,5.2,0.724032539597479,0.43470562333299967,2.144167046175399,-0.2461175240944256,0.2975305813427684,0.991968335179906,5.924032539597479,True,5.2,False,5.2,False,5.2,False,5.2,False,5.2,5.698123188810985,0.0,0.9920279136274244,0.957598232941927,0.2224714722230858,2,temperature_plus20
4836,US-NC4,2019-09-22,US-NC4,Wetland/Riparian,35.7879,-75.9038,4.3,4.8,3.0212398764285617,26.10254166666667,0.8175025416666665,2.0194341666666675,-0.9886775902323404,-0.1500553983446526,4.3,0.3629076730995575,0.37724121075737466,1.7910370034288452,0.006972855659625602,0.2975305813427684,0.991968335179906,4.662907673099557,True,4.3,False,4.3,False,4.662907673099557,True,4.3,False,4.3,4.322170832548104,0.0,0.4335852508033977,0.6998113336017219,-0.044673565106447155,2,temperature_plus20
4837,US-NC4,2019-10-24,US-NC4,Wetland/Riparian,35.7879,-75.9038,2.7,3.1000001,1.7520784359527355,21.27008333333333,0.7036552916666666,2.23268875,-0.9209712877166346,0.3896304495307877,2.7,0.9611666369121973,0.3084486132794354,1.902493524331532,-0.2192279213001743,0.2975305813427684,0.991968335179906,3.6611666369121973,True,2.7,False,2.7,False,2.7,False,2.7,False,2.7,3.556982567636824,0.0,1.1887821560884873,1.0846012188370877,0.6101165358110171,2,temperature_plus20
4838,US-NC4,2019-11-01,US-NC4,Wetland/Riparian,35.7879,-75.9038,1.4,2.4,3.2411052467850863,16.614458333333335,0.5526399583333335,4.015864843750001,-0.858763958275803,0.5123714121284235,1.4,1.3556773782525167,0.5240189206376826,1.6885746683590401,-0.31234852151540154,0.2975305813427684,0.991968335179906,2.755677378252517,True,1.4,False,1.4,False,1.4,False,1.4,False,1.4,2.600420721851152,0.0,1.8699337754656755,1.3746851925640065,0.8224131667278677,2,temperature_plus20
4839,US-NC4,2019-11-09,US-NC4,Wetland/Riparian,35.7879,-75.9038,1.2,1.6,1.3923272740901154,10.800958333333329,0.4171825624999999,2.8278813125000006,-0.780295851070776,0.6254105729852457,1.2,1.1077390003403096,0.2287157913515259,1.2009757825395166,-0.18561976735832422,0.2975305813427684,0.991968335179906,2.3077390003403098,True,2.3077390003403098,True,1.2,False,1.2,False,1.2,False,1.2,2.3077390003403098,0.0,1.3530171454892295,1.069893128246689,0.9003067272850105,2,temperature_plus20
4840,US-NC4,2019-12-03,US-NC4,Wetland/Riparian,35.7879,-75.9038,1.1,2.1000001,0.6797899532757663,9.614533104166666,0.4149347895833333,3.4240711666666663,-0.4635502709028512,0.8860706215341377,1.1,1.0879746397929644,0.3206398629759609,1.2605946400048569,-0.15691336595094438,0.2975305813427684,0.991968335179906,2.1879746397929645,True,1.1,False,1.1,False,1.1,False,1.1,False,1.1,2.1879746397929645,0.0,1.3305171993816016,1.2089630384851562,0.7244436815121357,2,temperature_plus20
5068,US-NR1,2019-01-05,US-NR1,Evergreen Forests,40.0329,-105.5464,1.4,1.7,0.3046588401262119,0.4435069444444445,0.4364444444444446,2.4435833333333337,0.0859647987374464,0.9962981749346078,1.4,0.27001875129373815,0.15133608524255623,0.583944646107706,0.01222669130941725,0.32208672453768594,0.9836970921221091,1.6700187512937381,True,1.6700187512937381,True,1.6700187512937381,True,1.6700187512937381,True,1.6700187512937381,True,1.4,1.6700187512937381,0.0,0.35237928419374964,0.36231195659696824,0.09536501309049661,1,temperature_plus20
5069,US-NR1,2019-04-27,US-NR1,Evergreen Forests,40.0329,-105.5464,4.6,3.5,5.156309028531952,3.4036597222222227,0.3325659722222222,8.910416666666666,0.9033558023246844,-0.4288919379124835,4.6,1.0396516384317522,0.2096241838975459,1.4723364869957312,-0.338201207593528,0.32208672453768594,0.9836970921221091,5.639651638431752,True,5.639651638431752,True,4.6,False,4.6,False,4.6,False,4.6,5.676925185052717,0.0,1.067126340472488,1.2341837139615663,0.817644860861202,1,temperature_plus20
5070,US-NR1,2019-06-30,US-NR1,Evergreen Forests,40.0329,-105.5464,4.2,5.0,2.805414776616922,12.384166666666664,0.5934388888888887,3.7727083333333336,0.025818440227133,-0.9996666485105112,4.2,0.6460736217098265,0.11174536705000485,1.063110780026975,-0.07179349941761207,0.32208672453768594,0.9836970921221091,4.846073621709826,True,4.846073621709826,True,4.2,False,4.2,False,4.2,False,4.2,4.884323475374114,0.0,0.7706487837562244,0.5546690558156698,0.612903025557585,1,temperature_plus20
5071,US-NR1,2019-07-01,US-NR1,Evergreen Forests,40.0329,-105.5464,4.7,4.7000003,4.744873027993808,11.841874999999996,0.4378208333333333,2.830833333333332,0.0086069968886886,-0.9999629591162656,4.7,0.5326958308808007,0.5199405747998758,0.850077116864927,-0.045704229774468474,0.32208672453768594,0.9836970921221091,5.232695830880801,True,4.7,False,5.232695830880801,True,4.7,False,4.7,False,4.7,5.241411287318385,0.0,1.0111475526247693,-0.020617858143436668,0.6075577981610696,1,temperature_plus20
5072,US-NR1,2019-07-16,US-NR1,Evergreen Forests,40.0329,-105.5464,5.4,5.5,3.9468202318075134,14.593611111111116,0.9017895833333336,3.736875,-0.2470221804809352,-0.9690098257244064,5.4,0.31755072647694316,0.22655289315511004,0.8434357818079329,-0.004027610081857833,0.32208672453768594,0.9836970921221091,5.717550726476944,True,5.717550726476944,True,5.717550726476944,True,5.4,False,5.4,False,5.4,5.887566033828634,0.0,0.5771973459446859,0.21536684774627132,0.1600879857398723,1,temperature_plus20
5073,US-NR1,2019-07-17,US-NR1,Evergreen Forests,40.0329,-105.5464,5.4,6.8,3.853993725614338,17.210555555555555,1.3812708333333337,4.347499999999998,-0.2636654927280072,-0.9646141756912436,5.4,-0.35764895740919345,0.044601945996795386,1.1478119313703492,0.018322303819987486,0.32208672453768594,0.9836970921221091,5.042351042590807,True,5.042351042590807,True,5.4,False,5.042351042590807,True,5.4,False,5.4,5.308810795283559,0.0,-0.3189371533769936,-0.3475875047153528,-0.40642221413523405,1,temperature_plus20
5074,US-NR1,2019-07-24,US-NR1,Evergreen Forests,40.0329,-105.5464,5.0,5.3,3.6305462622083433,14.494166666666665,0.8268256944444446,3.405333333333333,-0.3777079652039646,-0.92592477719385,5.0,0.4044091105447995,0.16219325074156615,0.915790925339422,0.05748449509663747,0.32208672453768594,0.9836970921221091,5.404409110544799,True,5.404409110544799,True,5.404409110544799,True,5.404409110544799,True,5.404409110544799,True,5.0,5.516919582604676,0.0,0.5864606649346037,0.3514566080226734,0.2753100586771212,1,temperature_plus20
5075,US-NR1,2019-08-09,US-NR1,Evergreen Forests,40.0329,-105.5464,5.0,4.8,5.347351457251173,13.250138888888891,0.626679861111111,3.016875000000002,-0.6152845999633277,-0.7883050558305253,5.0,0.5881777384733831,0.11281623393476113,0.9401922187628731,0.04661592451171215,0.32208672453768594,0.9836970921221091,5.588177738473383,True,5.588177738473383,True,5.588177738473383,True,5.588177738473383,True,5.588177738473383,True,5.0,5.603883666742675,0.0,0.7109814232235204,0.48913358083922853,0.5644182113574001,1,temperature_plus20
5076,US-NR1,2019-08-17,US-NR1,Evergreen Forests,40.0329,-105.5464,4.6,5.5,3.4826162403519976,12.573888888888886,0.9099166666666664,3.5004166666666667,-0.7176769136759615,-0.6963762255968726,4.6,0.16417303734379315,0.11127448636594733,0.9254602283909635,0.06185260176167656,0.32208672453768594,0.9836970921221091,4.7641730373437925,True,4.7641730373437925,True,4.7641730373437925,True,4.7641730373437925,True,4.7641730373437925,True,4.6,4.769643908747121,0.0,0.047066430717556895,0.2685143667049008,0.1769383146089217,1,temperature_plus20
5077,US-NR1,2019-08-18,US-NR1,Evergreen Forests,40.0329,-105.5464,4.4,6.0,3.4075797106305297,14.183194444444444,1.1028958333333334,2.5033333333333325,-0.7295575540864876,-0.6839194216246105,4.4,-0.34389982033868766,0.14505271287248248,0.735904019521867,-0.026240492399563536,0.32208672453768594,0.9836970921221091,4.056100179661312,True,4.056100179661312,True,4.056100179661312,True,4.4,False,4.4,False,4.4,4.092459501651749,0.0,-0.3898398525061662,-0.18143993152217572,-0.4604196769877211,1,temperature_plus20
5078,US-NR1,2019-08-25,US-NR1,Evergreen Forests,40.0329,-105.5464,5.4,6.7000003,3.0263117134996684,16.470000000000002,1.3558819444444443,4.14,-0.8064799463209447,-0.5912614448635782,5.4,-0.786085180008575,0.16160128459274173,1.3187850635382419,-0.3296482002403722,0.32208672453768594,0.9836970921221091,4.613914819991425,True,4.613914819991425,True,5.4,False,5.4,False,5.4,False,5.4,4.7148538545495855,0.0,-0.9548817052591498,-0.6327973319619531,-0.770576502804622,1,temperature_plus20
5079,US-NR1,2019-09-02,US-NR1,Evergreen Forests,40.0329,-105.5464,4.6,5.4,1.95999574535495,16.221041666666668,1.4950486111111108,3.5758333333333336,-0.8800122039735356,-0.4749510720670502,4.6,-0.08956599301225754,0.07996945733114397,1.216071973668863,-0.008412460505637539,0.32208672453768594,0.9836970921221091,4.510434006987742,True,4.510434006987742,True,4.6,False,4.6,False,4.6,False,4.6,4.535839908313292,0.0,-0.12597741391136047,-0.14485021675045,0.002129651625037865,1,temperature_plus20
5080,US-NR1,2019-09-03,US-NR1,Evergreen Forests,40.0329,-105.5464,3.6,4.7000003,1.7170710030303782,13.6725,0.7613999999999997,2.325791666666667,-0.888057322629493,-0.4597327394521046,3.6,0.33428292041201474,0.11776216976797631,0.6371061923927189,-0.07497972182298983,0.32208672453768594,0.9836970921221091,3.9342829204120147,True,3.9342829204120147,True,3.9342829204120147,True,3.6,False,3.6,False,3.6,3.9688366812765596,0.0,0.3631630037274558,0.2047673200146923,0.434918437493896,1,temperature_plus20
5081,US-NR1,2019-09-19,US-NR1,Evergreen Forests,40.0329,-105.5464,3.3,3.8,1.568055663065652,10.156388888888891,0.7017611111111112,2.471625,-0.97961369164549,-0.2008905551306352,3.3,0.48667483383413307,0.23337255802384685,0.714729289078052,-0.04789911213396471,0.32208672453768594,0.9836970921221091,3.786674833834133,True,3.786674833834133,True,3.786674833834133,True,3.3,False,3.3,False,3.3,3.786674833834133,0.0,0.45623213143331387,0.2700175912801921,0.7337747787888932,1,temperature_plus20
5082,US-NR1,2019-09-26,US-NR1,Evergreen Forests,40.0329,-105.5464,2.8,4.7000003,1.1422773417209489,12.005694444444444,0.9182083333333332,6.356249999999998,-0.99665890175417,-0.0816763953304228,2.8,0.15368536602145896,0.24451423776803743,1.4468791385569426,0.021233982397545658,0.32208672453768594,0.9836970921221091,2.9536853660214586,True,2.9536853660214586,True,2.8,False,2.9536853660214586,True,2.8,False,2.8,2.9666711715677794,0.0,0.021645073309529972,0.0035776953415420087,0.4358333294133049,1,temperature_plus20
5083,US-NR1,2019-10-04,US-NR1,Evergreen Forests,40.0329,-105.5464,2.7,4.2000003,2.1372653834105124,8.248451388888887,0.7846388888888886,3.8977083333333336,-0.9984354211555644,0.055916990100603,2.7,0.3225903844309493,0.1356750422467353,0.8164227175704998,-0.004442510147599268,0.32208672453768594,0.9836970921221091,3.0225903844309494,True,3.0225903844309494,True,3.0225903844309494,True,2.7,False,2.7,False,2.7,3.0225903844309494,0.0,0.3436673610928479,0.1776103181572045,0.4464934740427954,1,temperature_plus20
5084,US-NR1,2019-10-05,US-NR1,Evergreen Forests,40.0329,-105.5464,2.7,3.4,0.2687718603659195,2.916125,0.6099166666666668,9.6425,-0.9973249731081556,0.0730951298980777,2.7,0.5303612421099715,0.25670868352937143,1.9510190724332368,-0.022644597405640555,0.32208672453768594,0.9836970921221091,3.2303612421099714,True,3.2303612421099714,True,2.7,False,2.7,False,2.7,False,2.7,3.501300279884046,0.0,0.8239238430658499,0.3480117298496307,0.4191481534144339,1,temperature_plus20
5085,US-NR1,2019-10-12,US-NR1,Evergreen Forests,40.0329,-105.5464,2.9,3.1000001,0.8004140725679892,1.2503194444444443,0.5261527777777777,8.449583333333331,-0.9813064702716092,0.1924515819708299,2.9,0.7769886721052344,0.3081697951472141,1.6940341588152101,0.04843681475281175,0.32208672453768594,0.9836970921221091,3.6769886721052343,True,3.6769886721052343,True,2.9,False,3.6769886721052343,True,2.9,False,2.9,3.8457617279233207,0.0,1.071181713432234,0.45652415131727775,0.8032601515661913,1,temperature_plus20
5086,US-NR1,2019-11-13,US-NR1,Evergreen Forests,40.0329,-105.5464,0.8,2.0,0.3568879584775779,-1.5890972222222224,0.2726493055555554,7.110416666666663,-0.7354170229639858,0.6776147890466887,0.8,1.1467450045327763,0.508235776821729,1.2258752438418887,-0.16458681079707016,0.32208672453768594,0.9836970921221091,1.9467450045327763,True,0.8,False,0.8,False,0.8,False,0.8,False,0.8,1.9467450045327763,0.0,1.5545792846330218,0.5773733463508861,1.308282382614421,1,temperature_plus20
5240,US-Ro4,2019-03-25,US-Ro1,Grasslands,44.6781,-93.0723,1.3,1.8000001,0.7630801996164767,0.852964764583333,0.2769822134395834,1.11868875625,0.9922222094179324,0.1244792638867891,1.3,0.45906384725140575,0.14895343040419443,0.7956529132174357,0.06280194951507917,0.38099470276843933,1.2403463146534146,1.7590638472514057,True,1.7590638472514057,True,1.7590638472514057,True,1.7590638472514057,True,1.7590638472514057,True,1.4147659618128514,1.7590638472514057,0.25,0.29624751080443035,0.5884850852441362,0.49245894570565074,5,temperature_plus20
5241,US-Ro4,2019-04-03,US-Ro1,Grasslands,44.6781,-93.0723,1.3,2.8,0.4528885613816549,2.2659057020833333,0.3706637961020833,1.3782233083333333,0.9995462806873572,-0.0301203048469081,1.3,0.4993922142907235,0.1412577722554884,0.7721027034996407,-0.00718988711400327,0.38099470276843933,1.2403463146534146,1.7993922142907235,True,1.7993922142907235,True,1.7993922142907235,True,1.3,False,1.3,False,1.4248480535726809,1.7993922142907235,0.25,0.3372902632818989,0.5961268224079235,0.5647595571823483,5,temperature_plus20
5242,US-Ro4,2019-04-26,US-Ro1,Grasslands,44.6781,-93.0723,2.5,4.4,1.5463980313824286,9.926893979166662,0.7496101072291665,3.2320439708333337,0.9106046300942164,-0.4132786077829042,2.5,0.394945825984697,0.6263291243628629,1.2109965007680068,0.16357088642586215,0.38099470276843933,1.2403463146534146,2.894945825984697,True,2.5,False,2.894945825984697,True,2.894945825984697,True,2.894945825984697,True,2.5987364564961744,2.894945825984697,0.25,1.0413906989452208,0.352561317307002,-0.2091145382981316,5,temperature_plus20
5243,US-Ro4,2019-05-05,US-Ro1,Grasslands,44.6781,-93.0723,2.1,3.7,0.6010225215172583,12.568068541666662,0.7052613692541668,1.5736621708333332,0.835925479418637,-0.548842958284719,2.1,0.47628269604801593,0.3329052024815833,1.3864554673022584,0.16482784855762792,0.38099470276843933,1.2403463146534146,2.576282696048016,True,2.576282696048016,True,2.1,False,2.576282696048016,True,2.1,False,2.219070674012004,2.6123071904683886,0.25,0.3950588016705264,0.8422834615386805,0.19150582493484095,5,temperature_plus20
5244,US-Ro4,2019-06-05,US-Ro1,Grasslands,44.6781,-93.0723,2.0,4.9,2.531227401629253,22.20344479166666,0.8301565646270835,1.425437045833334,0.440518784350495,-0.8977433935342337,2.0,0.20400085135839627,0.6368604434592784,1.842288438854054,0.16357088642586215,0.38099470276843933,1.2403463146534146,2.2040008513583964,True,2.0,False,2.0,False,2.2040008513583964,True,2.0,False,2.051000212839599,2.4249345093102592,0.25,0.45749666629242625,0.6750791128580365,-0.5205732250752739,5,temperature_plus20
5245,US-Ro4,2019-08-24,US-Ro1,Grasslands,44.6781,-93.0723,3.3,4.3,2.8026793285603184,18.034451875,0.5442275136229168,1.7623377041666677,-0.7961828637826154,-0.6050560696488494,3.3,0.6779177893838737,0.4631462180262463,0.9523040801750844,0.08980827040700186,0.38099470276843933,1.2403463146534146,3.9779177893838735,True,3.3,False,3.9779177893838735,True,3.9779177893838735,True,3.9779177893838735,True,3.469479447345968,4.077996745693838,0.25,1.1831231082956535,0.5772365194011271,0.27339374045484066,5,temperature_plus20
5246,US-Ro4,2019-09-25,US-Ro1,Grasslands,44.6781,-93.0723,1.8,2.6000001,2.155197350194575,15.822386833333338,0.6171769833833333,2.5051906187500004,-0.9951053111006974,-0.0988201387328721,1.8,1.1320595258285002,0.408985804890938,1.4339823565944356,0.7474845983256403,0.38099470276843933,1.2403463146534146,2.9320595258285005,True,1.8,False,1.8,False,2.9320595258285005,True,1.8,False,2.083014881457125,2.8900163923053155,0.25,1.5581695435328051,1.0953339762601448,0.742675057692551,5,temperature_plus20
5247,US-Ro4,2019-11-12,US-Ro1,Grasslands,44.6781,-93.0723,0.4,0.8,0.4488723360308261,-11.8225448125,0.1006959807,2.202526189583333,-0.7469720876965551,0.6648553979642867,0.4,0.16804666967240142,0.022618886195428622,0.4994738152413666,0.017132313886414025,0.38099470276843933,1.2403463146534146,0.5680466696724015,True,0.5680466696724015,True,0.5680466696724015,True,0.5680466696724015,True,0.5680466696724015,True,0.4420116674181004,0.5680466696724015,0.25,0.19290359948878602,0.14867458950994503,0.16256182001847316,5,temperature_plus20
5248,US-Ro4,2020-03-20,US-Ro1,Grasslands,44.6781,-93.0723,0.5,1.9,1.7684507962758294,-2.941492085979167,0.2164843842916666,2.984569518749999,0.9813064702716092,0.1924515819708299,0.5,0.6964925078169921,0.20501586318112672,0.8827438649526218,0.04829359147699337,0.38099470276843933,1.2403463146534146,1.1964925078169921,True,1.1964925078169921,True,1.1964925078169921,True,1.1964925078169921,True,1.1964925078169921,True,0.674123126954248,1.1964925078169921,0.25,0.8456217026034005,0.4627052154250204,0.7811506054225557,5,temperature_plus20
5249,US-Ro4,2020-04-04,US-Ro1,Grasslands,44.6781,-93.0723,1.7,2.3,1.5602023426661529,-1.4681451208333327,0.20121736930625,1.2610528,0.9979171608653922,-0.0645084494493162,1.7,0.5089748704721831,0.19617642185387724,0.6422930889923049,-0.009540120481351326,0.38099470276843933,1.2403463146534146,2.208974870472183,True,2.208974870472183,True,2.208974870472183,True,1.7,False,1.7,False,1.8272437176180458,2.208974870472183,0.25,0.29038549400828206,0.6697399566454029,0.5667991607628644,5,temperature_plus20
5250,US-Ro4,2020-04-05,US-Ro1,Grasslands,44.6781,-93.0723,1.1,3.2,0.7233982032483762,4.209333591666666,0.4320576078937501,1.6139322229166668,0.9966589017541702,-0.0816763953304224,1.1,0.487919140003546,0.11323217213455772,0.9375290860149048,0.05866873404341228,0.38099470276843933,1.2403463146534146,1.5879191400035462,True,1.5879191400035462,True,1.5879191400035462,True,1.5879191400035462,True,1.5879191400035462,True,1.2219797850008867,1.5879191400035462,0.25,0.37237835149714926,0.5986920761750353,0.49268699233845337,5,temperature_plus20
5251,US-Ro4,2020-04-21,US-Ro1,Grasslands,44.6781,-93.0723,1.1,2.9,0.4718352312722417,4.052242563541667,0.5003357213520835,2.257566704166667,0.9368813462954316,-0.3496474552512284,1.1,0.9102288146053429,0.2130270766929135,1.1125696439428545,0.2028972940896012,0.38099470276843933,1.2403463146534146,2.010228814605343,True,2.010228814605343,True,2.010228814605343,True,2.010228814605343,True,2.010228814605343,True,1.327557203651336,2.010228814605343,0.25,0.8566037922829113,1.1449446762446533,0.7291379752884639,5,temperature_plus20
5252,US-Ro4,2020-05-15,US-Ro1,Grasslands,44.6781,-93.0723,3.2,4.7000003,0.4501674313085945,13.729280812499995,0.774412540804167,1.6091841,0.717676913675962,-0.6963762255968722,3.2,-0.002646611849603797,0.42877521444232014,1.1768107072013696,0.14490145968703813,0.38099470276843933,1.2403463146534146,3.1973533881503964,True,3.2,False,3.1973533881503964,True,3.1973533881503964,True,3.1973533881503964,True,3.199338347037599,3.2683739445791287,0.25,0.166763980489908,0.3155416547518013,-0.4902454707905207,5,temperature_plus20
5253,US-Ro4,2020-05-31,US-Ro1,Grasslands,44.6781,-93.0723,2.8,5.3,1.6799612294898638,16.89612329166667,1.1273229239708331,1.61193491875,0.5012418134457758,-0.865307254363206,2.8,-0.026911653596007074,0.6228921893375726,1.356477954472167,0.16357088642586215,0.38099470276843933,1.2403463146534146,2.7730883464039926,True,2.8,False,2.8,False,2.7730883464039926,True,2.8,False,2.793272086600998,2.9471816087386684,0.25,0.15963708882095326,0.4813905327214376,-0.7217625823304121,5,temperature_plus20
5254,US-Ro4,2020-06-07,US-Ro1,Grasslands,44.6781,-93.0723,4.7,7.1,4.099247234635499,23.252175,1.0580588638416668,4.201330250000002,0.3935902766564667,-0.9192859697186104,4.7,-0.5108816915857656,0.7514280261076751,1.7052860616086147,0.11403352158789472,0.38099470276843933,1.2403463146534146,4.189118308414234,True,4.7,False,4.7,False,4.189118308414234,True,4.7,False,4.572279577103559,4.95058083629141,0.25,0.3354982164915772,-0.7686181270087284,-1.0995251642401453,5,temperature_plus20
5255,US-Ro4,2020-06-08,US-Ro1,Grasslands,44.6781,-93.0723,4.5,8.1,4.90081988980565,28.11311104166667,1.914831580989583,3.638913820833333,0.3777079652039649,-0.9259247771938498,4.5,-1.5460333622865736,0.8691551301246211,2.0824004579217066,-0.6196777101829959,0.38099470276843933,1.2403463146534146,2.9539666377134264,True,4.5,False,4.5,False,4.5,False,4.5,False,4.113491659428357,3.765093480509852,0.25,-0.738933098644774,-1.432986442679622,-2.466180545535325,5,temperature_plus20
5256,US-Ro4,2020-06-16,US-Ro1,Grasslands,44.6781,-93.0723,4.6,7.3,5.259788743495305,25.38197229166667,1.7575085353666664,3.4084443541666656,0.2470221804809355,-0.9690098257244062,4.6,-0.9759084674207905,0.6784080212322445,1.7198483315346642,-0.028282102993296313,0.38099470276843933,1.2403463146534146,3.624091532579209,True,4.6,False,4.6,False,4.6,False,4.6,False,4.356022883144802,4.190481697305068,0.25,-0.3052382523193391,-0.9606889569673036,-1.6617981929757286,5,temperature_plus20
6366,US-Sne,2019-03-08,US-Sne,Wetland/Riparian,38.0369,-121.7547,3.2,2.8,4.5697110303984365,13.490286958333336,0.4840489229166667,5.2932073750000015,0.9141279881853336,0.4054257283599973,3.2,-0.11055447470134107,0.6478298473455706,1.9031171514729475,0.0841275734073191,0.29549960979371537,0.9457590135934477,3.0894455252986592,True,3.2,False,3.2,False,3.0894455252986592,True,3.2,False,3.1723613813246647,3.138294705594672,0.25,0.6298471713810982,-0.3883563639251408,-0.5731542315599807,8,temperature_plus20
6367,US-Sne,2019-03-16,US-Sne,Wetland/Riparian,38.0369,-121.7547,3.6,3.1000001,2.2407551501084133,16.7047893125,0.6072588395833333,0.9500157916666668,0.9611297838723007,0.2760969730974688,3.6,-0.6672400431123314,0.9326982169888152,1.9737944090016477,0.3212739335138282,0.29549960979371537,0.9457590135934477,2.9327599568876686,True,3.6,False,3.6,False,2.9327599568876686,True,3.6,False,3.4331899892219173,3.013993301772207,0.25,0.33117705276385784,-0.8167366510616232,-1.516160531039229,8,temperature_plus20
6368,US-Sne,2019-04-09,US-Sne,Wetland/Riparian,38.0369,-121.7547,5.7,5.1,5.860658147685804,18.809345354166663,0.6340029979166669,5.5759659999999975,0.9911140639934548,-0.1330147065341959,5.7,-0.8320683055728152,0.672005461166235,2.1614847853850354,-0.013905571660410603,0.29549960979371537,0.9457590135934477,4.867931694427185,True,5.7,False,5.7,False,5.7,False,5.7,False,5.4919829236067965,5.22010933669158,0.25,-0.06713297352432936,-1.3274376685513052,-1.1016342746428114,8,temperature_plus20
6369,US-Sne,2019-04-17,US-Sne,Wetland/Riparian,38.0369,-121.7547,5.7,5.0,4.452488575990203,20.165814020833334,0.6907032750000001,2.8157290625000013,0.9634705485641488,-0.2678143051621742,5.7,-1.2433570119095867,1.0283145371880338,1.7028217979742681,-0.05778403134959964,0.29549960979371537,0.9457590135934477,4.4566429880904135,True,5.7,False,5.7,False,5.7,False,5.7,False,5.389160747022603,4.583418495435105,0.25,-0.060088189304823514,-1.7493353815050754,-1.9206474649188614,8,temperature_plus20
6370,US-Sne,2019-04-25,US-Sne,Wetland/Riparian,38.0369,-121.7547,6.1,5.7000003,6.6775310409894475,23.08297185416666,0.7761299187500001,4.443385145833333,0.9175836260593936,-0.3975428142825559,6.1,-1.2337490875503694,0.8857498741538938,1.9874013793730405,-0.12653808156578092,0.29549960979371537,0.9457590135934477,4.8662509124496305,True,6.1,False,6.1,False,6.1,False,6.1,False,5.791562728112408,5.239163711279898,0.25,-0.21219897897878012,-1.7011724253572353,-1.7878758583150927,8,temperature_plus20
6371,US-Sne,2019-05-03,US-Sne,Wetland/Riparian,38.0369,-121.7547,6.2,5.9,5.7340291294269,20.654132416666663,0.8483858354166668,3.621178708333333,0.854322169749827,-0.5197438121555155,6.2,-1.2682480809291043,0.8644990648894366,1.5254798150791047,-0.06025816435095435,0.29549960979371537,0.9457590135934477,4.931751919070896,True,6.2,False,6.2,False,6.2,False,6.2,False,5.882937979767724,5.1717231273019175,0.25,-0.2755361991273442,-1.6737691552207552,-1.8554388884392137,8,temperature_plus20
6372,US-Sne,2019-05-11,US-Sne,Wetland/Riparian,38.0369,-121.7547,6.3,5.9,5.660057627799969,19.833542520833333,0.50303596875,5.5301680625,0.7748840413670407,-0.6321034111873487,6.3,-0.7637493926580342,0.5187213066099371,1.9313651684114248,0.09851130626613043,0.29549960979371537,0.9457590135934477,5.536250607341966,True,6.3,False,6.3,False,5.536250607341966,True,6.3,False,6.109062651835491,5.975608291372603,0.25,-0.16956681101061297,-1.1262783536819023,-0.9954030132815872,8,temperature_plus20
6373,US-Sne,2019-05-27,US-Sne,Wetland/Riparian,38.0369,-121.7547,5.3,4.7000003,4.093398815602477,18.4788208125,0.5128749770833331,2.1523707083333337,0.5737722679043246,-0.8190148866680801,5.3,-0.28156761810667574,0.8341272698161011,1.4027424464671714,0.04172027846109885,0.29549960979371537,0.9457590135934477,5.018432381893324,True,5.3,False,5.3,False,5.018432381893324,True,5.3,False,5.229608095473331,5.287457583627522,0.25,0.6718909689192769,-0.6401620549061564,-0.8764317683331477,8,temperature_plus20
6374,US-Sne,2019-06-04,US-Sne,Wetland/Riparian,38.0369,-121.7547,7.6,7.5,6.41792242783096,27.446678499999997,1.0399212145833334,3.978942333333332,0.4559066935084588,-0.8900275764346767,7.6,-1.9211509010082886,1.1039547079099834,1.8951350797039688,-0.8413366732597901,0.29549960979371537,0.9457590135934477,5.678849098991711,True,7.6,False,7.6,False,7.6,False,7.6,False,7.119712274747927,6.724218165738863,0.25,-0.6971629764600493,-2.2247519847383552,-2.8415377418264613,8,temperature_plus20
6375,US-Sne,2019-06-12,US-Sne,Wetland/Riparian,38.0369,-121.7547,8.5,8.400001,9.962814422752,30.08651133333333,1.7417068249999996,4.014350020833333,0.3294084822245304,-0.9441875088341992,8.5,-2.4119756279701465,1.1704939711565183,2.193325367881939,-1.14876986366461,0.29549960979371537,0.9457590135934477,6.088024372029853,True,8.5,False,8.5,False,8.5,False,8.5,False,7.897006093007463,7.860453607635603,0.25,-1.2385205486384359,-2.4179204895999633,-3.5794858456720404,8,temperature_plus20
6376,US-Sne,2019-06-20,US-Sne,Wetland/Riparian,38.0369,-121.7547,7.3,6.6,6.648121881169312,22.470927354166665,0.6450092395833332,6.758211177083336,0.1966728897935764,-0.980469160361632,7.3,-0.8318432842571135,0.37160178997068044,2.4572678317538514,0.05938012534841225,0.29549960979371537,0.9457590135934477,6.468156715742886,True,7.3,False,7.3,False,6.468156715742886,True,7.3,False,7.092039178935721,7.128358345621215,0.25,-0.4032721637833738,-1.064376757561679,-1.0278809314262878,8,temperature_plus20
6377,US-Sne,2019-07-06,US-Sne,Wetland/Riparian,38.0369,-121.7547,7.2,7.8,6.870982291002032,25.0579429375,1.0541913541666663,4.1888117083333345,-0.0773864792334632,-0.9970011699250152,7.2,-1.5139187560133232,0.8770892612511438,1.6012704191605895,-0.6362784010243342,0.29549960979371537,0.9457590135934477,5.686081243986677,True,7.2,False,7.2,False,7.2,False,7.2,False,6.82152031099667,6.511305220013499,0.25,-0.7224244872919856,-1.3624564340064746,-2.456875346741509,8,temperature_plus20
6378,US-Sne,2019-07-14,US-Sne,Wetland/Riparian,38.0369,-121.7547,7.1,8.3,7.178970700960348,27.35746977083333,1.3893775562499997,4.713123437499998,-0.2135209154397959,-0.9769384927771816,7.1,-1.697202074998658,0.8189913779502802,1.9636243796167983,-0.9540234005718434,0.29549960979371537,0.9457590135934477,5.402797925001342,True,7.1,False,7.1,False,7.1,False,7.1,False,6.675699481250335,6.403294118180861,0.25,-0.9825551754381483,-1.5181425143578977,-2.590908535199929,8,temperature_plus20
6379,US-Sne,2019-07-22,US-Sne,Wetland/Riparian,38.0369,-121.7547,6.8,8.5,5.4091126533089895,27.453946125000005,1.2230727749999997,4.464420916666667,-0.3456123126707333,-0.9383773917408642,6.8,-1.7690741951122577,0.7770731599718794,1.9340814938096134,-1.14876986366461,0.29549960979371537,0.9457590135934477,5.030925804887742,True,6.8,False,6.8,False,6.8,False,6.8,False,6.357731451221936,5.975677297569809,0.25,-1.1416926408721533,-1.527213907974365,-2.638316036490255,8,temperature_plus20
6380,US-Sne,2019-07-30,US-Sne,Wetland/Riparian,38.0369,-121.7547,6.7,7.4,6.146563402084327,24.042450229166658,0.9477072895833336,4.4068425416666654,-0.4711595076738639,-0.8820480249558535,6.7,-1.208102902121392,0.8235529939864805,1.6834821463250988,-0.21918302776972967,0.29549960979371537,0.9457590135934477,5.491897097878608,True,6.7,False,6.7,False,6.7,False,6.7,False,6.397974274469652,5.931851678729201,0.25,-0.4625846172901333,-1.069597534580786,-2.092126554493257,8,temperature_plus20
6381,US-Sne,2019-08-07,US-Sne,Wetland/Riparian,38.0369,-121.7547,6.9,7.6,6.254381271678147,25.451762625,1.0194187,4.463494666666667,-0.5877852522924734,-0.8090169943749472,6.9,-1.3582169835012419,0.8139036111515895,1.86287855455821,-0.41453992083863545,0.29549960979371537,0.9457590135934477,5.5417830164987585,True,6.9,False,6.9,False,6.9,False,6.9,False,6.560445754124689,6.076433357055166,0.25,-0.6471959280259929,-1.1814908324494904,-2.245964190028242,8,temperature_plus20
6382,US-Sne,2019-08-15,US-Sne,Wetland/Riparian,38.0369,-121.7547,7.4,9.5,6.849029845978714,32.376621229166666,2.103637264583333,2.481630166666666,-0.6932812268869771,-0.7206671495538615,7.4,-2.2658364909086157,1.088053854814708,2.5068810732903946,-1.4296942932436043,0.29549960979371537,0.9457590135934477,5.134163509091385,True,7.4,False,7.4,False,7.4,False,7.4,False,6.8335408772728465,6.795831689374186,0.25,-1.5945391534055209,-1.681767211334108,-3.521203107986218,8,temperature_plus20
6383,US-Sne,2019-08-23,US-Sne,Wetland/Riparian,38.0369,-121.7547,6.5,7.8,6.075373251408607,26.58077208333334,0.8642726062500002,4.817212291666666,-0.7856498550787144,-0.6186714032625032,6.5,-1.4847690516412164,0.7417512316416888,2.1667477724401634,-0.6362784010243342,0.29549960979371537,0.9457590135934477,5.015230948358783,True,6.5,False,6.5,False,6.5,False,6.5,False,6.128807737089696,5.594644626249342,0.25,-0.8811484215293974,-1.260341311422215,-2.3128174219720368,8,temperature_plus20
6384,US-Sne,2019-08-31,US-Sne,Wetland/Riparian,38.0369,-121.7547,6.3,7.7000003,5.4894479810419785,27.922295729166667,1.2990427041666668,3.4087553750000006,-0.8631421280499115,-0.5049610547215202,6.3,-1.452227966289769,0.8803530420220478,2.082510199605848,-0.6362784010243342,0.29549960979371537,0.9457590135934477,4.847772033710231,True,6.3,False,6.3,False,6.3,False,6.3,False,5.936943008427558,5.26592069230392,0.25,-0.7251305583042951,-1.2005381002358315,-2.431015240329181,8,temperature_plus20
6385,US-Sne,2019-09-08,US-Sne,Wetland/Riparian,38.0369,-121.7547,5.6,6.5,5.3319081537630035,24.4143555,0.9739815854166668,3.830221916666668,-0.9242907221930934,-0.3816892202666586,5.6,-0.8544907805772515,0.813658679351678,2.036524074774905,-0.02173805893736784,0.29549960979371537,0.9457590135934477,4.745509219422749,True,5.6,False,5.6,False,5.6,False,5.6,False,5.386377304855687,4.840530816287491,0.25,-0.04188410896950401,-0.8523908298759224,-1.669197402886328,8,temperature_plus20
6386,US-Sne,2019-09-16,US-Sne,Wetland/Riparian,38.0369,-121.7547,4.0,4.2000003,5.71247443186178,22.956879104166664,0.7497699062500001,4.492602354166668,-0.9679377830240642,-0.2511900638848195,4.0,0.43545747932673723,0.8913669009581782,2.093768727094353,0.08016157640746929,0.29549960979371537,0.9457590135934477,4.435457479326737,True,4.0,False,4.0,False,4.435457479326737,True,4.0,False,4.108864369831684,4.30497249941493,0.25,1.4219848726514528,0.19637428700871873,-0.31198672167996,8,temperature_plus20
6387,US-Sne,2019-09-24,US-Sne,Wetland/Riparian,38.0369,-121.7547,5.8,6.1,6.113646981871527,30.19447864583334,2.214213170833333,1.9042990416666663,-0.9932568492674144,-0.1159345995955006,5.8,-0.8801426071747233,1.0605193742748587,2.4544652851291624,-0.046846774213778405,0.29549960979371537,0.9457590135934477,4.919857392825277,True,5.8,False,5.8,False,5.8,False,5.8,False,5.579964348206319,5.109550056530249,0.25,0.03357128770062337,-0.6309212785366272,-2.043077830688166,8,temperature_plus20
6388,US-Sne,2019-10-02,US-Sne,Wetland/Riparian,38.0369,-121.7547,3.9,4.3,3.4497861480426217,19.33758306250001,0.9428785,1.881413125,-0.9997685019798908,0.0215160974362222,3.9,0.1053520904174967,0.5218020986821987,1.4090130992547496,0.0841275734073191,0.29549960979371537,0.9457590135934477,4.005352090417497,True,3.9,False,3.9,False,4.005352090417497,True,3.9,False,3.9263380226043743,3.924947822352646,0.25,0.6104624734469428,0.1372701944966338,-0.43167639669108654,8,temperature_plus20
6389,US-Sne,2019-10-10,US-Sne,Wetland/Riparian,38.0369,-121.7547,4.9,4.5,6.719127448564702,19.09747785416666,1.3892174062499996,3.770349166666666,-0.9873494423939864,0.1585593851031347,4.9,-0.39539129852515725,0.7945711936982583,1.7221175940761555,0.18289144415757846,0.29549960979371537,0.9457590135934477,4.504608701474843,True,4.9,False,4.9,False,4.504608701474843,True,4.9,False,4.801152175368711,4.4669263328514415,0.25,0.5220394469969762,-0.8632719445010217,-0.8449413980714262,8,temperature_plus20
6390,US-Sne,2019-10-18,US-Sne,Wetland/Riparian,38.0369,-121.7547,2.7,3.8,3.5042572357532897,18.377446104166673,0.5590701083333331,3.3508666875000004,-0.9562348265919058,0.2926003356333479,2.7,0.270274666113871,0.5143782152353797,1.5769326087312008,0.08367413964839564,0.29549960979371537,0.9457590135934477,2.970274666113871,True,2.7,False,2.7,False,2.970274666113871,True,2.7,False,2.767568666528468,2.901403257108351,0.25,0.8074907251623971,0.22106154932464084,-0.2177282761454248,8,temperature_plus20
6391,US-Sne,2019-10-26,US-Sne,Wetland/Riparian,38.0369,-121.7547,3.3,3.8,3.0779236329295,20.002330979166672,0.9351802250000002,1.0578134166666666,-0.9070138128026362,0.4211008707960891,3.3,-0.04429763554793731,0.30907779617098885,1.80704340477329,0.0841275734073191,0.29549960979371537,0.9457590135934477,3.2557023644520626,True,3.3,False,3.3,False,3.2557023644520626,True,3.3,False,3.2889255911130153,3.3524655365650102,0.25,0.21392323324362061,0.0399474344997246,-0.38676357438715714,8,temperature_plus20
6392,US-Sne,2019-11-03,US-Sne,Wetland/Riparian,38.0369,-121.7547,2.3,2.6000001,1.9973917624467972,15.36841239583333,0.7836434104166669,0.5647070208333334,-0.8406184056344783,0.5416278206559811,2.3,0.15782588537298223,0.12192778149962251,1.5341516258626215,0.0634186311163201,0.29549960979371537,0.9457590135934477,2.457825885372982,True,2.457825885372982,True,2.3,False,2.457825885372982,True,2.3,False,2.3394564713432455,2.548715029179891,0.25,0.027327319761991903,0.17731517275097292,0.26883516360598186,8,temperature_plus20
6393,US-Sne,2019-11-19,US-Sne,Wetland/Riparian,38.0369,-121.7547,2.3,3.4,4.890980972419055,18.57933875,0.5164386312499999,5.693392958333331,-0.661634618242279,0.749826401204568,2.3,-0.13660200090726235,0.5024593223155975,2.4378700338296304,0.0841275734073191,0.29549960979371537,0.9457590135934477,2.1633979990927377,True,2.3,False,2.3,False,2.1633979990927377,True,2.3,False,2.2658494997731844,2.1874958639002053,0.25,0.420339380339998,-0.2742622019619516,-0.5558831810998335,8,temperature_plus20
7618,US-Var,2019-01-03,US-Var,Grasslands,38.4133,-120.9507,0.1,0.7,0.3990202061405314,7.72469375,0.3212197916666666,1.2143699583333332,0.0516196672232537,0.998666816288476,0.1,0.6023988476611597,0.11447633241517978,1.323482904105972,-0.1547714885064946,0.2938918372410075,1.085174434044468,0.7023988476611597,True,0.7023988476611597,True,0.1,False,0.1,False,0.1,False,0.25059971191528996,0.6812940098749647,0.25,0.6139782116043333,0.7106454293570326,0.48257290202211317,4,temperature_plus20
7619,US-Var,2019-01-12,US-Var,Grasslands,38.4133,-120.9507,0.3,1.0,0.7494696661286594,11.997095833333336,0.470455,1.452975,0.2051044998686192,0.9787400799669153,0.3,0.4937683624222174,0.33378736995920677,1.6277679283164463,-0.11096939725602388,0.2938918372410075,1.085174434044468,0.7937683624222174,True,0.3,False,0.3,False,0.3,False,0.3,False,0.4234420906055543,0.7985357663969861,0.25,0.8291227458189057,0.49061194903699296,0.16157039241075366,4,temperature_plus20
7620,US-Var,2019-01-27,US-Var,Grasslands,38.4133,-120.9507,0.7,1.5,0.7865084648237849,13.125822916666666,0.5431535416666667,1.271329166666667,0.4482293417404106,0.893918596519257,0.7,0.1830311505230566,0.4730242841936565,1.6366466407040243,-0.05298872773182537,0.2938918372410075,1.085174434044468,0.8830311505230566,True,0.7,False,0.7,False,0.7,False,0.7,False,0.7457577876307641,0.9239372150629162,0.25,0.7226684980093856,-0.1599012930268985,-0.013673753413317322,4,temperature_plus20
7621,US-Var,2019-03-16,US-Var,Grasslands,38.4133,-120.9507,2.2,2.8,2.4676767929864427,14.091724999999997,0.7738289583333332,1.5148189583333334,0.9611297838723007,0.2760969730974688,2.2,-0.05256551930405343,0.5411067276308503,1.5065536738782055,-0.06998057715505199,0.2938918372410075,1.085174434044468,2.1474344806959467,True,2.2,False,2.2,False,2.2,False,2.2,False,2.186858620173987,2.2069204874707715,0.25,0.5684232725892338,-0.4228610937052559,-0.3032587367961382,4,temperature_plus20
7622,US-Var,2019-03-17,US-Var,Grasslands,38.4133,-120.9507,2.8,2.8,2.3847443868576392,15.625416666666672,0.7892110416666668,1.5818737500000004,0.9657399376548548,0.2595117970697999,2.8,-0.114433590141183,0.7211247113357121,1.6642402157626393,-0.06998057715505199,0.2938918372410075,1.085174434044468,2.685566409858817,True,2.8,False,2.8,False,2.8,False,2.8,False,2.7713916024647043,2.780127567584603,0.25,0.7136601068323605,-0.45287309061514025,-0.6040877866407692,4,temperature_plus20
7623,US-Var,2019-03-24,US-Var,Grasslands,38.4133,-120.9507,1.3,2.7,2.3012784179848302,12.179243749999996,0.5333891874999998,1.0522827083333337,0.989932495087353,0.141540295217043,1.3,0.19420231058059367,0.2902354482544413,1.4321453795683698,-0.05777917024319665,0.2938918372410075,1.085174434044468,1.4942023105805937,True,1.4942023105805937,True,1.3,False,1.3,False,1.3,False,1.3485505776451485,1.5090556829927062,0.25,0.4541265801689633,-0.1189704843364969,0.24745083590931455,4,temperature_plus20
7624,US-Var,2019-04-18,US-Var,Grasslands,38.4133,-120.9507,3.9,4.5,3.822410840678351,19.7759375,0.8401712500000001,1.0944489583333332,0.9587178169872964,-0.2843591872810034,3.9,-0.642915468905217,0.5401650835734928,1.9379241244672722,-0.20321597842381242,0.2938918372410075,1.085174434044468,3.257084531094783,True,3.9,False,3.9,False,3.9,False,3.9,False,3.7392711327736956,3.5292719782153963,0.25,-0.04593187156451112,-0.7849264192535756,-1.0978881158975642,4,temperature_plus20
7625,US-Var,2019-04-25,US-Var,Grasslands,38.4133,-120.9507,4.9,5.3,4.42996993405822,23.07222916666667,1.1429314583333332,1.0051556250000002,0.9175836260593936,-0.3975428142825559,4.9,-0.9955672050555163,0.4928874035145346,2.0545095348678837,-0.23993795687704156,0.2938918372410075,1.085174434044468,3.904432794944484,True,4.9,False,4.9,False,4.9,False,4.9,False,4.651108198736122,4.287169336217441,0.25,-0.44401265435817144,-1.1497769035298961,-1.3929120572784814,4,temperature_plus20
7626,US-Var,2019-04-26,US-Var,Grasslands,38.4133,-120.9507,4.4,5.1,4.350735004490739,20.56029166666666,1.0392927083333332,0.9331721666666666,0.9106046300942164,-0.4132786077829042,4.4,-0.7913790040986997,0.5011209646335049,1.887066932525985,-0.25922495957563063,0.2938918372410075,1.085174434044468,3.6086209959013007,True,4.4,False,4.4,False,4.4,False,4.4,False,4.202155248975325,3.9527207449859394,0.25,-0.26596134811777417,-0.8441487069055826,-1.2640269572727423,4,temperature_plus20
7627,US-Var,2019-05-04,US-Var,Grasslands,38.4133,-120.9507,4.0,5.4,3.5146683455950165,17.997687499999994,1.1826565,1.1639056458333332,0.8452490573530633,-0.5343725582809787,4.0,-0.7317843646270941,0.4259017900106462,1.5733264418006387,-0.29143336814711734,0.2938918372410075,1.085174434044468,3.268215635372906,True,4.0,False,4.0,False,4.0,False,4.0,False,3.8170539088432265,3.5214572483862696,0.25,-0.33118767522352255,-0.685031997807042,-1.1791334208507178,4,temperature_plus20
7628,US-Var,2019-06-04,US-Var,Grasslands,38.4133,-120.9507,4.8,6.5,3.412656492913412,26.534843750000004,1.7480427583333336,1.0302991666666663,0.4559066935084588,-0.8900275764346767,4.8,-1.262501548765772,0.2336557138508598,2.0441584672481135,-0.5747358908967805,0.2938918372410075,1.085174434044468,3.537498451234228,True,3.537498451234228,True,4.8,False,4.8,False,4.8,False,4.484374612808557,4.143674392472396,0.25,-1.0751746697050415,-1.1880088914659015,-1.5243210851263733,4,temperature_plus20
7629,US-Var,2019-06-05,US-Var,Grasslands,38.4133,-120.9507,3.9,7.0,3.6444241608408654,27.62712500000001,1.980856875,1.1150377083333336,0.440518784350495,-0.8977433935342337,3.9,-1.4686352322770257,0.23884232872888314,2.199596973101719,-0.7255488036824276,0.2938918372410075,1.085174434044468,2.4313647677229744,True,2.4313647677229744,True,3.9,False,3.9,False,3.9,False,3.5328411919307436,3.2961679248453124,0.25,-1.30163510545688,-1.3620593208134253,-1.742211270560772,4,temperature_plus20
7630,US-Var,2019-06-12,US-Var,Grasslands,38.4133,-120.9507,3.6,7.6,2.9104370865403233,30.55983333333334,3.132269583333333,1.062418291666667,0.3294084822245304,-0.9441875088341992,3.6,-1.7433783343212126,0.2626508159951778,2.460339967061967,-1.2399480596503967,0.2938918372410075,1.085174434044468,1.8566216656787875,True,1.8566216656787875,True,3.6,False,3.6,False,3.6,False,3.164155416419697,3.127292888540505,0.25,-1.6318461975479208,-1.5548988541444906,-2.0433899512712266,4,temperature_plus20
7631,US-Var,2019-06-13,US-Var,Grasslands,38.4133,-120.9507,3.4,6.7000003,1.709466094096015,24.122145833333324,1.538293541666666,1.0778439583333337,0.3131070409358269,-0.9497178427914316,3.4,-1.1725301961992298,0.2800723775489405,1.8242264570303717,-0.41335443175749437,0.2938918372410075,1.085174434044468,2.22746980380077,True,2.22746980380077,True,3.4,False,3.4,False,3.4,False,3.1068674509501926,2.9393603663546637,0.25,-1.0401658790973947,-0.983173116403979,-1.4942515930963158,4,temperature_plus20
7632,US-Var,2019-06-29,US-Var,Grasslands,38.4133,-120.9507,2.5,6.3,0.5097241528108498,22.8649375,1.9458531250000004,1.287930416666667,0.0430222330045305,-0.99907411510223,2.5,-0.7009642215476023,0.27696474756572703,1.5907178284630923,-0.3229325961015577,0.2938918372410075,1.085174434044468,1.7990357784523976,True,1.7990357784523976,True,2.5,False,2.5,False,2.5,False,2.3247589446130994,2.400479238273424,0.25,-0.4272617534384526,-0.6945510475750372,-0.981079863629317,4,temperature_plus20
7633,US-Var,2019-07-06,US-Var,Grasslands,38.4133,-120.9507,2.1,7.0,0.5076054975877697,25.651625,2.1803325,1.1836614583333336,-0.0773864792334632,-0.9970011699250152,2.1,-1.0069254557596805,0.39176340728014875,1.7749907232409519,-0.2847512770202404,0.2938918372410075,1.085174434044468,1.0930745442403196,True,2.1,False,2.1,False,2.1,False,2.1,False,1.84826863606008,1.960939302109947,0.25,-0.711068598936953,-0.8584924368014786,-1.4512153315406098,4,temperature_plus20
7634,US-Var,2019-07-14,US-Var,Grasslands,38.4133,-120.9507,1.2,7.8,0.3111827454123445,27.07425000000001,2.50465125,1.3566481250000002,-0.2135209154397959,-0.9769384927771816,1.2,-1.3208030383480889,0.4150335287558363,1.762818470953991,-1.073295896038722,0.2938918372410075,1.085174434044468,-0.12080303834808892,True,1.2,False,1.2,False,1.2,False,1.2,False,0.8697992404129777,1.2693022047013671,0.25,-0.9664039922074186,-1.2186214291591766,-1.777383693677671,4,temperature_plus20
7635,US-Var,2019-07-15,US-Var,Grasslands,38.4133,-120.9507,2.3,7.2000003,0.2621159108136844,26.367854166666675,2.2647802083333333,1.4004793749999995,-0.2303056702306119,-0.973118337233262,2.3,-1.244774711112057,0.32053010426891193,1.7952562363628992,-0.5571553881536567,0.2938918372410075,1.085174434044468,1.0552252888879428,True,2.3,False,2.3,False,2.3,False,2.3,False,1.9888063222219856,1.979537954032839,0.25,-1.0079767997303715,-1.1168312027075002,-1.609516130898299,4,temperature_plus20
7636,US-Var,2019-07-22,US-Var,Grasslands,38.4133,-120.9507,2.0,8.0,0.2100747052992674,28.64397916666667,2.66943125,1.3194447916666665,-0.3456123126707333,-0.9383773917408642,2.0,-1.661963517791719,0.3719984935271201,2.0092398723243803,-1.26206092984796,0.2938918372410075,1.085174434044468,0.3380364822082811,True,2.0,False,2.0,False,2.0,False,2.0,False,1.5845091205520703,1.7147315553274454,0.25,-1.4191080808097116,-1.4765544608912198,-2.0902280116742253,4,temperature_plus20
7637,US-Var,2019-07-23,US-Var,Grasslands,38.4133,-120.9507,1.1,8.1,0.2171111138584169,28.08858333333333,2.7737468749999987,1.2512675000000002,-0.3617137307297674,-0.9322892131745134,1.1,-1.4543236035164704,0.45550904738289416,1.8870031845645034,-1.058776895395186,0.2938918372410075,1.085174434044468,-0.3543236035164703,True,1.1,False,1.1,False,1.1,False,1.1,False,0.7364190991208825,1.2122706981630014,0.25,-1.0791512283202602,-1.3226563511724239,-1.9611632310567277,4,temperature_plus20
7638,US-Var,2019-07-30,US-Var,Grasslands,38.4133,-120.9507,1.6,7.2000003,0.1994770019438621,23.31341666666667,1.8066902083333332,1.3678281250000002,-0.4711595076738639,-0.8820480249558535,1.6,-0.9293782017209621,0.26824732112887445,1.445941360013732,-0.2856920359260104,0.2938918372410075,1.085174434044468,0.670621798279038,True,0.670621798279038,True,1.6,False,1.6,False,1.6,False,1.3676554495697595,1.5743655815644497,0.25,-0.6652240774815346,-0.9213710952908598,-1.201539432390492,4,temperature_plus20
7639,US-Var,2019-07-31,US-Var,Grasslands,38.4133,-120.9507,2.3,7.3,0.1422652352536888,24.83916666666667,2.138965,1.2815935416666668,-0.4862727071086902,-0.8738071036110807,2.3,-1.2042061606469805,0.2486396340711318,1.6372159028065145,-0.47965445285407643,0.2938918372410075,1.085174434044468,1.0957938393530193,True,1.0957938393530193,True,2.3,False,2.3,False,2.3,False,1.9989484598382548,1.981875749092466,0.25,-0.9880431424792273,-1.14865139681595,-1.4759239426457644,4,temperature_plus20
7640,US-Var,2019-08-07,US-Var,Grasslands,38.4133,-120.9507,1.8,7.2000003,0.1164840673666207,25.39164583333334,2.1413783333333334,1.3706306249999998,-0.5877852522924734,-0.8090169943749472,1.8,-1.113748355216957,0.2898037866246776,1.6686184617429476,-0.28684343870946416,0.2938918372410075,1.085174434044468,0.6862516447830431,True,0.6862516447830431,True,1.8,False,1.8,False,1.8,False,1.521562911195761,1.6651338277238754,0.25,-0.8033566150169287,-1.1606439000464517,-1.3772445505874904,4,temperature_plus20
7641,US-Var,2019-08-08,US-Var,Grasslands,38.4133,-120.9507,2.6,6.6,0.1107718655623621,22.040541666666662,1.5047989583333332,1.4158704166666665,-0.6016240632249227,-0.7987793728863648,2.6,-0.8282857721637057,0.14073939593390725,1.289986101543263,-0.3340275450771807,0.2938918372410075,1.085174434044468,1.7717142278362945,True,1.7717142278362945,True,2.6,False,2.6,False,2.6,False,2.3929285569590735,2.29624283570916,0.25,-0.6678648692304612,-0.8859922685467654,-0.9310001787138906,4,temperature_plus20
7642,US-Var,2019-08-15,US-Var,Grasslands,38.4133,-120.9507,1.0,7.1,0.047928077390741,31.236395833333336,3.5499625,1.285669375,-0.6932812268869771,-0.7206671495538615,1.0,-1.1469246806644786,0.5682489702953982,2.2729710946953796,-0.425088188305964,0.2938918372410075,1.085174434044468,-0.1469246806644786,True,1.0,False,1.0,False,1.0,False,1.0,False,0.7132688298338803,1.1611307695845545,0.25,-0.5211362005763387,-1.288943305468948,-1.6306945359481493,4,temperature_plus20
7643,US-Var,2019-08-16,US-Var,Grasslands,38.4133,-120.9507,1.6,7.3,0.124210680241983,30.472875,3.3295354166666677,1.477630625,-0.7055836101071774,-0.7086266782644601,1.6,-1.4118966565381532,0.4513317386854565,2.2030963921214473,-0.7291272916148088,0.2938918372410075,1.085174434044468,0.18810334346184687,True,1.6,False,1.6,False,1.6,False,1.6,False,1.2470258358654618,1.4731020696069392,0.25,-0.9583194092544218,-1.4164217003817938,-1.8609488599782436,4,temperature_plus20
7644,US-Var,2019-08-23,US-Var,Grasslands,38.4133,-120.9507,1.2,6.8,0.1302108755161512,28.548229166666676,2.444870416666667,1.3716443750000005,-0.7856498550787144,-0.6186714032625032,1.2,-0.9651664974455384,0.5397384538625848,2.018612774933525,-0.32944567927745105,0.2938918372410075,1.085174434044468,0.23483350255446156,True,1.2,False,1.2,False,1.2,False,1.2,False,0.9587083756386153,1.2765413571264184,0.25,-0.3504130513710868,-1.183794986795195,-1.3612914541703334,4,temperature_plus20
7645,US-Var,2019-08-24,US-Var,Grasslands,38.4133,-120.9507,1.8,6.7000003,0.1244210514443617,26.715354166666675,2.1991060416666666,1.3796783333333331,-0.7961828637826154,-0.6050560696488494,1.8,-0.978584252409909,0.42452199388665385,1.7862504880553693,-0.32944567927745105,0.2938918372410075,1.085174434044468,0.8214157475900911,True,1.8,False,1.8,False,1.8,False,1.8,False,1.5553539368975229,1.7017242128241223,0.25,-0.4927649006895802,-1.1648936507616559,-1.2780942057784905,4,temperature_plus20
7646,US-Var,2019-08-31,US-Var,Grasslands,38.4133,-120.9507,1.1,6.4,0.0744159457823587,26.755249999999997,2.475731875,1.3079516666666666,-0.8631421280499115,-0.5049610547215202,1.1,-0.6832981632478511,0.603272888026868,1.8831196109799684,-0.33284849303512676,0.2938918372410075,1.085174434044468,0.416701836752149,True,1.1,False,1.1,False,1.1,False,1.1,False,0.9291754591880373,1.1776072143949803,0.25,0.013300826198370724,-1.0308470880841505,-1.0323482278577734,4,temperature_plus20
7647,US-Var,2019-09-01,US-Var,Grasslands,38.4133,-120.9507,1.0,7.1,0.0880997551352042,28.197666666666667,2.916140625,1.3449162499999998,-0.8717063187093218,-0.4900286664290594,1.0,-1.0638948417780483,0.5017589632070224,2.0050057257245646,-0.2978156008055803,0.2938918372410075,1.085174434044468,-0.06389484177804827,True,1.0,False,1.0,False,1.0,False,1.0,False,0.7340262895554879,0.9716908106035991,0.25,-0.5192491405980223,-1.1650953609844144,-1.5073400237517076,4,temperature_plus20
7648,US-Var,2019-09-08,US-Var,Grasslands,38.4133,-120.9507,1.5,4.6,0.0693219535765939,20.35664583333333,1.0689558333333335,1.2540881250000002,-0.9242907221930934,-0.3816892202666586,1.5,0.3021525844131267,0.508830804681288,1.4695264920094115,-0.07031920975619285,0.2938918372410075,1.085174434044468,1.8021525844131268,True,1.5,False,1.5,False,1.5,False,1.5,False,1.5755381461032816,1.980800685907274,0.25,0.8383740854421415,-0.1739453391872464,0.24202900698448487,4,temperature_plus20
7649,US-Var,2019-09-09,US-Var,Grasslands,38.4133,-120.9507,1.0,5.0,0.0844721175260984,20.84093750000001,1.1759054166666667,1.3408268750000003,-0.9307239310379792,-0.3657225234972692,1.0,0.13515237235856456,0.4817639796943439,1.488522400611092,-0.07009306220316289,0.2938918372410075,1.085174434044468,1.1351523723585646,True,1.0,False,1.0,False,1.0,False,1.0,False,1.033788093089641,1.3802947168747954,0.25,0.6380327038429725,-0.3222733785237924,0.08969779175651352,4,temperature_plus20
7650,US-Var,2019-09-24,US-Var,Grasslands,38.4133,-120.9507,0.8,5.8,0.4743772345607801,25.42870833333333,2.3446979166666666,1.1514397916666668,-0.9932568492674144,-0.1159345995955006,0.8,-0.5038559865872791,0.4665055745162799,1.9510964415088736,-0.14129450159704496,0.2938918372410075,1.085174434044468,0.2961440134127209,True,0.8,False,0.8,False,0.8,False,0.8,False,0.6740360033531803,0.8360389666960665,0.25,0.03434266660942681,-0.7925539949704663,-0.753356631400798,4,temperature_plus20
7651,US-Var,2019-09-25,US-Var,Grasslands,38.4133,-120.9507,0.4,5.2000003,0.4147244545672596,27.63177083333333,2.5760487500000004,1.2145614583333333,-0.9951053111006974,-0.0988201387328721,0.4,-0.2717626114615797,0.675496333837672,2.235770594834741,-0.07956258457282545,0.2938918372410075,1.085174434044468,0.12823738853842032,True,0.4,False,0.4,False,0.4,False,0.4,False,0.3320593471346051,0.5683980065450415,0.25,0.5078030876271209,-0.6839795340064976,-0.6391113880053625,4,temperature_plus20
7652,US-Var,2019-10-02,US-Var,Grasslands,38.4133,-120.9507,0.6,2.9,0.2387255522127448,16.718045833333324,1.1728739583333336,1.288204375,-0.9997685019798908,0.0215160974362222,0.6,0.8641953686786804,0.43133179880283967,1.462196552551791,0.07089201254644514,0.2938918372410075,1.085174434044468,1.4641953686786804,True,0.6,False,0.6,False,1.4641953686786804,True,0.6,False,0.8160488421696701,1.485561022153672,0.25,1.2646032376439882,0.40747189398224654,0.9205109744098061,4,temperature_plus20
7653,US-Var,2019-10-10,US-Var,Grasslands,38.4133,-120.9507,0.5,5.1,0.1628085979566367,15.550599999999998,1.2068093749999995,1.211018958333333,-0.9873494423939864,0.1585593851031347,0.5,-0.06076911874732036,0.1473621057987336,1.1646435036462832,-0.11444128900896434,0.2938918372410075,1.085174434044468,0.4392308812526796,True,0.4392308812526796,True,0.5,False,0.5,False,0.5,False,0.48480772031316993,0.5538338604966174,0.25,-0.04676801321193991,-0.21463207993962247,0.07909273690960128,4,temperature_plus20
7654,US-Var,2019-10-11,US-Var,Grasslands,38.4133,-120.9507,0.3,2.5,0.1653144625132258,18.4176875,1.5974927083333337,1.354515,-0.9844738167520924,0.1755314904214277,0.3,0.8097927799342789,0.5309344913295397,1.6454132088488802,0.060106779921927415,0.2938918372410075,1.085174434044468,1.1097927799342788,True,0.3,False,0.3,False,1.1097927799342788,True,0.3,False,0.5024481949835697,1.1939148651689817,0.25,1.3419826571779938,0.28012264330842335,0.8072730393164196,4,temperature_plus20
7655,US-Var,2019-10-18,US-Var,Grasslands,38.4133,-120.9507,0.8,2.7,0.0970723955345522,14.946806249999996,0.8377587499999998,1.1752158333333331,-0.9562348265919058,0.2926003356333479,0.8,0.722431525886771,0.4462086551675401,1.2401262698244344,-0.052261450104627856,0.2938918372410075,1.085174434044468,1.522431525886771,True,0.8,False,0.8,False,0.8,False,0.8,False,0.9806078814716928,1.6235876740116573,0.25,1.1301690287780983,0.24577208453695504,0.7913534643452595,4,temperature_plus20
7656,US-Var,2019-10-27,US-Var,Grasslands,38.4133,-120.9507,0.2,5.3,0.1486857590720452,15.51310833333333,1.36410125,1.906729791666666,-0.8996308696522434,0.4366512319560638,0.2,-0.3335826406399929,0.12186785329703977,1.30417034279687,-0.12814645622655219,0.2938918372410075,1.085174434044468,-0.13358264063999287,True,-0.13358264063999287,True,0.2,False,0.2,False,0.2,False,0.11660433984000179,-0.02520329705693028,0.25,-0.4104631289278364,-0.1930697921514387,-0.3972150008407036,4,temperature_plus20
7657,US-Var,2019-11-11,US-Var,Grasslands,38.4133,-120.9507,0.1,1.7,0.0466100503875316,17.612104166666665,1.1728366666666663,1.2372722916666663,-0.7583058084785625,0.6518989958787125,0.1,0.6319432189553227,0.4560033472715144,1.7519588088701838,-0.06977138839197347,0.2938918372410075,1.085174434044468,0.7319432189553227,True,0.1,False,0.1,False,0.1,False,0.1,False,0.2579858047388307,0.8884891883762178,0.25,1.1306785280338991,0.23633476528136071,0.5288163635507082,4,temperature_plus20
7658,US-Var,2019-11-12,US-Var,Grasslands,38.4133,-120.9507,0.6,1.9,0.0576914332866848,18.034541666666673,1.246854791666667,1.2727408333333334,-0.7469720876965551,0.6648553979642867,0.6,0.5566444029699181,0.5006189399947623,1.6714887381082117,-0.06977138839197347,0.2938918372410075,1.085174434044468,1.156644402969918,True,0.6,False,0.6,False,0.6,False,0.6,False,0.7391611007424795,1.321056074947994,0.25,1.1279680759309507,0.19475088923371187,0.3472142437450921,4,temperature_plus20
7659,US-Var,2019-12-06,US-Var,Grasslands,38.4133,-120.9507,0.2,1.2,0.6217833899950987,15.698229166666666,0.6473901666666665,1.9230564583333336,-0.4171936026123169,0.9088176373395028,0.2,0.5692348944542694,0.6347005227995874,1.7452441373017398,-0.06977138839197347,0.2938918372410075,1.085174434044468,0.7692348944542695,True,0.2,False,0.2,False,0.2,False,0.2,False,0.34230872361356735,0.9194738300098766,0.25,1.2798401989410568,0.36925393924158584,0.05861054518016562,4,temperature_plus20
7660,US-Var,2020-01-30,US-Var,Grasslands,38.4133,-120.9507,0.3,1.5,0.8099996184766594,12.486868750000005,0.3401116666666666,1.14360125,0.4937755501599772,0.869589389346611,0.3,0.2244934280902182,0.3546228820914114,1.6276285074167318,-0.0941867365958758,0.2938918372410075,1.085174434044468,0.5244934280902182,True,0.3,False,0.3,False,0.3,False,0.3,False,0.35612335702255454,0.5375326618450487,0.25,0.5855780414441591,-0.12329365429617554,0.21119589712267095,4,temperature_plus20
7661,US-Var,2020-02-07,US-Var,Grasslands,38.4133,-120.9507,0.7,1.4,0.9672058321076856,11.660097916666665,0.5504647916666666,1.4566114583333334,0.6084768701151261,0.7935716089521474,0.7,0.2985048057062387,0.37599685856467596,1.4605686389563552,-0.05298872773182537,0.2938918372410075,1.085174434044468,0.9985048057062387,True,0.7,False,0.7,False,0.7,False,0.7,False,0.7746262014265597,0.9985048057062387,0.25,0.7244502724116115,0.012720794412827113,0.15834335029427749,4,temperature_plus20
7662,US-Var,2020-02-08,US-Var,Grasslands,38.4133,-120.9507,1.5,1.7,1.0611241614041274,11.378560416666666,0.4901820833333334,1.4462772916666669,0.6220467484408675,0.7829801036770629,1.5,0.12948669988526965,0.559781026427225,1.3630056162770972,-0.06998057715505199,0.2938918372410075,1.085174434044468,1.6294866998852697,True,1.5,False,1.5,False,1.5,False,1.5,False,1.5323716749713174,1.6294866998852697,0.25,0.7754483667230498,-0.21361728636897542,-0.17337098069826556,4,temperature_plus20
7663,US-Var,2020-02-16,US-Var,Grasslands,38.4133,-120.9507,1.0,2.0,1.2035679983883136,13.3203625,0.6054827083333333,1.2325268749999998,0.7236440382959124,0.6901733882429719,1.0,0.06757370430466818,0.4957952149812808,1.588865283513779,-0.05536769569888637,0.2938918372410075,1.085174434044468,1.0675737043046682,True,1.0,False,1.0,False,1.0,False,1.0,False,1.016893426076167,1.1083970823597602,0.25,0.5949471398174304,-0.3890400458627628,-0.0031859810406630884,4,temperature_plus20
7664,US-Var,2020-02-23,US-Var,Grasslands,38.4133,-120.9507,0.7,2.1000001,1.2262422377078923,11.994429166666668,0.3259971458333333,1.112619166666667,0.8013610881746766,0.5981809144059164,0.7,0.13281907596393958,0.3887280802146244,1.4892155663021864,-0.05298872773182537,0.2938918372410075,1.085174434044468,0.8328190759639396,True,0.7,False,0.7,False,0.7,False,0.7,False,0.7332047689909849,0.8369741212358923,0.25,0.45084347844371636,-0.3005193542769016,0.24813310372500397,4,temperature_plus20
7665,US-Var,2020-02-24,US-Var,Grasslands,38.4133,-120.9507,1.8,2.8,1.6748458602910634,12.940333333333331,0.7195081875000003,1.5918462500000004,0.8115390590073611,0.5842981736283683,1.8,-0.19019778824833344,0.6094094829150526,1.4334466268646398,-0.06998057715505199,0.2938918372410075,1.085174434044468,1.6098022117516666,True,1.8,False,1.8,False,1.8,False,1.8,False,1.7524505529379166,1.642796127247169,0.25,0.4845873786529175,-0.7004447953170136,-0.35473594808090414,4,temperature_plus20
7666,US-Var,2020-03-02,US-Var,Grasslands,38.4133,-120.9507,1.8,4.5,2.7316330867245484,13.577522916666664,1.0988375,2.6361554166666665,0.8758917051442429,0.4825077417612184,1.8,-0.6619613786795009,0.6169953522878934,1.431936276125913,-0.06986029617890713,0.2938918372410075,1.085174434044468,1.1380386213204992,True,1.8,False,1.8,False,1.8,False,1.8,False,1.6345096553301248,1.1997826404249028,0.25,0.011854028300605196,-1.199275825399509,-0.7984623389395988,4,temperature_plus20
7667,US-Var,2020-03-03,US-Var,Grasslands,38.4133,-120.9507,1.4,3.1000001,2.248001839754665,14.472193750000002,0.8851087500000002,1.2397285416666666,0.8840675099433636,0.4673592171580022,1.4,-0.2789184148484411,0.5761887293691517,1.606900724056506,-0.06998057715505199,0.2938918372410075,1.085174434044468,1.1210815851515588,True,1.4,False,1.4,False,1.4,False,1.4,False,1.3302703962878897,1.1990874168692112,0.25,0.31036111484080886,-0.841057111969346,-0.30605924741678614,4,temperature_plus20
7668,US-Var,2020-03-10,US-Var,Grasslands,38.4133,-120.9507,2.0,2.9,2.59282927594879,15.41297083333333,0.7180059375000001,1.279975833333333,0.9338372288229252,0.3576982388331254,2.0,-0.20226183280781126,0.617502392990553,1.6563544797213468,-0.06998057715505199,0.2938918372410075,1.085174434044468,1.7977381671921888,True,2.0,False,2.0,False,2.0,False,2.0,False,1.9494345417980472,1.8980631859714376,0.25,0.48812885404102563,-0.7018259877951643,-0.3930883646692952,4,temperature_plus20
7669,US-Var,2020-03-11,US-Var,Grasslands,38.4133,-120.9507,2.1,2.9,2.7353538502802976,16.340145833333334,0.7378987499999999,1.2749970833333333,0.9398560579418954,0.3415707691678556,2.1,-0.23556322862607973,0.6594592773577925,1.749748109413919,-0.06998057715505199,0.2938918372410075,1.085174434044468,1.8644367713739203,True,2.1,False,2.1,False,2.1,False,2.1,False,2.0411091928434804,1.999284980153663,0.25,0.5117047089963949,-0.7360022073712784,-0.48239218750335566,4,temperature_plus20
7670,US-Var,2020-03-26,US-Var,Grasslands,38.4133,-120.9507,1.5,2.4,2.1318063115103008,8.430591666666666,0.2498590166666668,1.172256875,0.995918996147179,0.0902516100310411,1.5,0.45304575296547656,0.19160322816023576,1.0995287324685303,-0.2303913009431431,0.2938918372410075,1.085174434044468,1.9530457529654766,True,1.9530457529654766,True,1.5,False,1.5,False,1.5,False,1.613261438241369,1.9530457529654766,0.25,0.5660114194657728,0.2318180694603622,0.5613077699702946,4,temperature_plus20
7671,US-Var,2020-03-27,US-Var,Grasslands,38.4133,-120.9507,2.1,2.8,2.7686782293419103,10.406820833333333,0.4567661458333335,1.5073500208333332,0.9973249731081556,0.0730951298980777,2.1,0.21961687600304,0.2611194331106592,1.182399648857293,-0.09524119123632122,0.2938918372410075,1.085174434044468,2.3196168760030402,True,2.3196168760030402,True,2.1,False,2.1,False,2.1,False,2.15490421900076,2.3196168760030402,0.25,0.5116106218124759,0.008519329874745213,0.13872067632189888,4,temperature_plus20
7672,US-Var,2020-04-03,US-Var,Grasslands,38.4133,-120.9507,2.9,3.5,2.865737496463152,11.610789583333334,0.6089908333333335,1.2265997916666664,0.9988797155850336,-0.0473213883224318,2.9,-0.050361224021264944,0.4084872242322206,1.3513414192015452,-0.06612590840696803,0.2938918372410075,1.085174434044468,2.849638775978735,True,2.9,False,2.9,False,2.9,False,2.9,False,2.887409693994684,2.849638775978735,0.25,0.4137079407979796,-0.35548253613554076,-0.2093090767262337,4,temperature_plus20
7673,US-Var,2020-04-19,US-Var,Grasslands,38.4133,-120.9507,3.7,4.0,3.0411123546467222,14.306120833333331,0.41234705625,1.0411910416666663,0.9483615800121716,-0.3171912885891061,3.7,-0.19188186311908573,0.4145729750123393,1.452314445361705,-0.11228360075738829,0.2938918372410075,1.085174434044468,3.5081181368809142,True,3.7,False,3.7,False,3.7,False,3.7,False,3.6520295342202287,3.585993692113179,0.25,0.25921860994534984,-0.278680436557258,-0.5561837627453491,4,temperature_plus20
7674,US-Var,2020-04-28,US-Var,Grasslands,38.4133,-120.9507,4.6,5.5,4.417449471698056,22.087229166666663,1.281607875,1.0059152083333334,0.8880573226294932,-0.4597327394521039,4.6,-0.9919543671826435,0.46090625551924425,1.9385018496353073,-0.2478647827577523,0.2938918372410075,1.085174434044468,3.608045632817356,True,4.6,False,4.6,False,4.6,False,4.6,False,4.352011408204339,4.008074663598039,0.25,-0.5044940191039029,-1.0506943167100529,-1.4206747657339747,4,temperature_plus20
7675,US-Var,2020-05-05,US-Var,Grasslands,38.4133,-120.9507,3.5,6.3,3.3122290369285494,19.483500000000006,1.3977033333333333,1.3919870833333334,0.8263541987239096,-0.5631507242749186,3.5,-1.1355108194506849,0.2986050993144405,1.675627155802276,-0.33970031842471815,0.2938918372410075,1.085174434044468,2.364489180549315,True,3.5,False,3.5,False,3.5,False,3.5,False,3.2161222951373287,2.810768440115003,0.25,-0.86245057045985,-1.089712721631551,-1.4543691662606533,4,temperature_plus20
7676,US-Var,2020-05-21,US-Var,Grasslands,38.4133,-120.9507,3.3,5.9,2.5322209419588884,20.108208333333337,1.2326027291666668,1.2013597916666665,0.6420547132365637,-0.766658819300159,3.3,-0.8459977117425598,0.34275441148852015,1.6381785566484257,-0.16651003599315486,0.2938918372410075,1.085174434044468,2.45400228825744,True,3.3,False,3.3,False,3.3,False,3.3,False,3.0885005720643597,2.8796299877419895,0.25,-0.5535238862177914,-0.7613128138589544,-1.2231564351509336,4,temperature_plus20
7677,US-Var,2020-05-22,US-Var,Grasslands,38.4133,-120.9507,2.6,6.2000003,2.50633784647048,18.744770833333337,1.2368993750000004,1.5239943750000002,0.6287628145958344,-0.777597146973627,2.6,-0.8548073158486051,0.18511277031772638,1.5375546567919796,-0.3340275450771807,0.2938918372410075,1.085174434044468,1.745192684151395,True,1.745192684151395,True,2.6,False,2.6,False,2.6,False,2.386298171037849,2.167158199538061,0.25,-0.6722668364591347,-0.8497657298265573,-1.0423893812601237,4,temperature_plus20
7678,US-Var,2020-05-29,US-Var,Grasslands,38.4133,-120.9507,1.4,6.2000003,1.1571851874455334,21.9113125,1.2627633333333337,1.5553554166666663,0.5307300481619334,-0.8475409228928311,1.4,-0.7274548368628159,0.26201355468964604,1.5885192733218938,-0.3229325961015577,0.2938918372410075,1.085174434044468,0.672545163137184,True,0.672545163137184,True,1.4,False,1.4,False,1.4,False,1.2181362907842959,1.326703861194745,0.25,-0.425220304054686,-0.8904808489939817,-0.86666335753978,4,temperature_plus20
7679,US-Var,2020-05-30,US-Var,Grasslands,38.4133,-120.9507,0.2,4.8,0.7937355446513594,20.07508333333334,0.9526864583333337,1.1443512500000004,0.5160623910158528,-0.8565509959010036,0.2,0.30122399855016857,0.16861459392193662,1.6836420516410087,-0.09677117320190885,0.2938918372410075,1.085174434044468,0.5012239985501685,True,0.5012239985501685,True,0.2,False,0.2,False,0.2,False,0.27530599963754215,0.9351316790354727,0.25,0.4771270275187693,0.2855530110645924,0.140991957067144,4,temperature_plus20
7680,US-Var,2020-06-06,US-Var,Grasslands,38.4133,-120.9507,1.3,6.2000003,0.4827699106045494,18.126812500000003,1.0644606249999995,2.085952083333333,0.4093559588156213,-0.9123747579707272,1.3,-0.3145795621048511,0.26717269918406833,1.1694876977975865,-0.1472143479790915,0.2938918372410075,1.085174434044468,0.985420437895149,True,0.985420437895149,True,1.3,False,1.3,False,1.3,False,1.2213551094737873,1.4094700681362506,0.25,-0.044291667798407194,-0.32092291984621474,-0.5785240986699315,4,temperature_plus20
7681,US-Var,2020-06-07,US-Var,Grasslands,38.4133,-120.9507,1.4,6.0,0.4558105749360734,16.541464583333337,1.0817887083333335,1.398756875,0.3935902766564667,-0.9192859697186104,1.4,-0.1674781925056089,0.1718807414775063,1.151824605656913,-0.10922716419257593,0.2938918372410075,1.085174434044468,1.232521807494391,True,1.232521807494391,True,1.4,False,1.4,False,1.4,False,1.3581304518735977,1.5435568434644102,0.25,0.010278530471455327,-0.17990460916473347,-0.3328084988235486,4,temperature_plus20
7682,US-Var,2020-06-14,US-Var,Grasslands,38.4133,-120.9507,1.7,6.0,0.4455031904596479,20.776041666666668,1.4226729166666665,1.4624710416666669,0.2802306751992158,-0.9599326896597448,1.7,-0.4205657175927174,0.2904522095228383,1.506111281878044,-0.06599267715884041,0.2938918372410075,1.085174434044468,1.2794342824072826,True,1.2794342824072826,True,1.7,False,1.7,False,1.7,False,1.5948585706018206,1.8532038374003568,0.25,-0.09481046972782912,-0.5143410631035154,-0.6525456199468076,4,temperature_plus20
7683,US-Var,2020-06-22,US-Var,Grasslands,38.4133,-120.9507,1.1,7.5,0.3413528868620973,27.25877083333333,2.347293333333333,1.2376593541666672,0.1457991969198751,-0.9893142039703664,1.1,-1.1620414297178878,0.441071942002705,1.833923448350839,-0.4556893412273218,0.2938918372410075,1.085174434044468,-0.06204142971788773,True,1.1,False,1.1,False,1.1,False,1.1,False,0.8094896425705281,1.2550466624557792,0.25,-0.7786033225603946,-1.063457414923862,-1.6440635516694069,4,temperature_plus20
7684,US-Var,2020-06-23,US-Var,Grasslands,38.4133,-120.9507,0.9,7.8,0.2847508308408184,27.31929166666666,2.34723625,1.286285208333333,0.1287481774525813,-0.99167731989929,0.9,-1.2356146251549358,0.41528649918113264,1.7964263215351308,-0.5770317388018615,0.2938918372410075,1.085174434044468,-0.3356146251549358,True,0.9,False,0.9,False,0.9,False,0.9,False,0.5910963437112661,1.0633321108624032,0.25,-0.8785997548946651,-1.1368709769474177,-1.6913731436227246,4,temperature_plus20
7685,US-Var,2020-06-30,US-Var,Grasslands,38.4133,-120.9507,0.7,6.8,0.2205626189975555,25.451125000000008,2.4307822916666666,1.409047291666666,0.0086069968886886,-0.9999629591162656,0.7,-0.635349362754355,0.4495318398491219,1.6238711389978744,-0.33284849303512676,0.2938918372410075,1.085174434044468,0.0646506372456449,True,0.7,False,0.7,False,0.7,False,0.7,False,0.5411626593114112,1.0530477648984515,0.25,-0.25929549961158627,-0.5135110106141137,-1.1332415780373652,4,temperature_plus20
7686,US-Var,2020-07-01,US-Var,Grasslands,38.4133,-120.9507,1.2,7.4,0.2422496477779489,25.24102083333333,2.232805416666667,1.515372916666667,-0.008606996888688,-0.9999629591162656,1.2,-1.071232425443469,0.39681355858846407,1.5731317337996622,-0.3032381469705443,0.2938918372410075,1.085174434044468,0.12876757455653087,True,1.2,False,1.2,False,1.2,False,1.2,False,0.9321918936391327,1.249982431018192,0.25,-0.7396281208145226,-0.9631916681486097,-1.5108774873672748,4,temperature_plus20
7687,US-Var,2020-07-08,US-Var,Grasslands,38.4133,-120.9507,1.2,7.8,0.2203973158333073,26.1346875,2.507703958333334,1.3949258124999997,-0.1287481774525806,-0.99167731989929,1.2,-1.279795948920604,0.39614516573413366,1.6577993684303134,-0.8086677405885628,0.2938918372410075,1.085174434044468,-0.07979594892060415,True,1.2,False,1.2,False,1.2,False,1.2,False,0.8800510127698489,1.2610146854548179,0.25,-0.9445727204060959,-1.1778708632040766,-1.7169442631516403,4,temperature_plus20
7688,US-Var,2020-07-09,US-Var,Grasslands,38.4133,-120.9507,0.7,8.2,0.2476411400658731,26.726541666666673,2.5815954166666666,1.3439089583333332,-0.1457991969198744,-0.9893142039703664,0.7,-1.3274981982806124,0.3989443295549454,1.680608249554663,-1.070465818892282,0.2938918372410075,1.085174434044468,-0.6274981982806125,True,0.7,False,0.7,False,0.7,False,0.7,False,0.36812545042984685,0.9170145453123021,0.25,-0.9475477345605532,-1.2918968091817562,-1.743050051099528,4,temperature_plus20
7689,US-Var,2020-07-16,US-Var,Grasslands,38.4133,-120.9507,1.5,7.4,0.1909197492874368,24.26510416666667,1.8842820833333336,1.2540193750000002,-0.2636654927280072,-0.9646141756912436,1.5,-1.0153900651527505,0.3839566593766625,1.5362747925064342,-0.2847512770202404,0.2938918372410075,1.085174434044468,0.48460993484724946,True,1.5,False,1.5,False,1.5,False,1.5,False,1.2461524837118123,1.5254861162468436,0.25,-0.6849255505948499,-0.9246582238881846,-1.4365864209752168,4,temperature_plus20
7690,US-Var,2020-07-17,US-Var,Grasslands,38.4133,-120.9507,1.7,7.4,0.092748186474201,24.53687500000001,2.0483297916666667,1.3564526666666663,-0.2802306751992161,-0.9599326896597444,1.7,-1.1167245872498759,0.3564359535817085,1.5617121471944526,-0.3550523346897972,0.2938918372410075,1.085174434044468,0.5832754127501241,True,1.7,False,1.7,False,1.7,False,1.7,False,1.420818853187531,1.6104999998279719,0.25,-0.8310710247270863,-1.00294248193633,-1.5161602550862117,4,temperature_plus20
7691,US-Var,2020-07-24,US-Var,Grasslands,38.4133,-120.9507,1.1,7.1,0.1286483981256188,24.16477083333332,1.8258504166666665,1.2853029166666663,-0.3935902766564664,-0.9192859697186104,1.1,-0.7674455569986881,0.3410135793702522,1.5066019532093722,-0.31695802024731445,0.2938918372410075,1.085174434044468,0.332554443001312,True,1.1,False,1.1,False,1.1,False,1.1,False,0.9081386107503281,1.331059626036344,0.25,-0.4244104060898329,-0.7715253074385289,-1.1064009574677027,4,temperature_plus20
7692,US-Var,2020-07-25,US-Var,Grasslands,38.4133,-120.9507,0.8,7.1,0.198185372065853,25.01158333333333,2.165895625,1.312613541666667,-0.4093559588156211,-0.9123747579707274,0.8,-0.7388307886056795,0.397306363056622,1.561412408479952,-0.27576001138326406,0.2938918372410075,1.085174434044468,0.06116921139432052,True,0.8,False,0.8,False,0.8,False,0.8,False,0.6152923028485802,1.151480037388987,0.25,-0.3190914937342847,-0.7883366640075151,-1.109064208075239,4,temperature_plus20
7693,US-Var,2020-08-01,US-Var,Grasslands,38.4133,-120.9507,1.1,7.6,0.1497889082529159,25.20883333333333,2.3174489583333333,1.3185514583333335,-0.5160623910158526,-0.8565509959010037,1.1,-1.1031235344751769,0.33154948054058686,1.5996131515097152,-0.3390136096696307,0.2938918372410075,1.085174434044468,-0.00312353447517677,True,1.1,False,1.1,False,1.1,False,1.1,False,0.8242191163812058,1.2108781272103952,0.25,-0.7715646123683724,-1.103142418414286,-1.434663572642872,4,temperature_plus20
7694,US-Var,2020-08-02,US-Var,Grasslands,38.4133,-120.9507,1.1,8.1,0.1832008849350828,26.245979166666668,2.4836829166666665,1.2354718750000002,-0.5307300481619331,-0.8475409228928312,1.1,-1.3103427399111593,0.3801663771518607,1.7247313022105069,-1.070465818892282,0.2938918372410075,1.085174434044468,-0.21034273991115926,True,1.1,False,1.1,False,1.1,False,1.1,False,0.7724143150222103,1.2002509013263876,0.25,-0.9881860139021879,-1.2131813746936766,-1.7296608311376136,4,temperature_plus20
7695,US-Var,2020-08-09,US-Var,Grasslands,38.4133,-120.9507,0.8,7.1,0.2156036191981611,28.488583333333334,2.7158995833333326,1.2769664583333329,-0.6287628145958345,-0.7775971469736268,0.8,-0.9405065337144519,0.5206047310228028,1.9553439128820493,-0.29124986531708474,0.2938918372410075,1.085174434044468,-0.14050653371445188,True,0.8,False,0.8,False,0.8,False,0.8,False,0.5648733665713871,1.0663014577825043,0.25,-0.3530408576730144,-1.1238204169846049,-1.3446583264857364,4,temperature_plus20
7696,US-Var,2020-08-10,US-Var,Grasslands,38.4133,-120.9507,0.7,7.4,0.1642446054232157,27.54883333333335,2.6088666666666662,1.3265210416666664,-0.6420547132365636,-0.7666588193001592,0.7,-1.0282433669329796,0.46521590512064237,1.8259714538794918,-0.3018696368849743,0.2938918372410075,1.085174434044468,-0.3282433669329796,True,0.7,False,0.7,False,0.7,False,0.7,False,0.44293915826675506,0.9501255943999599,0.25,-0.5209180780853044,-1.1289627968981961,-1.4348492258154382,4,temperature_plus20
7697,US-Var,2020-08-17,US-Var,Grasslands,38.4133,-120.9507,0.1,7.1,0.1925996299058209,31.92183333333332,3.3584520833333333,1.7606028750000002,-0.7295575540864876,-0.6839194216246105,0.1,-1.0417246669488058,0.6865672968386942,2.2672789555857285,-0.3018696368849743,0.2938918372410075,1.085174434044468,-0.9417246669488059,True,0.1,False,0.1,False,0.1,False,0.1,False,-0.16043116673720145,0.4075720749821923,0.25,-0.2818705378712658,-1.2258433302856575,-1.6174601326894944,4,temperature_plus20
7698,US-Var,2020-08-18,US-Var,Grasslands,38.4133,-120.9507,1.3,8.1,0.1319990876560296,31.491437500000004,3.235656250000001,1.212587,-0.7412220108485957,-0.6712599575675315,1.3,-1.668645452576298,0.4826083055470802,2.3362329856863404,-1.26206092984796,0.2938918372410075,1.085174434044468,-0.3686454525762979,True,1.3,False,1.3,False,1.3,False,1.3,False,0.8828386368559256,1.2962565822164112,0.25,-1.3515099450709762,-1.4303762385543697,-2.224050174103548,4,temperature_plus20
7832,US-WCr,2019-05-06,US-WCr,Mixed Forests,45.8059,-90.0799,1.5,2.8,1.055946123895209,6.884086541666668,0.4761562437499999,2.357640008333333,0.8263541987239096,-0.5631507242749186,1.5,1.1857595008183919,0.34807836306313417,1.3262152801223845,-0.22481744223865452,0.3383753467768871,1.1146917614142209,2.685759500818392,True,1.5,False,1.5,False,1.5,False,1.5,False,1.5,2.685759500818392,0.0,1.4604245681304402,1.3025487341001134,0.7943052002246218,9,temperature_plus20
7833,US-WCr,2019-05-30,US-WCr,Mixed Forests,45.8059,-90.0799,4.3,4.6,3.0323569850516785,18.245545416666666,0.9765301625,2.110334547916667,0.5307300481619334,-0.8475409228928311,4.3,-0.07553172104572714,0.6941709897225586,1.505967632472496,0.10837865622295048,0.3383753467768871,1.1146917614142209,4.224468278954273,True,4.3,False,4.3,False,4.224468278954273,True,4.3,False,4.3,4.562961185502029,0.0,0.5954352681518308,-0.031244445932341935,-0.7907859853566703,9,temperature_plus20
7834,US-WCr,2019-06-07,US-WCr,Mixed Forests,45.8059,-90.0799,5.8,5.7000003,4.846937845972423,22.296642499999994,1.1554477458333332,2.1988108125,0.4093559588156213,-0.9123747579707272,5.8,-0.7466536011144379,0.8924659985329187,1.4957816218162452,-0.21777267496090433,0.3383753467768871,1.1146917614142209,5.053346398885562,True,5.8,False,5.8,False,5.8,False,5.8,False,5.8,5.421173005821598,0.0,0.06267523261168612,-0.5988366266963149,-1.7037994092586848,9,temperature_plus20
7835,US-WCr,2019-06-15,US-WCr,Mixed Forests,45.8059,-90.0799,4.9,4.1,4.136922927303227,14.531584999999998,0.4382195374999999,1.4880398333333342,0.2802306751992158,-0.9599326896597448,4.9,0.3905195857175663,0.3351529671654041,1.1698254911934345,0.05729713774326021,0.3383753467768871,1.1146917614142209,5.290519585717567,True,5.290519585717567,True,4.9,False,5.290519585717567,True,4.9,False,4.9,5.4634764601945145,0.0,0.7774767585453471,0.19197926070684473,0.20210273790050698,9,temperature_plus20
7836,US-WCr,2019-08-02,US-WCr,Mixed Forests,45.8059,-90.0799,4.5,4.7000003,5.600870941062602,22.18611145833334,0.5048254520833333,2.072212416666666,-0.5160623910158526,-0.8565509959010037,4.5,0.0875519807560202,0.5351389017754223,1.4452960786100002,0.10837865622295048,0.3383753467768871,1.1146917614142209,4.58755198075602,True,4.5,False,4.5,False,4.58755198075602,True,4.5,False,4.5,5.209654789785486,0.0,0.5865626328669089,0.15366497008056834,-0.47757166067941664,9,temperature_plus20
7837,US-WCr,2019-08-10,US-WCr,Mixed Forests,45.8059,-90.0799,4.2,4.2000003,6.010628318170924,18.87454104166666,0.47410282375,1.6181793749999998,-0.6287628145958345,-0.7775971469736268,4.2,0.42082891893325763,0.39631157741013945,1.1186980279437715,0.039332888771914244,0.3383753467768871,1.1146917614142209,4.620828918933258,True,4.2,False,4.2,False,4.620828918933258,True,4.2,False,4.2,5.053260408909272,0.0,0.8620739826641228,0.30527760905163687,0.09513516508401315,9,temperature_plus20
7838,US-xAE,2019-06-11,US-xAE,Grasslands,35.41059,-99.05879,5.1,6.4,6.024529999786616,21.23766655316664,1.3343964583333336,2.9166800063740155,0.3456123126707335,-0.938377391740864,5.1,-0.816161636087927,0.4644674348337356,1.32261147059795,-0.1442811940900005,0.30127502484804974,1.0522199518199744,4.283838363912072,True,5.1,False,5.1,False,5.1,False,5.1,False,4.895959590978018,4.444416537974248,0.25,-0.2958879879662666,-0.9635310166038034,-1.1890659036937112,6,temperature_plus20
7839,US-xAE,2019-06-12,US-xAE,Grasslands,35.41059,-99.05879,3.8,5.8,5.868546455657757,21.42846189410332,1.2681985416666668,2.8437664989909663,0.3294084822245304,-0.9441875088341992,3.8,-0.12535890052379484,0.3979678500332908,1.6705271080904738,-0.10792575326284604,0.30127502484804974,1.0522199518199744,3.674641099476205,True,3.8,False,3.8,False,3.8,False,3.8,False,3.768660274869051,3.9061901349978174,0.25,0.3318558921753938,-0.3140365502814265,-0.3938960434653518,6,temperature_plus20
7840,US-xAE,2019-07-29,US-xAE,Grasslands,35.41059,-99.05879,3.4,8.1,2.3957653751984624,31.005359780786566,2.5275029166666667,2.7346423933997586,-0.455906693508459,-0.8900275764346766,3.4,-1.381517477996833,0.39066736158744364,2.3765176670173505,-0.5633196225638047,0.30127502484804974,1.0522199518199744,2.0184825220031666,True,3.4,False,3.4,False,3.4,False,3.4,False,3.0546206305007915,2.7743487875097377,0.25,-1.3870582247800978,-0.9881092128134454,-1.7693849963969563,6,temperature_plus20
7841,US-xAE,2019-08-06,US-xAE,Grasslands,35.41059,-99.05879,1.8,7.2000003,1.5229450531168154,31.609501634368016,2.2000558333333324,1.7895547420303552,-0.5737722679043243,-0.8190148866680802,1.8,-0.9007195183365742,0.22744940201792033,2.387217349554467,-0.13097238987092105,0.30127502484804974,1.0522199518199744,0.8992804816634259,True,0.8992804816634259,True,1.8,False,1.8,False,1.8,False,1.5748201204158565,1.48004685609746,0.25,-0.6380837100928676,-1.0322711946569156,-1.0318036502599393,6,temperature_plus20
7842,US-xAE,2019-09-07,US-xAE,Grasslands,35.41059,-99.05879,3.2,7.2000003,2.7303752487860224,30.23424023050633,2.523843958333333,2.6019319190691528,-0.9175836260593934,-0.3975428142825566,3.2,-1.1459642823452496,0.31049799651618126,2.246543471287377,0.04880868898418235,0.30127502484804974,1.0522199518199744,2.0540357176547506,True,3.2,False,3.2,False,2.0540357176547506,True,3.2,False,2.9135089294136876,2.516296041972964,0.25,-1.2287318289479676,-0.8024693444660357,-1.4066916736217454,6,temperature_plus20
7845,US-xDC,2019-04-22,US-xDC,Grasslands,47.16165,-99.10656,1.6,4.0,2.4814692476470244,11.847423398437982,0.8406095833333332,2.8171162813288064,0.9368813462954316,-0.3496474552512284,1.6,1.1034228701746847,0.13233553461095726,1.3540581982927749,-0.12338839288166133,0.28414504251128225,1.063197294328641,2.703422870174685,True,2.703422870174685,True,1.6,False,1.6,False,1.6,False,1.8758557175436712,2.6942574691733956,0.25,1.1166374717210426,1.2286553374923446,0.9649758013106673,0,temperature_plus20
7846,US-xDC,2019-07-02,US-xDC,Grasslands,47.16165,-99.10656,4.9,5.8,4.938916937753824,23.13274120317309,0.8362320833333335,2.849462131047509,-0.008606996888688,-0.9999629591162656,4.9,0.31668027485011163,0.2705800552190832,1.5344266006406582,-0.08890352539845181,0.28414504251128225,1.063197294328641,5.216680274850112,True,5.216680274850112,True,4.9,False,4.9,False,4.9,False,4.979170068712528,5.05715219028604,0.25,0.5924079344423895,0.0515597769214704,0.306073113186475,0,temperature_plus20
7847,US-xDC,2019-08-19,US-xDC,Grasslands,47.16165,-99.10656,4.1,5.3,8.158945861525144,21.697626492275067,0.8472762499999998,3.3326876703716235,-0.7412220108485957,-0.6712599575675315,4.1,0.5311932759474196,0.3345041531053151,1.472558921789416,-0.06886379811231162,0.28414504251128225,1.063197294328641,4.631193275947419,True,4.1,False,4.1,False,4.1,False,4.1,False,4.2327983189868545,4.5190804260857975,0.25,0.9013061958657527,0.2504532315714458,0.4418204004050603,0,temperature_plus20
7848,US-xDC,2019-08-20,US-xDC,Grasslands,47.16165,-99.10656,3.3,4.1,4.944152354208804,19.583972521624283,0.6189352083333334,3.7555613739146296,-0.7526668275320083,-0.6584015846980489,3.3,1.412774510883101,0.5690582801760302,1.5137266777766452,-0.14247432610272048,0.28414504251128225,1.063197294328641,4.712774510883101,True,3.3,False,3.3,False,3.3,False,3.3,False,3.653193627720775,4.5831832523921365,0.25,1.9510240563542505,0.8172406446207419,1.4700588316743108,0,temperature_plus20
7849,US-xDC,2019-09-04,US-xDC,Grasslands,47.16165,-99.10656,3.2,3.8,5.225402940861777,16.315499635997295,0.471919375,3.6608311967444567,-0.8958392907349089,-0.4443781781046134,3.2,1.3066020830053915,0.4716739516034334,1.3030262149916678,-0.14247432610272048,0.28414504251128225,1.063197294328641,4.506602083005392,True,3.2,False,3.2,False,3.2,False,3.2,False,3.526650520751348,4.365409535324567,0.25,1.6965562604862043,0.7823407383095187,1.440909250220451,0,temperature_plus20
7850,US-xDC,2020-05-17,US-xDC,Grasslands,47.16165,-99.10656,4.3,4.9,3.4877330862062177,15.084790869749687,0.8570172916666668,2.8770643088990515,0.6932812268869777,-0.7206671495538609,4.3,0.548742542640071,0.2399784612555796,1.1368899821234189,0.017124243526004196,0.28414504251128225,1.063197294328641,4.848742542640071,True,4.848742542640071,True,4.3,False,4.848742542640071,True,4.3,False,4.4371856356600174,4.652709676424463,0.25,0.7001164408610356,0.2720478347996395,0.6740633522595382,0,temperature_plus20
7851,US-xDC,2020-05-18,US-xDC,Grasslands,47.16165,-99.10656,3.2,6.2000003,4.9009525661314965,15.384438773959127,0.8612552083333332,5.583094015741336,0.6807734094770161,-0.7324940716135789,3.2,0.3194387801890822,0.1559938839127401,1.2485378928834725,-0.022572133789434325,0.28414504251128225,1.063197294328641,3.5194387801890823,True,3.5194387801890823,True,3.2,False,3.2,False,3.2,False,3.279859695047271,3.490757849805669,0.25,0.14214192282834198,0.3805470546272295,0.43562736311167527,0,temperature_plus20
7852,US-xDL,2019-07-29,US-xDL,Mixed Forests,32.54172,-87.80389,6.6,6.3,6.1406428315477815,28.94403632058715,1.5474424999999998,0.6147840474462641,-0.455906693508459,-0.8900275764346766,6.6,-0.5357199608154203,0.32463108734361384,2.2778439592077255,-0.2116948766397158,0.28414504251128225,1.063197294328641,6.064280039184579,True,6.6,False,6.6,False,6.6,False,6.6,False,6.4660700097961445,6.409823297765248,0.25,-0.3221866269800021,-0.37567587199838415,-0.9092973834678747,0,temperature_plus20
7853,US-xDS,2019-11-23,US-xDS,Grasslands,28.12504,-81.4362,2.4,3.2,1.7606437238751942,20.576979723392128,0.6225135416666667,1.0529085694727929,-0.6084768701151264,0.7935716089521472,2.4,0.967140218412093,0.05564264158287061,1.9672112693782497,-0.2625961861782391,0.34723185559423303,1.0600923451112358,3.367140218412093,True,3.367140218412093,True,2.4,False,2.4,False,2.4,False,2.4,3.2644830507722613,0.0,1.0211160106263693,0.909968486341798,0.9703361582681116,3,temperature_plus20
7854,US-xDS,2019-12-09,US-xDS,Grasslands,28.12504,-81.4362,2.3,2.7,1.7885496332805852,21.154969274781593,0.6255400000000001,0.8822753476448536,-0.3697245428906732,0.9291414114031744,2.3,1.0112372881508624,0.039258296068893014,2.200919007062409,-0.2625961861782391,0.34723185559423303,1.0600923451112358,3.3112372881508625,True,3.3112372881508625,True,2.3,False,2.3,False,2.3,False,2.3,3.1000343169386135,0.0,0.9686562199677458,1.0190610748800677,1.0459945696047737,3,temperature_plus20
7855,US-xDS,2019-12-25,US-xDS,Grasslands,28.12504,-81.4362,1.8,3.4,2.195016304359622,21.78985270731005,0.5737431249999999,2.562970670762593,-0.1031016974474354,0.9946708199115212,1.8,0.46712998738271944,0.8060694026937144,2.311247859688156,-0.35566302398645366,0.34723185559423303,1.0600923451112358,2.2671299873827193,True,1.8,False,1.8,False,1.8,False,1.8,False,1.8,2.0837048799038667,0.0,1.200984353042665,0.5960265731040142,-0.3956209639985208,3,temperature_plus20
7856,US-xNG,2019-04-13,US-xNG,Grasslands,46.76972,-100.91535,0.6,3.1000001,1.188565469332981,2.348275951644988,0.4053068750000001,2.3260643505084757,0.97961369164549,-0.200890555130635,0.6,0.7992828745941584,0.1941221262027724,0.9463344098874723,0.04829359147699337,0.38099470276843933,1.2403463146534146,1.3992828745941583,True,1.3992828745941583,True,1.3992828745941583,True,1.3992828745941583,True,1.3992828745941583,True,0.7998207186485395,1.3992828745941583,0.25,0.817486914497874,0.9836617570070378,0.5966999522775631,5,temperature_plus20
7857,US-xNG,2019-04-20,US-xNG,Grasslands,46.76972,-100.91535,2.2,4.8,1.1892406612287765,17.002931035445034,0.941201041666667,2.857838924626531,0.9483615800121716,-0.3171912885891061,2.2,-0.24760579342159295,0.9915742054311798,1.736896887028196,0.16357088642586215,0.38099470276843933,1.2403463146534146,1.9523942065784072,True,2.2,False,2.2,False,1.9523942065784072,True,2.2,False,2.138098551644602,2.154750460970416,0.25,0.678230475799568,-0.127137429369017,-1.2939104266953299,5,temperature_plus20
7858,US-xNG,2019-06-16,US-xNG,Grasslands,46.76972,-100.91535,3.6,4.1,4.295781747722351,14.671280345545476,0.4401760416666666,3.13172303701704,0.263665492728007,-0.9646141756912436,3.6,1.3338828765743862,0.55171680060117,1.2855157592027056,0.6346599893758966,0.38099470276843933,1.2403463146534146,4.933882876574386,True,3.6,False,3.6,False,4.933882876574386,True,3.6,False,3.9334707191435965,5.120693447952382,0.25,1.9709199581620542,1.0099564177623808,1.0207722537987236,5,temperature_plus20
7859,US-xNG,2019-06-24,US-xNG,Grasslands,46.76972,-100.91535,3.5,6.0,6.743209208452443,18.80620109532371,0.8922427083333334,2.489883088556492,0.1287481774525813,-0.99167731989929,3.5,0.02272892344281478,0.5113695218026816,1.40649715649535,0.16357088642586215,0.38099470276843933,1.2403463146534146,3.522728923442815,True,3.5,False,3.5,False,3.522728923442815,True,3.5,False,3.5056822308607036,3.6949310204425094,0.25,0.509831828102858,0.068222204731164,-0.5098672625055777,5,temperature_plus20
7860,US-xNG,2019-07-02,US-xNG,Grasslands,46.76972,-100.91535,3.7,5.8,5.236787400566419,23.19449486421503,0.7706633333333334,2.420406272298796,-0.008606996888688,-0.9999629591162656,3.7,0.0617552526060422,0.6866155084518057,1.773155204245795,0.16357088642586215,0.38099470276843933,1.2403463146534146,3.7617552526060423,True,3.7,False,3.7,False,3.7617552526060423,True,3.7,False,3.715438813151511,3.9866722604375693,0.25,0.7612821062687993,0.03515972671787984,-0.6111760751685525,5,temperature_plus20
7861,US-xNG,2019-07-17,US-xNG,Grasslands,46.76972,-100.91535,4.4,5.9,5.449875047881004,23.300719134846872,0.7822052083333332,2.3478585887605545,-0.2636654927280072,-0.9646141756912436,4.4,-0.07855004443119366,0.6968035140545191,1.6328103211417002,0.12512909665553124,0.38099470276843933,1.2403463146534146,4.321449955568807,True,4.4,False,4.4,False,4.321449955568807,True,4.4,False,4.380362488892202,4.475851051890097,0.25,0.6453136800116477,-0.1362597534067828,-0.7447040598984458,5,temperature_plus20
7862,US-xNG,2019-10-22,US-xNG,Grasslands,46.76972,-100.91535,0.7,1.4,0.8214596923442203,3.312775238260875,0.2614070833333333,2.6843372298056054,-0.9338372288229252,0.3576982388331254,0.7,0.5869091468977125,0.05519637206568667,0.898110608565165,0.09211365447102661,0.38099470276843933,1.2403463146534146,1.2869091468977123,True,1.2869091468977123,True,1.2869091468977123,True,1.2869091468977123,True,1.2869091468977123,True,0.8467272867244281,1.2869091468977123,0.25,0.6139105372897151,0.5234101199606649,0.6234067834427575,5,temperature_plus20
7863,US-xNG,2019-11-22,US-xNG,Grasslands,46.76972,-100.91535,0.2,1.5,0.1548410517445421,0.3117853735373426,0.2553779166666667,3.3920233665005965,-0.622046748440868,0.7829801036770625,0.2,0.5205058668940258,0.04669411368526136,0.8043277366895184,0.10010346353802448,0.38099470276843933,1.2403463146534146,0.7205058668940258,True,0.7205058668940258,True,0.7205058668940258,True,0.7205058668940258,True,0.7205058668940258,True,0.33012646672350643,0.7205058668940258,0.25,0.48647369557295217,0.5737393342825662,0.5013045708265588,5,temperature_plus20
7864,US-xRM,2019-04-19,US-xRM,Evergreen Forests,40.2759099999999,-105.54592,4.7,4.1,2.9030207361183007,8.609432471986223,0.8233349999999998,2.1845629293088424,0.9536809966304456,-0.3008198076356673,4.7,0.12152691791984375,0.057637486618538035,0.9367483145540874,-0.07441654151871045,0.28414504251128225,1.063197294328641,4.821526917919844,True,4.821526917919844,True,4.821526917919844,True,4.7,False,4.7,False,4.730381729479961,4.821526917919844,0.25,0.1694395304463776,0.05756603648868103,0.13757518682447262,0,temperature_plus20
7865,US-xSB,2019-10-13,US-xSB,Evergreen Forests,29.68927,-81.99343,2.9,3.8,2.170263755159868,25.95065146985879,0.903,0.8789427503142827,-0.9778483415056568,0.2093146459630488,2.9,-0.06888493760830233,0.7720976694831853,2.157743682020246,0.10837865622295048,0.3383753467768871,1.1146917614142209,2.8311150623916976,True,2.9,False,2.9,False,2.8311150623916976,True,2.9,False,2.9,3.2267354023588024,0.0,0.7884675919580844,-0.7093270902392662,-0.28579531454372514,9,temperature_plus20
7866,US-xSB,2020-03-21,US-xSB,Evergreen Forests,29.68927,-81.99343,1.9,4.2000003,1.6012468881475188,25.831141127213588,1.0922270833333332,1.0795894357300824,0.9844738167520922,0.1755314904214282,1.9,0.019119433592765394,0.8015939985216428,2.900108997440234,0.10837865622295048,0.3383753467768871,1.1146917614142209,1.9191194335927653,True,1.9,False,1.9,False,1.9191194335927653,True,1.9,False,1.9,2.1856777174066027,0.0,0.5816574866633936,0.37441630513992463,-0.898715491025022,9,temperature_plus20
7867,US-xSB,2020-03-22,US-xSB,Evergreen Forests,29.68927,-81.99343,1.5,4.8,1.0955823239830185,25.04861033357966,0.8029752083333334,1.0757901556176712,0.9873494423939864,0.1585593851031347,1.5,0.04763565037490821,0.6844160042247378,2.806426403760559,0.10837865622295048,0.3383753467768871,1.1146917614142209,1.5476356503749082,True,1.5,False,1.5,False,1.5476356503749082,True,1.5,False,1.5,1.7312393078088602,0.0,0.35232353851767084,0.5267972367252991,-0.7362138241182453,9,temperature_plus20
7873,US-xST,2019-05-07,US-xST,Mixed Forests,45.50894,-89.58637,2.4,3.5,1.6992189628679657,7.612815377218008,0.6531052083333335,1.1058936911135715,0.8165380514459161,-0.5772916165517272,2.4,1.1289630209582635,0.321726714680061,0.9858440933535467,-0.0012243771084291134,0.28414504251128225,1.063197294328641,3.5289630209582636,True,2.4,False,3.5289630209582636,True,2.4,False,2.4,False,2.6822407552395657,3.5289630209582636,0.25,0.7993905877835386,1.4422234353285874,1.1452750397626645,0,temperature_plus20
7874,US-xST,2019-07-10,US-xST,Mixed Forests,45.50894,-89.58637,4.9,4.6,6.139610759070875,23.590207177214516,0.7881697916666665,1.3025339529226438,-0.1457991969198744,-0.9893142039703664,4.9,0.6322884398474233,0.40329657879041586,1.8776449497167793,-0.0976041511413409,0.28414504251128225,1.063197294328641,5.532288439847424,True,4.9,False,4.9,False,4.9,False,4.9,False,5.058072109961856,5.837571741352401,0.25,1.0293723776222732,0.6444391149582369,0.2230538269617598,0,temperature_plus20
7884,US-xUN,2019-05-06,US-xUN,Mixed Forests,46.23388,-89.53725,2.2,2.7,0.8872748110235379,5.569834711678786,0.4788770833333334,1.5982952298623978,0.8263541987239096,-0.5631507242749186,2.2,1.2259887444357178,0.1669590333344559,1.0553033824367977,-0.3665197030543697,0.34723185559423303,1.0600923451112358,3.4259887444357178,True,3.4259887444357178,True,3.4259887444357178,True,2.2,False,2.2,False,2.2,3.4259887444357178,0.0,1.1060694288218285,1.4166765060268078,1.1552202984585176,3,temperature_plus20
7885,US-xUN,2019-06-08,US-xUN,Mixed Forests,46.23388,-89.53725,5.9,6.7000003,5.385245925037599,22.6594929285438,1.537848125,1.6409811930477591,0.3935902766564667,-0.9192859697186104,5.9,-1.0831396782843006,0.6587159023010781,1.5399826802082124,-0.6828381134910375,0.34723185559423303,1.0600923451112358,4.8168603217156996,True,5.9,False,5.9,False,5.9,False,5.9,False,5.9,5.192662833359523,0.0,-0.826293772769821,-0.5915390221687339,-1.8315862399143465,3,temperature_plus20
7886,US-xUN,2019-07-09,US-xUN,Mixed Forests,46.23388,-89.53725,5.2,5.6,5.031766376824885,23.01674886603601,0.8585041666666667,1.4317147995972137,-0.1287481774525806,-0.99167731989929,5.2,-0.028502128740920025,0.45868058093134084,1.7347443712578279,-0.09901962876062134,0.34723185559423303,1.0600923451112358,5.1714978712590804,True,5.2,False,5.2,False,5.2,False,5.2,False,5.2,5.3490614127435,0.0,0.4070987504319088,0.014612706946855486,-0.5072178436015243,3,temperature_plus20
7887,US-xUN,2019-07-10,US-xUN,Mixed Forests,46.23388,-89.53725,4.5,4.4,5.151989973203498,22.78529018992887,0.7042897916666665,1.5270419819128598,-0.1457991969198744,-0.9893142039703664,4.5,0.783573894748162,0.507383512195007,1.7970141800116608,-0.39175630196566996,0.34723185559423303,1.0600923451112358,5.283573894748162,True,4.5,False,4.5,False,4.5,False,4.5,False,4.5,5.5326578187862765,0.0,1.369438103255589,0.4874207130636137,0.49386286792528333,3,temperature_plus20
7888,US-xUN,2019-08-02,US-xUN,Mixed Forests,46.23388,-89.53725,3.7,4.5,4.508915967822969,23.472170948491048,0.8631064583333332,0.9560271990874178,-0.5160623910158526,-0.8565509959010037,3.7,0.6796565558700709,0.4119428878011188,1.6355673338847154,-0.3748312274306542,0.34723185559423303,1.0600923451112358,4.379656555870071,True,3.7,False,3.7,False,3.7,False,3.7,False,3.7,4.476948657639654,0.0,1.1518121364563545,0.4935665000809776,0.3935910310728806,3,temperature_plus20
7889,US-xUN,2020-04-30,US-xUN,Mixed Forests,46.23388,-89.53725,2.4,4.1,1.6484598172580076,8.337951130313519,0.6348120833333333,2.189159165464758,0.8717063187093218,-0.4900286664290592,2.4,0.7612560752331299,0.45527539507607434,0.997855804810403,-0.3348777907059995,0.34723185559423303,1.0600923451112358,3.16125607523313,True,2.4,False,3.16125607523313,True,2.4,False,2.4,False,2.4,3.16125607523313,0.0,0.9029658606982875,1.1288238528647099,0.25197851213639233,3,temperature_plus20
7890,US-xUN,2020-05-01,US-xUN,Mixed Forests,46.23388,-89.53725,1.7,4.3,1.8893142570449568,11.395591494756324,0.8265145833333329,1.984866646735224,0.8631421280499114,-0.5049610547215204,1.7,0.7578963857502338,0.43887379938049886,1.252058217763333,-0.3155580089829693,0.34723185559423303,1.0600923451112358,2.457896385750234,True,1.7,False,1.7,False,1.7,False,1.7,False,1.7,2.457896385750234,0.0,0.9452496897702416,1.071999412472832,0.2564400550076277,3,temperature_plus20
