row_id,station,date,group,landcover,latitude,longitude,openet,eto,y,t_avg,vpd,ws,doy_sin,doy_cos,correction,spread,distance,gain,inner_fold,correction_20260713,correction_20260714,correction_20260715,predicted_gain,outer_fold
0,Almond_High,2016-10-18,Almond_High,Croplands,36.169669,-120.201004,2.8,4.7000003,3.2692028299273965,15.92115416666667,0.8792485312499999,1.981040947125,-0.9510565162951536,0.3090169943749472,-0.4954459515419769,0.14491155921203125,0.46771712071177457,-0.4954459515419769,2,-0.6512621985080308,-0.36471422652211505,-0.47036142959578475,0.0011718949179020904,2
1,Almond_High,2016-10-19,Almond_High,Croplands,36.169669,-120.201004,2.7,4.1,3.3010889439100146,17.11445833333333,1.1666514708333335,1.650064305041666,-0.9455963874271428,0.3253420847119795,-0.21894485543779918,0.05543105062568108,0.47533497867743135,-0.21894485543779918,2,-0.2654935718422341,-0.15762428685542115,-0.2337167076157423,-0.0232495538932289,2
2,Almond_High,2016-10-26,Almond_High,Croplands,36.169669,-120.201004,2.6,3.7,3.4350545255037304,19.530833333333337,1.3863679250000005,1.0243062465624997,-0.8996308696522434,0.4366512319560638,0.26644993433543707,0.09778934090520935,0.47967961791626534,0.26644993433543707,2,0.365251091418064,0.2643938772725989,0.1697048343156483,0.008719579617223586,2
3,Almond_High,2016-11-03,Almond_High,Croplands,36.169669,-120.201004,1.9,2.9,2.334877953351536,14.920789583333333,0.4930906729166667,0.9247025995833332,-0.8311706263658079,0.5560174366570446,0.31218935480155247,0.1254929572415528,0.5174595388086003,0.31218935480155247,2,0.45608855680170146,0.2550129411698299,0.22546656643312601,0.012404314516349296,2
4,Almond_High,2016-11-11,Almond_High,Croplands,36.169669,-120.201004,2.5,2.2,2.7000762496688107,19.603416666666664,1.1845941458333331,1.089986917208333,-0.7469720876965551,0.6648553979642867,0.7000937489955423,0.14074788527083057,0.6745204849974484,-0.299941249657921,2,0.8561344238407873,0.5827230868780551,0.6614237362677846,-0.2708451087081928,2
5,Almond_High,2016-11-12,Almond_High,Croplands,36.169669,-120.201004,1.9,2.0,2.7264139166428487,18.873187500000004,0.8960911145833333,1.1228501896875,-0.7354170229639858,0.6776147890466887,0.6917344402746451,0.0898711799999294,0.6077648656361737,0.6917344402746451,2,0.7848137289556675,0.6849315988824829,0.6054579929857853,-0.2658970200890469,2
6,Almond_High,2016-11-19,Almond_High,Croplands,36.169669,-120.201004,1.5,2.2,2.7975236141092656,16.410229166666667,1.0027266416666667,2.169221181020833,-0.6486295610349818,0.7611042586607742,0.3932397502084412,0.02365157134308459,0.6182221356855055,0.39323975020844126,2,0.4198346828794448,0.3745637158325025,0.3853208519133764,-0.007022253315276487,2
7,Almond_High,2016-11-27,Almond_High,Croplands,36.169669,-120.201004,0.6,3.3,2.3380649992034033,10.393670833333331,0.3336782104166667,1.2914638640833334,-0.5380051715382992,0.8429415373547832,-0.012356210282731483,0.035608027370536116,0.4047324718003392,-0.012356210282731483,2,0.022283399720403496,-0.010492567279733106,-0.04885946328886484,-0.057521202155399624,2
8,Almond_High,2016-12-13,Almond_High,Croplands,36.169669,-120.201004,0.8,0.7,0.6193984978949034,12.30406666666667,0.3672009604166666,0.7228942865000001,-0.2884824328806098,0.9574851883550388,0.85959532254751,0.18258286477586497,0.784205504949287,-0.8595953225475099,2,1.0644885835482836,0.7141304841914554,0.8001668999027909,-0.2258008745940407,2
9,Almond_High,2016-12-14,Almond_High,Croplands,36.169669,-120.201004,1.0,1.2,0.4734243753850046,13.690118750000003,0.4505191416666665,1.2998963814166666,-0.2719581575341052,0.9623090774541488,0.7280915135374486,0.12302637364473903,0.673851514925611,-0.7280915135374487,2,0.864274909042178,0.6249848089483463,0.6950148226218216,-0.2692457382764826,2
10,Almond_High,2016-12-22,Almond_High,Croplands,36.169669,-120.201004,1.0,1.3000001,0.7460636892627982,7.364753124999999,0.2989272229166667,1.2174083991666669,-0.1372787721132651,0.9905324521322229,0.46698127894110736,0.13825699136503028,0.426119868467544,-0.4669812789411073,2,0.6255466303175639,0.37164345864263937,0.4037537478631187,-0.06382408632097791,2
11,Almond_High,2016-12-29,Almond_High,Croplands,36.169669,-120.201004,1.1,1.9,0.6345462802719719,7.125991666666668,0.2821633208333333,1.0897363956666668,-0.0172133561558352,0.9998518392091162,0.4456111935304552,0.11988467910929403,0.4156509960880797,-0.4456111935304552,2,0.5805368233447852,0.3513408778158075,0.4049558794307728,-0.04594220642053247,2
12,Almond_High,2017-01-06,Almond_High,Croplands,36.169669,-120.201004,1.2,0.6,0.7745127715090868,5.961993395833335,0.2252230208333333,0.9938399749791664,0.1031016974474348,0.9946708199115212,0.5012871940565733,0.17172530380939222,0.7202419650472773,-0.5012871940565733,2,0.696000952291169,0.371457337957674,0.4364032919208769,0.01828787629263952,2
13,Almond_High,2017-01-31,Almond_High,Croplands,36.169669,-120.201004,1.1,3.9,0.730425230674694,9.705908333333335,0.2349611666666666,1.0808359443125002,0.5086709438521044,0.8609610158889943,-0.13273396276471822,0.20868734047976742,0.6968791155017839,0.13273396276471822,2,-0.10832619295491423,0.06267622135317527,-0.3525519166924157,0.023364036740757384,2
14,Almond_High,2017-02-23,Almond_High,Croplands,36.169669,-120.201004,1.8,1.8000001,1.3835112860232868,6.723454166666667,0.3864496083333333,1.5265613006041667,0.8013610881746766,0.5981809144059164,-0.15692353667036454,0.048018754903528575,0.5532142867376899,0.15692353667036452,2,-0.1586911427760816,-0.20403408223248803,-0.10804538500252406,-0.007022253315276487,2
15,Almond_High,2017-02-24,Almond_High,Croplands,36.169669,-120.201004,1.9,4.3,1.1086171742527675,5.946418125,0.3494167583333335,1.3325013221041666,0.8115390590073611,0.5842981736283683,-0.5142389235545908,0.08811379154386682,0.7341208848751949,0.5142389235545908,2,-0.4363100022590923,-0.6098545331715005,-0.4965522352331794,0.03975402802984798,2
16,Almond_High,2017-03-03,Almond_High,Croplands,36.169669,-120.201004,2.7,5.8,1.0078822036738566,12.01881875,0.5572786208333333,1.2927860154166664,0.8758917051442429,0.4825077417612184,-0.581406090508843,0.1363558979408756,0.9084138555389103,0.581406090508843,2,-0.5625504122505238,-0.7262085153301719,-0.4554593439458329,0.05637727175203683,2
17,Almond_High,2017-03-11,Almond_High,Croplands,36.169669,-120.201004,3.0,1.7,1.9809003588611809,16.372262500000005,0.6599561083333333,1.5581869491458331,0.9338372288229252,0.3576982388331254,0.032834790747730803,0.24580295016101403,0.9531338345543154,-0.03283479074773088,2,0.312887646628491,-0.14715272755102882,-0.06723054683426977,0.04340581964400448,2
18,Almond_High,2017-03-12,Almond_High,Croplands,36.169669,-120.201004,3.1,1.9,2.4953248847498704,16.399347916666667,0.813547325,1.732685695979166,0.9398560579418954,0.3415707691678556,-0.04248963045559984,0.2507326141426166,0.9431712319838944,0.042489630455599836,2,0.2466512187143915,-0.17421401282003185,-0.19990609726115918,0.04340581964400448,2
19,Almond_High,2017-03-27,Almond_High,Croplands,36.169669,-120.201004,3.4,4.2000003,4.112729388671909,13.74519583333334,0.6225635895833332,2.060644960374999,0.995918996147179,0.0902516100310411,-0.8818260551820237,0.11867237359161878,0.5559819103976871,-0.8818260551820236,2,-0.7912719723972816,-0.8380351403716769,-1.0161710527771128,0.16985937706791376,2
20,Almond_High,2017-03-28,Almond_High,Croplands,36.169669,-120.201004,3.6,1.7,4.323831949820361,14.392479166666668,0.8418673729166666,2.0895961094791664,0.9973249731081556,0.0730951298980777,-0.4622182533551398,0.4282835636015403,1.2003195453397877,-0.4622182533551398,2,-0.07474576874568502,-0.38982367049268274,-0.9220853208270516,0.01349471395445647,2
21,Almond_High,2017-04-04,Almond_High,Croplands,36.169669,-120.201004,4.7,1.0,4.234829542600416,16.76101041666666,1.314392175,1.3375048921875,0.9988797155850336,-0.0473213883224318,-0.8638178924082851,0.6881889331611284,1.7469218964818527,0.06652302239088392,2,-0.16456634161480194,-0.8865041332422366,-1.5403832023678166,0.07268945801550253,2
22,Almond_High,2017-04-12,Almond_High,Croplands,36.169669,-120.201004,4.5,5.2000003,4.4568310151623685,17.912104166666666,0.9484973541666668,2.2777046603541664,0.9829265519799822,-0.18399835165768,-1.2207809638306768,0.0647039155196803,0.4885272068625638,-1.1344429941554137,2,-1.173231528672513,-1.1946469136862155,-1.2944644491333022,0.19448927427464746,2
23,Almond_High,2017-04-13,Almond_High,Croplands,36.169669,-120.201004,3.8,3.3,4.580849250362876,15.213375,0.7698915729166664,1.839295051625,0.97961369164549,-0.200890555130635,-0.8957644733683319,0.24522815653337504,0.6177404606317695,-0.8957644733683319,2,-0.665510938052205,-0.8681525606956023,-1.1536299213571883,0.17951008978334948,2
24,Almond_High,2017-04-20,Almond_High,Croplands,36.169669,-120.201004,5.1,4.5,5.092514950837415,15.788579166666665,0.8741434291666667,2.48424922975,0.9483615800121716,-0.3171912885891061,-2.080275781983489,0.34211781920243944,0.7045496324615448,-2.065305683658319,2,-1.726659741605609,-2.1045670024209415,-2.4096006019239162,-0.20434141168402853,2
25,Almond_High,2017-04-21,Almond_High,Croplands,36.169669,-120.201004,5.2,1.4,5.212780127587736,18.122145833333327,1.3428588208333332,1.9726368895208335,0.9427611433904208,-0.3334687789181868,-1.1374053989363893,0.6685844477623937,1.684651728537284,-1.1374053989363893,2,-0.40476933887004574,-1.2929190969277506,-1.7145277610113714,0.11271644195923279,2
26,Almond_High,2017-04-28,Almond_High,Croplands,36.169669,-120.201004,5.7,4.4,5.8389761077746485,18.067729166666673,1.5139129937499998,3.166481213458333,0.895839290734909,-0.4443781781046132,-2.0658268036911434,0.3684980362932279,0.8533700101209802,-2.0658268036911434,2,-1.6420632970639883,-2.311012769805177,-2.2444043442042645,-0.18452952274383846,2
27,Almond_High,2017-04-29,Almond_High,Croplands,36.169669,-120.201004,5.5,0.6,4.804347010170913,17.974414583333335,1.5596780583333332,1.820829631520833,0.8880573226294932,-0.4597327394521039,-0.9692119615073271,0.5791029145813518,2.0830756376554795,0.422094018150847,2,-0.3021640931975945,-1.2621706184636148,-1.3433011728607722,-0.17740993298979765,2
28,Almond_High,2017-05-07,Almond_High,Croplands,36.169669,-120.201004,3.8,7.3,4.610114852557269,14.985812500000002,0.5853433479166666,1.0857692293125,0.8165380514459161,-0.5772916165517272,-0.5886666036008269,0.09179262145514348,0.9881738884838654,-0.588666603600827,2,-0.5283438509183989,-0.6943048604102892,-0.5433510994737927,-0.10020466001130611,2
29,Almond_High,2017-05-14,Almond_High,Croplands,36.169669,-120.201004,5.4,7.8,4.348433996266273,14.56464375,0.8776667791666665,1.1392122352500005,0.741222010848596,-0.6712599575675313,-1.7987355671369436,0.06546039866973949,1.1059421824173892,0.30439644033051105,2,-1.866164677467214,-1.7354397661553727,-1.7946022577882446,-1.2737169475950452,2
30,Almond_High,2017-05-15,Almond_High,Croplands,36.169669,-120.201004,4.3,7.9,4.252254777922115,15.340058333333332,0.9104983791666664,1.3283745080000002,0.7295575540864875,-0.6839194216246106,-0.9496204105558009,0.07161617307752129,1.0218372977132728,-0.8541299664000311,2,-0.9985576120715446,-0.9828816892116705,-0.8674219303841879,-0.2647155472684627,2
31,Almond_High,2017-05-22,Almond_High,Croplands,36.169669,-120.201004,7.0,2.6000001,7.446954466196363,26.98979166666666,2.4627760041666664,1.3479692899375,0.6420547132365637,-0.766658819300159,-1.265656752514806,0.5928385960870697,1.8000074969726583,-1.265656752514806,2,-0.6122289875342246,-1.415645656649321,-1.7690956133608722,-0.07583757941910713,2
32,Almond_High,2017-05-23,Almond_High,Croplands,36.169669,-120.201004,6.6,4.4,8.028342460820438,27.85502083333333,2.646727052083333,1.4622052201250002,0.6287628145958344,-0.777597146973627,-1.4300066448937019,0.2548074512596657,1.0391928143920433,-1.4300066448937017,2,-1.1361686216141944,-1.5638394319503055,-1.5900118811166057,-0.3150480141389611,2
33,Almond_High,2017-05-30,Almond_High,Croplands,36.169669,-120.201004,6.7,6.4,6.843169517447456,22.187875,1.5130753291666668,1.2537134820416669,0.5307300481619334,-0.8475409228928311,-2.224571454482287,0.19190221188019851,0.544079456086578,-2.224571454482287,2,-2.385172708138689,-2.0120517408416796,-2.276489914466492,-0.6959427778362384,2
34,Almond_High,2017-06-07,Almond_High,Croplands,36.169669,-120.201004,6.8,5.5,8.426678737686293,24.307500000000005,2.0270201562500008,1.316591644395833,0.4093559588156213,-0.9123747579707272,-1.765260568305398,0.14721375547345258,0.5917180598428691,-1.765260568305398,2,-1.9313271114605868,-1.713664809892204,-1.6507897835634031,-0.24832847178211725,2
35,Almond_High,2017-06-15,Almond_High,Croplands,36.169669,-120.201004,7.4,7.6,7.383518981720705,24.97529166666667,2.1388914729166664,1.7453193667291664,0.2802306751992158,-0.9599326896597448,-2.384430635117471,0.17879467565868146,0.560137618750973,-2.351468598558881,2,-2.453769195575281,-2.1813521536282963,-2.518170556148836,-1.8052862328898407,2
36,Almond_High,2017-06-16,Almond_High,Croplands,36.169669,-120.201004,6.7,7.9,8.509641270596134,26.43239583333333,2.03082104375,1.5060985791875003,0.263665492728007,-0.9646141756912436,-1.9774993923337043,0.07530847018854307,0.6252112533761996,-1.977499392333704,2,-2.039824537303077,-1.893819699682841,-1.9988539400151955,-1.9155949161713564,2
37,Almond_High,2017-06-23,Almond_High,Croplands,36.169669,-120.201004,7.0,7.0,8.435072647304706,31.32466666666667,2.926988304166668,1.2531234217916667,0.1457991969198751,-0.9893142039703664,-1.4298929529287818,0.1713959314228835,0.6272643701309025,-1.4298929529287818,2,-1.2733141280190645,-1.6130101718127405,-1.403354558954541,-0.7952311020435148,2
38,Almond_High,2017-07-01,Almond_High,Croplands,36.169669,-120.201004,7.0,7.1,6.701810390342505,25.526125,2.111050325,1.2819467873750003,0.0086069968886886,-0.9999629591162656,-1.77162653938933,0.08332452014903532,0.5918490799565967,-1.17524732007434,2,-1.847137787388291,-1.682232613449366,-1.7855092173303329,-0.816543800191701,2
39,Almond_High,2017-07-02,Almond_High,Croplands,36.169669,-120.201004,6.6,6.9,6.723902870981468,26.869145833333324,2.255718027083333,1.3590524775833337,-0.008606996888688,-0.9999629591162656,-1.3534095799691646,0.04014491788369764,0.4826434786114122,-1.3534095799691646,2,-1.3099854650392717,-1.361072647655291,-1.3891706272129318,-0.9947544037865321,2
40,Almond_High,2017-07-09,Almond_High,Croplands,36.169669,-120.201004,6.5,7.5,5.7924162043227545,30.03183333333333,3.25096554375,1.1158817400416672,-0.1287481774525806,-0.99167731989929,-1.3681841168163194,0.10697341068918897,0.5384947576226896,0.04698347453817164,2,-1.2515641972095533,-1.4617524991264093,-1.3912356541129953,-1.0414812722104243,2
41,Almond_High,2017-07-17,Almond_High,Croplands,36.169669,-120.201004,6.9,8.1,9.838696324291115,30.07264583333333,3.13569355,1.475286185,-0.2636654927280072,-0.9646141756912436,-1.6091293256312695,0.09844196633720581,0.46643128550777846,-1.6091293256312698,2,-1.5552215084380672,-1.5494155864552803,-1.722750882000461,-1.1432075277055325,2
42,Almond_High,2017-07-18,Almond_High,Croplands,36.169669,-120.201004,7.1,8.3,9.298965357016645,28.60427083333333,2.916980204166668,1.7235637356250002,-0.2802306751992161,-0.9599326896597444,-1.6491933460996009,0.04284583782746707,0.4182293920681796,-1.6491933460996009,2,-1.6258553104470261,-1.623083164780764,-1.6986415630710128,-1.1545703759529184,2
43,Almond_High,2017-07-25,Almond_High,Croplands,36.169669,-120.201004,6.9,9.2,7.587214331625698,26.9096875,2.4879937770833336,1.5783625347291668,-0.3935902766564664,-0.9192859697186104,-2.0090295088689647,0.12871303023639147,0.6255656032985761,-2.0090295088689647,2,-2.0731170801837746,-2.0931176807205114,-1.8608537657026072,-1.9938489995627011,2
44,Almond_High,2017-07-26,Almond_High,Croplands,36.169669,-120.201004,6.1,9.2,6.040292139162711,27.68864583333333,2.287282704166667,1.3036626466041668,-0.4093559588156211,-0.9123747579707274,-1.8445013500691159,0.09237141702888002,0.744907234377522,-1.725085628394538,2,-1.783177370318554,-1.950741152922729,-1.799585526966064,-1.6384823399338473,2
45,Almond_High,2017-08-10,Almond_High,Croplands,36.169669,-120.201004,6.3,5.4,3.336528944384955,27.82427083333333,2.261608920833334,1.1735954651666665,-0.6287628145958345,-0.7775971469736268,-0.0852888253507591,0.12993839622759168,0.48499340053566675,0.0852888253507591,2,-0.04411637196838915,-0.23082547671531622,0.019075372631428056,0.03745306166225692,2
46,Almond_High,2017-08-11,Almond_High,Croplands,36.169669,-120.201004,5.8,4.9,4.373488881854336,28.17533333333333,2.5400254,1.2366304901041665,-0.6420547132365636,-0.7666588193001592,0.19015914344016993,0.09815053874667616,0.5120183082289687,-0.19015914344016993,2,0.26962475049097123,0.08044461924216431,0.22040806058737428,-0.056222647791320225,2
47,Almond_High,2017-08-18,Almond_High,Croplands,36.169669,-120.201004,5.4,5.8,2.4242323417405554,28.714625,2.388462720833333,0.9569183757500004,-0.7295575540864876,-0.6839194216246105,-0.48726992990099854,0.050942423238740306,0.47521451471346127,0.4872699299009984,2,-0.5410725136483678,-0.4397751445884766,-0.48096213146615124,-0.13988957071916122,2
48,Almond_High,2017-08-19,Almond_High,Croplands,36.169669,-120.201004,5.8,6.6,2.3169371176672966,29.473854166666666,2.6640571104166666,1.0526854109583332,-0.7412220108485957,-0.6712599575675315,-0.947653283210367,0.12035547530200458,0.6026761125085455,0.947653283210367,2,-1.0839361647702042,-0.8559391340480419,-0.9030845508128549,-0.38174316756402216,2
49,Almond_High,2017-08-26,Almond_High,Croplands,36.169669,-120.201004,5.4,4.8,5.057897341914867,29.372312500000003,2.970250629166667,1.1328545134166668,-0.8165380514459157,-0.5772916165517278,0.0005016665163881431,0.07039664843715679,0.5479449480140917,-0.0005016665163881662,2,-0.07504676798557176,0.012294859068331387,0.0642569084664048,-0.10961577689952604,2
50,Almond_High,2017-08-27,Almond_High,Croplands,36.169669,-120.201004,4.8,5.2000003,5.821775022583513,31.11397916666668,3.2877244104166654,1.328262854,-0.8263541987239095,-0.5631507242749187,-0.30915692943917633,0.24241951392161354,0.6539461329735233,-0.3091569294391763,2,-0.5567834283853915,-0.07230360523714155,-0.298383754694996,0.012697525324132226,2
51,Almond_High,2017-09-03,Almond_High,Croplands,36.169669,-120.201004,3.7,5.9,2.2158639887256992,35.02710416666667,4.155421745833333,1.9814850525833336,-0.888057322629493,-0.4597327394521046,-0.6271658273423104,0.3343620742467009,1.016857157868899,0.6271658273423104,2,-1.0027704299286073,-0.36197564856470843,-0.5167514035336156,0.10377719545472294,2
52,Almond_High,2017-09-12,Almond_High,Croplands,36.169669,-120.201004,4.4,4.9,4.6809537855603525,28.131937500000006,2.146243558333333,1.3202980400208333,-0.9483615800121716,-0.3171912885891059,-0.26508690132906454,0.13760741973102752,0.45884953270511153,-0.26508690132906454,2,-0.4227733878672255,-0.20318564547200166,-0.16930167064796645,0.03309324291548037,2
53,Almond_High,2017-09-19,Almond_High,Croplands,36.169669,-120.201004,3.9,8.0,4.1168782751281885,20.075375,1.2053462354166664,1.813532029125,-0.97961369164549,-0.2008905551306352,-1.246248862794735,0.06660056250246406,1.0094500294785576,-1.246248862794735,2,-1.1708909853561753,-1.2706414304289182,-1.2972141725991113,-0.6511529208045619,2
54,Almond_High,2017-09-20,Almond_High,Croplands,36.169669,-120.201004,4.0,5.5,3.6288542557003782,20.083958333333328,1.2297496562499997,1.008084117770833,-0.9829265519799822,-0.1839983516576798,-0.5923690168509412,0.19681103844404854,0.5900613133865497,0.1499224717483023,2,-0.7622780329312372,-0.3767134011475678,-0.6381156164740187,0.04275031185430208,2
55,Almond_High,2017-09-27,Almond_High,Croplands,36.169669,-120.201004,4.1,1.5,4.4031760566070615,23.888562499999995,2.150459170833334,1.4123247364166671,-0.9979171608653922,-0.0645084494493162,0.2789159825621977,0.28214972874292127,1.1611285175525252,0.2789159825621977,2,0.26680933787236105,0.0030144480674623997,0.5669241617467696,0.1199602017122225,2
56,Almond_High,2017-09-28,Almond_High,Croplands,36.169669,-120.201004,4.0,2.5,4.387783606101824,24.48279166666667,2.192002997916666,1.348984480229167,-0.9988797155850336,-0.0473213883224323,0.2780461936222964,0.1668946800622639,0.7875497517768233,0.2780461936222964,2,0.2852138506867693,0.10768316149368812,0.4412415686864316,0.04350353892012973,2
57,Almond_High,2017-10-05,Almond_High,Croplands,36.169669,-120.201004,3.7,2.4,3.8562508747666704,17.9680625,1.4220458750000002,1.6702097233749995,-0.9973249731081556,0.0730951298980777,-0.29890014144927773,0.15823503934153396,0.7560212595436251,-0.29890014144927773,2,-0.288463415828796,-0.46209519160343937,-0.1461418169155979,0.04486231793901183,2
58,Almond_High,2017-10-06,Almond_High,Croplands,36.169669,-120.201004,3.4,3.8,3.611048113845912,19.1284375,1.5924973062499996,1.4444451816666668,-0.9959189961471792,0.0902516100310407,-0.21764748013064336,0.030771916907590707,0.39548295558286534,-0.2176474801306434,2,-0.18535106382400054,-0.22096537299248886,-0.24662600357544062,-0.05912057258710978,2
59,Almond_High,2017-10-13,Almond_High,Croplands,36.169669,-120.201004,2.9,3.8,3.725846356484483,14.434654166666665,1.119678210416667,1.5775275522083334,-0.9778483415056568,0.2093146459630488,-0.46309654372520126,0.05993593161080104,0.4027871795736261,-0.46309654372520126,2,-0.44295054357821373,-0.41582915745004195,-0.5305099301473482,-0.0470181237937835,2
60,Almond_High,2017-10-14,Almond_High,Croplands,36.169669,-120.201004,2.9,5.0,3.641501572801634,14.528316666666669,0.9647833083333331,1.6561347657708332,-0.9741004551724206,0.226115685508288,-0.645482453702209,0.17831728472166483,0.5271265804910357,-0.645482453702209,2,-0.8257980563532912,-0.4692330348350044,-0.6414162699183316,0.04636821708979941,2
61,Almond_High,2017-10-21,Almond_High,Croplands,36.169669,-120.201004,2.5,3.6000001000000004,2.727149867288826,13.0853375,0.5687769354166666,1.3389368581666667,-0.9398560579418952,0.341570769167856,-0.2601147527375285,0.04958768938753166,0.4656469035840489,-0.2601147527375285,2,-0.20552084180568117,-0.2724595309148944,-0.3023638854920099,0.00982380120381143,2
62,Almond_High,2017-10-22,Almond_High,Croplands,36.169669,-120.201004,2.6,4.1,2.9440680351488497,15.002458333333337,0.6903073729166667,1.3275881566249996,-0.9338372288229252,0.3576982388331254,-0.21734467704852264,0.05562515608121839,0.5562146170725656,-0.21734467704852267,2,-0.2463544729952376,-0.1532113417291497,-0.2524682164211805,-0.007022253315276487,2
63,Almond_High,2017-11-06,Almond_High,Croplands,36.169669,-120.201004,1.7,1.4,2.048595629887922,10.33560625,0.3273295270833333,0.9892895319999998,-0.8115390590073611,0.5842981736283683,0.11828798964422012,0.13281968023259327,0.6460334648342727,0.1182879896442201,2,0.2101205524092397,-0.03400569896884252,0.1787491154922632,0.012404314516349296,2
64,Almond_High,2017-11-07,Almond_High,Croplands,36.169669,-120.201004,1.8,2.2,2.114045639890427,11.370408333333332,0.3995809770833333,1.2080553101875002,-0.8013610881746769,0.5981809144059159,0.15526481061255137,0.10657468724589059,0.4780631199612584,0.15526481061255137,2,0.26035001494430987,0.04726061061110831,0.15818380628223594,-0.003822986061603119,2
65,Almond_High,2017-11-14,Almond_High,Croplands,36.169669,-120.201004,1.8,2.5,1.7844511251077844,14.31204791666667,0.3254273916666666,0.9874864367083336,-0.7236440382959123,0.690173388242972,0.49204196313687804,0.10961611006402402,0.4898999514181118,-0.492041963136878,2,0.6178833444501446,0.41734622906440044,0.44089631589608913,-0.01510369600066876,2
66,Almond_High,2017-11-15,Almond_High,Croplands,36.169669,-120.201004,1.4,2.3,2.041846222652334,15.267072916666663,0.5166340208333334,1.1235568988333335,-0.7116566222817751,0.7025274741691566,0.4478475599121168,0.09737272903715898,0.4862581356554834,0.4478475599121168,2,0.5600792275791817,0.3976043694055795,0.3858590827515891,0.006362455736539677,2
67,Almond_High,2017-11-22,Almond_High,Croplands,36.169669,-120.201004,1.8,2.3,1.6420705333874477,14.847329166666668,0.5082417770833332,1.0036453771458336,-0.622046748440868,0.7829801036770625,0.654690219908049,0.0991340310849151,0.4370443762236468,-0.654690219908049,2,0.7605612366367169,0.5640578684162926,0.6394515546711375,-0.2633076907719492,2
68,Almond_High,2017-11-23,Almond_High,Croplands,36.169669,-120.201004,1.7,3.4,1.79516844447407,15.723352083333335,0.5032021687500001,1.0238377635208338,-0.6084768701151264,0.7935716089521472,0.40452176787141364,0.08627422941602127,0.42633078026340065,-0.21418487892327337,2,0.45955800432909666,0.30509049251010595,0.4489168067750383,-0.047269817438974265,2
69,Almond_High,2017-11-30,Almond_High,Croplands,36.169669,-120.201004,1.3,2.1000001,1.1314167966870996,8.808610416666664,0.2885761354166668,1.1421030096875,-0.5086709438521042,0.8609610158889945,0.4375632289217554,0.0829411505284756,0.28298225964387014,-0.4375632289217555,2,0.48345502038115784,0.34181834928106625,0.48741631710304223,-0.04227493645946906,2
70,Almond_High,2017-12-01,Almond_High,Croplands,36.169669,-120.201004,1.8,3.0,0.959930432558152,9.828341666666669,0.2719040333333334,1.1626209454791667,-0.4937755501599774,0.8695893893466109,0.45731191653158515,0.14574387493944588,0.5392351772322383,-0.4573119165315852,2,0.44869409150585815,0.316068168810311,0.6071734892785863,-0.009434059696490176,2
71,Almond_High,2017-12-08,Almond_High,Croplands,36.169669,-120.201004,1.3,2.4,0.7724317620872441,8.412583333333334,0.7539112791666666,1.0278061688750002,-0.3856634062436074,0.9226395488404876,0.5125962822341101,0.10547455502239454,0.3627527313480006,-0.5125962822341101,2,0.5999130668194812,0.39540751455528866,0.5424682653275604,-0.07547674814182169,2
72,Almond_High,2017-12-16,Almond_High,Croplands,36.169669,-120.201004,1.2,3.7,0.7508664297095755,11.060229166666666,0.8684016312500001,2.3948140059791663,-0.2553532951161881,0.9668478136052772,-0.07231944771162299,0.07801413203047365,0.6864489457327315,0.07231944771162302,2,-0.043022792332146356,-0.16074097029049642,-0.01319458051222619,0.015768185798351413,2
73,Almond_High,2017-12-17,Almond_High,Croplands,36.169669,-120.201004,1.0,0.90000004,0.3359942798022836,9.005979166666666,0.745659975,1.7480291230208336,-0.2386727660059499,0.9711000518829505,0.40717840014926754,0.06644386284617086,0.6263961340583043,-0.40717840014926765,2,0.4649977677961299,0.33459403883866434,0.4219433938130084,-0.0054228828835663325,2
74,Almond_High,2018-01-01,Almond_High,Croplands,36.169669,-120.201004,1.1,0.6,0.1678812995481222,9.530414583333334,0.4349331520833333,1.081423093854167,0.0172133561558346,0.9998518392091162,0.7318002248278002,0.1837682453454157,0.7309881131973303,-0.7318002248278002,2,0.9415411364169883,0.5990491215938952,0.6548104164725168,-0.22740024502575082,2
75,Almond_High,2018-01-10,Almond_High,Croplands,36.169669,-120.201004,1.1,2.9,1.5188532715344083,12.166199999999998,0.2670981999999999,0.9788068946875,0.1712931441814776,0.9852201067560606,0.3786216255262607,0.11297533137030347,0.5121382019194181,0.3786216255262607,2,0.2987484625061147,0.5078814059831793,0.32923500808948813,0.012404314516349296,2
76,Almond_High,2018-01-25,Almond_High,Croplands,36.169669,-120.201004,1.0,5.7000003,1.579114161965716,9.935462499999998,0.265060625,1.2086589799166667,0.4171936026123168,0.9088176373395028,-0.34359487833176194,0.24315351127498303,1.1405858199381809,-0.34359487833176194,2,-0.14647653213705122,-0.26900123383595803,-0.6153068690222767,0.14178016867708326,2
77,Almond_High,2018-01-26,Almond_High,Croplands,36.169669,-120.201004,1.2,4.6,0.864932031388282,7.414708333333332,0.2471288895833333,1.4913369582500005,0.4327755925504312,0.901501684131884,-0.3936902560154194,0.14602865857342862,0.775611133515371,0.2764456812080165,2,-0.2561989970254909,-0.3778990036139101,-0.5469727674068571,0.0445691071312289,2
78,Almond_High,2018-02-03,Almond_High,Croplands,36.169669,-120.201004,1.4,2.9,0.7643381687469415,14.495518749999995,0.5921825666666667,1.319641726208333,0.5524353131676196,0.8335557718385699,0.11428489191264568,0.08609026163884008,0.5746460442918443,-0.11428489191264568,2,0.10465200244206688,0.20478645046229405,0.03341622283357612,0.008719579617223586,2
79,Almond_High,2018-02-10,Almond_High,Croplands,36.169669,-120.201004,2.2,0.8,1.2282243108709758,15.155466666666667,1.0415865812499996,2.2311902382708326,0.6486295610349814,0.7611042586607747,0.3852358940765095,0.28206613394205765,1.1812561261444956,-0.3852358940765095,2,0.7091524296205488,0.19378419622457016,0.25277105638440933,0.14364314231483027,2
80,Almond_High,2018-02-11,Almond_High,Croplands,36.169669,-120.201004,2.1,1.9,0.8142707075778072,11.584054166666668,0.9286430833333332,1.3059696900833333,0.6616346182422783,0.7498264012045686,0.22215018944991785,0.07724729664657116,0.5146548730921559,-0.22215018944991782,2,0.31120971007258763,0.18191533065649423,0.17332552762067172,0.008719579617223586,2
81,Almond_High,2018-02-18,Almond_High,Croplands,36.169669,-120.201004,2.2,4.7000003,0.7572731667550026,11.820993749999998,0.7531752500000003,2.0861904645833333,0.7469720876965552,0.6648553979642865,-0.5293831518181181,0.10644215159093097,0.6487582010730282,0.5293831518181181,2,-0.6048741194541891,-0.40763905497978337,-0.5756362810203819,0.01739919549585451,2
82,Almond_High,2018-03-06,Almond_High,Croplands,36.169669,-120.201004,2.7,4.7000003,1.3576451266031562,11.314397916666666,0.7454395333333332,1.3089340613333336,0.8996308696522433,0.436651231956064,-0.39386932290291193,0.03175843765901184,0.5928769790413679,0.393869322902912,2,-0.38725371765017214,-0.4284145019859608,-0.36593974907260285,-0.007022253315276487,2
83,Almond_High,2018-03-15,Almond_High,Croplands,36.169669,-120.201004,2.7,7.7000003,3.3114330854309486,10.355758333333332,0.47616336875,1.3964518079583337,0.9562348265919056,0.2926003356333483,-0.9315711957700715,0.22786050332687166,1.479556683076904,-0.9315711957700716,2,-0.7908404825287224,-1.1944633264750566,-0.8094097783064353,-0.3204626785707173,2
84,Almond_High,2018-03-23,Almond_High,Croplands,36.169669,-120.201004,2.8,6.3,3.4732275656441174,9.809272916666666,0.3110626104166666,0.7225181955625003,0.9873494423939864,0.1585593851031347,-0.5934370010465185,0.2269154772191526,1.1472196996068214,-0.5934370010465186,2,-0.4920722929579306,-0.8533668897648973,-0.4348718204167279,-0.003987908449468394,2
85,Almond_High,2018-03-30,Almond_High,Croplands,36.169669,-120.201004,3.9,4.4,4.7587916660287535,19.296104166666662,1.0821963916666668,1.2711728899375,0.9992500112396836,0.0387222808921744,-0.6165756468738278,0.18129654828268832,0.5917052164105983,-0.6165756468738279,2,-0.4544804075326273,-0.5828962494281169,-0.8123502836607391,0.04275031185430208,2
86,Almond_High,2018-03-31,Almond_High,Croplands,36.169669,-120.201004,4.0,5.2000003,5.477783079051745,19.749020833333336,1.2705825541666669,1.2078010533541663,0.9997685019798908,0.0215160974362222,-0.623155963342073,0.080092300991801,0.5568301200208552,-0.6231559633420729,2,-0.5482860815099866,-0.613573330160782,-0.7076084783554504,0.03515446091189612,2
87,Almond_High,2018-04-08,Almond_High,Croplands,36.169669,-120.201004,4.5,4.2000003,4.849236720107668,14.328795833333334,0.6568251874999999,1.7207617305833338,0.9932568492674144,-0.1159345995955004,-1.4355293688371622,0.21057947744448655,0.5362747078908855,-1.4355293688371622,2,-1.2001267188331612,-1.5004773944246856,-1.6059839932536393,0.06106422708067385,2
88,Almond_High,2018-04-23,Almond_High,Croplands,36.169669,-120.201004,6.1,4.5,6.046898524308925,23.0774375,1.5425528979166667,1.2862231263958337,0.9307239310379796,-0.3657225234972689,-1.6511561506484387,0.3702376264952363,0.917953585691308,-1.544953199266289,2,-1.2950910269537625,-1.6242762413305318,-2.0341011836610217,0.11190965429543799,2
89,Almond_High,2018-04-24,Almond_High,Croplands,36.169669,-120.201004,5.9,4.3,6.4456396073230895,22.93402083333334,1.6230398812500004,1.3353416087708334,0.9242907221930934,-0.3816892202666588,-1.5443752133665527,0.4054545881570882,0.8980878590724182,-1.5443752133665525,2,-1.1428915571060567,-1.5365467215219495,-1.9536873614716521,-0.332197434327862,2
90,Almond_High,2018-05-02,Almond_High,Croplands,36.169669,-120.201004,5.7,6.5,5.165305255986445,16.71995,0.9085168083333334,1.1738856728125,0.8631421280499114,-0.5049610547215204,-1.8486906674084214,0.06616889731481337,0.6736775600545745,-0.7793011793813118,2,-1.7722870054236364,-1.8864643648418045,-1.8873206319598235,-0.7810471128145643,2
91,Almond_High,2018-05-09,Almond_High,Croplands,36.169669,-120.201004,6.5,8.5,7.04809572272659,22.064041666666668,1.4675621895833335,1.7628371971458332,0.7961828637826158,-0.6050560696488488,-1.9872269989055977,0.20299948755808,0.8362987765395783,-1.987226998905598,2,-2.0939763745951794,-1.7531253898751227,-2.114579232246491,-1.7419782184363937,2
92,Almond_High,2018-05-10,Almond_High,Croplands,36.169669,-120.201004,6.3,10.0,6.291597919957459,20.10964583333334,1.3221808916666664,1.089498008375,0.7856498550787145,-0.6186714032625031,-1.9247141018244232,0.125967609690357,1.61215577096997,-1.9079099417393415,2,-2.0602108265336225,-1.8111583504816733,-1.9027731284579736,-1.454189817343449,2
93,Almond_High,2018-05-17,Almond_High,Croplands,36.169669,-120.201004,6.8,7.3,5.287556504371224,17.565708333333333,1.0034262625,0.9807693917083338,0.705583610107178,-0.7086266782644596,-2.7101117738060285,0.14513537942202676,0.9800625947494164,0.3147752174515226,2,-2.8468230833096517,-2.5578109479582625,-2.725701290150172,-1.3027196437411181,2
94,Almond_High,2018-05-18,Almond_High,Croplands,36.169669,-120.201004,6.4,8.6,6.271976024967933,20.176,1.1076259104166664,1.1048408081666667,0.6932812268869777,-0.7206671495538609,-2.0809482278425393,0.19287924471172663,1.0831158251452488,-1.8249002777784047,2,-2.2726436279889515,-1.8869065452011722,-2.0832945103374945,-1.7407824881247465,2
95,Almond_High,2018-05-26,Almond_High,Croplands,36.169669,-120.201004,5.7,8.1,6.641848303968085,18.19283333333333,0.9463832770833336,1.2145951338124998,0.5877852522924732,-0.8090169943749473,-1.7825665791203942,0.20332089757480318,0.9345819795948064,-1.7825665791203944,2,-2.009205055792256,-1.6161847545346668,-1.7223099270342594,-1.3325134645880679,2
96,Almond_High,2018-06-02,Almond_High,Croplands,36.169669,-120.201004,6.8,7.5,8.442793780044799,23.680791666666675,1.8938776979166667,1.0674340509374998,0.48627270710869,-0.8738071036110808,-2.2052662313912132,0.17047514790082915,0.7653654684755745,-2.2052662313912132,2,-2.35048185604887,-2.0175667476944072,-2.2477500904303613,-1.8095720799482178,2
97,Almond_High,2018-06-03,Almond_High,Croplands,36.169669,-120.201004,7.1,6.5,9.296766554588936,28.030729166666664,2.5113457041666662,1.2289818336874998,0.4711595076738638,-0.8820480249558537,-1.9850005519624823,0.11126702375911175,0.6628283795066633,-1.9850005519624823,2,-2.0951290035886223,-1.9872437749063796,-1.8726288773924449,-0.884505544509099,2
98,Almond_High,2018-06-10,Almond_High,Croplands,36.169669,-120.201004,6.4,11.1,7.511614763700518,19.096125,1.61628490625,2.1121173124166672,0.3617137307297676,-0.9322892131745132,-2.5590424434427947,0.3591339354231732,1.543528554715708,-2.5590424434427947,2,-2.720138942577141,-2.147566524969667,-2.8094218627815764,-1.1551547094280663,2
99,Almond_High,2018-06-11,Almond_High,Croplands,36.169669,-120.201004,6.5,8.7,7.480387797469112,20.91014583333333,1.6728210833333332,1.2490530787291665,0.3456123126707335,-0.938377391740864,-2.296463780206213,0.2612701863697056,1.01811175662606,-2.296463780206213,2,-2.5980584658288373,-2.1521928827370043,-2.139139992052797,-1.2290446646771616,2
100,Almond_High,2018-06-18,Almond_High,Croplands,36.169669,-120.201004,7.2,8.7,7.008171416590535,21.43233333333333,1.3538281916666668,1.0907000063125,0.2303056702306122,-0.973118337233262,-2.6851759011221965,0.22755485684150045,0.9827120961535261,-2.301518734303267,2,-2.9476030490801985,-2.5425515040735154,-2.5653731502128765,-1.4453252514434964,2
101,Almond_High,2018-06-19,Almond_High,Croplands,36.169669,-120.201004,6.4,7.9,7.994581111161381,24.49422916666666,1.7387610916666665,0.9370750232916668,0.2135209154397961,-0.9769384927771816,-1.9332514946691581,0.10516016534609264,0.7781662530129013,-1.9332514946691584,2,-2.0530567490098837,-1.890486141199214,-1.8562115937983763,-1.7622121896185086,2
102,Almond_High,2018-06-26,Almond_High,Croplands,36.169669,-120.201004,7.4,8.3,9.055781581553816,26.272854166666654,2.02130951875,1.1714881133541668,0.0945367498171991,-0.9955213724144752,-2.338241308407044,0.11715966453847869,0.7077501853161919,-2.338241308407044,2,-2.4548226605031265,-2.2205117708931588,-2.3393894938248465,-1.7715655447794016,2
103,Almond_High,2018-06-27,Almond_High,Croplands,36.169669,-120.201004,7.6,8.900001,8.775869195541025,24.84985416666667,2.0827368187500004,1.142143573104167,0.077386479233463,-0.9970011699250152,-2.5806813684906103,0.21674188296390054,0.8900739048338314,-2.5806813684906103,2,-2.827325885538398,-2.420590842555334,-2.494127377378099,-1.4453252514434964,2
104,Almond_High,2018-07-04,Almond_High,Croplands,36.169669,-120.201004,7.0,8.3,8.022879477872749,24.24289583333333,1.7550741833333332,1.0015098121249997,-0.0430222330045303,-0.99907411510223,-2.211028172951475,0.15261482656484054,0.736205477306297,-2.211028172951475,2,-2.378738832672974,-2.1740357948677014,-2.0803098913137505,-1.7715655447794016,2
105,Almond_High,2018-07-05,Almond_High,Croplands,36.169669,-120.201004,6.4,5.9,7.282507410847878,25.038291666666662,1.6805042229166671,1.1241822946875002,-0.0602132773657927,-0.9981855344718586,-0.916109123629998,0.07418938230602247,0.4535053498070404,-0.9161091236299979,2,-0.8359364222637539,-0.9823358246106665,-0.9300551240155738,-0.2948220042568804,2
106,Almond_High,2018-07-12,Almond_High,Croplands,36.169669,-120.201004,7.1,7.9,8.054370202560508,29.79964583333333,3.043565547916668,1.0638701617708333,-0.1797665857255621,-0.9837092937736098,-1.7163491805413482,0.04898987182673751,0.5972141025367176,-1.7163491805413482,2,-1.664614796481281,-1.7620323426723954,-1.7224004024703685,-1.6566216160622071,2
107,Almond_High,2018-07-13,Almond_High,Croplands,36.169669,-120.201004,7.2,6.9,7.831687441155594,29.876687499999992,2.655674847916667,1.20177941925,-0.1966728897935762,-0.980469160361632,-1.1865805696177463,0.08300680595329284,0.5593968489274508,-1.1865805696177463,2,-1.11509369976632,-1.277617317102046,-1.1670306919848734,-0.8159631449518845,2
108,Almond_High,2018-07-20,Almond_High,Croplands,36.169669,-120.201004,7.0,9.5,8.959369130540404,30.600125000000013,2.965252410416667,1.1293565698958334,-0.3131070409358267,-0.9497178427914316,-2.257267318591216,0.07180332151352513,0.8855640384797591,-2.257267318591216,2,-2.2755195791300653,-2.318183020245943,-2.1780993563976394,-1.6052552854200288,2
109,Almond_High,2018-07-21,Almond_High,Croplands,36.169669,-120.201004,6.8,8.0,8.209524406787517,29.5968125,2.196617375,1.0716541669166666,-0.3294084822245302,-0.9441875088341994,-1.650745994378723,0.016002915538019667,0.5607762845764163,-1.650745994378723,2,-1.6448249599385418,-1.6385473784083693,-1.668865644789258,-1.1206518065817688,2
110,Almond_High,2018-07-28,Almond_High,Croplands,36.169669,-120.201004,6.7,5.9,7.102769847181821,28.4610625,2.62329711875,1.1197976144166666,-0.4405187843504952,-0.8977433935342336,-0.4052008249720178,0.16387339806125648,0.4748854110171538,-0.4052008249720178,2,-0.28279583024367017,-0.5913723326599831,-0.34143431201240015,-0.0031723954814089337,2
111,Almond_High,2018-07-29,Almond_High,Croplands,36.169669,-120.201004,6.1,5.6,7.571287720033543,29.195333333333338,2.65838045,1.2252184511041666,-0.455906693508459,-0.8900275764346766,-0.17576481616209486,0.15178040089173528,0.36907030152111336,-0.17576481616209483,2,-0.02913545030291126,-0.33221891150034,-0.16594008668303334,-0.011007314115163345,2
112,Almond_High,2018-08-05,Almond_High,Croplands,36.169669,-120.201004,6.5,8.6,4.1023927993081335,26.56639583333333,2.6991423125,1.3455133488958335,-0.5595892624101763,-0.828770087174504,-1.7622218459516024,0.04245649679798008,0.7081792495703306,1.7622218459516024,2,-1.721689862693761,-1.8063713647540047,-1.758604310407041,-1.6429349523037775,2
113,Almond_High,2018-08-06,Almond_High,Croplands,36.169669,-120.201004,6.5,8.2,3.513105247742234,26.51770833333333,2.639197277083334,1.5228687911875,-0.5737722679043243,-0.8190148866680802,-1.587744543003197,0.07735837979008447,0.5945759511053466,1.587744543003197,2,-1.5066715586703194,-1.5958049311504083,-1.6607571391888634,-1.0537151526609219,2
114,Almond_High,2018-08-13,Almond_High,Croplands,36.169669,-120.201004,6.0,3.9,6.110138469531767,28.055416666666673,2.8112741770833334,1.2949619356666668,-0.6680638642135333,-0.7441039398713608,0.547719676835319,0.32164369039387625,0.7915524972360264,-0.32744273777178434,2,0.6846678813632987,0.18026638545005652,0.7782247636926016,-0.052605779143291044,2
115,Almond_High,2018-08-14,Almond_High,Croplands,36.169669,-120.201004,6.1,3.6000001000000004,6.5510382441939425,27.029062499999995,2.4953366854166665,1.2150263124583334,-0.6807734094770159,-0.7324940716135792,0.6014475673007877,0.4385315519017605,0.9208798891503169,0.30062892108709804,2,0.7292304237747459,0.11321714933168031,0.961895128795937,-0.057864593197107954,2
116,Almond_High,2018-08-21,Almond_High,Croplands,36.169669,-120.201004,6.0,4.9,5.439563701496521,24.21318750000001,1.8253232479166677,1.181391309875,-0.7638886127905429,-0.64534811322955,-0.05769023033324253,0.1841750389178877,0.5504357063419182,0.0576902303332425,2,-0.06485620768938521,-0.2381776942998145,0.1299632109894721,0.04136417770553718,2
117,Almond_High,2018-08-22,Almond_High,Croplands,36.169669,-120.201004,5.8,4.3,4.791370963509952,23.719479166666673,1.5574100395833337,1.209898984041667,-0.7748840413670406,-0.6321034111873488,0.09202225763589093,0.2827189309877748,0.5779038320419418,-0.09202225763589089,2,0.1914477080363543,-0.22697828533255862,0.31159735020387713,0.0120737721850832,2
118,Almond_High,2018-08-29,Almond_High,Croplands,36.169669,-120.201004,5.4,4.6,3.7409888599488745,23.03364583333333,1.4729427229166665,1.1108452995,-0.8452490573530634,-0.5343725582809785,-0.11082188146979415,0.0839090564609868,0.45411457175403436,0.1108218814697941,2,-0.07107570955294203,-0.20721889257349813,-0.0541710422829423,-0.03191581415669184,2
119,Almond_High,2018-08-30,Almond_High,Croplands,36.169669,-120.201004,4.8,7.6,3.718893288225879,21.65833333333333,1.2742333499999998,1.3567736686458327,-0.8543221697498269,-0.5197438121555157,-1.1240446252966674,0.06193160551589134,0.6826689958162463,1.038168798251574,2,-1.1955511609459994,-1.089088402859098,-1.087494312084905,-0.275601073534523,2
120,Almond_High,2018-09-06,Almond_High,Croplands,36.169669,-120.201004,5.1,2.3,6.345610368756166,25.87429166666667,2.1852057604166677,1.1504331962708336,-0.9106046300942162,-0.4132786077829044,0.4176021200723066,0.3256309796187907,1.1551145537853054,0.41760212007230657,2,0.38834111841407026,0.1075891545818933,0.7568760872209562,0.11418652299618982,2
121,Almond_High,2018-09-07,Almond_High,Croplands,36.169669,-120.201004,5.1,2.1000001,6.619891921173501,26.20954166666667,2.349482210416666,1.013634650979167,-0.9175836260593934,-0.3975428142825566,0.4682289079444025,0.32037398474783874,1.2299241890127655,0.4682289079444024,2,0.4589112309286254,0.15261540019916747,0.7931600927054145,0.010431728266192168,2
122,Almond_High,2018-09-14,Almond_High,Croplands,36.169669,-120.201004,4.1,5.9,3.9109593479700338,20.183354166666664,1.537249295833333,0.9331970282083336,-0.9587178169872964,-0.2843591872810036,-0.630979988961129,0.23337202430795018,0.5221092302362564,-0.25289868490119716,2,-0.8809646841705847,-0.41884843749059153,-0.5931268452222106,0.028703818612619267,2
123,Almond_High,2018-09-15,Almond_High,Croplands,36.169669,-120.201004,4.6,4.5,3.9585804526951898,20.64141666666667,1.6220664979166663,1.2288828079374998,-0.9634705485641486,-0.2678143051621748,-0.42975722282026635,0.11245004772994376,0.49043151386869843,0.42975722282026635,2,-0.5232954317110734,-0.30499474787075237,-0.46098148887897306,0.013781290260357182,2
124,Almond_High,2018-09-22,Almond_High,Croplands,36.169669,-120.201004,4.3,3.8,5.159249869187351,24.78,2.3930330645833333,1.141249102916667,-0.9886775902323404,-0.1500553983446526,0.14838029631677332,0.04847229890522526,0.5264177431110639,0.1483802963167733,2,0.09670983608901682,0.1555825874234425,0.19284846543786072,-0.010640158550773812,2
125,Almond_High,2018-09-23,Almond_High,Croplands,36.169669,-120.201004,4.9,3.6000001000000004,5.731216447771902,24.00610416666667,2.2773540333333333,1.0772957478958334,-0.9911140639934546,-0.1330147065341963,0.08794433214175945,0.11115230222362166,0.6923500500594562,0.08794433214175945,2,-0.008181454999840854,0.06235460135729892,0.20965985006782029,0.015835015461979803,2
126,Almond_High,2018-09-30,Almond_High,Croplands,36.169669,-120.201004,3.1,5.4,3.525559434118044,19.435291666666668,1.0983561666666666,0.7745781383333336,-0.999916658654738,-0.0129102960750088,-0.46902348526173054,0.1941021432282336,0.676725660393821,-0.46902348526173054,2,-0.6518922752382674,-0.26536210490371404,-0.48981607564321017,0.02131031153913477,2
127,Almond_High,2018-10-01,Almond_High,Croplands,36.169669,-120.201004,3.8,5.5,4.425718503421926,21.55079166666667,1.5472242270833334,0.9871091405833332,-0.99999073973619,0.0043035382962438,-0.46686569222168384,0.256033894587622,0.6187597635851712,-0.46686569222168384,2,-0.7247505219001035,-0.21272377201601939,-0.46312278274892865,0.07069313711586335,2
128,Almond_High,2018-10-08,Almond_High,Croplands,36.169669,-120.201004,3.6,1.0,4.6490048622803455,17.673958333333335,1.2985965395833334,1.0228458595,-0.9922222094179324,0.1244792638867886,0.043549963114472144,0.43171054880112675,1.2927608772468624,0.043549963114472234,2,0.11465720623015718,-0.41929959562103086,0.4352922787342901,0.022480199177214426,2
129,Almond_High,2018-10-09,Almond_High,Croplands,36.169669,-120.201004,3.5,1.0,4.562286262694731,18.954,1.3482886687500002,1.1023429137083334,-0.989932495087353,0.141540295217043,0.14823841328420787,0.418330161866982,1.2593590947482693,0.14823841328420784,2,0.22407778658127375,-0.30282339954015647,0.5234608528115063,0.02609810441271175,2
130,Almond_High,2018-10-16,Almond_High,Croplands,36.169669,-120.201004,3.3,2.4,4.42575449347762,17.13106458333333,1.4534936437499997,1.228063547625,-0.965739937654855,0.2595117970697994,-0.011478989692443228,0.2135747116811951,0.6501585031688225,-0.011478989692443209,2,0.11702165527725017,-0.258019865008437,0.10656124065385714,0.016315430559629553,2
131,Almond_High,2018-10-17,Almond_High,Croplands,36.169669,-120.201004,3.1,2.8,4.065057468311172,17.750491666666665,1.4831123395833332,1.2302316208125,-0.9611297838723007,0.2760969730974688,0.04086363372379473,0.1777432482961998,0.4801344530599431,0.04086363372379476,2,0.22100925803616644,-0.1343756498029599,0.03595729293817765,0.016315430559629553,2
132,Almond_High,2018-10-24,Almond_High,Croplands,36.169669,-120.201004,2.8,1.4,3.5697963420171392,15.303695833333329,0.8709581395833331,0.8602374505208336,-0.9209712877166346,0.3896304495307877,0.22629215158640056,0.3046171874886762,0.9631595313690641,0.2262921515864006,2,0.39233003536901967,-0.12526951833017766,0.4118159377203596,0.04340581964400448,2
133,Almond_High,2018-10-25,Almond_High,Croplands,36.169669,-120.201004,3.1,1.4,3.407222094661768,17.099714583333334,1.01430458125,1.0693689775000002,-0.9141279881853336,0.4054257283599973,0.2640120008121812,0.3237454447999484,1.0705077655924176,0.2640120008121812,2,0.4321175047451671,-0.10920595945104666,0.4691244571424231,0.13287458261929236,2
134,Almond_High,2018-11-02,Almond_High,Croplands,36.169669,-120.201004,2.5,2.7,2.866876654532181,17.237583333333333,1.0447736854166667,1.054370017,-0.8498170915275277,0.5270777086423724,0.39463298152488796,0.18922975662987637,0.6084895362784982,0.3391203275394738,2,0.6102454364252463,0.2561452814392083,0.3175082267102095,0.016315430559629553,2
135,Almond_High,2018-11-09,Almond_High,Croplands,36.169669,-120.201004,2.1,1.5,2.413154705668579,11.435825,0.9016698458333332,1.129648275145833,-0.780295851070776,0.6254105729852457,0.1948088480953399,0.22234086231332545,0.6585186575367279,0.1948088480953399,2,0.2999412852924536,-0.060601737052991614,0.3450869960465577,0.016315430559629553,2
136,Almond_High,2018-11-10,Almond_High,Croplands,36.169669,-120.201004,1.6,2.7,2.112449191087712,10.439422916666668,0.7916942562499999,1.0865331698541667,-0.7694148268839381,0.6387494220515268,0.1661872181965617,0.048454291842013074,0.4923380608177405,0.16618721819656168,2,0.20842716991040655,0.11329212224041674,0.17684236243886187,-0.007022253315276487,2
137,Almond_High,2018-11-18,Almond_High,Croplands,36.169669,-120.201004,1.6,0.8,1.7063638735497475,10.761983333333337,0.6590537562499998,0.9434190581458336,-0.6744436188329457,0.7383263540031063,0.36520938630392624,0.21856882599202482,0.7574194748386293,-0.15248163920443142,2,0.49454847583564,0.11285424903064611,0.48822543404549257,0.04848022317450916,2
138,Almond_High,2018-11-25,Almond_High,Croplands,36.169669,-120.201004,0.9,1.5,1.4018013467449966,13.624297916666665,0.2667875604166667,0.8378150750208332,-0.5808002734538014,0.8140460935082175,0.6021829514613014,0.12000102902564448,0.6401595032563564,0.4014197420286917,2,0.740408029496889,0.5246669715556708,0.5414738533313446,-0.03225070544088039,2
139,Almond_High,2018-11-26,Almond_High,Croplands,36.169669,-120.201004,1.3,1.6,1.2795266844963211,12.951524999999998,0.3557469666666666,0.9644392308541666,-0.5667017562911184,0.8239230057575536,0.6579701647213962,0.12953649768566647,0.5282458801423732,-0.6579701647213962,2,0.8061249398431857,0.5660791253976631,0.6017064289233399,-0.2642680558179806,2
140,Almond_High,2018-12-03,Almond_High,Croplands,36.169669,-120.201004,0.8,0.5,0.8087258827705074,8.481016666666667,0.1674810541666666,0.8284856740624997,-0.4635502709028512,0.8860706215341377,0.5077635193873243,0.03666598844965824,0.741848398365428,-0.49031175384630965,2,0.5441695954792084,0.47084303155022666,0.5082779311325378,0.0004606788927238885,2
141,Almond_High,2018-12-11,Almond_High,Croplands,36.169669,-120.201004,0.6,2.3,0.8193826116800691,9.346264583333337,0.2526456479166666,0.719025519625,-0.3375228995941134,0.941317317512847,0.3783655433818624,0.026384047196044695,0.5402042540399374,0.06039967997827583,2,0.4079041683163719,0.3700553465024333,0.3571371153267819,-0.0054228828835663325,2
142,Almond_High,2018-12-20,Almond_High,Croplands,36.169669,-120.201004,0.8,2.8,0.1451995449804737,8.801712499999997,0.2523210333333333,0.8577444013124998,-0.1882267098432439,0.9821256058680006,0.31716532115169876,0.010869074281331987,0.5499705065982697,-0.3171653211516987,2,0.3296103258414022,0.3123492929225196,0.30953634469117447,-0.0054228828835663325,2
143,Almond_High,2018-12-27,Almond_High,Croplands,36.169669,-120.201004,1.2,0.4,1.4399654099263466,7.804639583333333,0.5094559874999999,2.461252670250001,-0.0688024268023206,0.9976303053065856,0.314901143359932,0.06731388476964308,0.7786213069002241,0.16502967649276123,2,0.39205403635516944,0.28449368759739596,0.2681557061272306,0.028341452130242625,2
144,Almond_High,2018-12-28,Almond_High,Croplands,36.169669,-120.201004,1.0,1.1,1.0064992940574573,7.285502083333335,0.59747778125,2.260920376125,-0.0516196672232541,0.998666816288476,0.30874813506440024,0.0705583061405339,0.475331894541274,-0.29574954694948563,2,0.3777756041649666,0.23675265899108916,0.3117161420371449,-0.021650183461518743,2
193,Almond_Low,2016-10-18,Almond_Low,Croplands,36.946608,-120.10237,1.9,4.7000003,2.585293774850289,15.660858437500002,0.6259611645833334,2.0131857102604167,-0.9510565162951536,0.3090169943749472,-0.566172592322203,0.0970870216925213,0.47723150388279245,-0.566172592322203,2,-0.6168607889907449,-0.4542321902562339,-0.6274247977196301,-0.0025128399812236217,2
194,Almond_Low,2016-10-19,Almond_Low,Croplands,36.946608,-120.10237,2.3,4.1,2.7369247965399808,15.259315229166663,0.6104710395833334,0.8990852083333333,-0.9455963874271428,0.3253420847119795,-0.19408749795527072,0.14457389936843484,0.5984968271058511,-0.1940874979552707,2,-0.1592107488761443,-0.07014227493539968,-0.3529094700542682,0.012404314516349296,2
195,Almond_Low,2016-10-26,Almond_Low,Croplands,36.946608,-120.10237,1.6,3.7,2.569978604237418,20.002721729166662,1.1841408520833332,0.7715305,-0.8996308696522434,0.4366512319560638,0.07706530495322701,0.10986246613804827,0.5735680760603044,0.07706530495322705,2,0.20259217459862683,0.030176857176314076,-0.0015731169152598534,0.012404314516349296,2
196,Almond_Low,2017-02-23,Almond_Low,Croplands,36.946608,-120.10237,1.7,1.8000001,1.3629244461188084,6.962118604166669,0.3530215833333334,1.7503499583333335,0.8013610881746766,0.5981809144059164,-0.13228103055916526,0.0663458325095611,0.5586980157687822,0.13228103055916526,2,-0.1281931338092777,-0.20057629074382666,-0.06807366712439145,-0.007022253315276487,2
197,Almond_Low,2017-02-24,Almond_Low,Croplands,36.946608,-120.10237,1.6,4.3,1.441027886957699,6.832306312499997,0.4216969729166668,0.8337975833333333,0.8115390590073611,0.5842981736283683,-0.24124482625439128,0.07254544116680095,0.7873553406166177,0.0766993998302111,2,-0.17036858909870023,-0.23801434918831077,-0.3153515404761629,0.028341452130242625,2
198,Almond_Low,2017-03-03,Almond_Low,Croplands,36.946608,-120.10237,1.7,5.8,1.4444377984533388,12.528973958333331,0.5798017854166666,0.7219932291666665,0.8758917051442429,0.4825077417612184,-0.30008972275179885,0.14086111318939368,0.9462380613926399,0.21103468034152356,2,-0.14336399441677058,-0.3407745061913039,-0.41613066764732204,0.03923127236190657,2
199,Almond_Low,2017-03-04,Almond_Low,Croplands,36.946608,-120.10237,2.3,5.7000003,1.3813069002818632,12.823029291666666,0.5010542187499999,1.1469878958333335,0.8840675099433636,0.4673592171580022,-0.45893812648746407,0.10318845195087872,0.8484673923663703,0.45893812648746407,2,-0.34050351767590714,-0.5294598191013198,-0.5068510426851653,0.0387164076996908,2
200,Almond_Low,2017-03-11,Almond_Low,Croplands,36.946608,-120.10237,2.6,1.7,2.103030710597184,17.243319291666666,0.5108568541666666,0.9324155000000002,0.9338372288229252,0.3576982388331254,0.22473998181154806,0.23683194727566745,0.8877229491057808,-0.22473998181154808,2,0.47924410012652174,0.010827022757262661,0.18414882255085974,0.05718888164686964,2
201,Almond_Low,2017-03-12,Almond_Low,Croplands,36.946608,-120.10237,3.2,1.9,2.3301763400261533,16.882735375000006,0.61401196875,0.9004727291666669,0.9398560579418954,0.3415707691678556,0.05406401038137378,0.25352764065077854,0.972738038648777,-0.05406401038137376,2,0.3169127043893872,-0.1889810677511361,0.03426039450587026,0.04340581964400448,2
202,Almond_Low,2017-03-27,Almond_Low,Croplands,36.946608,-120.10237,3.5,4.2000003,5.641309009561009,13.85679475,0.4252717333333333,2.6972626458333337,0.995918996147179,0.0902516100310411,-1.0331793304241392,0.07672417667728827,0.537391752199956,-1.0331793304241392,2,-1.0787003998633367,-0.9445972683396915,-1.0762403230693895,0.2830258337432913,2
203,Almond_Low,2017-03-28,Almond_Low,Croplands,36.946608,-120.10237,3.6,1.7,3.733831169097588,13.241614104166665,0.4219870000000001,1.0173646666666667,0.9973249731081556,0.0730951298980777,-0.4140208514349486,0.15942366303940939,1.1864743266676179,-0.4140208514349486,2,-0.23602025172513527,-0.5436751082204327,-0.46236719435927776,0.13527024103041332,2
204,Almond_Low,2017-04-05,Almond_Low,Croplands,36.946608,-120.10237,3.4,4.3,4.070743364297207,19.130156041666673,1.19242800625,1.0911737916666666,0.9979171608653922,-0.0645084494493162,-0.3588341678549393,0.13144355979360253,0.5013623461729688,-0.3588341678549394,2,-0.2273461873979102,-0.358923054262705,-0.49023326190420274,0.012404314516349296,2
205,Almond_Low,2017-04-12,Almond_Low,Croplands,36.946608,-120.10237,3.2,5.2000003,5.550121455585238,18.58826245833333,0.8405181999999997,1.94110725,0.9829265519799822,-0.18399835165768,-0.3774454694920503,0.06516916746239279,0.47282617483422734,-0.3774454694920504,2,-0.3687991751131392,-0.31703105739111936,-0.4465061759718923,-0.0232495538932289,2
206,Almond_Low,2017-04-13,Almond_Low,Croplands,36.946608,-120.10237,3.2,3.3,4.9958689527408895,14.610526229166664,0.3934500791666667,1.747885145833333,0.97961369164549,-0.200890555130635,-0.5280691725611589,0.13929119958734112,0.5711240489493926,-0.528069172561159,2,-0.3723497806802448,-0.5710628172961923,-0.6407949197070396,0.01739919549585451,2
207,Almond_Low,2017-04-20,Almond_Low,Croplands,36.946608,-120.10237,4.8,4.5,6.290786316907113,15.678978875,0.5939754916666666,2.561004229166667,0.9483615800121716,-0.3171912885891061,-1.8372112852110476,0.22673157492418028,0.6371114465220454,-1.8372112852110476,2,-1.6098589810796837,-1.8384578841235706,-2.0633169904298887,-0.20721719754428727,2
208,Almond_Low,2017-04-21,Almond_Low,Croplands,36.946608,-120.10237,4.9,1.4,4.864496260106487,16.204051624999995,0.62622094375,1.0447032916666668,0.9427611433904208,-0.3334687789181868,-1.0855551775299375,0.5915185943706671,1.662605311850281,-1.0145476977429115,2,-0.6039238611948676,-0.9069453907966403,-1.7457962805983043,0.1502944711121264,2
209,Almond_Low,2017-04-28,Almond_Low,Croplands,36.946608,-120.10237,5.3,4.4,8.162924281792804,17.026796520833333,0.95239233125,3.6146106250000014,0.895839290734909,-0.4443781781046132,-1.6194891589233016,0.23880138635152748,0.7744530822257307,-1.6194891589233018,2,-1.3509891377072631,-1.8081166104296535,-1.699361728632988,-0.2800416915164594,2
210,Almond_Low,2017-04-29,Almond_Low,Croplands,36.946608,-120.10237,5.3,0.6,6.2274092513283525,17.040748937499995,0.9905601145833334,1.0842832291666669,0.8880573226294932,-0.4597327394521039,-0.955281994586505,0.4814307529478197,2.0674582838796147,-0.955281994586505,2,-0.4612350701645479,-0.9815934334824669,-1.4230174801125,-0.17740993298979765,2
211,Almond_Low,2017-05-06,Almond_Low,Croplands,36.946608,-120.10237,5.1,6.4,6.8445548905627644,14.498466333333331,0.5505327,2.2132526458333333,0.8263541987239096,-0.5631507242749186,-1.834473471913032,0.06437881180141565,0.7185963787093025,-1.8344734719130322,2,-1.8302021476561996,-1.9008815873226312,-1.7723366807602654,-0.7506779174206378,2
212,Almond_Low,2017-05-07,Almond_Low,Croplands,36.946608,-120.10237,2.5,7.3,4.286860563634516,15.787454020833332,0.4809142895833334,1.4685863541666662,0.8165380514459161,-0.5772916165517272,-0.4413906937259229,0.1427704689226963,0.8582482178037288,-0.4413906937259231,2,-0.2879843913335463,-0.5703746883174757,-0.4658130015267465,0.012606360195483744,2
213,Almond_Low,2017-05-14,Almond_Low,Croplands,36.946608,-120.10237,5.4,7.8,6.66869074185508,14.674415000000002,0.600220425,1.8981578958333327,0.741222010848596,-0.6712599575675313,-1.9559694648370574,0.06076049362563407,0.9751031122265397,-1.9559694648370574,2,-2.0260183005223236,-1.9243667497846528,-1.917523344204196,-1.6429907654923053,2
214,Almond_Low,2017-05-22,Almond_Low,Croplands,36.946608,-120.10237,7.3,2.6000001,7.392860302925483,26.461722895833343,1.9272309791666664,1.3715375833333334,0.6420547132365637,-0.766658819300159,-1.475868935495492,0.5719773979332132,1.858696429899155,-1.475868935495492,2,-0.8383767804782524,-1.6450792047003606,-1.9441508213078629,-0.3607716883141791,2
215,Almond_Low,2017-05-23,Almond_Low,Croplands,36.946608,-120.10237,6.8,4.4,7.836069708873872,27.017933770833334,1.7593469895833336,1.4244429374999996,0.6287628145958344,-0.777597146973627,-1.5749386732032251,0.21343225179901495,1.0448730078029849,-1.5749386732032251,2,-1.330688996633748,-1.6686048093078305,-1.7255222136680968,-0.33010561870121097,2
216,Almond_Low,2017-05-30,Almond_Low,Croplands,36.946608,-120.10237,6.5,6.4,9.459107518808178,21.506028729166665,0.9930720999999996,2.053064729166667,0.5307300481619334,-0.8475409228928311,-2.2612396269771033,0.12250693688759838,0.4656709779098972,-2.261239626977103,2,-2.3483609732211126,-2.121162878214532,-2.314195029495666,-0.6579362426674228,2
217,Almond_Low,2017-06-07,Almond_Low,Croplands,36.946608,-120.10237,7.1,5.5,9.431587221669034,23.1380365625,1.5971504687499998,1.963840270833333,0.4093559588156213,-0.9123747579707272,-2.2057307005063946,0.09429776194886826,0.6714976567721405,-2.205730700506395,2,-2.3145877827467314,-2.149141223673202,-2.15346309509925,-0.08075483468063335,2
218,Almond_Low,2017-06-08,Almond_Low,Croplands,36.946608,-120.10237,4.4,4.9,8.794380579150259,20.608479875000004,1.0851758875,1.9119916458333328,0.3935902766564667,-0.9192859697186104,-0.5588857887181309,0.1495194752961377,0.522423384311234,-0.5588857887181309,2,-0.686484374524803,-0.39436398508389947,-0.5958090065456901,0.017692406303637446,2
219,Almond_Low,2017-06-15,Almond_Low,Croplands,36.946608,-120.10237,7.7,7.6,10.003035872115005,24.36800443749999,1.5718998229166663,2.0826608124999995,0.2802306751992158,-0.9599326896597448,-2.612332306606253,0.22828837072611186,0.6257686067512443,-2.6123323066062527,2,-2.6791512270380706,-2.3580903213560376,-2.79975537142465,-1.5169828604545608,2
220,Almond_Low,2017-06-16,Almond_Low,Croplands,36.946608,-120.10237,7.0,7.9,8.963545191045393,26.67777204166667,1.644489047916667,1.642433125,0.263665492728007,-0.9646141756912436,-2.0514662272325155,0.13878939180851013,0.6032256144411589,-2.051466227232515,2,-2.1480976949950406,-1.8924289287979952,-2.1138720579045103,-1.9938489995627011,2
221,Almond_Low,2017-06-23,Almond_Low,Croplands,36.946608,-120.10237,7.7,7.0,9.931236760651492,30.18546691666667,2.13599634375,1.7935905416666669,0.1457991969198751,-0.9893142039703664,-1.6963675380309577,0.025829130879779373,0.637063201781728,-1.696367538030958,2,-1.6690084434522339,-1.69976341088561,-1.7203307597550295,-0.716570658756237,2
222,Almond_Low,2017-07-01,Almond_Low,Croplands,36.946608,-120.10237,7.2,7.1,10.154775771648152,24.27794764583333,1.4746941291666669,1.915249229166667,0.0086069968886886,-0.9999629591162656,-1.9204851462854748,0.08876157481142806,0.4341965984255635,-1.9204851462854746,2,-1.9276084969470275,-1.8283765310328743,-2.005470410876523,-0.8395944432982804,2
223,Almond_Low,2017-07-02,Almond_Low,Croplands,36.946608,-120.10237,6.5,6.9,8.739276070875839,25.44462964583333,1.6083948916666666,1.2979871666666667,-0.008606996888688,-0.9999629591162656,-1.45223395048921,0.05340525140304643,0.5350450174095895,-1.4522339504892097,2,-1.4648635154508605,-1.393645929691994,-1.4981924063247756,-0.9947544037865321,2
224,Almond_Low,2017-07-09,Almond_Low,Croplands,36.946608,-120.10237,6.8,7.5,7.590919316202411,29.612223354166662,2.6314825416666667,1.3608110416666666,-0.1287481774525806,-0.99167731989929,-1.4014055038316606,0.10849777612887126,0.4797374455922565,-1.4014055038316604,2,-1.2761716328723804,-1.4610015787838266,-1.4670432998387746,-1.0414812722104243,2
225,Almond_Low,2017-07-10,Almond_Low,Croplands,36.946608,-120.10237,3.2,8.6,7.791335100787102,30.36957327083333,2.6760218229166663,1.5041746666666669,-0.1457991969198744,-0.9893142039703664,-1.0472865567581529,0.19816632999940784,0.7207108422344077,-1.047286556758153,2,-0.833406689686793,-1.2246640242625009,-1.083788956325165,-0.3623695645977573,2
226,Almond_Low,2017-07-17,Almond_Low,Croplands,36.946608,-120.10237,7.8,8.1,10.2133581835766,30.10469543750001,2.7716624062500004,1.6640643125,-0.2636654927280072,-0.9646141756912436,-1.7403079659667817,0.042068862956326517,0.6200803586419761,-1.7403079659667817,2,-1.7126513764051994,-1.7195512347853903,-1.7887212867097548,-1.6566216160622071,2
227,Almond_Low,2017-07-18,Almond_Low,Croplands,36.946608,-120.10237,7.6,8.3,11.691712331518849,27.51143591666667,2.5194480458333337,2.202469020833333,-0.2802306751992161,-0.9599326896597444,-1.7364338972004594,0.11748941672394991,0.5548939259191433,-1.7364338972004596,2,-1.6168774012168323,-1.8517409327102954,-1.74068335767425,-1.7169031886367454,2
228,Almond_Low,2017-07-25,Almond_Low,Croplands,36.946608,-120.10237,6.1,9.2,8.595151589680901,26.11592489583333,1.7396994458333337,1.2296108125000005,-0.3935902766564664,-0.9192859697186104,-1.8124369102178584,0.164074056334243,0.7974340267523453,-1.8124369102178584,2,-1.7860755961005474,-1.9880955867144632,-1.6631395478385642,-1.6967602930927896,2
229,Almond_Low,2017-08-10,Almond_Low,Croplands,36.946608,-120.10237,6.2,5.4,7.3359649927211,26.61519658333333,1.56292925625,1.5777171562500003,-0.6287628145958345,-0.7775971469736268,0.0007825246657297558,0.11162736106698336,0.4672036517317232,0.0007825246657298113,2,0.005519944895121948,-0.11313812570979856,0.10996575481186588,0.021225761084304504,2
230,Almond_Low,2017-08-11,Almond_Low,Croplands,36.946608,-120.10237,6.1,4.9,8.070376787349394,27.04435366666667,1.8254587958333333,1.5636206875,-0.6420547132365636,-0.7666588193001592,0.23508617483757302,0.15869628771865416,0.5925790372228719,0.235086174837573,2,0.2666752623269437,0.06297109853438618,0.37561216365138916,0.04136417770553718,2
231,Almond_Low,2017-08-18,Almond_Low,Croplands,36.946608,-120.10237,5.5,5.8,6.263706780568126,27.881159541666676,1.9213243000000004,1.4439096666666666,-0.7295575540864876,-0.6839194216246105,-0.3149828072266315,0.03230820143348592,0.39938207930240777,-0.3149828072266314,2,-0.3405009994651774,-0.2786560154515639,-0.3257914067631532,-0.15809619093586197,2
232,Almond_Low,2017-08-19,Almond_Low,Croplands,36.946608,-120.10237,5.5,6.6,6.344115425248955,28.07497247916667,1.88051374375,1.3935798124999996,-0.7412220108485957,-0.6712599575675315,-0.833182697226194,0.14997001059208684,0.460994544713179,-0.833182697226194,2,-0.9990556195569952,-0.7071691620530264,-0.7933233100685605,-0.3312685253591311,2
233,Almond_Low,2017-08-26,Almond_Low,Croplands,36.946608,-120.10237,5.1,4.8,3.895438579419096,29.3215530625,2.3739153166666664,1.1428120000000002,-0.8165380514459157,-0.5772916165517278,-0.030114105763684295,0.10391395556200687,0.513508561821014,0.03011410576368423,2,-0.14844890205840883,0.04625117451948976,0.011855410247866183,0.008786409280851972,2
234,Almond_Low,2017-08-27,Almond_Low,Croplands,36.946608,-120.10237,5.1,5.2000003,5.178027492285416,30.65497191666668,2.4951047229166665,1.0529365416666665,-0.8263541987239095,-0.5631507242749187,-0.30010194772808857,0.19956300482323167,0.6217062161302273,-0.30010194772808857,2,-0.5271510936829867,-0.1524906194791166,-0.2206641300221624,0.012697525324132226,2
235,Almond_Low,2017-09-03,Almond_Low,Croplands,36.946608,-120.10237,3.6,5.9,6.1421697749826105,32.99239939583333,2.8919269375,1.3148195416666666,-0.888057322629493,-0.4597327394521046,-0.7376400464361211,0.32235258002211015,0.8744507472347121,-0.737640046436121,2,-1.0648274535729492,-0.42035025864556247,-0.7277424270898518,0.16389562914621927,2
236,Almond_Low,2017-09-04,Almond_Low,Croplands,36.946608,-120.10237,4.2,6.1,6.269340220521988,32.22069910416668,2.4394114875,1.4005156458333337,-0.8958392907349089,-0.4443781781046134,-0.8790239976732622,0.27764082310033883,0.898104359709731,-0.8790239976732623,2,-1.1886686294077717,-0.6522671408654162,-0.7961362227465988,0.134137435817587,2
237,Almond_Low,2017-09-11,Almond_Low,Croplands,36.946608,-120.10237,3.6,5.7000003,4.180215023493648,27.879058541666662,1.7841354666666662,1.0613834166666665,-0.9427611433904206,-0.333468778918187,-0.6854067717356882,0.2585486618759214,0.6584917437962734,-0.6854067717356882,2,-0.895477581207051,-0.39665935918923706,-0.7640833748107764,0.15689981003463307,2
238,Almond_Low,2017-09-12,Almond_Low,Croplands,36.946608,-120.10237,4.2,4.9,5.483142110693704,27.68804564583333,1.4636356458333335,1.2418301041666668,-0.9483615800121716,-0.3171912885891059,-0.27947328732308174,0.13104099898848234,0.4090531425770513,-0.27947328732308163,2,-0.4303226183542427,-0.21430059291006703,-0.19379665070493546,-0.04358508253984855,2
239,Almond_Low,2017-09-19,Almond_Low,Croplands,36.946608,-120.10237,4.3,8.0,4.6439555056161295,19.28244945833333,0.9155629520833336,2.1772581875,-0.97961369164549,-0.2008905551306352,-1.537138332666643,0.1961748975661845,1.0646993766726283,-1.537138332666643,2,-1.4055831929300133,-1.7626172623969196,-1.4432145426729956,-0.6024271247141169,2
240,Almond_Low,2017-09-20,Almond_Low,Croplands,36.946608,-120.10237,3.9,5.5,4.079612672275098,20.068773125,0.8682446770833332,1.6036482500000002,-0.9829265519799822,-0.1839983516576798,-0.7434567738515484,0.1014162769867751,0.4697616434401116,-0.7434567738515484,2,-0.7770977400962468,-0.6294947688116865,-0.8237778126467118,0.07770153564810248,2
241,Almond_Low,2017-09-27,Almond_Low,Croplands,36.946608,-120.10237,3.0,1.5,3.618802854554023,23.66965145833333,1.8429507604166664,0.9392876041666666,-0.9979171608653922,-0.0645084494493162,0.5405305848326472,0.2853606499101514,0.9408779260036402,0.5405305848326472,2,0.6255915850298374,0.2223115463411145,0.7736886231269896,0.009304617166414468,2
242,Almond_Low,2017-09-28,Almond_Low,Croplands,36.946608,-120.10237,3.1,2.5,3.0612601676712776,24.457221354166673,2.02676139375,1.1257924166666669,-0.9988797155850336,-0.0473213883224323,0.42241104560755893,0.16300051169595783,0.5543638025222953,-0.42241104560755893,2,0.5301649979225995,0.23488908775035017,0.5021790511497269,0.02131031153913477,2
243,Almond_Low,2017-10-05,Almond_Low,Croplands,36.946608,-120.10237,2.8,2.4,1.8364884310475167,18.116620375,1.1236648375,0.9935105833333336,-0.9973249731081556,0.0730951298980777,0.08162326475423524,0.2014519313034816,0.5647009452120502,-0.0816232647542352,2,0.2557511893925019,-0.1390164439479158,0.1281350488181196,0.016315430559629553,2
244,Almond_Low,2017-10-06,Almond_Low,Croplands,36.946608,-120.10237,2.8,3.8,2.02541893049512,19.27030712500001,1.2480663208333334,0.8785138124999997,-0.9959189961471792,0.0902516100310407,-0.08269202592504936,0.11878962835010069,0.3693379265308983,0.08269202592504932,2,0.028461197104921343,-0.06866478294121946,-0.20787249193884993,-0.04358508253984855,2
245,Almond_Low,2017-10-13,Almond_Low,Croplands,36.946608,-120.10237,2.5,3.8,2.2122690175847555,14.783904833333333,0.7777750770833333,0.8774116249999997,-0.9778483415056568,0.2093146459630488,-0.3133699148740024,0.18211454965967466,0.5022565253856119,0.26209204995648666,2,-0.165525979058749,-0.2577838244233265,-0.5167999411399318,0.016315430559629553,2
246,Almond_Low,2017-10-14,Almond_Low,Croplands,36.946608,-120.10237,2.2,5.0,2.1931975926400424,14.962885291666666,0.7209449062500001,0.7875872291666668,-0.9741004551724206,0.226115685508288,-0.39184023016702146,0.20416664316142047,0.811753323449126,-0.378235415447106,2,-0.3996897900281694,-0.18386200996333554,-0.5919688905095596,0.051679136005148674,2
247,Almond_Low,2017-10-21,Almond_Low,Croplands,36.946608,-120.10237,1.3,3.6000001000000004,2.067599814429585,13.6807085,0.5367215729166667,1.098776291666667,-0.9398560579418952,0.341570769167856,-0.3167444919556079,0.08404077499153179,0.3565335065403146,-0.31674449195560794,2,-0.36951908342247897,-0.2198307208189174,-0.36088367162542717,-0.047269817438974265,2
248,Almond_Low,2017-10-22,Almond_Low,Croplands,36.946608,-120.10237,2.2,4.1,2.226063990147121,15.25950204166667,0.5943415291666665,0.93017825,-0.9338372288229252,0.3576982388331254,-0.15236278972923667,0.1438274906373261,0.611911706543328,-0.15236278972923667,2,-0.15165494779293343,-0.008890526423192102,-0.2965428949715845,0.012404314516349296,2
249,Almond_Low,2017-10-29,Almond_Low,Croplands,36.946608,-120.10237,1.9,4.3,2.7208334870087385,18.820234291666672,0.7556581291666665,0.814917125,-0.8840675099433637,0.467359217158002,-0.01596576174321025,0.05603751608350935,0.6807414321221352,-0.015965761743210294,2,0.017714793336781415,0.015041827606941754,-0.08065390617335391,2.6352865851345803e-05,2
250,Almond_Low,2017-10-30,Almond_Low,Croplands,36.946608,-120.10237,1.7,3.1000001,2.539294051158965,16.814061499999998,0.5527710895833332,1.1273124791666664,-0.8758917051442433,0.4825077417612176,0.2028348878962782,0.12995897774100817,0.38014138278475884,0.20283488789627824,2,0.3310368793841343,0.20628034231369186,0.07118744199100849,-0.04358508253984855,2
251,Almond_Low,2017-11-06,Almond_Low,Croplands,36.946608,-120.10237,1.5,1.4,1.5411087102696577,10.371843479166666,0.3575934479166666,0.8926923749999999,-0.8115390590073611,0.5842981736283683,0.16338839393506424,0.09690988613559434,0.6353979658466471,-0.08117097339574889,2,0.2565530041041586,0.06312375851879273,0.17048841918224145,0.008719579617223586,2
252,Almond_Low,2017-11-07,Almond_Low,Croplands,36.946608,-120.10237,1.0,2.2,1.569562687586974,11.798662812499998,0.45344546875,0.7350165208333334,-0.8013610881746769,0.5981809144059159,0.22056630657435325,0.10785724037762798,0.5824056640317434,0.22056630657435328,2,0.32027445940923377,0.2353411516670968,0.10608330864672913,0.01400368494805945,2
253,Almond_Low,2017-11-14,Almond_Low,Croplands,36.946608,-120.10237,1.3,2.5,1.8681763495190185,15.553777437499996,0.5075800645833334,1.0682082083333333,-0.7236440382959123,0.690173388242972,0.39184052307439526,0.10161529736040642,0.46923189619657296,0.39184052307439526,2,0.5091613575925625,0.33158793791762453,0.33477227371299867,-0.003822986061603119,2
254,Almond_Low,2017-11-15,Almond_Low,Croplands,36.946608,-120.10237,0.7,2.3,1.331905751655365,15.903647958333332,0.4487879895833333,1.170292916666667,-0.7116566222817751,0.7025274741691566,0.27385050622293944,0.034756946584813264,0.4725253613662358,0.27385050622293944,2,0.3099820460012099,0.270915143163695,0.24065432950391336,-0.021650183461518743,2
255,Almond_Low,2017-11-22,Almond_Low,Croplands,36.946608,-120.10237,1.0,2.3,1.4796893204114276,14.953664895833334,0.4753299062499999,0.6757911874999999,-0.622046748440868,0.7829801036770625,0.4942392553372881,0.10637911328487622,0.4994734243189084,0.4651393854855672,2,0.6147760362058611,0.41348479435109387,0.4544569354549094,-0.013504325568958607,2
256,Almond_Low,2017-11-23,Almond_Low,Croplands,36.946608,-120.10237,1.2,3.4,1.5752264372025058,16.307909479166668,0.4553959520833333,0.892436354166667,-0.6084768701151264,0.7935716089521472,0.2792840507615299,0.07042140121189182,0.5101033000911542,0.2792840507615299,2,0.3379667517106847,0.2011940674278631,0.29869133314604185,-0.007022253315276487,2
257,Almond_Low,2017-11-30,Almond_Low,Croplands,36.946608,-120.10237,0.8,2.1000001,0.9937917696647148,9.114307395833332,0.3160376979166667,0.6972695624999999,-0.5086709438521042,0.8609610158889945,0.40445073136208043,0.06905753457998183,0.5072174648447103,-0.016867192032650857,2,0.4841262210120698,0.3618191819552983,0.3674067911188733,-0.0054228828835663325,2
258,Almond_Low,2017-12-01,Almond_Low,Croplands,36.946608,-120.10237,0.9,3.0,0.8080188800224366,10.584584541666668,0.2780712791666666,0.7341823541666664,-0.4937755501599774,0.8695893893466109,0.253291015460084,0.07634529821586053,0.6065784230956559,-0.253291015460084,2,0.3204078174588016,0.17023407178755773,0.26923115713389256,0.01031895004893374,2
259,Almond_Low,2017-12-08,Almond_Low,Croplands,36.946608,-120.10237,0.7,2.4,0.6634007016446466,9.051396291666668,0.5279562625000002,1.0221006727708333,-0.3856634062436074,0.9226395488404876,0.31369332597830185,0.0381005679110754,0.5144393869766121,-0.31369332597830185,2,0.357686839285258,0.29198181541063795,0.29141132323900965,-0.0054228828835663325,2
260,Almond_Low,2017-12-16,Almond_Low,Croplands,36.946608,-120.10237,0.9,3.7,0.4811195938348646,9.791952770833335,0.3599987645833335,1.3167793263124998,-0.2553532951161881,0.9668478136052772,0.09445812063415242,0.051094606349819535,0.7475749910861038,-0.09445812063415238,2,0.07754840928417794,0.053961928878176274,0.15186402374010305,0.026741909731313268,2
261,Almond_Low,2017-12-17,Almond_Low,Croplands,36.946608,-120.10237,0.3,0.90000004,0.3988589672763137,7.9965043125,0.5200715958333333,0.8047223829166669,-0.2386727660059499,0.9711000518829505,0.48491130542735,0.1261441752373806,0.5275646653768771,-0.2871933708747226,2,0.5959314297932851,0.5110606085103961,0.3477418779783689,0.013192239118964798,2
262,Almond_Low,2018-02-02,Almond_Low,Croplands,36.946608,-120.10237,1.4,2.7,0.7806496235318799,14.495703333333337,0.5652611645833332,0.9443113877083332,0.5380051715382996,0.8429415373547828,0.22561658295354495,0.0855531016681732,0.531675020427025,-0.22561658295354492,2,0.23349310742532337,0.3069590540442923,0.13639758739101931,0.008719579617223586,2
263,Almond_Low,2018-02-03,Almond_Low,Croplands,36.946608,-120.10237,1.1,2.9,0.8377620881238934,14.954859812500002,0.593984383333333,0.7655962364791667,0.5524353131676196,0.8335557718385699,0.1469090689722687,0.07929568757694111,0.5523742434657559,-0.14690906897226874,2,0.12077273870151095,0.23597378171530708,0.0839806864999881,0.008719579617223586,2
264,Almond_Low,2018-02-10,Almond_Low,Croplands,36.946608,-120.10237,1.9,0.8,1.4611421181605448,14.864937020833333,0.5524037770833331,1.5077054112291666,0.6486295610349814,0.7611042586607747,0.5064955237358224,0.22742621001403074,1.048534196970886,-0.5064955237358224,2,0.7677348270522665,0.35267671684728635,0.39907502730791433,0.033121759946760435,2
265,Almond_Low,2018-02-11,Almond_Low,Croplands,36.946608,-120.10237,1.3,1.9,1.356688508440253,11.431384354166664,0.5532085333333332,1.2722064306666665,0.6616346182422783,0.7498264012045686,0.2097786658959561,0.059631521080572576,0.5358714050386875,-0.09640164901545037,2,0.2449609001556034,0.2434474366001616,0.14092766093210335,-0.007022253315276487,2
266,Almond_Low,2018-02-18,Almond_Low,Croplands,36.946608,-120.10237,2.0,4.7000003,1.1119656247432717,11.448680062500005,0.5569229770833334,2.175270704395834,0.7469720876965552,0.6648553979642865,-0.5448225849333824,0.07707006911317528,0.6708210822353738,0.5448225849333824,2,-0.5723697212149649,-0.45776421608246737,-0.6043338175027149,0.013714460596728793,2
267,Almond_Low,2018-02-19,Almond_Low,Croplands,36.946608,-120.10237,1.9,0.90000004,1.1031209262099808,6.109546166666665,0.5774514312500001,1.9140440789583333,0.7583058084785625,0.6518989958787126,-0.15125839621445206,0.13924985503587578,0.8622178018769882,0.15125839621445203,2,-0.07190115615162947,-0.3120458246155318,-0.06982820787619487,0.04776801996186841,2
268,Almond_Low,2018-03-06,Almond_Low,Croplands,36.946608,-120.10237,2.1,4.7000003,2.273323697170086,11.800806645833331,0.7902440187499998,0.7955580881458335,0.8996308696522433,0.436651231956064,-0.24003814819457725,0.06482354962243644,0.6680545904955137,-0.24003814819457725,2,-0.16799411398274075,-0.29364809970210387,-0.2584722308988871,-0.007022253315276487,2
269,Almond_Low,2018-03-14,Almond_Low,Croplands,36.946608,-120.10237,2.2,6.2000003,2.7399138882775382,14.352737604166668,0.4227828416666665,1.0863698746041668,0.9510565162951536,0.3090169943749474,-0.41889474759286216,0.12124365024855895,0.9690453781433431,-0.41889474759286216,2,-0.29696291971256916,-0.4202830253099858,-0.5394382977560315,0.050931788785781015,2
270,Almond_Low,2018-03-15,Almond_Low,Croplands,36.946608,-120.10237,2.2,7.7000003,3.630965085731949,11.2537038125,0.64452620625,1.3007676215625006,0.9562348265919056,0.2926003356333483,-0.7693181483122323,0.18039016016183626,1.2948276257253226,-0.7693181483122324,2,-0.5951242505649551,-0.9553240167731422,-0.7575061775985994,-0.22700501830780426,2
271,Almond_Low,2018-03-23,Almond_Low,Croplands,36.946608,-120.10237,3.0,6.3,4.005115057651033,10.396783500000002,0.3886643958333333,1.5402597154375,0.9873494423939864,0.1585593851031347,-0.8506262557291632,0.13316041264095707,1.0389536340899992,-0.8506262557291633,2,-0.8179376045621903,-0.9970870082478099,-0.7368541543774891,-0.15596016133896887,2
272,Almond_Low,2018-03-31,Almond_Low,Croplands,36.946608,-120.10237,3.7,5.2000003,4.683757711928956,19.99607,0.8591308083333336,0.8951145815000001,0.9997685019798908,0.0215160974362222,-0.4615514681357165,0.1393252729304067,0.6321899065759224,-0.46155146813571646,2,-0.3299000137452214,-0.4472994044349682,-0.60745498622696,0.013781290260357182,2
273,Almond_Low,2018-04-08,Almond_Low,Croplands,36.946608,-120.10237,4.4,4.2000003,5.756787212236165,14.886712458333337,0.4759165916666666,2.3699532733125004,0.9932568492674144,-0.1159345995955004,-1.6147446459789216,0.18278122625466117,0.6066655604573253,-1.6147446459789219,2,-1.4219374659174364,-1.6367975792626575,-1.7854988927566706,0.01652597636666552,2
274,Almond_Low,2018-04-16,Almond_Low,Croplands,36.946608,-120.10237,2.2,7.2000003,3.5143408892847976,10.4652914375,0.2781747208333333,1.3313519524999995,0.9679377830240642,-0.2511900638848193,-0.6794238152811279,0.19622018287148746,0.9866923394676871,-0.6794238152811278,2,-0.4779762172735537,-0.8699613610548503,-0.6903338675149799,-0.19142094832318082,2
275,Almond_Low,2018-04-24,Almond_Low,Croplands,36.946608,-120.10237,5.4,4.3,6.307370503698946,21.99682610416666,1.2572545395833332,1.2614090542083336,0.9242907221930934,-0.3816892202666588,-1.3135862370389357,0.33743904483421877,0.7198283775640972,-1.313586237038936,2,-0.9833332874745133,-1.2996461014309653,-1.6577793222113288,-0.2883060840355236,2
276,Almond_Low,2018-05-02,Almond_Low,Croplands,36.946608,-120.10237,5.0,6.5,5.536614000794632,16.752981250000005,0.7415449166666668,1.229140554729167,0.8631421280499114,-0.5049610547215204,-1.2565944864719845,0.07128937248335812,0.672112139897525,-1.2565944864719845,2,-1.1893575374997447,-1.3313416510509009,-1.2490842708653078,-0.6925812100199861,2
277,Almond_Low,2018-05-09,Almond_Low,Croplands,36.946608,-120.10237,6.3,8.5,8.283606617240403,21.579087125,1.2099914937499998,2.4150240029375003,0.7961828637826158,-0.6050560696488488,-1.8904906929262788,0.30195846497619394,0.8577706315392071,-1.8904906929262788,2,-2.129175771509046,-1.5510322988737422,-1.9912640083960482,-1.3077474854842963,2
278,Almond_Low,2018-05-10,Almond_Low,Croplands,36.946608,-120.10237,6.2,10.0,7.242231683239098,19.61483139583333,1.013197089583333,1.7029110183750007,0.7856498550787145,-0.6186714032625031,-1.9677506354609033,0.24907600404876834,1.5115522122655587,-1.9677506354609031,2,-2.1977278208557762,-1.7031902324471802,-2.0023338530797536,-1.350530035178777,2
279,Almond_Low,2018-05-17,Almond_Low,Croplands,36.946608,-120.10237,6.7,7.3,7.286541245802896,18.260481187499995,0.81100853125,1.869601451093749,0.705583610107178,-0.7086266782644596,-2.8132632982660084,0.13322295181800212,0.7492605622406593,-2.8132632982660084,2,-2.8492969154536656,-2.6657299319840537,-2.9247630473603063,-1.3907758197091462,2
280,Almond_Low,2018-05-18,Almond_Low,Croplands,36.946608,-120.10237,6.1,8.6,7.019021209157663,19.838794416666673,0.8572938041666666,1.6638746438333334,0.6932812268869777,-0.7206671495538609,-1.9408609275027262,0.18254595256373674,0.9118030927572287,-1.940860927502726,2,-2.1213471279942935,-1.7563226875545679,-1.9449129669593177,-1.5413012378667033,2
281,Almond_Low,2018-05-26,Almond_Low,Croplands,36.946608,-120.10237,2.4,8.1,6.876217723642862,17.603385562499994,0.6173062770833332,1.8577479055625,0.5877852522924732,-0.8090169943749473,-0.64353032201029,0.19933976566229827,0.8958536363218679,-0.6435303220102897,2,-0.5626347015558594,-0.8706014590693071,-0.4973548054057035,-0.23457201168257552,2
282,Almond_Low,2018-06-02,Almond_Low,Croplands,36.946608,-120.10237,6.8,7.5,7.485040407867872,24.40880683333333,1.6095211062499997,0.9497848740624998,0.48627270710869,-0.8738071036110808,-2.137328150506985,0.14253362414273307,0.7873778680163451,-2.137328150506985,2,-2.2367549590481777,-1.9740296841958782,-2.2011998082769,-1.843754299159911,2
283,Almond_Low,2018-06-03,Almond_Low,Croplands,36.946608,-120.10237,7.1,6.5,8.136226671688688,28.1970253125,2.193809314583333,1.138185526666667,0.4711595076738638,-0.8820480249558537,-1.9669831363665846,0.1216632230172459,0.694263965418652,-1.9669831363665846,2,-2.0876757727679705,-1.9689016194086983,-1.8443720169230846,-0.884505544509099,2
284,Almond_Low,2018-06-10,Almond_Low,Croplands,36.946608,-120.10237,7.0,11.1,9.300630508837084,18.400096541666667,1.1586704916666666,2.0674881766875,0.3617137307297676,-0.9322892131745132,-3.12059117030963,0.40779934412896,1.6592486764279577,-3.1205911703096305,2,-3.315849888653477,-2.651874449785897,-3.3940491724895163,-1.1551547094280663,2
285,Almond_Low,2018-06-11,Almond_Low,Croplands,36.946608,-120.10237,7.0,8.7,8.9775354393792,21.446327041666667,1.3318636708333338,1.5562945511249997,0.3456123126707335,-0.938377391740864,-2.603608629914929,0.23187108047300137,0.9033551871599161,-2.6036086299149286,2,-2.846066617810637,-2.3840191203172947,-2.580740151616857,-1.4152400207281033,2
286,Almond_Low,2018-06-18,Almond_Low,Croplands,36.946608,-120.10237,7.1,8.7,8.418778566859627,21.3154121875,1.0246693354166665,1.504884688479167,0.2303056702306122,-0.973118337233262,-2.665614138494089,0.19016823604339428,0.8443343171497906,-2.665614138494089,2,-2.8756279872724617,-2.5050680793364606,-2.6161463488733436,-1.8095720799482178,2
287,Almond_Low,2018-06-19,Almond_Low,Croplands,36.946608,-120.10237,6.7,7.9,9.602015256533086,24.594709458333337,1.4674652770833332,1.490875696791666,0.2135209154397961,-0.9769384927771816,-2.0635313915352,0.11281803876044685,0.6169296351613996,-2.0635313915352,2,-2.163008814964508,-1.9409497560691389,-2.0866356035719535,-1.9938489995627011,2
288,Almond_Low,2018-06-26,Almond_Low,Croplands,36.946608,-120.10237,7.4,8.3,9.093905069750186,25.672067625,1.7701541020833331,1.2912053796250005,0.0945367498171991,-0.9955213724144752,-2.355073696265751,0.144725939658844,0.6758229447821393,-2.355073696265751,2,-2.4865823753389913,-2.20001819152708,-2.3786205219311816,-1.785252208537831,2
289,Almond_Low,2018-06-27,Almond_Low,Croplands,36.946608,-120.10237,7.8,8.900001,9.307820496207697,24.450912895833333,1.7334999562500002,1.4728572773124995,0.077386479233463,-0.9970011699250152,-2.7354904147957235,0.20693809257802992,0.8128225820887295,-2.7354904147957235,2,-2.949480990657985,-2.536411473367153,-2.7205787803620325,-1.533381427411524,2
290,Almond_Low,2018-07-04,Almond_Low,Croplands,36.946608,-120.10237,6.8,8.3,7.967021155004206,23.3367460625,1.2802386875000002,1.2524641354375,-0.0430222330045303,-0.99907411510223,-2.1430926041903455,0.1895273827267759,0.6708823612615682,-2.1430926041903455,2,-2.340148301849944,-2.12701120960922,-1.9621183011118732,-1.8954474980871565,2
291,Almond_Low,2018-07-05,Almond_Low,Croplands,36.946608,-120.10237,6.6,5.9,8.172654946618257,24.54693947916667,1.4360461958333337,1.2896811176666667,-0.0602132773657927,-0.9981855344718586,-1.0475415967509802,0.059476507622279136,0.4902052089260661,-1.04754159675098,2,-1.075344928190884,-1.0880245430970823,-0.9792553189649745,-0.23280300796111023,2
292,Almond_Low,2018-07-13,Almond_Low,Croplands,36.946608,-120.10237,7.3,6.9,9.539194954825785,29.16154904166668,2.2456430020833333,1.5687855749374997,-0.1966728897935762,-0.980469160361632,-1.1405806715143463,0.052407007417476455,0.4886305176114999,-1.1405806715143463,2,-1.1004564097708638,-1.1998732387985316,-1.1214123659736437,-0.8203664179419393,2
293,Almond_Low,2018-07-20,Almond_Low,Croplands,36.946608,-120.10237,7.0,9.5,10.02378503263257,29.50195225,2.38608374375,1.5117613988125005,-0.3131070409358267,-0.9497178427914316,-2.1542142694243704,0.01956872135586031,0.6987811228060743,-2.1542142694243704,2,-2.1759399000998427,-2.148730355862837,-2.1379725523104316,-1.7069981251464863,2
294,Almond_Low,2018-07-21,Almond_Low,Croplands,36.946608,-120.10237,6.7,8.0,10.046310366437744,29.02435450000001,1.8669632416666664,1.43990376475,-0.3294084822245302,-0.9441875088341994,-1.518687615191191,0.06961266986100634,0.4125265576154544,-1.5186876151911912,2,-1.4836531194066036,-1.473552154570466,-1.598857571596503,-1.1545703759529184,2
295,Almond_Low,2018-07-28,Almond_Low,Croplands,36.946608,-120.10237,6.4,5.9,6.830733397744251,27.567976833333336,1.8132193166666668,1.2602901918333331,-0.4405187843504952,-0.8977433935342336,-0.32222920050415754,0.14727660113171798,0.31893251290749314,-0.3222292005041576,2,-0.1980576549050767,-0.484945325030017,-0.28368462157737884,-0.02918120952575449,2
296,Almond_Low,2018-07-29,Almond_Low,Croplands,36.946608,-120.10237,3.5,5.6,7.974541644961428,28.50539602083333,1.9762070291666671,1.2738357006458332,-0.455906693508459,-0.8900275764346766,-0.19573786236942456,0.16955110576499052,0.5563111232881743,-0.19573786236942414,2,-0.3705912734976796,-0.03203998971876913,-0.18458232389182488,0.016315430559629553,2
297,Almond_Low,2018-08-05,Almond_Low,Croplands,36.946608,-120.10237,7.1,8.6,9.667222344038796,25.82193,2.1347301500000007,1.7270902337708336,-0.5595892624101763,-0.828770087174504,-1.8765382066713345,0.09938442177448543,0.6200512871222734,-1.8765382066713343,2,-1.8059246501840998,-1.990187550111765,-1.833502419718139,-1.734875699453552,2
298,Almond_Low,2018-08-06,Almond_Low,Croplands,36.946608,-120.10237,6.4,8.2,7.529686224936016,25.256254791666667,1.728516285416667,1.555474503729167,-0.5737722679043243,-0.8190148866680802,-1.5505770175662539,0.07173730425325128,0.6405644415775968,-1.5505770175662539,2,-1.4845781247940477,-1.626927939546109,-1.5402249883586052,-1.1386243173985753,2
299,Almond_Low,2018-08-13,Almond_Low,Croplands,36.946608,-120.10237,5.7,3.9,5.924483566923707,27.244804875,2.304223904166667,1.2937403850416664,-0.6680638642135333,-0.7441039398713608,0.6088976250128365,0.26696984821067865,0.6931802580196286,-0.15993049116542368,2,0.7282865898965113,0.303067801444138,0.7953384836978603,-0.030026996480017797,2
300,Almond_Low,2018-08-14,Almond_Low,Croplands,36.946608,-120.10237,6.1,3.6000001000000004,5.862594195025397,26.13754514583333,2.046774789583333,1.5225250753750004,-0.6807734094770159,-0.7324940716135792,0.5838469598521372,0.4581568582748065,0.9047270584770997,-0.5838469598521372,2,0.8055337108505461,0.057012063876771824,0.8889951048290936,-0.057864593197107954,2
301,Almond_Low,2018-08-21,Almond_Low,Croplands,36.946608,-120.10237,5.7,4.9,4.091438042492976,24.009733812500013,1.5489004729166669,1.3379749497291666,-0.7638886127905429,-0.64534811322955,0.0024850006648054943,0.15422099732214278,0.3989891875887617,-0.0024850006648053924,2,0.01830670092548442,-0.15903695377014568,0.14818525483907774,-0.011007314115163345,2
302,Almond_Low,2018-08-22,Almond_Low,Croplands,36.946608,-120.10237,5.0,4.3,4.665743194059194,23.28257389583333,1.265669425,1.300098933,-0.7748840413670406,-0.6321034111873488,0.2511124126683564,0.13341128329754864,0.41016489766930364,-0.2511124126683564,2,0.34332116080936037,0.09813554173453384,0.31188053546117483,-0.04358508253984855,2
303,Almond_Low,2018-08-29,Almond_Low,Croplands,36.946608,-120.10237,4.2,4.6,3.375245426910314,22.873276500000003,1.2185949854166669,1.4638211745833336,-0.8452490573530634,-0.5343725582809785,0.0488838019782169,0.0635223865552048,0.3402117100285336,-0.048883801978216956,2,0.12086243699295429,0.02511744113976752,0.0006715278019288895,-0.05912057258710978,2
304,Almond_Low,2018-08-30,Almond_Low,Croplands,36.946608,-120.10237,5.2,7.6,3.9099869402574967,22.11252727083334,1.127781429166667,1.6272889047083332,-0.8543221697498269,-0.5197438121555157,-1.2957988436665997,0.024173346550157782,0.6988738493461171,1.2842272758184072,2,-1.3232219236005691,-1.2865963721882685,-1.2775782352109615,-0.8723200499281438,2
305,Almond_Low,2018-09-06,Almond_Low,Croplands,36.946608,-120.10237,4.9,2.3,6.6238382750873335,24.85841797916667,1.6179198666666663,1.4031962006458334,-0.9106046300942162,-0.4132786077829044,0.3407658977914245,0.349526185956733,1.1117836329242654,0.3407658977914245,2,0.3088966291907734,0.008265721892474348,0.7051353422910259,0.10919164201668456,2
306,Almond_Low,2018-09-07,Almond_Low,Croplands,36.946608,-120.10237,4.9,2.1000001,5.8312675103772085,25.93201729166667,1.9021404270833333,1.1133203773333331,-0.9175836260593934,-0.3975428142825566,0.47785118370771285,0.29454695859988606,1.1713575601842647,0.47785118370771285,2,0.4827030519468618,0.1809082630637861,0.7699422361124905,0.1126505146232512,2
307,Almond_Low,2018-09-14,Almond_Low,Croplands,36.946608,-120.10237,3.2,5.9,3.631885311820864,20.38831560416666,1.3365914395833336,1.2270161267708328,-0.9587178169872964,-0.2843591872810036,-0.5791210465974516,0.06655416124145982,0.4708100288584348,-0.5791210465974514,2,-0.6554587933952655,-0.5486247013952255,-0.5332796450018635,-0.013042479930960412,2
308,Almond_Low,2018-09-15,Almond_Low,Croplands,36.946608,-120.10237,4.3,4.5,4.199197902738797,20.868025645833328,1.38883906875,1.6006943453125002,-0.9634705485641486,-0.2678143051621748,-0.4463084418377527,0.08749502618998743,0.4978864511443393,-0.24470424731534773,2,-0.4791214198588411,-0.34715014944488176,-0.5126537562095352,0.010096555361231468,2
309,Almond_Low,2018-09-22,Almond_Low,Croplands,36.946608,-120.10237,3.7,3.8,2.5093995297564664,24.29899831250001,1.9068424104166664,0.8778207191874999,-0.9886775902323404,-0.1500553983446526,0.1924395967348439,0.09101547914274774,0.44452947531580456,-0.192439596734844,2,0.18541443949969166,0.10514026634291848,0.2867640843619216,0.029408508016354657,2
310,Almond_Low,2018-09-23,Almond_Low,Croplands,36.946608,-120.10237,3.9,3.6000001000000004,3.216053030886384,24.04666633333333,1.907887975,1.1042162107916669,-0.9911140639934546,-0.1330147065341963,0.1931400563236716,0.06379331066752937,0.4955106060001553,-0.1931400563236716,2,0.20025271656003374,0.1260884977690523,0.2530789546419287,-0.010640158550773812,2
311,Almond_Low,2018-09-30,Almond_Low,Croplands,36.946608,-120.10237,2.9,5.4,1.4493558116692111,19.804676125,0.8268551833333335,0.8848050171874998,-0.999916658654738,-0.0129102960750088,-0.4837659250643469,0.17472566825042307,0.6482764030612188,0.4837659250643469,2,-0.6352368032428672,-0.2926117312450699,-0.5234492407051037,0.02131031153913477,2
312,Almond_Low,2018-10-01,Almond_Low,Croplands,36.946608,-120.10237,3.0,5.5,1.8774148533101016,22.60156639583334,1.3352563229166667,0.9000338898124998,-0.99999073973619,0.0043035382962438,-0.4661776825669019,0.2622549325599376,0.6522241214841842,0.46617768256690195,2,-0.7077803973686957,-0.18726640832863606,-0.503486242003374,0.07431104235136067,2
313,Almond_Low,2018-10-08,Almond_Low,Croplands,36.946608,-120.10237,2.5,1.0,3.5163160113235943,18.50154325,0.9680199854166665,0.9278372055625,-0.9922222094179324,0.1244792638867886,0.28210645680796703,0.30335685338583496,1.1486531323522218,0.282106456807967,2,0.3942042854585558,-0.06134624681910818,0.5134613317844534,0.14364314231483027,2
314,Almond_Low,2018-10-09,Almond_Low,Croplands,36.946608,-120.10237,2.7,1.0,3.665742693213072,19.8475195,1.053044470833333,0.8685650217499999,-0.989932495087353,0.141540295217043,0.3913816585988763,0.33990637501879767,1.1918023694462438,0.3913816585988763,2,0.5049850008402474,0.00922317680395282,0.6599367981524288,0.13287458261929236,2
315,Almond_Low,2018-10-16,Almond_Low,Croplands,36.946608,-120.10237,2.5,2.4,3.3149218445078703,17.569568354166673,1.1075579833333336,0.7159378492708331,-0.965739937654855,0.2595117970697994,0.2557115406860251,0.2570542831135389,0.6744370095052634,0.2557115406860251,2,0.5370880874925091,0.03318602852523905,0.19686050604032707,0.0025323685567643986,2
316,Almond_Low,2018-10-17,Almond_Low,Croplands,36.946608,-120.10237,2.3,2.8,3.75534862433468,18.405193666666666,1.2733980979166668,0.8043582784791666,-0.9611297838723007,0.2760969730974688,0.24018623820561746,0.21616529210062949,0.5502918944444363,0.24018623820561746,2,0.4895720638638542,0.12457440347990306,0.10641224727309509,0.016315430559629553,2
317,Almond_Low,2018-10-24,Almond_Low,Croplands,36.946608,-120.10237,2.2,1.4,2.746650930887996,16.03943929166667,0.7036547854166666,0.7958468458749998,-0.9209712877166346,0.3896304495307877,0.3101120676507601,0.20835185037614773,0.8386535300430371,0.3101120676507601,2,0.4957487124028589,0.08476159578240089,0.3498258947670205,0.051679136005148674,2
318,Almond_Low,2018-10-25,Almond_Low,Croplands,36.946608,-120.10237,2.2,1.4,3.448882252785868,17.57604029166667,0.7796857833333334,0.6406307894583334,-0.9141279881853336,0.4054257283599973,0.4766227559356737,0.23602309208598296,0.9340928190013044,0.4766227559356737,2,0.6984613951387845,0.2285990468521895,0.5028078258160471,0.03879139625093904,2
319,Almond_Low,2018-11-02,Almond_Low,Croplands,36.946608,-120.10237,1.8,2.7,2.6116774873428543,17.861253416666667,0.92236316875,0.8114274574583331,-0.8498170915275277,0.5270777086423724,0.43171219833806224,0.13821056142355664,0.5182749148623884,0.43171219833806224,2,0.5720998476457494,0.4272499508021541,0.29578679656628315,0.01739919549585451,2
320,Almond_Low,2018-11-09,Almond_Low,Croplands,36.946608,-120.10237,1.1,1.5,1.9111486899885235,12.8218785,0.6929198874999999,0.5777249209583332,-0.780295851070776,0.6254105729852457,0.4571026413661885,0.1322518936774378,0.7533820527360044,0.4571026413661885,2,0.6070327858396313,0.4072627997731395,0.3570123384857946,0.030082737778578547,2
321,Almond_Low,2018-11-10,Almond_Low,Croplands,36.946608,-120.10237,1.3,2.7,1.2063313028558684,10.393304895833332,0.4091254708333333,0.7047781562916667,-0.7694148268839381,0.6387494220515268,0.18648538145019114,0.09870423906115182,0.5865835315839589,-0.1864853814501911,2,0.300454878880107,0.13036205616207375,0.12863920930839273,0.008719579617223586,2
322,Almond_Low,2018-11-17,Almond_Low,Croplands,36.946608,-120.10237,1.1,0.6,1.3559749031084505,10.7491550625,0.5371811416666665,0.7360776506666667,-0.6870527672236675,0.726607524768565,0.4471906345666438,0.10154761111322577,0.8386342958981065,0.06475917165025696,2,0.5471251556307164,0.34410335946783843,0.45034338860137646,0.05276290094137362,2
323,Almond_Low,2018-11-18,Almond_Low,Croplands,36.946608,-120.10237,1.0,0.8,1.3256514148412646,10.418796520833334,0.4872921583333334,0.677556874375,-0.6744436188329457,0.7383263540031063,0.4670138844249556,0.0835066636267753,0.7718126017967796,0.18428894525757356,2,0.5611229167508252,0.4017665016354628,0.438152234888579,0.027997373311163,2
324,Almond_Low,2018-12-03,Almond_Low,Croplands,36.946608,-120.10237,0.6,0.5,0.7392664811000149,9.506730895833334,0.2982501916666666,0.6871051462291665,-0.4635502709028512,0.8860706215341377,0.600090602774241,0.08409152261089699,0.7690469662565965,-0.3215576405742111,2,0.6867403334977118,0.5947163935225322,0.518815081302479,0.04622737175328803,2
325,Almond_Low,2018-12-12,Almond_Low,Croplands,36.946608,-120.10237,0.5,1.4,0.6125128371892367,9.415422291666667,0.2610768541666666,0.8042072487916668,-0.3212696616923651,0.946987753076075,0.5128475195153519,0.08572622422913452,0.48814163508213493,-0.2878218451368786,2,0.6019179179279582,0.5057133044611875,0.43091133615691,-0.0278152990963009,2
354,Almond_Med,2016-10-02,Almond_High,Croplands,36.177669,-120.202644999999,3.3,4.9,2.3532111982088386,15.122431250000004,0.9458245916666664,1.3263985466875,-0.9992500112396836,0.0387222808921739,-0.7153659490977692,0.1312034057739518,0.5613435810407713,0.7153659490977692,2,-0.8436396707769547,-0.581417033915016,-0.7210411426013368,0.09754674146155222,2
355,Almond_Med,2016-10-03,Almond_High,Croplands,36.177669,-120.202644999999,2.5,6.5,2.3492144255406635,14.005154166666664,0.7232853395833333,0.9510833790208334,-0.9984354211555644,0.055916990100603,-0.6726108574935479,0.0848059289739141,1.0889066383295776,-0.3710397085748749,2,-0.6907469869328601,-0.5802039891116784,-0.7468815964361051,-0.07933702164823334,2
356,Almond_Med,2016-10-10,Almond_High,Croplands,36.177669,-120.202644999999,3.0,6.2000003,4.2132652474452055,21.908416666666657,1.81723599375,1.3170379095624998,-0.9844738167520924,0.1755314904214277,-0.557598853595233,0.1613227740105704,0.6996441577758101,-0.557598853595233,2,-0.7105327741859189,-0.3890262508883803,-0.5732375357113997,-0.014712802278136806,2
357,Almond_Med,2016-10-11,Almond_High,Croplands,36.177669,-120.202644999999,3.0,6.6,2.9883490675003483,19.065583333333333,1.0194391645833334,1.132056909125,-0.9813064702716092,0.1924515819708299,-0.6540686519025765,0.13494610683972677,0.9417830665932467,-0.6307667869032731,2,-0.7269574536821919,-0.4983520049429144,-0.7368964970826232,-0.17677051501236113,2
358,Almond_Med,2016-10-19,Almond_High,Croplands,36.177669,-120.202644999999,2.7,4.1,3.651498225521556,16.991250000000004,1.1562458208333333,1.5749524247916664,-0.9455963874271428,0.3253420847119795,-0.20282454566641242,0.04926726602042791,0.4744406783360916,-0.2028245456664124,2,-0.24557888585337728,-0.14894640177966387,-0.21394834936619614,-0.0232495538932289,2
359,Almond_Med,2016-10-26,Almond_High,Croplands,36.177669,-120.202644999999,2.6,3.7,3.534907779876439,19.050916666666662,1.3194555499999998,1.0050537502708334,-0.8996308696522434,0.4366512319560638,0.2474985781597212,0.09498403102197017,0.47759959620596426,0.2474985781597212,2,0.34865444982332394,0.23363008757250425,0.16021119708333542,-0.007507720960728834,2
360,Almond_Med,2016-11-03,Almond_High,Croplands,36.177669,-120.202644999999,1.9,2.9,2.4481100630396333,14.570222916666664,0.4373688624999999,0.8709489956875002,-0.8311706263658079,0.5560174366570446,0.31023538265691625,0.131407898489616,0.5254051965961501,0.31023538265691625,2,0.461962067762577,0.23588714920675313,0.23285693100141874,0.012404314516349296,2
361,Almond_Med,2016-11-11,Almond_High,Croplands,36.177669,-120.202644999999,2.5,2.2,2.6905669674958275,19.226270833333334,1.0879152416666669,1.0557899444791667,-0.7469720876965551,0.6648553979642867,0.6916484920475922,0.14978591378250938,0.6588955870922405,-0.3105145570559372,2,0.854465456208933,0.5597049023324779,0.6607751176013654,-0.2642680558179806,2
362,Almond_Med,2016-11-12,Almond_High,Croplands,36.177669,-120.202644999999,1.9,2.0,2.392748160618085,18.662979166666663,0.8338173562499999,1.0511995894583337,-0.7354170229639858,0.6776147890466887,0.6904419165462693,0.09112874220180936,0.5923366853179057,0.2950544046899012,2,0.788364605608713,0.6748393471779454,0.6081217968521492,-0.2658970200890469,2
363,Almond_Med,2016-11-19,Almond_High,Croplands,36.177669,-120.202644999999,1.4,2.2,1.7572095551253502,16.453195833333346,0.9877371000000004,2.0165562272499997,-0.6486295610349818,0.7611042586607742,0.4042219040826022,0.0234601600071936,0.5780734248790032,0.31019720616809826,2,0.431165717380125,0.39317946266394843,0.3883205322037332,-0.007022253315276487,2
364,Almond_Med,2016-11-27,Almond_High,Croplands,36.177669,-120.202644999999,0.6,3.3,1.720218085994034,10.36811875,0.3220909645833333,1.2341645265208334,-0.5380051715382992,0.8429415373547832,-0.0055888330334356445,0.04369739907431733,0.42262341278942495,-0.005588833033435714,2,0.03903842464726026,-0.007512057518162668,-0.04829286622940453,-0.057521202155399624,2
365,Almond_Med,2016-12-13,Almond_High,Croplands,36.177669,-120.202644999999,0.8,0.7,0.513280783242487,12.291474999999998,0.3540800750000001,0.7532514645416667,-0.2884824328806098,0.9574851883550388,0.8496512785821627,0.18352379996027265,0.7801890598100607,-0.8496512785821628,2,1.0558960256579126,0.7043588519306964,0.7886989581578789,-0.2258008745940407,2
366,Almond_Med,2016-12-14,Almond_High,Croplands,36.177669,-120.202644999999,1.0,1.2,0.3816200772453002,13.61941875,0.4492581208333333,1.4104061043958334,-0.2719581575341052,0.9623090774541488,0.6910716855980227,0.12238892504732146,0.659796368736109,-0.6910716855980228,2,0.8258839520470835,0.5869465030204735,0.6603846017265108,-0.2626686853862704,2
367,Almond_Med,2016-12-22,Almond_High,Croplands,36.177669,-120.202644999999,1.0,1.3000001,0.6821626780905424,7.227746458333333,0.2832353479166666,1.2260750009375,-0.1372787721132651,0.9905324521322229,0.4566281832689209,0.13333621412346128,0.4237254214094279,-0.45662818326892085,2,0.6093614718414093,0.36344033456229574,0.3970827434030576,-0.06382408632097791,2
368,Almond_Med,2016-12-29,Almond_High,Croplands,36.177669,-120.202644999999,1.1,1.9,0.5195928772140239,7.115345833333336,0.27348161875,1.183611057375,-0.0172133561558352,0.9998518392091162,0.42223003934756687,0.12019584176880081,0.40723003102326977,-0.42223003934756687,2,0.554285081645698,0.3192141452788973,0.3931908911181051,-0.038590201560343346,2
369,Almond_Med,2017-01-06,Almond_High,Croplands,36.177669,-120.202644999999,1.2,0.6,0.946645098428704,5.735699083333333,0.2044691916666666,1.0480855302291665,0.1031016974474348,0.9946708199115212,0.4637372971539723,0.17460446174896374,0.7108740796359226,-0.4637372971539724,2,0.6623325495327355,0.3343288363347293,0.39455050559445204,0.023957512596818123,2
370,Almond_Med,2017-03-28,Almond_High,Croplands,36.177669,-120.202644999999,3.6,1.7,4.637513346298092,14.32876458333334,0.7424956541666666,2.1067460001041667,0.9973249731081556,0.0730951298980777,-0.47079355195077294,0.4282164355265658,1.1986234373687745,-0.4707935519507729,2,-0.08373131722043264,-0.39785434171971007,-0.930794996912176,0.01349471395445647,2
371,Almond_Med,2017-04-04,Almond_High,Croplands,36.177669,-120.202644999999,4.7,1.0,4.453280790644629,16.390275,1.1667973854166669,1.3158464532916667,0.9988797155850336,-0.0473213883224318,-0.8916256413798213,0.6774376181032097,1.7388946619337147,-0.39818722266907935,2,-0.20468984514240496,-0.9110393228817723,-1.5591477561152869,0.07268945801550253,2
372,Almond_Med,2017-04-12,Almond_High,Croplands,36.177669,-120.202644999999,4.5,5.2000003,4.182885111995423,17.711916666666664,0.7842788416666671,2.0649347896875,0.9829265519799822,-0.18399835165768,-1.1947727316191143,0.08700367520920513,0.45944685335086854,-0.560542955609961,2,-1.1072253178373614,-1.1958705992680523,-1.281222277751929,0.2579507531986116,2
373,Almond_Med,2017-04-13,Almond_High,Croplands,36.177669,-120.202644999999,3.8,3.3,4.589310490175087,15.081277083333331,0.6258669416666666,1.7008265571249994,0.97961369164549,-0.200890555130635,-0.8888269841607085,0.2663745578515877,0.6065484768990492,-0.8888269841607084,2,-0.6485462909945403,-0.8426715206964009,-1.1752631407911842,0.17328892528437864,2
374,Almond_Med,2017-04-20,Almond_High,Croplands,36.177669,-120.202644999999,5.1,4.5,5.6528909802469895,15.670954166666665,0.7513237729166667,2.5033779323541667,0.9483615800121716,-0.3171912885891061,-2.0949769170273895,0.33564181922241804,0.7063413020845501,-2.0949769170273895,2,-1.7471248450918797,-2.120900815008681,-2.4169050909816074,-0.20434141168402853,2
375,Almond_Med,2017-04-21,Almond_High,Croplands,36.177669,-120.202644999999,5.2,1.4,6.238023154551418,18.179791666666667,1.233858625,2.067786999041666,0.9427611433904208,-0.3334687789181868,-1.1243945391566557,0.6658032006687762,1.6859283533280909,-1.1243945391566559,2,-0.3844990653816816,-1.3134834417665038,-1.6752011103217819,0.11271644195923279,2
376,Almond_Med,2017-04-28,Almond_High,Croplands,36.177669,-120.202644999999,5.7,4.4,6.373834735729795,17.976395833333328,1.386261770833334,3.3313820619375,0.895839290734909,-0.4443781781046132,-1.9945107190237223,0.3497302590276035,0.8622578204663613,-1.9945107190237223,2,-1.5957166755926646,-2.2489871132161166,-2.1388283682623865,-0.18452952274383846,2
377,Almond_Med,2017-04-29,Almond_High,Croplands,36.177669,-120.202644999999,5.6,0.6,5.44885183666927,17.902283333333337,1.4275795145833332,1.8006147204583336,0.8880573226294932,-0.4597327394521039,-1.0380491418042324,0.5843782593356478,2.1073827255615134,-0.7357528151427735,2,-0.36444848813204966,-1.3402869236896433,-1.409412013591004,-0.1281064862043798,2
378,Almond_Med,2017-05-14,Almond_High,Croplands,36.177669,-120.202644999999,5.4,7.8,4.826054985980734,14.592677083333331,0.7803527458333334,1.0753168092916665,0.741222010848596,-0.6712599575675313,-1.7803899044796674,0.06704374001861756,1.1208324001920047,-0.6324998764411338,2,-1.8491239843625917,-1.715175129245808,-1.7768705998306022,-1.2737169475950452,2
379,Almond_Med,2017-05-15,Almond_High,Croplands,36.177669,-120.202644999999,4.3,7.9,4.350444093866254,15.148322916666665,0.7831089062499998,1.1656309176249997,0.7295575540864875,-0.6839194216246106,-0.9568467587501314,0.04951425002325026,1.0776325756978689,-0.9568467587501313,2,-0.9850093547901708,-0.9858562032809093,-0.8996747181793143,-0.17766665799904988,2
380,Almond_Med,2017-05-22,Almond_High,Croplands,36.177669,-120.202644999999,6.9,2.6000001,8.197318139941363,26.1434375,2.0672972729166665,1.2771917762708331,0.6420547132365637,-0.766658819300159,-1.282184601795944,0.5753390576716892,1.7510975396744755,-1.2821846017959437,2,-0.6629391626484121,-1.3834414271984647,-1.8001732155409553,-0.3607716883141791,2
381,Almond_Med,2017-05-23,Almond_High,Croplands,36.177669,-120.202644999999,6.6,4.4,8.451088528999518,27.16402083333334,2.2722973604166667,1.348816540625,0.6287628145958344,-0.777597146973627,-1.4630289067003328,0.19318053965304532,1.020832698273912,-1.463028906700333,2,-1.2416333757381597,-1.5501314384863496,-1.5973219058764887,-0.33010561870121097,2
382,Almond_Med,2017-05-30,Almond_High,Croplands,36.177669,-120.202644999999,6.9,6.4,7.160238752821356,22.210916666666673,1.3470357520833334,1.288784201635417,0.5307300481619334,-0.8475409228928311,-2.382971377465665,0.1960033542850729,0.605873420609672,-2.382971377465665,2,-2.5555154351432834,-2.1698580067421736,-2.4235406905115378,-0.6371276339830435,2
383,Almond_Med,2017-06-07,Almond_High,Croplands,36.177669,-120.202644999999,6.8,5.5,8.596665880221849,23.8560625,1.8351353916666668,1.2317539994791669,0.4093559588156213,-0.9123747579707272,-1.7935108279774106,0.16873393934212214,0.6030152866012096,-1.7935108279774106,2,-1.985766356258949,-1.7247600828453082,-1.6700060448279745,-0.286335006950933,2
384,Almond_Med,2017-06-15,Almond_High,Croplands,36.177669,-120.202644999999,7.5,7.6,8.107489421042137,24.40025,1.8691728604166664,1.708286958458333,0.2802306751992158,-0.9599326896597448,-2.536123816721105,0.19668730401249604,0.5784861037081442,-2.536123816721105,2,-2.594180688640017,-2.3169429543323568,-2.6972478071909407,-1.5290955803531474,2
385,Almond_Med,2017-06-16,Almond_High,Croplands,36.177669,-120.202644999999,6.8,7.9,7.350127014509772,25.976458333333333,1.78421045,1.5735143849791673,0.263665492728007,-0.9646141756912436,-2.0372150245805494,0.11713667873594086,0.6151555249921586,-2.0372150245805494,2,-2.115515310347771,-1.9025515295315707,-2.093578233862307,-1.9938489995627011,2
386,Almond_Med,2017-06-23,Almond_High,Croplands,36.177669,-120.202644999999,7.0,7.0,5.779038799364655,31.128437500000004,2.657704545833333,1.2127948192916669,0.1457991969198751,-0.9893142039703664,-1.4450914754375723,0.16980451761920676,0.6271195359729668,0.9968309258331172,2,-1.2945099449137132,-1.6291364415503682,-1.4116280398486358,-0.7952311020435148,2
387,Almond_Med,2017-07-01,Almond_High,Croplands,36.177669,-120.202644999999,7.0,7.1,7.129592959397497,24.94802083333333,1.7794619958333333,1.2589227883333332,0.0086069968886886,-0.9999629591162656,-1.8268222582112343,0.10751856151521931,0.6082498990027633,-1.8268222582112343,2,-1.9345220328389987,-1.7194858307293008,-1.8264589110654033,-0.816543800191701,2
388,Almond_Med,2017-07-02,Almond_High,Croplands,36.177669,-120.202644999999,6.6,6.9,5.917977432585778,26.47564583333333,1.9578551208333328,1.2069017485000002,-0.008606996888688,-0.9999629591162656,-1.3999125540822177,0.026447553885145584,0.5333656344960498,-0.035867419253775124,2,-1.3710934451613221,-1.4055718327034792,-1.4230723843818518,-0.9947544037865321,2
389,Almond_Med,2017-07-09,Almond_High,Croplands,36.177669,-120.202644999999,6.5,7.5,6.784504975357086,29.20495833333333,2.726818220833333,0.9859329355000004,-0.1287481774525806,-0.99167731989929,-1.3985459985085151,0.11683041636446703,0.5632896705656945,-1.3985459985085151,2,-1.2800504190590423,-1.5136368220521172,-1.4019507544143857,-1.0414812722104243,2
390,Almond_Med,2017-07-17,Almond_High,Croplands,36.177669,-120.202644999999,6.9,8.1,7.599820256842222,29.671708333333324,2.8877852666666666,1.4631804349166668,-0.2636654927280072,-0.9646141756912436,-1.6184774841153804,0.09041143367716208,0.4502373731095416,-1.6184774841153802,2,-1.5594494129233625,-1.573419457596463,-1.7225635818263156,-1.0824019755028254,2
391,Almond_Med,2017-07-18,Almond_High,Croplands,36.177669,-120.202644999999,7.1,8.3,6.5737788624256135,28.5093125,2.750995266666667,1.6854761121250004,-0.2802306751992161,-0.9599326896597444,-1.6681407337607894,0.03950291372331734,0.4215645792564441,-0.6156984586120171,2,-1.6486228391636781,-1.64219577321295,-1.7136035889057406,-1.365203391940801,2
392,Almond_Med,2017-07-25,Almond_High,Croplands,36.177669,-120.202644999999,6.9,9.2,4.007733347441056,26.65064583333333,2.2767042375,1.5597460155208331,-0.3935902766564664,-0.9192859697186104,-2.014689403476128,0.15297186555428596,0.639176032378638,2.014689403476128,2,-2.099846022555737,-2.1061321904896504,-1.8380899973829958,-1.9938489995627011,2
393,Almond_Med,2017-07-26,Almond_High,Croplands,36.177669,-120.202644999999,6.1,9.2,3.6462394849647297,27.545708333333337,2.1137498312500003,1.289100360854167,-0.4093559588156211,-0.9123747579707274,-1.8451753303124476,0.10016177427644171,0.7512681414945396,1.8451753303124476,2,-1.7854351008602976,-1.9608108795967303,-1.7892800104803148,-1.6587537579239735,2
394,Almond_Med,2017-08-10,Almond_High,Croplands,36.177669,-120.202644999999,6.3,5.4,5.058503018126889,27.026041666666657,1.8569893291666668,1.0379326181875,-0.6287628145958345,-0.7775971469736268,-0.10360511981222327,0.13811304237507646,0.5009515946147964,0.1036051198122232,2,-0.07715824856352611,-0.25302927028405636,0.019372159410912665,0.03745306166225692,2
395,Almond_Med,2017-08-11,Almond_High,Croplands,36.177669,-120.202644999999,5.8,4.9,5.231918102063978,27.42360416666667,2.1621644604166663,1.1506372721874998,-0.6420547132365636,-0.7666588193001592,0.19512405608439085,0.10145935434978072,0.5139762814046764,-0.19512405608439087,2,0.26109231280803563,0.07829398319507899,0.2459858722500579,0.03745306166225692,2
396,Almond_Med,2017-08-18,Almond_High,Croplands,36.177669,-120.202644999999,5.4,5.8,3.9901461707330017,28.024916666666662,1.9777641000000008,0.8865341383958336,-0.7295575540864876,-0.6839194216246105,-0.47047033437739466,0.03892754803791511,0.47227239213597905,0.4704703343773946,2,-0.5150033214253844,-0.4429157604188876,-0.45349192128791194,-0.13988957071916122,2
397,Almond_Med,2017-08-19,Almond_High,Croplands,36.177669,-120.202644999999,5.7,6.6,5.785609628468166,28.32614583333333,2.0805508791666667,0.9448961946875002,-0.7412220108485957,-0.6712599575675315,-0.9266056217212189,0.12492261131207733,0.5503195461866708,-0.9266056217212189,2,-1.0708173862269792,-0.8516918843029706,-0.8573075946337066,-0.38174316756402216,2
398,Almond_Med,2017-08-26,Almond_High,Croplands,36.177669,-120.202644999999,5.4,4.8,2.2140721740739933,29.030375,2.874957377083333,1.1580227164791663,-0.8165380514459157,-0.5772916165517278,0.009828677234720607,0.05068284595275247,0.5218894488498986,-0.009828677234720473,2,-0.04225499328410419,0.012757327451060452,0.05898369753720556,-0.10961577689952604,2
399,Almond_Med,2017-08-27,Almond_High,Croplands,36.177669,-120.202644999999,4.8,5.2000003,2.1558603340419875,30.77516666666667,3.1248150625,1.3367433276458327,-0.8263541987239095,-0.5631507242749187,-0.30023296808047245,0.23271014313260457,0.6266156931367742,0.3002329680804725,2,-0.5331131827451437,-0.06769327017995361,-0.29989245131632,0.012697525324132226,2
400,Almond_Med,2017-09-03,Almond_High,Croplands,36.177669,-120.202644999999,3.7,5.9,1.009315325188211,34.25762500000001,3.7728378916666663,1.7541361999791667,-0.888057322629493,-0.4597327394521046,-0.6730863987191872,0.3181359084138327,0.9541365885260866,0.6730863987191871,2,-1.0311387851674836,-0.42293128984672895,-0.565189121143349,0.12119629748380988,2
401,Almond_Med,2017-09-12,Almond_High,Croplands,36.177669,-120.202644999999,4.3,4.9,3.9567950681934017,27.56827083333334,1.8949360541666664,1.3122524812291665,-0.9483615800121716,-0.3171912885891059,-0.271578297316622,0.12489444381785489,0.4109741479888842,0.271578297316622,2,-0.41566741896356396,-0.20476497571831356,-0.19430249726798843,-0.04358508253984855,2
402,Almond_Med,2017-09-19,Almond_High,Croplands,36.177669,-120.202644999999,3.9,8.0,3.3876135093705755,19.902062500000007,1.1243761604166664,1.8088828186666668,-0.97961369164549,-0.2008905551306352,-1.253779162909716,0.06917404144896311,1.0152206539207218,-0.22900618165086706,2,-1.1739040614934593,-1.2935613408727715,-1.2938720863629167,-0.6381694189124424,2
403,Almond_Med,2017-09-20,Almond_High,Croplands,36.177669,-120.202644999999,3.9,5.5,3.065664253013629,19.73733333333333,1.0997710708333337,0.9689003342708334,-0.9829265519799822,-0.1839983516576798,-0.5904426632472564,0.19095939677375245,0.5730455678057034,0.5904426632472564,2,-0.7635756451694456,-0.38562128171395926,-0.6221310628583641,0.04275031185430208,2
404,Almond_Med,2017-09-27,Almond_High,Croplands,36.177669,-120.202644999999,4.1,1.5,3.9843109773477887,23.10795833333334,1.8915587020833329,1.3474920833333333,-0.9979171608653922,-0.0645084494493162,0.23624923414597335,0.2928060048077055,1.150002303986309,-0.23624923414597332,2,0.23110623927812218,-0.0539513959430126,0.5315928591028105,0.1199602017122225,2
405,Almond_Med,2017-09-28,Almond_High,Croplands,36.177669,-120.202644999999,4.0,2.5,4.345524653950736,23.67289583333333,1.9208419187500008,1.2192433749999998,-0.9988797155850336,-0.0473213883224323,0.265264293341571,0.18780630127698378,0.7551590946453512,0.265264293341571,2,0.28348647552950446,0.06901108818298882,0.44329531631221963,0.04486231793901183,2
406,Almond_Med,2017-10-05,Almond_High,Croplands,36.177669,-120.202644999999,3.8,2.4,4.1790083834373295,17.437499999999996,1.2531447458333336,1.6323106458333336,-0.9973249731081556,0.0730951298980777,-0.34973727327964266,0.15682215177570896,0.7706448258299486,-0.34973727327964266,2,-0.3319835840989708,-0.5146807452376531,-0.20254749050230403,0.04486231793901183,2
407,Almond_Med,2017-10-06,Almond_High,Croplands,36.177669,-120.202644999999,3.4,3.8,4.063079132773659,18.44977083333333,1.377307125,1.3626804999999995,-0.9959189961471792,0.0902516100310407,-0.25717348600462636,0.052391563568249595,0.3856376164264012,-0.2571734860046264,2,-0.20442058369509641,-0.257903798920529,-0.30919607539825356,-0.05912057258710978,2
408,Almond_Med,2017-10-13,Almond_High,Croplands,36.177669,-120.202644999999,3.0,3.8,3.4994581728704146,13.8287375,0.9689268020833328,1.5656932708333338,-0.9778483415056568,0.2093146459630488,-0.5078168480092726,0.030184368339072624,0.42576936855900377,-0.5078168480092726,2,-0.5076498189971023,-0.47771634078182096,-0.5380843842488948,-0.0470181237937835,2
409,Almond_Med,2017-10-14,Almond_High,Croplands,36.177669,-120.202644999999,2.9,5.0,3.7171165437218088,14.000837499999998,0.81761690625,1.6579008958333332,-0.9741004551724206,0.226115685508288,-0.6801694737744075,0.18306189038906603,0.5434165105598325,-0.6801694737744075,2,-0.866378713032418,-0.5004262650292747,-0.6737034432615299,0.11105766500962685,2
410,Almond_Med,2017-10-21,Almond_High,Croplands,36.177669,-120.202644999999,2.5,3.6000001000000004,2.7578071575969028,12.8531375,0.5031183604166667,1.304926895833333,-0.9398560579418952,0.341570769167856,-0.26853208108684495,0.05729999774188426,0.4816275065565335,-0.268532081086845,2,-0.20473185572850494,-0.2852520035699499,-0.3156123839620801,-0.007022253315276487,2
411,Almond_Med,2017-10-22,Almond_High,Croplands,36.177669,-120.202644999999,2.6,4.1,2.9100235150485245,14.583085416666671,0.5848466312499999,1.3203346875,-0.9338372288229252,0.3576982388331254,-0.23534624966777584,0.05267474203130243,0.5601318659263483,-0.23534624966777584,2,-0.270936842328039,-0.17483549087224803,-0.26026641580304055,-0.007022253315276487,2
412,Almond_Med,2017-11-06,Almond_High,Croplands,36.177669,-120.202644999999,1.7,1.4,2.138374810259524,10.018522916666663,0.3360746895833333,0.9093192916666668,-0.8115390590073611,0.5842981736283683,0.12235085427986257,0.14654050827865,0.6440523840588067,0.12235085427986259,2,0.21838641083526095,-0.04631931508225007,0.19498546708657682,0.012404314516349296,2
413,Almond_Med,2017-11-07,Almond_High,Croplands,36.177669,-120.202644999999,1.8,2.2,2.3928833527370665,11.012554166666664,0.3671640625,1.158994833333333,-0.8013610881746769,0.5981809144059159,0.14624321779994462,0.11020504662211393,0.47914983908247244,0.14624321779994465,2,0.24620100788535332,0.028062545273707384,0.16446610024077313,0.012404314516349296,2
414,Almond_Med,2017-11-14,Almond_High,Croplands,36.177669,-120.202644999999,1.8,2.5,2.072447352974117,13.975866666666668,0.2905285270833333,0.9340845833333334,-0.7236440382959123,0.690173388242972,0.4932598375569495,0.11533882413121382,0.48696644772730036,0.05163486839128434,2,0.6241078952524949,0.4063385135316785,0.44933310388667513,-0.01510369600066876,2
415,Almond_Med,2017-11-15,Almond_High,Croplands,36.177669,-120.202644999999,1.4,2.3,2.311273317808165,14.850004166666665,0.4626189041666666,1.1070074166666666,-0.7116566222817751,0.7025274741691566,0.4369215997695594,0.10133606784070841,0.49248978397503596,0.4369215997695594,2,0.5537390881927398,0.3843655852024809,0.37266012591345754,0.01739919549585451,2
416,Almond_Med,2017-11-22,Almond_High,Croplands,36.177669,-120.202644999999,1.8,2.3,2.1318218675397502,14.472224999999996,0.4141771770833333,0.93860475,-0.622046748440868,0.7829801036770625,0.6663357545356693,0.11054631339249446,0.4473957304312785,-0.002692019456168926,2,0.783294747391329,0.5635738361176873,0.6521386800979916,-0.24357912741884943,2
417,Almond_Med,2017-11-23,Almond_High,Croplands,36.177669,-120.202644999999,1.7,3.4,2.0971552725954687,15.481747916666668,0.4179987854166667,1.0215577291666669,-0.6084768701151264,0.7935716089521472,0.40227788175104856,0.08922847320464414,0.44295461119096285,0.392032663439889,2,0.45867407301234764,0.29940500698549877,0.4487545652552991,0.029408508016354657,2
418,Almond_Med,2017-11-30,Almond_High,Croplands,36.177669,-120.202644999999,1.3,2.1000001,1.2530364863030294,8.59478125,0.2953174208333334,1.1247138124999998,-0.5086709438521042,0.8609610158889945,0.4317927403029594,0.08134596923904053,0.2880619235315824,-0.4317927403029594,2,0.470180731426334,0.3383563153994684,0.4868411740830758,-0.04227493645946906,2
419,Almond_Med,2017-12-01,Almond_High,Croplands,36.177669,-120.202644999999,1.8,3.0,1.2284250351354595,9.540929166666666,0.2849775083333334,1.1056309375000002,-0.4937755501599774,0.8695893893466109,0.46582572790616944,0.14754453176574972,0.5319301792657714,-0.4658257279061695,2,0.4681711325058401,0.3171224756787946,0.6121835755338735,-0.009434059696490176,2
420,Almond_Med,2017-12-08,Almond_High,Croplands,36.177669,-120.202644999999,1.3,2.4,0.9344801892772902,8.121102083333334,0.6903920395833333,1.1004407708333332,-0.3856634062436074,0.9226395488404876,0.4795356522714824,0.10951773759754826,0.36653900455858823,-0.4795356522714824,2,0.5623020243519751,0.3553488999556189,0.5209560325068532,-0.06542345675268807,2
421,Almond_Med,2017-12-16,Almond_High,Croplands,36.177669,-120.202644999999,1.2,3.7,0.6983600412183395,10.827677083333333,0.8017013937500002,2.6225616041666675,-0.2553532951161881,0.9668478136052772,-0.14432200798129893,0.10814759911283496,0.687710089906531,0.1443220079812989,2,-0.07538608560227528,-0.26896636379925765,-0.08861357454236392,0.019452920697477127,2
422,Almond_Med,2017-12-17,Almond_High,Croplands,36.177669,-120.202644999999,1.0,0.90000004,0.3447044742298221,8.839866666666673,0.6661691416666667,1.848901895833334,-0.2386727660059499,0.9711000518829505,0.3833061172110437,0.05962883489903278,0.6142589476364126,-0.3833061172110436,2,0.41812546906879056,0.31445416777515145,0.41733871478918894,-0.0054228828835663325,2
423,Almond_Med,2018-01-01,Almond_High,Croplands,36.177669,-120.202644999999,1.1,0.6,0.1730372916376601,9.508181249999998,0.3746583854166666,1.1905231458333334,0.0172133561558346,0.9998518392091162,0.6930882125048387,0.1881021403784984,0.714125963362042,-0.6930882125048385,2,0.9095593124997947,0.569437982322465,0.6002673426922562,-0.20925739729019158,2
424,Almond_Med,2018-01-25,Almond_High,Croplands,36.177669,-120.202644999999,1.1,5.7000003,1.3937038478400443,10.011141666666663,0.3700880062500001,1.1892128541666669,0.4171936026123168,0.9088176373395028,-0.32041415141850343,0.2016313869561004,1.1604584779488867,-0.3204141514185035,2,-0.16000942201081422,-0.25447289397763995,-0.546760138267056,0.14337971107601263,2
425,Almond_Med,2018-01-26,Almond_High,Croplands,36.177669,-120.202644999999,1.1,4.6,0.91587034548299,7.254860416666667,0.2021556437499999,1.4079838333333334,0.4327755925504312,0.901501684131884,-0.36888842421979895,0.16320196348189228,0.7725174267411831,-0.0006291151857786836,2,-0.22590456941878267,-0.33407139699264493,-0.5466893062479692,0.04848022317450916,2
426,Almond_Med,2018-02-03,Almond_High,Croplands,36.177669,-120.202644999999,1.4,2.9,0.6321370994232144,14.37432708333334,0.5535828,1.337272625,0.5524353131676196,0.8335557718385699,0.1099460985584307,0.0893077621219339,0.569558832482867,-0.10994609855843074,2,0.0979737879814225,0.20463611063914916,0.027228397054720438,0.008719579617223586,2
427,Almond_Med,2018-02-10,Almond_High,Croplands,36.177669,-120.202644999999,2.0,0.8,1.3749649550704917,14.865618750000005,0.966899325,2.2753691666666667,0.6486295610349814,0.7611042586607747,0.4126463871402433,0.2520349616993457,1.1247437340288111,-0.41264638714024326,2,0.7031276695628126,0.25200800777053767,0.28280348408737965,0.14364314231483027,2
428,Almond_Med,2018-02-11,Almond_High,Croplands,36.177669,-120.202644999999,2.1,1.9,0.7331964405057333,11.450077083333332,0.8791436208333333,1.3155153750000002,0.6616346182422783,0.7498264012045686,0.21417289043723642,0.0748205887255305,0.5118891387806666,-0.21417289043723642,2,0.30044660590794187,0.17500529099466366,0.16706677440910372,-0.007022253315276487,2
429,Almond_Med,2018-02-18,Almond_High,Croplands,36.177669,-120.202644999999,2.2,4.7000003,0.6694165725145875,11.590929166666667,0.69736903125,2.1872611666666675,0.7469720876965552,0.6648553979642865,-0.5732080444288115,0.08320582681101002,0.6584106904518319,0.5732080444288115,2,-0.6298324728566169,-0.4776763003577159,-0.6121153600721018,0.013714460596728793,2
430,Almond_Med,2018-03-06,Almond_High,Croplands,36.177669,-120.202644999999,2.7,4.7000003,1.3621315761654191,11.012591666666664,0.6726167166666666,1.2257639166666665,0.8996308696522433,0.436651231956064,-0.36595215432834904,0.04694436851456775,0.6162640274360819,0.36595215432834904,2,-0.3681393726025592,-0.4117646833012745,-0.3179524070812134,-0.007022253315276487,2
431,Almond_Med,2018-03-15,Almond_High,Croplands,36.177669,-120.202644999999,2.7,7.7000003,3.2571109142100125,10.538999999999998,0.4640770291666666,1.2721188333333333,0.9562348265919056,0.2926003356333483,-0.8880444031413944,0.217624908925365,1.4968315340213287,-0.8880444031413943,2,-0.7564899380843443,-1.1392418827505404,-0.7684013885892991,-0.31940714285405003,2
432,Almond_Med,2018-03-23,Almond_High,Croplands,36.177669,-120.202644999999,2.8,6.3,3.3454099721528787,9.743766666666666,0.2665896041666667,0.7118139583333334,0.9873494423939864,0.1585593851031347,-0.5945549930525172,0.2307257502312393,1.1522290668759028,-0.5945549930525171,2,-0.49217962598537096,-0.8587540260094686,-0.43273132716271223,-0.003987908449468394,2
433,Almond_Med,2018-03-30,Almond_High,Croplands,36.177669,-120.202644999999,3.9,4.4,4.592846390313562,18.944145833333337,0.9712436791666668,1.2847546145833335,0.9992500112396836,0.0387222808921744,-0.6355411683502046,0.1819771974935281,0.5810731628134779,-0.6355411683502046,2,-0.4698747375156549,-0.6064294165804525,-0.8303193509545064,0.04275031185430208,2
434,Almond_Med,2018-03-31,Almond_High,Croplands,36.177669,-120.202644999999,4.0,5.2000003,5.597668711352794,19.341041666666676,1.14696518125,1.2070836666666669,0.9997685019798908,0.0215160974362222,-0.6354448904297346,0.07178704462658725,0.5558669765414302,-0.6354448904297345,2,-0.5681585249553327,-0.6271620843037792,-0.7110140620300923,0.02652019579321711,2
435,Almond_Med,2018-04-08,Almond_High,Croplands,36.177669,-120.202644999999,4.5,4.2000003,5.3118700119126085,14.17409583333333,0.5828720333333333,1.7181186458333333,0.9932568492674144,-0.1159345995955004,-1.447589517291717,0.20839534357826958,0.5355317297688353,-1.4475895172917168,2,-1.2130909717737692,-1.5180793702769155,-1.611598209824467,0.06106422708067385,2
436,Almond_Med,2018-04-23,Almond_High,Croplands,36.177669,-120.202644999999,6.1,4.5,6.906553283875345,22.323291666666663,1.2605405395833331,1.1424666874999998,0.9307239310379796,-0.3657225234972689,-1.629769185540881,0.28860755985519326,0.9040950282067101,-1.629769185540881,2,-1.3532764869636478,-1.6069001589937983,-1.9291309106651962,-0.3150480141389611,2
437,Almond_Med,2018-04-24,Almond_High,Croplands,36.177669,-120.202644999999,5.9,4.3,7.235727235352773,22.132041666666662,1.3398259125,1.318382,0.9242907221930934,-0.3816892202666588,-1.5877907271465936,0.37285605671395483,0.8664552184427228,-1.5877907271465936,2,-1.2260147998962014,-1.5665394494680072,-1.970817932075573,-0.332197434327862,2
438,Almond_Med,2018-05-02,Almond_High,Croplands,36.177669,-120.202644999999,5.6,6.5,5.613210198388113,16.272877083333334,0.7748306020833332,1.1001990833333333,0.8631421280499114,-0.5049610547215204,-1.7801951181621078,0.07712243106877091,0.7024527763796348,-1.7801951181621078,2,-1.6911788302488677,-1.8269269389315037,-1.822479585305952,-0.7810471128145643,2
439,Almond_Med,2018-05-09,Almond_High,Croplands,36.177669,-120.202644999999,6.6,8.5,8.168704680879756,21.643291666666663,1.2466272145833337,1.7545150416666668,0.7961828637826158,-0.6050560696488488,-2.1293586046269746,0.22659864851577902,0.8644204512869033,-2.1293586046269746,2,-2.2540763004903206,-1.86779867797563,-2.2662008354149745,-1.5175140058240053,2
440,Almond_Med,2018-05-10,Almond_High,Croplands,36.177669,-120.202644999999,6.3,10.0,7.286931970640259,19.671458333333337,1.1224598520833329,1.0260112708333338,0.7856498550787145,-0.6186714032625031,-1.966381327500051,0.11521822197008318,1.6410455795292804,-1.9663813275000512,2,-2.092825070863049,-1.8673233916204353,-1.938995520016668,-1.672139963529212,2
441,Almond_Med,2018-05-17,Almond_High,Croplands,36.177669,-120.202644999999,6.8,7.3,6.017027244749209,17.265793749999997,0.8327077270833331,0.9344940625000004,0.705583610107178,-0.7086266782644596,-2.7272527302083738,0.14545326273565246,1.0112198622509365,-1.1613072197067922,2,-2.863731518403138,-2.574238298982641,-2.743788373239343,-1.3027196437411181,2
442,Almond_Med,2018-05-18,Almond_High,Croplands,36.177669,-120.202644999999,6.4,8.6,6.40940667653058,19.85095833333333,0.9257475437499996,1.046424166666667,0.6932812268869777,-0.7206671495538609,-2.0984231402812603,0.19752168394839842,1.115086976199564,-2.0984231402812603,2,-2.2977219262164783,-1.9027278672699341,-2.094819627357369,-1.341405264217851,2
443,Almond_Med,2018-05-26,Almond_High,Croplands,36.177669,-120.202644999999,5.6,8.1,6.567429106731253,17.913520833333337,0.7075124270833334,1.2571394583333326,0.5877852522924732,-0.8090169943749473,-1.7344824327621684,0.19261407066040034,0.9355162304144212,-1.7344824327621682,2,-1.9538171900598675,-1.5928873483197719,-1.6567427599068663,-1.6087041171247618,2
444,Almond_Med,2018-06-02,Almond_High,Croplands,36.177669,-120.202644999999,7.0,7.5,8.377075351791586,22.85108333333333,1.4460227895833333,1.0096901041666666,0.48627270710869,-0.8738071036110808,-2.3822843249932264,0.21199661987159435,0.8438560646646573,-2.3822843249932264,2,-2.579032674233055,-2.157774778092048,-2.4100455226545767,-1.533381427411524,2
445,Almond_Med,2018-06-03,Almond_High,Croplands,36.177669,-120.202644999999,7.1,6.5,10.109018349857662,27.074583333333337,1.9298753708333327,1.1329220833333336,0.4711595076738638,-0.8820480249558537,-2.0328485039439763,0.14243008375557994,0.689405790145133,-2.032848503943976,2,-2.1962640222982954,-1.967198609798115,-1.9350828797355184,-0.884505544509099,2
446,Almond_Med,2018-06-10,Almond_High,Croplands,36.177669,-120.202644999999,6.4,11.1,8.694396756296106,18.909479166666667,1.3840006166666667,2.129833125,0.3617137307297676,-0.9322892131745132,-2.586692872144015,0.362295666140991,1.5518634958967108,-2.586692872144015,2,-2.73991169075496,-2.1729616081299756,-2.8472053175471097,-1.1551547094280663,2
447,Almond_Med,2018-06-11,Almond_High,Croplands,36.177669,-120.202644999999,6.6,8.7,8.161722746427925,20.54495625,1.3635310416666673,1.2744270208333333,0.3456123126707335,-0.938377391740864,-2.4166662382344026,0.25866793093918633,1.02482478919384,-2.4166662382344026,2,-2.7153498325945065,-2.2677502831101917,-2.2668985989985106,-1.2290446646771616,2
448,Almond_Med,2018-06-18,Almond_High,Croplands,36.177669,-120.202644999999,7.2,8.7,8.976445701444186,20.937479166666673,1.0091588375000002,1.0451065208333332,0.2303056702306122,-0.973118337233262,-2.7329490947304484,0.22971169429457436,1.0234276709970513,-2.732949094730448,2,-2.998197177127471,-2.600093570896139,-2.600556536167735,-1.4152400207281033,2
449,Almond_Med,2018-06-19,Almond_High,Croplands,36.177669,-120.202644999999,6.4,7.9,8.63927188731694,23.82897916666666,1.34465060625,0.9143350208333332,0.2135209154397961,-0.9769384927771816,-1.9537939929559176,0.13732120877405482,0.8077512175596266,-1.9537939929559176,2,-2.1123148058410006,-1.871296567690927,-1.8777706053358247,-1.7622121896185086,2
450,Almond_Med,2018-06-26,Almond_High,Croplands,36.177669,-120.202644999999,7.4,8.3,9.892319567659143,25.831229166666667,1.6579963104166662,1.108070875,0.0945367498171991,-0.9955213724144752,-2.3630484490423362,0.1286044102159758,0.7376144265386227,-2.3630484490423367,2,-2.4980305154451883,-2.241947942431717,-2.349166889250104,-1.7715655447794016,2
451,Almond_Med,2018-06-27,Almond_High,Croplands,36.177669,-120.202644999999,7.6,8.900001,9.894216624365232,24.34870833333333,1.7168674937499997,1.0149101458333332,0.077386479233463,-0.9970011699250152,-2.6241630869573704,0.22573905714578135,0.9482658809762988,-2.6241630869573704,2,-2.8843223369939226,-2.480083626712193,-2.508083297165996,-1.4453252514434964,2
452,Almond_Med,2018-07-04,Almond_High,Croplands,36.177669,-120.202644999999,7.0,8.3,10.434261773016768,23.946229166666665,1.4893904166666665,0.9708526666666666,-0.0430222330045303,-0.99907411510223,-2.22323270747434,0.16714379861319156,0.7594097825604791,-2.22323270747434,2,-2.409306313448207,-2.174575058205776,-2.0858167507690366,-1.8095720799482178,2
453,Almond_Med,2018-07-05,Almond_High,Croplands,36.177669,-120.202644999999,6.4,5.9,10.843651323458076,24.87525,1.4093664604166662,1.0748594583333335,-0.0602132773657927,-0.9981855344718586,-0.9332587683696856,0.07036371659801778,0.4729529567261583,-0.9332587683696856,2,-0.8567901782712251,-0.9952726483553982,-0.9477134784824337,-0.33535613846946116,2
454,Almond_Med,2018-07-12,Almond_High,Croplands,36.177669,-120.202644999999,7.2,7.9,9.601542839115965,28.320083333333343,2.2410535,0.8851222116875004,-0.1797665857255621,-0.9837092937736098,-1.832018460812584,0.07011003054510319,0.6596144157129,-1.8320184608125842,2,-1.817770693071122,-1.908158047380776,-1.7701266419858541,-1.6566216160622071,2
455,Almond_Med,2018-07-13,Almond_High,Croplands,36.177669,-120.202644999999,7.1,6.9,10.310976929162264,28.97091666666667,2.17379933125,1.1685598975,-0.1966728897935762,-0.980469160361632,-1.190674824515242,0.09226973072629842,0.5332825532725476,-1.1906748245152423,2,-1.1223112259704604,-1.2956275005930644,-1.1540857469822015,-0.8159631449518845,2
456,Almond_Med,2018-07-20,Almond_High,Croplands,36.177669,-120.202644999999,7.0,9.5,8.91984241095848,29.948291666666663,2.537235177083333,1.0520072056041665,-0.3131070409358267,-0.9497178427914316,-2.268881157500038,0.1220455333768926,0.8948531369193237,-2.2688811575000383,2,-2.302033232029011,-2.3709255956311144,-2.133684644839989,-1.6835093688113736,2
457,Almond_Med,2018-07-21,Almond_High,Croplands,36.177669,-120.202644999999,6.8,8.0,8.548504528492078,29.042375000000003,1.8538213541666664,0.9852503684583336,-0.3294084822245302,-0.9441875088341994,-1.6818398063719464,0.01598967549190177,0.5851073629870014,-1.6818398063719462,2,-1.6680093577878494,-1.6993478934172035,-1.678162167910787,-1.3788232463275687,2
458,Almond_Med,2018-07-28,Almond_High,Croplands,36.177669,-120.202644999999,6.7,5.9,8.17689502919949,27.611875,2.17179400625,1.02838991225,-0.4405187843504952,-0.8977433935342336,-0.4241374166848651,0.16169632184199825,0.46823294217139705,-0.42413741668486504,2,-0.3231033641009561,-0.6106316126086553,-0.338677273344984,-0.0031723954814089337,2
459,Almond_Med,2018-07-29,Almond_High,Croplands,36.177669,-120.202644999999,6.2,5.6,7.127980187208923,28.894874999999995,2.459883595833334,1.2650766404374998,-0.455906693508459,-0.8900275764346766,-0.14869934711360125,0.17705645902830935,0.3600037695925781,-0.14869934711360133,2,0.028611656635787186,-0.32550015882201067,-0.14920953915458032,-0.011007314115163345,2
460,Almond_Med,2018-08-05,Almond_High,Croplands,36.177669,-120.202644999999,6.6,8.6,9.104777686677435,25.50825,2.1501594416666667,1.249291621875,-0.5595892624101763,-0.828770087174504,-1.8045021043206526,0.11189570443149197,0.7612735246457552,-1.8045021043206528,2,-1.8291757129353157,-1.9020018078268326,-1.6823287921998091,-1.7211890356951223,2
461,Almond_Med,2018-08-06,Almond_High,Croplands,36.177669,-120.202644999999,6.5,8.2,9.514537013480794,25.4320625,2.122511502083334,1.4908264660624997,-0.5737722679043243,-0.8190148866680802,-1.5883521817007455,0.05918581336739552,0.6407323551994788,-1.5883521817007455,2,-1.5398887310251874,-1.6543143631278545,-1.5708534509491952,-1.1386243173985753,2
462,Almond_Med,2018-08-13,Almond_High,Croplands,36.177669,-120.202644999999,6.0,3.9,8.533099108757382,27.384666666666675,2.3898292875,1.2167162369166664,-0.6680638642135333,-0.7441039398713608,0.5469002415155938,0.3398281023989378,0.7914968657246307,0.5469002415155937,2,0.6668778995452997,0.16335745971953447,0.8104653652819472,-0.06337433883882893,2
463,Almond_Med,2018-08-14,Almond_High,Croplands,36.177669,-120.202644999999,6.1,3.6000001000000004,9.686226935412948,26.356020833333343,2.0848133208333333,1.1901465503125,-0.6807734094770159,-0.7324940716135792,0.5794537603783663,0.4645200037096042,0.9254390847527801,0.5794537603783665,2,0.7311458983420822,0.058050786718364666,0.949164596074652,-0.057864593197107954,2
464,Almond_Med,2018-08-21,Almond_High,Croplands,36.177669,-120.202644999999,6.0,4.9,7.401536585480832,23.623666666666665,1.456832102083333,1.160925502979167,-0.7638886127905429,-0.64534811322955,-0.09333703340035947,0.19108648502792758,0.5636259184674052,-0.09333703340035937,2,-0.12453880403953543,-0.26690242914603846,0.1114301329844955,0.04136417770553718,2
465,Almond_Med,2018-08-22,Almond_High,Croplands,36.177669,-120.202644999999,5.8,4.3,7.685068174732176,23.273479166666664,1.2288003916666663,1.2382033044375,-0.7748840413670406,-0.6321034111873488,0.047555693826231336,0.29879228338664193,0.5840086690606265,0.04755569382623137,2,0.13933214107670805,-0.28635968374280396,0.2896946241447899,0.0120737721850832,2
466,Almond_Med,2018-08-29,Almond_High,Croplands,36.177669,-120.202644999999,5.4,4.6,5.6753569876813845,22.6834375,1.1780510020833332,1.082739604291667,-0.8452490573530634,-0.5343725582809785,-0.13838165825126558,0.08503442825766959,0.457910783783797,-0.13838165825126558,2,-0.09938423072915994,-0.2359204544962724,-0.07984028952836442,-0.03191581415669184,2
467,Almond_Med,2018-08-30,Almond_High,Croplands,36.177669,-120.202644999999,4.8,7.6,4.6423564738679035,21.488104166666663,1.0505953625,1.306714435125,-0.8543221697498269,-0.5197438121555157,-1.1188356508409054,0.07610313930398162,0.6845663143118212,-0.8035485985767128,2,-1.206710199179164,-1.075383791629863,-1.0744129617136895,-0.26484497506724997,2
468,Almond_Med,2018-09-06,Almond_High,Croplands,36.177669,-120.202644999999,5.1,2.3,2.7835803611017327,25.9923125,2.103266135416667,1.1907974528749998,-0.9106046300942162,-0.4132786077829044,0.4225778852455893,0.32684679883514844,1.1638151049122787,-0.42257788524558926,2,0.3958275641811837,0.1099282842166533,0.761977807338931,0.11418652299618982,2
469,Almond_Med,2018-09-07,Almond_High,Croplands,36.177669,-120.202644999999,5.1,2.1000001,3.1366303050185107,26.32247916666667,2.258310541666667,1.0187127846041666,-0.9175836260593934,-0.3975428142825566,0.47615457512907305,0.31761461108928907,1.2342232243640354,-0.476154575129073,2,0.46817806920010796,0.16260334599365328,0.797682310193458,0.010431728266192168,2
470,Almond_Med,2018-09-14,Almond_High,Croplands,36.177669,-120.202644999999,4.1,5.9,3.3752706537988653,20.00725,1.320067075,0.9015666611458336,-0.9587178169872964,-0.2843591872810036,-0.6304452322844408,0.23951535917710465,0.5356585520752655,0.6304452322844408,2,-0.8898872513649098,-0.4177484049818929,-0.58370004050652,0.028703818612619267,2
471,Almond_Med,2018-09-15,Almond_High,Croplands,36.177669,-120.202644999999,4.6,4.5,3.4846748078326124,20.3305,1.3743074875,1.2264388027083333,-0.9634705485641486,-0.2678143051621748,-0.4502311903664646,0.11279670358226386,0.5013539924275692,0.45023119036646464,2,-0.5532912111519617,-0.3297296610271626,-0.46767269892026947,0.013781290260357182,2
472,Almond_Med,2018-09-22,Almond_High,Croplands,36.177669,-120.202644999999,4.3,3.8,6.094367895817231,24.163958333333333,2.0591192416666675,1.0502104872083335,-0.9886775902323404,-0.1500553983446526,0.13360026659153482,0.04446260381791671,0.4966182215999176,0.1336002665915348,2,0.0935606197235071,0.12578947473803215,0.18145070531306523,-0.010640158550773812,2
473,Almond_Med,2018-09-23,Almond_High,Croplands,36.177669,-120.202644999999,4.9,3.6000001000000004,5.920124576990969,23.374250000000004,1.9672471166666663,1.0609334756041666,-0.9911140639934546,-0.1330147065341963,0.048174904903412086,0.12093061436581069,0.685542311491808,0.04817490490341214,2,-0.047257428293792245,0.007609047135239827,0.18417309586878866,0.015835015461979803,2
474,Almond_Med,2018-09-30,Almond_High,Croplands,36.177669,-120.202644999999,3.1,5.4,4.042045641620483,19.17633333333333,0.8319099041666668,0.7336046076458334,-0.999916658654738,-0.0129102960750088,-0.47084753262006934,0.1886831407145194,0.6935409636489862,-0.4708475326200694,2,-0.6471627356904872,-0.27184752284427266,-0.493532339325448,0.028358917720262593,2
475,Almond_Med,2018-10-01,Almond_High,Croplands,36.177669,-120.202644999999,3.8,5.5,5.09508630600874,21.166687499999995,1.2561565729166666,0.8617617282916665,-0.99999073973619,0.0043035382962438,-0.4384892541800715,0.26823117064939783,0.6338920767864457,-0.43848925418007156,2,-0.7158643811837057,-0.18044826551695145,-0.4191551158395573,0.07069313711586335,2
476,Almond_Med,2018-10-08,Almond_High,Croplands,36.177669,-120.202644999999,3.6,1.0,5.09413515128437,17.19147916666666,1.1272764208333337,0.978352937375,-0.9922222094179324,0.1244792638867886,0.017310867059319206,0.4371733743491005,1.2999369079785914,0.017310867059319168,2,0.08987457719866643,-0.45160413539724653,0.4136621593765377,0.022480199177214426,2
477,Almond_Med,2018-10-09,Almond_High,Croplands,36.177669,-120.202644999999,3.6,1.0,5.21299657145578,18.3914375,1.1648777916666668,1.1168726015,-0.989932495087353,0.141540295217043,0.07478106468804613,0.42379028867057406,1.2809536127805292,0.07478106468804624,2,0.14480035211817643,-0.37965817182218775,0.4592010137681497,0.022480199177214426,2
478,Almond_Med,2018-10-16,Almond_High,Croplands,36.177669,-120.202644999999,3.3,2.4,5.0733979313174835,16.55985208333333,1.2853339812500002,1.143198245125,-0.965739937654855,0.2595117970697994,-0.018229939669279178,0.23441779127920476,0.6696924660794069,-0.018229939669279105,2,0.11240547209505625,-0.2888583680261698,0.12176307692327604,0.016315430559629553,2
479,Almond_Med,2018-10-17,Almond_High,Croplands,36.177669,-120.202644999999,3.1,2.8,4.766306876705051,17.260700000000003,1.3218457395833334,1.1650638154166668,-0.9611297838723007,0.2760969730974688,0.030731459439636826,0.18773582734961938,0.49224187925601354,0.030731459439636843,2,0.21316151860777505,-0.16189459520866423,0.040927454919799655,0.016315430559629553,2
480,Almond_Med,2018-10-24,Almond_High,Croplands,36.177669,-120.202644999999,2.8,1.4,4.135084666599524,14.861122916666671,0.7358907437500001,0.8745950585000002,-0.9209712877166346,0.3896304495307877,0.19186281580760567,0.3123615448619431,0.9487814635342072,0.19186281580760567,2,0.3529346191432896,-0.16815768353277852,0.3908115118123059,0.04340581964400448,2
481,Almond_Med,2018-10-25,Almond_High,Croplands,36.177669,-120.202644999999,3.1,1.4,3.905481658727264,16.669575,0.8820387625,1.0458289605208333,-0.9141279881853336,0.4054257283599973,0.24317519716270208,0.3338476037668981,1.0611652414861683,0.24317519716270208,2,0.40726627875613763,-0.1409627305738758,0.4632220433058444,0.12849332772107974,2
482,Almond_Med,2018-11-02,Almond_High,Croplands,36.177669,-120.202644999999,2.5,2.7,3.5455970335025104,16.8620625,0.8631275791666666,1.064503406041667,-0.8498170915275277,0.5270777086423724,0.3750377871826045,0.18916623114990708,0.6056498739721817,0.3750377871826045,2,0.5886309399860651,0.22865160590701578,0.3078308156547327,0.016315430559629553,2
483,Almond_Med,2018-11-09,Almond_High,Croplands,36.177669,-120.202644999999,2.1,1.5,3.2349765145640466,11.096970833333332,0.7747670583333335,1.0870775193750004,-0.780295851070776,0.6254105729852457,0.1861412917814603,0.2331931033106424,0.6529062178607017,0.18614129178146033,2,0.28944341123397227,-0.08085954741789422,0.3498400115283028,0.016315430559629553,2
484,Almond_Med,2018-11-10,Almond_High,Croplands,36.177669,-120.202644999999,1.6,2.7,2.766299892682448,10.096941666666666,0.6670125145833334,1.0587175968333336,-0.7694148268839381,0.6387494220515268,0.1550645647203528,0.05296940371558582,0.49527694294479235,0.1550645647203528,2,0.19357215557964808,0.09465701108268051,0.17696452749872982,-0.007022253315276487,2
485,Almond_Med,2018-11-18,Almond_High,Croplands,36.177669,-120.202644999999,1.6,0.8,2.012244838100511,10.494745833333331,0.5421666791666667,0.9161203734375002,-0.6744436188329457,0.7383263540031063,0.3572496522438202,0.2246573124523808,0.7483027110256221,0.3572496522438202,2,0.4847610538647562,0.09785004051143026,0.4891378623552741,0.04848022317450916,2
486,Almond_Med,2018-11-25,Almond_High,Croplands,36.177669,-120.202644999999,0.9,1.5,1.576115237086417,13.40985,0.2287387916666667,0.7895155549166666,-0.5808002734538014,0.8140460935082175,0.6043513867765653,0.12621520214784707,0.6526525494970301,0.6043513867765653,2,0.7498488410051195,0.5243125730387121,0.5388927462858645,-0.03225070544088039,2
487,Almond_Med,2018-11-26,Almond_High,Croplands,36.177669,-120.202644999999,1.3,1.6,1.2453265040092518,12.60640416666667,0.3120938166666667,0.8882016457291667,-0.5667017562911184,0.8239230057575536,0.6676025203621386,0.13477566046590067,0.5403130905887139,-0.6676025203621386,2,0.8212664514240338,0.5694392193836949,0.6121018902786873,-0.2642680558179806,2
488,Almond_Med,2018-12-03,Almond_High,Croplands,36.177669,-120.202644999999,0.8,0.5,0.8982931202530874,8.309204166666664,0.1584242354166667,0.8175469025416667,-0.4635502709028512,0.8860706215341377,0.4975789343023913,0.035617156713719435,0.7407287647932898,-0.3009926937962166,2,0.528701487909933,0.45873414734488893,0.5053011676523521,0.0004606788927238885,2
489,Almond_Med,2018-12-11,Almond_High,Croplands,36.177669,-120.202644999999,0.6,2.3,0.768803124073105,9.298575000000003,0.2140363875,0.7355804750208333,-0.3375228995941134,0.941317317512847,0.37462606697844963,0.028221947798399684,0.5387400999126095,-0.03701981883223954,2,0.40573783817428466,0.36746789579155525,0.35067246696950904,-0.0054228828835663325,2
490,Almond_Med,2018-12-20,Almond_High,Croplands,36.177669,-120.202644999999,0.8,2.8,0.3288655111701439,8.673947916666664,0.2038919562500001,0.8997536808750001,-0.1882267098432439,0.9821256058680006,0.3069557065780048,0.015081494050830688,0.5537147815877802,-0.3069557065780048,2,0.3242105591562818,0.300366419067676,0.2962901415100566,-0.0054228828835663325,2
491,Almond_Med,2018-12-27,Almond_High,Croplands,36.177669,-120.202644999999,1.2,0.4,1.2248636054880695,7.623227083333332,0.4411086916666666,2.4753941836666677,-0.0688024268023206,0.9976303053065856,0.3013675394078487,0.06075103365187629,0.7749061382348248,-0.25164032843170964,2,0.37109785573659126,0.2731318856209951,0.25987287686595967,0.02514253929960311,2
492,Almond_Med,2018-12-28,Almond_High,Croplands,36.177669,-120.202644999999,1.0,1.1,0.9607500777339232,7.224847916666663,0.5356382958333333,2.207940114395833,-0.0516196672232541,0.998666816288476,0.3158653864077225,0.07742201425356758,0.47805293797553333,-0.3158653864077225,2,0.3908564822563877,0.23622224129633956,0.3205174356704402,-0.00590835052901868,2
541,BAR012,2017-05-20,BAR012,Croplands,38.751,-122.975,3.9,7.7000003,3.7755301476067937,17.924861111111113,1.685625,1.6750000000000005,0.6680638642135335,-0.7441039398713607,-0.5189364847256334,0.0866927133927083,0.6497341370183757,-0.269996779939221,1,-0.5516294574649916,-0.4206509740422125,-0.5845290226696959,-0.08543280234957581,2
542,BAR012,2017-06-05,BAR012,Croplands,38.751,-122.975,3.5,9.3,3.464920411083154,17.01972222222222,1.5947916666666664,1.6966666666666663,0.440518784350495,-0.8977433935342337,-0.6384920224483878,0.1578781969439648,0.9958031347119484,-0.5683328446146957,1,-0.6640971283976815,-0.7820026454451585,-0.469376293502323,-0.30214418731051756,2
543,BAR012,2017-06-13,BAR012,Croplands,38.751,-122.975,3.2,7.5,3.722202295083104,15.59111111111111,1.174791666666667,2.345833333333333,0.3131070409358269,-0.9497178427914316,-0.35872563349729125,0.22481576845454715,0.8211473001510801,-0.35872563349729125,1,-0.44323108652055815,-0.10390232799409585,-0.5290434859772197,-0.02888904180986705,2
544,BAR012,2017-06-21,BAR012,Croplands,38.751,-122.975,4.5,10.0,5.134927172678292,21.59944444444444,1.6716666666666669,1.49875,0.1797665857255624,-0.9837092937736096,-0.23649571176169437,0.02026841827315436,0.8290960998972501,-0.23649571176169437,1,-0.23911009688952178,-0.2553300812548328,-0.21504695714072847,-0.08335757079485652,2
545,BAR012,2017-07-07,BAR012,Croplands,38.751,-122.975,4.8,13.2,6.699811131550387,21.621111111111112,3.400833333333334,2.98375,-0.0945367498171993,-0.9955213724144752,-0.11031835764231551,0.514871109690663,1.9417272345009209,-0.11031835764231568,1,-0.09996133777940985,-0.6302898441175089,0.3992961089699722,0.012360805994167,2
546,BAR012,2017-07-15,BAR012,Croplands,38.751,-122.975,4.0,12.0,5.781000842509751,20.36986111111111,2.380833333333334,2.397083333333334,-0.2303056702306119,-0.973118337233262,-0.05169797638744796,0.3263989295167054,1.5844551157207547,-0.051697976387447886,1,-0.027983507653717543,-0.3893073852200547,0.26219696371142837,0.012360805994167,2
547,BAR012,2017-07-23,BAR012,Croplands,38.751,-122.975,4.0,9.5,4.307665041926838,19.405277777777773,1.7889583333333337,1.5466666666666666,-0.3617137307297674,-0.9322892131745134,-0.01860152492597607,0.17197420903206462,0.7827269401697782,-0.018601524925976054,1,-0.21538605754111279,0.0567253047981261,0.10285617796505847,-0.08248085123554584,2
548,BAR012,2017-07-31,BAR012,Croplands,38.751,-122.975,3.7,7.2000003,3.389404270907464,22.06333333333333,1.1408333333333334,1.535,-0.4862727071086902,-0.8738071036110807,-0.3504142618291736,0.10294839513110073,0.4426819926964141,0.270777196355899,1,-0.4453462930656996,-0.3649103648322883,-0.24098612758953292,0.01192766342158185,2
549,BAR012,2017-08-08,BAR012,Croplands,38.751,-122.975,3.6,7.2000003,2.8333872087353527,21.07083333333333,0.8266666666666665,1.5549999999999995,-0.6016240632249227,-0.7987793728863648,-0.2872151573703523,0.05586150387636409,0.5031999901431075,0.2872151573703523,1,-0.3517026107251294,-0.2562099318801354,-0.2537329295057921,-0.031805738044672335,2
550,BAR012,2017-08-16,BAR012,Croplands,38.751,-122.975,3.3,6.4,2.577509638832697,19.55125,0.7566666666666667,1.75625,-0.7055836101071774,-0.7086266782644601,-0.40297821792614036,0.04192663930414242,0.5544580446421704,0.40297821792614036,1,-0.44786369096627876,-0.39624579062683185,-0.3648251721853105,-0.040055115527095335,2
551,BAR012,2017-08-24,BAR012,Croplands,38.751,-122.975,2.9,6.5,2.6377860416190937,19.784166666666664,0.7700000000000001,1.366666666666667,-0.7961828637826154,-0.6050560696488494,-0.7362468020435853,0.15317991872128378,0.5525639335733661,-0.21181888528177284,1,-0.7907689762990848,-0.5632647936817903,-0.8547066361498807,-0.20843026728459588,2
552,BAR012,2017-09-01,BAR012,Croplands,38.751,-122.975,3.5,8.0,4.015303288998043,31.2675,3.5737500000000013,2.2045833333333333,-0.8717063187093218,-0.4900286664290594,-1.1634437297226778,0.1600930773245481,0.7166905731417572,-1.1634437297226778,1,-1.347444188788724,-1.0560270575112376,-1.0868599428680719,-0.7282115944037479,2
553,BAR012,2017-09-09,BAR012,Croplands,38.751,-122.975,3.1,7.7000003,2.8376559300800586,22.5925,0.9254166666666668,1.2866666666666666,-0.9307239310379792,-0.3657225234972692,-0.837293434794964,0.07247101554171408,0.7218706395079282,-0.31260529495508094,1,-0.8146765830554941,-0.7788278926917258,-0.9183758286376722,-0.23393174758288848,2
554,BAR012,2017-09-17,BAR012,Croplands,38.751,-122.975,2.2,7.7000003,2.35299140553555,19.0825,1.0395833333333333,2.017916666666667,-0.9721181966290612,-0.2344913895704105,-0.804691380618514,0.1604521986516955,0.730626552730199,-0.804691380618514,1,-0.6201001769969785,-0.8832220374120363,-0.910751927446527,-0.231120382179666,2
555,BAR012,2017-09-25,BAR012,Croplands,38.751,-122.975,2.5,7.2000003,2.723949027204783,22.93375,1.92375,2.57875,-0.9951053111006974,-0.0988201387328721,-0.848741921365033,0.07775721333551092,0.6306113002511594,-0.8487419213650331,1,-0.7591073323346775,-0.8980774636294635,-0.8890409681309577,-0.2205758536210845,2
556,BAR012,2017-10-03,BAR012,Croplands,38.751,-122.975,2.1,6.4,1.994809143016396,17.445416666666667,1.31125,2.20375,-0.9992500112396836,0.0387222808921739,-0.9851473973806093,0.20036653473865662,0.6778255442646263,-0.7747656834134009,1,-0.8026584330376387,-0.9532249941366153,-1.1995587649675739,-0.1863508486912668,2
557,BAR012,2017-10-11,BAR012,Croplands,38.751,-122.975,1.8,6.1,1.2735686075471198,12.29777777777778,1.1110416666666667,3.4637499999999988,-0.9844738167520924,0.1755314904214277,-0.8514465118882578,0.16615113748415278,0.9740380238098266,0.20141627301750276,1,-0.6606316316735233,-0.9641299933175038,-0.9295779106737461,0.09278685560268277,2
558,BAR012,2017-10-27,BAR012,Croplands,38.751,-122.975,1.0,6.0,0.6033662650357106,17.402638888888887,1.6264583333333336,1.6050000000000002,-0.8996308696522434,0.4366512319560638,-0.6187124735877814,0.35291073996181976,0.6041939840215422,0.17455499634079752,1,-0.3568807270955165,-0.479204433732637,-1.0200522599351907,0.08665907808647513,2
559,BAR012,2017-11-28,BAR012,Croplands,38.751,-122.975,0.5,1.8000001,0.8650574727999348,9.530694444444444,0.2766666666666667,2.7929166666666667,-0.5380051715382992,0.8429415373547832,0.22901046546115636,0.062975135322211,0.5361837846054642,0.22901046546115636,1,0.18704616590225792,0.30142330491855046,0.19856192556266078,-0.0054228828835663325,2
560,BAR012,2017-12-06,BAR012,Croplands,38.751,-122.975,0.8,2.0,0.937593279551298,8.037916666666666,0.5087500000000001,2.2470833333333333,-0.4171936026123169,0.9088176373395028,0.10161232437101118,0.09288723918018323,0.40119493552379437,0.10161232437101118,1,0.011827614995250257,0.19731873886766088,0.0956906192501224,-0.04567044700726411,2
561,BAR012,2017-12-14,BAR012,Croplands,38.751,-122.975,0.4,2.3,0.7076087862627247,9.05472222222222,0.43,1.7225,-0.2884824328806098,0.9574851883550388,0.17311690520639308,0.057426738467201366,0.40487824931899297,0.17311690520639308,1,0.2230975227698752,0.11038691317266841,0.18586627967663555,-0.057521202155399624,2
562,BAR012,2018-01-31,BAR012,Croplands,38.751,-122.975,1.1,3.2,1.635577001784808,11.091805555555556,0.6654166666666667,3.1,0.5086709438521044,0.8609610158889943,-0.3528464310614941,0.06286548379314691,0.512338309971351,-0.35284643106149405,1,-0.42511047794484724,-0.3226725699687993,-0.31075624527083584,-0.007022253315276487,2
563,BAR012,2018-02-08,BAR012,Croplands,38.751,-122.975,1.3,2.6000001,2.0642566148162858,13.015,0.815,2.324583333333333,0.6220467484408675,0.7829801036770629,-0.12457741954827452,0.15234969664566853,0.44263802619247317,-0.1245774195482745,1,-0.3004878157464004,-0.03518019159826724,-0.03806425130015595,0.03700435895876062,2
564,BAR012,2018-02-16,BAR012,Croplands,38.751,-122.975,1.3,3.7,1.7799427982732798,9.484444444444444,0.729375,2.4845833333333336,0.7236440382959124,0.6901733882429719,-0.5147318225103624,0.02641914149642722,0.4762910553747587,-0.5147318225103624,1,-0.5150341510131888,-0.540998502332899,-0.48816281418499935,-0.011147105099902643,2
565,BAR012,2018-03-04,BAR012,Croplands,38.751,-122.975,1.7,2.2,1.8523668027017433,5.970416666666665,0.2727083333333333,1.5970833333333336,0.8840675099433636,0.4673592171580022,-0.49985609462901476,0.12228383954583433,0.49807684007865616,-0.4998560946290147,1,-0.45959527116945903,-0.6371941724256511,-0.40277884029193406,0.01739919549585451,2
566,BAR012,2018-03-28,BAR012,Croplands,38.751,-122.975,2.5,5.5,3.2949196263228338,15.472361111111107,1.1856250000000002,2.994166666666667,0.9973249731081556,0.0730951298980777,-0.5209615884761424,0.12560938147853692,0.674609693959811,-0.5209615884761423,1,-0.6510045423175963,-0.511566897662135,-0.40031332544869586,0.01739919549585451,2
567,BAR012,2018-04-13,BAR012,Croplands,38.751,-122.975,3.2,5.2000003,3.2824021412956825,11.22291666666667,0.6739583333333335,3.6766666666666654,0.97961369164549,-0.200890555130635,-1.0660925464977085,0.06125783325957926,0.5701989229688756,-1.0660925464977085,1,-1.0220375537175044,-1.0401941590252197,-1.1360459267504013,0.30596474070967544,2
568,BAR012,2018-04-21,BAR012,Croplands,38.751,-122.975,3.7,7.1,3.819032693840823,15.275833333333331,1.2454166666666666,2.5662499999999997,0.9427611433904208,-0.3334687789181868,-0.7795009969857459,0.1990291875267437,0.9120101949088355,-0.7795009969857459,1,-0.5569706370933867,-0.8410389541843346,-0.9404933996795164,-0.18104522801606124,2
569,BAR012,2018-05-07,BAR012,Croplands,38.751,-122.975,3.2,6.9,3.1074909742876016,15.746944444444445,1.5275,3.1466666666666665,0.8165380514459161,-0.5772916165517272,-0.4955800456671753,0.02344643318294717,0.7966689012530231,-0.31056199424237807,1,-0.5176436773542203,-0.49813617840267765,-0.47096028124462797,-0.03864323327275047,2
570,BAR012,2018-05-31,BAR012,Croplands,38.751,-122.975,2.2,5.8,2.5152574084025097,12.687916666666665,0.820625,3.5700000000000007,0.5160623910158528,-0.8565509959010036,-0.20342942112028664,0.06743345592023808,0.6616457610902228,-0.2034294211202866,1,-0.2606524952050727,-0.22054982938488887,-0.12908593877089836,-0.02106874655695929,2
571,BAR012,2018-06-08,BAR012,Croplands,38.751,-122.975,3.9,8.3,4.147562284799665,16.769861111111116,1.561875,3.47625,0.3935902766564667,-0.9192859697186104,-0.31903097767073635,0.152294015384036,0.9687399668025216,-0.3190309776707363,1,-0.3242718769400157,-0.1641841608951512,-0.46863689517704227,-0.04473286703743824,2
572,BAR012,2018-06-16,BAR012,Croplands,38.751,-122.975,3.6,6.4,2.9240395039470912,13.867361111111109,0.5714583333333333,2.1129166666666666,0.263665492728007,-0.9646141756912436,-0.48597157014679127,0.1973505603093639,0.6969786421607471,0.48597157014679127,1,-0.5889451029037605,-0.2584320210067669,-0.6105375865298465,0.010699111524937726,2
573,BAR012,2018-06-24,BAR012,Croplands,38.751,-122.975,4.2,7.8,3.236709062531548,16.471527777777773,0.7908333333333335,2.307916666666667,0.1287481774525813,-0.99167731989929,0.11868001645947858,0.10549436816209815,0.6346617722392194,-0.11868001645947857,1,0.019783505416278935,0.2297210620748225,0.1065354818873343,-0.035705859876003894,2
574,BAR012,2018-07-02,BAR012,Croplands,38.751,-122.975,4.2,9.3,3.610083517197436,16.559027777777775,0.7366666666666667,1.7925000000000004,-0.008606996888688,-0.9999629591162656,0.11190720371458741,0.2534760529200561,0.7921791152974922,-0.1119072037145874,1,-0.060739391173727286,-0.0064521174463377795,0.4029131197638273,-0.01897430773335955,2
575,BAR012,2018-07-10,BAR012,Croplands,38.751,-122.975,4.3,9.6,4.420373217568313,19.959861111111113,2.105208333333333,3.103333333333333,-0.1457991969198744,-0.9893142039703664,0.017559090322557553,0.2554385049092281,0.9722512907867891,0.01755909032255755,1,-0.1757677553006841,-0.07869554683244895,0.3071405731008057,-0.01897430773335955,2
576,BAR012,2018-07-18,BAR012,Croplands,38.751,-122.975,3.9,11.6,3.5293723804923407,18.53736111111111,1.25375,1.7012500000000002,-0.2802306751992161,-0.9599326896597444,-0.14804215012610097,0.3454698792751225,1.4959533389236346,0.14804215012610097,1,-0.00030452019128451857,-0.5428153620909641,0.09899343190394577,0.012360805994167,2
577,BAR012,2018-07-26,BAR012,Croplands,38.751,-122.975,3.2,12.0,2.663372024078689,17.945972222222217,1.371875,1.6395833333333332,-0.4093559588156211,-0.9123747579707274,-0.483679143311941,0.5809216490097401,1.8163323454876477,0.483679143311941,1,-0.13756444204186702,-1.1543542412809544,-0.1591187466130017,0.021913378823193795,2
578,BAR012,2018-08-03,BAR012,Croplands,38.751,-122.975,4.1,10.0,3.0878564370272525,17.93305555555556,1.973125,2.2041666666666666,-0.5307300481619331,-0.8475409228928312,0.13074907803059854,0.29541063771281684,1.070589281279015,-0.13074907803059865,1,-0.019897067264688206,-0.05896888209715051,0.47111318345363434,0.114579592351226,2
579,BAR012,2018-08-11,BAR012,Croplands,38.751,-122.975,3.6,9.3,3.699944681105309,20.122916666666665,2.4850000000000003,2.5291666666666672,-0.6420547132365636,-0.7666588193001592,-0.1538378607421688,0.2603727981222997,1.0995794000124017,-0.15383786074216876,1,-0.23860401468760378,-0.3612647482644849,0.13835518072558228,0.114579592351226,2
580,BAR012,2018-08-27,BAR012,Croplands,38.751,-122.975,3.0,5.1,1.7340659083145455,14.795138888888886,0.4922916666666666,1.600833333333333,-0.8263541987239095,-0.5631507242749187,-0.6848796413305599,0.027679369903151473,0.46432442735168744,0.6848796413305599,1,-0.7166127077623392,-0.6657105501117431,-0.6723156661175974,0.09475420405608266,2
581,BAR012,2018-09-04,BAR012,Croplands,38.751,-122.975,3.3,6.4,1.7804879826253277,15.308750000000002,0.73,1.51625,-0.8958392907349089,-0.4443781781046134,-0.45422369475384233,0.1835697535348385,0.5970903679429893,0.4542236947538423,1,-0.5426387851400707,-0.24317810456847333,-0.576854194552983,-0.011722550672684115,2
582,BAR012,2018-09-12,BAR012,Croplands,38.751,-122.975,2.2,5.4,1.8690471615454411,14.785416666666668,1.0158333333333331,3.2470833333333338,-0.9483615800121716,-0.3171912885891059,-0.8152110586144813,0.06321814397057045,0.6645876204221138,-0.15330538170536323,1,-0.8819156849882155,-0.7561798953299333,-0.8075375955252947,0.1411233589381061,2
583,BAR012,2018-09-20,BAR012,Croplands,38.751,-122.975,2.8,8.2,2.2820076187419267,16.49263888888889,2.0112499999999995,2.18125,-0.9829265519799822,-0.1839983516576798,-0.5333732772222423,0.23067611183936518,1.0886418797143538,0.502611485293904,1,-0.2709703705263019,-0.7041980127597095,-0.6249514483807155,0.024519253114842245,2
584,BAR012,2018-09-28,BAR012,Croplands,38.751,-122.975,2.6,4.9,1.207502081866118,13.847361111111114,0.4741666666666666,1.5599999999999998,-0.9988797155850336,-0.0473213883224323,-0.8842753909450586,0.1619242402364456,0.4442328493420981,0.8842753909450586,1,-0.9312089562337602,-0.7040687285217615,-1.0175484880796541,0.2113788209218722,2
585,BAR012,2018-10-06,BAR012,Croplands,38.751,-122.975,2.6,5.0,2.8367195744277502,15.442222222222226,0.7297916666666664,3.0375,-0.9959189961471792,0.0902516100310407,-0.9715878892162012,0.12861365574232955,0.6203338012202302,-0.9715878892162011,1,-0.9544221833216155,-0.8524191224114852,-1.1079223619155032,0.21424729150798819,2
586,BAR012,2018-10-14,BAR012,Croplands,38.751,-122.975,2.7,4.2000003,1.7693943909842649,13.578194444444444,1.2445833333333336,1.3566666666666665,-0.9741004551724206,0.226115685508288,-0.5820722007319451,0.11434184326813517,0.4088158760407035,0.5820722007319451,1,-0.6784255581760896,-0.45572212497555253,-0.612068919044193,-0.02643908314971834,2
587,BAR012,2018-10-30,BAR012,Croplands,38.751,-122.975,1.4,5.6,0.8572753983766659,12.89555555555556,1.0533333333333337,3.2704166666666663,-0.8758917051442433,0.4825077417612176,-0.8001405840112564,0.18312738388839828,0.7827402977828093,0.2853086192354116,1,-0.5887829087830516,-0.9114397927345768,-0.9001990505161408,0.22605359796826024,2
588,BAR012,2018-11-07,BAR012,Croplands,38.751,-122.975,0.9,5.4,0.703346397314843,12.144166666666663,1.304375,2.1562500000000004,-0.8013610881746769,0.5981809144059159,-0.4969020290961901,0.23558267922256512,0.53239234413062,-0.10359482372587614,1,-0.3260025578472647,-0.39906448530713123,-0.7656390441341743,0.022909681970844926,2
627,Ellendale,2018-09-19,Ellendale,Croplands,29.633321,-90.827662,3.0,4.5,4.0466768052087065,29.7998925,0.6622369166666667,1.1898928541666671,-0.97961369164549,-0.2008905551306352,-0.004442623283849867,0.36708505177045053,0.7586846353840476,-0.0044426232838499224,0,0.10046580080930029,-0.41256114637249897,0.2987674757116491,0.023928601476106124,2
628,Ellendale,2018-10-13,Ellendale,Croplands,29.633321,-90.827662,0.8,4.1,2.129380187623018,24.141555416666662,1.2928547979166665,1.7125467166666668,-0.9778483415056568,0.2093146459630488,-0.10184246361545596,0.08827254974931327,0.3659336527565992,-0.10184246361545601,0,-0.04998279660095617,-0.20376554841585615,-0.05177904582955556,-0.04567044700726411,2
629,Ellendale,2018-10-29,Ellendale,Croplands,29.633321,-90.827662,1.1,3.4,2.7238768197055228,25.42515437500001,1.1496543937500003,1.3747872791666664,-0.8840675099433637,0.467359217158002,0.08965955419835463,0.1685315434216591,0.5500460889116979,0.0896595541983547,0,0.008152100490400022,-0.022623584998371027,0.2834501471030349,0.016315430559629553,2
630,Ellendale,2018-11-06,Ellendale,Croplands,29.633321,-90.827662,1.0,2.3,2.73223019433804,27.948690000000003,0.7445188374999999,1.7154910833333332,-0.8115390590073611,0.5842981736283683,0.3922698161740976,0.30806966160037674,0.9274312014300989,0.3922698161740976,0,0.33844969695700056,0.11465653928088687,0.7237032122844055,0.04180627724507512,2
631,Ellendale,2018-11-30,Ellendale,Croplands,29.633321,-90.827662,1.0,3.5,2.3501537289531105,24.49742687499999,0.7294421041666667,4.069403895833332,-0.5086709438521042,0.8609610158889945,0.4435551625111012,0.08955748086687879,1.071977244310034,0.44355516251110116,0,0.5449524154460549,0.4104488696624239,0.37526420242482506,0.15322569195586533,2
655,RIP760,2017-05-22,RIP760,Croplands,36.839,-120.21,5.8,7.9,5.891165505190557,20.35958333333333,2.21375,1.7512500000000004,0.6420547132365637,-0.766658819300159,-1.6959114167085427,0.16920446801005512,0.6238006768256893,-1.6959114167085427,2,-1.8767589129675486,-1.5414502629694868,-1.6695250741885925,-1.3175488052660307,2
656,RIP760,2017-05-23,RIP760,Croplands,36.839,-120.21,5.7,8.3,6.902436520432134,21.425,2.1454166666666663,1.9779166666666663,0.6287628145958344,-0.777597146973627,-1.5045274733456246,0.14228160647131458,0.6842616479727704,-1.5045274733456244,2,-1.6632700720547628,-1.3884867581740536,-1.461825589808058,-1.0850581070281755,2
657,RIP760,2017-05-30,RIP760,Croplands,36.839,-120.21,5.6,7.6,5.439920141804992,17.104722222222225,1.356666666666667,2.9029166666666675,0.5307300481619334,-0.8475409228928311,-1.914227744179895,0.2421813223914653,0.8218249637611319,-1.5940680277898789,2,-2.174821973351798,-1.6960683583564826,-1.8717929008314043,-1.3230815305826444,2
658,RIP760,2017-06-07,RIP760,Croplands,36.839,-120.21,5.5,7.9,6.507912709774816,17.880000000000006,1.8525,2.6958333333333333,0.4093559588156213,-0.9123747579707272,-1.816138160958794,0.2125938656944698,0.7901701057406252,-1.8161381609587943,2,-2.0475138962455834,-1.6294214008047354,-1.7714791858260637,-1.4205696405560957,2
659,RIP760,2017-06-08,RIP760,Croplands,36.839,-120.21,3.5,5.5,5.161662804463249,16.164861111111108,1.2241666666666666,2.490833333333333,0.3935902766564667,-0.9192859697186104,-0.06445718935721786,0.20086735821950827,0.5139673054862743,-0.06445718935721789,2,-0.08533372663107039,0.14603313061054163,-0.25407097205112483,0.016315430559629553,2
660,RIP760,2017-06-15,RIP760,Croplands,36.839,-120.21,6.4,9.1,6.646356805924925,18.772916666666664,1.7333333333333327,2.7570833333333336,0.2802306751992158,-0.9599326896597448,-2.4825280168355737,0.32475005061562606,1.046057001790789,-2.4825280168355737,2,-2.7915077563613857,-2.144023919914079,-2.512052374231257,-1.2290446646771616,2
661,RIP760,2017-06-16,RIP760,Croplands,36.839,-120.21,5.8,9.1,5.9487903536487465,21.79958333333333,1.7262500000000005,2.462916666666667,0.263665492728007,-0.9646141756912436,-1.638205088278258,0.22776480508053404,0.8194346668730514,-1.638205088278258,2,-1.84183349161944,-1.3922436998577539,-1.6805380733575799,-0.9476994414574899,2
662,RIP760,2017-06-23,RIP760,Croplands,36.839,-120.21,6.3,8.7,7.565450213249877,24.144444444444453,2.161666666666666,2.287083333333334,0.1457991969198751,-0.9893142039703664,-1.74466407563305,0.2975305813427684,0.5462979154546311,-1.7446640756330503,2,-2.056292783304821,-1.4635895595336494,-1.7141098840606794,-1.3888370285007845,2
663,RIP760,2017-07-01,RIP760,Croplands,36.839,-120.21,6.0,7.8,6.563581495761291,18.812083333333337,1.4887500000000002,2.5245833333333336,0.0086069968886886,-0.9999629591162656,-1.990104134629388,0.15305557727547575,0.7949082816660573,-1.9901041346293882,2,-2.1392697005669676,-1.833434597619399,-1.9976081057017967,-1.8093010248516779,2
664,RIP760,2017-07-02,RIP760,Croplands,36.839,-120.21,5.6,7.7000003,5.997392501953143,20.122361111111108,1.6570833333333337,1.592083333333333,-0.008606996888688,-0.9999629591162656,-1.6108704640118872,0.1527995350919517,0.6758226968944366,-1.610870464011887,2,-1.7767196768639983,-1.5800824749633324,-1.4758092402083307,-1.0773898788856233,2
665,RIP760,2017-07-09,RIP760,Croplands,36.839,-120.21,5.7,9.8,7.475757971911409,22.72486111111111,2.5391666666666666,1.7929166666666667,-0.1287481774525806,-0.99167731989929,-1.7171382736842293,0.06519235607296026,0.89457640210992,-1.7171382736842293,2,-1.7097713343868803,-1.7857011656822555,-1.6559423209835527,-1.492443498564601,2
666,RIP760,2017-07-10,RIP760,Croplands,36.839,-120.21,5.7,9.0,6.853804009082904,22.86208333333333,2.395,1.4775,-0.1457991969198744,-0.9893142039703664,-1.679540731073505,0.15265713667008476,0.8088350165407338,-1.679540731073505,2,-1.6937477418036724,-1.8245977396760522,-1.5202767117407903,-1.4001167558886076,2
667,RIP760,2017-07-17,RIP760,Croplands,36.839,-120.21,6.4,11.1,7.910234279493968,22.25083333333333,2.8225,2.2979166666666666,-0.2636654927280072,-0.9646141756912436,-2.2721964915900643,0.09724337173700451,1.2745894238551112,-2.2721964915900643,2,-2.1826802677856554,-2.2582484913434433,-2.3756607156410943,-1.6476259487310945,2
668,RIP760,2017-07-18,RIP760,Croplands,36.839,-120.21,6.5,9.8,8.352542271372505,20.733888888888885,2.775833333333334,3.3541666666666665,-0.2802306751992161,-0.9599326896597444,-2.6239464982846212,0.16348793534480355,1.0243932175714192,-2.623946498284621,2,-2.6098843920141976,-2.4679438190858893,-2.7940112837537776,-1.7215159039801897,2
669,RIP760,2017-07-25,RIP760,Croplands,36.839,-120.21,5.7,7.3,5.2412262269848044,20.676527777777785,1.7550000000000006,1.6283333333333336,-0.3935902766564664,-0.9192859697186104,-1.3077737101107578,0.11172538091779835,0.577438155937801,-0.39022616408036637,2,-1.3273373886014141,-1.4084251430444374,-1.1875585986864219,-1.0382213706456136,2
670,RIP760,2017-08-10,RIP760,Croplands,36.839,-120.21,4.9,8.5,5.743888189442665,21.48375,1.4195833333333332,2.192916666666666,-0.6287628145958345,-0.7775971469736268,-1.1594962389515995,0.1411380339371305,0.8882513076523649,-1.1594962389515997,2,-1.0706383951007683,-1.3222389695101353,-1.085611352243895,-0.8145969256008281,2
671,RIP760,2017-08-18,RIP760,Croplands,36.839,-120.21,5.6,7.8,5.565787531037081,22.05611111111111,1.695833333333333,1.725833333333333,-0.7295575540864876,-0.6839194216246105,-1.3740352841990477,0.13523378586988619,0.7237202131834124,-1.305610346273211,2,-1.340997001482674,-1.5227267779879416,-1.2583820731265283,-1.1059076180173804,2
672,RIP760,2017-08-19,RIP760,Croplands,36.839,-120.21,5.4,7.9,5.713513400975058,21.804027777777772,1.67125,1.90125,-0.7412220108485957,-0.6712599575675315,-1.3503803300735473,0.17303052746902015,0.7790630869847887,-1.3503803300735473,2,-1.2382588062019373,-1.5496581871821644,-1.2632239968365402,-1.1796239813182106,2
673,RIP760,2017-08-26,RIP760,Croplands,36.839,-120.21,5.5,7.4,5.781476742255497,22.511527777777772,1.9516666666666664,1.8108333333333333,-0.8165380514459157,-0.5772916165517278,-1.3283594904962481,0.008416445342733454,0.6355410795908257,-1.3283594904962481,2,-1.3190510525178494,-1.3305947657058306,-1.3354326532650644,-1.1802787953054032,2
674,RIP760,2017-08-27,RIP760,Croplands,36.839,-120.21,5.2,7.7000003,4.591917334296742,23.35805555555556,2.0075000000000007,1.3441666666666665,-0.8263541987239095,-0.5631507242749187,-1.2669401934031526,0.06068726031069201,0.7027768685203664,-0.050774861996635945,2,-1.3331727844546182,-1.2536450097527578,-1.2140027860020814,-0.6530096979469974,2
675,RIP760,2017-09-03,RIP760,Croplands,36.839,-120.21,4.7,6.3,4.470103626012962,25.39333333333333,2.384583333333333,1.6304166666666668,-0.888057322629493,-0.4597327394521046,-0.8260069816201955,0.10877589790309279,0.4647919436891785,-0.3662142336461197,2,-0.8715908205773522,-0.7018553996319675,-0.9045747246512668,-0.18360546314261836,2
676,RIP760,2017-09-04,RIP760,Croplands,36.839,-120.21,3.6,8.5,4.311033975671486,25.211111111111126,2.014583333333333,1.9566666666666663,-0.8958392907349089,-0.4443781781046134,-1.049677999953837,0.09737025312738433,0.8941697183828043,-1.049677999953837,2,-0.9479026729878538,-1.141945650263993,-1.0591856766096641,-0.3777087098189026,2
677,RIP760,2017-09-12,RIP760,Croplands,36.839,-120.21,4.6,5.5,5.351202495306459,22.351388888888888,1.3045833333333334,1.632083333333333,-0.9483615800121716,-0.3171912885891059,-0.6674689331037627,0.06802072526183683,0.4711607225981938,-0.6674689331037627,2,-0.6689416230619991,-0.5987238206504322,-0.7347413555988567,0.010292895215264684,2
678,RIP760,2017-09-19,RIP760,Croplands,36.839,-120.21,4.4,5.0,4.857122876473769,14.87027777777778,1.011666666666667,3.026250000000001,-0.97961369164549,-0.2008905551306352,-1.5846233370850829,0.05885829392745373,0.6690535467891169,-1.584623337085083,2,-1.5233335070865759,-1.640703784673927,-1.589832719494745,-0.1251100323203437,2
679,RIP760,2017-09-20,RIP760,Croplands,36.839,-120.21,4.7,5.2000003,4.346394985312012,16.40611111111111,0.96,2.3833333333333337,-0.9829265519799822,-0.1839983516576798,-1.4512872473758038,0.06389629000842047,0.7782378174815193,-0.7440772179998267,2,-1.3817681096601222,-1.4646446435567582,-1.5074489889105307,-0.1343239523597286,2
680,RIP760,2017-10-05,RIP760,Croplands,36.839,-120.21,3.8,5.8,3.1507361398162685,12.841805555555556,1.09875,1.4958333333333331,-0.9973249731081556,0.0730951298980777,-1.2284090712300744,0.22674256812996574,0.9352559486846751,0.07011864913738819,2,-1.4900165850979876,-1.0884771316698036,-1.1067334969224318,0.3078367930452926,2
681,RIP760,2017-10-06,RIP760,Croplands,36.839,-120.21,3.6,4.6,2.9473217444152415,13.484444444444447,1.1933333333333334,1.1429166666666666,-0.9959189961471792,0.0902516100310407,-0.7285278351968237,0.12339446678391336,0.7111936769047669,0.5768286759726934,2,-0.8708467404455089,-0.6633006114536116,-0.6514361536913506,0.11996840365917408,2
682,RIP760,2017-10-13,RIP760,Croplands,36.839,-120.21,2.9,5.5,1.9351055750202144,10.546527777777776,0.9583333333333334,1.51375,-0.9778483415056568,0.2093146459630488,-0.9627218059154186,0.20073769995392512,0.9106915444544305,0.9627218059154186,2,-1.161299657755013,-0.7598918168763393,-0.9669739431149035,0.27595125805005555,2
683,RIP760,2017-11-14,RIP760,Croplands,36.839,-120.21,1.5,2.4,1.2115097294073556,12.724444444444444,0.4791666666666668,1.6854166666666666,-0.7236440382959123,0.690173388242972,0.19819966344482687,0.024740417610707412,0.45492931099008976,-0.19819966344482687,2,0.17456427609432373,0.2239139254787042,0.19612078876145267,0.01366667508385458,2
684,RIP760,2017-11-15,RIP760,Croplands,36.839,-120.21,1.2,2.2,0.6100716216121393,12.613472222222226,0.475,1.6475000000000002,-0.7116566222817751,0.7025274741691566,0.19224424460529163,0.050154281366303254,0.4554085525491024,-0.19224424460529166,2,0.14552806640285276,0.24524438086909406,0.18596028654392804,0.01366667508385458,2
685,RIP760,2017-12-16,RIP760,Croplands,36.839,-120.21,0.8,3.4,0.4526133942942124,8.067083333333334,0.5291666666666668,2.567916666666666,-0.2553532951161881,0.9668478136052772,-0.13940400985985,0.05302760489149033,0.6283041078159147,0.13940400985985,2,-0.0848237396307395,-0.19072896256921892,-0.14265932737959158,-0.0054228828835663325,2
686,RIP760,2017-12-17,RIP760,Croplands,36.839,-120.21,0.4,1.7,0.3216881389211738,5.419305555555553,0.4316666666666667,1.0929166666666668,-0.2386727660059499,0.9711000518829505,0.2399041155922869,0.12713521366374986,0.4072555126773384,-0.23990411559228692,2,0.33511507832470505,0.2890690686831055,0.09552819976905014,-0.041985712108138395,2
687,RIP760,2018-02-11,RIP760,Croplands,36.839,-120.21,1.5,2.8,0.7980195963103474,8.93652777777778,0.7529166666666666,2.080833333333333,0.6616346182422783,0.7498264012045686,-0.19170115113089756,0.05787660381640178,0.3491869149815622,0.19170115113089758,2,-0.18712626525921877,-0.13624775857081975,-0.2517294295626541,-0.05912057258710978,2
688,RIP760,2018-02-18,RIP760,Croplands,36.839,-120.21,1.8,3.4,1.5332217552197458,8.501388888888886,0.5027083333333333,4.035000000000001,0.7469720876965552,0.6648553979642865,-0.5156368275833042,0.057263555607766047,0.5851475351747663,0.017919661977204293,2,-0.4847179538115225,-0.5817137736370431,-0.4804787553013469,0.0050801954780497855,2
689,RIP760,2018-02-19,RIP760,Croplands,36.839,-120.21,1.3,2.5,1.0652229110929876,4.827361111111111,0.4147916666666666,2.9487500000000004,0.7583058084785625,0.6518989958787126,-0.27180303640355036,0.15885056423379945,0.5046043437468019,0.1977511414104745,2,-0.13005217111599857,-0.44349275821344203,-0.2418641798812104,0.016315430559629553,2
690,RIP760,2018-03-15,RIP760,Croplands,36.839,-120.21,1.8,3.1000001,2.2744606123970224,9.60277777777778,0.4862500000000001,2.04125,0.9562348265919056,0.2926003356333483,0.009845981986451183,0.03239915114701254,0.3115917984130906,0.009845981986451202,2,-0.023072496522409724,0.010910893566598134,0.04169954891516514,-0.05912057258710978,2
691,RIP760,2018-03-23,RIP760,Croplands,36.839,-120.21,1.8,3.1000001,2.799131260597437,8.92513888888889,0.3824999999999999,2.1775,0.9873494423939864,0.1585593851031347,0.08653644155019813,0.050747361368545046,0.3636455174683736,0.08653644155019813,2,0.028369117765722318,0.12176148103086548,0.10947872585400661,-0.05912057258710978,2
692,RIP760,2018-03-31,RIP760,Croplands,36.839,-120.21,3.4,5.0,2.409303596016352,16.050833333333333,0.7160416666666668,1.424583333333333,0.9997685019798908,0.0215160974362222,-0.5826028700730509,0.05448411864600584,0.5819362796707507,0.5826028700730509,2,-0.5320924723395832,-0.5753766284662278,-0.6403395094133416,0.03013810102871443,2
693,RIP760,2018-04-23,RIP760,Croplands,36.839,-120.21,4.6,6.1,3.714019066082072,17.877361111111114,1.2145833333333336,1.49875,0.9307239310379796,-0.3657225234972689,-0.9606297697313071,0.0853895173702259,0.5479023298803261,0.8113320981045478,2,-0.8890749826009334,-1.055154963304369,-0.9376593632886189,0.04895978312339237,2
694,RIP760,2018-04-24,RIP760,Croplands,36.839,-120.21,4.5,6.5,3.369913181977149,17.47277777777778,1.3358333333333334,2.012083333333333,0.9242907221930934,-0.3816892202666588,-0.9589212219395034,0.09065218007455772,0.6129295077902734,0.9589212219395034,2,-0.985917573787248,-1.033008521366597,-0.8578375706646655,-0.22103022916230086,2
695,RIP760,2018-05-02,RIP760,Croplands,36.839,-120.21,4.0,5.7000003,2.9482455774529774,13.574861111111112,0.7702083333333333,2.043333333333333,0.8631421280499114,-0.5049610547215204,-1.0497307034671577,0.10497072460637528,0.476404659348362,1.0497307034671577,2,-1.166743095325666,-1.0186093233680433,-0.9638396917077638,0.33132943995500724,2
696,RIP760,2018-05-09,RIP760,Croplands,36.839,-120.21,5.3,7.3,4.897767851236897,17.022638888888892,1.2675,3.331666666666667,0.7961828637826158,-0.6050560696488488,-1.6427340184004706,0.1197904725607959,0.8408618016956044,-0.8382697208742649,2,-1.7419097048016021,-1.5096423145916247,-1.6766500358081857,-1.1701683447381745,2
697,RIP760,2018-05-10,RIP760,Croplands,36.839,-120.21,5.7,7.4,4.27224874726765,15.692916666666669,1.18375,2.277083333333334,0.7856498550787145,-0.6186714032625031,-2.2024332778896576,0.07506137522922787,0.8699866956464881,0.6530692275750432,2,-2.2888900451805023,-2.153901066049855,-2.1645087224386157,-1.0536042493971802,2
698,RIP760,2018-05-17,RIP760,Croplands,36.839,-120.21,6.0,7.0,4.149567452086818,15.05388888888889,0.9214583333333332,2.501666666666667,0.705583610107178,-0.7086266782644596,-2.628476837477956,0.14994737593350427,0.889264389196623,1.0723882583484081,2,-2.64851268375526,-2.4695188619782686,-2.7673989667003385,-0.3535582555939091,2
699,RIP760,2018-05-18,RIP760,Croplands,36.839,-120.21,5.7,7.1,4.469912965939868,16.660833333333333,0.964375,2.224166666666666,0.6932812268869777,-0.7206671495538609,-2.1191470914083976,0.05074917433590245,0.6971234525464844,0.3410269767118659,2,-2.1379519881865,-2.0616794727954773,-2.1578098132432153,-0.5502976065181331,2
700,RIP760,2018-06-02,RIP760,Croplands,36.839,-120.21,6.1,8.2,5.1627670256283285,19.216111111111108,1.566041666666666,1.086666666666667,0.48627270710869,-0.8738071036110808,-2.039403234502268,0.2624781701521148,1.0121826467073536,-0.16493728575892552,2,-2.3361237944307467,-1.837540881744538,-1.9445450273315181,-1.4376414557020312,2
701,RIP760,2018-06-03,RIP760,Croplands,36.839,-120.21,6.7,9.2,4.7480565263093055,21.45944444444445,2.124791666666667,1.3854166666666667,0.4711595076738638,-0.8820480249558537,-2.3624639482152174,0.2797011322651188,1.1071130343958813,1.5414229991661719,2,-2.6659864615971607,-2.115108307310943,-2.3062970757375485,-1.0529359230710071,2
702,RIP760,2018-06-10,RIP760,Croplands,36.839,-120.21,6.8,9.0,4.957015926460714,14.47736111111111,1.4845833333333331,3.4266666666666663,0.3617137307297676,-0.9322892131745132,-3.51299142506295,0.3149969972069337,1.4166060371103388,0.1729767220156222,2,-3.771514595978933,-3.162150427600946,-3.6053092516089715,-1.1551547094280663,2
703,RIP760,2018-06-11,RIP760,Croplands,36.839,-120.21,5.9,8.8,5.035503218996769,16.918611111111108,1.4785416666666666,2.38375,0.3456123126707335,-0.938377391740864,-2.375975447553972,0.210375628924824,1.122491127562602,-0.6469818855475085,2,-2.606350379568458,-2.194053820354683,-2.3275221427387747,-1.0983551988847484,2
704,RIP760,2018-06-18,RIP760,Croplands,36.839,-120.21,5.0,8.2,4.958112498204586,17.771527777777774,1.2666666666666666,2.199583333333333,0.2303056702306122,-0.973118337233262,-1.5056598331854165,0.09630412428135132,0.8257104990688546,-1.4218848295945883,2,-1.5865500831373354,-1.5312984425972405,-1.3991309738216744,-0.9888288345846886,2
705,RIP760,2018-06-19,RIP760,Croplands,36.839,-120.21,5.4,8.900001,5.367157228405929,19.692083333333333,1.6102083333333337,1.9766666666666672,0.2135209154397961,-0.9769384927771816,-1.6480692652111193,0.087519481930392,0.9614825644708354,-1.5823837220229757,2,-1.7491272453415723,-1.5971892675548915,-1.597891282736894,-1.2177569109494077,2
706,RIP760,2018-06-26,RIP760,Croplands,36.839,-120.21,5.6,9.7,6.13230573045689,19.656111111111112,1.9027083333333337,1.60875,0.0945367498171991,-0.9955213724144752,-1.8833558305081286,0.040621872259626546,1.1729224114638832,-1.8833558305081288,2,-1.9225759384865369,-1.8860274697557253,-1.8414640832821232,-1.2737169475950452,2
707,RIP760,2018-07-04,RIP760,Croplands,36.839,-120.21,5.4,7.2000003,5.283817820110031,18.76736111111111,1.2783333333333335,1.842083333333333,-0.0430222330045303,-0.99907411510223,-1.5162692926537995,0.07063703512868084,0.6147423948420088,-1.2839049328738616,2,-1.5949040485714998,-1.4957141667744114,-1.4581896626154875,-1.0861675644804174,2
708,RIP760,2018-07-05,RIP760,Croplands,36.839,-120.21,5.6,7.5,5.2660351712020494,20.109861111111115,1.495208333333333,2.00125,-0.0602132773657927,-0.9981855344718586,-1.5240549007809268,0.10044504509522342,0.5965897301008367,-0.8561252431850264,2,-1.6311594135496092,-1.5090470939661258,-1.4319581948270454,-1.0548142317790172,2
709,RIP760,2018-07-12,RIP760,Croplands,36.839,-120.21,5.4,7.3,5.166702558970631,22.66861111111111,2.351875,1.5025000000000004,-0.1797665857255621,-0.9837092937736098,-1.1381256634860815,0.05200524062841153,0.5257192669391441,-0.6715307814273419,2,-1.18091777899252,-1.1532148245300917,-1.0802443869356328,-0.8417084551935143,2
710,RIP760,2018-07-13,RIP760,Croplands,36.839,-120.21,5.7,8.6,6.195749853125856,23.02541666666667,2.273333333333333,2.310416666666667,-0.1966728897935762,-0.980469160361632,-1.3087871962634972,0.07001537760475636,0.5568386204118458,-1.3087871962634972,2,-1.3872380921619496,-1.252642948100182,-1.2864805485283601,-1.1404137834626638,2
711,RIP760,2018-07-20,RIP760,Croplands,36.839,-120.21,5.4,8.6,6.206974937736821,22.926944444444448,2.209583333333333,2.0970833333333334,-0.3131070409358267,-0.9497178427914316,-1.2118745272958742,0.0895760598086952,0.6434327495961485,-1.2118745272958744,2,-1.1658751629535755,-1.3151045924333866,-1.1546438265006604,-0.9554020049366734,2
712,RIP760,2018-07-21,RIP760,Croplands,36.839,-120.21,5.5,8.0,6.549454052062725,23.49347222222222,1.8685416666666663,2.212083333333333,-0.3294084822245302,-0.9441875088341994,-1.0064965712796428,0.025322151667391584,0.5663078669042944,-1.0064965712796425,2,-1.0269833643695316,-0.9781858050662756,-1.0143205444031214,-0.575196990762661,2
713,RIP760,2018-07-28,RIP760,Croplands,36.839,-120.21,5.2,10.400001,4.947212672627981,21.50277777777778,1.648125,1.5949999999999998,-0.4405187843504952,-0.8977433935342336,-1.625794249037427,0.2145106153414866,1.330694581562613,-1.1202195942933892,2,-1.492250059122857,-1.8732297495289518,-1.5119029384604725,-0.7416555291253091,2
714,RIP760,2018-07-29,RIP760,Croplands,36.839,-120.21,5.7,10.6,5.052468950424767,21.87805555555556,1.9527083333333335,1.895833333333333,-0.455906693508459,-0.8900275764346766,-1.8681962233657412,0.18181072486904012,1.258691661272307,-0.5731341242152741,2,-1.7306327270817972,-2.0743182534537206,-1.7996376895617059,-1.454189817343449,2
715,RIP760,2018-08-05,RIP760,Croplands,36.839,-120.21,5.2,9.900001,4.3553253900523226,19.25291666666666,2.0968749999999994,2.4266666666666667,-0.5595892624101763,-0.828770087174504,-1.7913444798797549,0.2825238205554571,1.2407008170733895,-0.10199525998439962,2,-1.5213816299392977,-2.0849441696251088,-1.7677076400748575,-1.1325798889930143,2
716,RIP760,2018-08-06,RIP760,Croplands,36.839,-120.21,5.3,10.5,3.6279470802764617,19.503472222222214,1.7052083333333334,2.1766666666666667,-0.5737722679043243,-0.8190148866680802,-1.9428417743153101,0.2727449113849985,1.4190708994466412,1.401264065131766,2,-1.7115965331572256,-2.2436238275941616,-1.8733049621945428,-1.1325798889930143,2
717,RIP760,2018-08-13,RIP760,Croplands,36.839,-120.21,4.7,8.0,3.981352944135345,20.3625,2.031875,1.8108333333333335,-0.6680638642135333,-0.7441039398713608,-1.0697391442422735,0.23687196789199355,0.9328708566542641,0.3675549674870373,2,-0.9245019820950025,-1.3430763199243336,-0.9416391307074844,-0.3404598533341653,2
718,RIP760,2018-08-21,RIP760,Croplands,36.839,-120.21,3.5,6.6,2.0951833859921,18.60513888888889,1.3208333333333335,2.02375,-0.7638886127905429,-0.64534811322955,-0.3642058007240518,0.20174926542611676,0.6521109813183537,0.36420580072405184,2,-0.16065571843667742,-0.5641046875963898,-0.3678569961390881,-0.008049880183612655,2
719,RIP760,2018-08-22,RIP760,Croplands,36.839,-120.21,4.1,6.4,2.944530701350612,18.696666666666665,1.0602083333333334,2.1700000000000004,-0.7748840413670406,-0.6321034111873488,-0.5987437641590188,0.14146652733860215,0.6273848906254884,0.5987437641590188,2,-0.4932651339089343,-0.7595037822889384,-0.5434623762791835,-0.16465252862207144,2
720,RIP760,2018-08-29,RIP760,Croplands,36.839,-120.21,4.8,5.9,3.6114749920046583,18.16180555555556,1.0341666666666665,2.144166666666667,-0.8452490573530634,-0.5343725582809785,-0.9760297159962444,0.1233407828872006,0.4802818363537855,0.9760297159962444,2,-0.9616174608477914,-1.1059434794346643,-0.8605282077062776,0.1348520000164014,2
721,RIP760,2018-09-06,RIP760,Croplands,36.839,-120.21,4.4,7.9,4.966915561177312,19.387222222222224,1.46375,2.1991666666666667,-0.9106046300942162,-0.4132786077829044,-1.3283663057264814,0.2965096527882795,0.9844610993864421,-1.3283663057264814,2,-1.1638170915017365,-1.6706613760146207,-1.150620449663087,-0.6164404359025532,2
722,RIP760,2018-09-07,RIP760,Croplands,36.839,-120.21,4.9,8.3,4.4553287498780305,20.014027777777773,1.7162500000000005,1.68375,-0.9175836260593934,-0.3975428142825566,-1.534054154442785,0.10666076877140354,1.0264722661416064,-0.6447116541988454,2,-1.5217178325925078,-1.6463466809364,-1.4340979497994475,-0.9964970627272408,2
723,RIP760,2018-09-14,RIP760,Croplands,36.839,-120.21,3.5,5.7000003,3.846096619259282,15.601944444444449,1.2391666666666667,1.8883333333333336,-0.9587178169872964,-0.2843591872810036,-0.8804941114638193,0.15424319344771673,0.5776170347509009,-0.8804941114638192,2,-0.902852629471207,-1.022337841678526,-0.7162918632417248,0.17664339928105832,2
724,RIP760,2018-09-15,RIP760,Croplands,36.839,-120.21,4.3,7.2000003,4.6784490178655584,15.40569444444444,1.3339583333333336,2.5845833333333332,-0.9634705485641486,-0.2678143051621748,-1.7672471211196707,0.40746014077234133,0.9823888006712419,-1.767247121119671,2,-1.5636774708200754,-2.2363782602919335,-1.5016856322470034,-0.9443819913718129,2
725,RIP760,2018-09-22,RIP760,Croplands,36.839,-120.21,4.2,6.3,3.873498363910961,17.89305555555556,1.6381249999999998,1.375,-0.9886775902323404,-0.1500553983446526,-1.0331775613820127,0.22357674632453534,0.6826384032590964,-0.38017428920393437,2,-1.2756864245305926,-0.8352507751559114,-0.9885954844595338,-0.174460983025097,2
726,RIP760,2018-09-23,RIP760,Croplands,36.839,-120.21,4.3,6.9,4.142970665446729,17.405416666666667,1.6454166666666667,1.7704166666666667,-0.9911140639934546,-0.1330147065341963,-1.351720326451222,0.07028489393732436,0.7973361422182429,-1.0376616573446802,2,-1.3740544260435048,-1.4081244044563277,-1.272982148853834,-0.7621615949766608,2
727,RIP760,2018-09-30,RIP760,Croplands,36.839,-120.21,3.2,4.2000003,2.2329031122094105,16.531666666666666,0.7110416666666667,1.3912499999999997,-0.999916658654738,-0.0129102960750088,-0.5785903785253449,0.13500621949325373,0.4131700912506009,0.5785903785253449,2,-0.5492030404080867,-0.4606983486166758,-0.7258697465512725,-0.02643908314971834,2
728,RIP760,2018-10-01,RIP760,Croplands,36.839,-120.21,3.7,4.4,2.5788684481216344,17.404305555555556,1.07875,1.2,-0.99999073973619,0.0043035382962438,-0.47845561922354557,0.049430571217069924,0.5374744218673062,0.4784556192235456,2,-0.4989345859687659,-0.42207677833880763,-0.5143554933630632,0.0014622902425524625,2
729,RIP760,2018-10-08,RIP760,Croplands,36.839,-120.21,3.9,4.4,3.0816341876713502,13.431388888888891,0.8804166666666667,1.1820833333333334,-0.9922222094179324,0.1244792638867886,-0.7455298779503212,0.16356163685053046,0.7620084765070787,0.7455298779503212,2,-0.9307148532120442,-0.6850668589146774,-0.6208079217242419,0.21923677990212342,2
730,RIP760,2018-10-09,RIP760,Croplands,36.839,-120.21,3.7,4.8,2.5543257303256484,14.684999999999995,0.9831250000000004,0.9204166666666664,-0.989932495087353,0.141540295217043,-0.5352514066347948,0.180601541048215,0.7861392502614317,0.5352514066347948,2,-0.7271200000736526,-0.5100754929369962,-0.36855872689373526,0.034518053697371764,2
731,RIP760,2018-10-16,RIP760,Croplands,36.839,-120.21,3.2,4.1,1.7758619404881062,12.245694444444444,1.06125,0.9258333333333334,-0.965739937654855,0.2595117970697994,-0.41935988735315016,0.12480918798512469,0.687784440141394,0.4193598873531501,2,-0.4531649937920051,-0.5237843488068756,-0.2811303194605698,0.024447801676982336,2
732,RIP760,2018-10-17,RIP760,Croplands,36.839,-120.21,2.6,3.6000001000000004,1.6104120386707927,13.126805555555556,1.1735416666666667,1.0420833333333333,-0.9611297838723007,0.2760969730974688,-0.31012265280723345,0.11864705085470909,0.4823957311487745,0.3101226528072334,2,-0.18382524150880175,-0.32729478180043886,-0.4192479351124598,0.012404314516349296,2
733,RIP760,2018-11-09,RIP760,Croplands,36.839,-120.21,1.4,1.7,0.75328908635603,8.564722222222219,0.7595833333333335,0.9845833333333333,-0.780295851070776,0.6254105729852457,0.0766142896651165,0.04075710355820353,0.46599622589683254,-0.07661428966511652,2,0.07643114384486352,0.03594906763672362,0.11746265751376239,-0.0232495538932289,2
734,RIP760,2018-11-10,RIP760,Croplands,36.839,-120.21,1.1,1.8000001,0.4801855920981186,7.318472222222222,0.4927083333333333,0.9499999999999998,-0.7694148268839381,0.6387494220515268,0.03167202631200022,0.05266485200248307,0.4135017014970363,-0.03167202631200028,2,-0.01059150042588361,0.09067108912519323,0.014936490236691052,-0.05912057258710978,2
924,SLM001,2016-02-12,SLM001,Croplands,38.289,-121.118,0.8,1.6,0.9365172051003802,11.832638888888884,0.46625,1.1987500000000002,0.6744436188329455,0.7383263540031065,0.23914270283837827,0.035235517082421036,0.6743025219377883,0.03389170736238198,2,0.2785421948636313,0.22823509451687107,0.2106508191346324,-0.0054228828835663325,2
925,SLM001,2016-03-15,SLM001,Croplands,38.289,-121.118,1.9,2.7,2.3167650843079164,10.09659722222222,0.5666666666666668,2.1420833333333333,0.9611297838723007,0.2760969730974688,0.0904198130358211,0.053981191720504924,0.4428572046754769,0.09041981303582108,2,0.03246820899766076,0.09951653681623246,0.13927469329357012,0.01366667508385458,2
926,SLM001,2016-03-16,SLM001,Croplands,38.289,-121.118,2.9,2.9,1.7511624125354657,11.03722222222222,0.55125,1.0566666666666666,0.9657399376548548,0.2595117970697999,-0.27598623602427425,0.13310003732381362,0.6267810753358287,0.2759862360242742,2,-0.20191569425805106,-0.42964391499195687,-0.19639909882281478,0.012404314516349296,2
927,SLM001,2016-03-23,SLM001,Croplands,38.289,-121.118,2.1,3.4,2.1725794853575233,10.40152777777778,0.6383333333333332,1.6033333333333333,0.989932495087353,0.141540295217043,-0.043801018319285435,0.07489574828674496,0.4720392549374234,-0.04380101831928543,2,-0.11920722642917553,0.030573613455369075,-0.04276944198404986,-0.0232495538932289,2
928,SLM001,2016-04-01,SLM001,Croplands,38.289,-121.118,2.7,3.6000001000000004,1.2903833646224248,12.49138888888889,0.6541666666666666,1.1775,0.999916658654738,-0.0129102960750088,-0.23307157287195668,0.08484836035153272,0.5684007744607047,0.23307157287195657,2,-0.14070957766501677,-0.3075578815563608,-0.2509472593944925,0.008719579617223586,2
929,SLM001,2016-04-08,SLM001,Croplands,38.289,-121.118,2.2,3.5,1.9063565621481855,14.738194444444444,0.5983333333333333,1.7641666666666664,0.9911140639934548,-0.1330147065341959,0.03668791188125211,0.05548423877683764,0.4958331876741525,-0.03668791188125209,2,0.08564109773775264,-0.023582394859891637,0.04800503276589532,-0.007022253315276487,2
930,SLM001,2016-04-16,SLM001,Croplands,38.289,-121.118,4.0,5.1,2.3673419267412696,13.071944444444444,1.0166666666666664,1.2854166666666664,0.9634705485641488,-0.2678143051621742,-1.0142671048463259,0.0540649630656425,0.535728708362722,1.0142671048463259,2,-1.0547271091275596,-1.0352106533354666,-0.9528635520759516,0.2783355608930093,2
931,SLM001,2016-04-17,SLM001,Croplands,38.289,-121.118,3.9,4.7000003,2.0614825761594298,15.854861111111108,1.2133333333333334,1.2795833333333333,0.9587178169872964,-0.2843591872810034,-0.8166940533403558,0.06437037990410016,0.4847492218155763,0.8166940533403557,2,-0.7513785326705494,-0.8186279161568414,-0.880075711193677,0.13750545370260878,2
932,SLM001,2016-04-24,SLM001,Croplands,38.289,-121.118,3.6,4.3,3.45931469743223,12.994861111111112,0.6383333333333333,1.997083333333333,0.9175836260593936,-0.3975428142825559,-1.017879446501157,0.17126669678381504,0.3351299076141636,-0.7365088413656171,2,-1.0217710151037995,-0.8447001281079487,-1.1871671962917227,0.2679687051530493,2
933,SLM001,2016-04-25,SLM001,Croplands,38.289,-121.118,3.8,5.0,3.068230156002723,10.457916666666666,0.83875,2.2645833333333334,0.9106046300942164,-0.4132786077829042,-1.3940218377328837,0.09066180859851318,0.4366552769383475,0.06951785026167001,2,-1.4971978389416654,-1.3577830429476072,-1.3270846313093783,0.06950983119398431,2
934,SLM001,2016-05-02,SLM001,Croplands,38.289,-121.118,4.0,5.1,3.69929419691325,15.412638888888884,1.1983333333333333,1.3241666666666667,0.854322169749827,-0.5197438121555155,-0.8930073895947513,0.05251495012484656,0.5199609376737253,-0.2915957834212509,2,-0.944898569816019,-0.8398901405717865,-0.8942334583964482,0.13750545370260878,2
935,SLM001,2016-05-11,SLM001,Croplands,38.289,-121.118,4.9,5.7000003,3.779702396551391,16.45875,1.2358333333333331,1.0229166666666667,0.7638886127905428,-0.6453481132295501,-1.3291280998824473,0.05298807908395532,0.5272059884745098,0.9114671070147711,2,-1.3305030878159032,-1.275465908359767,-1.381415303471672,-0.0461745246558219,2
936,SLM001,2016-05-18,SLM001,Croplands,38.289,-121.118,4.9,7.8,3.8847291002100586,18.601666666666674,1.915,1.3579166666666669,0.6807734094770161,-0.7324940716135789,-1.0660117268628344,0.09674502297037511,0.7698066421514869,0.9645300727170492,2,-1.1682073594937448,-1.0539861381894577,-0.9758416829053006,-0.32512070811302,2
937,SLM001,2016-05-19,SLM001,Croplands,38.289,-121.118,5.0,6.1,3.971675345540697,15.202083333333334,1.1829166666666668,2.2616666666666663,0.6680638642135335,-0.7441039398713607,-1.6930032490727027,0.011662884170813289,0.5419727829943339,0.3636460598459037,2,-1.700453900763344,-1.6795625380461159,-1.6989933084086482,-0.3994120364490539,2
938,SLM001,2016-05-26,SLM001,Croplands,38.289,-121.118,4.3,6.1,3.785263229550428,15.380277777777776,1.0133333333333334,1.4545833333333336,0.5737722679043246,-0.8190148866680801,-1.0284043662026703,0.10549685437025969,0.5574773140312665,0.001069174696473274,2,-1.0767682223641468,-0.9073963603075653,-1.1010485159362986,0.1313760914837511,2
939,SLM001,2016-05-27,SLM001,Croplands,38.289,-121.118,4.9,6.2000003,4.178048896592238,16.384583333333335,1.4183333333333332,1.44375,0.5595892624101765,-0.8287700871745037,-1.4312680639947357,0.12834468041469965,0.5695225281858032,0.012634142820788563,2,-1.4883710519305648,-1.2842818049983389,-1.5211513350553034,-0.6425302013548526,2
940,SLM001,2016-06-11,SLM001,Croplands,38.289,-121.118,5.3,6.4,5.061308834539209,16.12875,1.5966666666666671,1.6425000000000003,0.3294084822245304,-0.9441875088341992,-1.8151628823520942,0.1570114849701714,0.6030760669825519,-1.337780551430512,2,-1.8440893702338284,-1.6456994766801525,-1.9556998001423016,-0.802371116347883,2
941,SLM001,2016-06-19,SLM001,Croplands,38.289,-121.118,4.7,6.4,5.5793458769012485,17.545694444444443,1.7720833333333337,1.5095833333333333,0.1966728897935764,-0.980469160361632,-1.169179606921876,0.1420837910150264,0.6436890242570247,-1.169179606921876,2,-1.293199558101304,-1.0141530067358517,-1.2001862559284724,-0.6048938004698928,2
942,SLM001,2016-06-20,SLM001,Croplands,38.289,-121.118,4.9,7.5,5.974858236933264,17.736250000000005,2.0975,1.5225,0.1797665857255624,-0.9837092937736096,-1.4110409371263595,0.11859842008640543,0.7967762380802104,-1.4110409371263595,2,-1.5478614813654314,-1.347699121634303,-1.3375622083793444,-0.9888288345846886,2
943,SLM001,2016-06-27,SLM001,Croplands,38.289,-121.118,5.5,7.8,6.816620439813738,21.10388888888889,2.4325,1.559583333333333,0.060213277365793,-0.9981855344718586,-1.5069637319231937,0.13983940256832092,0.6662838615982319,-1.5069637319231939,2,-1.6681366644068296,-1.4348933027077098,-1.4178612286550414,-1.0773898788856233,2
944,SLM001,2016-06-28,SLM001,Croplands,38.289,-121.118,5.7,8.5,6.20454398680126,20.99694444444445,2.289166666666667,1.2666666666666666,0.0430222330045305,-0.99907411510223,-1.7615467395877473,0.15563753346051643,0.8805315837725203,-1.7615467395877475,2,-1.8978363144654993,-1.7948509819934415,-1.5919529223043005,-1.6087041171247618,2
945,SLM001,2016-07-05,SLM001,Croplands,38.289,-121.118,5.1,6.6,5.230821243033192,16.408055555555556,1.0658333333333332,1.5095833333333335,-0.0773864792334632,-0.9970011699250152,-1.5177438622365613,0.031939299469827785,0.7064559811965001,-1.5177438622365613,2,-1.5354299900392665,-1.4808736773069417,-1.5369279193634757,-0.7831270991929762,2
946,SLM001,2016-07-06,SLM001,Croplands,38.289,-121.118,4.9,6.6,5.337619355622664,16.425,1.1525,1.5741666666666665,-0.0945367498171993,-0.9955213724144752,-1.387236209125117,0.06515423379335496,0.7323704201177571,-1.387236209125117,2,-1.3402520849521453,-1.359841698935871,-1.4616148434873342,-0.7831270991929762,2
947,SLM001,2016-07-13,SLM001,Croplands,38.289,-121.118,5.0,7.6,6.355588872783346,19.306666666666672,2.056666666666667,1.3629166666666668,-0.2135209154397959,-0.9769384927771816,-1.221124837575049,0.10552971014284816,0.8336690645550158,-1.221124837575049,2,-1.2636922081545323,-1.2987225658284767,-1.1009597387421381,-0.7705295139418431,2
948,SLM001,2016-07-14,SLM001,Croplands,38.289,-121.118,5.4,7.9,6.263783100185707,20.307777777777773,2.4241666666666664,1.2070833333333335,-0.2303056702306119,-0.973118337233262,-1.4310575953793399,0.16728877389905916,0.8669837704872855,-1.4310575953793396,2,-1.5189449268778925,-1.5360850563432569,-1.2381428029168708,-1.1796239813182106,2
949,SLM001,2016-07-21,SLM001,Croplands,38.289,-121.118,5.1,6.8,5.534956060703981,16.664722222222224,1.6375,1.5066666666666666,-0.3456123126707333,-0.9383773917408642,-1.427664530685164,0.11151868594291728,0.7054649321558856,-1.427664530685164,2,-1.4441817445063638,-1.5300034081497687,-1.3088084393993598,-0.7396277928248703,2
950,SLM001,2016-07-22,SLM001,Croplands,38.289,-121.118,4.8,7.5,5.498965396858346,17.705694444444443,1.75375,1.3570833333333334,-0.3617137307297674,-0.9322892131745134,-1.1959963610102118,0.19509226699429869,0.9147982985467206,-1.1959963610102118,2,-1.146737072961277,-1.4109970494365491,-1.030254960632809,-0.7005604144460892,2
951,SLM001,2016-08-06,SLM001,Croplands,38.289,-121.118,4.9,6.2000003,4.177755718134904,16.498611111111117,1.175,1.29625,-0.5877852522924734,-0.8090169943749472,-0.9207982136098215,0.38111045761833007,0.4976931945899567,0.5236903501203715,2,-1.0161616465945937,-1.2451709859266311,-0.5010620083082393,0.11119452831075305,2
952,SLM001,2016-08-07,SLM001,Croplands,38.289,-121.118,4.2,6.2000003,4.213717515566197,16.64819444444445,1.2924999999999998,1.3816666666666668,-0.6016240632249227,-0.7987793728863648,-0.5651305790206707,0.26798782567088053,0.5789203906032604,-0.5651305790206707,2,-0.5487723800379442,-0.8409227979631128,-0.30569655906095505,0.019136268555432993,2
953,SLM001,2016-08-14,SLM001,Croplands,38.289,-121.118,4.8,7.2000003,5.006198239909005,19.690694444444443,2.3475000000000006,1.3295833333333331,-0.6932812268869771,-0.7206671495538615,-0.9069236533786441,0.2453800961653318,0.6149552124660594,-0.906923653378644,2,-0.88500958864758,-1.1625257795419666,-0.6732355919463864,-0.24054948439340687,2
954,SLM001,2016-08-15,SLM001,Croplands,38.289,-121.118,5.3,6.6,3.7352424244325513,18.11986111111111,1.6641666666666668,1.2875,-0.7055836101071774,-0.7086266782644601,-1.021839812194375,0.3623135376733604,0.4525394000548685,1.021839812194375,2,-1.107038425736786,-1.3339615180080233,-0.6245194928383164,-0.27333614274843043,2
955,SLM001,2016-09-07,SLM001,Croplands,38.289,-121.118,3.9,5.9,3.2662002185688186,17.867916666666673,1.877916666666667,1.15,-0.9242907221930934,-0.3816892202666586,-0.6355231199196973,0.15591066215779692,0.5207086323610716,0.6320764429426653,2,-0.7823600348323493,-0.6523117846250036,-0.4718975403017391,0.028703818612619267,2
956,SLM001,2016-09-08,SLM001,Croplands,38.289,-121.118,3.5,5.9,3.1789372769641133,17.437361111111112,1.3304166666666668,1.4320833333333332,-0.9307239310379792,-0.3657225234972692,-0.6273089484832959,0.10190641776221321,0.5096833816197918,0.014816497588477473,2,-0.6342891119966095,-0.7255458344840744,-0.5220918989692038,0.028410607804836334,2
957,SLM001,2016-09-15,SLM001,Croplands,38.289,-121.118,3.1,4.8,2.447906109380578,15.551666666666666,1.2412499999999995,0.9870833333333334,-0.9679377830240642,-0.2511900638848195,-0.6227218909402015,0.04750549293397156,0.48374954432232437,0.6227218909402015,2,-0.6772378322668069,-0.6007346853878871,-0.5901931551659105,0.03013810102871443,2
958,SLM001,2016-09-23,SLM001,Croplands,38.289,-121.118,2.9,5.1,2.1683774321930143,13.575833333333335,1.2687500000000005,1.71125,-0.9932568492674144,-0.1159345995955006,-0.8446080243460573,0.11897203818770696,0.5193138677774531,0.618637111267914,2,-0.9795176258123022,-0.7996008391812189,-0.7547056080446511,0.16985937706791376,2
959,SLM001,2016-09-24,SLM001,Croplands,38.289,-121.118,2.9,5.5,1.517424781276744,15.771388888888884,1.455,1.0145833333333336,-0.9951053111006974,-0.0988201387328721,-0.6210869119921149,0.07644245322858927,0.6459395499809327,0.6210869119921149,2,-0.7093204432867166,-0.5748296739510522,-0.5791106187385757,0.03877236614739345,2
960,SLM001,2016-10-02,SLM001,Croplands,38.289,-121.118,2.6,3.5,1.231510812489752,12.482083333333335,0.6829166666666665,1.9841666666666669,-0.9992500112396836,0.0387222808921739,-0.7176567516802638,0.06584717041560817,0.33338624073203377,0.7176567516802638,2,-0.7680031662464267,-0.64314006704717,-0.7418270217471948,0.025809830265161496,2
961,SLM001,2017-03-02,SLM001,Croplands,38.289,-121.118,1.4,2.1000001,1.0965808058917983,9.065555555555555,0.5350000000000001,1.2054166666666666,0.8674563547295968,0.4975132889071806,0.09954794918418186,0.06694525220152682,0.5071259019845554,-0.09954794918418186,2,0.17430073831948656,0.04512215053030014,0.07922095870275891,-0.007022253315276487,2
962,SLM001,2017-03-03,SLM001,Croplands,38.289,-121.118,2.0,2.3,0.953837904964118,9.431805555555558,0.4908333333333332,0.9466666666666668,0.8758917051442429,0.4825077417612184,0.037142810557083634,0.08931319866873552,0.4768233493267838,-0.03714281055708368,2,0.0680928681930224,-0.06352856739446114,0.10686413087268964,-0.007507720960728834,2
963,SLM001,2017-04-03,SLM001,Croplands,38.289,-121.118,2.7,4.8,1.9528814898248088,11.997500000000002,1.0454166666666669,2.4883333333333333,0.9995462806873572,-0.0301203048469081,-0.6640660864206956,0.13088574698579652,0.4929280305610305,0.6640660864206956,2,-0.7912539578368384,-0.5297719895564925,-0.6711723118687561,0.04245710104651916,2
964,SLM001,2017-04-04,SLM001,Croplands,38.289,-121.118,2.7,3.4,1.9508874725583067,13.295694444444443,0.9404166666666668,1.0566666666666669,0.9988797155850336,-0.0473213883224318,-0.1796028362631821,0.10991083662356967,0.6045254018539168,0.17960283626318208,2,-0.055566572649777796,-0.2648942572425082,-0.2183476788972604,0.012404314516349296,2
965,SLM001,2017-04-27,SLM001,Croplands,38.289,-121.118,4.0,4.3,2.9878912360284526,13.583055555555555,0.7791666666666667,2.1066666666666665,0.9033558023246844,-0.4288919379124835,-1.258560689842993,0.15964840518087794,0.39516594406806516,0.7656568381001017,2,-1.2167499399302542,-1.1239780936549728,-1.4349540359437523,0.39432482650979767,2
966,SLM001,2017-04-28,SLM001,Croplands,38.289,-121.118,4.2,5.9,3.4051082018025807,12.010277777777777,1.1083333333333334,3.9045833333333335,0.895839290734909,-0.4443781781046132,-1.345068129528217,0.1341569972536597,0.6753467307622334,0.24471546686662204,2,-1.2157321936674952,-1.3358966656934845,-1.4835755292236714,0.036865331215070775,2
967,SLM001,2017-05-05,SLM001,Croplands,38.289,-121.118,4.0,4.9,3.070835573363808,14.521388888888886,0.8566666666666666,1.9175,0.835925479418637,-0.548842958284719,-1.0600921000407995,0.14669992172799734,0.3418911704315741,0.7982367532315842,2,-1.088405037327751,-0.9012993627036125,-1.1905719000910349,0.32615114136548906,2
968,SLM001,2017-05-13,SLM001,Croplands,38.289,-121.118,4.1,5.1,2.720762658463828,10.633055555555558,0.8554166666666666,1.8858333333333333,0.7526668275320084,-0.6584015846980488,-1.4597765581212372,0.05147274493985093,0.5280749451421007,1.298698124951106,2,-1.4220848211965356,-1.4388236427159586,-1.5184212104512171,0.061346277885915096,2
969,SLM001,2017-05-14,SLM001,Croplands,38.289,-121.118,3.8,5.1,2.598066669350225,11.402499999999998,0.8633333333333334,1.4025000000000003,0.741222010848596,-0.6712599575675313,-1.108531199847014,0.11933840580098358,0.549453139136376,1.108531199847014,2,-1.14302765532038,-0.9757444459861383,-1.206821498234524,0.3430313215686662,2
970,SLM001,2017-05-22,SLM001,Croplands,38.289,-121.118,4.8,6.8,4.9471792425134185,19.730277777777776,1.9975,1.0191666666666666,0.6420547132365637,-0.766658819300159,-0.9516441681574191,0.028246975310712342,0.640051047217068,-0.951644168157419,2,-0.9646245278427253,-0.9192402021955195,-0.9710677744340124,-0.19516400638307338,2
971,SLM001,2017-05-29,SLM001,Croplands,38.289,-121.118,5.1,5.9,3.836934413251965,15.935416666666669,0.8908333333333333,1.3433333333333335,0.545240438540651,-0.8382797052177743,-1.6669955301853252,0.155065231660847,0.5780204141813098,0.8591356433107442,2,-1.6599283545221735,-1.5155847172108643,-1.8254735188229378,0.24818828984998362,2
972,SLM001,2017-05-30,SLM001,Croplands,38.289,-121.118,4.8,5.5,3.639892097863967,14.840694444444445,0.8975,1.8770833333333328,0.5307300481619334,-0.8475409228928311,-1.5721560554656913,0.1252429455324135,0.5735691329573497,0.7480597488063747,2,-1.517091857920908,-1.4838790612565862,-1.7154972472195793,0.02691768501012505,2
973,SLM001,2017-06-06,SLM001,Croplands,38.289,-121.118,6.0,6.7000003,5.131293928760631,16.89375,1.5866666666666671,1.4016666666666673,0.4250003399695541,-0.9051931898913974,-2.2897362297846793,0.15610358069486063,0.7481943192166626,-0.5523240873059421,2,-2.3488422434308553,-2.1127105567861255,-2.4076558891370574,-0.47962096673075244,2
974,SLM001,2017-06-14,SLM001,Croplands,38.289,-121.118,5.3,6.9,5.4361534900534805,17.184722222222227,1.5566666666666664,1.5645833333333332,0.2967128192734907,-0.9549667548552552,-1.741021630884368,0.1308905212984567,0.6566157282569793,-1.741021630884368,2,-1.8534327976027232,-1.597322471969351,-1.7723096230810298,-0.7374259907850553,2
975,SLM001,2017-06-15,SLM001,Croplands,38.289,-121.118,5.8,7.2000003,5.7188079847201205,17.9375,1.7054166666666666,1.7458333333333336,0.2802306751992158,-0.9599326896597448,-2.044714724398347,0.09398324685157311,0.6869288347885194,-1.8823306938385884,2,-2.12977063361238,-1.9438175148740853,-2.0605560247085757,-1.3576403277332318,2
976,SLM001,2017-06-22,SLM001,Croplands,38.289,-121.118,5.9,8.7,6.647973082154,24.45583333333333,2.57875,1.2587499999999998,0.1628070129385171,-0.986657932891657,-1.7430996104070218,0.19840468993746183,0.7849930792965156,-1.7430996104070218,2,-1.7613858060248064,-1.9317281796198529,-1.536184845576406,-1.4205696405560957,2
977,SLM001,2017-06-23,SLM001,Croplands,38.289,-121.118,6.5,7.9,6.139755571097868,21.502916666666664,1.87875,1.3783333333333332,0.1457991969198751,-0.9893142039703664,-2.1527326033198126,0.13993249919263342,0.7019655899130532,-1.4322437455155481,2,-2.3137337402680553,-2.0840675642519466,-2.060396505439437,-1.785252208537831,2
978,SLM001,2017-06-30,SLM001,Croplands,38.289,-121.118,5.6,7.1,5.521213649567434,18.02208333333333,1.4279166666666665,1.44125,0.025818440227133,-0.9996666485105112,-1.7587439223879058,0.12543447340716427,0.6782361393702379,-1.6011712215227745,2,-1.8895716132144713,-1.7471528751522918,-1.6395072787969545,-0.7541085224205522,2
979,SLM001,2017-07-01,SLM001,Croplands,38.289,-121.118,5.2,6.6,4.481694053720007,17.2475,1.25875,1.2049999999999998,0.0086069968886886,-0.9999629591162656,-1.416897160451722,0.14077743308655413,0.6869310816471069,0.01971473210826402,2,-1.5739433808471521,-1.3747147871902843,-1.3020333133177295,-0.7396277928248703,2
980,SLM001,2017-07-08,SLM001,Croplands,38.289,-121.118,5.9,9.400001,6.511845794815336,20.817222222222217,2.6404166666666664,1.342083333333333,-0.1116590071216944,-0.993746580436178,-1.9648362096866776,0.1793607692852788,1.0431279717002604,-1.9648362096866778,2,-2.045115207764816,-2.0900349923892687,-1.7593584289059478,-1.7592513840524662,2
981,SLM001,2017-07-09,SLM001,Croplands,38.289,-121.118,5.7,7.9,5.860522465968236,20.20625,2.563333333333333,1.367916666666667,-0.1287481774525806,-0.99167731989929,-1.6476911551038036,0.20012892920697614,0.7741622897313842,-1.6476911551038036,2,-1.8204858417038012,-1.6941775411224742,-1.4284100824851358,-0.8880941835603723,2
982,SLM001,2017-07-16,SLM001,Croplands,38.289,-121.118,5.5,9.2,6.538699985182957,21.81875,2.581681177352084,1.61,-0.2470221804809352,-0.9690098257244064,-1.5705343278516741,0.1358298905120714,0.9158209047739266,-1.5705343278516741,2,-1.5397269284938726,-1.7191218751440447,-1.4527541799171046,-1.2238900939941828,2
983,SLM001,2017-07-25,SLM001,Croplands,38.289,-121.118,5.0,6.9,5.359242921529597,18.304166666666667,1.4750000000000003,1.3091666666666666,-0.3935902766564664,-0.9192859697186104,-1.0141515071973173,0.18827614135699947,0.6659883989159363,-1.0141515071973173,2,-1.0676504715527195,-1.1698884656500241,-0.8049155843892083,-0.1700787697138798,2
984,SLM001,2017-08-01,SLM001,Croplands,38.289,-121.118,5.3,7.8,4.8501746224083355,21.384305555555557,2.308333333333333,1.0595833333333335,-0.5012418134457756,-0.8653072543632061,-1.1476454499550413,0.26839162765054225,0.8602658035874408,-0.24799469477171265,2,-1.1433310703942452,-1.4181682586020543,-0.881437020868824,-0.5983607890953404,2
985,SLM001,2017-08-09,SLM001,Croplands,38.289,-121.118,5.0,6.3,4.210316224175246,18.33555555555555,1.0954166666666667,1.4633333333333332,-0.6152845999633277,-0.7883050558305253,-0.7509286953200022,0.2933095381327336,0.41597621804329626,0.7509286953200022,2,-0.7727870148081336,-1.0326975806010164,-0.44730149055085694,-0.17135885669525747,2
986,SLM001,2017-08-10,SLM001,Croplands,38.289,-121.118,5.1,6.5,4.128116269982391,18.952083333333327,1.16125,1.4058333333333335,-0.6287628145958345,-0.7775971469736268,-0.77707813495896,0.30633545863734923,0.4143573446632298,0.77707813495896,2,-0.786521145409175,-1.0785829110746006,-0.4661303483931046,-0.1868666275969246,2
987,SLM001,2017-08-17,SLM001,Croplands,38.289,-121.118,5.0,6.1,4.241279054510272,19.12444444444445,1.2625,1.2912499999999998,-0.7176769136759615,-0.6963762255968726,-0.5215820918227062,0.3170706161528183,0.3120165355602772,0.5215820918227062,2,-0.6072552797359754,-0.7870130022873307,-0.1704779934448123,-0.0034719255353601926,2
988,SLM001,2017-08-18,SLM001,Croplands,38.289,-121.118,5.1,6.6,3.8359523210242714,19.441527777777775,1.4195833333333336,1.2,-0.7295575540864876,-0.6839194216246105,-0.7692729191153664,0.330047582511959,0.3790451651618324,0.7692729191153664,2,-0.9236254700836206,-0.9938629012366628,-0.390330386025816,-0.17819907612834796,2
989,SLM001,2017-08-26,SLM001,Croplands,38.289,-121.118,4.6,7.1,4.578423336489616,21.166527777777773,2.5075000000000003,1.46875,-0.8165380514459157,-0.5772916165517278,-0.8964319972690378,0.046782253412668444,0.5292571048097656,-0.8532786702482698,2,-0.9134176658724692,-0.9323485598438609,-0.8435297660907833,-0.21775671629916893,2
990,SLM001,2017-09-02,SLM001,Croplands,38.289,-121.118,3.3,6.3,2.2709368608247953,23.152638888888887,3.068333333333334,1.10375,-0.8800122039735356,-0.4749510720670502,-0.6432286908663752,0.024318963880317648,0.5183743164036325,0.6432286908663752,2,-0.625817212643837,-0.6710143231584709,-0.6328545367968176,-0.22950360717767845,2
991,SLM001,2017-09-10,SLM001,Croplands,38.289,-121.118,3.0,5.6,3.2880524792396297,20.652916666666663,1.9975000000000005,1.4887500000000002,-0.9368813462954316,-0.3496474552512282,-0.4948917156305532,0.07524441849638898,0.35133497532662394,-0.49489171563055323,2,-0.44186383266083856,-0.5810106504940898,-0.46180066373673107,-0.0470181237937835,2
992,SLM001,2017-09-18,SLM001,Croplands,38.289,-121.118,2.8,5.0,1.4137217856387618,15.925694444444444,0.9245833333333334,2.036249999999999,-0.9760105506323682,-0.2177232303965322,-0.6463495145711698,0.07552503231521702,0.4060841727986265,0.6463495145711698,2,-0.6700769591971185,-0.7071616946251871,-0.5618098898912041,-0.02196021824311888,2
993,SLM001,2017-09-19,SLM001,Croplands,38.289,-121.118,3.5,4.0,1.690586601235012,14.409305555555555,1.0924999999999998,2.0154166666666664,-0.97961369164549,-0.2008905551306352,-0.9428491292809396,0.20103631467505453,0.4669331426264719,0.9428491292809396,2,-1.0196208004038576,-0.7147393292266588,-1.094187258212302,0.24541624628206493,2
994,SLM001,2017-09-26,SLM001,Croplands,38.289,-121.118,2.4,6.4,1.3587118585838165,15.904583333333331,1.9475,1.37,-0.99665890175417,-0.0816763953304228,-0.7274878130850079,0.12096557882635861,0.8133887973577207,0.7274878130850079,2,-0.588992190263419,-0.8124484569979677,-0.7810227919936371,-0.17697767788235697,2
995,SLM001,2017-09-27,SLM001,Croplands,38.289,-121.118,2.6,4.7000003,1.0270226426405835,16.339166666666664,1.9820833333333332,1.143333333333333,-0.9979171608653922,-0.0645084494493162,-0.5904791167135109,0.0958580769832954,0.4902476657425307,0.5904791167135109,2,-0.6565448975579576,-0.48053552889492057,-0.6343569236876547,0.03877236614739345,2
996,SLM001,2017-10-04,SLM001,Croplands,38.289,-121.118,2.5,4.5,0.848002535444695,11.83375,1.2500000000000002,1.3245833333333332,-0.9984354211555644,0.055916990100603,-0.6895659036528187,0.06834883173973354,0.5661567059252797,0.6895659036528187,2,-0.7612980386180659,-0.6251965309200653,-0.6822031414203246,0.07790814953699475,2
997,SLM001,2017-10-12,SLM001,Croplands,38.289,-121.118,2.2,4.8,0.826652192937756,8.906805555555557,1.0495833333333338,1.5175,-0.9813064702716092,0.1924515819708299,-0.7306650184362861,0.1238921780354324,0.7881871517168351,0.7306650184362861,2,-0.8502694867448639,-0.6028896267208681,-0.7388359418431265,0.1329104469070714,2
998,SLM001,2017-10-13,SLM001,Croplands,38.289,-121.118,1.9,4.8,0.9222447653268032,9.741111111111111,1.10875,1.308333333333333,-0.9778483415056568,0.2093146459630488,-0.5872722798872118,0.12569099957579,0.7600270787809602,0.5872722798872118,2,-0.6928917967175331,-0.4482557025842256,-0.6206693403598764,0.07462189366139871,2
999,SLM001,2017-10-28,SLM001,Croplands,38.289,-121.118,1.2,2.6000001,0.6508366530402263,14.33513888888889,1.1975000000000002,0.9333333333333332,-0.8919813464595487,0.4520722039323037,0.1344521187238827,0.12125833451425178,0.4109603080215152,-0.13445211872388274,2,0.24886044135243413,0.14715243133053102,0.007343483488682939,-0.04358508253984855,2
1000,SLM001,2017-10-29,SLM001,Croplands,38.289,-121.118,1.4,2.6000001,0.4418150610491184,13.387638888888883,0.8054166666666666,0.9854166666666666,-0.8840675099433637,0.467359217158002,0.1260801032764022,0.11663788976486746,0.44782583171833856,-0.12608010327640218,2,0.24050066773172402,0.13039500411304056,0.007344637984442071,0.03309324291548037,2
1001,SLM001,2017-11-05,SLM001,Croplands,38.289,-121.118,0.7,1.5,0.52622032007273,8.295555555555557,0.5545833333333333,1.2145833333333338,-0.8214765533024145,0.5702422926917867,0.08528955074559115,0.1023503794953921,0.31692582532834496,-0.08528955074559114,2,0.04872765681558708,0.2008999440104624,0.006241051410723952,-0.041985712108138395,2
1230,US-ADR,2016-02-23,US-ADR,Shrublands,36.765277778,-116.69333333,1.7,2.6000001,0.4597588534762487,9.119596152229164,0.88226657439375,1.952546210875,0.8013610881746766,0.5981809144059164,-0.3565281875428679,0.044601636991692825,0.4528789374904366,0.35652818754286786,1,-0.4072241233018975,-0.33903818348841624,-0.32332225583829,0.01366667508385458,2
1231,US-ADR,2016-02-24,US-ADR,Shrublands,36.765277778,-116.69333333,0.2,2.1000001,0.4531860798937883,8.503421721708332,0.8916699921354164,1.3668358556666664,0.8115390590073611,0.5842981736283683,0.3443913674274679,0.1762658846669127,0.5037534797018175,0.16198079236010865,1,0.3595700036922402,0.512577101131984,0.16102699745817944,0.01791480099133971,2
1232,US-ADR,2016-03-02,US-ADR,Shrublands,36.765277778,-116.69333333,0.3,3.3,0.4336903012174213,14.978314400374998,1.33054318555,1.6548974604791666,0.8758917051442429,0.4825077417612184,0.39214388517761245,0.08447498897810167,0.537482065021426,-0.12476328274276982,1,0.40222739120269774,0.4711245454994412,0.30307971883069845,0.01031895004893374,2
1233,US-ADR,2016-03-10,US-ADR,Shrublands,36.765277778,-116.69333333,1.1,4.3,0.5194953510264141,14.78474470960417,1.2520948622854164,2.289121842375,0.9338372288229252,0.3576982388331254,-0.03692754973799587,0.007716506526479752,0.45563644087292926,0.036927549737995835,1,-0.03599582192711043,-0.029719211050463767,-0.04506761623641342,0.01366667508385458,2
1234,US-ADR,2016-03-18,US-ADR,Shrublands,36.765277778,-116.69333333,0.3,3.8,0.4932373586663361,17.891904945208335,1.7002749267708337,2.0537757815625,0.9741004551724204,0.2261156855082882,0.6501762885297764,0.09039442468235008,0.5106722158187237,-0.26370157119710413,1,0.6589343925260314,0.735872892090996,0.5557215809723017,-0.014908511956261274,2
1235,US-ADR,2016-03-19,US-ADR,Shrublands,36.765277778,-116.69333333,1.1,4.4,0.4409993333108481,16.439043371354167,1.5196350102875,1.7200755711041669,0.9778483415056568,0.2093146459630484,0.2141165086522597,0.03942385437198048,0.4647784564460256,-0.21411650865225973,1,0.2557110379053514,0.17729858094007972,0.20933990711134803,0.00982380120381143,2
1236,US-ADR,2016-03-26,US-ADR,Shrublands,36.765277778,-116.69333333,0.2,4.9,0.2591735984526466,14.314559980145836,1.4411875721624998,2.7117815187499987,0.995918996147179,0.0902516100310411,0.4882840942995052,0.0554172996816697,0.48914301380408914,-0.36993689739421204,1,0.5080837029224674,0.5310820957088616,0.42568648426718664,-0.011903965016839574,2
1237,US-ADR,2016-04-03,US-ADR,Shrublands,36.765277778,-116.69333333,0.2,5.0,0.2555205906178372,17.532473940604163,1.671480717075,1.7965521806875009,0.9988797155850336,-0.0473213883224318,0.6508917714926652,0.12234521759908824,0.5811191591909083,-0.5398505902569908,1,0.6725702865146272,0.5191563446494833,0.760948683313885,-0.011223777057135571,2
1238,US-ADR,2016-04-04,US-ADR,Shrublands,36.765277778,-116.69333333,0.8,4.1,0.2397454702691329,18.222400476458336,1.7196300898374997,1.744452242624999,0.9979171608653922,-0.0645084494493162,0.5512883540028016,0.1858152303266361,0.6220996298954378,-0.5512883540028017,1,0.6957222364601021,0.6164811650484125,0.34166166049989005,-0.045157492580920014,2
1239,US-ADR,2016-04-12,US-ADR,Shrublands,36.765277778,-116.69333333,0.4,4.5,0.9532466907285072,16.88911298002083,0.9848306949291668,1.7457388965208331,0.97961369164549,-0.200890555130635,0.7118005486012975,0.030778082279811155,0.5164448447893797,0.3946928328557169,1,0.7465362347505384,0.7009415018538714,0.6879239091994827,-0.2326165644430436,2
1240,US-ADR,2016-04-20,US-ADR,Shrublands,36.765277778,-116.69333333,0.3,7.2000003,0.3495731579735444,20.669681647291668,2.281190832758333,2.1581172013125003,0.9427611433904208,-0.3334687789181868,0.09598625523876397,0.05374926046278728,0.40802551616055477,0.003160060708324808,1,0.15689381926734963,0.055203655122948,0.07586129132599428,-0.06464028840761533,2
1241,US-ADR,2016-05-13,US-ADR,Shrublands,36.765277778,-116.69333333,0.2,8.1,0.2445310507298219,24.68884497145833,2.884266602645834,2.328026915666668,0.741222010848596,-0.6712599575675313,0.07916179820932451,0.04421046267903255,0.4418582856086776,0.009900303250319265,1,0.09480721508796258,0.11342211138578717,0.02925606815422377,-0.01971858902670889,2
1242,US-ADR,2016-05-14,US-ADR,Shrublands,36.765277778,-116.69333333,0.0,8.8,0.2417768606647032,25.728875169375005,2.911328021354166,3.8188698992708336,0.7295575540864875,-0.6839194216246106,0.17029958867014097,0.08421366602083055,0.541477755365994,0.17029958867014097,1,0.13044645524401938,0.2670424125281435,0.11340989823826014,-0.07952270178495358,2
1243,US-ADR,2016-05-21,US-ADR,Shrublands,36.765277778,-116.69333333,0.2,6.5,0.1508213484232793,15.713835712291669,1.2738040916104167,2.7912828275624992,0.6420547132365637,-0.766658819300159,0.37919251368163637,0.025067343438070853,0.5549053371329487,-0.3791925136816363,1,0.3908132497343501,0.39634059894022583,0.35042369237033316,-0.03845574509538518,2
1244,US-ADR,2016-05-22,US-ADR,Shrublands,36.765277778,-116.69333333,0.1,5.9,0.1900635946740512,16.916373469979167,1.3921258745479166,3.4461962686458314,0.6287628145958344,-0.777597146973627,0.7363849784200655,0.03728165247746306,0.7446358596716595,-0.556257789071963,1,0.6970598960300074,0.7712157440567253,0.7408792951734635,-0.1776059059152547,2
1245,US-ADR,2016-05-29,US-ADR,Shrublands,36.765277778,-116.69333333,0.2,6.7000003,0.1628179112274497,23.82438624708334,2.4423237517729164,1.445777686291667,0.5307300481619334,-0.8475409228928311,0.509765555098829,0.09116826760807492,0.5095775651462506,-0.5097655550988291,1,0.4047707802101392,0.5556503822816277,0.5688755028047201,-0.10222181788622604,2
1246,US-ADR,2016-05-30,US-ADR,Shrublands,36.765277778,-116.69333333,0.1,7.0,0.1425743066702605,26.705073220833324,3.064756843708333,2.4091134548541664,0.5160623910158528,-0.8565509959010036,0.7777441642088183,0.06859476854484173,0.4737639064203152,-0.6925955508682973,1,0.7026272643352451,0.8370587807830918,0.7935464475081178,-0.44921850791738027,2
1247,US-ADR,2016-06-06,US-ADR,Shrublands,36.765277778,-116.69333333,0.2,7.5,0.1398416585554769,30.84916450916667,3.8177154257708334,2.5227776047500003,0.4093559588156213,-0.9123747579707272,0.5770981841817534,0.11007052034463848,0.6563505530441633,-0.5770981841817534,1,0.45743574818493643,0.5998322930283664,0.6740265113319575,-0.14148146806319667,2
1248,US-ADR,2016-06-14,US-ADR,Shrublands,36.765277778,-116.69333333,0.0,9.1,0.1648863409157029,26.521318103125008,2.7555254298958336,3.731782333124998,0.2802306751992158,-0.9599326896597448,0.17425639750897806,0.16604391466595936,0.4249918755740527,0.15551628432242773,1,0.08132457311914582,0.36595776890473614,0.0754868505030522,-0.10948099439165296,2
1249,US-ADR,2016-06-22,US-ADR,Shrublands,36.765277778,-116.69333333,0.2,8.0,0.1499379703834208,33.047898242916666,4.274532167583335,2.2058250995208337,0.1457991969198751,-0.9893142039703664,0.3884737655787524,0.10933189741062309,0.43159606767951575,-0.38847376557875235,1,0.30109123955198563,0.3532556856706979,0.5110743715135737,-0.07243148802331145,2
1250,US-ADR,2016-06-23,US-ADR,Shrublands,36.765277778,-116.69333333,0.1,7.4,0.167992971506738,32.409109436666675,4.418979724270833,2.1046645813541667,0.1287481774525813,-0.99167731989929,0.6618317916498017,0.1548964513137352,0.5158386570328501,-0.5258458486363257,1,0.48480107728543825,0.7282563077814317,0.7724379898825349,-0.43179767169303906,2
1251,US-ADR,2016-06-30,US-ADR,Shrublands,36.765277778,-116.69333333,0.0,8.5,0.3260198154501278,32.43647050250001,3.456483629733333,3.1797092455,0.0086069968886886,-0.9999629591162656,0.4879733672799858,0.14335249883120854,0.559627811612509,0.16406626362026983,1,0.3608841780142705,0.6433667093185051,0.45966921450718196,-0.13270541128113952,2
1252,US-ADR,2016-07-01,US-ADR,Shrublands,36.765277778,-116.69333333,1.1,7.8,2.117821811316788,28.163689696875,1.6485281217729166,3.058508375270834,-0.008606996888688,-0.9999629591162656,-0.12272354304099803,0.0710177888768224,0.4565491632096971,-0.12272354304099808,1,-0.17442511810886793,-0.1519974930445696,-0.04174801796955657,-0.021317959458419047,2
1253,US-ADR,2016-07-08,US-ADR,Shrublands,36.765277778,-116.69333333,0.2,9.6,0.1788009437700871,30.380928956875,3.518157967333332,3.0103701488750008,-0.1287481774525806,-0.99167731989929,0.0018918721422016838,0.19469493808013064,0.6124427821042768,-0.0018918721422016838,1,-0.14401420765872766,0.22296540630956224,-0.07327558222422953,-0.07952270178495358,2
1254,US-ADR,2016-07-16,US-ADR,Shrublands,36.765277778,-116.69333333,0.1,9.0,0.1800011204829943,31.55718750104165,3.9166171388958335,2.903179500270833,-0.2636654927280072,-0.9646141756912436,0.29637276509846716,0.1683499594446376,0.6348041922754485,-0.13637052413247858,1,0.21592364293831295,0.4898541788891378,0.18334047346795074,-0.07952270178495358,2
1255,US-ADR,2016-07-17,US-ADR,Shrublands,36.765277778,-116.69333333,0.0,10.5,0.1336605319656198,30.49313363583333,3.935540303020834,3.2562465659375,-0.2802306751992161,-0.9599326896597444,0.005615958426175516,0.2271362264068285,0.991968335179906,0.005615958426175516,1,-0.18809205610862412,0.2555998751661322,-0.05065994377898153,-0.07952270178495358,2
1256,US-ADR,2016-07-24,US-ADR,Shrublands,36.765277778,-116.69333333,0.2,8.900001,0.1452381948473021,32.54796226520832,4.555859798750001,2.1993824827291677,-0.3935902766564664,-0.9192859697186104,0.244846927223599,0.09180404146982449,0.6797107650326126,-0.24484692722359902,1,0.19037708046125806,0.35083944627311486,0.19332425493642408,-0.07952270178495358,2
1257,US-ADR,2016-07-25,US-ADR,Shrublands,36.765277778,-116.69333333,0.2,9.1,0.1557578919413139,32.14503864208333,4.281148692666666,1.9650397843125005,-0.4093559588156211,-0.9123747579707274,0.12308527980330557,0.09004173776661432,0.6962098913197079,-0.12308527980330558,1,0.04496518354228879,0.22156293862423843,0.10272771724338947,-0.07952270178495358,2
1258,US-ADR,2016-08-01,US-ADR,Shrublands,36.765277778,-116.69333333,0.0,7.9,0.1458786433373202,33.72556426645833,3.767165149645834,2.746610714833333,-0.5160623910158526,-0.8565509959010037,0.8015101917359626,0.099371153287399,0.8489755449398799,-0.5097529050613221,1,0.7517467521870107,0.9159314344534446,0.7368523885674325,-0.423092600452391,2
1259,US-ADR,2016-08-02,US-ADR,Shrublands,36.765277778,-116.69333333,0.3,7.9,0.0413094109436623,34.66576615479167,3.668693537187501,3.2215529518124995,-0.5307300481619331,-0.8475409228928312,0.6428397471592013,0.05779042254436419,0.9277434969405828,-0.6428397471592013,1,0.5852242114736865,0.7008034830635672,0.6424915469403503,-0.2506353481266852,2
1260,US-ADR,2016-08-09,US-ADR,Shrublands,36.765277778,-116.69333333,0.1,9.3,0.0595291029099377,28.52730759791668,3.5169758427083337,2.5259281463125003,-0.6287628145958345,-0.7775971469736268,0.24924448002017466,0.22896599669502674,0.8481078085828251,-0.24924448002017469,1,0.11889015337001524,0.5136231488245921,0.11522013786591656,-0.07952270178495358,2
1261,US-ADR,2016-08-10,US-ADR,Shrublands,36.765277778,-116.69333333,0.1,9.2,0.1688300730125349,27.50618967437499,3.2556537743124987,2.7094148578125004,-0.6420547132365636,-0.7666588193001592,0.266616285884548,0.20514177760410957,0.8271910930368694,-0.12895613985947824,1,0.1578115508731835,0.5032391136791452,0.13879819310131536,-0.07952270178495358,2
1262,US-ADR,2016-08-17,US-ADR,Shrublands,36.765277778,-116.69333333,0.2,8.3,0.0545883004178069,27.26926625604166,3.538137413125,2.1283881563958325,-0.7295575540864876,-0.6839194216246105,0.33331192615437993,0.15479912071263321,0.5862599002579337,-0.3333119261543799,1,0.23933801554530215,0.5119782111467335,0.24861955177110412,-0.03815681235134866,2
1263,US-ADR,2016-08-18,US-ADR,Shrublands,36.765277778,-116.69333333,0.0,7.8,0.0375696500002718,27.999552136875,3.4288389980833323,2.092278267125,-0.7412220108485957,-0.6712599575675315,0.6037837251954953,0.11318455295402159,0.5611485820624603,-0.5286444251949517,1,0.5558195162480861,0.733052671308783,0.5224789880296166,-0.1870053155733848,2
1264,US-ADR,2016-08-25,US-ADR,Shrublands,36.765277778,-116.69333333,0.4,7.2000003,0.0779634586649027,27.624892023750004,2.990854079333333,2.0649740286666667,-0.8165380514459157,-0.5772916165517278,0.4268390064264908,0.08373428584489676,0.4855405424250298,-0.42683900642649075,1,0.507918873795534,0.3406814012043003,0.43191674427963805,-0.005851748465459584,2
1265,US-ADR,2016-08-26,US-ADR,Shrublands,36.765277778,-116.69333333,0.0,7.0,-0.1527006428012259,27.174395822291658,2.7315049462291667,2.191455091125,-0.8263541987239095,-0.5631507242749187,0.7462709286311059,0.0061548533459227315,0.6186704538940792,-0.7462709286311059,1,0.7525697226053185,0.7459721658826619,0.7402708974053374,-0.43299120733942786,2
1266,US-ADR,2016-09-02,US-ADR,Shrublands,36.765277778,-116.69333333,0.0,8.400001,0.1823991899103616,28.13507934750001,3.2739597130208344,2.8301535170000007,-0.888057322629493,-0.4597327394521046,0.39861116534265356,0.22402378744685936,0.743190444812215,-0.033812785521930344,1,0.42566141600382673,0.6078816196280266,0.16229046039610734,-0.07952270178495358,2
1267,US-ADR,2016-09-03,US-ADR,Shrublands,36.765277778,-116.69333333,0.2,8.5,0.1247548130735643,25.76915819354167,2.6129687148541665,2.7929878236874996,-0.8958392907349089,-0.4443781781046134,0.1292163557604895,0.19266608957812179,0.6529767879340758,-0.1292163557604895,1,0.12262903997592006,0.32509162629113236,-0.060071598985583896,-0.07952270178495358,2
1268,US-ADR,2016-09-10,US-ADR,Shrublands,36.765277778,-116.69333333,0.0,6.3,0.0386670547830967,27.72903282895834,2.909864000937501,1.4946700494583334,-0.9427611433904206,-0.333468778918187,0.21790132047645047,0.07796198717050151,0.44035390250205547,-0.14056721091025706,1,0.14275842216498769,0.21253991428120017,0.29840562498316353,0.007101926644550141,2
1269,US-ADR,2016-09-11,US-ADR,Shrublands,36.765277778,-116.69333333,0.1,7.3,0.0516429027735447,26.74659951104167,2.6886964158333333,2.4850590616249995,-0.9483615800121716,-0.3171912885891059,0.5160853489112927,0.05937424918232523,0.6389798347779058,-0.5160853489112927,1,0.45465833120037585,0.5731682071580781,0.520429508375424,-0.10774492261285536,2
1270,US-ADR,2016-09-18,US-ADR,Shrublands,36.765277778,-116.69333333,0.1,4.8,0.0832404898386421,23.58186286562501,2.533533942085417,1.6247353932083328,-0.97961369164549,-0.2008905551306352,0.21196938695244624,0.04866849475781461,0.40410085849662547,-0.21196938695244624,1,0.1659228532516447,0.2070926550107836,0.2628926525949104,-0.057521202155399624,2
1271,US-ADR,2016-09-19,US-ADR,Shrublands,36.765277778,-116.69333333,0.1,5.5,0.023636095518791,26.058829135416676,2.828978573270833,2.200797252,-0.9829265519799822,-0.1839983516576798,0.6791912518316957,0.1174300573746128,0.4519873652520783,-0.6791912518316957,1,0.5988595748903589,0.624752996126428,0.8139611844783001,-0.22095282860339444,2
1272,US-ADR,2016-09-26,US-ADR,Shrublands,36.765277778,-116.69333333,0.1,4.9,-0.0243232098830769,23.6067881125,2.132261988954167,1.4397342633750003,-0.9979171608653922,-0.0645084494493162,0.03179676031167968,0.03974507545633282,0.34817111037030857,-0.03179676031167969,1,-0.011075218306679457,0.0674160535391925,0.039049445702526,-0.057521202155399624,2
1273,US-ADR,2016-09-27,US-ADR,Shrublands,36.765277778,-116.69333333,0.0,4.7000003,0.1504107580722462,24.038922569999997,2.1499668258,1.690195815875,-0.9988797155850336,-0.0473213883224323,0.3131735042977293,0.045706395700454615,0.3948744041112359,-0.012351988153236904,1,0.2708073072830178,0.30710034442632866,0.36161286118384134,-0.057521202155399624,2
1274,US-ADR,2016-10-04,US-ADR,Shrublands,36.765277778,-116.69333333,0.0,3.5,0.0192521831041617,15.243691104791669,1.0486429625270832,1.5778784202083334,-0.9973249731081556,0.0730951298980777,0.08425539536890674,0.10449303994402225,0.43217486701926333,-0.04575102916058334,1,0.14854642447805422,0.14053382032625528,-0.0363140586975893,-0.041985712108138395,2
1275,US-ADR,2016-10-05,US-ADR,Shrublands,36.765277778,-116.69333333,0.1,3.1000001,0.0423347767045707,17.1316714694375,1.3036528913625,2.9762330833541664,-0.9959189961471792,0.0902516100310407,0.5067613800725038,0.14176198535786874,0.5961220832314396,-0.5067613800725038,1,0.6480174401844145,0.5077678710511011,0.36449882898199565,-0.002530688574347399,2
1276,US-ADR,2016-10-20,US-ADR,Shrublands,36.765277778,-116.69333333,0.2,3.7,0.0583424751973921,15.568504998895836,1.2720861778687496,1.4141487999791664,-0.9398560579418952,0.341570769167856,-0.21894818802518903,0.06320362580405167,0.3703028875024949,0.06436686158002677,1,-0.2854638929117385,-0.15968179722693018,-0.2116988739368984,-0.057521202155399624,2
1277,US-ADR,2016-10-21,US-ADR,Shrublands,36.765277778,-116.69333333,0.3,3.7,0.0596095442343819,16.59723754285417,1.4139789287916669,1.8984492880208328,-0.9338372288229252,0.3576982388331254,-0.16087941484554955,0.03605833924818375,0.3743798826189523,0.16087941484554955,1,-0.17232327083440238,-0.18982710538690897,-0.12048786831533725,-0.057521202155399624,2
1278,US-ADR,2016-11-05,US-ADR,Shrublands,36.765277778,-116.69333333,0.1,2.6000001,0.0566167575401851,16.486583159958332,0.8308879284083335,1.4307892828541664,-0.8115390590073611,0.5842981736283683,-0.002237013622877778,0.06671751163299118,0.3595543397300418,0.00223701362287778,1,-0.04474540083987083,0.07465892798706053,-0.036624568015823034,-0.057521202155399624,2
1279,US-ADR,2016-11-13,US-ADR,Shrublands,36.765277778,-116.69333333,0.2,1.5,0.0148092528751611,13.390351789416664,0.7717927438291666,1.2538038831875,-0.7236440382959123,0.690173388242972,0.0789651388293968,0.051483238993734436,0.26292182891262883,-0.07896513882939682,1,0.08917355883883504,0.12457941675530465,0.02314244089405071,-0.057521202155399624,2
1280,US-ADR,2016-11-14,US-ADR,Shrublands,36.765277778,-116.69333333,0.2,1.6,0.0673861391084922,13.546095269999997,0.8771808815166668,1.6157563448958332,-0.7116566222817751,0.7025274741691566,0.1480279057903168,0.08080337894802059,0.2889328401878013,-0.1480279057903168,1,0.15168155017772378,0.22694248692498747,0.06545968026823912,-0.04567044700726411,2
1281,US-ADR,2016-11-22,US-ADR,Shrublands,36.765277778,-116.69333333,0.2,1.8000001,0.0119259202536906,8.906036502166666,0.4322870558895833,2.0731143822500004,-0.6084768701151264,0.7935716089521472,0.23949689617665074,0.03925435373926022,0.37521603710613843,-0.2394968961766507,1,0.19693036918831136,0.24729044608601064,0.2742698732556303,-0.057521202155399624,2
1282,US-ADR,2016-11-29,US-ADR,Shrublands,36.765277778,-116.69333333,0.1,1.6,0.069309473534277,5.728669204562499,0.34078461605,3.813400088791667,-0.5086709438521042,0.8609610158889945,0.406106680668518,0.029757575878645793,0.6074769068751913,-0.406106680668518,1,0.4253179034006715,0.37182902007613955,0.4211731185287429,-0.0054228828835663325,2
1283,US-ADR,2016-11-30,US-ADR,Shrublands,36.765277778,-116.69333333,0.0,1.0,0.0336422532431103,2.5691930017916667,0.2614183148979165,1.3596703673125,-0.4937755501599774,0.8695893893466109,0.18088148982261232,0.18919515504301407,0.42221486393270735,-0.11359698333639173,1,0.0007824582682260939,0.3780200377955876,0.1638419734040233,-0.03807459606485815,2
1284,US-ADR,2016-12-07,US-ADR,Shrublands,36.765277778,-116.69333333,0.1,1.7,0.0094870504523497,3.679861051687499,0.390386842275,2.771317762166667,-0.3856634062436074,0.9226395488404876,0.2755725663701267,0.14925939044538325,0.45475365476255086,-0.2755725663701267,1,0.23200780495331758,0.44176737489604895,0.1529425192610137,0.03860372939047078,2
1285,US-ADR,2016-12-08,US-ADR,Shrublands,36.765277778,-116.69333333,0.3,1.4,0.0125086495523182,2.5317207067916674,0.3867403422604166,1.7614189367708335,-0.3697245428906732,0.9291414114031744,0.1544463192483314,0.16518518674212396,0.35609825459817346,-0.1544463192483314,1,0.06645725671963698,0.34500001800322316,0.051881683022134084,-0.03807459606485815,2
1286,US-ADR,2017-01-16,US-ADR,Shrublands,36.765277778,-116.69333333,0.5,1.9,0.1915172267162578,6.312984135562498,0.4857775574854168,7.469466308895832,0.2719581575341055,0.9623090774541486,0.9829083383099628,0.10145401768664827,1.0247875252210896,-0.9829083383099627,1,1.0073987278699517,0.8714508291775518,1.069875457882385,-0.20682609807246924,2
1287,US-ADR,2017-01-17,US-ADR,Shrublands,36.765277778,-116.69333333,0.3,1.6,0.2425617530570303,3.6831507649374986,0.4126378812729167,1.4529324649166673,0.288482432880609,0.9574851883550392,0.15451699455211557,0.14603519912355856,0.30997770332116514,-0.15451699455211557,1,0.08585788760395774,0.32222842332365936,0.055464672728729625,-0.041985712108138395,2
1288,US-ADR,2017-01-24,US-ADR,Shrublands,36.765277778,-116.69333333,0.4,1.1,0.8075705483218275,2.4241360285416658,0.1381672004916666,3.325074280625,0.401487989205973,0.9158642882672872,0.21757699743419343,0.09508264538132276,0.3639204570239312,0.21757699743419343,1,0.1617616956865638,0.32736381855799407,0.1636054780580224,-0.04567044700726411,2
1289,US-ADR,2017-01-25,US-ADR,Shrublands,36.765277778,-116.69333333,0.3,1.3000001,0.8004252095176081,1.6851484493125006,0.1636534407,2.638931717291667,0.4171936026123168,0.9088176373395028,0.1159190821324974,0.18300511225097252,0.47294118853502987,0.11591908213249741,1,-0.01051710615327911,0.325770354065454,0.032503998485317265,0.0016875004133872897,2
1290,US-ADR,2017-02-01,US-ADR,Shrublands,36.765277778,-116.69333333,0.1,2.6000001,0.5980287771729449,7.936475524874999,0.3903198183770834,1.8410080248541665,0.5234156073655503,0.8520775211013093,0.171861436917593,0.0762178829141674,0.40603596465573605,0.17186143691759304,1,0.09679388873468553,0.16961062752155903,0.24917979449653443,-0.04567044700726411,2
1291,US-ADR,2017-02-02,US-ADR,Shrublands,36.765277778,-116.69333333,1.2,3.2,0.3980822446567469,8.82321098139583,0.4569053996249999,1.7591071445000006,0.5380051715382996,0.8429415373547828,-0.26165564527641466,0.060979098673677956,0.4370805711368823,0.2616556452764147,1,-0.33003598204895834,-0.2420101539992876,-0.21292079978099793,-0.05912057258710978,2
1292,US-ADR,2017-02-09,US-ADR,Shrublands,36.765277778,-116.69333333,0.4,3.4,0.4641206485195326,15.292897115541669,0.6417824499791667,3.2061756021875,0.6354323008901774,0.7721565844991642,0.17489761962122227,0.15685198465783076,0.5678448973959529,-0.0466563225821571,1,0.05393620510135633,0.11863588712972961,0.3521207666325809,0.01791480099133971,2
1293,US-ADR,2017-02-25,US-ADR,Shrublands,36.765277778,-116.69333333,0.2,2.2,1.0914758618845264,3.3892175181041675,0.3208242184104167,1.736857305645833,0.8214765533024142,0.5702422926917871,0.20663962981352188,0.06650731358469326,0.5109787977485885,0.2066396298135219,1,0.13099002525375048,0.255913264248496,0.23301559993831916,-0.0054228828835663325,2
1294,US-ADR,2017-02-26,US-ADR,Shrublands,36.765277778,-116.69333333,0.8,3.0,0.7481068225485445,5.2516006791875,0.3069731271291666,2.011984083708333,0.8311706263658079,0.5560174366570446,-0.24523692248165654,0.011066255681978289,0.3702701358301761,-0.14145056757874555,1,-0.2433418642005054,-0.23524056838079554,-0.25712833486366876,-0.057521202155399624,2
1295,US-ADR,2017-03-05,US-ADR,Shrublands,36.765277778,-116.69333333,0.2,4.3,0.6337471754012817,9.6111537159375,0.8025292974541665,5.420619882770833,0.8919813464595485,0.4520722039323043,0.35828983318365704,0.14795199728371658,0.7247312590505528,0.35828983318365704,1,0.19028076684733136,0.46911802609164593,0.41547070661199387,0.04395436842445888,2
1296,US-ADR,2017-03-06,US-ADR,Shrublands,36.765277778,-116.69333333,0.1,2.5,0.7544896287274552,3.9119546210208345,0.5255663399041667,1.6521727272499993,0.8996308696522433,0.436651231956064,0.3120825407789926,0.044344776975839516,0.5959433902933279,0.3120825407789926,1,0.2610877976981429,0.33356601413616144,0.3415938105026734,-0.0054228828835663325,2
1297,US-ADR,2017-03-14,US-ADR,Shrublands,36.765277778,-116.69333333,0.2,4.0,0.9073746077665512,17.068995531270833,1.4042674304458336,1.7557921252708335,0.9510565162951536,0.3090169943749474,0.5259848603325948,0.05866652205411284,0.4951067682932404,0.5259848603325948,1,0.5117647512649057,0.5904543272021927,0.4757355025306859,-0.04355713202880098,2
1298,US-ADR,2017-03-21,US-ADR,Shrublands,36.765277778,-116.69333333,1.5,5.3,0.6541540603983221,17.783602999583334,0.9442797248666664,2.7562781778125007,0.9813064702716092,0.1924515819708299,-0.3072212739514117,0.11276392378391559,0.6218545762974906,0.30722127395141163,1,-0.3351030404564165,-0.1831320460469581,-0.40342873535086043,0.012404314516349296,2
1299,US-ADR,2017-03-29,US-ADR,Shrublands,36.765277778,-116.69333333,0.1,4.4,0.5441610100830824,16.168071773749997,1.1997282760104166,2.5042097692916663,0.9984354211555644,0.0559169901006034,0.8144127348766176,0.04721719151379856,0.5258092938541704,0.07390928528954721,1,0.8335372593332384,0.7606333651255188,0.8490675801710952,-0.2326165644430436,2
1300,US-ADR,2017-03-30,US-ADR,Shrublands,36.765277778,-116.69333333,0.6,6.0,0.7794127975166418,10.987745709145834,0.7122307112812502,8.064875111083332,0.9992500112396836,0.0387222808921744,0.2726010967427109,0.2603217391714827,1.3029658721163642,0.08622449829057283,1,0.07672586782576063,0.1730745906430078,0.5680028317593642,0.1030679258222105,2
1301,US-ADR,2017-04-06,US-ADR,Shrublands,36.765277778,-116.69333333,0.0,7.3,0.4093331257582257,18.255419905229168,1.8323253635604169,3.1054166190833343,0.9966589017541702,-0.0816763953304224,0.09109225467546023,0.1750025245736035,0.6361766247050011,0.09109225467546023,1,-0.011723518427958046,0.29315727251538454,-0.00815699006104581,-0.007161894545839059,2
1302,US-ADR,2017-04-14,US-ADR,Shrublands,36.765277778,-116.69333333,0.3,4.5,0.3663932589507566,14.548313371145838,1.37678478663125,4.007369560124999,0.9760105506323684,-0.2177232303965317,0.8189576087054604,0.25272263577138165,0.5692020966535051,-0.6861710908039473,1,0.9466410942235406,0.9823633659892153,0.5278683659036254,-0.2618653766017004,2
1303,US-ADR,2017-04-15,US-ADR,Shrublands,36.765277778,-116.69333333,0.2,5.4,0.3307409607256033,16.292786587625002,1.6591417081604165,1.8158566638125,0.9721181966290612,-0.2344913895704098,0.6327342750456454,0.19727651209577066,0.4762975882778887,-0.37125235359443887,1,0.6507450471389638,0.4270699677898921,0.8203878102080802,-0.027451077635087986,2
1304,US-ADR,2017-04-22,US-ADR,Shrublands,36.765277778,-116.69333333,0.1,6.2000003,0.3337741877781389,19.826013037479164,2.025261408045833,2.2956277502083333,0.9368813462954316,-0.3496474552512284,0.7170283170095493,0.08512276880954375,0.48426116528725033,-0.24947994145327154,1,0.80932587388553,0.70014994198263,0.6416091351604876,-0.3078007927467927,2
1305,US-ADR,2017-04-23,US-ADR,Shrublands,36.765277778,-116.69333333,0.0,7.5,0.3737763267564939,21.998396472291667,2.2293014952041665,2.574978696104167,0.9307239310379796,-0.3657225234972689,0.33285992031108874,0.09623712355631522,0.4820306632191144,0.33285992031108874,1,0.3548454929069664,0.416201962674769,0.22753230535153085,-0.030488584208796406,2
1306,US-ADR,2017-04-30,US-ADR,Shrublands,36.765277778,-116.69333333,0.0,5.1,0.2522065070159554,18.014277994374996,1.9416134517083328,1.9452121733125,0.8800122039735357,-0.4749510720670499,1.1092147459808332,0.03608170745909265,0.5612596371813792,-0.6048017319489225,1,1.1335366772253352,1.0677583479745598,1.1263492127426047,-0.1823514189555226,2
1307,US-ADR,2017-05-01,US-ADR,Shrublands,36.765277778,-116.69333333,0.9,6.9,0.2504974419306252,22.64149242104167,2.3399710810000003,4.4078757407083335,0.8717063187093218,-0.4900286664290592,-0.1161254945837447,0.1018648945160752,0.6308067960645347,0.11612549458374466,1,-0.02470751706911789,-0.22593223505765514,-0.09773673162446109,-0.010361625795182763,2
1308,US-ADR,2017-05-09,US-ADR,Shrublands,36.765277778,-116.69333333,0.7,6.2000003,0.5866497064622689,21.302847158958333,1.560636483266667,5.2022966432291655,0.7961828637826158,-0.6050560696488488,0.2566968082597163,0.026807358258133403,0.671979423875228,-0.2566968082597163,1,0.2852974110339532,0.2321427954717124,0.2526502182734833,-0.012763740680879914,2
1309,US-ADR,2017-05-17,US-ADR,Shrublands,36.765277778,-116.69333333,0.8,6.0,0.1596052890253633,17.02187146035417,1.4260997217979163,5.776817527312499,0.705583610107178,-0.7086266782644596,0.4610079892841014,0.09017371590839586,0.7738112146790439,-0.46100798928410136,1,0.4474279201708446,0.3783945265216235,0.5572015211598362,0.01395088006948017,2
1801,US-Bi1,2016-08-14,US-Bi1,Croplands,38.0991537999999,-121.49933,6.7,7.9,5.498392753842379,24.832992812499995,1.5266970124999997,2.1073372916666666,-0.6932812268869771,-0.7206671495538615,-1.6059173673551201,0.17863200432450904,0.5596963031901394,0.7972971249601228,2,-1.3996975321977536,-1.7052289089988968,-1.7128256608687098,-1.0414812722104243,2
1802,US-Bi1,2016-08-22,US-Bi1,Croplands,38.0991537999999,-121.49933,2.6,6.2000003,2.6014070477219744,21.516518500000004,0.9392607270833332,3.640797875000001,-0.7856498550787144,-0.6186714032625032,0.5036882171804954,0.051254435836899905,0.564743267747362,-0.5008741217365468,2,0.4462152792924432,0.5446583793872268,0.520190992861816,-0.10664623647181891,2
1803,US-Bi1,2016-08-30,US-Bi1,Croplands,38.0991537999999,-121.49933,3.9,6.6,4.502668127407176,23.87836302083333,1.3093159270833332,3.1701639375000004,-0.8631421280499115,-0.5049610547215202,-0.17724883599073937,0.08162839577005299,0.5773099450968713,-0.17724883599073937,2,-0.23373262114699367,-0.08365878730389723,-0.21435509952132722,-0.01926363636151594,2
1804,US-Bi1,2016-08-31,US-Bi1,Croplands,38.0991537999999,-121.49933,3.6,6.4,4.1911298393230325,23.12614616666667,1.0941579291666668,3.3093780000000006,-0.8717063187093218,-0.4900286664290594,-0.04049122880740542,0.09092667739186838,0.5282921658281488,-0.04049122880740541,2,-0.14537767356550568,0.007854928643016595,0.016049058500272828,-0.02793118783009259,2
1805,US-Bi1,2016-09-07,US-Bi1,Croplands,38.0991537999999,-121.49933,4.1,6.5,4.461179603913123,24.6650389375,1.43608581875,1.0627555,-0.9242907221930934,-0.3816892202666586,-0.8588820474865663,0.12197505205583253,0.490580290668305,-0.8588820474865662,2,-0.9852101158060261,-0.7417844644909914,-0.8496515621626813,-0.21595928856337343,2
1806,US-Bi1,2016-09-15,US-Bi1,Croplands,38.0991537999999,-121.49933,3.6,5.2000003,4.571204558072046,21.73857385416666,1.1271488729166663,1.8212609791666663,-0.9679377830240642,-0.2511900638848195,-0.5512161018034716,0.13662877849755287,0.4004253473667827,-0.5512161018034716,2,-0.46158779376553816,-0.4835913928238008,-0.7084691188210757,-0.038590201560343346,2
1807,US-Bi1,2016-09-16,US-Bi1,Croplands,38.0991537999999,-121.49933,3.9,5.5,4.093535563276611,21.612907145833336,1.040020322916667,1.4438148958333332,-0.9721181966290612,-0.2344913895704105,-0.6190106730507452,0.13274272225173891,0.452058691807649,-0.6190106730507452,2,-0.6647958155916776,-0.46943573973771924,-0.7228004638228387,0.06314602944565022,2
1808,US-Bi1,2016-09-23,US-Bi1,Croplands,38.0991537999999,-121.49933,3.3,5.4,4.32607795393433,19.03486539583333,1.0460447041666665,2.5967738958333317,-0.9932568492674144,-0.1159345995955006,-0.7984699750670998,0.048967944669748964,0.6162083670399824,-0.7984699750670998,2,-0.7634957089638592,-0.8544338561372882,-0.777480360100152,0.15022078514335627,2
1809,US-Bi1,2016-10-01,US-Bi1,Croplands,38.0991537999999,-121.49933,1.6,4.4,2.0977142051962945,18.180760916666667,0.9037571979166664,3.703003937500001,-0.9997685019798908,0.0215160974362222,-0.05347824314785952,0.15389375185509066,0.47252315377398124,-0.05347824314785954,2,-0.23066686519901786,0.023435698801999305,0.04679643695343999,8.812998167713503e-05,2
1810,US-Bi1,2016-10-09,US-Bi1,Croplands,38.0991537999999,-121.49933,2.1,4.4,2.68099128970776,20.226091229166663,1.333922389583333,0.874067416666667,-0.9873494423939864,0.1585593851031347,-0.26590024865689915,0.10926474578517378,0.5442444455830853,-0.2659002486568991,2,-0.2479856135323598,-0.16669988476396838,-0.38301524767436934,0.012404314516349296,2
1811,US-Bi1,2016-10-18,US-Bi1,Croplands,38.0991537999999,-121.49933,2.2,3.0,3.3990208160106965,18.538226729166663,0.4590899062500001,2.294488375,-0.9510565162951536,0.3090169943749472,0.013831438854652397,0.04030261415749277,0.4928681257590014,0.013831438854652323,2,-0.008796273163554497,0.06036305593034777,-0.010072466202836083,-0.007022253315276487,2
1812,US-Bi1,2016-11-02,US-Bi1,Croplands,38.0991537999999,-121.49933,1.4,1.8000001,2.3694705896629875,17.907754062500004,0.2999367291666667,0.9374472708333336,-0.8406184056344783,0.5416278206559811,0.5381230224757827,0.06565532515555006,0.66404179726372,0.5381230224757827,2,0.6013529139114973,0.5427310990372967,0.4702850544785543,-0.05461763599890899,2
1813,US-Bi1,2016-11-18,US-Bi1,Croplands,38.0991537999999,-121.49933,1.0,1.9,1.2382307524849647,14.744861687499997,0.4464722999999999,1.7921314374999997,-0.661634618242279,0.749826401204568,0.3215943780614524,0.04965640997827789,0.5134294594232632,0.15486712690847704,2,0.3248012470298378,0.369569628972251,0.27041225818226844,-0.0054228828835663325,2
1814,US-Bi1,2016-12-04,US-Bi1,Croplands,38.0991537999999,-121.49933,0.5,1.0,0.7412457660443595,14.012973687500002,0.2347529,0.9849377916666668,-0.4327755925504317,0.9015016841318838,0.6805656023109049,0.08593726305584677,0.7460135659397771,-0.19807407022218582,2,0.7776880146853821,0.6496294051293752,0.6143793871179576,-0.18826006274580298,2
1815,US-Bi1,2016-12-20,US-Bi1,Croplands,38.0991537999999,-121.49933,0.6,0.90000004,0.5815223853727537,13.336000604166667,0.1934218854166667,1.0094344791666667,-0.1712931441814778,0.9852201067560606,0.7418034993066609,0.18641260084545258,0.7485927611275962,-0.7418034993066609,2,0.9516377118324124,0.6784419004313661,0.5953308856562038,-0.20477394621029588,2
1816,US-Bi1,2016-12-21,US-Bi1,Croplands,38.0991537999999,-121.49933,0.5,0.8,0.5117059103085462,14.617943604166667,0.2457559291666666,1.1562925416666667,-0.154308820664281,0.9880226656636976,0.6970295502879451,0.18867482282300493,0.8232276087143499,-0.6736177296708528,2,0.9084572229818402,0.6368343165307596,0.5457971113512355,-0.18663109847473663,2
1817,US-Bi1,2016-12-28,US-Bi1,Croplands,38.0991537999999,-121.49933,0.6,0.8,0.6089164062423037,13.007986249999997,0.2115180770833333,1.1234730208333337,-0.0344216116227458,0.9994074007397048,0.6893972898577928,0.207017284131688,0.7462313082777332,-0.6715644773731854,2,0.913435197346447,0.6495684873485128,0.5051881848784187,-0.18663109847473663,2
1818,US-Bi1,2017-01-05,US-Bi1,Croplands,38.0991537999999,-121.49933,0.6,0.6,1.6912473029448185,14.15491979166667,0.2258640229166666,2.9591569583333333,0.0859647987374464,0.9962981749346078,0.6374015943246437,0.16053668525877704,0.9340046916755241,0.6374015943246437,2,0.8208268179522138,0.5224851505696131,0.5688928144521042,0.05542185229413471,2
1819,US-Bi1,2017-01-06,US-Bi1,Croplands,38.0991537999999,-121.49933,0.5,0.7,0.683099558760221,12.16524514583333,0.17857724375,1.345445625,0.1031016974474348,0.9946708199115212,0.6012319612124619,0.21334849750443785,0.7338872244058481,-0.23503284369201993,2,0.8054254182769511,0.6184933302540332,0.3797771351064013,0.04378688147065331,2
1820,US-Bi1,2017-01-13,US-Bi1,Croplands,38.0991537999999,-121.49933,0.7,1.2,1.3466683680517066,15.816686916666674,0.1975403145833332,1.9401604583333332,0.2219215130041655,0.9750645322571948,0.4980866377114193,0.09586354891379703,0.829033169135301,0.4980866377114193,2,0.58999753444015,0.5055550632915594,0.39870731540254856,0.0223277370069844,2
1821,US-Bi1,2017-02-14,US-Bi1,Croplands,38.0991537999999,-121.49933,1.2,1.4,1.4944272962676202,17.3327220625,0.25911940625,0.9515681458333334,0.6994583270516471,0.7146733860429609,0.4334649929353534,0.18915296439932042,0.9608994735016758,0.15538959959988702,2,0.6284121970547989,0.2506946462392788,0.42128813551198263,0.06218376262637486,2
1822,US-Bi1,2017-02-22,US-Bi1,Croplands,38.0991537999999,-121.49933,2.1,1.6,3.184345570930763,16.237314604166666,0.2743204916666667,4.091003958333333,0.7909456567567772,0.6118864012687243,0.3681661891605854,0.25677371820267075,0.9462479130814202,0.3681661891605854,2,0.6478524588631375,0.31355471077876934,0.1430913978398493,0.04340581964400448,2
1823,US-Bi1,2017-03-02,US-Bi1,Croplands,38.0991537999999,-121.49933,2.0,2.1000001,1.95652068628956,14.88341825,0.3607701916666667,1.0308311666666663,0.8674563547295968,0.4975132889071806,0.19962744310275313,0.1062149572238897,0.5205305553022062,-0.19962744310275313,2,0.27235670856940364,0.07773820808105808,0.24878741265779764,0.012404314516349296,2
1824,US-Bi1,2017-03-27,US-Bi1,Croplands,38.0991537999999,-121.49933,3.3,3.2,4.7570962152579455,17.02094929166667,0.4096281145833332,3.2553040624999987,0.995918996147179,0.0902516100310411,-0.43977250328269174,0.0396406878749585,0.6751074948026288,-0.4397725032826918,2,-0.40372060443523,-0.48222343125951805,-0.43337347415332717,-0.002027372335771273,2
1825,US-Bi1,2017-04-03,US-Bi1,Croplands,38.0991537999999,-121.49933,4.7,4.9,6.366404587954102,17.519997875000005,0.8698041291666665,3.3807609375,0.9995462806873572,-0.0301203048469081,-1.5925936509915386,0.1720080155986837,0.7355932939786344,-1.5925936509915388,2,-1.4614217321490248,-1.5290200067800155,-1.787339214045575,-0.07598192301344613,2
1826,US-Bi1,2017-04-19,US-Bi1,Croplands,38.0991537999999,-121.49933,3.7,3.9,5.235732943613134,18.327581291666664,0.4741456250000002,2.211378666666667,0.9536809966304456,-0.3008198076356673,-0.6603378744057394,0.0822784359656848,0.5688962221604316,-0.6603378744057395,2,-0.5684908588955109,-0.7273050351554546,-0.6852177291662526,0.03515446091189612,2
1827,US-Bi1,2017-04-27,US-Bi1,Croplands,38.0991537999999,-121.49933,2.8,4.6,2.617792942847261,19.0622425,0.6980894333333332,4.422963791666668,0.9033558023246844,-0.4288919379124835,0.794926526403207,0.05366184436160095,0.8517948627801653,-0.794926526403207,2,0.7334773195572695,0.8187525956490791,0.8325496640032725,-0.19703329190007016,2
1828,US-Bi1,2017-04-28,US-Bi1,Croplands,38.0991537999999,-121.49933,4.1,5.8,3.211408338589946,18.58745625,1.1629799791666666,6.613216020833333,0.895839290734909,-0.4443781781046132,0.7477100165184479,0.1609013702777502,1.2925990249817134,-0.747710016518448,2,0.9332430159888168,0.6634511920182361,0.6464358415482909,-0.21776084901768322,2
1829,US-Bi1,2017-05-05,US-Bi1,Croplands,38.0991537999999,-121.49933,5.4,4.8,6.168864035068685,19.088671229166668,0.6309093062500001,4.8451456041666665,0.835925479418637,-0.548842958284719,-0.539764284791561,0.19406935785563434,0.9183887634149007,-0.5397642847915609,2,-0.3337012092601194,-0.7190612953178358,-0.5665303497967281,-0.17523698675041915,2
1830,US-Bi1,2017-05-13,US-Bi1,Croplands,38.0991537999999,-121.49933,5.8,5.2000003,6.405572002083192,16.1538670625,0.6716448291666667,3.674711604166667,0.7526668275320084,-0.6584015846980488,-1.9244422987006502,0.09423931761019601,0.8059679306393666,-1.92444229870065,2,-1.8174095200373697,-1.9949597821837943,-1.9609575938807866,-0.08199589417722304,2
1831,US-Bi1,2017-05-14,US-Bi1,Croplands,38.0991537999999,-121.49933,5.0,5.2000003,6.425272319278425,16.992830770833336,0.6345506416666665,3.1720238958333336,0.741222010848596,-0.6712599575675313,-1.2965270413439656,0.13856055377542106,0.6509400690936574,-1.2965270413439658,2,-1.1616447523934907,-1.438494041454424,-1.2894423301839815,-0.024637821895118234,2
1832,US-Bi1,2017-05-21,US-Bi1,Croplands,38.0991537999999,-121.49933,7.1,6.4,7.228444158353463,24.847056729166663,1.3714050520833334,1.3386990624999997,0.6551563572090853,-0.7554933140726803,-2.3638645822065243,0.17068657528787615,0.6574055935733314,-2.3638645822065243,2,-2.4833286650647914,-2.1683748276866472,-2.439890253868134,-0.7139152886530449,2
1833,US-Bi1,2017-05-29,US-Bi1,Croplands,38.0991537999999,-121.49933,4.0,5.4,1.7986677900952124,20.724969604166667,0.7323048000000001,3.8269408125000006,0.545240438540651,-0.8382797052177743,0.8188159765495882,0.10859526754471699,0.6518678769574053,-0.8188159765495882,2,0.9324339873651053,0.7160597966165942,0.8079541456670649,-0.28602880878903714,2
1834,US-Bi1,2017-05-30,US-Bi1,Croplands,38.0991537999999,-121.49933,3.3,5.3,1.9031277801745297,20.4633969375,0.8135706999999998,4.17165025,0.5307300481619334,-0.8475409228928311,1.3527716625309434,0.0506075469473688,0.7134712059322755,-1.3527716625309434,2,1.3658028086037435,1.3955893007426683,1.296922878246418,-0.31693315375504416,2
1835,US-Bi1,2017-06-06,US-Bi1,Croplands,38.0991537999999,-121.49933,5.3,6.9,5.533477007947097,23.23442583333333,1.2233222708333336,2.676113645833333,0.4250003399695541,-0.9051931898913974,-0.7168075977078695,0.2010094606240149,0.5122635084416987,-0.7168075977078695,2,-0.932926060757973,-0.5354379937447843,-0.6820587386208514,-0.37185866130678635,2
1836,US-Bi1,2017-06-14,US-Bi1,Croplands,38.0991537999999,-121.49933,6.8,7.4,8.364614985510368,24.39281864583333,1.3228408145833332,2.4021808958333337,0.2967128192734907,-0.9549667548552552,-1.7927967676689711,0.23374364697559552,0.6088884066602762,-1.7927967676689711,2,-1.9695903299055688,-1.5277814151454474,-1.8810185579558971,-1.2338900789590832,2
1837,US-Bi1,2017-06-15,US-Bi1,Croplands,38.0991537999999,-121.49933,7.2,7.5,8.54298397615364,25.12517572916666,1.3352869979166673,4.133813479166667,0.2802306751992158,-0.9599326896597448,-0.959030926906662,0.02532182249147652,0.9048507671655098,-0.9590309269066619,2,-0.9333903131554976,-0.959681028807079,-0.9840214387574098,-0.6047989153511171,2
1838,US-Bi1,2017-06-22,US-Bi1,Croplands,38.0991537999999,-121.49933,8.7,8.7,9.195385241876984,31.204772791666674,2.088231158333333,3.082445916666668,0.1628070129385171,-0.986657932891657,-1.9822343203767332,0.19309695901291765,1.2794398803388232,-1.9822343203767332,2,-1.800125555041477,-1.9618717664005643,-2.184705639688158,-1.8430012744818056,2
1839,US-Bi1,2017-06-30,US-Bi1,Croplands,38.0991537999999,-121.49933,3.6,7.2000003,2.956434014111041,24.12417033333334,1.1389493000000002,3.1364979374999984,0.025818440227133,-0.9996666485105112,0.3981320851660121,0.11044043199252324,0.37473204340431615,-0.3981320851660122,2,0.2732878910510974,0.43802565773687074,0.48308270671006814,-0.050704168792064255,2
1840,US-Bi1,2017-07-01,US-Bi1,Croplands,38.0991537999999,-121.49933,3.3,6.7000003,3.3152368848148046,23.39288258333333,1.03046166875,2.175298520833334,0.0086069968886886,-0.9999629591162656,-0.10977518456310002,0.1715248508612874,0.4149248220853468,-0.10977518456310004,2,-0.3065304166530365,0.008257162385986838,-0.03105229942225042,-0.0499927839981277,2
1841,US-Bi1,2017-07-08,US-Bi1,Croplands,38.0991537999999,-121.49933,6.2,9.8,7.610824476492882,29.25238520833333,2.3251354041666668,2.6423284375,-0.1116590071216944,-0.993746580436178,-1.4405117957764337,0.0407801283400473,0.6969743816813014,-1.440511795776434,2,-1.4876004120163315,-1.4168428566432723,-1.4170921186696974,-1.1773760210245237,2
1842,US-Bi1,2017-07-16,US-Bi1,Croplands,38.0991537999999,-121.49933,6.8,9.5,8.535640993880419,30.123278833333345,2.248090652083333,2.38500025,-0.2470221804809352,-0.9690098257244064,-1.6902892189504541,0.032997953509170105,0.5972055080461957,-1.6902892189504541,2,-1.7250512503048334,-1.686419895168849,-1.6593965113776796,-1.3984361852137628,2
1843,US-Bi1,2017-07-17,US-Bi1,Croplands,38.0991537999999,-121.49933,6.9,9.5,7.985520280619688,29.188308479166675,2.4050361354166667,3.212433583333333,-0.2636654927280072,-0.9646141756912436,-1.4114966467774697,0.08761793386287782,0.7252249099158108,-1.4114966467774694,2,-1.3429820334578755,-1.5102226524752458,-1.3812852543992884,-1.2070573169764758,2
1844,US-Bi1,2017-07-24,US-Bi1,Croplands,38.0991537999999,-121.49933,5.6,6.9,2.930651294980859,23.25458410416667,0.9318427270833336,3.225366395833333,-0.3777079652039646,-0.92592477719385,-0.4149478514796947,0.02543815700490381,0.6687415814121724,0.41494785147969493,2,-0.4214487725563678,-0.38689006640459506,-0.4365047154781212,-0.13398108764276817,2
1845,US-Bi1,2017-08-01,US-Bi1,Croplands,38.0991537999999,-121.49933,2.8,8.5,3.109121497033976,28.6336055,1.9365026479166667,2.1976822916666667,-0.5012418134457756,-0.8653072543632061,-0.6961568364551035,0.1288819086003166,0.561810404065046,-0.6961568364551036,2,-0.5720882030163263,-0.8293654252953654,-0.6870168810536188,-0.2801544997558233,2
1846,US-Bi1,2017-08-09,US-Bi1,Croplands,38.0991537999999,-121.49933,3.1,6.2000003,3.3009561123129862,23.595767270833324,0.7502929666666666,2.678892312499999,-0.6152845999633277,-0.7883050558305253,0.33239667804076084,0.03906878867304191,0.4655059403044901,0.06951554658521147,2,0.29194595432386683,0.36991870031280905,0.3353253794856067,0.0024829434064978567,2
1847,US-Bi1,2017-08-17,US-Bi1,Croplands,38.0991537999999,-121.49933,4.5,6.2000003,4.007525230767603,24.876033333333336,1.0132418770833331,2.9028333125,-0.7176769136759615,-0.6963762255968726,0.058231648468337206,0.2681028255155181,0.5821189130894673,-0.05823164846833717,2,-0.0896039022205052,0.36770751115810807,-0.10340866353259126,0.06886321102900494,2
1848,US-Bi1,2017-08-18,US-Bi1,Croplands,38.0991537999999,-121.49933,4.6,6.8,4.092646149257946,24.88121783333333,1.0104142270833332,2.5701803541666663,-0.7295575540864876,-0.6839194216246105,-0.36225096887423724,0.19077874621073718,0.6986014252784681,0.36225096887423724,2,-0.3740416349425585,-0.16585034680328933,-0.5468609248768639,0.014371782014009193,2
1849,US-Bi1,2017-08-25,US-Bi1,Croplands,38.0991537999999,-121.49933,3.4,6.6,2.4956902192781296,25.78476385416667,1.1962706854166665,1.6374285208333332,-0.8064799463209447,-0.5912614448635782,-0.5774496703321913,0.09285801546316341,0.43986182209679725,0.5774496703321913,2,-0.5662180466024322,-0.4907183165283189,-0.6754126478658229,-0.08983903090780401,2
1850,US-Bi1,2017-09-02,US-Bi1,Croplands,38.0991537999999,-121.49933,2.0,6.8,2.3989720358932,32.06158060416667,2.0444282687499995,1.1845760833333334,-0.8800122039735356,-0.4749510720670502,-0.6691712625332119,0.13543929738121202,0.7864615346821536,-0.669171262533212,2,-0.8254455075107179,-0.5857830884688968,-0.5962851916200209,-0.18228026065408212,2
1851,US-Bi1,2017-09-03,US-Bi1,Croplands,38.0991537999999,-121.49933,3.0,8.0,2.579555418105501,32.07018983333334,2.042794622916667,1.5240104375,-0.888057322629493,-0.4597327394521046,-1.1552155045967873,0.05400287937310969,0.8560259974643595,-0.3143263408077892,2,-1.1795475135808369,-1.1927714870389825,-1.0933275131705427,-0.6289969575172798,2
1852,US-Bi1,2017-09-10,US-Bi1,Croplands,38.0991537999999,-121.49933,2.2,5.9,3.0741456689607616,28.67099256249999,1.4657858562500004,1.5210576666666666,-0.9368813462954316,-0.3496474552512282,-0.477545239447553,0.1454199626742466,0.648893731320889,-0.477545239447553,2,-0.6293854209178033,-0.46371689544651773,-0.3395334019783379,0.003352702254171694,2
1853,US-Bi1,2017-09-19,US-Bi1,Croplands,38.0991537999999,-121.49933,3.3,4.6,2.928924270911367,21.76634708333333,0.9610381270833334,3.43310575,-0.97961369164549,-0.2008905551306352,-0.09811103570323777,0.12154775972993859,0.6234877866048256,0.09811103570323776,2,-0.15837894474607525,-0.17774817141085014,0.04179400904721203,0.012404314516349296,2
1854,US-Bi1,2017-09-26,US-Bi1,Croplands,38.0991537999999,-121.49933,2.6,5.8,2.873848540823027,23.27501991666667,1.3915970729166665,1.2757745625000003,-0.99665890175417,-0.0816763953304228,-0.6445002912311308,0.09371575490639593,0.5365580699397278,-0.6445002912311308,2,-0.67822018654439,-0.5385905304768714,-0.7166901566721311,0.024725872905710627,2
1855,US-Bi1,2017-10-04,US-Bi1,Croplands,38.0991537999999,-121.49933,1.4,4.1,1.3138668646164606,19.02604964583334,0.9486274041666668,1.2119274375000002,-0.9984354211555644,0.055916990100603,-0.31650297238581454,0.03797338415339651,0.4032186483470574,-0.14423670161873597,2,-0.3485198400269481,-0.2745490564171159,-0.32644002071337946,-0.05912057258710978,2
1856,US-Bi1,2017-10-05,US-Bi1,Croplands,38.0991537999999,-121.49933,1.3,4.4,1.441478862835075,20.10638775,1.1556950437499998,1.6776663541666668,-0.9973249731081556,0.0730951298980777,-0.29573700969962113,0.02390665016199191,0.3460359953482073,-0.29573700969962113,2,-0.27329901067019957,-0.2930301314454217,-0.32088188698324205,-0.05912057258710978,2
1857,US-Bi1,2017-10-12,US-Bi1,Croplands,38.0991537999999,-121.49933,1.6,4.6,1.5855798256107538,18.1812328125,1.110893441666667,3.329062854166668,-0.9813064702716092,0.1924515819708299,-0.31077760406248095,0.06648361487925386,0.6031126124544632,-0.28193725528398844,2,-0.3777424750243641,-0.3098044071177878,-0.24478593004529092,-0.007022253315276487,2
1858,US-Bi1,2017-10-21,US-Bi1,Croplands,38.0991537999999,-121.49933,1.5,2.8,1.813627332697337,17.294413875000004,0.50182261875,1.8564212499999997,-0.9398560579418952,0.341570769167856,0.06971342033063667,0.06580818536102338,0.32873060256410785,0.06971342033063666,2,0.10799932344114985,0.10741551673709887,-0.006274579186338725,-0.05912057258710978,2
1859,US-Bi1,2017-10-28,US-Bi1,Croplands,38.0991537999999,-121.49933,1.6,3.2,1.8024963882055267,21.28002052083333,0.8492909229166666,0.7787801041666667,-0.8919813464595487,0.4520722039323037,0.2742817657829304,0.08495932579719113,0.5478981288589423,0.13071101062812285,2,0.37121851380027204,0.2388723811218344,0.2127544024266847,0.008719579617223586,2
1860,US-Bi1,2017-11-05,US-Bi1,Croplands,38.0991537999999,-121.49933,1.2,1.6,1.9586330878456424,15.574752729166669,0.42852458125,2.040383416666667,-0.8214765533024145,0.5702422926917867,0.33030863182897613,0.14432327473875786,0.6492328954032369,0.33030863182897613,2,0.38571690398748637,0.4387171335304405,0.16649185796900162,0.012404314516349296,2
1861,US-Bi1,2017-11-06,US-Bi1,Croplands,38.0991537999999,-121.49933,1.0,1.7,1.3750840244944351,15.952833374999996,0.3590698645833334,1.4839041041666663,-0.8115390590073611,0.5842981736283683,0.3768301719734757,0.08986251057797835,0.5629258151743454,0.37333787701539456,2,0.4302235810101842,0.42718623321311555,0.2730807016971272,0.01031895004893374,2
1862,US-Bi1,2017-11-13,US-Bi1,Croplands,38.0991537999999,-121.49933,1.0,1.3000001,1.6992504093369043,20.090015833333336,0.3483510895833333,1.8304511875,-0.7354170229639858,0.6776147890466887,0.6347569177984469,0.035465754835616044,0.8761014012919162,0.6347569177984469,2,0.65664503011997,0.6537878957546019,0.5938378275207687,0.009458610437043127,2
1863,US-Bi1,2017-12-07,US-Bi1,Croplands,38.0991537999999,-121.49933,0.8,1.5,1.1052536552329562,14.315239729166668,0.2941475875,1.1567946458333334,-0.4014879892059737,0.9158642882672868,0.6560566836066517,0.0659584292797845,0.5845480570122126,-0.04554937314073948,2,0.7270121762640342,0.5966101463329121,0.6445477282230087,-0.2371296093622955,2
1864,US-Bi1,2017-12-08,US-Bi1,Croplands,38.0991537999999,-121.49933,1.0,1.2,0.8887107656025649,14.59124016666667,0.2625175416666666,0.9062821875,-0.3856634062436074,0.9226395488404876,0.8421311346536028,0.10844932920428696,0.7134584742588262,-0.8421311346536028,2,0.9549081077245025,0.7386016599700034,0.8328836362663024,-0.2258008745940407,2
1865,US-Bi1,2018-01-25,US-Bi1,Croplands,38.0991537999999,-121.49933,1.1,1.1,1.5824701155890637,17.990268083333333,0.1975796083333333,2.3737839374999994,0.4171936026123168,0.9088176373395028,0.5253509514500573,0.1763465596196989,0.9999000955225851,0.43958927972806994,2,0.7229443620488089,0.3839427200612664,0.4691657722400968,0.02308767916927963,2
1866,US-Bi1,2018-02-01,US-Bi1,Croplands,38.0991537999999,-121.49933,1.0,1.7,1.06990386425234,19.51422439583333,0.40249530625,1.2647923541666668,0.5234156073655503,0.8520775211013093,0.3757081560339688,0.13856870461984439,0.9649382059374714,-0.23590042752928886,2,0.535711452940422,0.2964098100197483,0.295003205141736,0.051678223204660034,2
1867,US-Bi1,2018-02-09,US-Bi1,Croplands,38.0991537999999,-121.49933,1.3,2.1000001,1.5386059399209966,19.539624270833333,0.4478996770833334,1.1786252916666664,0.6354323008901774,0.7721565844991642,0.2929249747957315,0.1428274936900137,0.8615541158756589,0.1842869050462616,2,0.4577452364865463,0.21555507766508408,0.20547461023556418,0.04776801996186841,2
1868,US-Bi1,2018-02-10,US-Bi1,Croplands,38.0991537999999,-121.49933,1.3,2.8,3.0988316711048527,18.528696479166666,0.6815170854166669,5.021956020833332,0.6486295610349814,0.7611042586607747,0.5024992463786679,0.3003822597936377,1.061505404453343,0.5024992463786679,2,0.8004282207898118,0.5073471340116485,0.19972238433454337,0.1262825640234677,2
1869,US-Bi1,2018-02-17,US-Bi1,Croplands,38.0991537999999,-121.49933,1.3,1.8000001,1.7806798307040883,15.548181666666665,0.5316791395833332,1.1057692083333337,0.7354170229639855,0.6776147890466889,0.280883039797828,0.12295260404847592,0.7249513068992981,0.280883039797828,2,0.4072546002276718,0.16166142838360958,0.27373309078220276,0.03844388194946846,2
1870,US-Bi1,2018-02-25,US-Bi1,Croplands,38.0991537999999,-121.49933,1.7,2.6000001,1.9381702754992025,13.50485964583333,0.4195316041666665,2.514859749999999,0.8214765533024142,0.5702422926917871,0.14165693537951043,0.08500877600058918,0.6545865498959493,0.14165693537951043,2,0.046062113398096155,0.17014853105786593,0.20876016168256922,0.008719579617223586,2
1871,US-Bi1,2018-03-05,US-Bi1,Croplands,38.0991537999999,-121.49933,1.4,2.4,1.7198282523321482,14.277974083333335,0.3030736395833333,1.9470931458333325,0.8919813464595485,0.4520722039323043,0.2482499272169311,0.09824155062220573,0.6518853881448419,0.2482499272169311,2,0.1625011399863538,0.22680666085442447,0.3554419808100151,0.008719579617223586,2
1872,US-Bi1,2018-03-29,US-Bi1,Croplands,38.0991537999999,-121.49933,4.5,4.3,3.705877885031836,21.027269666666673,0.7082445125000002,1.3634883958333337,0.9984354211555644,0.0559169901006034,-0.8463782842307105,0.22185099708236533,0.7564655470075667,0.7418659457056177,2,-0.6089639612089053,-0.881756613249413,-1.048414278233813,0.13094014699051496,2
1873,US-Bi1,2018-04-14,US-Bi1,Croplands,38.0991537999999,-121.49933,3.8,4.4,4.408724658486489,19.73385777083333,0.6543513854166668,1.4797787500000004,0.9760105506323684,-0.2177232303965317,-0.5751823834377284,0.14305257159267315,0.4832095109815274,-0.5751823834377285,2,-0.4241538338990295,-0.5927585778328158,-0.70863473858134,0.013781290260357182,2
1874,US-Bi1,2018-04-15,US-Bi1,Croplands,38.0991537999999,-121.49933,4.3,2.8,4.565883463162968,17.9250710625,0.4792431666666666,4.299301145833334,0.9721181966290612,-0.2344913895704098,-0.32937897646907816,0.402270287665636,1.197509721839328,-0.3293789764690782,2,-0.04853981167392461,-0.7902176703073803,-0.14937944742592943,0.006972855659625602,2
1875,US-Bi1,2018-04-22,US-Bi1,Croplands,38.0991537999999,-121.49933,5.0,5.4,4.5428340386178485,22.41244760416667,0.6969381854166667,1.448097708333334,0.9368813462954316,-0.3496474552512284,-1.0463158292656225,0.265829200089763,0.4378394997254841,-0.13198390650131953,2,-0.744173613624021,-1.1505070398408956,-1.244266834331951,0.2792590117917979,2
1876,US-Bi1,2018-05-01,US-Bi1,Croplands,38.0991537999999,-121.49933,2.4,5.1,2.46916573556733,19.612298125,0.6667283520833333,4.160526208333333,0.8717063187093218,-0.4900286664290592,0.7997895172576968,0.10163456949067445,0.7726081809116268,-0.6614580461230366,2,0.792048319449015,0.9050733357535676,0.7022468965705077,-0.22740024502575082,2
1877,US-Bi1,2018-05-08,US-Bi1,Croplands,38.0991537999999,-121.49933,4.5,5.8,5.2267834772287,22.16633039583333,0.815098475,4.107415770833333,0.8064799463209448,-0.5912614448635781,0.2034212658013337,0.04745529556908186,0.7060400801581199,0.20342126580133368,2,0.18380393974539755,0.1689199359793787,0.2575399216792249,0.0013529156406625463,2
1878,US-Bi1,2018-05-09,US-Bi1,Croplands,38.0991537999999,-121.49933,4.7,5.6,5.207503789376872,21.51920916666666,0.6760157791666668,5.181803895833333,0.7961828637826158,-0.6050560696488488,0.728075458671182,0.11606924096175927,0.8972326342186816,0.2869321200825623,2,0.8511922688749902,0.7123837842285315,0.6206503229100241,-0.2268671836384093,2
1879,US-Bi1,2018-05-17,US-Bi1,Croplands,38.0991537999999,-121.49933,5.7,5.7000003,5.2455972485124,20.293217895833333,0.5512937541666666,3.480427687499999,0.705583610107178,-0.7086266782644596,-1.250850326950007,0.10805419044119385,0.6672794024578661,-0.34204482397480684,2,-1.138343718463404,-1.3538198527553469,-1.26038740963127,-0.03355621927686208,2
1880,US-Bi1,2018-05-24,US-Bi1,Croplands,38.0991537999999,-121.49933,3.0,5.1,4.314501903249654,19.167384020833328,0.44206910625,6.427855541666666,0.6152845999633276,-0.7883050558305255,2.07636519262596,0.2482887966886238,0.9156033448448637,0.5526386138733472,2,2.3544667564838138,1.8769657015480639,1.997663119846003,-0.6372622547206166,2
1881,US-Bi1,2018-06-01,US-Bi1,Croplands,38.0991537999999,-121.49933,3.2,6.9,2.862156725175796,22.3746761875,0.9595302354166666,2.9215886666666653,0.5012418134457758,-0.865307254363206,0.17564950301823287,0.10799122750522233,0.6298523449721687,-0.1756495030182329,2,0.22738004837394432,0.24804443706713503,0.05152402361361924,-0.011960996226892916,2
1882,US-Bi1,2018-06-02,US-Bi1,Croplands,38.0991537999999,-121.49933,2.8,7.8,3.6007708513645293,27.26433604166667,1.550660304166667,1.7247144791666666,0.48627270710869,-0.8738071036110808,-0.5949355546887235,0.26249516648115157,0.6379187984804262,-0.5949355546887234,2,-0.4068259590331403,-0.8948174582210049,-0.4831632468120252,-0.10898748682942498,2
1883,US-Bi1,2018-06-18,US-Bi1,Croplands,38.0991537999999,-121.49933,5.0,7.3,5.378851004468834,23.39263458333333,0.8190169895833334,4.070076812500001,0.2303056702306122,-0.973118337233262,0.4236460369995152,0.09841032544819356,0.752161408672156,0.3340559719381533,2,0.31388563617183013,0.4530491307795814,0.504003344047134,0.002104807230221198,2
1884,US-Bi1,2018-06-25,US-Bi1,Croplands,38.0991537999999,-121.49933,2.0,6.9,2.099715161232178,23.67775568750001,0.7756864312500001,4.187060979166668,0.1116590071216951,-0.993746580436178,1.2470525070695015,0.0669182435235237,0.47664207263348723,-1.0476221846051454,2,1.170375087440304,1.277115873656802,1.2936665601113986,-0.7787833531190377,2
1885,US-Bi1,2018-07-03,US-Bi1,Croplands,38.0991537999999,-121.49933,3.2,6.9,3.1449851845983936,23.03614614583334,0.7035841999999999,3.4359171666666675,-0.0258184402271323,-0.9996666485105112,0.7979534900127888,0.07834166511938218,0.5012392433115603,-0.7979534900127888,2,0.7184016792804323,0.8004326321068023,0.8750261586511321,-0.4645145075244885,2
1886,US-Bi1,2018-07-04,US-Bi1,Croplands,38.0991537999999,-121.49933,3.0,5.7000003,3.221041557930576,21.606880000000004,0.5736151562499998,3.2063186875,-0.0430222330045303,-0.99907411510223,1.0315473157586121,0.16079179034908025,0.4625401528415062,-0.5894641998974601,2,1.0427294733089147,0.865456332441269,1.186456141525653,-0.21081219118911615,2
1887,US-Bi1,2018-07-11,US-Bi1,Croplands,38.0991537999999,-121.49933,4.6,8.0,6.824828190848728,26.17870614583333,1.14434213125,1.6993176041666664,-0.1628070129385164,-0.9866579328916572,-1.0289805266088692,0.10240138496422091,0.7007580069624515,-1.0289805266088692,2,-1.011866012255592,-1.138860849725249,-0.9362147178457664,-0.3121095995492079,2
1888,US-Bi1,2018-07-19,US-Bi1,Croplands,38.0991537999999,-121.49933,6.5,8.6,7.228846738426922,26.02272377083333,1.0467489791666669,2.1397846874999997,-0.2967128192734901,-0.9549667548552552,-1.52240091076282,0.07020137613897638,0.4444810275036802,-1.52240091076282,2,-1.5874012280081975,-1.5318465776810148,-1.4479549265992475,-1.1601805088289623,2
1889,US-Bi1,2018-07-20,US-Bi1,Croplands,38.0991537999999,-121.49933,6.1,7.8,7.624863185402355,25.964206875,0.9497336770833332,2.6687867500000007,-0.3131070409358267,-0.9497178427914316,-0.7332968388962177,0.036991583389062124,0.4475055412291981,-0.7332968388962176,2,-0.7001372857806458,-0.773194211160071,-0.7265590197479362,-0.5164706979830053,2
1890,US-Bi1,2018-07-27,US-Bi1,Croplands,38.0991537999999,-121.49933,4.7,8.5,3.3703701145780336,25.860988416666668,1.29481584375,3.2093223541666664,-0.4250003399695539,-0.9051931898913976,-0.4294381694740092,0.04460535015133802,0.7120311253836189,0.42943816947400926,2,-0.39278183132832817,-0.41643150302094356,-0.4791011740727558,-0.07700391079646923,2
1891,US-Bi1,2018-08-04,US-Bi1,Croplands,38.0991537999999,-121.49933,3.3,8.8,3.140617206085122,27.452232229166665,1.6275898041666663,2.8585766458333333,-0.5452404385406507,-0.8382797052177745,-0.5602559776935582,0.05923700623003162,0.7379153550837297,-0.24149038986380267,2,-0.5288465266252216,-0.6285830149860114,-0.5233383914694416,-0.16180659491492408,2
1892,US-Bi1,2018-08-12,US-Bi1,Croplands,38.0991537999999,-121.49933,4.1,8.0,5.0083128668242844,26.4619840625,1.3175778625000003,1.3008565833333334,-0.655156357209085,-0.7554933140726804,-1.133418520897021,0.16466588622995457,0.7251060524773683,-1.1334185208970213,2,-0.9448406463643992,-1.2066446232291295,-1.248770293097534,-0.6150966390145498,2
1893,US-Bi1,2018-08-20,US-Bi1,Croplands,38.0991537999999,-121.49933,5.3,6.5,5.66419553102804,22.907165249999995,0.7195399208333334,2.5191903125,-0.7526668275320083,-0.6584015846980489,-0.7510932216833517,0.09095639099385258,0.6115352768239479,-0.7510932216833517,2,-0.7708550500708532,-0.651880523298789,-0.8305440916804128,-0.48543263017897326,2
1894,US-Bi1,2018-08-21,US-Bi1,Croplands,38.0991537999999,-121.49933,4.7,5.0,4.612193362196511,21.182278229166663,0.4085136083333333,4.067354791666667,-0.7638886127905429,-0.64534811322955,-0.16387287359724928,0.13093462446379822,0.7845597764464247,0.011740402009728201,2,-0.31359757937864646,-0.07082370563404827,-0.1071973357790531,0.03959242287684947,2
1895,US-Bi1,2018-08-28,US-Bi1,Croplands,38.0991537999999,-121.49933,5.0,4.6,5.944855265991897,21.78733683333333,0.59889764375,3.342325229166668,-0.8359254794186365,-0.5488429582847199,-0.138138242151699,0.10355016903408736,0.748005094082408,-0.138138242151699,2,-0.24950309635972487,-0.04475913823915398,-0.12015249185621818,0.04095120189573157,2
1896,US-Bi1,2018-09-05,US-Bi1,Croplands,38.0991537999999,-121.49933,5.7,5.4,6.0448186894998335,22.054636062499995,0.6686033187499999,2.326650375,-0.9033558023246842,-0.4288919379124841,-0.8935863956462283,0.10865145059141086,0.7148403980485124,-0.8935863956462282,2,-0.9824526883774249,-0.9258489090520783,-0.7724575895091818,-0.10885603867950455,2
1897,US-Bi1,2018-09-06,US-Bi1,Croplands,38.0991537999999,-121.49933,5.6,5.7000003,5.617999853408749,23.07523610416667,0.8734849895833338,1.8190691041666665,-0.9106046300942162,-0.4132786077829044,-0.8333821610170689,0.057906206454218095,0.558070972902956,-0.8333821610170689,2,-0.9000644388401142,-0.8043111642772043,-0.7957708799338881,-0.2901712635011099,2
1898,US-Bi1,2018-09-13,US-Bi1,Croplands,38.0991537999999,-121.49933,4.6,4.8,4.793205372589165,21.496163249999995,0.8549848208333333,1.8131646875000005,-0.9536809966304456,-0.300819807635668,-0.5616380840797505,0.042659455070920775,0.5809854685764447,-0.5616380840797505,2,-0.575223226810729,-0.5138404882699067,-0.5958505371586158,0.0014622902425524625,2
1899,US-Bi1,2018-09-21,US-Bi1,Croplands,38.0991537999999,-121.49933,2.4,6.1,2.6931735678367805,24.18080689583333,1.5070726145833333,1.3200410208333333,-0.9859481499638304,-0.1670516255021195,-0.6961635966076235,0.014149828288471866,0.5774955167242138,-0.6961635966076235,2,-0.6809313114621737,-0.7088984067344117,-0.6986610716262849,0.011444297136057855,2
1900,US-Bi1,2018-09-22,US-Bi1,Croplands,38.0991537999999,-121.49933,2.0,5.6,2.9571682565164705,23.74955341666667,1.323123620833333,1.8026419583333333,-0.9886775902323404,-0.1500553983446526,-0.47536721193412385,0.00912417645222579,0.316224856010138,-0.4753672119341239,2,-0.4648356423413969,-0.4803777960907666,-0.480888197370208,-0.0470181237937835,2
1901,US-Bi1,2018-09-29,US-Bi1,Croplands,38.0991537999999,-121.49933,3.0,3.7,3.4134903640684384,21.4001409375,0.7082774125000001,2.337623125,-0.9995462806873572,-0.0301203048469083,-0.24222380119166487,0.027972182873889494,0.4653900652618039,-0.24222380119166487,2,-0.2670889408454519,-0.2119380345297906,-0.2476444281997521,0.00982380120381143,2
1902,US-Bi1,2018-10-07,US-Bi1,Croplands,38.0991537999999,-121.49933,4.2,5.5,4.7946546904308285,23.06990533333333,1.4525371375,6.340625583333331,-0.994217906893952,0.107381346664163,-1.1789090769453063,0.2048591792120943,1.101239138586953,-1.1789090769453063,2,-1.0292148047537317,-1.4123784118728746,-1.095134014209313,0.36115793783183353,2
1903,US-Bi1,2018-10-08,US-Bi1,Croplands,38.0991537999999,-121.49933,3.2,4.4,2.9543034334000016,21.839989937499997,1.2568844,1.6779236875,-0.9922222094179324,0.1244792638867886,-0.2371883708945982,0.03866130001121424,0.4896023271367544,0.2371883708945982,2,-0.26300105470633917,-0.19273880254653528,-0.25582525543092016,-0.007022253315276487,2
1904,US-Bi1,2018-10-15,US-Bi1,Croplands,38.0991537999999,-121.49933,3.4,3.9,3.928795995644639,20.13046012500001,1.4177395958333332,2.507675208333334,-0.970063921851507,0.2428497220959358,-0.3640004978801665,0.03869741915350205,0.6672909829432421,-0.36400049788016653,2,-0.3199671863472472,-0.37943757495756947,-0.39259673233568265,-0.007022253315276487,2
1905,US-Bi1,2018-10-24,US-Bi1,Croplands,38.0991537999999,-121.49933,2.7,2.8,2.230876514431704,19.968062041666663,0.7398675395833334,1.2215239791666663,-0.9209712877166346,0.3896304495307877,0.318918447063399,0.20024422414626847,0.5258237076903268,-0.318918447063399,2,0.5468078094378839,0.23884968935218986,0.17109784240012332,0.016315430559629553,2
1906,US-Bi1,2018-10-31,US-Bi1,Croplands,38.0991537999999,-121.49933,1.3,2.7,1.3311580992015597,18.836505479166664,1.0549427395833335,1.3100204375000002,-0.867456354729597,0.4975132889071803,0.28034094900410916,0.06793051884789654,0.40180841782908583,-0.21802475060098986,2,0.3587629851684235,0.23970039469412707,0.24255946714977705,-0.05912057258710978,2
1907,US-Bi1,2018-11-08,US-Bi1,Croplands,38.0991537999999,-121.49933,2.0,3.4,1.7670247206565446,18.11687995833334,1.2668456687500005,4.090547291666668,-0.7909456567567774,0.6118864012687242,-0.16232647781451007,0.14449733347289806,0.7773930796973885,0.16232647781451007,2,0.0018815929051263225,-0.21881291153641003,-0.27004811481224655,0.0445691071312289,2
1908,US-Bi1,2018-11-09,US-Bi1,Croplands,38.0991537999999,-121.49933,1.0,1.6,0.8703360739601852,13.78788733333333,0.7410565354166669,0.8202658541666666,-0.780295851070776,0.6254105729852457,0.43383621142534334,0.10465201427915617,0.6461685786192711,-0.43383621142534334,2,0.5317480823971614,0.4462153656905975,0.3235451861882711,0.018998565927564666,2
1909,US-Bi1,2018-11-16,US-Bi1,Croplands,38.0991537999999,-121.49933,0.8,1.3000001,0.6139474699440967,12.864714854166666,0.4383438125,0.5989069374999999,-0.6994583270516471,0.7146733860429608,0.5415374556993174,0.13085019156596353,0.800593413076237,-0.5415374556993174,2,0.6817505082189244,0.5201853913912147,0.4226764674878134,0.01597839112862928,2
1910,US-Bi1,2018-11-25,US-Bi1,Croplands,38.0991537999999,-121.49933,0.8,1.0,1.545543397060987,20.60906356249999,0.4002787895833333,1.3684449999999997,-0.5808002734538014,0.8140460935082175,0.7457060589165402,0.026758238222495925,0.9596684644498759,0.7453807352054339,2,0.7598074872869027,0.7148464052083878,0.7624642842543299,-0.19312308865727856,2
1911,US-Bi1,2018-12-02,US-Bi1,Croplands,38.0991537999999,-121.49933,0.7,0.90000004,1.012467969958708,16.869206729166667,0.2306376958333333,1.4932866666666664,-0.4787338401157883,0.8779600847008883,0.6881509346120337,0.03816805550262209,0.7930665427303368,-0.06321499469461755,2,0.7197952610177231,0.6988952524633082,0.6457622903550696,-0.18211895083450663,2
1912,US-Bi1,2018-12-26,US-Bi1,Croplands,38.0991537999999,-121.49933,0.8,1.1,1.664469443618661,18.071113354166663,0.4478114312500001,2.0323963125000004,-0.0859647987374467,0.9962981749346076,0.6060087814039012,0.11579914641931376,0.8865972180721448,0.6060087814039012,2,0.7387896550840616,0.5532701576299179,0.5259665314977243,0.034394923910389896,2
1913,US-Bi1,2018-12-27,US-Bi1,Croplands,38.0991537999999,-121.49933,0.8,1.8000001,2.827262129721709,16.810852833333332,0.4413766333333333,5.133024374999999,-0.0688024268023206,0.9976303053065856,0.6253560864138262,0.25181086527241786,1.1012893878776746,0.6253560864138263,2,0.8943249314009727,0.3952132498159304,0.5865300780245755,0.1319369828853098,2
1953,US-Bi2,2017-04-27,US-Bi1,Croplands,38.109,-121.535,2.9,4.6,4.270343719985835,18.5206645625,0.676530075,5.022762125000002,0.9033558023246844,-0.4288919379124835,1.064838841485331,0.09863618409629939,0.9275760095714178,1.064838841485331,2,1.1445765625830104,0.9545390311438711,1.0954009307291113,-0.16393892870805474,2
1954,US-Bi2,2017-05-05,US-Bi1,Croplands,38.109,-121.535,2.3,4.8,2.146699584260994,19.30808533333333,0.7470541062500002,6.676333895833335,0.835925479418637,-0.548842958284719,1.8946133407184484,0.3478178314076353,0.9552801141667789,-1.8946133407184487,2,2.2782812658397424,1.5999375760054129,1.8056211803101898,-0.6480308144161544,2
1955,US-Bi2,2017-05-13,US-Bi1,Croplands,38.109,-121.535,1.8,5.2000003,1.8194555893897204,16.305710354166667,0.7940637166666665,4.873422166666666,0.7526668275320084,-0.6584015846980488,1.2097407398413227,0.07596134713576848,0.5832863144480115,-1.170829561061882,2,1.297138690715754,1.1724702086866354,1.1596133201215784,-0.09940737741667724,2
1956,US-Bi2,2017-05-21,US-Bi1,Croplands,38.109,-121.535,0.9,6.4,1.3454825683146985,26.81691295833333,1.8562947729166668,2.267878958333333,0.6551563572090853,-0.7554933140726803,0.1451912568822158,0.026511311099921595,0.49890134053470553,0.1451912568822158,2,0.11723410495164821,0.14836946904875664,0.16997019664624252,-0.03845574509538518,2
1957,US-Bi2,2017-06-06,US-Bi1,Croplands,38.109,-121.535,1.6,6.9,1.2313673072452311,23.782386791666664,1.3985014354166667,3.792391895833333,0.4250003399695541,-0.9051931898913974,0.6631077339117575,0.1381217811854868,0.5187204116891013,-0.6631077339117575,2,0.6332983290179427,0.8137002249498235,0.5423246477675063,-0.4646426987143648,2
1958,US-Bi2,2017-06-14,US-Bi1,Croplands,38.109,-121.535,1.4,7.4,1.8304668301981333,25.418548854166666,1.5752437458333333,3.390640458333333,0.2967128192734907,-0.9549667548552552,0.15342256778545524,0.05801512579230857,0.5550282114195195,0.15342256778545527,2,0.21676579966230397,0.14063165766657637,0.1028702460274854,-0.028187832809175008,2
1959,US-Bi2,2017-06-15,US-Bi1,Croplands,38.109,-121.535,4.0,7.5,1.5729024146327168,26.100956625,1.549809716666667,5.327494312500002,0.2802306751992158,-0.9599326896597448,1.6648397151108398,0.06737349332985276,0.7257410928005632,-1.6648397151108396,2,1.7399427981404836,1.6448618127481556,1.6097145344438804,-0.9948051315772392,2
1960,US-Bi2,2017-06-22,US-Bi1,Croplands,38.109,-121.535,3.1,8.7,3.753332698560033,33.2185715,2.6297163999999995,3.966282041666666,0.1628070129385171,-0.986657932891657,0.10553016558606036,0.11638574330391152,1.1514143293926902,0.10553016558606032,2,-0.028653291376019824,0.17908263339655567,0.16616115473764526,0.055630740698561346,2
1961,US-Bi2,2017-06-30,US-Bi1,Croplands,38.109,-121.535,3.9,7.2000003,3.731299160909456,24.18118739583333,1.1269471375000002,3.025668166666668,0.025818440227133,-0.9996666485105112,0.2632312492149871,0.09358493712943096,0.4101522223470422,-0.2632312492149871,2,0.16375974846947694,0.27639917408366643,0.3495348250918178,-0.054388903691189955,2
1962,US-Bi2,2017-07-01,US-Bi1,Croplands,38.109,-121.535,3.1,6.7000003,3.4671988828844027,23.37355139583333,1.0400390208333332,2.162672020833333,0.0086069968886886,-0.9999629591162656,-0.09318490882392876,0.15935056021902266,0.41931012777198234,-0.09318490882392877,2,-0.2722310415384259,0.03307319274636089,-0.040396877679721194,-0.0499927839981277,2
1963,US-Bi2,2017-07-08,US-Bi1,Croplands,38.109,-121.535,5.3,9.8,7.3266118827951825,30.774536791666662,2.635479483333334,2.9925065833333333,-0.1116590071216944,-0.993746580436178,-0.9713300275877336,0.11462370559329754,0.8137513905480709,-0.9713300275877335,2,-1.0906220204275177,-0.8620286264552262,-0.9613394358804568,-0.6223129253620632,2
1964,US-Bi2,2017-07-16,US-Bi1,Croplands,38.109,-121.535,6.9,9.5,8.283482006655662,31.547822395833325,2.512096254166667,2.5871878541666677,-0.2470221804809352,-0.9690098257244064,-1.585063215319275,0.028262095441862905,0.7028926614624404,-1.5850632153192752,2,-1.6115270447335768,-1.5883689950800062,-1.555293606144242,-1.182015572272737,2
1965,US-Bi2,2017-07-24,US-Bi1,Croplands,38.109,-121.535,6.2,6.9,6.084303455555962,23.067027416666665,0.8642085729166665,2.5799233125,-0.3777079652039646,-0.92592477719385,-0.984219698761745,0.11439460878049705,0.47561948784129643,-0.7528266098736688,2,-0.9004702123534514,-0.9376317709526151,-1.1145571129791687,-0.39797046814197456,2
1966,US-Bi2,2017-08-01,US-Bi1,Croplands,38.109,-121.535,6.6,8.5,6.818241041899757,29.062317520833336,1.7978413395833337,1.5742067500000003,-0.5012418134457756,-0.8653072543632061,-1.6775551691834132,0.08308209455187356,0.5649415421374953,-1.6775551691834132,2,-1.623735909992281,-1.635687986260408,-1.773241611297551,-1.4384463397981748,2
1967,US-Bi2,2017-08-09,US-Bi1,Croplands,38.109,-121.535,5.7,6.2000003,5.505685760799973,23.63397585416666,0.7166365708333334,2.193540708333334,-0.6152845999633277,-0.7883050558305253,-0.34696782678029603,0.04892372924620857,0.4470698347122818,0.041660651619758404,2,-0.38809983575897644,-0.29286602557476554,-0.3599376190071461,-0.09264980106221123,2
1968,US-Bi2,2017-08-17,US-Bi1,Croplands,38.109,-121.535,5.6,6.2000003,5.890923363450187,25.387912625,0.9793942583333336,2.484432333333334,-0.7176769136759615,-0.6963762255968726,-0.29970016583076314,0.23400215017465834,0.5638563658640072,-0.2997001658307632,2,-0.3923596908137966,-0.033557606603473275,-0.4731832000750194,0.03402331990822364,2
1969,US-Bi2,2017-08-25,US-Bi1,Croplands,38.109,-121.535,5.1,6.6,5.563817542937097,25.340122375,1.1531800520833333,1.2148016666666666,-0.8064799463209447,-0.5912614448635782,-0.8554708989390947,0.14486107499363626,0.40587470248691854,-0.8554708989390947,2,-1.013885249950926,-0.729751347731253,-0.8227760991351049,-0.22734569674837893,2
1970,US-Bi2,2017-09-10,US-Bi1,Croplands,38.109,-121.535,3.9,5.9,4.407640092339396,28.79467087500001,1.5443427312500002,1.2208246666666671,-0.9368813462954316,-0.3496474552512282,-0.7820102859457229,0.24524832306795735,0.6714548535956786,-0.7820102859457227,2,-1.0021888415826679,-0.5176880910963302,-0.8261539251581707,0.173025494045561,2
1971,US-Bi2,2017-09-18,US-Bi1,Croplands,38.109,-121.535,3.8,5.1,1.8806530271723716,22.88937964583333,0.7604894458333334,3.0323786874999987,-0.9760105506323682,-0.2177232303965322,-0.3229738602804313,0.12963978310865418,0.5411427528632657,0.3229738602804313,2,-0.3163828852151146,-0.4557834113360336,-0.1967552842901456,0.008786409280851972,2
1972,US-Bi2,2017-09-26,US-Bi1,Croplands,38.109,-121.535,1.0,5.8,0.5453277240004764,23.68725356249999,1.6510123041666669,1.6732384583333333,-0.99665890175417,-0.0816763953304228,-0.3767745923400216,0.015534218397514787,0.28265347191838724,0.3767745923400216,2,-0.36731766896742896,-0.3683031717743669,-0.39470293627826886,-0.057521202155399624,2
1973,US-Bi2,2017-10-04,US-Bi1,Croplands,38.109,-121.535,0.9,4.1,0.4850943858370904,18.064468718750003,0.9886277916666666,1.5691068333333331,-0.9984354211555644,0.055916990100603,-0.16813152041775256,0.032807598841496935,0.3207195938331905,0.16813152041775256,2,-0.17356775424110016,-0.1978814503076344,-0.13294535670452307,-0.057521202155399624,2
1974,US-Bi2,2017-10-05,US-Bi1,Croplands,38.109,-121.535,0.8,4.4,0.3991877806446268,19.46970027083333,1.2488724916666667,1.954434729166666,-0.9973249731081556,0.0730951298980777,-0.16372107031723435,0.024183003352338802,0.33545976098540453,0.16372107031723435,2,-0.1377392225765442,-0.18557344678429996,-0.1678505415908589,-0.057521202155399624,2
1975,US-Bi2,2017-10-12,US-Bi1,Croplands,38.109,-121.535,0.9,4.6,0.5918529686773311,17.532680916666667,1.2475473583333332,3.9180224791666665,-0.9813064702716092,0.1924515819708299,-0.08054887324076372,0.16377279474902323,0.5286231592766173,0.08054887324076371,2,-0.26962710727471245,0.01692185781256858,0.011058629739852749,0.01791480099133971,2
1976,US-Bi2,2017-10-21,US-Bi1,Croplands,38.109,-121.535,0.9,2.8,0.8796787513259746,16.363698041666673,0.5654104166666668,2.382899979166666,-0.9398560579418952,0.341570769167856,0.015892379098552605,0.03538517493218777,0.453856472235738,-0.01589237909855261,2,0.03168288765705171,0.04063307868278779,-0.024638829044181687,0.015266045515564732,2
1977,US-Bi2,2017-10-28,US-Bi1,Croplands,38.109,-121.535,0.6,3.2,0.2978499874497881,21.1943143125,0.9660233708333332,1.2057766041666664,-0.8919813464595487,0.4520722039323037,0.11167291164583215,0.019286784595045833,0.49159170941853053,-0.11167291164583215,2,0.1291892785368995,0.09100411410114989,0.11482534229944708,-0.0054228828835663325,2
1978,US-Bi2,2017-11-05,US-Bi1,Croplands,38.109,-121.535,0.8,1.6,0.9845830385955284,13.808593083333331,0.4668699750000001,2.322190895833334,-0.8214765533024145,0.5702422926917867,0.2629042009321554,0.1292440962447854,0.5768142390982423,0.10626187625890138,2,0.28922296820919535,0.37696324473594467,0.12252638985132613,0.01400368494805945,2
1979,US-Bi2,2017-11-06,US-Bi1,Croplands,38.109,-121.535,0.5,1.7,0.5730926751385947,14.266487729166668,0.3982722687500001,1.4311795208333329,-0.8115390590073611,0.5842981736283683,0.27308305459174725,0.08792781088164506,0.41775016943414595,-0.12689770431455777,2,0.29123696478700717,0.35051694612565343,0.17749525286258117,-0.04567044700726411,2
1980,US-Bi2,2017-11-13,US-Bi1,Croplands,38.109,-121.535,0.5,1.3000001,0.803069253026803,17.6421034375,0.3683971729166665,1.5961267916666668,-0.7354170229639858,0.6776147890466887,0.5043481394042031,0.07507803570833825,0.6395877823275233,0.10179036664940289,2,0.5301747147346662,0.5631038998060935,0.41976580367184946,-0.021957256405973166,2
1981,US-Bi2,2017-11-29,US-Bi1,Croplands,38.109,-121.535,0.6,1.2,0.9953401562468212,14.660596875,0.3454399729166665,1.8680318541666665,-0.5234156073655503,0.8520775211013093,0.4834336824013579,0.10936285919511493,0.5546935464922647,0.3072466300922844,2,0.5826327951480199,0.5015089883776233,0.36615926367843055,0.013192239118964798,2
1982,US-Bi2,2017-12-07,US-Bi1,Croplands,38.109,-121.535,0.8,1.5,0.8533176620007794,11.657338166666667,0.3063686145833333,1.0138194999999997,-0.4014879892059737,0.9158642882672868,0.5995732411445038,0.10544365203236261,0.5752551042273446,-0.4929379171429451,2,0.7204225445278275,0.5263053749897099,0.551991803915974,-0.03225070544088039,2
1983,US-Bi2,2017-12-08,US-Bi1,Croplands,38.109,-121.535,0.6,1.2,0.840395149770482,12.492619395833335,0.3099434104166667,1.1168416041666671,-0.3856634062436074,0.9226395488404876,0.6096408669220045,0.0863330456709961,0.6188130411249545,-0.1288505673810404,2,0.7092734442146019,0.5627240491509261,0.5569251074004855,-0.014908511956261274,2
1984,US-Bi2,2018-02-01,US-Bi1,Croplands,38.109,-121.535,1.4,1.7,1.980585036134764,17.404384062500004,0.4435078541666666,1.2873069375,0.5234156073655503,0.8520775211013093,0.4394112312219341,0.18711042841974768,0.8465741719804178,0.4394112312219341,2,0.6552957533445194,0.3389333692890893,0.32400457103219377,0.05667401698465388,2
1985,US-Bi2,2018-02-09,US-Bi1,Croplands,38.109,-121.535,1.6,2.1000001,2.069510239465536,18.8055704375,0.5225860229166666,1.2783171458333331,0.6354323008901774,0.7721565844991642,0.30411785428469584,0.16472275229879477,0.8207271006397686,0.30411785428469584,2,0.4942359512839315,0.2140505008811362,0.20406711068901984,0.051679136005148674,2
1986,US-Bi2,2018-02-17,US-Bi1,Croplands,38.109,-121.535,1.4,1.8000001,1.6593737204481354,14.934311499999998,0.5999036729166668,0.91265525,0.7354170229639855,0.6776147890466889,0.28369082013674934,0.14351262166839543,0.6816752853110277,0.23505662075952155,2,0.4098431792588223,0.12755520100031215,0.3136740801511135,0.019452920697477127,2
1987,US-Bi2,2018-02-25,US-Bi1,Croplands,38.109,-121.535,1.2,2.6000001,2.1974565958835046,12.551598625000004,0.4934401958333334,2.949285604166666,0.8214765533024142,0.5702422926917871,0.1899988367767229,0.09557630636356693,0.6206427451478713,0.1899988367767229,2,0.09979087402400133,0.18004173452675915,0.2901639017794082,0.008719579617223586,2
1988,US-Bi2,2018-03-05,US-Bi1,Croplands,38.109,-121.535,1.7,2.4,3.0313217393246887,12.180331354166665,0.3267129166666667,2.096602083333334,0.8919813464595485,0.4520722039323043,0.18401567982767686,0.07590626577323643,0.6371919446987574,0.18401567982767686,2,0.11075480633621815,0.1789760494377684,0.2623161837090441,0.008719579617223586,2
1989,US-Bi2,2018-03-29,US-Bi1,Croplands,38.109,-121.535,1.8,4.3,2.57328320090945,21.297596875,0.9468620291666664,1.775390833333333,0.9984354211555644,0.0559169901006034,-0.21086064513327887,0.09043018175849266,0.6695620440479368,-0.21086064513327885,2,-0.26187049320706524,-0.2642614517025397,-0.10644999049023172,0.008719579617223586,2
1990,US-Bi2,2018-04-14,US-Bi1,Croplands,38.109,-121.535,2.2,4.4,3.1333511659676487,19.380028729166664,0.8612645854166666,1.6524658124999998,0.9760105506323684,-0.2177232303965317,-0.14795541590112612,0.03117781584998634,0.5435952986031645,-0.14795541590112604,2,-0.17251124677426782,-0.15847694297468928,-0.11287805795442128,-0.007022253315276487,2
1991,US-Bi2,2018-04-15,US-Bi1,Croplands,38.109,-121.535,2.6,2.8,3.6320364326133454,16.674165937499996,0.5496320854166664,4.459027812499999,0.9721181966290612,-0.2344913895704098,0.623355909099735,0.13424092158341427,1.0562803783093169,0.623355909099735,2,0.6611453855084497,0.47427057356926206,0.7346517682214933,0.14293833238889173,2
1992,US-Bi2,2018-04-22,US-Bi1,Croplands,38.109,-121.535,2.2,5.4,2.166082111801268,22.44224560416667,0.9237595062499998,1.6859957916666666,0.9368813462954316,-0.3496474552512284,-0.1976810440704498,0.11713395546592266,0.5744771146325431,-0.12984526767298563,2,-0.0875410588919812,-0.32073817714785136,-0.18476389617151678,0.012404314516349296,2
1993,US-Bi2,2018-05-01,US-Bi1,Croplands,38.109,-121.535,2.8,5.1,2.67742451261892,18.726688729166668,0.7654471624999998,4.358161458333335,0.8717063187093218,-0.4900286664290592,0.8049759344923432,0.06783978642690772,0.7483792475695821,-0.8049759344923432,2,0.7688485974886476,0.8832338573978673,0.7628453485905146,-0.20023220473070966,2
1994,US-Bi2,2018-05-08,US-Bi1,Croplands,38.109,-121.535,3.1,5.8,2.584867576946503,21.82309116666667,1.0208786312499998,4.650211104166666,0.8064799463209448,-0.5912614448635781,1.1621455034218016,0.12705445782706296,0.8083313405059804,-1.1621455034218016,2,1.1120237486133684,1.3066161481188212,1.0677966135332149,-0.10173679034015101,2
1995,US-Bi2,2018-05-17,US-Bi1,Croplands,38.109,-121.535,2.2,5.7000003,3.302943083787348,19.7521513125,0.69799710625,4.4860311458333335,0.705583610107178,-0.7086266782644596,1.2036878936351878,0.1441922983012627,0.5800219146379415,1.002198273939508,2,1.1984472895210863,1.350429051021333,1.062187340363144,-0.0691719513894087,2
1996,US-Bi2,2018-05-24,US-Bi1,Croplands,38.109,-121.535,1.4,5.1,1.69526894834057,18.023731375,0.4970751166666668,7.88535375,0.6152845999633276,-0.7883050558305255,2.115309841838468,0.3742065600509254,0.993489450130375,-1.5247719451573278,2,2.54352729838958,1.9512301752552879,1.851172051870537,-0.6480308144161544,2
1997,US-Bi2,2018-06-01,US-Bi1,Croplands,38.109,-121.535,1.2,6.9,1.4191765264241654,22.05714841666666,1.2167415541666664,3.7468749166666657,0.5012418134457758,-0.865307254363206,0.5086672764392189,0.15259872353071566,0.5263536261405466,-0.07031422359088813,2,0.5487264999503532,0.6372405394269338,0.34003478994036995,-0.10424412158612174,2
1998,US-Bi2,2018-06-02,US-Bi1,Croplands,38.109,-121.535,0.7,7.8,1.2751089548784769,27.675089312499995,2.0368263416666665,2.2160960208333336,0.48627270710869,-0.8738071036110808,-0.08305251755480962,0.06792083151246105,0.46849053638171867,-0.08305251755480958,2,-0.15634132639038942,-0.07059079760215929,-0.022225428671880154,-0.05663481800379239,2
1999,US-Bi2,2018-06-18,US-Bi1,Croplands,38.109,-121.535,2.1,7.3,2.258293537545923,23.102422291666674,1.0361115333333335,5.141776958333336,0.2303056702306122,-0.973118337233262,1.5494373677141553,0.07563926222017073,0.6303976644027184,-1.2328502926223095,2,1.464460197109379,1.6094033197008235,1.574448586332264,-1.0264332157838474,2
2000,US-Bi2,2018-06-25,US-Bi1,Croplands,38.109,-121.535,2.4,6.9,3.393937158718689,23.01597266666666,0.9247986041666664,4.30276775,0.1116590071216951,-0.993746580436178,1.3939013530437165,0.04365157657745297,0.5078145318468437,0.5939729643936618,2,1.3436461130319712,1.4223857983680495,1.4156721477311285,-0.8696524920499997,2
2001,US-Bi2,2018-07-03,US-Bi1,Croplands,38.109,-121.535,4.4,6.9,4.985412671502335,22.325507937500007,0.8239430437499999,3.480449624999999,-0.0258184402271323,-0.9996666485105112,0.4257467686459753,0.018137345525929147,0.5804311376211668,0.4257467686459753,2,0.435543407085892,0.4368791296731277,0.40481776917890644,-0.03001058831451083,2
2002,US-Bi2,2018-07-04,US-Bi1,Croplands,38.109,-121.535,4.2,5.7000003,4.543612725797471,20.77398420833333,0.679096108333333,3.746117708333332,-0.0430222330045303,-0.99907411510223,0.7537903243038029,0.13846964090548589,0.5558290368303238,-0.06656487270886036,2,0.8645817744333943,0.5985558172646116,0.7982333812134028,-0.28602880878903714,2
2003,US-Bi2,2018-07-11,US-Bi1,Croplands,38.109,-121.535,5.5,8.0,6.790265718152509,26.10298497916667,1.4710784041666665,1.8126792083333336,-0.1628070129385164,-0.9866579328916572,-1.1912533821916276,0.04947036154123677,0.5262685098326616,-1.1912533821916274,2,-1.2390320948745182,-1.194478830511014,-1.1402492211893513,-0.8977129346907111,2
2004,US-Bi2,2018-07-19,US-Bi1,Croplands,38.109,-121.535,6.5,8.6,6.163676526286089,26.062885562500004,1.4088103645833334,2.2280833333333336,-0.2967128192734901,-0.9549667548552552,-1.4822062824942674,0.06905612040885634,0.43416097010496973,-0.8095593350664456,2,-1.5406348310887121,-1.4999848406056413,-1.4059991757884487,-1.182577668663527,2
2005,US-Bi2,2018-07-20,US-Bi1,Croplands,38.109,-121.535,6.9,7.8,6.6873595103275045,26.089876583333336,1.24073579375,2.6346216250000003,-0.3131070409358267,-0.9497178427914316,-1.182383844036878,0.08023869706890072,0.3962528533549597,-0.7571028646918863,2,-1.0934519354706018,-1.2493572467845675,-1.2043423498554646,-0.8516939935667757,2
2006,US-Bi2,2018-07-27,US-Bi1,Croplands,38.109,-121.535,6.5,8.5,7.291795574962594,25.57740314583334,1.346439247916667,2.9703426875000014,-0.4250003399695539,-0.9051931898913976,-1.3377885072528517,0.09199759665210569,0.5853545925480087,-1.337788507252852,2,-1.234473238531164,-1.4108476421799558,-1.368044641047435,-1.1785395778447187,2
2007,US-Bi2,2018-08-04,US-Bi1,Croplands,38.109,-121.535,6.8,8.8,7.717578313948049,26.70649366666666,1.7223962479166666,2.3857031458333333,-0.5452404385406507,-0.8382797052177745,-1.6506571088613813,0.12936587625017748,0.5822261034890858,-1.650657108861381,2,-1.5019664606087328,-1.7125988738359308,-1.7374059921394807,-1.126295542809809,2
2008,US-Bi2,2018-08-05,US-Bi1,Croplands,38.109,-121.535,5.6,7.5,5.391526733205776,24.367895895833332,1.282296925,1.6454869791666666,-0.5595892624101763,-0.828770087174504,-1.0230240269969915,0.11506074246075745,0.6133210623290302,-0.606077493408544,2,-0.897635710060647,-1.047674763727314,-1.1237616072030132,-0.5031803497205731,2
2009,US-Bi2,2018-08-12,US-Bi1,Croplands,38.109,-121.535,5.7,8.0,6.27792777360636,26.26213647916667,1.5855086333333333,1.1812191666666667,-0.655156357209085,-0.7554933140726804,-1.4897941745399208,0.010812861724182405,0.8199131462295848,-1.489794174539921,2,-1.487880269234879,-1.5014361963793392,-1.480066058005544,-1.1493239113715072,2
2010,US-Bi2,2018-08-20,US-Bi1,Croplands,38.109,-121.535,5.5,6.5,4.733061286452724,22.50205795833333,0.8944374916666669,2.3858351041666666,-0.7526668275320083,-0.6584015846980489,-0.8884650976840315,0.06647248363608867,0.5780149752045645,0.6454123294105206,2,-0.8490908844976333,-0.8510921956659961,-0.9652122128884647,-0.5499109221048379,2
2011,US-Bi2,2018-08-21,US-Bi1,Croplands,38.109,-121.535,4.5,5.0,3.1725219590914553,20.512582,0.4836578687500002,3.771493145833333,-0.7638886127905429,-0.64534811322955,-0.15568024982548678,0.14612956291260237,0.6720047069066393,0.15568024982548678,2,-0.30038723962313907,-0.008168492008969186,-0.1584850178443521,0.008786409280851972,2
2012,US-Bi2,2018-08-28,US-Bi1,Croplands,38.109,-121.535,4.4,4.6,3.1994062143180204,21.485196062500005,0.5978586958333334,3.2022140416666662,-0.8359254794186365,-0.5488429582847199,0.09889238985400255,0.126763415205157,0.5652748746007582,-0.09889238985400262,2,-0.02263777839927092,0.2303099834033293,0.0890049645579492,0.008786409280851972,2
2013,US-Bi2,2018-09-06,US-Bi1,Croplands,38.109,-121.535,4.6,5.7000003,3.302620428574693,22.4669144375,0.9248808125,1.869263916666667,-0.9106046300942162,-0.4132786077829044,-0.639283454377868,0.07546713327168378,0.3950356643090683,0.639283454377868,2,-0.5667921307385754,-0.6336478053057387,-0.7174104270892901,-0.02196021824311888,2
2014,US-Bi2,2018-09-13,US-Bi1,Croplands,38.109,-121.535,3.5,4.8,2.4875894711435578,20.805385625,0.9117166479166664,1.6021477499999996,-0.9536809966304456,-0.300819807635668,-0.4109429979817065,0.10438231180764418,0.3011620670373143,0.4109429979817065,2,-0.381609712162562,-0.3243656989707988,-0.5268535828117589,-0.04358508253984855,2
2015,US-Bi2,2018-09-21,US-Bi1,Croplands,38.109,-121.535,3.5,6.1,2.4385772400684376,23.41518885416667,1.5427701562499998,1.3390592291666668,-0.9859481499638304,-0.1670516255021195,-0.6896127285773205,0.21632474908435037,0.5349125520446185,0.6896127285773205,2,-0.8707248343781372,-0.4500761369622784,-0.7480372143915458,0.051913404515442685,2
2016,US-Bi2,2018-09-22,US-Bi1,Croplands,38.109,-121.535,1.5,5.6,1.815721994945933,22.975760208333337,1.3402663479166668,2.0173255208333334,-0.9886775902323404,-0.1500553983446526,-0.34131205979114254,0.04496132074562619,0.27957029367151864,-0.34131205979114254,2,-0.3202051612181728,-0.3929434166151817,-0.31078760154007334,-0.05912057258710978,2
2017,US-Bi2,2018-09-29,US-Bi1,Croplands,38.109,-121.535,1.0,3.7,0.4045315955414153,20.851671604166665,0.6929294374999998,2.7693167083333328,-0.9995462806873572,-0.0301203048469083,0.18490925124309254,0.06625951982493326,0.4907777553866203,-0.18490925124309254,2,0.15676861077010829,0.2605945228530817,0.13736462010608763,-0.0054228828835663325,2
2018,US-Bi2,2018-10-08,US-Bi1,Croplands,38.109,-121.535,0.0,4.4,0.6562955925910466,21.83596441666666,1.38151319375,2.0325261041666667,-0.9922222094179324,0.1244792638867886,0.02709945994119046,0.12197831876604379,0.304061009394825,0.02709945994119045,2,-0.019958539635774417,0.16559745013948457,-0.06434053068013876,-0.041985712108138395,2
2019,US-Bi2,2018-10-24,US-Bi1,Croplands,38.109,-121.535,0.3,2.8,0.3817903949139097,19.04592020833333,0.7006077291666668,1.5879865833333326,-0.9209712877166346,0.3896304495307877,0.11028452265397819,0.046107595449405896,0.3979740041200035,0.05329626717384124,2,0.15032759534388695,0.12064924315795283,0.05987672946009476,-0.057521202155399624,2
2020,US-Bi2,2018-10-31,US-Bi1,Croplands,38.109,-121.535,0.9,2.7,0.5243472057077951,18.355234229166665,1.025279408333333,1.47393225,-0.867456354729597,0.4975132889071803,0.16550892760347585,0.05983920624556449,0.3569613637553028,-0.1655089276034759,2,0.23295323227072623,0.14479369381586055,0.11877985672384078,-0.057521202155399624,2
2021,US-Bi2,2018-11-08,US-Bi1,Croplands,38.109,-121.535,1.0,3.4,1.5040857245785757,17.404227124999995,1.2447963583333332,5.070785770833333,-0.7909456567567774,0.6118864012687242,0.15624462326625807,0.08774513718100661,0.6960621953225693,0.1562446232662581,2,0.14657466641539618,0.2484241953984006,0.07373500798497742,0.017367556230061566,2
2022,US-Bi2,2018-11-09,US-Bi1,Croplands,38.109,-121.535,0.6,1.6,1.2713868802278976,13.373439,0.75224580625,1.1424326666666664,-0.780295851070776,0.6254105729852457,0.3157079434387111,0.11869129903779367,0.5161081202613765,0.3157079434387111,2,0.3898130631799953,0.3785000022932482,0.17881076484288977,0.01400368494805945,2
2023,US-Bi2,2018-11-25,US-Bi1,Croplands,38.109,-121.535,0.8,1.0,1.800286559760636,16.605804604166668,0.37130401875,1.7718968541666664,-0.5808002734538014,0.8140460935082175,0.5991332353368062,0.08553977210431314,0.7414152987596652,0.5991332353368062,2,0.6673661609156639,0.6268654064196819,0.5031681386750728,0.019075218187782773,2
2024,US-Bi2,2018-12-02,US-Bi1,Croplands,38.109,-121.535,0.6,0.90000004,1.2881737473181163,11.987872770833334,0.2256029958333333,1.7783615208333332,-0.4787338401157883,0.8779600847008883,0.4596992124723321,0.11193607799731653,0.5557011545439373,0.4596992124723321,2,0.5823512386788361,0.4336867365467779,0.3630596621913825,0.013192239118964798,2
2025,US-Bi2,2018-12-26,US-Bi1,Croplands,38.109,-121.535,1.2,1.1,1.1689395796103716,14.176255437499998,0.4611716666666667,2.417759895833333,-0.0859647987374467,0.9962981749346076,0.5562687094906552,0.11520997014972362,0.8019529942720606,-0.5562687094906552,2,0.6891987778188279,0.49433522281067666,0.4852721278424612,0.017577933527558636,2
2026,US-Bi2,2018-12-27,US-Bi1,Croplands,38.109,-121.535,1.2,1.8000001,2.6559398071254448,13.051319458333332,0.4272048229166666,6.1414944375,-0.0688024268023206,0.9976303053065856,0.3366323758885992,0.21470536202303048,1.2775292682793604,0.3366323758885992,2,0.44108154453304527,0.08968704059577823,0.4791285425369741,0.0552074179606364,2
4058,US-GLE,2016-06-20,US-GLE,Evergreen Forests,41.36653,-106.2399,4.9,5.1,2.178251895904226,15.390633062499996,1.1535038875000003,2.2512175833333328,0.1797665857255624,-0.9837092937736096,-0.8323392776259112,0.14558227565268383,0.5376409511590697,0.8323392776259113,1,-0.9876138173248208,-0.6989206311783226,-0.8104833843745902,0.09486423833235501,2
4059,US-GLE,2016-06-28,US-GLE,Evergreen Forests,41.36653,-106.2399,4.4,6.1,3.915714123865735,14.541175875,1.1726448895833337,3.4638223125000014,0.0430222330045305,-0.99907411510223,-0.6351520800254238,0.09233871786292489,0.36777705519772663,0.3334196722431071,1,-0.5325881404963627,-0.7116712752273546,-0.6611968243525542,-0.06963439006805859,2
4060,US-GLE,2016-07-06,US-GLE,Evergreen Forests,41.36653,-106.2399,4.6,5.7000003,5.96925362638051,13.098284479166663,1.0457953124999997,5.994445395833331,-0.0945367498171993,-0.9955213724144752,-0.187627342501135,0.19991942881778127,0.9858184697131194,-0.187627342501135,1,-0.044874226425753116,-0.10189266953701523,-0.4161151315406366,0.0349667913201679,2
4061,US-GLE,2016-07-07,US-GLE,Evergreen Forests,41.36653,-106.2399,4.2,5.4,4.73250879523809,11.329221791666663,0.8289856854166671,5.397838666666668,-0.1116590071216944,-0.993746580436178,-0.5019634082033809,0.24457845885191992,0.7808150666988077,-0.5019634082033808,1,-0.35386542262460935,-0.36776048014925394,-0.7842643218362797,0.034518053697371764,2
4062,US-GLE,2016-07-14,US-GLE,Evergreen Forests,41.36653,-106.2399,4.9,5.4,4.778449448553881,12.268332083333332,1.1184756291666664,3.967555999999999,-0.2303056702306119,-0.973118337233262,-0.9284541420646549,0.07765346853078485,0.43474638187630366,-0.6853530391724169,1,-1.0178742433647616,-0.8779912410366948,-0.8894969417925083,0.07642524842625496,2
4063,US-GLE,2016-07-15,US-GLE,Evergreen Forests,41.36653,-106.2399,4.3,5.4,4.900851014646313,13.683241020833336,1.2244290520833332,4.9418540208333335,-0.2470221804809352,-0.9690098257244064,-0.1956398476344338,0.23881085506910102,0.5370688821711782,-0.19563984763443376,1,-0.0005391254847270655,-0.1244228965267073,-0.46195752089186704,0.012697525324132226,2
4064,US-GLE,2016-07-22,US-GLE,Evergreen Forests,41.36653,-106.2399,5.0,5.6,4.666805113024203,14.883272104166664,0.95751415,4.102716583333334,-0.3617137307297674,-0.9322892131745134,-0.4884596492270084,0.027010050723638376,0.3396456384924639,0.17793012472458475,1,-0.5189502059113043,-0.4675321789746181,-0.4788965627951029,-0.0470181237937835,2
4065,US-GLE,2016-07-23,US-GLE,Evergreen Forests,41.36653,-106.2399,4.9,6.1,5.228321094360852,14.78925197916667,1.0447569166666668,5.103258083333333,-0.3777079652039646,-0.92592477719385,-0.11662935892990293,0.08711180802874743,0.6617365425455787,-0.11662935892990295,1,-0.02424215916464878,-0.1283712376989396,-0.19727467992612044,-0.004009646636584185,2
4066,US-GLE,2016-07-30,US-GLE,Evergreen Forests,41.36653,-106.2399,5.2,5.8,4.379884161190186,14.85862466666667,1.0784531645833335,3.7876284583333337,-0.4862727071086902,-0.8738071036110807,-0.5747315454556464,0.06076439287007826,0.38310602758495743,0.5747315454556464,1,-0.6438258531726279,-0.5507576560742473,-0.5296111271200641,-0.0470181237937835,2
4067,US-GLE,2016-08-07,US-GLE,Evergreen Forests,41.36653,-106.2399,3.8,4.5,4.348031050108226,13.73419004166667,0.8844292104166667,3.538566583333333,-0.6016240632249227,-0.7987793728863648,-0.2132904522363399,0.026269619663699072,0.5175303090374482,-0.2132904522363399,1,-0.22816483266782,-0.18295877529649737,-0.22874774874470244,-0.010640158550773812,2
4068,US-GLE,2016-08-31,US-GLE,Evergreen Forests,41.36653,-106.2399,3.4,3.9,1.0179159298241045,11.7385378125,0.8154924916666665,1.9291435,-0.8717063187093218,-0.4900286664290594,-0.7516596933962632,0.06884892423298314,0.5348463805411104,0.7516596933962632,1,-0.8212049701537038,-0.6835289191495526,-0.7502451908855334,0.15022078514335627,2
4069,US-GLE,2016-09-08,US-GLE,Evergreen Forests,41.36653,-106.2399,3.2,4.9,2.565816669309338,9.334634604166668,0.8164493791666666,8.084583520833336,-0.9307239310379792,-0.3657225234972692,-0.42960823342999177,0.12996496114544925,1.6456137370619301,0.42960823342999177,1,-0.4924119032796721,-0.2801696863533918,-0.5162431106569114,0.05629118289686136,2
4070,US-GLE,2016-09-09,US-GLE,Evergreen Forests,41.36653,-106.2399,1.8,3.6000001000000004,1.882417434990416,5.007522395833335,0.5450848854166668,6.114850562500003,-0.9368813462954316,-0.3496474552512282,-0.21642352023673064,0.2017545100178691,1.0771150259513829,-0.21642352023673062,1,0.0010293524594588432,-0.2527581861293272,-0.3975417270403236,0.15742620431769544,2
4071,US-GLE,2016-09-17,US-GLE,Evergreen Forests,41.36653,-106.2399,3.1,3.5,1.7220762990338332,5.420635833333333,0.4759136062499998,6.986073729166668,-0.9760105506323682,-0.2177232303965322,-0.5578499509493268,0.19124757899451766,1.0517791129996659,0.5578499509493268,1,-0.4555392438252672,-0.4395207156040005,-0.7784898934187126,0.15803983039898806,2
4072,US-GLE,2016-10-02,US-GLE,Evergreen Forests,41.36653,-106.2399,2.0,2.8,0.8107194860935509,7.0920208125,0.3850492604166666,4.070863125,-0.9992500112396836,0.0387222808921739,-0.3644469266517651,0.0983759554349579,0.5810799237936454,0.36444692665176515,1,-0.47512362776988526,-0.3312632478336392,-0.2869539043517708,0.008719579617223586,2
4073,US-GLE,2016-10-10,US-GLE,Evergreen Forests,41.36653,-106.2399,2.5,3.1000001,0.9915908039029953,5.545050770833334,0.4795214104166666,6.001135375,-0.9844738167520924,0.1755314904214277,-0.5968082927472588,0.1904189458520152,0.7013909079699567,0.5968082927472588,1,-0.4599603812712105,-0.5161890943893117,-0.8142754025812542,0.07240778452291853,2
4074,US-GLE,2016-10-26,US-GLE,Evergreen Forests,41.36653,-106.2399,1.5,1.9,0.6359253294334322,3.446369583333334,0.3219791958333334,4.692239833333334,-0.8996308696522434,0.4366512319560638,-0.13645698385396884,0.061883252835511667,0.5581038473598329,0.13645698385396887,1,-0.20785550108866857,-0.10325287733991359,-0.09826257313332432,-0.007022253315276487,2
4075,US-GLE,2016-11-11,US-GLE,Evergreen Forests,41.36653,-106.2399,0.7,1.6,0.1719586099575896,2.8803446041666665,0.3674660020833333,2.647702395833333,-0.7469720876965551,0.6648553979642867,-0.0909630465665136,0.07898182968153776,0.37617952344927824,0.0909630465665136,1,-0.18037736115409791,-0.03070147896670794,-0.06181029957873496,-0.04567044700726411,2
4076,US-GLE,2016-11-12,US-GLE,Evergreen Forests,41.36653,-106.2399,1.4,1.8000001,0.2581419837749094,2.2607353125000005,0.3261739229166667,6.118073000000001,-0.7354170229639858,0.6776147890466887,0.016548888456897597,0.14842041904933911,0.8706326114922808,-0.016548888456897615,1,-0.09997295247957866,0.1836473770225639,-0.03402775917229245,0.051679136005148674,2
4077,US-GLE,2017-06-23,US-GLE,Evergreen Forests,41.36653,-106.2399,4.4,4.5,3.1759163653737126,6.3048887916666665,0.4363967645833334,3.1428973958333324,0.1457991969198751,-0.9893142039703664,-1.7006121827147656,0.11164276873403813,0.6146597225412562,0.74755508653781,1,-1.7739446235991627,-1.5721261787504184,-1.7557657457947153,0.20365003913597532,2
4078,US-GLE,2017-06-24,US-GLE,Evergreen Forests,41.36653,-106.2399,4.2,4.4,2.8998042076501074,6.433513333333334,0.40568521875,1.9655725,0.1287481774525813,-0.99167731989929,-1.5698186002622005,0.15037085942102277,0.6642688674596728,1.030572984437585,1,-1.3978298945421295,-1.6351656968500812,-1.6764602093943914,0.13500203353397414,2
4079,US-GLE,2017-07-01,US-GLE,Evergreen Forests,41.36653,-106.2399,4.3,5.3,2.8041651434042327,11.423761020833332,1.0096034604166668,2.6392781874999995,0.0086069968886886,-0.9999629591162656,-1.086356293669185,0.16600282172205316,0.43895786513013924,1.086356293669185,1,-1.2242694506526044,-0.9021091792786695,-1.1326902510762806,0.4067405828640982,2
4080,US-GLE,2017-07-09,US-GLE,Evergreen Forests,41.36653,-106.2399,3.6,5.4,3.0593915782795644,15.21609152083333,1.1180899145833336,3.3193267916666667,-0.1287481774525806,-0.99167731989929,-0.15458036006262119,0.14375308874301662,0.479342826442475,0.1545803600626212,1,-0.0451336253711912,-0.10122500738355328,-0.3173824474331191,0.008786409280851972,2
4081,US-GLE,2017-07-10,US-GLE,Evergreen Forests,41.36653,-106.2399,4.2,5.4,2.84642127783122,14.5643115,0.8934652520833332,3.601730145833335,-0.1457991969198744,-0.9893142039703664,-0.4245386973502933,0.08777916291093567,0.3687851814444395,0.42453869735029337,1,-0.37065371758382787,-0.3771341082188108,-0.5258282662482411,-0.04227493645946906,2
4082,US-GLE,2017-07-17,US-GLE,Evergreen Forests,41.36653,-106.2399,4.1,5.3,3.8317311830322103,15.2066053125,1.0632944729166671,3.6996042291666655,-0.2636654927280072,-0.9646141756912436,-0.25111016315609647,0.1139101995710553,0.4440063506414593,0.25111016315609647,1,-0.12668491640026786,-0.2763863269902075,-0.35025924607781406,0.03309324291548037,2
4083,US-GLE,2017-07-18,US-GLE,Evergreen Forests,41.36653,-106.2399,4.0,5.8,4.232772811454788,15.088183416666668,1.0345610687500002,3.2561792500000006,-0.2802306751992161,-0.9599326896597444,-0.36137461735848353,0.06815680481709595,0.4623516683833328,-0.36137461735848353,1,-0.29492585960222384,-0.35807815304586604,-0.43111983942736065,-0.007840597273368704,2
4084,US-GLE,2017-08-03,US-GLE,Evergreen Forests,41.36653,-106.2399,3.2,3.6000001000000004,2.8624227395036006,10.779110041666666,0.5234831833333334,3.0298288333333336,-0.5307300481619331,-0.8475409228928312,0.109455690447338,0.04650761802181431,0.6576981845002235,-0.109455690447338,1,0.12111955258152546,0.14902116320633313,0.058226355554155396,-0.007022253315276487,2
4085,US-GLE,2017-08-18,US-GLE,Evergreen Forests,41.36653,-106.2399,4.8,4.7000003,2.9682652214587937,12.208162166666664,0.9474181125,3.5596637916666665,-0.7295575540864876,-0.6839194216246105,-0.7612419889077557,0.19993405716165072,0.5110374076358416,0.7612419889077557,1,-0.7223214016762133,-0.9777746502727427,-0.5836299147743111,0.09877535437563527,2
4086,US-GLE,2017-08-19,US-GLE,Evergreen Forests,41.36653,-106.2399,4.5,4.8,3.726650718094606,13.546346020833337,1.1989235562499998,5.420606625000001,-0.7412220108485957,-0.6712599575675315,-0.12410698614577413,0.07355685480515906,0.566149488035952,0.12410698614577409,1,-0.07128484828241466,-0.09291616967006952,-0.20811994048483817,-0.010640158550773812,2
4087,US-GLE,2017-09-03,US-GLE,Evergreen Forests,41.36653,-106.2399,4.5,5.0,2.172566022356777,15.706967625000004,1.4216782749999997,3.212970770833334,-0.888057322629493,-0.4597327394521046,-0.6747441853906461,0.0711746413437253,0.5861012626356756,0.674744185390646,1,-0.7375827393533988,-0.5974520768822036,-0.6891977399363358,0.07429024430149743,2
4088,US-GLE,2017-09-04,US-GLE,Evergreen Forests,41.36653,-106.2399,2.6,4.3,1.5361518483550065,12.513403145833331,1.0335212124999995,2.436822166666666,-0.8958392907349089,-0.4443781781046134,-0.7730920695782352,0.09737262674672907,0.5748318246548985,0.7730920695782352,1,-0.8782808131090529,-0.6861040266600735,-0.7548913689655787,0.15885505026203528,2
4089,US-GLE,2017-10-06,US-GLE,Evergreen Forests,41.36653,-106.2399,1.9,1.9,0.8077114892391077,-1.3525089375000003,0.2117868729166666,7.69856414583333,-0.9959189961471792,0.0902516100310407,-0.14584641808420798,0.4394657602678087,1.549249140482811,0.14584641808420795,1,0.15340673206453465,0.05944364288755427,-0.6503896292047129,0.03065579626223337,2
4090,US-GLE,2017-10-29,US-GLE,Evergreen Forests,41.36653,-106.2399,2.2,1.9,0.8187115399008299,1.2921878541666665,0.2985327312500001,6.921650104166669,-0.8840675099433637,0.467359217158002,-0.23419138986011764,0.22772056695832282,1.1560322575139912,0.23419138986011756,1,-0.15379480442704768,-0.05757421171756627,-0.4912051534357389,0.15742620431769544,2
4338,US-Jo2,2016-01-14,US-Jo2,Shrublands,32.58494,-106.60322,0.2,2.0,0.3689836600871157,6.488383145833333,0.6516857274291669,2.507583083333333,0.2386727660059501,0.9711000518829505,0.1337689526063747,0.06516054255102975,0.4336232711313919,0.1337689526063747,1,0.08108899438924905,0.20663325661305915,0.11358460681681587,-0.057521202155399624,2
4339,US-Jo2,2016-02-07,US-Jo2,Shrublands,32.58494,-106.60322,0.1,3.4,0.1948242397688916,9.662504979166664,0.9945032166333332,1.7066418958333331,0.6084768701151261,0.7935716089521474,0.08383781265215734,0.05019120316561937,0.42943891859934524,0.08383781265215734,1,0.032481406520716904,0.13277642278996876,0.08625560864578635,-0.057521202155399624,2
4340,US-Jo2,2016-02-15,US-Jo2,Shrublands,32.58494,-106.60322,0.2,2.8,0.2036037546857259,13.443442291666669,1.2812471447374996,2.500092270833333,0.7116566222817746,0.702527474169157,0.2473862354955406,0.08779972268619855,0.4957600131239914,-0.24017872612408883,1,0.15073382916115313,0.26920723981226896,0.3222176375131997,0.01031895004893374,2
4341,US-Jo2,2016-02-23,US-Jo2,Shrublands,32.58494,-106.60322,0.4,4.4,0.2467519720267203,7.0702654166666665,0.6869931344666669,4.3143651666666685,0.8013610881746766,0.5981809144059164,-0.21739497105249475,0.24840547105788535,0.6431135348445556,0.08910108489406468,1,-0.386358126073598,-0.33364671722158507,0.06781993013769883,0.004131738988474553,2
4342,US-Jo2,2016-03-02,US-Jo2,Shrublands,32.58494,-106.60322,0.3,5.6,0.3559909750852613,18.540208333333336,1.8530597517416671,3.849375833333332,0.8758917051442429,0.4825077417612184,-0.0538705815709681,0.10367298389081092,0.8248279777915863,-0.05387058157096811,1,-0.0021889861178855385,0.013802507946002629,-0.17322526654102138,0.046168477562939056,2
4343,US-Jo2,2016-03-10,US-Jo2,Shrublands,32.58494,-106.60322,0.2,4.4,0.215265696340004,14.304240000000004,1.4181019152,2.2048473749999995,0.9338372288229252,0.3576982388331254,0.33726390172549725,0.036594912623481045,0.35981406205690003,-0.3067325090454893,1,0.2950455166509663,0.35992022101716176,0.35682596750836376,-0.057521202155399624,2
4344,US-Jo2,2016-03-18,US-Jo2,Shrublands,32.58494,-106.60322,0.1,4.9,0.3470804778015295,17.993583333333326,1.8766915086041671,3.2813765416666665,0.9741004551724204,0.2261156855082882,0.5429342361793783,0.10314822103938523,0.5429650071744175,-0.04877328057631927,1,0.6161230428147979,0.5877161466209697,0.42496351910236724,-0.024130564197175186,2
4345,US-Jo2,2016-04-11,US-Jo2,Shrublands,32.58494,-106.60322,0.8,4.8,0.5567838944306432,14.082894166666666,1.1641885969729169,2.7465793958333333,0.9829265519799822,-0.18399835165768,0.419711544649448,0.11265100783970283,0.4180457726427728,-0.41971154464944804,1,0.4116298699937642,0.5361857598878133,0.31131900406676666,-0.03699083112863319,2
4346,US-Jo2,2016-04-19,US-Jo2,Shrublands,32.58494,-106.60322,0.2,5.1,0.5271901174617578,15.969276041666667,1.3952129000083342,2.262152020833333,0.9483615800121716,-0.3171912885891061,0.8827531631669666,0.08586473818231134,0.4867703078088462,-0.22837292824345096,1,0.9591557517665912,0.7898276822165127,0.8992760555177959,-0.2597846047380848,2
4347,US-Jo2,2016-04-27,US-Jo2,Shrublands,32.58494,-106.60322,0.2,6.2000003,0.3650429927932404,15.964601666666669,1.59284419635625,3.269724875,0.895839290734909,-0.4443781781046132,0.4161361980019551,0.13138371228075807,0.4940754652246386,-0.08605021241547439,1,0.5065303361304578,0.47645384211400393,0.2654244157614036,0.006662827150745882,2
4348,US-Jo2,2016-05-13,US-Jo2,Shrublands,32.58494,-106.60322,0.4,7.0,0.2800736872523105,24.65069375,2.2984196355812494,3.0057000000000005,0.741222010848596,-0.6712599575675313,0.4219796634242783,0.11980693338150243,0.5170457775418604,-0.4219796634242783,1,0.3214374566557701,0.5545438392986799,0.38995769431838484,-0.005366744815677567,2
4349,US-Jo2,2016-05-21,US-Jo2,Shrublands,32.58494,-106.60322,0.4,7.9,2.2679851336768904,23.12517828947368,2.5790345574583333,3.94010648026316,0.6420547132365637,-0.766658819300159,0.0823860576579337,0.06814697201293986,0.45713773578898326,0.08238605765793361,1,0.007610195807524367,0.09855047195820599,0.14099750520807075,-0.01971858902670889,2
4350,US-Jo2,2016-05-29,US-Jo2,Shrublands,32.58494,-106.60322,0.3,7.7000003,0.9384278706894454,24.79744583333333,2.9481663288125013,3.435162500000001,0.5307300481619334,-0.8475409228928311,0.2585041421210887,0.1341520531041438,0.48293364746291906,0.2585041421210887,1,0.18434319399596105,0.4133635985274629,0.177805633839842,-0.030488584208796406,2
4351,US-Jo2,2016-06-14,US-Jo2,Shrublands,32.58494,-106.60322,0.5,8.3,0.807205934328856,26.833643749999997,3.0737883815,2.907115625,0.2802306751992158,-0.9599326896597448,-0.03254330695373803,0.04913731002236016,0.3514876297821757,-0.03254330695373803,1,-0.06643002702996809,0.02381125565534603,-0.055011149486592026,-0.07845934345599044,2
4352,US-Jo2,2016-06-22,US-Jo2,Shrublands,32.58494,-106.60322,0.2,8.1,0.7250731358582888,31.667187499999994,3.844173486708333,2.653527541666667,0.1457991969198751,-0.9893142039703664,0.3553103718392869,0.09017790497135897,0.3717148798772589,0.3553103718392869,1,0.28399433063591034,0.3252601643007172,0.456676620581233,-0.07243148802331145,2
4353,US-Jo2,2016-07-08,US-Jo2,Shrublands,32.58494,-106.60322,0.3,7.6,0.4557609032931419,29.817112500000004,3.259661657270833,2.799574791666668,-0.1287481774525806,-0.99167731989929,0.5257571656005605,0.02891054124931027,0.42414749909848853,-0.2142353590142767,1,0.5286760354382534,0.49549791220171274,0.5530975491617154,-0.12967490231057965,2
4354,US-Jo2,2016-07-16,US-Jo2,Shrublands,32.58494,-106.60322,0.3,6.7000003,0.2908048864078326,30.00972291666667,3.3618131418750012,3.2158295208333327,-0.2636654927280072,-0.9646141756912436,0.9183748956839416,0.10734098491367092,0.6700557282267396,-0.9183748956839416,1,0.8414029915642358,1.0409951542089757,0.8727265412786132,-0.4378843113675808,2
4355,US-Jo2,2016-08-09,US-Jo2,Shrublands,32.58494,-106.60322,3.3,6.0,2.064668947069766,27.06775833333334,1.9083836929895837,2.8860659791666667,-0.6287628145958345,-0.7775971469736268,0.008099584407332475,0.051228498035992984,0.5039654161607348,-0.008099584407332383,1,0.0670509011922818,-0.01714338004225535,-0.02560876792802902,-0.02106874655695929,2
4356,US-Jo2,2016-08-17,US-Jo2,Shrublands,32.58494,-106.60322,1.5,5.9,2.028574291295256,26.50560833333334,2.6376315871666667,3.0802580000000006,-0.7295575540864876,-0.6839194216246105,0.41511977924863525,0.13809322724390025,0.5029152907944706,0.41511977924863525,1,0.5590204768185945,0.283678411479318,0.40266044944799323,-0.0016421787253335074,2
4357,US-Jo2,2016-09-10,US-Jo2,Shrublands,32.58494,-106.60322,0.9,5.3,2.219088690986581,23.96729583333333,1.7927686700062495,3.8779364583333336,-0.9427611433904206,-0.333468778918187,0.27016911697256235,0.13658902059647227,0.7168167966372796,0.2701691169725624,1,0.32750404204258304,0.11425743915483327,0.3687458697202706,0.04004325238117862,2
4358,US-Jo2,2016-09-18,US-Jo2,Shrublands,32.58494,-106.60322,0.5,4.8,0.8330164248909868,25.39397708333333,2.7623213943541667,2.653579000000001,-0.97961369164549,-0.2008905551306352,0.6705328716372851,0.16066174965580893,0.5788244908142037,-0.004500021855311509,1,0.5172380098116021,0.6566943268088585,0.8376662782913948,-0.24164175700252552,2
4359,US-Jo2,2016-10-04,US-Jo2,Shrublands,32.58494,-106.60322,1.0,5.2000003,1.198007116938665,18.976604166666668,1.4177414583333332,3.930093145833333,-0.9973249731081556,0.0730951298980777,-0.3714519945367482,0.06621790031465417,0.6243432450883588,-0.37145199453674826,1,-0.4292184339868668,-0.3859518265372569,-0.29918572308612085,-0.0054228828835663325,2
4360,US-Jo2,2016-10-12,US-Jo2,Shrublands,32.58494,-106.60322,0.6,4.3,0.972738407110877,23.57717916666667,1.7829679166666672,2.8093688125000003,-0.9778483415056568,0.2093146459630488,0.381413326424827,0.08843398594810609,0.5746116860242306,0.36406348779692704,1,0.3209136251722264,0.3404212688654999,0.48290508523675485,0.01031895004893374,2
4361,US-Jo2,2016-10-20,US-Jo2,Shrublands,32.58494,-106.60322,0.3,4.2000003,0.1741223193788422,17.248629375000004,1.3077783333333337,4.585326645833333,-0.9398560579418952,0.341570769167856,0.04449603714357373,0.07241315151140768,0.4195521664506664,-0.044496037143573725,1,-0.027296487769619626,0.04327034468457541,0.11751425451576542,-0.057521202155399624,2
4362,US-Jo2,2016-11-13,US-Jo2,Shrublands,32.58494,-106.60322,0.2,1.8000001,0.4992242536390961,13.578008125000006,0.6903364583333333,2.320481458333333,-0.7236440382959123,0.690173388242972,0.28907089053956075,0.09606421497085453,0.5560907372702479,0.28907089053956075,1,0.3137577714915785,0.3703824116492161,0.18307248847788776,0.01031895004893374,2
4363,US-Jo2,2016-11-29,US-Jo2,Shrublands,32.58494,-106.60322,0.3,2.0,0.2422754566916268,4.77263375,0.5106416666666665,4.0808563541666665,-0.5086709438521042,0.8609610158889945,0.15461298342187876,0.07780629129412424,0.550763918824148,-0.15461298342187876,1,0.2308898905794537,0.15758649939943992,0.07536256028674271,0.01031895004893374,2
4364,US-Jo2,2016-12-15,US-Jo2,Shrublands,32.58494,-106.60322,0.1,2.9,0.3040863174933748,15.861893749999998,1.1191447916666664,4.096608458333335,-0.2553532951161881,0.9668478136052772,0.4907057179364742,0.0986091841001421,0.8438376417977157,-0.08253308294972464,1,0.6007315994858706,0.4610797862580514,0.41030576806550073,0.04335466539072921,2
4365,US-Jo2,2016-12-23,US-Jo2,Shrublands,32.58494,-106.60322,0.3,1.5,1.7775527974482244,10.34949291666667,0.3420717083333333,3.627544375,-0.1202080448993527,0.9927487224577402,0.3381138173978851,0.07318779821303593,0.5946590265882941,0.33811381739788504,1,0.3968550127015075,0.36136030621043763,0.25612613328171013,-0.0054228828835663325,2
4366,US-Jo2,2017-02-01,US-Jo2,Shrublands,32.58494,-106.60322,0.4,2.9,0.8340010491536997,12.154805416666663,1.0064214583333333,2.441848854166667,0.5234156073655503,0.8520775211013093,-0.06565344331093809,0.12455019063096925,0.46181673034453957,-0.06565344331093809,1,-0.15626728144050409,-0.11706570145927239,0.07637265296696222,0.030849739467147377,2
4367,US-Jo2,2017-02-25,US-Jo2,Shrublands,32.58494,-106.60322,1.0,3.2,0.9902193899081552,8.62483145833333,0.9029356250000004,4.544931458333332,0.8214765533024142,0.5702422926917871,0.11711744781808149,0.14781260023054696,0.5011661215181028,-0.11711744781808148,1,-0.04165690219380286,0.14226815796279568,0.25074108768525166,0.01791480099133971,2
4368,US-Jo2,2017-03-05,US-Jo2,Shrublands,32.58494,-106.60322,0.5,4.9,1.1142791816689448,16.226610416666666,1.08809875,5.082093958333334,0.8919813464595485,0.4520722039323043,0.13865661991811756,0.15419007297306658,0.8086315373596747,0.13865661991811756,1,0.20449537978642668,0.24899756902760278,-0.03752308905967677,0.050079593606219316,2
4369,US-Jo2,2017-03-13,US-Jo2,Shrublands,32.58494,-106.60322,0.7,4.6,0.9832838728026544,16.102505833333336,1.2763249999999997,2.8053975,0.9455963874271426,0.3253420847119801,0.03356134552002036,0.045454324395357876,0.45190240664426895,0.03356134552002035,1,0.04627445218564563,0.07130556650489689,-0.016895982130481435,0.015266045515564732,2
4370,US-Jo2,2017-03-21,US-Jo2,Shrublands,32.58494,-106.60322,0.2,5.8,1.5396914361076175,22.660297916666664,1.8213239583333332,3.1737121041666665,0.9813064702716092,0.1924515819708299,0.3862870616903665,0.10916974947513997,0.6093658019790876,0.3862870616903664,1,0.44751405575372655,0.4511014201252051,0.2602457091921678,-4.2808293623352656e-05,2
4371,US-Jo2,2017-04-06,US-Jo2,Shrublands,32.58494,-106.60322,0.7,4.9,0.7649698117997173,16.99345208333333,1.4693416666666668,2.581583479166667,0.9966589017541702,-0.0816763953304224,0.4654998207171634,0.0808369312211535,0.46863833890361917,-0.3355601971177286,1,0.4962825203084858,0.526423138605089,0.3737938032379153,-0.02774672474185815,2
4372,US-Jo2,2017-04-14,US-Jo2,Shrublands,32.58494,-106.60322,0.4,6.9,0.8804218134592997,21.87525416666666,1.910726666666667,4.5809875,0.9760105506323684,-0.2177232303965317,0.01602322520100169,0.15414589962451625,0.5767165867883011,0.01602322520100169,1,0.14991976138427643,-0.15248658369049845,0.050636497909227085,-0.0064505097519025,2
4373,US-Jo2,2017-04-30,US-Jo2,Shrublands,32.58494,-106.60322,0.9,6.0,1.9004964976537368,12.806421041666669,1.0005870833333332,2.580257520833333,0.8800122039735357,-0.4749510720670499,-0.12783239095532228,0.09821480361432795,0.4829057079759168,-0.12783239095532228,1,-0.1609706369902445,-0.20519164563223918,-0.01733489024348317,-0.00372754319274907,2
4374,US-Jo2,2017-05-24,US-Jo2,Shrublands,32.58494,-106.60322,0.4,7.7000003,0.6276990399430343,23.223331250000005,2.052766875,3.1686009374999995,0.6152845999633276,-0.7883050558305255,0.07117265166363808,0.06810437297460621,0.39604616108976093,0.07117265166363806,1,0.020542392320882952,0.14859956740523483,0.044375995264796464,-0.07845934345599044,2
4375,US-Jo2,2017-06-01,US-Jo2,Shrublands,32.58494,-106.60322,1.1,6.5,2.522896290411039,21.678710416666664,1.2692514583333336,2.64283825,0.5012418134457758,-0.865307254363206,-0.04288864671798474,0.09016174455581681,0.4454970151028782,-0.04288864671798476,1,-0.07608670702943726,-0.11174461509959527,0.05916538197507831,-0.003624354195464202,2
4376,US-Jo2,2017-06-09,US-Jo2,Shrublands,32.58494,-106.60322,0.4,7.8,1.3985661539875731,28.148741666666663,2.46825,2.809026666666666,0.3777079652039649,-0.9259247771938498,0.2188076489923866,0.045220296302198495,0.4715906421584469,0.21880764899238658,1,0.18015512894338243,0.20773058324396337,0.268537234789814,-0.05663481800379239,2
4377,US-Jo2,2017-06-17,US-Jo2,Shrublands,32.58494,-106.60322,0.4,8.8,0.6238286454365755,30.47105625000001,3.3971812499999987,2.4719546666666665,0.2470221804809355,-0.9690098257244062,-0.08981156241903161,0.08882432318559855,0.3304123543858006,-0.0898115624190316,1,-0.19092075486144547,-0.02434191366315852,-0.05417201873249089,-0.10948099439165296,2
4378,US-Jo2,2017-06-25,US-Jo2,Shrublands,32.58494,-106.60322,0.1,7.4,0.3584526137865217,26.08411041666666,1.5766458333333329,3.5808956666666667,0.1116590071216951,-0.993746580436178,0.6058519442591753,0.08749895863584363,0.569803656726824,-0.08894671668613185,1,0.578932209164541,0.7036478281884815,0.5349757954245036,-0.23999225985134603,2
4379,US-Jo2,2017-07-03,US-Jo2,Shrublands,32.58494,-106.60322,0.0,7.1,1.1697693582404776,30.70163958333333,2.9604874999999997,2.8720058541666664,-0.0258184402271323,-0.9996666485105112,0.9349219435070601,0.06839802392441645,0.5833122900497434,0.9349219435070601,1,0.8634240278043961,0.999728184686262,0.9416136180305223,-0.4147201684139923,2
4380,US-Jo2,2017-07-11,US-Jo2,Shrublands,32.58494,-106.60322,0.5,6.7000003,1.0984861747768415,29.143814583333334,2.2487500000000007,2.8347289166666667,-0.1628070129385164,-0.9866579328916572,0.794585817380586,0.11803292561496534,0.4805015716376625,0.40238653217309706,1,0.7364539814963968,0.9304098205985893,0.7168936500467717,-0.44188820870903345,2
4381,US-Jo2,2017-07-19,US-Jo2,Shrublands,32.58494,-106.60322,2.3,6.6,2.7623234728484003,25.95221458333333,1.3636816666666671,3.367304687499999,-0.2967128192734901,-0.9549667548552552,-0.10480265609626183,0.06727377266542045,0.5894166068666744,-0.10480265609626183,1,-0.1499522974701759,-0.13697172001291946,-0.027483950805690105,-0.03138756405851869,2
4382,US-Jo2,2017-08-28,US-Jo2,Shrublands,32.58494,-106.60322,1.5,5.1,4.02622744556444,25.700952083333338,1.5331920833333328,2.8430044375,-0.8359254794186365,-0.5488429582847199,0.5949605584712897,0.1306649318658587,0.6623179091085906,0.5949605584712896,1,0.7276096380261872,0.46637454834950715,0.5908974890381749,-0.022284281027243554,2
4383,US-Jo2,2017-09-21,US-Jo2,Shrublands,32.58494,-106.60322,0.7,6.2000003,0.6734934260363776,25.76153333333333,1.8639729166666668,4.361166041666668,-0.9859481499638304,-0.1670516255021195,0.05942739416030346,0.11652737880671749,0.7740613725968845,-0.05942739416030346,1,0.1768632715811585,-0.05616972380193519,0.05758863470168707,0.03882761976562547,2
4384,US-Jo2,2017-10-15,US-Jo2,Shrublands,32.58494,-106.60322,0.7,4.2000003,0.5701706193837663,17.10629375,1.4554104166666664,3.805317916666666,-0.970063921851507,0.2428497220959358,-0.13161567642173333,0.09089606333384108,0.5577214829986004,0.1280430848107339,1,-0.2203314531836969,-0.038685907855496915,-0.13582966822600617,0.01031895004893374,2
4385,US-Jo2,2017-10-23,US-Jo2,Shrublands,32.58494,-106.60322,0.4,5.0,0.6333322522142961,20.030507916666668,1.6313077083333332,2.0851625,-0.9275416835791964,0.3737197147904692,-0.10719456794449815,0.02311652250500199,0.47267202709765516,-0.10719456794449816,1,-0.13156530616188855,-0.08557924911277506,-0.10443914855883085,-0.021650183461518743,2
4386,US-Jo2,2017-10-31,US-Jo2,Shrublands,32.58494,-106.60322,0.1,3.2,0.4992277269850045,13.129096874999997,0.7676908333333333,3.957082,-0.867456354729597,0.4975132889071803,0.11528946822307472,0.12322790044801067,0.6022457126244726,0.11528946822307473,1,0.22525904219545573,0.13850401019228248,-0.017894647718514067,0.01400368494805945,2
4387,US-Jo2,2018-01-27,US-Jo2,Shrublands,32.58494,-106.60322,0.2,2.7,0.1157915042191487,7.0421420208333325,0.8388518749999997,2.435104687500001,0.4482293417404106,0.893918596519257,0.03421693964969991,0.06302532275913969,0.4684909626403586,-0.03421693964969991,1,-0.03712401048215247,0.05743579094171031,0.08233903848954188,-0.021650183461518743,2
4388,US-Jo2,2018-02-04,US-Jo2,Shrublands,32.58494,-106.60322,0.6,3.5,0.1158861927407945,14.537983333333337,1.1870308333333333,2.4845671250000003,0.5667017562911176,0.8239230057575542,-0.13432169584574968,0.12268180875341057,0.46400302534229276,0.1343216958457497,1,-0.24300820959322897,-0.15866298317271474,-0.001293894771305315,0.030849739467147377,2
4389,US-Jo2,2018-02-12,US-Jo2,Shrublands,32.58494,-106.60322,0.6,3.7,0.0747944327372638,11.000378958333336,0.9022760416666666,3.459238416666667,0.6744436188329455,0.7383263540031065,-0.16418057186194712,0.08419139699051588,0.4425730534612743,0.16418057186194712,1,-0.2612040626841966,-0.12096250180102061,-0.1103751511006241,0.031007878448064814,2
4390,US-Jo2,2018-02-28,US-Jo2,Shrublands,32.58494,-106.60322,0.4,2.5,0.6209154518333558,6.659403958333336,0.4920727083333333,4.594056645833334,0.8498170915275278,0.5270777086423722,0.6675850403663807,0.10689635752500107,0.5649855318928605,-0.22575413669966904,1,0.5624132915407347,0.7761263317540532,0.6642154978043542,-0.24164175700252552,2
4391,US-Jo2,2018-03-08,US-Jo2,Shrublands,32.58494,-106.60322,0.3,4.5,0.4670722372354122,16.12931458333333,1.4664302083333334,3.0213471458333334,0.9141279881853336,0.4054257283599973,0.21735013976180864,0.01628571513678917,0.40345358752545113,0.11679433470901576,1,0.20129251561267975,0.2338547436890927,0.21690315998365345,-0.057521202155399624,2
4392,US-Jo2,2018-03-24,US-Jo2,Shrublands,32.58494,-106.60322,0.5,6.0,0.4245065451248385,17.794074999999996,1.2325700000000002,4.248238333333332,0.989932495087353,0.141540295217043,-0.04858422476673465,0.05489691973090483,0.5809087629689538,0.04858422476673465,1,0.013635861945605676,-0.09019033419896622,-0.0691982020468434,-0.019469376125249134,2
4393,US-Jo2,2018-04-01,US-Jo2,Shrublands,32.58494,-106.60322,0.6,6.1,0.5700682013424849,19.923770833333336,1.8177500000000004,4.0550508333333335,0.99999073973619,0.0043035382962442,-0.024391250872798188,0.10721702981502816,0.6155901128641974,0.024391250872798188,1,0.0967557286396698,-0.10705656035061431,-0.06287292090745006,0.0048923639297490055,2
4394,US-Jo2,2018-04-25,US-Jo2,Shrublands,32.58494,-106.60322,0.3,5.6,0.051845547108981,18.084697916666663,1.3414341666666665,3.794664166666665,0.9175836260593936,-0.3975428142825559,0.5548889808823091,0.22624211552450244,0.5712202753194054,-0.5548889808823091,1,0.7949592127647596,0.5240738607936513,0.3456338690885164,-0.024130564197175186,2
4395,US-Jo2,2018-05-03,US-Jo2,Shrublands,32.58494,-106.60322,0.2,5.9,0.4572348550198715,15.461226041666665,1.3363243750000002,3.3830247916666663,0.854322169749827,-0.5197438121555155,0.5030564143306365,0.12087378225789458,0.5564173873026019,0.01141329570910643,1,0.6100545338568721,0.5271719347101436,0.3719427744248937,-0.0065238904268966,2
4396,US-Jo2,2018-05-19,US-Jo2,Shrublands,32.58494,-106.60322,0.2,7.3,0.4739989117266265,23.434571875000003,2.2658520833333333,2.8372482916666666,0.6807734094770161,-0.7324940716135789,0.4086915976934213,0.11969869007023655,0.37227665297702883,0.1393062257598317,1,0.3199326251329199,0.544827064689011,0.3613151032583329,-0.0491047983603541,2
4397,US-Jo2,2018-05-27,US-Jo2,Shrublands,32.58494,-106.60322,0.3,8.8,0.4899728213642077,26.00683333333333,2.6164416666666663,4.012577708333334,0.5737722679043246,-0.8190148866680801,-0.002498595784374539,0.03077891469774779,0.49749982795621384,-0.00249859578437453,1,-0.021314860769515886,-0.01920181559263162,0.03302088900902389,-0.08039942134426425,2
4398,US-Jo2,2018-06-04,US-Jo2,Shrublands,32.58494,-106.60322,0.2,8.3,0.4161524344033158,26.915391666666665,2.2460610416666658,4.1229879375000005,0.4559066935084588,-0.8900275764346767,0.20023131312294726,0.1076127020117129,0.6044591586532414,0.20023131312294726,1,0.07597490422129016,0.26149218291526116,0.2632268522322904,-0.03815681235134866,2
4399,US-Jo2,2018-06-12,US-Jo2,Shrublands,32.58494,-106.60322,0.1,7.8,0.5379110502118282,30.828133333333337,3.485239583333333,3.0203710625,0.3294084822245304,-0.9441875088341992,0.5515027413946001,0.07227603428051381,0.6196916418306075,0.3243193590290563,1,0.4685746793439432,0.5848410401630912,0.6010925046767659,-0.1514004012802402,2
4400,US-Jo2,2018-06-20,US-Jo2,Shrublands,32.58494,-106.60322,0.2,8.5,1.2871324809026805,29.72928125,3.0227395833333337,3.4720292916666677,0.1966728897935764,-0.980469160361632,0.2402566994836737,0.17020529366338624,0.4442458902074657,0.24025669948367367,1,0.07485660455070053,0.41489122599998224,0.23102226790033836,-0.06267664726586566,2
4401,US-Jo2,2018-06-28,US-Jo2,Shrublands,32.58494,-106.60322,0.1,8.0,0.8177577696571037,31.87850624999999,3.2421958333333336,4.052693333333335,0.060213277365793,-0.9981855344718586,0.5143471655385495,0.10235335320177257,0.7839266728538588,0.5143471655385495,1,0.42924063536800855,0.4858802376967735,0.6279206235508665,-0.09272724473865082,2
4402,US-Jo2,2018-07-22,US-Jo2,Shrublands,32.58494,-106.60322,0.8,6.8,0.9264396165718676,32.28475208333332,3.16503125,2.6351139583333327,-0.3456123126707333,-0.9383773917408642,0.667150153799832,0.08213173112129196,0.3813079592316636,-0.41427092065609694,1,0.6556719965523565,0.7544172042285391,0.5913612606186005,-0.4620829632366232,2
4403,US-Jo2,2018-07-30,US-Jo2,Shrublands,32.58494,-106.60322,0.4,6.0,3.732006456488352,28.593552083333325,1.9297395833333333,2.977603770833334,-0.4711595076738639,-0.8820480249558535,1.0871736684268516,0.12236682032578212,0.7398317330599633,1.0871736684268516,1,1.1332519736977937,1.179811786913069,0.948457244669692,-0.1500212883649603,2
4404,US-Jo2,2018-08-07,US-Jo2,Shrublands,32.58494,-106.60322,0.4,7.4,1.0718152502987108,29.96389999999999,2.5175,3.0074988541666667,-0.5877852522924734,-0.8090169943749472,0.6293508240732697,0.06507593400028741,0.6931033648052711,0.6293508240732697,1,0.6558695455175338,0.6769802574411088,0.5552026692611665,-0.22976768689718216,2
4405,US-Jo2,2018-08-15,US-Jo2,Shrublands,32.58494,-106.60322,0.3,6.5,0.531151947046817,28.137175,1.998983333333333,2.9264059791666672,-0.6932812268869771,-0.7206671495538615,0.9030039852040912,0.13547489124940154,0.7735026271675998,-0.4407000911104571,1,1.059264781074371,0.8185199336328735,0.8312272409050292,-0.42137803807915125,2
4406,US-Jo2,2018-08-23,US-Jo2,Shrublands,32.58494,-106.60322,1.4,4.8,4.120734524362942,23.875987500000004,0.9024961458333332,1.836389999999999,-0.7856498550787144,-0.6186714032625032,0.40391933382709094,0.01177467551318264,0.4447403252524615,0.403919333827091,1,0.4154119652569597,0.4044644845988857,0.3918815516254273,0.01366667508385458,2
4407,US-Jo2,2018-08-31,US-Jo2,Shrublands,32.58494,-106.60322,1.2,6.3,2.228523989925556,29.59531041666666,2.340397916666667,2.8478965624999995,-0.8631421280499115,-0.5049610547215202,0.43329253730601175,0.058787972949467124,0.5744197518657881,0.4332925373060117,1,0.4997194496674842,0.4121879518033456,0.38797021044720553,-0.02593332413928596,2
4408,US-Jo2,2018-09-16,US-Jo2,Shrublands,32.58494,-106.60322,0.8,5.1,1.0033286703319653,26.299954166666662,1.5936112500000004,3.1538750625000005,-0.9679377830240642,-0.2511900638848195,0.615563455651963,0.07864922658049003,0.7953121679899562,-0.20890611498803258,1,0.5715729355409382,0.5687522738071678,0.706365157607783,0.02520044336954322,2
4409,US-Jo2,2018-09-24,US-Jo2,Shrublands,32.58494,-106.60322,1.1,4.3,1.6600239932268503,24.310716666666675,1.6645045833333332,2.6165740625,-0.9932568492674144,-0.1159345995955006,0.32747150418667986,0.09873801341654688,0.4939875380842967,0.32747150418667986,1,0.2510007327878599,0.2924719178119623,0.4389418619602175,0.008719579617223586,2
4410,US-Jo2,2018-10-10,US-Jo2,Shrublands,32.58494,-106.60322,0.2,3.9,0.5496248332985509,16.192904166666672,1.0286866666666663,3.9916584999999993,-0.9873494423939864,0.1585593851031347,0.22214626902643508,0.059811702727528636,0.6030750408418621,0.22214626902643508,1,0.15345766891393003,0.2627233007554402,0.25025783740993507,-0.0054228828835663325,2
4411,US-Jo2,2018-10-26,US-Jo2,Shrublands,32.58494,-106.60322,0.6,2.9,2.0701255712014137,16.599204166666667,0.8154170833333333,2.2066596249999995,-0.9070138128026362,0.4211008707960891,-0.10341739931315541,0.06517499050759605,0.42287711811623574,-0.1034173993131553,1,-0.03120297415146711,-0.1578709190589422,-0.12117830472905691,-0.057521202155399624,2
4412,US-Jo2,2018-11-03,US-Jo2,Shrublands,32.58494,-106.60322,0.5,3.3,1.16308817603211,15.037918749999998,1.0206127083333334,2.7819946874999992,-0.8406184056344783,0.5416278206559811,0.006764217091710323,0.06266962145201423,0.4861281656615361,0.006764217091710378,1,0.01740909560179471,0.06342965063504635,-0.060546094961710095,-0.0054228828835663325,2
4413,US-Jo2,2018-11-11,US-Jo2,Shrublands,32.58494,-106.60322,0.5,2.8,0.8106981946741554,12.164197708333337,0.7580327083333332,4.683763395833332,-0.7583058084785625,0.6518989958787125,0.20341322350309618,0.0822882711239781,0.4920227089056727,0.20341322350309618,1,0.141430701635261,0.2967742271152614,0.17203474175876604,0.01031895004893374,2
4414,US-Jo2,2018-11-19,US-Jo2,Shrublands,32.58494,-106.60322,0.4,1.8000001,0.4380117522700233,10.282315833333334,0.8666604166666665,2.3626533541666666,-0.661634618242279,0.749826401204568,0.23689870249421152,0.04249560764690595,0.5094580494962081,-0.16087519795416494,1,0.19584998813078142,0.2807067225345044,0.2341393968173487,-0.0054228828835663325,2
4415,US-Jo2,2018-11-27,US-Jo2,Shrublands,32.58494,-106.60322,0.3,1.9,0.3702305417799491,9.562109791666666,0.7372902083333334,2.0867845416666664,-0.5524353131676203,0.8335557718385695,0.2174101888994977,0.041122077778040673,0.40000532193890503,-0.07694910533959953,1,0.17023735592063494,0.23629893018256748,0.2456942805952907,-0.057521202155399624,2
4445,US-KLS,2017-01-04,US-KLS,Croplands,38.7745,-97.5684,0.2,0.7,0.243901229307408,4.514728802083334,0.122657375,1.8512118749999995,0.0688024268023198,0.9976303053065856,0.03730345086574533,0.06935198891669044,0.43363428586527275,0.03730345086574533,0,-0.022110015424580354,0.11350995158266064,0.020510416439155715,-0.057521202155399624,2
4446,US-KLS,2017-02-05,US-KLS,Croplands,38.7745,-97.5684,0.6,1.1,0.2340855686914448,3.0051775291666667,0.1139055208333333,1.084391583333333,0.5808002734538009,0.8140460935082178,-0.4309901272335761,0.04438729229127664,0.5258742274103201,0.30083873538353423,0,-0.4467134589653525,-0.46537552453651193,-0.3808813981988638,-0.0004280019040611186,2
4447,US-KLS,2017-02-14,US-KLS,Croplands,38.7745,-97.5684,1.0,5.0,0.4395670346787941,5.116314504166668,0.1768212937499999,1.3166721458333333,0.6994583270516471,0.7146733860429609,-0.48387934101946567,0.3518028538565133,1.2101750869236039,0.48387934101946567,0,-0.0973400642022464,-0.7853422721490341,-0.5689556867071166,0.03405113484280922,2
4448,US-KLS,2017-02-21,US-KLS,Croplands,38.7745,-97.5684,1.6,0.7,0.4098511837259058,10.921829418750002,0.360838125,2.6845261041666664,0.7802958510707755,0.6254105729852463,-0.12996402410551966,0.06425928954885358,0.9269366596248219,0.12996402410551955,0,-0.08488564960308782,-0.20354448296596647,-0.10146193974750467,0.033851197771963604,2
4449,US-KLS,2017-03-01,US-KLS,Croplands,38.7745,-97.5684,1.5,3.3,0.5464460807711236,8.797757402083333,0.3847719791666666,1.7119939375000002,0.8587639582758029,0.5123714121284237,-0.28343684923850204,0.015693136184429243,0.48057304170806336,0.283436849238502,0,-0.2980376486110225,-0.26684198794515573,-0.28543091115932784,-0.007022253315276487,2
4450,US-KLS,2017-03-02,US-KLS,Croplands,38.7745,-97.5684,1.3,3.3,0.5245671255179208,10.778781529166665,0.3859088333333333,1.527844083333333,0.8674563547295968,0.4975132889071806,-0.08576856699509992,0.08321947221897076,0.40734750146107174,0.08576856699509994,0,-0.08110480165874603,-0.004979047328681874,-0.17122185199787185,-0.047269817438974265,2
4451,US-KLS,2017-03-09,US-KLS,Croplands,38.7745,-97.5684,1.7,4.1,0.5599013930095061,10.150163225000004,0.3276617916666666,1.9078777916666665,0.9209712877166346,0.3896304495307879,-0.322475487737422,0.11832560278139133,0.48320022820741554,0.3224754877374221,0,-0.23103325518912265,-0.2802779663201432,-0.4561152417030001,0.012404314516349296,2
4452,US-KLS,2017-03-18,US-KLS,Croplands,38.7745,-97.5684,1.8,4.2000003,0.7023095509887326,11.761352854166669,0.4840554541666667,1.3273687708333333,0.970063921851507,0.2428497220959356,-0.18808659030906696,0.16109977867663075,0.501130082684002,0.18808659030906694,0,-0.12327817461668804,-0.06948404124934089,-0.371497555061172,0.016315430559629553,2
4453,US-KLS,2017-04-10,US-KLS,Croplands,38.7745,-97.5684,1.3,3.8,1.7259989137746057,11.906231777083336,0.194165875,1.681907625,0.9886775902323404,-0.1500553983446526,0.4984340087711024,0.12754748087046427,0.3632718121446954,0.3535638187781089,0,0.3556821031440419,0.6011911654538846,0.5384287577153808,-0.06542345675268807,2
4454,US-KLS,2017-04-11,US-KLS,Croplands,38.7745,-97.5684,2.6,3.8,1.7588671202632675,10.107940956250005,0.3594338937499999,1.0446041458333335,0.9859481499638304,-0.1670516255021192,-0.6983536005632319,0.19764134207316184,0.5118703087786222,0.6983536005632319,0,-0.8234928602369965,-0.8010632022187157,-0.47050473923398345,0.11837725691637961,2
4455,US-KLS,2017-04-18,US-KLS,Croplands,38.7745,-97.5684,4.1,5.4,7.084761036413567,20.08005915,0.329243625,6.312945395833334,0.9587178169872964,-0.2843591872810034,0.3278946558558213,0.17942965542354286,0.8904415545700408,0.32789465585582134,0,0.26857578300821405,0.5294725460258076,0.18563563853344212,0.049013284561850695,2
4456,US-KLS,2017-04-19,US-KLS,Croplands,38.7745,-97.5684,3.3,4.9,7.382853242176558,21.676821054166663,0.2878504375,7.229433041666668,0.9536809966304456,-0.3008198076356673,0.6285896969610474,0.1002892084010909,0.8605431841469366,0.6285896969610474,0,0.7165970706725693,0.64976999549294,0.5194020247176329,0.03048472066759828,2
4457,US-KLS,2017-04-27,US-KLS,Croplands,38.7745,-97.5684,2.0,2.9,3.0407351302824206,8.512215939583333,0.2585525833333333,1.75006975,0.9033558023246844,-0.4288919379124835,0.29998547193766384,0.12159184122111875,0.5630288983528152,0.2999854719376638,0,0.16127184733301103,0.38814317819004873,0.3505413902899318,0.012404314516349296,2
4458,US-KLS,2017-05-04,US-KLS,Croplands,38.7745,-97.5684,3.2,4.8,6.081353979264367,13.338292400000006,0.4322630208333334,3.6499640833333338,0.8452490573530633,-0.5343725582809787,0.19487463849464662,0.29398571592888467,0.529822457275784,0.19487463849464648,0,0.5041584576999033,-0.08094994542067557,0.16141540320471215,0.0025323685567643986,2
4459,US-KLS,2017-05-05,US-KLS,Croplands,38.7745,-97.5684,3.1,4.8,5.885279871935188,16.73004533333334,0.7118031249999999,1.54604625,0.835925479418637,-0.548842958284719,-0.30713842302579036,0.15568140286717824,0.3952608768801837,-0.30713842302579053,0,-0.4816288625355557,-0.182456402012529,-0.25733000452928634,-0.039673966496568305,2
4460,US-KLS,2017-05-12,US-KLS,Croplands,38.7745,-97.5684,3.4,5.2000003,1.986221369576552,15.94329067291667,0.6098941666666666,1.5075164583333336,0.7638886127905428,-0.6453481132295501,-0.6745097996188032,0.18331945183190781,0.3571058560591549,0.6745097996188032,0,-0.8457645125378531,-0.48113324874367475,-0.6966316375748819,-0.00297063763284943,2
4461,US-KLS,2017-05-13,US-KLS,Croplands,38.7745,-97.5684,4.7,5.8,2.5067841270298303,16.70726779791667,0.7749877083333331,2.1999006875,0.7526668275320084,-0.6584015846980488,-1.033702088042029,0.04983503726108024,0.440968577235632,1.033702088042029,0,-0.9805171519150536,-1.0412668692862939,-1.0793222429247393,0.22431054295551522,2
4462,US-KLS,2017-05-21,US-KLS,Croplands,38.7745,-97.5684,3.9,5.0,1.8160071705509908,14.267783847916665,0.5653566666666665,0.5010565833333335,0.6551563572090853,-0.7554933140726803,-1.3798833597426396,0.22804855040006453,0.6313188500598307,1.3798833597426396,0,-1.2339312640688889,-1.6426741347897633,-1.2630446803692665,0.13500203353397414,2
4463,US-KLS,2017-05-28,US-KLS,Croplands,38.7745,-97.5684,5.1,6.0,1.8774764117553675,19.988501245833337,0.8179599999999999,0.55036125,0.5595892624101765,-0.8287700871745037,-0.9997620586736965,0.07116860996349623,0.62845422187784,0.9997620586736966,0,-0.9678114829702955,-0.9501679818929546,-1.0813067111578394,0.08711213949328617,2
4464,US-KLS,2017-05-29,US-KLS,Croplands,38.7745,-97.5684,5.2,6.1,2.088246302138926,19.3783957875,0.8132474999999998,0.6248347500000001,0.545240438540651,-0.8382797052177743,-1.038629289160477,0.07811910828520097,0.6358745714715904,1.0386292891604771,0,-1.030018080405269,-0.965172560804902,-1.1206972262712598,0.12279087624997165,2
4465,US-KLS,2017-06-05,US-KLS,Croplands,38.7745,-97.5684,5.7,6.3,2.3851241504526897,24.728330622916676,1.4480902708333332,0.4952245208333333,0.440518784350495,-0.8977433935342337,-1.0893525575948297,0.20420386853700304,0.712262035590833,1.0893525575948297,0,-0.8592419726770062,-1.159842628669119,-1.2489730714383642,-0.3477166730120229,2
4466,US-KLS,2017-06-13,US-KLS,Croplands,38.7745,-97.5684,3.4,9.1,3.1469888116535647,28.70456422916667,1.7367210416666663,4.291013500000001,0.3131070409358269,-0.9497178427914316,0.08072840493740084,0.12453400115425671,0.7415611828623259,-0.08072840493740085,0,0.18563570963267478,0.11344846044417234,-0.05689895526464463,-0.08112207221666373,2
4467,US-KLS,2017-06-21,US-KLS,Croplands,38.7745,-97.5684,7.4,10.0,2.6127859976117205,28.87475243125,2.0322408333333333,3.431442437499999,0.1797665857255624,-0.9837092937736096,-0.23197496185602592,0.29750555039446497,0.7553883704490242,0.23197496185602606,0,-0.30954530000782543,0.09663202229730228,-0.4830116078575546,0.013038860279336161,2
4468,US-KLS,2017-06-22,US-KLS,Croplands,38.7745,-97.5684,5.4,8.7,2.1802174158590657,28.77985326458333,1.9022414583333331,2.6969869375,0.1628070129385171,-0.986657932891657,-0.4031557556390592,0.12649888777590207,0.6650722906110564,0.40315575563905925,0,-0.4108531314605256,-0.2729839446960102,-0.5256301907606418,-0.05046768322285013,2
4469,US-KLS,2017-07-07,US-KLS,Croplands,38.7745,-97.5684,6.3,7.9,1.5982989084248926,26.790994070833342,1.5597947916666666,1.4825507083333331,-0.0945367498171993,-0.9955213724144752,-0.8610297683040734,0.11389462169356793,0.44950735847092504,0.8610297683040735,0,-0.9745803558496969,-0.7467942021532636,-0.8617147469092596,-0.37890949403580465,2
4470,US-KLS,2017-07-08,US-KLS,Croplands,38.7745,-97.5684,5.8,6.7000003,1.5978658327765365,26.022925593750006,1.5241822916666667,0.9498335,-0.1116590071216944,-0.993746580436178,-0.62264780115377,0.01832304697894154,0.4471298306765382,0.6226478011537702,0,-0.6304088984394467,-0.635813016714516,-0.6017214883073474,-0.5078391107963827,2
4471,US-KLS,2017-07-23,US-KLS,Croplands,38.7745,-97.5684,5.0,7.3,1.1627137400876255,27.31801973958333,1.574926875,0.9178915833333338,-0.3617137307297674,-0.9322892131745134,-0.8262930599723259,0.40192142909919376,0.6777436111189512,0.8262930599723259,0,-1.234834980950137,-0.8127075978097433,-0.43133660115709727,-0.13353685616213906,2
4472,US-KLS,2017-07-24,US-KLS,Croplands,38.7745,-97.5684,3.2,7.1,0.9415251068722232,29.053517145833343,1.904353958333333,1.0646374166666666,-0.3777079652039646,-0.92592477719385,-1.3730734503623914,0.264035363302566,0.6019965460806322,1.3730734503623914,0,-1.6090828946297635,-1.0879181083172833,-1.4222193481401266,-0.2583733368567924,2
4473,US-KLS,2017-08-01,US-KLS,Croplands,38.7745,-97.5684,3.8,5.1,1.405824879447272,21.94763712291666,1.2326927083333337,0.6799492708333332,-0.5012418134457756,-0.8653072543632061,0.41679292592637124,0.26778841868790676,0.5675206733751071,-0.4167929259263712,0,0.31587101181209776,0.21412997533746392,0.7203777906295521,0.003909344300772284,2
4474,US-KLS,2017-08-17,US-KLS,Croplands,38.7745,-97.5684,3.3,5.9,1.1565960035714986,23.94446283541665,1.4682959791666663,0.6121543541666667,-0.7176769136759615,-0.6963762255968726,-0.7884838030626701,0.22205590245603357,0.6559626131127752,0.78848380306267,0,-0.6028123867042616,-1.0344645982546818,-0.7281744242290668,0.17664339928105832,2
4475,US-KLS,2017-09-02,US-KLS,Croplands,38.7745,-97.5684,2.7,5.6,0.6139439919215545,24.39460541458333,1.3009087499999998,0.922637625,-0.8800122039735356,-0.4749510720670502,-0.8017295190426449,0.2518444105494474,0.5584835681803452,0.8017295190426448,0,-0.5921823197823556,-0.7318804237370368,-1.0811258136085427,0.25419643602492736,2
4476,US-KLS,2017-10-11,US-KLS,Croplands,38.7745,-97.5684,1.9,2.6000001,1.6797461027358491,10.869565254166664,0.6417539583333333,2.159417729166667,-0.9844738167520924,0.1755314904214277,-0.45627261686660564,0.11701944345497517,0.3770946319760401,-0.015764822338304063,0,-0.5611555736089319,-0.33005292907523076,-0.4776093479156543,-0.038590201560343346,2
4477,US-KLS,2017-10-12,US-KLS,Croplands,38.7745,-97.5684,1.8,4.6,1.7272865732094045,17.554340935416672,0.8185595833333332,5.811185875,-0.9813064702716092,0.1924515819708299,0.39465913254818813,0.16379465339057953,0.9119930829635379,-0.39465913254818813,0,0.24379023503016206,0.3713129136610894,0.568874248953313,0.05718888164686964,2
4478,US-KLS,2017-10-19,US-KLS,Croplands,38.7745,-97.5684,2.1,3.9,1.5937960989647404,18.970864083333336,1.2217062500000002,4.347823333333333,-0.9510565162951536,0.3090169943749472,0.16284443459892076,0.20272736849790657,0.6618719474463406,-0.16284443459892073,0,0.05293313859779547,0.3967917477590678,0.038808417439899046,0.016315430559629553,2
4479,US-KLS,2017-10-20,US-KLS,Croplands,38.7745,-97.5684,2.1,5.0,1.7501976580966028,19.5921331625,0.8102149999999999,8.271359374999998,-0.9455963874271428,0.3253420847119795,0.11657390925139421,0.3187581691633937,1.46559427397843,-0.11657390925139421,0,0.3979887495876455,-0.2295867565403778,0.18131973470691493,0.04142435595777124,2
4480,US-KLS,2017-10-27,US-KLS,Croplands,38.7745,-97.5684,1.6,2.3,1.4816496319202388,12.545388762499996,0.7161700000000001,4.645163437500001,-0.8996308696522434,0.4366512319560638,0.30595144467028207,0.23004008201853007,0.6052719073221003,-0.30595144467028207,0,0.37930799362051304,0.4903671589865317,0.04817918140380137,0.016315430559629553,2
4481,US-KLS,2017-10-28,US-KLS,Croplands,38.7745,-97.5684,1.6,2.6000001,1.28797494852855,10.873512702083335,0.6676804166666668,3.735277166666666,-0.8919813464595487,0.4520722039323037,-0.23889881632422263,0.06998338232813753,0.563872155266757,0.23889881632422263,0,-0.164502602580936,-0.24877337405627442,-0.30342047233545755,-0.007022253315276487,2
4482,US-KLS,2017-11-20,US-KLS,Croplands,38.7745,-97.5684,1.0,3.6000001000000004,1.7775794543489258,11.347449529166669,1.132942291666667,6.117906250000001,-0.6486295610349818,0.7611042586607742,0.45284865533793184,0.12439204137875469,0.7486346261525287,0.45284865533793184,0,0.3658763907881166,0.3973385813336009,0.5953309938920779,0.0316821082102887,2
4483,US-KLS,2017-11-21,US-KLS,Croplands,38.7745,-97.5684,0.8,1.7,1.0459456279548618,5.6695322625000015,0.7941122916666666,4.067538791666667,-0.6354323008901775,0.7721565844991641,-0.014707339068756953,0.054905347298502466,0.43805025714957974,-0.01470733906875693,0,0.03923228341580606,-0.012824334042322333,-0.07052996657975459,-0.057521202155399624,2
4484,US-KLS,2017-11-29,US-KLS,Croplands,38.7745,-97.5684,0.3,1.2,1.2001720141007537,10.168608079166663,1.0082929166666668,2.604777875000001,-0.5234156073655503,0.8520775211013093,0.11972503495637983,0.11470250404745752,0.5634128343071483,0.11972503495637987,0,-0.012048003727527401,0.17405455893776817,0.19716854965889874,0.01400368494805945,2
4485,US-KLS,2017-12-06,US-KLS,Croplands,38.7745,-97.5684,0.6,1.9,0.6340389622516753,2.27165491875,0.5854804166666667,4.671932291666666,-0.4171936026123169,0.9088176373395028,0.02468501881021998,0.08713868318105045,0.4732123912623763,0.02468501881021998,0,0.09458416834974465,0.052415040216293535,-0.07294415213537823,-0.00590835052901868,2
4486,US-KLS,2017-12-15,US-KLS,Croplands,38.7745,-97.5684,0.4,1.8000001,0.2355110388664797,4.220603472916666,0.4877695833333333,4.0748505,-0.2719581575341052,0.9623090774541488,0.09624556583571375,0.02602742743587021,0.41187136509285976,-0.09624556583571373,0,0.07852100152522634,0.08408864619992754,0.1261270497819874,-0.057521202155399624,2
4487,US-KLS,2017-12-30,US-KLS,Croplands,38.7745,-97.5684,0.2,0.5,-0.0627451784333042,-13.182012710416664,0.077608625,4.233580937500002,-0.0172133561558352,0.9998518392091162,0.21348449666110483,0.2097217697354574,0.5461114148107742,-0.21348449666110486,0,0.018665081297917108,0.18632588072416595,0.4354625279612315,0.01791480099133971,2
4500,US-KM4,2016-04-15,US-KM4,Grasslands,42.44225,-85.330056,1.6,5.2000003,2.495880529170754,13.04508845983333,0.9998351306875,1.6154487154583326,0.9679377830240642,-0.2511900638848193,-0.18952889894959582,0.13996155936799312,0.41064985445091484,-0.1895288989495958,1,-0.3382261572080645,-0.17000801955104955,-0.0603525200896734,-0.04358508253984855,2
4501,US-KM4,2016-04-23,US-KM4,Grasslands,42.44225,-85.330056,2.6,3.8,3.443622788566345,9.907701303333331,0.5079003222499999,1.289066849208333,0.9242907221930934,-0.3816892202666588,-0.4930492876494407,0.17433218157793187,0.5328436424394954,-0.4930492876494408,1,-0.6833653745757715,-0.4546939714668203,-0.3410885169057303,0.02131031153913477,2
4502,US-KM4,2016-10-08,US-KM4,Grasslands,42.44225,-85.330056,1.9,2.6000001,2.192565869840026,9.819598941145834,0.3251216366458333,1.5901072223749997,-0.989932495087353,0.141540295217043,-0.4674670773102924,0.09219612436969421,0.500474687012934,-0.46746707731029247,1,-0.4227446762179562,-0.5734946120608122,-0.4061619436521087,0.013714460596728793,2
4503,US-KM4,2016-11-01,US-KM4,Grasslands,42.44225,-85.330056,1.6,3.3,1.877417117709536,18.47648608104167,0.5133519398749998,1.868386413625,-0.8498170915275277,0.5270777086423724,-0.27146301193072403,0.0594535993547573,0.37921076270447746,-0.271463011930724,1,-0.30461879448614315,-0.3069451920954292,-0.2028250492105998,-0.05912057258710978,2
4504,US-KM4,2016-11-09,US-KM4,Grasslands,42.44225,-85.330056,1.0,1.8000001,1.1761227196071355,8.564276487625003,0.3514747797083333,1.649200141520833,-0.7694148268839381,0.6387494220515268,-0.05033600205473762,0.062440247773606225,0.3362627693230264,-0.05033600205473762,1,-0.10302976023108693,0.018629070671467407,-0.06660731660459335,-0.057521202155399624,2
4505,US-KM4,2017-02-13,US-KM4,Grasslands,42.44225,-85.330056,0.4,1.0,0.8781924066533795,1.5174256249999998,0.3267143838208332,2.1188812500000003,0.6870527672236669,0.7266075247685656,0.02890897521920688,0.08488266964180433,0.5230393851154792,0.02890897521920688,1,-0.025927865017406293,0.1266819141701216,-0.014027123495094662,0.01031895004893374,2
4506,US-KM4,2017-04-18,US-KM4,Grasslands,42.44225,-85.330056,1.5,5.8,3.6767736010445806,15.514196458333332,0.9139771799291668,2.5086327083333333,0.9587178169872964,-0.2843591872810034,-0.28926688329767697,0.028414943412582577,0.4380719928957304,-0.2892668832976768,1,-0.2659458352826573,-0.32091504220157036,-0.28093977240880313,-0.00037981815782823017,2
4507,US-KM4,2017-10-19,US-KM4,Grasslands,42.44225,-85.330056,1.2,3.0,1.099414840102134,13.569845252666669,0.7547012981312501,1.38409850975,-0.9510565162951536,0.3090169943749472,-0.36442009102814515,0.03944730287478097,0.27260611400193546,-0.1632497712324132,1,-0.3366449656871191,-0.40957259434009263,-0.34704271305722356,-0.05912057258710978,2
4508,US-KM4,2017-11-20,US-KM4,Grasslands,42.44225,-85.330056,0.7,2.3,0.9901364772178802,3.828959841250001,0.3263743028020833,2.787465198729167,-0.6486295610349818,0.7611042586607742,-0.23761348530587698,0.06584318670544216,0.3871898004650339,-0.237613485305877,1,-0.22139508382974732,-0.18139502616347494,-0.3100503459244086,-0.057521202155399624,2
4509,US-KM4,2017-12-06,US-KM4,Grasslands,42.44225,-85.330056,0.3,1.5,0.5348413515952279,-0.0871737688958332,0.2568569490854165,3.619705534083334,-0.4171936026123169,0.9088176373395028,0.1703273019484115,0.20263246981180166,0.46039701180213316,0.1703273019484115,1,0.12375363541530071,0.39219179763266593,-0.004963527202732243,0.03860372939047078,2
4510,US-KM4,2018-08-27,US-KM4,Grasslands,42.44225,-85.330056,4.2,5.2000003,3.807479783274947,30.20283532604166,0.8705373389583334,1.8903053052916672,-0.8263541987239095,-0.5631507242749187,-0.027117537632910083,0.12368230955967516,0.7037072615940161,0.027117537632910083,1,-0.16666117702308392,0.01632951753665529,0.06897904658769838,0.034825976713971134,2
4666,US-NC2,2017-02-12,US-NC2,Evergreen Forests,35.803,-76.6685,2.1,1.9,3.019411583631439,20.80300966666667,1.040910225,1.5675348541666672,0.6744436188329455,0.7383263540031065,0.10322352477650348,0.19127905427185155,0.7130101144692413,0.10322352477650343,0,0.30206538284081436,0.08707391862493677,-0.07946872713624069,0.04235499799274872,2
4667,US-NC2,2017-02-20,US-NC2,Evergreen Forests,35.803,-76.6685,2.5,4.6,2.37427280588159,13.296992895833334,0.6890561166666664,0.990568375,0.7694148268839378,0.6387494220515272,-0.24967898529891172,0.09980834473949318,0.7907125640393218,0.0017754029379085934,0,-0.3330088348376331,-0.276961923524194,-0.13906619753490806,0.04776801996186841,2
4668,US-NC2,2017-02-28,US-NC2,Evergreen Forests,35.803,-76.6685,3.2,1.6,1.5670689722188902,18.247871458333336,0.53076419375,0.9426431666666664,0.8498170915275278,0.5270777086423722,-0.7681621479728165,0.0838471193240287,0.7974388788202503,0.7681621479728165,0,-0.7848182818022326,-0.8424311108069459,-0.6772370513092709,0.1942187557075544,2
4669,US-NC2,2017-03-24,US-NC2,Evergreen Forests,35.803,-76.6685,3.3,4.3,1.5828151246093736,10.923258020833336,0.5896615083333333,1.0324231041666665,0.989932495087353,0.141540295217043,-1.042602105688595,0.2337863610944288,0.5789384958366172,1.042602105688595,0,-1.104258904752922,-1.2393805865019751,-0.7841668258108881,0.38605165446496714,2
4670,US-NC2,2017-04-01,US-NC2,Evergreen Forests,35.803,-76.6685,3.1,3.8,3.985268799452061,16.331647625000006,0.6267875750000002,1.1278038541666664,0.99999073973619,0.0043035382962442,-0.3297357774981133,0.03178153267671195,0.24564551859524025,-0.32973577749811334,0,-0.29654561256297896,-0.35989093124000804,-0.33277078869135285,-0.05912057258710978,2
4671,US-NC2,2017-04-09,US-NC2,Evergreen Forests,35.803,-76.6685,4.3,4.9,2.5894022288077307,13.695463270833336,0.8468285687499996,0.7818038958333332,0.9911140639934548,-0.1330147065341959,-1.2537828127820323,0.20489297372128984,0.5226883154939985,1.2537828127820323,0,-1.3311155576044726,-1.4087549324482493,-1.0214779482933751,0.42511721747407694,2
4672,US-NC2,2017-05-03,US-NC2,Evergreen Forests,35.803,-76.6685,6.0,6.1,5.723419648641762,20.14810018750001,1.3294147437499997,1.180064,0.854322169749827,-0.5197438121555155,-1.8014488379144826,0.05215110039955595,0.4445887663269496,-1.2482881351980073,0,-1.861094478951273,-1.7644472012076529,-1.778804833584522,-0.7475668310960907,2
4673,US-NC2,2017-05-19,US-NC2,Evergreen Forests,35.803,-76.6685,6.2,6.7000003,5.146535488664504,25.4784005,0.8838143291666668,1.2321930208333334,0.6807734094770161,-0.7324940716135789,-1.6619299262493665,0.08429847731103036,0.46076970759757047,0.4449990964216266,0,-1.6332731422866706,-1.595695765970717,-1.756820870490712,-0.37332285925653574,2
4674,US-NC2,2017-05-27,US-NC2,Evergreen Forests,35.803,-76.6685,5.8,6.5,5.777894125626041,24.514940125,1.0848227312499998,0.8857795833333335,0.5737722679043246,-0.8190148866680801,-1.3328518114023353,0.052549788195629867,0.6170551100087271,-1.2886400626544177,0,-1.2844054672999967,-1.3254333329475039,-1.3887166339595056,-1.0350259537491369,2
4675,US-NC2,2017-06-04,US-NC2,Evergreen Forests,35.803,-76.6685,7.7,7.1,5.036191754438671,25.4327611875,1.1000143020833335,0.9055096250000004,0.4559066935084588,-0.8900275764346767,-2.333692578400877,0.3676952561066107,0.8750954495380647,2.333692578400877,0,-2.390503270563338,-1.9408984148384805,-2.6696760498008127,-0.06995486241228971,2
4676,US-NC2,2017-06-28,US-NC2,Evergreen Forests,35.803,-76.6685,6.4,5.6,6.179412096228143,22.26817120833334,1.0093702,0.8428002916666664,0.060213277365793,-0.9981855344718586,-0.9765466969625468,0.03731060807306477,0.4778806210971315,-0.5353708894188319,0,-0.9865422431744063,-0.93525638651453,-1.007841461198704,-0.32130964522777844,2
4677,US-NC2,2017-07-06,US-NC2,Evergreen Forests,35.803,-76.6685,6.5,6.1,7.9183488167347935,27.65578297916667,0.6833409874999999,0.8868348750000004,-0.0773864792334632,-0.9970011699250152,-0.7628542836944421,0.09367320468612937,0.4520565821110921,-0.7628542836944421,0,-0.6587837008339159,-0.8404171017082239,-0.7893620485411864,-0.23395204013557278,2
4678,US-NC2,2017-07-14,US-NC2,Evergreen Forests,35.803,-76.6685,5.7,6.2000003,6.752910620710412,29.48511935416667,0.684147125,1.097488875,-0.2135209154397959,-0.9769384927771816,-0.41340446954101906,0.1310298518857402,0.3458590186400073,-0.41340446954101906,0,-0.4660730849004352,-0.5099047449488536,-0.2642355787737683,-0.008212794714074333,2
4679,US-NC2,2017-09-08,US-NC2,Evergreen Forests,35.803,-76.6685,4.6,4.3,4.95409527877348,20.199473479166667,0.7086289645833332,0.8408859791666666,-0.9242907221930934,-0.3816892202666586,-0.32537699723163566,0.0773796690802553,0.5082346751827471,-0.3253769972316356,0,-0.31684385287418815,-0.252617585012229,-0.4066695538084899,0.005101674381726262,2
4680,US-NC2,2017-09-24,US-NC2,Evergreen Forests,35.803,-76.6685,4.3,4.8,4.197289072164751,24.345414208333334,0.5828181541666665,0.9287348958333334,-0.9932568492674144,-0.1159345995955006,-0.37525902774331454,0.011603502405618247,0.5783390365948933,-0.16983717207281712,0,-0.38145130383142917,-0.3618729404421612,-0.38245283895635324,-0.010640158550773812,2
4681,US-NC2,2017-10-02,US-NC2,Evergreen Forests,35.803,-76.6685,3.7,3.3,3.803018279581207,18.061906354166673,0.5314737729166665,1.0500652291666666,-0.9997685019798908,0.0215160974362222,-0.6409268811197818,0.0785265463695183,0.5822853929737047,-0.6409268811197818,0,-0.6142963822270434,-0.7293056428825021,-0.5791786182497998,0.03515446091189612,2
4682,US-NC2,2017-10-18,US-NC2,Evergreen Forests,35.803,-76.6685,2.8,3.1000001,2.6586747663780628,15.102577062499998,0.3615870458333332,1.0129344375000002,-0.9562348265919058,0.2926003356333479,-0.6624367580085667,0.1163062397115569,0.45652950088408606,-0.3797862907646926,0,-0.6810909033873761,-0.7682884964824217,-0.5379308741559025,0.06314602944565022,2
4683,US-NC2,2017-12-13,US-NC2,Evergreen Forests,35.803,-76.6685,1.0,2.0,0.6651687500090551,0.0054341874999997,0.3675683374999999,1.4965369791666667,-0.3049212246562894,0.9523775757303972,-0.39057173938384354,0.11413208436371095,0.4659345890660232,0.27909076059804633,0,-0.3073361918975522,-0.5206768874082857,-0.3437021388456929,0.030849739467147377,2
4684,US-NC2,2017-12-21,US-NC2,Evergreen Forests,35.803,-76.6685,1.1,1.6,1.292121134141337,7.333105645833338,0.3175951812499999,1.0632690416666666,-0.1712931441814778,0.9852201067560606,-0.3392621249404693,0.12378303565008314,0.4357926235142234,-0.33926212494046926,0,-0.31217008200041974,-0.4743472587231593,-0.231269034097829,-0.04358508253984855,2
4685,US-NC2,2017-12-29,US-NC2,Evergreen Forests,35.803,-76.6685,1.0,1.4,0.281330500065201,-2.227641020833333,0.26560175,0.8545376875000001,-0.0344216116227458,0.9994074007397048,-0.6283605358751765,0.2148327930396619,0.5640372467079487,0.6283605358751765,0,-0.5144057150982855,-0.8761620880316441,-0.4945138044955999,0.047967587521509564,2
4713,US-NC3,2016-02-02,US-NC2,Evergreen Forests,35.799,-76.656,0.4,1.1,0.5166478002352157,11.529760125000005,0.26256683570625,1.870524208333333,0.5380051715382996,0.8429415373547828,0.10665076566235095,0.10117223009299443,0.4545409615729297,0.10665076566235095,0,0.007242151954134274,0.10321125083935628,0.20949889419356232,0.034692613347190523,2
4714,US-NC3,2016-02-10,US-NC2,Evergreen Forests,35.799,-76.656,0.9,1.7,0.7742084786577035,1.2671226458333331,0.3483933009833334,2.6337810208333337,0.6486295610349814,0.7611042586607747,-0.41601417440158056,0.1374235466318899,0.44990455829275744,-0.16443113171698748,0,-0.5709881321981166,-0.3680659069265504,-0.30898848408007473,0.034692613347190523,2
4715,US-NC3,2016-05-24,US-NC2,Evergreen Forests,35.799,-76.656,4.5,6.4,4.791607683960863,21.66102816666667,0.8386867411812503,2.0264357916666667,0.6016240632249226,-0.7987793728863649,-0.40408134799541434,0.15710529997121858,0.414832216052235,-0.4040813479954144,0,-0.40587551080915124,-0.5602818827827292,-0.24608665039436256,-0.05866033546670434,2
4716,US-NC3,2016-08-04,US-NC2,Evergreen Forests,35.799,-76.656,3.5,3.9,3.7536865240367265,29.456705166666666,0.5804705062541667,1.4570365208333331,-0.5595892624101763,-0.828770087174504,1.0794059742255617,0.15540371203507725,0.8672971257295472,-0.5720329261521087,0,1.2521794613774129,1.0349990510080305,0.9510394102912418,-0.17400636619929732,2
4717,US-NC3,2016-08-20,US-NC2,Evergreen Forests,35.799,-76.656,4.4,4.2000003,4.552033492297039,29.779506229166657,0.4639797415895834,0.6769874583333332,-0.7638886127905429,-0.64534811322955,0.42880912530592336,0.19549379551606388,0.7659809305359494,-0.12474214071184536,0,0.5512327899961439,0.20335004388753652,0.5318445420340895,0.04985719891851704,2
4718,US-NC3,2016-10-23,US-NC2,Evergreen Forests,35.799,-76.656,2.0,3.3,1.5469689895423795,12.506277312500004,0.5455524071916668,1.6151086666666667,-0.9209712877166346,0.3896304495307877,-0.48058480391516073,0.10967617061997102,0.3622380762432686,0.4254772170000803,0,-0.6071952560932714,-0.4147881020983974,-0.4197710535538134,-0.038590201560343346,2
4719,US-NC3,2016-12-02,US-NC2,Evergreen Forests,35.799,-76.656,0.8,1.8000001,0.8432962960933517,6.826470041666667,0.3718543080791665,1.3829776666666669,-0.4635502709028512,0.8860706215341377,-0.18614062469760553,0.06381199625117277,0.40652837841716866,-0.18614062469760553,0,-0.2282448263834106,-0.21745643402744594,-0.11272061368196004,-0.057521202155399624,2
4720,US-NC3,2016-12-10,US-NC2,Evergreen Forests,35.799,-76.656,0.7,1.3000001,0.4821624515046704,-1.2657970208333336,0.2336279131083334,1.2154489375000002,-0.3375228995941134,0.941317317512847,-0.3266362862582211,0.1460771669947086,0.3331438430504905,0.10903881073243799,0,-0.18696738398519608,-0.4783730390753709,-0.3145684357140963,-0.041985712108138395,2
4721,US-NC3,2016-12-18,US-NC2,Evergreen Forests,35.799,-76.656,0.4,2.3,1.5397806677134618,18.660340770833333,0.3447918978666666,3.1603344791666665,-0.2051044998686192,0.9787400799669153,0.21548959963988623,0.07418358703453493,0.7587504098999236,0.21548959963988623,0,0.29056503589751914,0.2136725161408603,0.14223124688127925,0.026741909731313268,2
4722,US-NC3,2017-01-27,US-NC2,Evergreen Forests,35.799,-76.656,1.0,2.1000001,0.5186555545833545,4.5771374374999985,0.3973928999999998,1.9509612083333332,0.4482293417404106,0.893918596519257,-0.44681449306011006,0.05299124154871992,0.44353805438208094,0.44681449306011006,0,-0.502771525033102,-0.44027611724234783,-0.39739583690488034,0.02736849430889101,2
4723,US-NC3,2017-02-04,US-NC2,Evergreen Forests,35.799,-76.656,0.8,3.0,0.6237010909999516,-0.0900525833333332,0.3001212083333333,1.906804520833333,0.5667017562911176,0.8239230057575542,-0.4416121236806436,0.2963830102439888,0.6370228883377341,-0.0890143056805468,0,-0.3411460908761258,-0.7751697259392654,-0.20852055422653973,0.009126619967979763,2
4724,US-NC3,2017-02-12,US-NC2,Evergreen Forests,35.799,-76.656,0.4,2.0,1.2352503901367975,20.478514729166665,0.9853874708333332,3.3417004375,0.6744436188329455,0.7383263540031065,0.412579990924591,0.13031439402941644,0.8108950355242328,0.412579990924591,0,0.4851220684924975,0.2621376925003374,0.49048021178093826,0.046168477562939056,2
4725,US-NC3,2017-02-20,US-NC2,Evergreen Forests,35.799,-76.656,1.7,4.5,0.7554545801879295,12.550654166666668,0.6574486979166668,1.5496497291666664,0.7694148268839378,0.6387494220515272,-0.24976580739304302,0.15129137397551232,0.7149927177373524,0.249765807393043,0,-0.1693817816071516,-0.15563400952170844,-0.424281631050269,0.04235499799274872,2
4726,US-NC3,2017-02-28,US-NC2,Evergreen Forests,35.799,-76.656,1.9,1.6,0.6573007698003837,17.741170125,0.5103380312500002,2.0779877291666677,0.8498170915275278,0.5270777086423722,0.17028965199058524,0.1275959942674656,0.5654694069990801,-0.1702896519905852,0,0.31469964554781604,0.07278538499120002,0.12338392543273968,0.012404314516349296,2
4727,US-NC3,2017-03-24,US-NC2,Evergreen Forests,35.799,-76.656,2.5,4.3,1.1697638805016812,10.0428886875,0.5598043708333333,1.9987742083333335,0.989932495087353,0.141540295217043,-0.7026661936133314,0.05194913346361587,0.4697236004868067,0.7026661936133314,0,-0.7049187186000881,-0.7534524254349886,-0.6496274368049174,0.06168084895904237,2
4728,US-NC3,2017-04-01,US-NC2,Evergreen Forests,35.799,-76.656,1.3,3.8,1.9485427177808468,16.270868895833335,0.6340861645833332,2.0948317291666667,0.99999073973619,0.0043035382962442,0.4205973952807103,0.027081667573184344,0.5360248332847783,0.4205973952807103,0,0.40615673793229223,0.451838907940178,0.4037965399696606,-0.002027372335771273,2
4729,US-NC3,2017-04-09,US-NC2,Evergreen Forests,35.799,-76.656,3.1,4.8,1.182135232759832,12.908859375,0.7974880604166668,1.4298185208333336,0.9911140639934548,-0.1330147065341959,-0.7052009745920821,0.12853481596284558,0.4206857408622545,0.7052009745920822,0,-0.7648393967059605,-0.7930832625503539,-0.5576802645199318,0.04155734440535442,2
4730,US-NC3,2017-04-17,US-NC2,Evergreen Forests,35.799,-76.656,3.2,5.6,3.0840892620532183,21.578603729166662,0.8933277374999998,2.793918041666668,0.9634705485641488,-0.2678143051621742,0.18231559406344347,0.2653055102401683,0.6279270876659883,-0.18231559406344344,0,0.24918096937698553,-0.11002591915153524,0.40779173196488017,0.07982197406181583,2
4731,US-NC3,2017-05-03,US-NC2,Evergreen Forests,35.799,-76.656,4.1,6.1,4.363767951262293,19.415889979166668,1.2357377395833335,1.7412157500000005,0.854322169749827,-0.5197438121555155,-0.435791977610156,0.1466179558406527,0.43639152756216265,-0.435791977610156,0,-0.5285658267887214,-0.5120491913085884,-0.2667609147331582,-0.033655029336971,2
4732,US-NC3,2017-05-19,US-NC2,Evergreen Forests,35.799,-76.656,5.7,6.7000003,4.685480593047863,25.12175247916667,0.8440879666666671,2.7620663958333336,0.6807734094770161,-0.7324940716135789,-0.8646331003554039,0.13154840851525576,0.5904544605376694,0.8646331003554039,0,-0.999543704598791,-0.8576288563709319,-0.7367267400964888,-0.35948647503703973,2
4733,US-NC3,2017-05-27,US-NC2,Evergreen Forests,35.799,-76.656,4.9,6.5,5.1948480773882615,23.82261733333333,0.9439407354166668,1.5546886041666663,0.5737722679043246,-0.8190148866680801,-0.7709347145740271,0.12100963131520848,0.5155507733620722,-0.7709347145740271,0,-0.7731976880186615,-0.8907969883703182,-0.6488094673331015,-0.21595928856337343,2
4734,US-NC3,2017-06-12,US-NC2,Evergreen Forests,35.799,-76.656,6.6,6.8,4.591194474072303,25.337520916666676,0.8631560520833332,1.656061666666666,0.3294084822245304,-0.9441875088341992,-1.5911354775632154,0.19700722676920188,0.5069044867162646,1.5911354775632154,0,-1.6280697156262873,-1.3782750871889784,-1.7670616298743804,-0.5010679386900145,2
4735,US-NC3,2017-07-06,US-NC2,Evergreen Forests,35.799,-76.656,5.5,6.1,6.561233160922468,27.14607631250001,0.62503065,1.7044747083333334,-0.0773864792334632,-0.9970011699250152,-0.3013034158139117,0.046797524057484864,0.3266773705659488,-0.3013034158139116,0,-0.30254381045776624,-0.25389802506760606,-0.3474684119163628,-0.15316101871248963,2
4736,US-NC3,2017-07-14,US-NC2,Evergreen Forests,35.799,-76.656,5.2,6.2000003,6.17396999844675,28.57251727083333,0.6247829854166669,2.2880163125000004,-0.2135209154397959,-0.9769384927771816,-0.2118922143989551,0.12965219542733347,0.4272196215452536,-0.211892214398955,0,-0.30022937259059757,-0.06304746016716498,-0.2723998104391026,-0.0368794470954793,2
4737,US-NC3,2017-07-22,US-NC2,Evergreen Forests,35.799,-76.656,6.7,7.0,6.397487218867085,29.07191614583333,0.6703726666666666,2.6655034166666662,-0.3456123126707333,-0.9383773917408642,-0.06209114385473852,0.21041480427591558,0.4291246744841105,0.06209114385473852,0,0.1366041980322661,-0.04034170214572286,-0.2825359274507588,-0.03558891098403363,2
4738,US-NC3,2017-08-23,US-NC2,Evergreen Forests,35.799,-76.656,4.0,4.3,6.230157477441379,27.434891604166666,0.4694229562499999,1.8268383750000008,-0.7856498550787144,-0.6186714032625032,0.6407239352375343,0.15365866078152368,0.5185086955309468,0.6407239352375345,0,0.8024312254056418,0.49663226153907025,0.6231083187678911,-0.03746798110808787,2
4739,US-NC3,2017-08-31,US-NC2,Evergreen Forests,35.799,-76.656,4.2,4.1,4.251043188991304,24.861670583333336,0.4508041062500001,1.6967639583333332,-0.8631421280499115,-0.5049610547215202,0.3825629924959137,0.05299184775553894,0.45210942076942906,-0.2804766145133068,0,0.4405035280600561,0.3706311132072262,0.3365543362204586,0.01366667508385458,2
4740,US-NC3,2017-09-16,US-NC2,Evergreen Forests,35.799,-76.656,3.4,4.1,3.80379531388582,24.016589166666662,0.4517175354166668,1.3892115416666666,-0.9679377830240642,-0.2511900638848195,-0.14696630443922123,0.03768866270716025,0.463179492615793,-0.1469663044392212,0,-0.17696261965910315,-0.10466244959269241,-0.15927384406586817,0.00982380120381143,2
4741,US-NC3,2017-09-24,US-NC2,Evergreen Forests,35.799,-76.656,3.4,4.8,3.5458601098534164,23.22384195833333,0.5962136958333334,1.6479683750000005,-0.9932568492674144,-0.1159345995955006,-0.3944991537953006,0.03785024733826536,0.29481746852734114,-0.39449915379530065,0,-0.4300747932408817,-0.3986981854181751,-0.354724482726845,-0.05912057258710978,2
4742,US-NC3,2017-10-02,US-NC2,Evergreen Forests,35.799,-76.656,2.9,3.3,2.672418068285636,16.947461979166665,0.4952139145833333,1.6931528750000002,-0.9997685019798908,0.0215160974362222,-0.7198425812328629,0.09809266557440965,0.3697622497276335,-0.26467871780413554,0,-0.7637467717800815,-0.6074665534038283,-0.788314418514679,0.030553017599475957,2
4743,US-NC3,2017-10-18,US-NC2,Evergreen Forests,35.799,-76.656,2.1,3.1000001,1.7905365214126283,14.092186124999998,0.3293708,1.6149806041666668,-0.9562348265919058,0.2926003356333479,-0.5192247882365125,0.07634846407240715,0.3232275395293461,0.09970216893823103,0,-0.600574473499168,-0.5079737369476649,-0.4491261542627046,-0.04227493645946906,2
4744,US-NC3,2017-11-27,US-NC2,Evergreen Forests,35.799,-76.656,0.9,1.5,0.7476437751913781,5.818115916666668,0.38554935,0.9763514583333333,-0.5524353131676203,0.8335557718385695,-0.4108061013963272,0.01672915610261384,0.35786132932817816,-0.10609365177908342,0,-0.4127282978042336,-0.42649112990800053,-0.39319887647674745,-0.057521202155399624,2
4745,US-NC3,2017-12-13,US-NC2,Evergreen Forests,35.799,-76.656,0.5,2.0,0.7452157318251947,-0.3679177291666666,0.35874605,2.6896171458333336,-0.3049212246562894,0.9523775757303972,-0.07491221782366532,0.0291720266832726,0.38645971783779737,-0.0749122178236653,0,-0.06919144240255816,-0.04902435885297744,-0.10652085221546036,-0.057521202155399624,2
4746,US-NC3,2017-12-21,US-NC2,Evergreen Forests,35.799,-76.656,0.8,1.6,0.9936166075781976,6.606126791666667,0.3122690520833333,1.873378625,-0.1712931441814778,0.9852201067560606,-0.06271262231251416,0.04311870916191937,0.3433262326083527,-0.06271262231251418,0,-0.05776781554918657,-0.10809055848827344,-0.022279492900082493,-0.057521202155399624,2
4747,US-NC3,2018-01-14,US-NC2,Evergreen Forests,35.799,-76.656,0.6,1.5,0.7058815922893916,-3.4431407916666674,0.2113574854166666,3.137446541666668,0.2386727660059501,0.9711000518829505,-0.17543842890010256,0.11874917994327938,0.47022804675905966,-0.17543842890010253,0,-0.3090658989471583,-0.08199497037409044,-0.13525441737905897,-0.002223615629892964,2
4748,US-NC3,2018-02-07,US-NC2,Evergreen Forests,35.799,-76.656,0.3,2.4,0.6485408640733442,14.332396416666668,0.3153635312499999,3.1037910625,0.6084768701151261,0.7935716089521474,0.19452822162054928,0.15530590136707206,0.5355101515696359,0.19452822162054928,0,0.14137707109989078,0.07277598627819201,0.36943160748356507,0.01791480099133971,2
4749,US-NC3,2018-02-15,US-NC2,Evergreen Forests,35.799,-76.656,2.1,3.9,1.114326406914412,17.58703614583334,0.3488370979166666,3.0957319999999995,0.7116566222817746,0.702527474169157,0.09235012373709062,0.13448458306214237,0.8115037104183314,-0.0923501237370905,0,0.11844627465785645,0.21187409005678565,-0.053269993503370264,0.04776801996186841,2
4750,US-NC3,2018-03-03,US-NC2,Evergreen Forests,35.799,-76.656,1.7,4.0,1.3194154672525376,7.114977041666667,0.6733306562500001,3.9409296458333354,0.8758917051442429,0.4825077417612184,-0.4238278124780941,0.16307583769665246,0.7264331401612687,0.3373412530168307,0,-0.25421688248934915,-0.4377966473879564,-0.5794699075569767,0.04734987897225394,2
4751,US-NC3,2018-04-20,US-NC2,Evergreen Forests,35.799,-76.656,3.0,4.2000003,1.9392795314101092,8.744410770833333,0.6239487229166668,1.6642063125,0.9483615800121716,-0.3171912885891061,-1.0581925676079469,0.2732371552499932,0.49992207217373485,1.0581925676079469,0,-1.195543374100798,-1.235504176164851,-0.7435301525581918,0.3722685924621021,2
4752,US-NC3,2018-05-14,US-NC2,Evergreen Forests,35.799,-76.656,5.2,6.5,5.645410159831202,25.917423729166657,1.03024763125,2.6836182708333336,0.741222010848596,-0.6712599575675313,-0.6240379788002722,0.18189954074154974,0.60163835749209,-0.6240379788002723,0,-0.6756567371648065,-0.7745495307653438,-0.4219076684706663,-0.226018306760395,2
4753,US-NC3,2018-06-07,US-NC2,Evergreen Forests,35.799,-76.656,3.3,3.2,5.502245058550193,21.67364072916667,0.7102624458333334,1.4720743333333328,0.4093559588156213,-0.9123747579707272,0.790584594260769,0.1843288628455268,0.8412725941830251,0.790584594260769,0,1.0028844140628352,0.6712544126655453,0.6976149560539264,-0.22420133219511132,2
4754,US-NC3,2018-08-26,US-NC2,Evergreen Forests,35.799,-76.656,5.4,5.2000003,6.746511403876245,24.222466041666664,0.6357339791666666,0.5833408958333332,-0.8165380514459157,-0.5772916165517278,-0.13835323459845955,0.22232105167123198,0.4460001446627482,-0.1383532345984595,0,0.11187076380622879,-0.2137901597396561,-0.31314030786195135,0.06567101134016555,2
4755,US-NC3,2018-09-19,US-NC2,Evergreen Forests,35.799,-76.656,4.4,4.5,6.168625920003603,25.400344458333336,0.5202531666666667,1.3546657708333332,-0.97961369164549,-0.2008905551306352,-0.15314354687590234,0.11727101458488763,0.5439450988137626,-0.15314354687590237,0,-0.07839987675089956,-0.2883035647313798,-0.09272719914542768,0.008786409280851972,2
4756,US-NC3,2018-11-22,US-NC2,Evergreen Forests,35.799,-76.656,0.7,1.6,2.563227652166436,3.971221979166668,0.2583847,1.9887646458333328,-0.622046748440868,0.7829801036770625,-0.08278555459833568,0.13944369734390058,0.317193007331647,-0.08278555459833559,0,-0.24188383872430336,-0.02469210455558249,0.018219279484878836,-0.041985712108138395,2
4757,US-NC3,2018-12-24,US-NC2,Evergreen Forests,35.799,-76.656,0.6,1.5,2.068150677122747,6.689824916666666,0.3123533,1.7341045000000002,-0.1202080448993527,0.9927487224577402,-0.004222698800649821,0.023261450187989006,0.34206675845335915,-0.004222698800649738,0,0.022483513328968585,-0.015090097699648697,-0.020061512031269352,-0.057521202155399624,2
5021,US-NR1,2016-06-05,US-NR1,Evergreen Forests,40.0329,-105.5464,5.3,4.6,2.979130287047606,8.976631944444447,0.4778062499999999,2.4270833333333344,0.4250003399695541,-0.9051931898913974,-2.8082433385843593,0.11456131905041436,0.5589876437370169,1.833496087320428,0,-2.785640834758063,-2.7066679279929953,-2.9324212530020195,0.12476151872426322,2
5022,US-NR1,2016-06-13,US-NR1,Evergreen Forests,40.0329,-105.5464,3.9,3.7,3.376084482519804,6.581708333333334,0.1287180555555555,4.154770833333333,0.2967128192734907,-0.9549667548552552,-0.5077829585751195,0.5223858065459398,0.803351489895739,0.5077829585751195,0,-0.2851091170341104,-0.1336312583660182,-1.1046085003252297,-0.005540911518620099,2
5023,US-NR1,2016-06-21,US-NR1,Evergreen Forests,40.0329,-105.5464,4.8,6.8,4.047815063929397,17.915,1.4224652777777775,3.6139583333333336,0.1628070129385171,-0.986657932891657,-0.2802995690289379,0.1399915931766229,0.6336321166316108,0.2802995690289379,0,-0.13591542054245462,-0.2895427798233136,-0.4154405067210454,-0.01557890146239024,2
5024,US-NR1,2016-06-29,US-NR1,Evergreen Forests,40.0329,-105.5464,4.1,5.6,3.3008134675081022,13.84791666666667,0.9186875,4.096666666666667,0.025818440227133,-0.9996666485105112,-0.39202377658770854,0.11129035930173646,0.421038972938125,0.39202377658770854,0,-0.34477976306595426,-0.3121491821325224,-0.5191423845646489,-0.04358508253984855,2
5025,US-NR1,2016-07-07,US-NR1,Evergreen Forests,40.0329,-105.5464,4.7,5.8,3.2885220869608704,14.117361111111109,1.1352430555555555,2.7927083333333336,-0.1116590071216944,-0.993746580436178,-1.2638713705561908,0.15487788872348843,0.34063421955932177,1.2638713705561908,0,-1.0961585040675828,-1.2939555411916364,-1.401500066409353,0.2938212801592955,2
5026,US-NR1,2016-07-15,US-NR1,Evergreen Forests,40.0329,-105.5464,3.5,5.5,2.8894920533473436,11.86215277777778,0.7133840277777778,3.3252083333333338,-0.2470221804809352,-0.9690098257244064,-0.6251683744056277,0.2080777309447125,0.5418445439475255,0.5958475188996851,0,-0.5160613014208547,-0.49433561937778925,-0.8651082024182387,0.04636821708979941,2
5027,US-NR1,2016-07-23,US-NR1,Evergreen Forests,40.0329,-105.5464,5.0,5.7000003,3.612798722312248,16.922430555555557,1.2875000000000003,4.72125,-0.3777079652039646,-0.92592477719385,-0.6044029007220297,0.09770611963080662,0.5461242250531211,0.6044029007220297,0,-0.7009393226150855,-0.505567652593421,-0.6067017269575827,0.021107967670213303,2
5028,US-NR1,2016-07-31,US-NR1,Evergreen Forests,40.0329,-105.5464,4.4,5.2000003,2.827343139234332,12.895208333333333,0.7048583333333331,4.2091666666666665,-0.5012418134457756,-0.8653072543632061,-1.2465712064261119,0.017457891515400625,0.29927840423071145,1.2465712064261119,0,-1.2300315072234793,-1.2448607384534067,-1.2648213736014497,0.18057146298685228,2
5029,US-NR1,2016-09-01,US-NR1,Evergreen Forests,40.0329,-105.5464,3.2,3.8,3.5048609588355744,11.18402777777778,0.5013,3.4912499999999995,-0.8800122039735356,-0.4749510720670502,-0.8022754011692488,0.11442712749915442,0.39013798886169637,-0.8022754011692488,0,-0.8629193614409096,-0.6702907431735732,-0.8736160988932635,0.11386998001171587,2
5030,US-NR1,2016-09-09,US-NR1,Evergreen Forests,40.0329,-105.5464,3.7,4.2000003,1.9024084376652,7.109569444444449,0.5482173611111112,2.7531250000000007,-0.9368813462954316,-0.3496474552512282,-2.123067181643476,0.10877561693323798,0.6034734473559338,1.4721159430261244,0,-2.0196050049909786,-2.113123166881427,-2.236473373058022,0.06477967778264769,2
5031,US-NR1,2016-09-17,US-NR1,Evergreen Forests,40.0329,-105.5464,3.4,3.8,1.841913673316968,6.9650138888888895,0.5915624999999999,4.475625000000002,-0.9760105506323682,-0.2177232303965322,-1.679039328753717,0.09188742744358586,0.4931733179352579,1.4371333246123466,0,-1.5926640207177214,-1.775591567877058,-1.668862397666372,0.2906678602725324,2
5032,US-NR1,2016-09-25,US-NR1,Evergreen Forests,40.0329,-105.5464,3.0,2.9,0.7576808099300675,3.1318402777777794,0.3202569444444445,3.0510208333333333,-0.99665890175417,-0.0816763953304228,-1.9202063929963902,0.07987113593529709,0.7582738890587832,1.9202063929963902,0,-1.8875921292338882,-1.8618032129721407,-2.0112238367831416,-0.05181646992152283,2
5033,US-NR1,2016-10-03,US-NR1,Evergreen Forests,40.0329,-105.5464,2.8,3.6000001000000004,1.1054110122440082,3.5451388888888897,0.4126576388888889,6.4364583333333325,-0.9984354211555644,0.055916990100603,-1.3426079822118524,0.1484574151055526,0.6195578096094196,1.3426079822118524,0,-1.3026105364633076,-1.5069665241148855,-1.2182468860573643,0.13861993876947148,2
5034,US-NR1,2016-10-27,US-NR1,Evergreen Forests,40.0329,-105.5464,2.3,3.0,0.7714935518157099,8.655187499999998,0.8157569444444445,2.7847916666666657,-0.8919813464595487,0.4520722039323037,-0.8795336913774209,0.15225089856434207,0.592937851748999,0.8795336913774209,0,-1.0535876135568873,-0.8139370882900105,-0.7710763722853645,0.19068989252274113,2
5035,US-NR1,2016-11-12,US-NR1,Evergreen Forests,40.0329,-105.5464,1.2,2.0,0.0675251605961454,3.6459027777777777,0.453423611111111,5.105625,-0.7354170229639858,0.6776147890466887,-0.19253569161594417,0.10605967433021422,0.6354037901943068,0.1925356916159442,0,-0.2163387497190721,-0.2846712489217722,-0.07659707620698822,0.012404314516349296,2
5036,US-NR1,2017-02-16,US-NR1,Evergreen Forests,40.0329,-105.5464,2.3,1.9,0.7829632933861049,3.641256944444444,0.6822013888888888,6.191458333333332,0.7236440382959124,0.6901733882429719,0.1878371803786826,0.29841337497816284,1.0581636246827204,-0.1878371803786827,0,0.3718256929728555,-0.1564698040771226,0.348155652240315,0.13926188741661766,2
5037,US-NR1,2017-03-04,US-NR1,Evergreen Forests,40.0329,-105.5464,2.5,2.9,1.3766029882233095,0.4849166666666668,0.4807291666666666,4.301041666666666,0.8840675099433636,0.4673592171580022,-1.4219373279757368,0.19454148716848985,0.7776807460857126,0.8248566955776442,0,-1.6130537711795812,-1.4286154457183036,-1.2241427670293257,0.05223726457112029,2
5038,US-NR1,2017-06-08,US-NR1,Evergreen Forests,40.0329,-105.5464,5.4,4.9,4.416528062086491,9.967013888888893,0.5833784722222224,3.7445833333333343,0.3935902766564667,-0.9192859697186104,-2.508149358872606,0.09571557324799136,0.5280915885200193,-0.5412054830455872,0,-2.6156507203795756,-2.4321711294957917,-2.4766262267424506,0.10807898708876644,2
5039,US-NR1,2017-06-16,US-NR1,Evergreen Forests,40.0329,-105.5464,7.1,6.6,3.615136753912373,13.020069444444443,1.0029791666666663,3.6697916666666655,0.263665492728007,-0.9646141756912436,-2.6825879165710576,0.2731713509587882,0.7471571190912434,2.6825879165710576,0,-2.864669456266645,-2.3684836542794927,-2.8146106391670367,-0.1580110383803174,2
5040,US-NR1,2017-07-10,US-NR1,Evergreen Forests,40.0329,-105.5464,4.7,5.7000003,3.5050699818801485,15.56590277777778,1.0400972222222222,3.7470833333333338,-0.1457991969198744,-0.9893142039703664,-0.9926604003244636,0.04799444366573024,0.32618623898868443,0.9926604003244636,0,-1.047221205849098,-0.9569653972650309,-0.9737945978592614,0.07924395859583486,2
5041,US-NR1,2017-08-03,US-NR1,Evergreen Forests,40.0329,-105.5464,3.8,2.9,3.6576718045521672,8.537500000000001,0.1410652777777777,2.1831875000000003,-0.5307300481619331,-0.8475409228928312,-0.5431019266187017,0.04101630329218173,0.7339343095427667,-0.2584455357230365,0,-0.5084274874299952,-0.5324999338768461,-0.5883783585492637,0.02750185767567163,2
5042,US-NR1,2017-08-19,US-NR1,Evergreen Forests,40.0329,-105.5464,4.8,5.2000003,4.7826079347646395,13.70784722222222,1.0759513888888887,3.0322916666666675,-0.7412220108485957,-0.6712599575675315,-1.5807401543014106,0.17817048638885336,0.4755242946062538,-1.54595602383069,0,-1.5649599078214562,-1.41098467504638,-1.7662758800363965,0.031853424610601914,2
5043,US-NR1,2017-08-27,US-NR1,Evergreen Forests,40.0329,-105.5464,3.8,3.8,2.787731936079858,11.24520833333333,0.6405555555555555,2.5401875,-0.8263541987239095,-0.5631507242749187,-1.093277822566884,0.02439826101758736,0.4019996597598198,0.9312583052733996,0,-1.0673632124680845,-1.1158059101471285,-1.096664345085439,0.23925411832501145,2
5044,US-NR1,2017-09-20,US-NR1,Evergreen Forests,40.0329,-105.5464,2.9,4.4,1.5685854693841923,8.814166666666667,0.6651041666666667,3.508375000000002,-0.9829265519799822,-0.1839983516576798,-1.5075886357504265,0.1447818951190455,0.4659406955965971,1.1552404254811888,0,-1.3676323767926342,-1.6567562931870445,-1.4983772372716002,0.16513711525036145,2
5045,US-NR1,2017-10-06,US-NR1,Evergreen Forests,40.0329,-105.5464,2.7,2.5,3.4421775825776626,1.0365624999999996,0.2508597222222222,7.449166666666668,-0.9959189961471792,0.0902516100310407,-0.8232048494821812,0.204667877666122,0.7842863867713137,-0.8232048494821811,0,-0.590320849551548,-0.9048226900091673,-0.9744710088858285,0.22605359796826024,2
5046,US-NR1,2017-10-14,US-NR1,Evergreen Forests,40.0329,-105.5464,2.8,2.4,1.6258242861239411,-0.6577291666666666,0.3867062500000002,7.812083333333333,-0.9741004551724206,0.226115685508288,-1.1913868487081205,0.2009995070273088,0.8494145843930205,1.1569645790439969,0,-0.9747583618080403,-1.3718459174941298,-1.2275562668221913,0.31766445551660605,2
5047,US-NR1,2017-10-15,US-NR1,Evergreen Forests,40.0329,-105.5464,2.6,3.0,1.0637689595490012,3.026180555555555,0.5740486111111112,4.407708333333331,-0.970063921851507,0.2428497220959358,-1.7107749681816813,0.09931607086021402,0.5897659535378869,1.3616871127203165,0,-1.6824161317934208,-1.8211859520397813,-1.6287228207118414,0.2641021203753307,2
5048,US-NR1,2017-10-22,US-NR1,Evergreen Forests,40.0329,-105.5464,2.5,3.5,0.7420775286266987,1.7009513888888887,0.3780138888888889,14.682916666666666,-0.9338372288229252,0.3576982388331254,-2.260175705412186,0.36625224984129284,3.2145031504087975,1.2556692373344167,0,-2.0178203114518003,-2.6815010456907036,-2.0812057590940536,0.20161493655605045,2
5049,US-NR1,2017-11-15,US-NR1,Evergreen Forests,40.0329,-105.5464,0.8,1.8000001,1.0371636984089845,1.457458333333334,0.4771527777777778,4.7025000000000015,-0.7116566222817751,0.7025274741691566,-0.08607758414339899,0.06406983013488764,0.4366609633478495,-0.086077584143399,0,-0.012453865380108398,-0.12918262714792345,-0.11659625990216513,-0.057521202155399624,2
5050,US-NR1,2017-11-16,US-NR1,Evergreen Forests,40.0329,-105.5464,1.4,2.9,0.6481390848986314,4.3052777777777775,0.5188125,8.829166666666666,-0.6994583270516471,0.7146733860429608,-0.32687398779081805,0.04324357519851653,0.9484539368986964,0.32687398779081805,0,-0.3240353096952982,-0.37146696724510686,-0.28511968643204905,0.033851197771963604,2
5051,US-NR1,2017-12-01,US-NR1,Evergreen Forests,40.0329,-105.5464,0.7,1.9,0.7820983663583023,0.6385138888888887,0.3094583333333334,6.956458333333331,-0.4937755501599774,0.8695893893466109,0.48796041028266535,0.2786083867442137,0.7136447345111397,-0.3237636775660606,0,0.20229645894957932,0.7589318152666107,0.502652956631806,0.006104184721484518,2
5052,US-NR1,2017-12-09,US-NR1,Evergreen Forests,40.0329,-105.5464,1.3,2.2,1.0599010728617568,-0.3314166666666665,0.5016736111111112,8.42625,-0.3697245428906732,0.9291414114031744,-0.09477397539417486,0.2382950351673445,1.1778605002242584,0.09477397539417487,0,-0.36036881087665684,0.10030555301442345,-0.024258668320291166,0.15742620431769544,2
5053,US-NR1,2017-12-17,US-NR1,Evergreen Forests,40.0329,-105.5464,0.2,1.1,0.2996307196420114,-5.468333333333331,0.2422090277777777,5.508333333333333,-0.2386727660059499,0.9711000518829505,0.45679018003050276,0.07102806498411429,0.5924936787110242,-0.25752874074648,0,0.5138936871098205,0.47922252327424586,0.377254329707442,-0.0062343287126609805,2
5054,US-NR1,2018-01-02,US-NR1,Evergreen Forests,40.0329,-105.5464,0.4,1.7,0.5133714653111414,-5.2892638888888905,0.3321743055555556,7.236458333333332,0.0344216116227457,0.9994074007397048,0.4259308651926806,0.38849958435026366,0.9898845128924446,-0.1991879345703978,0,0.006319676111183448,0.7731291980369388,0.49834372142991945,0.036032598529042455,2
5055,US-NR1,2018-05-10,US-NR1,Evergreen Forests,40.0329,-105.5464,6.5,5.6,2.6962500308325543,9.283270833333331,0.7692388888888889,3.1205208333333334,0.7856498550787145,-0.6186714032625031,-4.022120587354893,0.2454470125557706,1.1153804036836799,3.5853793509799985,0,-3.9298965054623802,-3.836143690581436,-4.3003215660208625,0.3981785550667545,2
5056,US-NR1,2018-05-26,US-NR1,Evergreen Forests,40.0329,-105.5464,6.0,5.9,3.843356582965489,12.664652777777777,1.115979166666667,3.169583333333333,0.5877852522924732,-0.8090169943749473,-2.717840553316508,0.13500839193329991,0.775734375748532,1.5954462807525136,0,-2.590737042056547,-2.703220773452696,-2.859563844440281,0.12660089684764678,2
5057,US-NR1,2018-06-03,US-NR1,Evergreen Forests,40.0329,-105.5464,3.5,4.9,2.4902835558014247,9.135527777777776,0.6735256944444444,3.376437500000001,0.4711595076738638,-0.8820480249558537,-0.4356433482446464,0.1568539756758701,0.5773813067023813,0.43564334824464646,0,-0.2887420423574749,-0.4173433912076484,-0.6008446111688159,0.02131031153913477,2
5058,US-NR1,2018-06-11,US-NR1,Evergreen Forests,40.0329,-105.5464,4.3,6.1,3.2039772815971945,12.004583333333334,1.139958333333333,4.527979166666666,0.3456123126707335,-0.938377391740864,-0.6282938327267021,0.0955545294221368,0.4399489667432662,0.6282938327267021,0,-0.5260739759587746,-0.64343163641884,-0.715375885802492,-0.007002557854412445,2
5059,US-NR1,2018-06-27,US-NR1,Evergreen Forests,40.0329,-105.5464,5.0,6.2000003,3.860709003441572,16.731736111111115,1.4883055555555549,3.03125,0.077386479233463,-0.9970011699250152,-0.7984423318143975,0.14222912111892408,0.4066521082434303,0.7984423318143975,0,-0.6745906469714836,-0.7669621090396358,-0.953774239432073,-0.01899526193423339,2
5060,US-NR1,2018-07-21,US-NR1,Evergreen Forests,40.0329,-105.5464,4.6,5.7000003,3.6273887579607447,16.224375,0.9943472222222222,3.284166666666668,-0.3294084822245302,-0.9441875088341994,-1.0507449741021246,0.1549147589340049,0.32156082761850086,0.8944775099763853,0,-1.1039611042032598,-0.8762362154819353,-1.1720376026211787,0.24176562449716088,2
5061,US-NR1,2018-07-29,US-NR1,Evergreen Forests,40.0329,-105.5464,4.3,5.1,3.9197313933622926,12.201458333333331,0.7080819444444444,3.2488750000000004,-0.455906693508459,-0.8900275764346766,-1.467880575341443,0.17206446164855352,0.41031727333943235,-0.7073433620660285,0,-1.295801772253005,-1.4679092618081526,-1.6399306919631713,0.12375812627566175,2
5062,US-NR1,2018-08-06,US-NR1,Evergreen Forests,40.0329,-105.5464,4.5,4.2000003,2.998752391887364,11.609791666666665,0.4117354166666667,2.19675,-0.5737722679043243,-0.8190148866680802,-1.2326979829469098,0.10339751688484693,0.34009761733675264,1.2326979829469098,0,-1.2303147791263895,-1.3372665008133666,-1.1305126689009728,0.24275533867719973,2
5063,US-NR1,2018-08-30,US-NR1,Evergreen Forests,40.0329,-105.5464,3.7,5.4,1.4348199032716986,14.416041666666665,1.2797638888888891,3.3745833333333324,-0.8543221697498269,-0.5197438121555157,-1.060795915055732,0.1395656353399239,0.5360708927727174,1.060795915055732,0,-0.9651101851499004,-0.996336743575074,-1.220940816442222,0.37852263318618956,2
5064,US-NR1,2018-09-07,US-NR1,Evergreen Forests,40.0329,-105.5464,3.5,3.4,2.275812070944841,6.822006944444444,0.2497895833333333,2.1437499999999994,-0.9175836260593934,-0.3975428142825566,-1.697575501692179,0.17846700445428815,0.4915667354101152,0.7508003564181394,0,-1.564463445868878,-1.6278914579481023,-1.9003716012595568,0.2794633771633659,2
5065,US-NR1,2018-09-15,US-NR1,Evergreen Forests,40.0329,-105.5464,3.5,4.5,0.9438262095465556,14.629930555555555,1.3537430555555554,3.618958333333333,-0.9634705485641486,-0.2678143051621748,-0.7692303484319335,0.12166362738729598,0.5239107916269521,0.7692303484319334,0,-0.909598137715102,-0.7040164666526858,-0.6940764409280126,0.16985937706791376,2
5066,US-NR1,2018-10-25,US-NR1,Evergreen Forests,40.0329,-105.5464,2.1,2.3,0.8535611613533928,1.5955763888888883,0.2898263888888889,5.607083333333335,-0.9141279881853336,0.4054257283599973,-1.0736448870538668,0.16179046537920921,0.4449563951314949,1.0736448870538668,0,-0.9974204553248421,-1.2594680764217432,-0.9640461294150149,0.4067405828640982,2
5067,US-NR1,2018-11-10,US-NR1,Evergreen Forests,40.0329,-105.5464,2.1,2.1000001,0.6716133101802106,-5.061875,0.2892340277777778,6.015208333333333,-0.7694148268839381,0.6387494220515268,-1.2479475009105447,0.17687210142398743,1.0758582261781122,1.2479475009105447,0,-1.2719778102291288,-1.4115758728546468,-1.0602888196478588,0.4031159581854828,2
5087,US-OF1,2017-05-26,US-OF1,Croplands,35.7370669999999,-90.0492,1.8,6.1,1.9727987689268864,23.78741666666666,1.0624961875000003,6.14828020833333,0.5877852522924732,-0.8090169943749473,1.7639187808874877,0.024331120318412225,0.7475027815268679,-1.4183212430337149,2,1.7826438522282757,1.736417000651488,1.7726954897826992,-1.3047359257045072,2
5088,US-OF1,2017-06-19,US-OF1,Croplands,35.7370669999999,-90.0492,5.9,6.4,6.527632199973858,25.80485416666666,1.1165918458333337,1.303605,0.2135209154397961,-0.9769384927771816,-1.229313970706562,0.04366610305728996,0.31347711938931494,-1.229313970706562,2,-1.2746188314800773,-1.1874956657264244,-1.2258274149131847,-0.9264702765452435,2
5089,US-OF1,2017-06-27,US-OF1,Croplands,35.7370669999999,-90.0492,5.3,5.4,6.044063530242879,22.596791666666668,0.5194502135416666,1.888759375,0.077386479233463,-0.9970011699250152,-0.4469964809412897,0.0990953102288907,0.3020251975317357,-0.44699648094128963,2,-0.41099290312928155,-0.3709361239122201,-0.5590604157823674,-0.10660640299961216,2
5090,US-OF1,2017-07-13,US-OF1,Croplands,35.7370669999999,-90.0492,5.5,5.6,8.070200312007923,27.88877083333334,0.5490873529166665,1.78089,-0.1966728897935762,-0.980469160361632,-0.005502602231235869,0.1805598331997192,0.3944796414789827,-0.005502602231235887,2,0.20241697749616477,-0.09608555989907472,-0.12283922429079766,-0.011007314115163345,2
5091,US-OF1,2017-07-21,US-OF1,Croplands,35.7370669999999,-90.0492,6.1,6.3,7.362658809134874,29.47933333333334,0.7068892731249999,1.1735243750000002,-0.3294084822245302,-0.9441875088341994,-0.6362149416850226,0.07754935574911517,0.3581435546086904,-0.6362149416850227,2,-0.5500150682990428,-0.7003169960875105,-0.6583127606685144,-0.5166184549620952,2
5092,US-OF1,2017-07-29,US-OF1,Croplands,35.7370669999999,-90.0492,6.0,5.6,9.200619201465525,23.808416666666663,0.5632572541666667,2.4246608333333337,-0.455906693508459,-0.8900275764346766,-0.08791600211570583,0.09403724947779692,0.5188103232895005,-0.08791600211570572,2,0.007330301369605607,-0.18069566549995514,-0.09038264221676798,-0.056222647791320225,2
5093,US-OF1,2017-09-07,US-OF1,Croplands,35.7370669999999,-90.0492,2.9,4.0,2.8937114949137586,17.644833333333327,0.7793647458333334,0.7117387499999999,-0.9175836260593934,-0.3975428142825566,-0.27720034756715495,0.05685705223211232,0.33885914929191874,-0.26462333739467225,2,-0.21402958463329733,-0.2932997540473122,-0.3242717040208554,-0.05912057258710978,2
5094,US-OF2,2017-07-13,US-OF1,Croplands,35.7406,-90.0489,5.6,5.6,8.686785095043188,28.70339583333333,0.4607219583333334,1.8581666666666663,-0.1966728897935762,-0.980469160361632,0.014534369740008763,0.21015218423917315,0.43004345324400417,0.014534369740008657,2,0.25674962853108435,-0.09381524856153087,-0.1193312707495272,-0.011007314115163345,2
5095,US-OF2,2017-07-21,US-OF1,Croplands,35.7406,-90.0489,6.1,6.3,8.018448258990887,30.37397916666666,0.6149160208333333,1.161625,-0.3294084822245302,-0.9441875088341994,-0.6666830735263156,0.05855630536168119,0.42237408684478506,-0.6666830735263156,2,-0.6044310621772231,-0.720664192629913,-0.674953965771811,-0.5661205062859368,2
5096,US-OF2,2017-07-29,US-OF1,Croplands,35.7406,-90.0489,6.0,5.6,8.871435366964453,25.03729166666667,0.5494776208333333,2.7169791666666665,-0.455906693508459,-0.8900275764346766,0.21187922470739454,0.10152645575749808,0.5981104658253998,0.21187922470739462,2,0.28185308541932946,0.09543454253197614,0.25835004617087803,0.03745306166225692,2
5097,US-OF4,2018-07-08,US-OF1,Croplands,35.734346,-90.037982,4.4,5.0,7.444991317702142,24.39633333333333,0.0737249375,1.9089181249999991,-0.1116590071216944,-0.993746580436178,0.42863319601582067,0.08121536955151794,0.4610099508833073,0.4286331960158205,2,0.5223666454544806,0.38430942108703936,0.37922352150594185,0.03440338899585986,2
5098,US-OF4,2018-07-16,US-OF1,Croplands,35.734346,-90.037982,5.5,6.3,7.555842696358693,29.11456249999999,1.1048776875,1.2236904166666671,-0.2470221804809352,-0.9690098257244064,-0.6050412831872939,0.023563799296185368,0.38160984999233566,-0.605041283187294,2,-0.579243432409829,-0.6104498274963586,-0.6254305896556942,-0.5661205062859368,2
5099,US-OF4,2018-07-24,US-OF1,Croplands,35.734346,-90.037982,6.0,6.2000003,5.506019425970748,26.42052083333333,0.8414935833333331,1.1694885416666667,-0.3777079652039646,-0.92592477719385,-0.481917599446192,0.11713815356745533,0.24417233712018427,0.481917599446192,2,-0.3739136675336075,-0.6064370103346364,-0.4654021204703322,-0.008212794714074333,2
5100,US-OF6,2018-06-06,US-OF1,Croplands,35.729972,-90.0403329999999,5.8,6.1,6.5949366842894515,27.60070833333334,1.4917149520833335,0.8840556250000001,0.4250003399695541,-0.9051931898913974,-1.285847432846554,0.07523027802112338,0.4728786669002556,-1.2858474328465537,2,-1.3635224089375824,-1.2806929271226681,-1.2133269624794112,-1.0377737306919703,2
5101,US-OF6,2018-07-16,US-OF1,Croplands,35.729972,-90.0403329999999,5.7,6.3,7.011093981730172,29.38808333333334,1.1836364583333332,1.0946683333333336,-0.2470221804809352,-0.9690098257244064,-0.6527273922583061,0.04115988770893699,0.3553525260499696,-0.6527273922583061,2,-0.6096911822535498,-0.6917111729570948,-0.6567798215642737,-0.5661205062859368,2
5102,US-OF6,2018-07-24,US-OF1,Croplands,35.729972,-90.0403329999999,6.0,6.2000003,7.251698912173259,25.8655625,0.8041658958333334,1.054893541666667,-0.3777079652039646,-0.92592477719385,-0.49987723359692193,0.12904519499348066,0.2696139266067322,-0.49987723359692193,2,-0.38828840876786735,-0.6411913103048641,-0.47015198171803435,-0.24548169419128663,2
5152,US-Ro1,2016-02-29,US-Ro1,Croplands,44.7143,-93.0898,0.3,1.6,3.0321701924120377,-3.2737519312500005,0.2106647018604166,4.288009583333333,0.8587639582758029,0.5123714121284237,0.460381451883739,0.17296021873653022,0.5535732323713622,0.4603814518837388,1,0.47587902187631165,0.2801939639851391,0.6250713697897663,0.013192239118964798,2
5153,US-Ro1,2016-04-01,US-Ro1,Croplands,44.7143,-93.0898,0.9,2.2,4.112390666293114,1.8628192354166664,0.2869195845833333,4.033103416666667,0.999916658654738,-0.0129102960750088,0.43768936702015665,0.06550218637241843,0.5507664677415087,0.4376893670201567,1,0.3623909980553172,0.4815153745527552,0.4691617284523974,-0.0004280019040611186,2
5154,US-Ro1,2016-04-02,US-Ro1,Croplands,44.7143,-93.0898,0.5,2.4,2.7910025239671383,-0.3634767624999999,0.3052761355229167,5.4447736250000025,0.9995462806873572,-0.0301203048469081,0.764505222637179,0.051614867669293296,0.7427295157984446,0.7645052226371791,1,0.7496834502634608,0.8219094169991821,0.721922800648894,-0.1776059059152547,2
5155,US-Ro1,2016-04-10,US-Ro1,Croplands,44.7143,-93.0898,0.6,3.8,1.4361233169081131,7.3050040833333325,0.5903795934791666,4.950713041666666,0.9859481499638304,-0.1670516255021192,0.6300193973836545,0.07735790407298593,0.7524960119760262,0.6300193973836545,1,0.663546396541147,0.6849580635196579,0.5415537320901587,0.04622737175328803,2
5156,US-Ro1,2016-05-04,US-Ro1,Croplands,44.7143,-93.0898,1.2,4.8,1.3261163356146406,12.544916729166667,0.946007411575,3.4456485375,0.835925479418637,-0.548842958284719,0.3386405101935522,0.06624589803747917,0.5082081750536978,-0.0864078389642709,1,0.28868942974781814,0.41378761784778356,0.31344448298505484,-0.007022253315276487,2
5157,US-Ro1,2016-06-20,US-Ro1,Croplands,44.7143,-93.0898,1.6,5.5,2.679223570247921,22.034968541666668,1.2768998209187503,3.7266040166666654,0.1797665857255624,-0.9837092937736096,0.5033948445119257,0.1413381638989814,0.9086208790008229,0.5033948445119257,1,0.3509146579607117,0.6300216533613381,0.5292482222137274,0.033121759946760435,2
5158,US-Ro1,2016-06-21,US-Ro1,Croplands,44.7143,-93.0898,2.3,6.5,2.4869657224063264,21.354149791666668,1.3689485660291665,2.8297111708333342,0.1628070129385171,-0.986657932891657,-0.23018274351496718,0.06467372241840302,0.6461815965755215,-0.23018274351496715,1,-0.1558113705269241,-0.2615063031460084,-0.27323055687196907,-0.040055115527095335,2
5159,US-Ro1,2016-07-06,US-Ro1,Croplands,44.7143,-93.0898,4.0,5.4,6.0364691332517015,22.591484166666664,0.8543925427062503,1.2288138083333335,-0.0945367498171993,-0.9955213724144752,-0.12614556172389796,0.07825660024637562,0.5203724728163578,-0.1261455617238978,1,-0.20675744119391035,-0.12120046400877563,-0.0504787799690079,0.005101674381726262,2
5160,US-Ro1,2016-07-15,US-Ro1,Croplands,44.7143,-93.0898,4.0,5.1,5.062582247831911,18.77718958333333,0.6060839025249999,1.3447212145833338,-0.2470221804809352,-0.9690098257244064,0.05220953001286593,0.11556350580932502,0.5211874640763575,0.05220953001286599,1,0.1206402794209267,-0.0812169744928671,0.11720528511053818,0.008786409280851972,2
5161,US-Ro1,2016-07-22,US-Ro1,Croplands,44.7143,-93.0898,5.5,6.1,4.403464235152832,26.56930583333333,1.2484380389708334,0.7731699729166662,-0.3617137307297674,-0.9322892131745134,-0.8016713741174618,0.051986561434853605,0.35795068885383996,0.8016713741174618,1,-0.7464829134158047,-0.8497174484892105,-0.8088137604473704,-0.3318231443057493,2
5162,US-Ro1,2016-08-07,US-Ro1,Croplands,44.7143,-93.0898,3.3,4.2000003,4.6236094702742365,20.867920833333336,0.7607962694541667,0.6429089958333334,-0.6016240632249227,-0.7987793728863648,-0.16377344569226773,0.12673994849050205,0.6574347573943495,-0.1637734456922677,1,-0.19732093602918532,-0.27036476430787193,-0.023634636739745973,0.012404314516349296,2
5163,US-Ro1,2016-08-15,US-Ro1,Croplands,44.7143,-93.0898,4.1,4.1,3.85573715975369,20.469303125,0.610802111385417,0.7715955479166668,-0.7055836101071774,-0.7086266782644601,0.019635320411534114,0.12422724301194887,0.5159368975331375,-0.019635320411534096,1,0.16245609627223212,-0.04019588821883863,-0.06335424681879115,0.008786409280851972,2
5164,US-Ro1,2016-08-16,US-Ro1,Croplands,44.7143,-93.0898,3.5,4.0,4.309371442123193,20.615804791666665,0.4141530522208333,1.1825248374999997,-0.7176769136759615,-0.6963762255968726,0.15948838221366854,0.06876118875593723,0.4607292586937171,0.15948838221366857,1,0.15762436248844997,0.2291626291069246,0.09167815504563104,0.01366667508385458,2
5165,US-Ro1,2016-08-23,US-Ro1,Croplands,44.7143,-93.0898,3.7,4.0,3.81631930116073,21.354526041666674,0.5114330361791667,2.9113047291666665,-0.7961828637826154,-0.6050560696488494,0.3705800838602411,0.21208015366923028,0.5578159560662402,-0.13794148153878116,1,0.47569661268102087,0.5095704506296823,0.12647318827002013,0.012697525324132226,2
5166,US-Ro1,2016-08-31,US-Ro1,Croplands,44.7143,-93.0898,3.4,4.0,2.8539640219463487,17.927312499999996,0.6728649309083332,1.0758095145833335,-0.8717063187093218,-0.4900286664290594,-0.3820648117382066,0.10901937119040789,0.3659482785066718,0.3820648117382066,1,-0.42908389488308746,-0.4596845323004868,-0.25742600803104565,-0.04358508253984855,2
5167,US-Ro1,2016-09-01,US-Ro1,Croplands,44.7143,-93.0898,3.2,3.8,2.8876958791488954,16.82437791666667,0.4914699215916668,0.7835403208333336,-0.8800122039735356,-0.4749510720670502,-0.4800730107043183,0.13722545010541082,0.4914666016399919,0.14453523099789134,1,-0.5239842305441905,-0.5899683686828523,-0.32626643288591206,0.01739919549585451,2
5168,US-Ro1,2016-09-08,US-Ro1,Croplands,44.7143,-93.0898,3.4,3.9,5.190080263266059,19.4907875,0.5510961178895835,1.6641290583333337,-0.9307239310379792,-0.3657225234972692,-0.25872781052207183,0.12842310713998126,0.3839998091071027,-0.2587278105220716,1,-0.39911809585880653,-0.2298898955749839,-0.147175440132425,-0.04358508253984855,2
5169,US-Ro1,2016-09-16,US-Ro1,Croplands,44.7143,-93.0898,2.1,2.8,2.2935723449626275,18.51723041666666,0.3565131596208334,1.5464814604166668,-0.9721181966290612,-0.2344913895704105,-0.03398966374247376,0.14463297986988866,0.5442266310018192,-0.03398966374247375,1,-0.19013164360249227,-0.007235926857505792,0.09539857923257677,0.012404314516349296,2
5170,US-Ro1,2016-10-02,US-Ro1,Croplands,44.7143,-93.0898,1.3,2.1000001,0.9078136990691988,14.837869541666665,0.5917763936999999,0.6239627395833335,-0.9992500112396836,0.0387222808921739,-0.2552253108239167,0.18068083725980916,0.5321371005517272,0.2552253108239167,1,-0.34881641645433303,-0.36991069701719587,-0.046948819000221076,0.016315430559629553,2
5171,US-Ro1,2016-10-03,US-Ro1,Croplands,44.7143,-93.0898,1.1,3.0,1.245239852763638,15.99661345833333,0.6859847409187502,1.7419360541666664,-0.9984354211555644,0.055916990100603,-0.2840347133618349,0.04064176194733782,0.41476832658935364,-0.2840347133618349,1,-0.23798750533665608,-0.31490011493611303,-0.29921651981273556,-0.05912057258710978,2
5172,US-Ro1,2016-10-11,US-Ro1,Croplands,44.7143,-93.0898,0.4,2.6000001,0.8039267691651046,15.530654833333337,0.5125296534687501,2.569727797916666,-0.9813064702716092,0.1924515819708299,0.25369859003965045,0.20248813871590463,0.5468253545279953,0.25369859003965045,1,0.42684195877954495,0.3032058412794519,0.03104797005995452,0.01791480099133971,2
5173,US-Ro1,2016-10-18,US-Ro1,Croplands,44.7143,-93.0898,0.3,2.3,1.4544934696639715,12.717875583333331,0.3984496113312499,2.557038347916667,-0.9510565162951536,0.3090169943749472,0.2447287036284307,0.13796889994940809,0.6312991111855185,0.2447287036284307,1,0.3894273299594711,0.23010415123922062,0.11465462968660034,0.01400368494805945,2
5174,US-Ro1,2016-11-03,US-Ro1,Croplands,44.7143,-93.0898,0.2,1.5,0.7495009617611568,9.95578,0.3704048160541665,1.3661456104166667,-0.8311706263658079,0.5560174366570446,0.16777800522978356,0.05238608802898796,0.444132314513792,0.1677780052297836,1,0.22790178777523645,0.1319584843839433,0.14347374353017084,0.015266045515564732,2
5175,US-Ro1,2016-11-04,US-Ro1,Croplands,44.7143,-93.0898,0.5,2.2,0.649458409772658,10.546882333333334,0.4956594318041666,1.4361671333333332,-0.8214765533024145,0.5702422926917867,-0.021884436585906736,0.034123724293688595,0.35943401611461384,-0.021884436585906747,1,0.002643240666456159,-0.0608545169193111,-0.007442033504865275,-0.057521202155399624,2
5176,US-Ro1,2016-11-11,US-Ro1,Croplands,44.7143,-93.0898,0.2,1.0,0.6127626813440805,5.1578375398958345,0.3607624924354165,2.2554916312500013,-0.7469720876965551,0.6648553979642867,0.3181132316831528,0.0715337835605825,0.4273313504046083,0.3181132316831528,1,0.2773537551216723,0.40071098177171166,0.27627495815607445,-0.057521202155399624,2
5177,US-Ro1,2016-11-12,US-Ro1,Croplands,44.7143,-93.0898,0.4,1.9,0.8182730191234228,4.798818672916667,0.3154755587541666,3.786612356249999,-0.7354170229639858,0.6776147890466887,0.11370478537771196,0.0638654469049381,0.4565648064377548,0.11370478537771195,1,0.18709474191425907,0.08327327404399337,0.07074634017488346,0.015266045515564732,2
5178,US-Ro2,2016-02-29,US-Ro1,Croplands,44.7288,-93.0888,0.3,1.6,2.6447644733089533,-3.6869428604166674,0.2172552093624999,4.4397745833333335,0.8587639582758029,0.5123714121284237,0.46269450155901826,0.17909228120751863,0.5452690316613067,0.46269450155901826,1,0.48497529219758434,0.2735043380160635,0.6296038744634069,0.013192239118964798,2
5179,US-Ro2,2016-04-01,US-Ro1,Croplands,44.7288,-93.0888,1.2,2.2,3.698652427642958,1.928888202083332,0.31142205526875,4.348165291666665,0.999916658654738,-0.0129102960750088,0.1372928942006008,0.0765457773510038,0.6722778674047953,0.13729289420060065,1,0.15763657040541584,0.20161170758631414,0.052630404610072457,0.008719579617223586,2
5180,US-Ro2,2016-04-10,US-Ro1,Croplands,44.7288,-93.0888,1.4,3.8,1.983790695016352,7.308482145833333,0.6178576842500001,5.156681166666667,0.9859481499638304,-0.1670516255021192,0.1780389154037525,0.1574989374750816,0.7123665312697296,0.1780389154037525,1,0.09276363564891799,0.08156505215209453,0.3597880584102449,0.04235499799274872,2
5181,US-Ro2,2016-05-03,US-Ro1,Croplands,44.7288,-93.0888,4.0,5.4,6.423860457806067,15.347031770833334,1.1050762614708336,3.9938987500000014,0.8452490573530633,-0.5343725582809787,-0.5597090822187701,0.09681177724963146,0.6333665542159223,-0.5597090822187702,1,-0.5158463784065166,-0.6706885538408188,-0.4925923144089752,0.010096555361231468,2
5182,US-Ro2,2016-05-04,US-Ro1,Croplands,44.7288,-93.0888,4.4,4.8,5.890707983264235,12.43166439583333,0.94574841781875,3.299011593749998,0.835925479418637,-0.548842958284719,-1.6891415512337833,0.1207140612386044,0.5816440489847745,-1.6891415512337833,1,-1.6855340052649008,-1.8116189492975239,-1.570271699138925,0.20365003913597532,2
5183,US-Ro2,2016-06-20,US-Ro1,Croplands,44.7288,-93.0888,6.3,5.5,7.210119367276329,21.51926479166666,1.2384180738625,2.9933916624999988,0.1797665857255624,-0.9837092937736096,-0.6546407439250337,0.13518497244804847,0.8575119552919409,-0.6546407439250337,1,-0.8068093071462453,-0.6086981784429719,-0.548414746185884,-0.18465784843542038,2
5184,US-Ro2,2016-06-21,US-Ro1,Croplands,44.7288,-93.0888,6.2,6.5,7.308945845844255,20.95623645833333,1.3550295433833333,2.327204960416666,0.1628070129385171,-0.986657932891657,-0.6800898565280994,0.14999295673313892,0.6714728124863258,-0.6800898565280993,1,-0.6315793106037113,-0.8483344772565002,-0.5603557817240865,-0.3898335412945244,2
5185,US-Ro2,2016-06-28,US-Ro1,Croplands,44.7288,-93.0888,4.3,4.2000003,3.811670844231104,18.060675416666665,0.8676999832645834,1.18881308125,0.0430222330045305,-0.99907411510223,-0.12128651249181793,0.20775667348796206,0.5755645825498259,0.12128651249181793,1,-0.03276141136745103,0.02754499493840329,-0.35864312104640605,0.012697525324132226,2
5186,US-Ro2,2016-07-06,US-Ro1,Croplands,44.7288,-93.0888,4.4,5.4,5.163876237918814,22.8503875,1.0613740658770834,1.2282378979166662,-0.0945367498171993,-0.9955213724144752,-0.1403845508583403,0.10492881608292225,0.5047435569164719,-0.14038455085834034,1,-0.25836432798539205,-0.05750668233936146,-0.10528264225026746,0.008786409280851972,2
5187,US-Ro2,2016-07-15,US-Ro1,Croplands,44.7288,-93.0888,4.1,5.1,4.493066475970706,19.04158333333334,0.7267264889249999,1.3026697479166671,-0.2470221804809352,-0.9690098257244064,0.045937157916202565,0.10166634838947027,0.4983969515530074,0.045937157916202565,1,0.0986087379227657,-0.07125745053393262,0.11046018635977461,0.008786409280851972,2
5188,US-Ro2,2016-07-22,US-Ro1,Croplands,44.7288,-93.0888,5.3,6.1,4.290727729392967,26.90678375,1.591702792279167,1.0363056354166666,-0.3617137307297674,-0.9322892131745134,-0.6953726298022032,0.024050884965706114,0.3432010616630835,0.6953726298022032,1,-0.6749114482808606,-0.6893412986070713,-0.7218651425186775,-0.3298354076933406,2
5189,US-Ro2,2016-08-08,US-Ro1,Croplands,44.7288,-93.0888,4.0,4.8,0.2029731022511621,21.538155625,0.8739200477895834,2.4390092604166664,-0.6152845999633277,-0.7883050558305253,0.31227637527659874,0.09760802334588078,0.47987255694765685,-0.3122763752765989,1,0.37165335558720775,0.365552376793245,0.1996233934493436,0.005101674381726262,2
5190,US-Ro2,2016-08-16,US-Ro1,Croplands,44.7288,-93.0888,3.1,4.0,3.259673083464973,21.123948541666664,0.63176575640625,1.7078750854166669,-0.7176769136759615,-0.6963762255968726,0.4055810516320011,0.12476307716434663,0.600025445322111,-0.08623488470205531,1,0.47867611004993554,0.47654472997683156,0.2615223148692361,0.012404314516349296,2
5191,US-Ro2,2016-08-23,US-Ro1,Croplands,44.7288,-93.0888,3.9,4.0,3.706436262270847,21.68679833333334,0.6903924400562502,4.189668916666668,-0.7961828637826154,-0.6050560696488494,0.5266746502560559,0.04649128203948871,0.8795294085435186,-0.5266746502560559,1,0.5357710031698288,0.5679454827193364,0.47630746487900216,-0.010024231389086084,2
5192,US-Ro2,2016-08-31,US-Ro1,Croplands,44.7288,-93.0888,3.2,4.0,4.166834356314575,18.42727375,0.8336490089729169,1.1955448791666667,-0.8717063187093218,-0.4900286664290594,-0.329489976005474,0.08898555759365102,0.30781047556805846,-0.3294899760054739,1,-0.3815711333556522,-0.3801572473005963,-0.22674154736017343,-0.047269817438974265,2
5193,US-Ro2,2016-09-01,US-Ro1,Croplands,44.7288,-93.0888,2.9,3.8,3.380893197880336,17.40027666666666,0.6503785651104165,1.1209823583333334,-0.8800122039735356,-0.4749510720670502,-0.34612046933300417,0.12524166062112763,0.3440271085753461,-0.3461204693330042,1,-0.4556459655537657,-0.37314156934274223,-0.20957387310250447,-0.04358508253984855,2
5194,US-Ro2,2016-09-08,US-Ro1,Croplands,44.7288,-93.0888,3.1,3.9,4.293820613095227,19.816768333333336,0.7091765569479166,2.05669009375,-0.9307239310379792,-0.3657225234972692,-0.16987601078617642,0.14422725962993527,0.35239306976737816,-0.1698760107861763,1,-0.3357076477653846,-0.07367849236930962,-0.10024189222383509,-0.04358508253984855,2
5195,US-Ro2,2016-09-16,US-Ro1,Croplands,44.7288,-93.0888,2.4,2.8,2.3822618831306124,18.791020416666665,0.4771482839333334,2.02476745,-0.9721181966290612,-0.2344913895704105,0.11008468758970807,0.191244226196047,0.609460601120223,-0.11008468758970807,1,-0.11026000529318797,0.2075875315909868,0.23292653647132538,0.016315430559629553,2
5196,US-Ro2,2016-10-02,US-Ro1,Croplands,44.7288,-93.0888,1.8,2.1000001,1.8012264397667714,14.803041541666666,0.60576064608125,0.6108294854166668,-0.9992500112396836,0.0387222808921739,-0.2783142602707665,0.1899566752230159,0.5797510313238645,-0.2783142602707665,1,-0.3672193627041868,-0.4075149570304752,-0.06020846107763744,0.016315430559629553,2
5197,US-Ro2,2016-10-03,US-Ro1,Croplands,44.7288,-93.0888,2.1,3.0,3.0856412072694748,15.817354729166668,0.6943480124958331,2.44436221875,-0.9984354211555644,0.055916990100603,-0.2364471162477911,0.13768008259462086,0.5058318150368493,-0.23644711624779102,1,-0.38392222828941336,-0.11128851745755683,-0.21413060299640302,0.012404314516349296,2
5198,US-Ro2,2016-10-11,US-Ro1,Croplands,44.7288,-93.0888,1.7,2.6000001,2.6178465800242963,15.38166329166666,0.5306943495041668,3.3415748125,-0.9813064702716092,0.1924515819708299,0.026345036634111436,0.07212241434077261,0.5892176652361435,0.026345036634111474,1,0.015375213786325836,0.10332393305225557,-0.039664036936247093,-0.007022253315276487,2
5199,US-Ro2,2016-10-18,US-Ro1,Croplands,44.7288,-93.0888,1.3,2.3,2.39306921048522,12.959154229166666,0.4457822071770834,2.3509511645833334,-0.9510565162951536,0.3090169943749472,-0.13033324527509504,0.03444011495624549,0.41987216283752077,-0.13033324527509493,1,-0.151351167322162,-0.0905872062030122,-0.1490613623001109,-0.05912057258710978,2
5200,US-Ro2,2016-11-03,US-Ro1,Croplands,44.7288,-93.0888,0.8,1.5,1.2255913199389696,10.134814458333334,0.4124373434041666,1.2895044270833331,-0.8311706263658079,0.5560174366570446,-0.0768274452265206,0.06424425579463718,0.3942201400359885,-0.07682744522652063,1,-0.024978992206593775,-0.1486986829797314,-0.056804660493236625,-0.057521202155399624,2
5201,US-Ro2,2016-11-04,US-Ro1,Croplands,44.7288,-93.0888,1.0,2.2,1.2580202978601662,10.595261375000002,0.5409038612499999,1.3194478958333329,-0.8214765533024145,0.5702422926917867,-0.09936316872727828,0.05576012603411858,0.3327378465728282,-0.0993631687272783,1,-0.1394010077036057,-0.0356759513226621,-0.12301254715556706,-0.057521202155399624,2
5202,US-Ro2,2016-11-11,US-Ro1,Croplands,44.7288,-93.0888,0.7,1.0,1.1069113018686398,5.081353252083334,0.3703218270708333,2.0706348104166667,-0.7469720876965551,0.6648553979642867,-0.00237866393061494,0.06742298915810153,0.46482754598554943,-0.0023786639306149215,1,-0.02957617331111534,0.07439509435786762,-0.0519549128385971,0.011423171635521583,2
5203,US-Ro2,2016-11-12,US-Ro1,Croplands,44.7288,-93.0888,0.8,1.9,1.1341792823509247,5.094007789583333,0.3478104134,3.5862608354166663,-0.7354170229639858,0.6776147890466887,-0.10540386055141819,0.05626824906215618,0.3776748624031706,-0.1054038605514182,1,-0.05399841470808797,-0.09669399920864341,-0.16551916773752315,-0.057521202155399624,2
5214,US-Ro4,2016-04-02,US-Ro1,Grasslands,44.6781,-93.0723,0.4,2.4,0.8735940884739307,-0.1335277065416667,0.3309554761083333,4.590569125000001,0.9995462806873572,-0.0301203048469081,0.8497223075975052,0.12048132508248353,0.7124386211640938,0.09746586935035617,1,0.7207640521614571,0.9594018330991694,0.8690010375318895,-0.20477394621029588,2
5215,US-Ro4,2016-05-04,US-Ro1,Grasslands,44.6781,-93.0723,2.4,4.7000003,0.8488072757927677,12.264193770833332,0.8964979421666669,2.3534193979166664,0.835925479418637,-0.548842958284719,-0.2157718217297048,0.03390194476678229,0.3155894213295952,0.21577182172970488,1,-0.1768151927551545,-0.23191432249700444,-0.2385859499369555,-0.05912057258710978,2
5216,US-Ro4,2016-09-08,US-Ro1,Grasslands,44.6781,-93.0723,3.1,3.9,2.84649540204543,19.797558750000004,0.5809005479208336,1.4858005895833333,-0.9307239310379792,-0.3657225234972692,-0.28284639683696117,0.11924303298786755,0.31700518118830523,0.22416279907217934,1,-0.3772964445437256,-0.32238710517254915,-0.14885564079460864,-0.04358508253984855,2
5217,US-Ro4,2016-10-11,US-Ro1,Grasslands,44.6781,-93.0723,0.3,2.7,0.5540981364942676,16.040884479166667,0.5611424593083335,2.3778163854166667,-0.9813064702716092,0.1924515819708299,0.2301331628091892,0.15149960254791914,0.5514039216282484,0.2301331628091892,1,0.37698831819989126,0.23902995619286332,0.07438121403481301,0.01791480099133971,2
5218,US-Ro4,2016-10-18,US-Ro1,Grasslands,44.6781,-93.0723,1.0,2.3,0.9214065003029616,12.325003625,0.3817324890666667,1.692705281250001,-0.9510565162951536,0.3090169943749472,-0.17177478936592996,0.01603840208854339,0.36644171131206305,-0.014587789971853088,1,-0.15669829303369576,-0.18862726242260502,-0.16999881264148908,-0.057521202155399624,2
5219,US-Ro4,2016-11-11,US-Ro1,Grasslands,44.6781,-93.0723,0.6,1.0,0.2093600919273687,4.264355793749999,0.3313614563145834,1.3513946875,-0.7469720876965551,0.6648553979642867,-0.14071081783115805,0.024035486406042354,0.4392830899877345,0.14071081783115805,1,-0.16270967144904377,-0.1150572982014646,-0.14436548384296577,0.015266045515564732,2
5220,US-Ro4,2016-11-12,US-Ro1,Grasslands,44.6781,-93.0723,0.4,1.9,0.3927529877589615,4.054492700000001,0.3212554042416667,2.1493954708333343,-0.7354170229639858,0.6776147890466887,0.02349261587120167,0.11783727556899537,0.3529939501603612,-0.02349261587120167,1,-0.07656741407507803,0.1533763490976925,-0.0063310874090094504,-0.041985712108138395,2
5221,US-Ro4,2017-02-15,US-Ro1,Grasslands,44.6781,-93.0723,0.4,1.7,0.3837383520277524,-3.293998755833334,0.2019829806104166,1.6286638395833333,0.7116566222817746,0.702527474169157,-0.09928425041810611,0.12616784786064858,0.3190635235068984,-0.0667609544736109,1,-0.13596766102539123,0.04116016318248927,-0.20304525341141638,-0.041985712108138395,2
5222,US-Ro4,2017-03-04,US-Ro1,Grasslands,44.6781,-93.0723,0.8,1.7,0.5603385343523005,0.0817587770833332,0.18377480354375,3.824705270833334,0.8840675099433636,0.4673592171580022,0.0183159544821562,0.09901836567425097,0.46937281486619026,-0.01831595448215617,1,0.018033889559684435,-0.08056107742031035,0.11747505130709451,-0.00590835052901868,2
5223,US-Ro4,2017-03-27,US-Ro1,Grasslands,44.6781,-93.0723,1.5,2.1000001,0.8408765793891176,5.034464933333334,0.2102355173041666,1.1310355375,0.995918996147179,0.0902516100310411,-0.29149984542156526,0.1427320486224462,0.4810484251845352,0.29149984542156526,1,-0.24551329424110177,-0.17742975779297288,-0.4515564842306211,0.012404314516349296,2
5224,US-Ro4,2017-04-28,US-Ro1,Grasslands,44.6781,-93.0723,3.0,2.8,0.8871636495006358,4.645271421458332,0.3565454152291665,1.3893560187499998,0.895839290734909,-0.4443781781046132,-1.0057448397952342,0.19981123522961633,0.7927165272165946,1.0057448397952342,1,-1.1186087592367673,-0.7750405888454648,-1.1235851713034708,0.33275606775756444,2
5225,US-Ro4,2017-05-06,US-Ro1,Grasslands,44.6781,-93.0723,2.9,4.3,0.636910273189395,13.772825270833335,0.8402795227166667,1.5147833604166667,0.8263541987239096,-0.5631507242749186,-0.42561018964330843,0.16926351327127406,0.3435492244461543,0.42561018964330843,1,-0.430195974088531,-0.5925342140120984,-0.2541003808292959,-0.0346790855170631,2
5226,US-Ro4,2017-05-07,US-Ro1,Grasslands,44.6781,-93.0723,2.9,4.0,0.703806246821668,12.83628525,0.8619842671500001,1.6581310770833335,0.8165380514459161,-0.5772916165517272,-0.453743963784047,0.07697357744961034,0.35493933748536904,0.453743963784047,1,-0.4209279022510316,-0.5416870293550977,-0.39861695974601186,-0.04227493645946906,2
5227,US-Ro4,2017-05-14,US-Ro1,Grasslands,44.6781,-93.0723,3.4,6.3,1.0032150276587335,21.714624999999995,1.4682160923229164,2.1618297166666665,0.741222010848596,-0.6712599575675313,-0.18873290429605172,0.09748022862405809,0.5234777543865692,0.18873290429605172,1,-0.10207829290956819,-0.16984583289933317,-0.29427458707925375,-0.01518637218629108,2
5228,US-Ro4,2017-06-08,US-Ro1,Grasslands,44.6781,-93.0723,4.8,6.1,2.1925219324101364,22.941342083333332,1.4551080679020834,1.964618016666667,0.3935902766564667,-0.9192859697186104,-0.44318598892893196,0.08248398828517384,0.5700781046510814,0.4431859889289318,1,-0.4469426301489148,-0.3588878645185981,-0.5237274721192829,0.000985234342921019,2
5229,US-Ro4,2017-06-15,US-Ro1,Grasslands,44.6781,-93.0723,4.6,6.9,4.553303571733436,21.885470625,1.2597534112750002,2.318737639583333,0.2802306751992158,-0.9599326896597448,-0.15523353807904058,0.10689216370188365,0.6604804336641226,-0.061840681545913795,1,-0.06765155154197028,-0.2743437280143991,-0.12370533468075232,-0.01557890146239024,2
5230,US-Ro4,2017-09-19,US-Ro1,Grasslands,44.6781,-93.0723,1.4,4.0,2.3107103970744607,20.021471875,0.6139349274875,2.648395691666667,-0.97961369164549,-0.2008905551306352,0.0050684636991926895,0.08504780303487873,0.46128561199668994,0.005068463699192671,1,-0.05571950640632389,-0.031333852185283895,0.10225874968918586,0.029408508016354657,2
5231,US-Ro4,2017-11-23,US-Ro1,Grasslands,44.6781,-93.0723,0.4,1.1,0.1581443997261435,0.2192966020833329,0.2631630695625,1.1490574604166668,-0.6084768701151264,0.7935716089521472,-0.13603507761657382,0.09316307781650154,0.37403662055398745,0.13603507761657382,1,-0.2037103592981851,-0.02977919836009385,-0.17461567519144247,-0.04567044700726411,2
5232,US-Ro4,2017-11-30,US-Ro1,Grasslands,44.6781,-93.0723,0.5,1.4,0.0762694812651081,2.61360230625,0.2835902441000001,3.261626531250001,-0.5086709438521042,0.8609610158889945,0.1427163602835971,0.13505713942290368,0.3626637994040947,-0.14271636028359713,1,0.08080972667700775,0.2976297813370991,0.04970957283668448,-0.041985712108138395,2
5233,US-Ro4,2018-05-17,US-Ro1,Grasslands,44.6781,-93.0723,2.8,6.1,1.9228123241159143,21.84030833333334,1.3949931096895831,2.545443458333334,0.705583610107178,-0.7086266782644596,-0.09302361500549512,0.031177159706430892,0.5922807849382815,0.09302361500549516,1,-0.07104678289278127,-0.0793183188039211,-0.12870574331978302,-0.016133574333586934,2
5234,US-Ro4,2018-05-26,US-Ro1,Grasslands,44.6781,-93.0723,2.5,6.4,3.3455564187735667,25.40500041666667,1.6618158458458332,1.8319632729166668,0.5877852522924732,-0.8090169943749473,-0.5399198681085866,0.19090932801135116,0.6079529309782605,-0.5399198681085866,1,-0.7065019801680716,-0.5816654926093849,-0.3315921315483032,-0.10363280260496002,2
5235,US-Ro4,2018-07-05,US-Ro1,Grasslands,44.6781,-93.0723,5.8,5.3,5.654584619086888,23.054360208333332,0.9612435836187502,1.6062142541666666,-0.0602132773657927,-0.9981855344718586,-0.4066943753133266,0.1533684671891494,0.3705508963685193,-0.11586361348710345,1,-0.5817253543335899,-0.34252420686235635,-0.2958335647440336,-0.011007314115163345,2
5236,US-Ro4,2018-07-21,US-Ro1,Grasslands,44.6781,-93.0723,4.3,4.8,4.9200511254596515,21.72102354166667,0.6994617152604167,1.5144006583333336,-0.3294084822245302,-0.9441875088341994,0.2852711394819018,0.040862765360798574,0.40215586874774234,0.2852711394819018,1,0.24544605980198048,0.327098009434773,0.2832693492089519,-0.05912057258710978,2
5237,US-Ro4,2018-10-16,US-Ro1,Grasslands,44.6781,-93.0723,0.7,2.4,0.5874591597144554,7.743386750000003,0.5246136744895834,2.5930517833333337,-0.965739937654855,0.2595117970697994,-0.05417836097040205,0.03027258275342315,0.5461232803215775,0.05417836097040205,1,-0.03347987221939319,-0.08892245498945056,-0.04013275570236241,-0.0054228828835663325,2
5238,US-Ro4,2018-10-17,US-Ro1,Grasslands,44.6781,-93.0723,0.7,1.7,0.445886129893963,3.309230467916666,0.3199995215958334,1.7195400854166667,-0.9611297838723007,0.2760969730974688,-0.1273551598218932,0.06832220351177622,0.47878036553107106,0.1273551598218932,1,-0.20516245922685405,-0.07716250608076311,-0.09974051415806243,-0.0054228828835663325,2
5239,US-Ro4,2018-11-02,US-Ro1,Grasslands,44.6781,-93.0723,0.3,1.0,0.2733090749318896,3.6031982684791664,0.2738147657229166,0.8684124250000003,-0.8498170915275277,0.5270777086423724,-0.16057662527026847,0.03859051920325314,0.5910492396024587,-0.10719477513404771,1,-0.20282523207159958,-0.15172096441417718,-0.12718367932502864,-0.0054228828835663325,2
5257,US-Ro5,2017-03-04,US-Ro1,Croplands,44.691,-93.0576,0.8,1.7,0.99484026712851,-0.2802950625000006,0.1673162923291666,4.054844354166667,0.8840675099433636,0.4673592171580022,0.05140124453148167,0.10381354587357036,0.5286069770462427,0.05140124453148168,1,0.07481239259160305,-0.06211882216403508,0.14151016316687703,0.01400368494805945,2
5258,US-Ro5,2017-03-27,US-Ro1,Croplands,44.691,-93.0576,1.4,2.1000001,1.6061149420339933,5.227620770833332,0.1980502793583333,1.5244213062500005,0.995918996147179,0.0902516100310411,-0.18774105128157537,0.17714454092369172,0.41058636220149747,-0.18774105128157537,1,-0.08793110475791976,-0.08302174019494044,-0.39227030889186587,-0.039673966496568305,2
5259,US-Ro5,2017-03-28,US-Ro1,Croplands,44.691,-93.0576,0.6,3.0,1.7463212081968569,7.734028961875001,0.4772706893708335,0.83555679375,0.9973249731081556,0.0730951298980777,0.13539096518073243,0.23272228032960993,0.6589674579700449,0.13539096518073235,1,-0.0496622589616636,0.39666631928484647,0.05916883521901439,0.01791480099133971,2
5260,US-Ro5,2017-04-21,US-Ro1,Croplands,44.691,-93.0576,0.8,3.4,3.2283975684108532,8.801338875,0.4973705690416665,1.7004532416666671,0.9427611433904208,-0.3334687789181868,0.4230408841347782,0.23160917352620683,0.5433821352978419,0.42304088413477814,1,0.20718765214810014,0.6677093954717594,0.39422560478447505,0.022909681970844926,2
5261,US-Ro5,2017-04-28,US-Ro1,Croplands,44.691,-93.0576,1.8,2.8,2.8001073618330663,4.699767088333333,0.3533242090937499,2.2773920479166674,0.895839290734909,-0.4443781781046132,-0.10740649980073314,0.1329180022376567,0.6631570712290619,-0.10740649980073314,1,-0.24685740611447987,0.01783722841089752,-0.09319932169861703,0.012404314516349296,2
5262,US-Ro5,2017-05-06,US-Ro1,Croplands,44.691,-93.0576,1.8,4.3,1.3655451399382186,13.397291187500002,0.8248059059666666,2.5175294125000005,0.8263541987239096,-0.5631507242749186,0.3673122271091258,0.06694693598672832,0.41180796694139066,-0.3673122271091258,1,0.41609933181912145,0.3948489746620146,0.29098837484624146,-0.05912057258710978,2
5263,US-Ro5,2017-05-07,US-Ro1,Croplands,44.691,-93.0576,1.8,4.0,1.3134704755126767,12.464373145833337,0.8478183531458333,1.5423560729166663,0.8165380514459161,-0.5772916165517272,0.04103746018645426,0.2391111812775267,0.48187324097748474,-0.041037460186454267,1,-0.19594344488867674,0.28222345047606295,0.036832374971976556,0.016315430559629553,2
5264,US-Ro5,2017-05-14,US-Ro1,Croplands,44.691,-93.0576,1.3,6.3,1.207142719645403,21.247079791666668,1.4086495270437498,2.3239923687500004,0.741222010848596,-0.6712599575675313,-0.16269157505504858,0.07522096625852455,0.35456378659865545,0.02302298565414554,1,-0.20573313657448397,-0.20650655595265432,-0.07583503263800737,-0.06898003114894166,2
5265,US-Ro5,2017-05-22,US-Ro1,Croplands,44.691,-93.0576,2.7,4.4,4.4823899804648475,12.5087235625,0.5586256957125001,2.5498922604166663,0.6420547132365637,-0.766658819300159,-0.21856605189124614,0.04398369118260441,0.5339841314801516,-0.218566051891246,1,-0.1738521705864836,-0.26178124520401147,-0.2200647398832434,-0.007022253315276487,2
5266,US-Ro5,2017-05-31,US-Ro1,Croplands,44.691,-93.0576,2.0,5.6,1.9179025791536624,15.953928624999998,1.092568654085417,3.29149435,0.5160623910158528,-0.8565509959010036,0.003174328357029956,0.14321311747481175,0.6197958050125857,-0.0031743283570299513,1,-0.1611154750176131,0.068990041540477,0.10164841854822598,0.012404314516349296,2
5267,US-Ro5,2017-06-07,US-Ro1,Croplands,44.691,-93.0576,1.3,6.2000003,0.9406964667895692,22.14008708333333,1.7981412787541668,2.3063657562499995,0.4093559588156213,-0.9123747579707272,-0.032973408867199815,0.16509470109759017,0.540596165389703,0.032973408867199794,1,-0.010345512644882038,-0.2082149143472058,0.1196402003904884,0.008974572762315981,2
5268,US-Ro5,2017-06-08,US-Ro1,Croplands,44.691,-93.0576,3.7,6.1,0.7006696503874931,22.948713125,1.509438892177083,2.86515311875,0.3935902766564667,-0.9192859697186104,-0.05771177595471124,0.11549903387069901,0.6487258421887473,0.05771177595471144,1,0.06437437078140928,-0.16524416429309252,-0.07226553435245048,-0.00032491173745847313,2
5269,US-Ro5,2017-06-15,US-Ro1,Croplands,44.691,-93.0576,4.2,6.9,5.746095064886098,22.8609025,1.3670788005083332,2.7241772187500004,0.2802306751992158,-0.9599326896597448,-0.2308612887862298,0.2063272477064933,0.6368610922454057,-0.2308612887862298,1,-0.045115992046965814,-0.4529428637072759,-0.19452501060444766,-0.01166778541910998,2
5270,US-Ro5,2017-07-02,US-Ro1,Croplands,44.691,-93.0576,2.6,4.4,3.3829857809056008,20.23758645833333,0.9876079186645832,1.657999297916666,-0.008606996888688,-0.9999629591162656,0.39751258849191423,0.11045200594236944,0.6289364112038799,0.39751258849191423,1,0.5151654137774331,0.38132424737501786,0.2960481043232919,0.012404314516349296,2
5271,US-Ro5,2017-07-17,US-Ro1,Croplands,44.691,-93.0576,4.9,6.5,5.2517382799631696,23.75713083333333,0.7777400654750001,2.838704760416667,-0.2636654927280072,-0.9646141756912436,-0.23691650856877736,0.24813502759856712,0.48548281515388575,-0.23691650856877733,1,-0.1911610995434842,-0.504744868989992,-0.014843557172855792,0.04317120661449966,2
5272,US-Ro5,2017-08-11,US-Ro1,Croplands,44.691,-93.0576,3.2,4.1,4.8399323558622465,17.797787708333335,0.5443327944624997,1.35836084375,-0.6420547132365636,-0.7666588193001592,0.08040747096661426,0.0427879811896477,0.6210790538909581,0.08040747096661427,1,0.03236697691663509,0.11442244324350964,0.09443299273969802,-0.007022253315276487,2
5273,US-Ro5,2017-08-19,US-Ro1,Croplands,44.691,-93.0576,3.6,4.1,5.2426075003708865,18.831563125,0.45108827600625,1.3638187562499997,-0.7412220108485957,-0.6712599575675315,-0.019757734777166025,0.03970362853313825,0.49471452796112986,-0.019757734777166025,1,-0.059791291143590275,0.019607528933075824,-0.019089442120983624,-0.010640158550773812,2
5274,US-Ro5,2017-09-03,US-Ro1,Croplands,44.691,-93.0576,3.7,4.6,5.370619965955309,20.27301270833333,0.6995812524270831,1.9875030291666669,-0.888057322629493,-0.4597327394521046,-0.30104818074467615,0.022021077708413404,0.4697994633546985,-0.3010481807446761,1,-0.32471066672225884,-0.2972787571200551,-0.28115511839171464,-0.026867459128726224,2
5275,US-Ro5,2017-09-04,US-Ro1,Croplands,44.691,-93.0576,2.6,3.6000001000000004,5.473285996222922,16.863672291666663,0.5767488887687501,2.7941558875,-0.8958392907349089,-0.4443781781046134,-0.10913519023687274,0.23261246841593755,0.5242448042223,-0.10913519023687268,1,-0.2018872603317476,0.15554419014084614,-0.28106250051971676,0.016315430559629553,2
5276,US-Ro5,2017-09-11,US-Ro1,Croplands,44.691,-93.0576,3.3,4.2000003,3.270069113633665,19.310859166666663,0.6548203209020833,1.823899325,-0.9427611433904206,-0.333468778918187,-0.4494948096042097,0.10787238132508296,0.4084820537741674,-0.3896330368715401,1,-0.5636139688719439,-0.43566790012571494,-0.34920255981497006,-0.038590201560343346,2
5277,US-Ro5,2017-09-12,US-Ro1,Croplands,44.691,-93.0576,2.8,3.9,2.879269375436524,20.398495000000004,0.5670985317437499,0.9539768020833334,-0.9483615800121716,-0.3171912885891059,-0.3805725636296669,0.023246418185021933,0.38510767457820083,-0.3805725636296669,1,-0.35498996781414854,-0.4004026151158507,-0.38632510795900155,-0.05912057258710978,2
5278,US-Ro5,2017-09-27,US-Ro1,Croplands,44.691,-93.0576,1.1,2.9,1.0242043486278374,11.64657945833333,0.3933919269291665,1.4991871937499994,-0.9979171608653922,-0.0645084494493162,-0.2870889233386498,0.15547456697869702,0.5400075792125677,-0.1354976205943244,1,-0.12408719802468693,-0.43374474847522204,-0.3034348235160405,0.016315430559629553,2
5279,US-Ro5,2017-11-07,US-Ro1,Croplands,44.691,-93.0576,0.3,0.90000004,0.5728199024729803,-1.7555933729166668,0.1686126103458334,2.20127236875,-0.8013610881746769,0.5981809144059159,0.06694149239158918,0.20167255661664796,0.4540337556119411,0.0669414923915892,1,-0.16407417740830563,0.15703987388390594,0.20785878069916724,0.03860372939047078,2
5280,US-Ro5,2017-11-23,US-Ro1,Croplands,44.691,-93.0576,0.1,1.1,0.3336530474145098,0.6353234187499995,0.2724637854395833,1.8372740520833333,-0.6084768701151264,0.7935716089521472,0.14494071469246259,0.2803769360407509,0.4063110926835788,0.14494071469246259,1,-0.08472295397874074,0.45738878250335885,0.062156315552769625,-0.05185765806772331,2
5281,US-Ro5,2017-11-30,US-Ro1,Croplands,44.691,-93.0576,0.2,1.4,0.4062521346945097,3.578706268749998,0.3129339802145833,3.6198520958333336,-0.5086709438521042,0.8609610158889945,0.37889341265649973,0.06905419079876607,0.48940354573694733,0.03361085673251968,1,0.34707369359254076,0.45812080827359886,0.33148573610335946,-0.0054228828835663325,2
5282,US-Ro6,2017-03-04,US-Ro1,Croplands,44.6946,-93.05776,1.0,1.7,1.1697043950769577,-0.5990491443749993,0.1581454342562499,4.435744645833334,0.8840675099433636,0.4673592171580022,-0.1077161911513007,0.10169924088346576,0.5727899890599881,-0.10771619115130071,1,-0.0017460390496736866,-0.20452455717379162,-0.11687797723043677,0.01400368494805945,2
5283,US-Ro6,2017-03-27,US-Ro1,Croplands,44.6946,-93.05776,1.5,2.1000001,1.7387811177720065,5.177200312499999,0.2132018257208333,1.4886990166666674,0.995918996147179,0.0902516100310411,-0.2389762346050636,0.16964616848897304,0.42596897922768584,-0.23897623460506356,1,-0.13929064613734077,-0.14278167035873376,-0.43485638731911624,-0.039673966496568305,2
5284,US-Ro6,2017-03-28,US-Ro1,Croplands,44.6946,-93.05776,1.1,3.0,1.9673774147142764,7.499975196458334,0.48865481904375,0.8454219875000003,0.9973249731081556,0.0730951298980777,-0.10536370744603996,0.16877915578891456,0.5630155716505921,-0.10536370744603996,1,-0.28378436648851774,0.05175063336285862,-0.08405738921246075,0.016315430559629553,2
5285,US-Ro6,2017-04-21,US-Ro1,Croplands,44.6946,-93.05776,2.2,3.4,3.301582633440719,8.740674954166666,0.4982933183249999,1.751655760416667,0.9427611433904208,-0.3334687789181868,-0.2878096311106643,0.12157111626533786,0.46932069072881166,-0.2878096311106644,1,-0.37640508838627407,-0.14921094795704076,-0.3378128569886781,-0.003822986061603119,2
5286,US-Ro6,2017-04-28,US-Ro1,Croplands,44.6946,-93.05776,1.9,2.8,3.323366686311044,4.746414040833333,0.3619012167479167,2.3110992833333333,0.895839290734909,-0.4443781781046132,-0.16379805173690246,0.11906847290413514,0.6529866481825402,-0.16379805173690243,1,-0.291855976252706,-0.05643114748527728,-0.14310703147272416,0.012404314516349296,2
5287,US-Ro6,2017-05-06,US-Ro1,Croplands,44.6946,-93.05776,1.8,4.3,1.7045679776020148,13.637439166666669,0.8778727065291667,2.568213227083333,0.8263541987239096,-0.5631507242749186,0.39614857567309175,0.08174633543498336,0.419851103710344,-0.39614857567309175,1,0.4675573498441307,0.4139049553758533,0.3069834217992911,-0.047269817438974265,2
5288,US-Ro6,2017-05-07,US-Ro1,Croplands,44.6946,-93.05776,1.7,4.0,1.3546341043774583,12.623056625000002,0.8911496858958335,1.6374000625,0.8165380514459161,-0.5772916165517272,0.13927289004782492,0.22376584699944693,0.4852654428420948,-0.13927289004782495,1,-0.0761337251022772,0.37055267959077204,0.12339971565497987,0.016315430559629553,2
5289,US-Ro6,2017-05-14,US-Ro1,Croplands,44.6946,-93.05776,1.4,6.3,1.9462548726507571,21.417481458333334,1.5171325221229164,2.341088125,0.741222010848596,-0.6712599575675313,-0.22210973301542802,0.06926544043098151,0.3699382033492755,-0.22210973301542802,1,-0.24715521487281633,-0.2753687837695109,-0.14380520040395683,-0.06898003114894166,2
5290,US-Ro6,2017-05-22,US-Ro1,Croplands,44.6946,-93.05776,2.9,4.4,5.022124431303441,12.6607583125,0.5850493747395833,2.5998478958333333,0.6420547132365637,-0.766658819300159,-0.3389742709614271,0.009544056108410097,0.5137278008631408,-0.33897427096142696,1,-0.33128182485503493,-0.33598611681727236,-0.349654871211974,-0.007022253315276487,2
5291,US-Ro6,2017-05-31,US-Ro1,Croplands,44.6946,-93.05776,3.1,5.6,4.2980822501400215,15.928182645833331,1.1018530353895832,3.3653890541666667,0.5160623910158528,-0.8565509959010036,-0.06547023347869803,0.08099618001750224,0.5032556713476375,-0.06547023347869807,1,-0.01536574816094649,-0.02212995760878994,-0.15891499466635767,0.008719579617223586,2
5292,US-Ro6,2017-06-07,US-Ro1,Croplands,44.6946,-93.05776,5.4,6.2000003,6.24218526662781,21.987457083333336,1.7682887721895832,2.3173780124999994,0.4093559588156213,-0.9123747579707272,-0.5803487193164766,0.06547754035799055,0.5865743398346684,-0.5803487193164765,1,-0.5073019054794419,-0.6337668157120302,-0.5999774367579576,-0.3542255341740521,2
5293,US-Ro6,2017-06-08,US-Ro1,Croplands,44.6946,-93.05776,5.1,6.1,6.383796829550454,22.678162708333332,1.4995138149416667,2.5641491833333325,0.3935902766564667,-0.9192859697186104,-0.3545590134260788,0.0822487053818724,0.5987412320090743,-0.35455901342607876,1,-0.26216724020849136,-0.4197987892982679,-0.38171101077147707,-0.004009646636584185,2
5294,US-Ro6,2017-06-15,US-Ro1,Croplands,44.6946,-93.05776,6.6,6.9,8.24049445124243,22.34164354166666,1.365236818222917,2.5768539166666677,0.2802306751992158,-0.9599326896597448,-0.7211759448044087,0.20763113684684467,0.6176714118461389,-0.7211759448044086,1,-0.6624039861620538,-0.9518579291687046,-0.5492659190824679,-0.38810917728650585,2
5295,US-Ro6,2017-07-02,US-Ro1,Croplands,44.6946,-93.05776,3.7,4.4,5.427168821739284,20.239156249999994,1.0216098677979168,1.4750258125,-0.008606996888688,-0.9999629591162656,0.3428555250586678,0.16820535720424398,0.5159428146476093,0.3428555250586678,1,0.4137181311303397,0.4640349192556697,0.15081352478999405,0.012697525324132226,2
5296,US-Ro6,2017-07-17,US-Ro1,Croplands,44.6946,-93.05776,5.1,6.5,2.487593320990691,24.01607395833333,0.96326807205625,2.795079277083333,-0.2636654927280072,-0.9646141756912436,-0.282017547990008,0.220023205999856,0.4936054004530847,0.2820175479900082,1,-0.22255896579715737,-0.5256597160507879,-0.09783396212207876,-0.020335336887686625,2
5297,US-Ro6,2017-09-03,US-Ro1,Croplands,44.6946,-93.05776,2.0,4.6,0.9438804273154616,20.84631437500001,0.9246060121041668,2.8493771708333338,-0.888057322629493,-0.4597327394521046,-0.0050137666171211626,0.01316838969207495,0.5886562523008666,0.005013766617121274,1,0.005750828203499481,-0.0010955742100484112,-0.019696553844814557,-0.007022253315276487,2
5298,US-Ro6,2017-09-04,US-Ro1,Croplands,44.6946,-93.05776,0.8,3.6000001000000004,1.2287560441371057,17.370091875000004,0.7392394039770833,3.5259712125,-0.8958392907349089,-0.4443781781046134,0.6543507380370203,0.17771140141744443,0.757998856926683,0.20316135023719106,1,0.7615918194159497,0.44921829998546575,0.7522420947096455,0.02888517826866892,2
5299,US-Ro6,2017-09-11,US-Ro1,Croplands,44.6946,-93.05776,1.7,4.2000003,0.9861056161029416,19.576670416666673,0.7945173952979167,2.635313824999999,-0.9427611433904206,-0.333468778918187,-0.09541420423732204,0.06342661855095914,0.5099757455835889,0.09541420423732205,1,-0.16036460630046867,-0.09224804438224535,-0.033629962029252114,-0.007022253315276487,2
5300,US-Ro6,2017-09-12,US-Ro1,Croplands,44.6946,-93.05776,3.0,3.9,0.3730266439665271,20.597468958333337,0.7076136340604164,1.302403604166667,-0.9483615800121716,-0.3171912885891059,-0.3376913691758781,0.07849340023130616,0.31020337483878174,0.3376913691758783,1,-0.37840664573985805,-0.3874615682383477,-0.2472058935494285,-0.047269817438974265,2
5301,US-Ro6,2017-09-27,US-Ro1,Croplands,44.6946,-93.05776,2.0,2.9,2.420700574988475,11.621468041666668,0.411028264,1.8431884833333336,-0.9979171608653922,-0.0645084494493162,-0.42252410604953256,0.06997070802112733,0.5235182759783374,-0.4225241060495326,1,-0.41774912380476453,-0.3550631924700232,-0.49476000187380975,-0.002027372335771273,2
5302,US-Ro6,2017-11-07,US-Ro1,Croplands,44.6946,-93.05776,0.6,0.90000004,0.8273965755515668,-1.9040211062499997,0.1658636865958333,2.0221964208333336,-0.8013610881746769,0.5981809144059159,-0.16873881689423686,0.17646779893728787,0.46036298786409713,-0.16873881689423686,1,-0.37057402809313694,-0.09206568905762211,-0.04357673353195157,0.03860372939047078,2
5303,US-Ro6,2017-11-23,US-Ro1,Croplands,44.6946,-93.05776,0.5,1.1,0.2976642762047816,0.5125283437500007,0.2782659722437499,1.9107474041666668,-0.6084768701151264,0.7935716089521472,-0.10764943386762214,0.18158899525614644,0.38361171604273336,0.10764943386762214,1,-0.2591870237234703,0.09362566505993108,-0.1573869429393272,-0.03807459606485815,2
5304,US-Ro6,2017-11-30,US-Ro1,Croplands,44.6946,-93.05776,0.5,1.4,0.4260880905141568,3.5270007666666663,0.3197383549354166,3.720146795833333,-0.5086709438521042,0.8609610158889945,0.18890765248617902,0.07735037815936627,0.46190916705748186,-0.18890765248617902,1,0.21974491235092314,0.24608295173815847,0.1008950933694554,0.027165004568021664,2
5827,US-SRS,2016-01-03,US-SRS,Shrublands,31.817294,-110.850801,0.3,2.5,0.4865844494842722,14.784814583333334,0.9521436236770834,4.2085349375000005,0.0516196672232537,0.998666816288476,0.3391638158878914,0.1296691521507228,0.8235247031991048,0.03400508308065303,0,0.44983677587408233,0.3711641034409362,0.1964905683486557,0.046168477562939056,2
5828,US-SRS,2016-01-11,US-SRS,Shrublands,31.817294,-110.850801,0.7,1.6,0.8318321976989685,5.863511875,0.3294782291833333,2.1378000208333336,0.1882267098432442,0.9821256058680006,-0.09520964183738743,0.060620557301298804,0.36205954921869116,-0.09520964183738745,0,-0.16492963192935728,-0.06575281287267097,-0.05494648071013403,-0.057521202155399624,2
5829,US-SRS,2016-01-12,US-SRS,Shrublands,31.817294,-110.850801,0.4,2.6000001,0.9682307682914112,9.3888275,0.7504932607041667,1.8369385833333336,0.2051044998686192,0.9787400799669153,-0.11629496773154324,0.13306984062467242,0.26543315916153803,-0.11629496773154324,0,-0.022684581412075133,-0.057575736402367295,-0.2686245853801873,-0.041985712108138395,2
5830,US-SRS,2016-01-19,US-SRS,Shrublands,31.817294,-110.850801,0.4,2.6000001,0.6415982865063387,12.904798333333332,1.0333829862,1.932720104166668,0.3212696616923644,0.9469877530760752,-0.018620969823878477,0.09098688572959536,0.36222064431624557,-0.018620969823878453,0,-0.11347744791963014,0.0679263157004017,-0.010311777252406978,-0.04567044700726411,2
5831,US-SRS,2016-01-27,US-SRS,Shrublands,31.817294,-110.850801,0.5,3.0,0.5479736341115066,12.296772083333323,1.1372687985791663,2.3869674166666663,0.4482293417404106,0.893918596519257,-0.0392343520320339,0.08672230145520116,0.459860018042168,-0.0392343520320339,0,-0.13127689059199307,0.04094662876993613,-0.027372794274044765,0.031007878448064814,2
5832,US-SRS,2016-03-23,US-SRS,Shrublands,31.817294,-110.850801,1.0,5.4,0.9319000475170418,12.988441458333336,1.193671778122917,2.639232,0.989932495087353,0.141540295217043,-0.036014103365447796,0.1319346741619163,0.6495123942367554,0.036014103365447796,0,-0.15254050025322338,0.10723707874363514,-0.06273888858675515,0.01400368494805945,2
5833,US-SRS,2016-04-16,US-SRS,Shrublands,31.817294,-110.850801,1.5,6.0,1.332178379249157,13.809251250000004,1.21237226766875,2.5133302916666667,0.9634705485641488,-0.2678143051621742,-0.09292959006724065,0.24812996067431572,0.5720532498108801,0.09292959006724065,0,-0.37274444948447727,-0.00637204996695756,0.1003277292497129,0.06577548082013304,2
5834,US-SRS,2016-04-24,US-SRS,Shrublands,31.817294,-110.850801,1.3,7.1,1.570904300879518,20.45381458333333,1.7827153945395835,2.949964083333333,0.9175836260593936,-0.3975428142825559,0.1513376203343918,0.2103493866419477,0.6270182860641087,0.1513376203343918,0,-0.07847688621805862,0.33433183193733246,0.1981579152839016,-0.008049880183612655,2
5835,US-SRS,2016-05-10,US-SRS,Shrublands,31.817294,-110.850801,1.6,6.8,1.0992885780894446,21.54899791666667,2.12307332368125,2.3847334375,0.7748840413670407,-0.6321034111873487,0.1419703235580613,0.12432812780326248,0.5031039726491567,-0.14197032355806127,0,0.10288026431510172,0.04188484363305961,0.2811458627260226,-0.011960996226892916,2
5836,US-SRS,2016-05-18,US-SRS,Shrublands,31.817294,-110.850801,2.1,6.2000003,2.038083405311561,19.45108854166666,1.2586000684562502,2.0186705833333334,0.6807734094770161,-0.7324940716135789,-0.21927948191887406,0.06358963538188846,0.5036933796676466,-0.09544629254199602,0,-0.25435856263583967,-0.14587639978186653,-0.25760348333891603,-0.014363111112590067,2
5837,US-SRS,2016-05-26,US-SRS,Shrublands,31.817294,-110.850801,1.6,6.8,0.7975938340662828,18.453652083333328,1.74982948739375,2.3108802291666666,0.5737722679043246,-0.8190148866680801,-0.04291702977619547,0.07853753081327089,0.5490778128977405,0.04291702977619549,0,0.042403226032426605,-0.11219452433855409,-0.05895979102245895,-0.01564573112601862,2
5838,US-SRS,2016-06-03,US-SRS,Shrublands,31.817294,-110.850801,1.9,10.2,0.7369772100738241,29.519250000000003,3.871826784770833,2.5508575416666672,0.4559066935084588,-0.8900275764346767,-0.3397469394520029,0.17823522645644282,1.0096331298838745,0.33974693945200296,0,-0.18367421034572856,-0.5339675257048575,-0.30159908230542276,-0.07792315938602422,2
5839,US-SRS,2016-07-05,US-SRS,Shrublands,31.817294,-110.850801,2.4,7.7000003,3.223160505105608,31.941812500000008,3.3472326239583325,2.2858515625000004,-0.0773864792334632,-0.9970011699250152,-0.23123373838340364,0.231312498096203,0.6927715286058536,-0.23123373838340355,0,0.03506720255568618,-0.34654244838144654,-0.3822259693244506,-0.032087954640506566,2
5840,US-SRS,2016-07-13,US-SRS,Shrublands,31.817294,-110.850801,1.4,7.9,1.3227559008396272,32.319940625,3.167763749895832,1.9015849583333329,-0.2135209154397959,-0.9769384927771816,-0.37991370864659063,0.2044005157365734,0.4368807527643989,-0.2254255103258453,0,-0.20995831705807003,-0.606722093947289,-0.3230607149344128,-0.07403085845502161,2
5841,US-SRS,2016-07-21,US-SRS,Shrublands,31.817294,-110.850801,2.4,6.2000003,2.230667210519224,31.96817291666667,2.867354373833334,2.2440421458333333,-0.3456123126707333,-0.9383773917408642,0.3333301150361421,0.25210598238398707,0.7942298162956113,-0.33333011503614207,0,0.5790529011122845,0.3456451276908876,0.07529231630525424,0.10784482171002138,2
5842,US-SRS,2016-07-29,US-SRS,Shrublands,31.817294,-110.850801,1.8,6.4,2.9183197405246664,30.027268750000005,1.8886114921479171,2.057583708333333,-0.4711595076738639,-0.8820480249558535,0.30261531184573437,0.16295792539691734,0.5861908482742342,0.3026153118457344,0,0.4445750672229519,0.3385973728998283,0.12467349541442285,-0.0167174316521893,2
5843,US-SRS,2016-08-06,US-SRS,Shrublands,31.817294,-110.850801,3.4,5.4,5.004684641246313,29.85741875,1.8600423490062497,2.1687625833333324,-0.5877852522924734,-0.8090169943749472,0.4408510057418769,0.10989079713101163,0.8194678462811564,0.44085100574187686,0,0.4619058422906751,0.32195612146629876,0.5386910534686569,0.05276290094137362,2
5844,US-SRS,2016-08-14,US-SRS,Shrublands,31.817294,-110.850801,2.9,5.4,3.83335484248364,29.13012291666667,2.3583780037666666,2.8797396041666667,-0.6932812268869771,-0.7206671495538615,0.5991639053316323,0.047987715152480244,0.7178296430280207,0.5991639053316323,0,0.5793920958567264,0.6538786787601598,0.5642209413780109,0.0017340148235725466,2
5845,US-SRS,2016-08-22,US-SRS,Shrublands,31.817294,-110.850801,3.8,5.5,4.427451919444742,26.50857812500001,1.73650481273125,2.097334291666667,-0.7856498550787144,-0.6186714032625032,-0.031877238288963945,0.0665896145092785,0.48409816830269126,-0.03187723828896394,0,-0.08836821230777872,-0.048806458265861524,0.0415429557067484,-0.010640158550773812,2
5846,US-SRS,2016-08-30,US-SRS,Shrublands,31.817294,-110.850801,2.5,6.2000003,1.8180021213305713,30.42188541666668,2.7786639452708326,3.4564664583333338,-0.8631421280499115,-0.5049610547215202,0.02965787321730537,0.2405576584926827,0.7685689055952291,-0.029657873217305397,0,-0.054135963251969996,0.3009059017322345,-0.1577963188283484,0.04113936537719558,2
5847,US-SRS,2016-09-23,US-SRS,Shrublands,31.817294,-110.850801,1.5,4.2000003,0.8314635546522067,22.81188125000001,1.1129530569416666,2.7159616458333335,-0.9932568492674144,-0.1159345995955006,0.12698369941836857,0.0659250706759506,0.49589787799822116,-0.12698369941836862,0,0.060220260508308976,0.12869370653721202,0.1920371312095847,-0.007022253315276487,2
5848,US-SRS,2016-10-17,US-SRS,Shrublands,31.817294,-110.850801,1.6,4.8,0.8476965228658112,23.679866666666666,2.2386373390625,2.8172424375000005,-0.9562348265919058,0.2926003356333479,0.03448269007782725,0.10688786103606754,0.6901979687760769,-0.03448269007782723,0,-0.038324966004819175,-0.01542280205358057,0.1571958382918815,0.019452920697477127,2
5849,US-SRS,2016-10-25,US-SRS,Shrublands,31.817294,-110.850801,1.8,3.5,1.2941900308066463,23.62708541666667,1.4229036741437495,2.2485176458333327,-0.9070138128026362,0.4211008707960891,0.21837668613176844,0.23476729118620177,0.4767084978765023,-0.21837668613176842,0,0.1848293543350134,0.0021876653013574165,0.4681130387589345,8.812998167713503e-05,2
5850,US-SRS,2016-10-26,US-SRS,Shrublands,31.817294,-110.850801,1.1,3.6000001000000004,0.8953242832404703,26.177512499999995,2.1534098046875,2.499785895833333,-0.8996308696522434,0.4366512319560638,0.2629160262671915,0.3517173675107749,0.7015498433083366,-0.2629160262671915,0,0.15845873314823322,-0.024740031219281533,0.6550293768726229,0.017803376294345693,2
5851,US-SRS,2016-11-02,US-SRS,Shrublands,31.817294,-110.850801,1.0,3.1000001,0.4806415859048482,18.914227083333333,1.2993824909458336,1.9441605208333324,-0.8406184056344783,0.5416278206559811,0.04458521519650638,0.06384459744312562,0.4677599825865485,-0.04458521519650638,0,0.021902974366130895,-0.004821253524496277,0.11667392474788452,-0.021650183461518743,2
5852,US-SRS,2016-11-10,US-SRS,Shrublands,31.817294,-110.850801,1.0,4.5,0.2648853660361714,17.436660416666665,1.150289610779167,5.193017083333332,-0.7583058084785625,0.6518989958787125,0.2892756679223869,0.1061022471398295,0.6717242392046943,-0.2892756679223869,0,0.402147223915276,0.1915761560433969,0.27410362380848774,0.01400368494805945,2
5853,US-SRS,2016-11-11,US-SRS,Shrublands,31.817294,-110.850801,0.2,3.8,0.377638102307916,19.47815625,1.4278739141666663,4.103942916666665,-0.7469720876965551,0.6648553979642867,0.283778443974625,0.18177356533012543,0.6892441468360659,0.071497760641207,0,0.48121736690464756,0.24674393073038986,0.12337403428883753,0.02496340717246754,2
5854,US-SRS,2016-12-04,US-SRS,Shrublands,31.817294,-110.850801,0.4,2.1000001,0.1790784061032251,10.616571249999998,0.7439268711250001,1.9963281458333328,-0.4327755925504317,0.9015016841318838,0.08925640073127772,0.04004081236308313,0.3711996183966157,-0.08925640073127769,0,0.08665476012538517,0.13053459281269336,0.05057984925575462,-0.057521202155399624,2
5855,US-SRS,2016-12-13,US-SRS,Shrublands,31.817294,-110.850801,0.2,2.3,0.1294871150180596,16.085083333333333,0.9559617939645836,2.39027375,-0.2884824328806098,0.9574851883550388,0.12312826582360271,0.05830428379223454,0.605208683428206,-0.1231282658236027,0,0.07265542700136418,0.18694912399497443,0.10978024647446954,-0.0054228828835663325,2
5856,US-SRS,2017-01-05,US-SRS,Shrublands,31.817294,-110.850801,0.5,2.5,0.6340567555600609,15.260375833333333,0.8025954337458335,2.8096576875,0.0859647987374464,0.9962981749346078,0.07135570354790503,0.0438917143487642,0.6893825393725561,0.07135570354790503,0,0.08802003791675767,0.1044748036360944,0.021572269090863017,0.0016257232975615008,2
5857,US-SRS,2017-01-29,US-SRS,Shrublands,31.817294,-110.850801,0.4,3.9,0.8125119108933231,14.747693750000003,1.33843476331875,5.159205520833333,0.4787338401157884,0.8779600847008882,0.27178532762972635,0.06343314166417313,0.9512803098304905,0.27178532762972635,0,0.2966552732299394,0.3190150664753563,0.19968564318388327,0.032251655373034246,2
5858,US-SRS,2017-02-22,US-SRS,Shrublands,31.817294,-110.850801,0.8,2.1000001,0.5743532039175774,19.085385416666664,1.4049223638291668,2.6323811875,0.7909456567567772,0.6118864012687243,0.4150913020055995,0.06714210562434995,0.5857099601807543,-0.4150913020055995,0,0.43763574424568985,0.3395783349314966,0.4680598268396121,-0.0054228828835663325,2
5859,US-SRS,2017-03-02,US-SRS,Shrublands,31.817294,-110.850801,1.1,4.7000003,0.4546114699837367,16.497528125000002,1.440984273475,3.56146025,0.8674563547295968,0.4975132889071806,-0.01498065915519381,0.010459433288056827,0.665249817275989,0.014980659155193754,0,-0.00604319908218684,-0.026484380328142737,-0.012414398055251852,-0.007022253315276487,2
5860,US-SRS,2017-03-10,US-SRS,Shrublands,31.817294,-110.850801,0.9,5.4,0.5606003245122615,22.11650520833333,2.200749977708333,2.5025143958333333,0.9275416835791966,0.373719714790469,0.06210721545616274,0.14897053275593677,0.7280335971594594,-0.06210721545616271,0,-0.08523497421262774,0.05890224777892655,0.2126543728021894,0.04395436842445888,2
5861,US-SRS,2017-03-18,US-SRS,Shrublands,31.817294,-110.850801,1.5,6.4,0.5819593534109546,24.0357875,2.42646910975,2.7970006249999995,0.970063921851507,0.2428497220959356,0.061368079877402205,0.19267171563042576,0.9140763912250964,-0.061368079877402226,0,-0.07235131689589176,-0.025758364615469154,0.2822139211435675,0.024156019435050795,2
5862,US-SRS,2017-04-03,US-SRS,Shrublands,31.817294,-110.850801,2.3,6.2000003,0.5508866283314925,18.434966666666664,1.5576694708708332,4.528978729166665,0.9995462806873572,-0.0301203048469081,0.24316772970400027,0.23224840410718214,0.6354023353948838,-0.24316772970400025,0,-0.02177029811690534,0.33964782488785383,0.41162566234105236,0.008974572762315981,2
5863,US-SRS,2017-04-11,US-SRS,Shrublands,31.817294,-110.850801,2.1,7.0,0.4381438122986302,21.71008125,2.3497498225,2.622794729166667,0.9859481499638304,-0.1670516255021192,0.0869892593145315,0.21642942071238985,0.6834326208556842,-0.08698925931453161,0,-0.14626190028441252,0.1259159552146089,0.28131372301339813,-0.0010012740024848263,2
5864,US-SRS,2017-04-19,US-SRS,Shrublands,31.817294,-110.850801,1.9,6.9,0.3526456143415969,23.174346875,2.245886993352083,2.2573977291666667,0.9536809966304456,-0.3008198076356673,0.1352968469511557,0.13720246553609947,0.5923962423188539,-0.13529684695115574,0,-0.014950558159791433,0.1669026854476618,0.2539384135655967,-0.011960996226892916,2
5865,US-SRS,2017-04-20,US-SRS,Shrublands,31.817294,-110.850801,1.0,7.1,0.4676767893077848,21.4990875,2.168587163260417,2.501281270833334,0.9483615800121716,-0.3171912885891061,0.08213486636615992,0.1203947805955521,0.5151440654001317,-0.08213486636615996,0,-0.03897301027299442,0.08357396004737525,0.20180364932409894,-0.010361625795182763,2
5866,US-SRS,2017-05-05,US-SRS,Shrublands,31.817294,-110.850801,1.8,8.6,0.4230662185628734,29.88736458333333,3.5880697511458344,2.6870331666666663,0.835925479418637,-0.548842958284719,-0.10258213974282186,0.21979873479242878,1.0126522887000067,0.10258213974282193,0,-0.0023977463759516926,-0.35462432852983844,0.04927565567732453,-0.07792315938602422,2
5867,US-SRS,2017-05-06,US-SRS,Shrublands,31.817294,-110.850801,1.1,8.7,0.7343916381529485,26.08505,2.7021686864791667,4.2214950625,0.8263541987239096,-0.5631507242749186,0.23810247716021174,0.23542794816458107,0.7220312135276126,-0.2381024771602117,0,0.4391775779306716,-0.020874088825963977,0.2960039423759276,-0.08112207221666373,2
5868,US-SRS,2017-05-21,US-SRS,Shrublands,31.817294,-110.850801,1.7,7.6,0.5415137429098262,25.929304166666668,2.995891068708332,2.5630486041666667,0.6551563572090853,-0.7554933140726803,0.12439897901615055,0.12149680294366162,0.6864984615226725,-0.1243989790161506,0,0.15365122341123832,-0.009053498734016785,0.2285992123712301,-0.032087954640506566,2
5869,US-SRS,2017-05-29,US-SRS,Shrublands,31.817294,-110.850801,2.5,7.2000003,0.5782561146357521,27.83970416666667,3.3915089401875007,2.665374958333333,0.545240438540651,-0.8382797052177743,0.09708310888823263,0.12456987189229612,0.7640497262256967,-0.09708310888823268,0,0.2388032102468447,0.0049107932790415365,0.04753532313881165,0.00441256638533904,2
5870,US-SRS,2017-06-06,US-SRS,Shrublands,31.817294,-110.850801,1.4,8.400001,0.460071069271682,30.73724583333333,3.55735142825,2.218596479166666,0.4250003399695541,-0.9051931898913974,-0.32001362767013214,0.24428302199876992,0.7017138769756567,0.3200136276701322,0,-0.13950536350071852,-0.5979823563150436,-0.22255316319463433,-0.08112207221666373,2
5871,US-SRS,2017-06-07,US-SRS,Shrublands,31.817294,-110.850801,3.9,7.9,1.0470304319425865,29.83551458333333,3.1354566594375,2.9637854375,0.4093559588156213,-0.9123747579707272,-0.05000110116377957,0.3027811946932065,0.7904927839245497,0.05000110116377954,0,0.2806518555829098,-0.11695116719224645,-0.31370399188200204,0.026441904607300296,2
5872,US-SRS,2017-06-14,US-SRS,Shrublands,31.817294,-110.850801,1.9,8.1,0.3585327696638447,27.559592708333337,3.471910585270834,2.413086541666667,0.2967128192734907,-0.9549667548552552,-0.07199122236336736,0.14515075440173789,0.6997685630588795,0.07199122236336741,0,0.09550787100946379,-0.16091588188462277,-0.15056565621494308,-0.032087954640506566,2
5873,US-SRS,2017-07-08,US-SRS,Shrublands,31.817294,-110.850801,1.4,7.4,0.2892530058877168,33.546543750000005,3.495096782010417,3.0786162708333347,-0.1116590071216944,-0.993746580436178,0.2357745468121748,0.3159820983673079,0.7927432293238824,-0.2357745468121748,0,0.31860421513333803,0.5020919355710685,-0.11337251026788212,0.07111802271816484,2
5874,US-SRS,2017-07-09,US-SRS,Shrublands,31.817294,-110.850801,1.9,6.3,1.3779855707731188,29.80963958333334,2.0682805707520835,2.0350949375000007,-0.1287481774525806,-0.99167731989929,0.13757705026867095,0.2108315170049033,0.5930795115749425,-0.13757705026867095,0,0.34874832862439686,0.1368958769671243,-0.07291305478550829,-0.007590521243885111,2
5875,US-SRS,2017-07-16,US-SRS,Shrublands,31.817294,-110.850801,1.6,4.0,3.517424316213202,26.024781249999997,0.7962932898749996,1.804961125,-0.2470221804809352,-0.9690098257244064,1.1334328099036166,0.14449940895939825,0.8985508812609456,1.1334328099036166,0,1.2609283648649425,0.9764716117774099,1.1628984530684972,-0.11145887432933763,2
5876,US-SRS,2017-08-09,US-SRS,Shrublands,31.817294,-110.850801,3.2,6.2000003,2.7067040709482257,30.34517916666667,2.350214621083333,2.029356166666667,-0.6152845999633277,-0.7883050558305253,-0.08771379426076249,0.13845485779637723,0.7132401710360479,0.08771379426076248,0,-0.24758451053182368,-0.008652053117068625,-0.0069048191333951625,0.031103024152154893,2
5877,US-SRS,2017-08-17,US-SRS,Shrublands,31.817294,-110.850801,2.9,6.2000003,2.753535126024264,27.868037500000003,2.682434304812499,2.3072195625000003,-0.7176769136759615,-0.6963762255968726,0.0777712941436841,0.03832815352830539,0.6224460954698354,-0.07777129414368411,0,0.03352988078973859,0.09885741818821608,0.10092658345309763,-0.014363111112590067,2
5878,US-SRS,2017-08-26,US-SRS,Shrublands,31.817294,-110.850801,1.8,5.0,4.08820609627922,30.33415416666667,2.403739395408333,2.42838025,-0.8165380514459157,-0.5772916165517278,0.6909409693988368,0.1481478516487245,0.7417214461037229,0.6909409693988366,0,0.8590497459470929,0.6343158608038912,0.579457301445526,-0.20925739729019158,2
5879,US-SRS,2017-09-18,US-SRS,Shrublands,31.817294,-110.850801,2.0,6.1,0.8918796572189382,27.67616041666667,2.252890011445833,2.4319670625,-0.9760105506323682,-0.2177232303965322,-0.2311527434774726,0.15552760572959326,0.6046537091502986,0.2311527434774726,0,-0.4106547594383674,-0.1462085892976744,-0.136594881696376,0.007204109541319105,2
5880,US-SRS,2017-09-26,US-SRS,Shrublands,31.817294,-110.850801,1.7,5.3,0.7070263869704281,21.891025,2.108458310458333,2.4340748125,-0.99665890175417,-0.0816763953304228,-0.1599676086757346,0.09328937554716911,0.6431056268657657,0.15996760867573456,0,-0.24013968955191756,-0.05757397900512795,-0.1821891574701583,0.008719579617223586,2
5881,US-SRS,2017-10-04,US-SRS,Shrublands,31.817294,-110.850801,1.2,5.4,0.5895333319324952,27.854516666666665,2.474623245166667,1.952363333333334,-0.9984354211555644,0.055916990100603,-0.08420236482775828,0.20372528048118071,0.6047842230437268,0.08420236482775822,0,-0.1022455596626418,-0.27830590678811135,0.12794437196747832,0.016315430559629553,2
5882,US-SRS,2017-10-12,US-SRS,Shrublands,31.817294,-110.850801,1.2,5.2000003,0.4787838924234556,26.33876041666667,2.117813389166667,2.5991150416666677,-0.9813064702716092,0.1924515819708299,0.051298469336055114,0.18697571536095545,0.6571075007636527,-0.051298469336055086,0,-0.12432159819720931,0.030351378993736355,0.2478656272116383,0.016315430559629553,2
5883,US-SRS,2017-10-13,US-SRS,Shrublands,31.817294,-110.850801,1.0,4.7000003,0.3327068013732682,25.73276666666667,2.392169175083333,2.5119149375000007,-0.9778483415056568,0.2093146459630488,0.17163190607954645,0.20203979171473369,0.5975494677571331,-0.17163190607954648,0,0.03540926931364377,0.07572303558155027,0.40376341334344523,0.01791480099133971,2
5884,US-SRS,2017-10-28,US-SRS,Shrublands,31.817294,-110.850801,1.1,4.0,0.4588658779325664,22.43326041666667,2.1654081321875,2.354397083333334,-0.8919813464595487,0.4520722039323037,0.15167167660928269,0.24475515013752197,0.5669887570191301,-0.1516716766092827,0,0.025931726535965455,-0.004655023136115349,0.4337383264279979,0.016315430559629553,2
5885,US-SRS,2017-10-29,US-SRS,Shrublands,31.817294,-110.850801,0.8,5.2000003,0.4503074426845758,24.08152291666666,2.3165778899375007,2.412561625,-0.8840675099433637,0.467359217158002,0.14911209430262365,0.21095783594015996,0.6193748688609992,-0.14911209430262362,0,0.07626226204156383,-0.015765957749650478,0.38683997861595765,0.01791480099133971,2
5886,US-SRS,2017-11-05,US-SRS,Shrublands,31.817294,-110.850801,0.8,3.4,0.4334925454579476,19.83081458333333,1.180529721870833,2.043391520833334,-0.8214765533024145,0.5702422926917867,0.07659419735012031,0.09275576251312709,0.4959011481997848,-0.0765941973501203,0,0.02835921438486011,0.01789459341672278,0.18352878424877805,0.01031895004893374,2
5887,US-SRS,2018-01-16,US-SRS,Shrublands,31.817294,-110.850801,0.2,3.3,0.2117251435156849,16.12505416666666,1.30718194221875,3.224478,0.2719581575341055,0.9623090774541486,0.06993909301330074,0.11436534896917747,0.7930480883964957,-0.04648880598193099,0,0.07564965307797278,-0.04717455727107664,0.1813421832330061,0.046168477562939056,2
5888,US-SRS,2018-01-17,US-SRS,Shrublands,31.817294,-110.850801,0.3,3.3,0.2219400348229547,14.044776875000004,1.1610480331062505,2.499424958333333,0.288482432880609,0.9574851883550392,0.016775410861705826,0.011676649879003454,0.5820713637167065,-0.016775410861705822,0,0.026180544061241956,0.020439549379310362,0.0037061391445651626,-0.0054228828835663325,2
5889,US-SRS,2018-01-24,US-SRS,Shrublands,31.817294,-110.850801,0.3,5.0,0.5417147801617078,15.271216666666668,1.480802945291667,5.040351333333334,0.401487989205973,0.9158642882672872,-0.059461189548140614,0.10193680281532001,1.235999569310105,-0.059461189548140614,0,-0.02496999717881901,0.02075541209238757,-0.1741689835579904,0.04969675951842678,2
5890,US-SRS,2018-02-01,US-SRS,Shrublands,31.817294,-110.850801,0.3,3.9,0.2408954546536357,17.517395833333328,1.7258825192020837,2.299256770833334,0.5234156073655503,0.8520775211013093,0.07813423635763715,0.11575744154263878,0.59689018098815,-0.07813423635763717,0,0.013308066348809294,0.009315107941681056,0.21177953478242112,0.01400368494805945,2
5891,US-SRS,2018-02-02,US-SRS,Shrublands,31.817294,-110.850801,0.2,3.6000001000000004,0.1173360278616111,17.574925000000004,1.6366944099791665,2.358393916666666,0.5380051715382996,0.8429415373547828,0.10926006467393723,0.1828890598623768,0.6069142252286317,-0.10926006467393723,0,0.015800857927940254,-0.008014724342874369,0.3199940604367458,0.01791480099133971,2
5892,US-SRS,2018-02-09,US-SRS,Shrublands,31.817294,-110.850801,0.5,4.1,0.2202602629786202,18.503622916666664,1.7970654188708333,2.6903112083333336,0.6354323008901774,0.7721565844991642,0.04515754173189777,0.05773179929966668,0.6711302996863177,-0.04515754173189779,0,0.06019351582807944,-0.01860455845358025,0.09388366782119412,-0.0054228828835663325,2
5893,US-SRS,2018-02-25,US-SRS,Shrublands,31.817294,-110.850801,1.2,2.7,0.8228930797982974,8.316984999999999,0.7511901862999998,1.913397166666667,0.8214765533024142,0.5702422926917871,-0.21730597843492552,0.07051452820938067,0.4553766980736296,0.21730597843492552,0,-0.29355535049606574,-0.20391636131072605,-0.15444622349798484,0.01366667508385458,2
5894,US-SRS,2018-03-13,US-SRS,Shrublands,31.817294,-110.850801,1.2,4.5,0.6707870345372944,20.65949166666667,1.5584654688708337,1.6926565624999996,0.9455963874271426,0.3253420847119801,0.20698296540565,0.05995690924536842,0.7292752910114082,-0.20698296540564998,0,0.23696563612329347,0.24603430354412453,0.137948956549532,0.019017314117842687,2
5895,US-SRS,2018-03-29,US-SRS,Shrublands,31.817294,-110.850801,1.2,5.2000003,0.547994489695666,17.914370833333336,1.67200695850625,2.389560625,0.9984354211555644,0.0559169901006034,0.1083940625442958,0.17047523734936693,0.5537401355076776,-0.10839406254429584,0,-0.050158047689638316,0.28870341813490763,0.08663681718761809,0.016315430559629553,2
5896,US-SRS,2018-04-06,US-SRS,Shrublands,31.817294,-110.850801,1.4,7.2000003,0.6533379985591027,23.096710416666664,2.2420972886875,3.1547417291666666,0.9966589017541702,-0.0816763953304224,0.11314801908331236,0.16957991918595935,0.7780731124489106,-0.1131480190833124,0,-0.05384570490485144,0.10808884738945057,0.285200914765338,0.00441256638533904,2
5897,US-SRS,2018-04-23,US-SRS,Shrublands,31.817294,-110.850801,1.2,6.6,0.8903135629840849,23.670648958333334,2.401711912625,2.1796639583333333,0.9307239310379796,-0.3657225234972689,0.13534732460428914,0.1490416995668876,0.4850933411984979,-0.1353473246042891,0,0.0022515028819738436,0.10740949638365394,0.2963809745472396,-0.008049880183612655,2
5898,US-SRS,2018-05-08,US-SRS,Shrublands,31.817294,-110.850801,1.5,7.9,0.7738043632360944,28.60699479166667,3.476101626791667,2.4220515104166664,0.8064799463209448,-0.5912614448635781,-0.04316898165308728,0.19926720200174228,0.7312243563374988,0.043168981653087246,0,-0.02463989058089633,-0.2510535724555959,0.14618651807723038,-0.032087954640506566,2
5899,US-SRS,2018-05-09,US-SRS,Shrublands,31.817294,-110.850801,1.7,7.8,0.8613652584930072,28.19762708333333,3.4554645065416665,2.1912330208333337,0.7961828637826158,-0.6050560696488488,-0.13677336786300895,0.290064383389191,0.7368449174100643,0.13677336786300898,0,-0.023905904751070628,-0.4663060711104841,0.07989187227252789,0.031418588861679725,2
5900,US-SRS,2018-05-16,US-SRS,Shrublands,31.817294,-110.850801,1.9,7.5,0.7802978648076221,26.343493749999997,3.0014922767291665,2.3674449166666665,0.717676913675962,-0.6963762255968722,0.04089744501358584,0.17140734204014507,0.7238394907090747,-0.04089744501358594,0,0.11720354237487274,-0.15541220812727177,0.16090100079315656,-0.032087954640506566,2
5901,US-SRS,2018-06-01,US-SRS,Shrublands,31.817294,-110.850801,1.6,7.8,0.6391855370625171,27.33422916666667,3.2000020464791654,2.770388708333334,0.5012418134457758,-0.865307254363206,0.1369227547277195,0.0907422783756558,0.8061008285653066,-0.13692275472771953,0,0.23022844768460127,0.04898193383563021,0.131557882662927,-0.02888904180986705,2
5902,US-SRS,2018-06-09,US-SRS,Shrublands,31.817294,-110.850801,1.7,8.5,0.6525252896194486,30.58567916666667,3.115906287833333,2.744465208333333,0.3777079652039649,-0.9259247771938498,-0.06077434562217971,0.1153115896800195,0.8206507052158919,0.06077434562217976,0,0.07225925810261785,-0.13211897562239852,-0.12246331934675847,-0.07792315938602422,2
5903,US-SRS,2018-06-10,US-SRS,Shrublands,31.817294,-110.850801,1.1,9.8,0.940345035529796,30.765625000000004,3.5127147858125016,3.264389166666668,0.3617137307297676,-0.9322892131745132,-0.05381359512549128,0.1386756560859437,0.7511507904711504,0.053813595125491276,0,0.04887433445918993,-0.21156399501024348,0.0012488751745796944,-0.08112207221666373,2
5904,US-SRS,2018-06-17,US-SRS,Shrublands,31.817294,-110.850801,1.7,7.2000003,4.074965852706386,26.24728333333334,2.0332465763041667,2.575587895833333,0.2470221804809355,-0.9690098257244062,0.26356112793681713,0.16489419636393735,0.7091062419370578,0.2635611279368173,0,0.40092801940189216,0.309061082229964,0.08069428217859526,-0.0017126587964213856,2
5905,US-SRS,2018-06-25,US-SRS,Shrublands,31.817294,-110.850801,2.9,8.0,2.1602134854756354,29.86188958333333,2.9804820574583326,2.090576875,0.1116590071216951,-0.993746580436178,-0.42772804732865977,0.15714730462341908,0.6758904682330404,0.42772804732865977,0,-0.24721870857404965,-0.5340313713905708,-0.5019340620213589,-0.027093073661001388,2
5906,US-SRS,2018-07-03,US-SRS,Shrublands,31.817294,-110.850801,2.1,8.3,1.556826252607956,31.27271875,3.5247052752499997,2.240780791666667,-0.0258184402271323,-0.9996666485105112,-0.3120234601428647,0.19139013035175817,0.6729719919020323,0.3120234601428647,0,-0.09124505282515055,-0.43094806905004607,-0.4138772585533974,-0.03975618278305881,2
5907,US-SRS,2018-07-19,US-SRS,Shrublands,31.817294,-110.850801,3.7,6.4,3.013566773512208,29.472991666666665,1.2936725722583335,1.3621516041666666,-0.2967128192734901,-0.9549667548552552,-0.5280250108165664,0.14242545198263692,0.5948157290886893,0.5280250108165664,0,-0.6904957188736037,-0.4247111346445225,-0.4688681789315732,-0.07397339540453884,2
5908,US-SRS,2018-07-27,US-SRS,Shrublands,31.817294,-110.850801,2.8,5.6,2.5111783710332607,32.01673541666666,2.8144834885812493,2.6229300625000005,-0.4250003399695539,-0.9051931898913976,0.670586332859994,0.19414546768866708,0.9772216920228921,-0.670586332859994,0,0.8694068196435176,0.6608715361220248,0.4814806428144398,-0.2005487388178311,2
5909,US-SRS,2018-08-04,US-SRS,Shrublands,31.817294,-110.850801,3.8,7.2000003,3.3002534741772624,32.4055875,2.9706581252708326,2.0036188750000004,-0.5452404385406507,-0.8382797052177745,-0.6987791756084772,0.4091999890139199,0.7659654951866386,0.3007138760369975,0,-1.170762080893034,-0.48199016677822665,-0.4435852791541713,-0.1274116309803786,2
5910,US-SRS,2018-08-13,US-SRS,Shrublands,31.817294,-110.850801,3.7,6.0,4.415452649495594,27.903295833333345,1.554332149777083,1.6151729166666668,-0.6680638642135333,-0.7441039398713608,-0.26265783123089165,0.13360128696887885,0.584312889872112,-0.2626578312308916,0,-0.41010054564646836,-0.14963267835314614,-0.2282402696930606,-0.00526008396083083,2
5911,US-SRS,2018-08-20,US-SRS,Shrublands,31.817294,-110.850801,3.7,6.8,3.2699910741244427,30.73616041666667,2.0873588777479166,2.138297520833333,-0.7526668275320083,-0.6584015846980489,-0.5229435196501242,0.26490690817184204,0.6699136255631869,0.3370743321009908,0,-0.8287389549370577,-0.37656759742056684,-0.36352400659274814,0.002111815609504389,2
5912,US-SRS,2018-09-13,US-SRS,Shrublands,31.817294,-110.850801,2.5,5.9,1.3112809530944909,29.24886875,3.038454345604165,2.0479076875000004,-0.9536809966304456,-0.300819807635668,-0.1965030117826825,0.1357131578318657,0.5530319636019374,0.19650301178268248,0,-0.29688000470931375,-0.2505325832200537,-0.04209644741868017,-0.0016421787253335074,2
5913,US-SRS,2018-09-14,US-SRS,Shrublands,31.817294,-110.850801,2.0,5.6,0.9940851709877814,30.424439583333324,3.3634312383750005,2.1151453958333333,-0.9587178169872964,-0.2843591872810036,-0.021020188290988284,0.13310621340243686,0.6742364673939526,0.021020188290988284,0,-0.06714691521394904,-0.12492732472560981,0.129013675066594,0.012404314516349296,2
5914,US-SRS,2018-09-21,US-SRS,Shrublands,31.817294,-110.850801,2.6,5.1,2.682566896313451,26.06106250000001,1.5385941026791672,2.1650120625,-0.9859481499638304,-0.1670516255021195,-0.1793900278966678,0.14155780013411837,0.47720993943689605,-0.1793900278966678,0,-0.14513610540716287,-0.33493162844800967,-0.058102349834830896,-0.003822986061603119,2
5915,US-SRS,2018-09-29,US-SRS,Shrublands,31.817294,-110.850801,2.7,5.4,2.3076501406845944,27.51740625,2.309368955125,1.8933244374999996,-0.9995462806873572,-0.0301203048469083,-0.14918971373848713,0.2680711167682272,0.5880027986127784,0.14918971373848713,0,-0.19896383482743293,-0.38888539317856374,0.14028008679053527,0.06931616137185546,2
5916,US-SRS,2018-10-07,US-SRS,Shrublands,31.817294,-110.850801,1.2,3.2,0.8215415590608369,18.674124999999997,0.8298427200645836,3.5979353125000006,-0.994217906893952,0.107381346664163,0.3675860941276696,0.12288944678075181,0.5106316143753831,-0.3675860941276696,0,0.3496701409962554,0.49845010047707516,0.2546380409096784,0.012404314516349296,2
5917,US-SRS,2018-11-08,US-SRS,Shrublands,31.817294,-110.850801,1.1,3.4,1.0529029781130923,18.096810416666663,1.3700087202750002,2.673630020833334,-0.7909456567567774,0.6118864012687242,0.09272708536927497,0.07064283815433546,0.550592347578032,-0.09272708536927499,0,0.17334564206095543,0.041652268476183085,0.06318334557068639,-0.007022253315276487,2
5918,US-SRS,2018-11-16,US-SRS,Shrublands,31.817294,-110.850801,0.7,3.2,0.7526504956505632,15.42362604166667,1.3427436805937498,2.2327238125,-0.6994583270516471,0.7146733860429608,0.10430535130441655,0.06641425140275312,0.4978451576233601,0.0009956399967099155,0,0.149907548520975,0.13490071789894525,0.028107787493329428,-0.0054228828835663325,2
6297,US-Sne,2016-05-26,US-Sne,Wetland/Riparian,38.0369,-121.7547,5.1,6.8,4.043187861296413,20.111645625000005,0.7565394416666668,3.6306431666666654,0.5737722679043246,-0.8190148866680801,-0.12181630108075453,0.22537848558918774,0.608030502549995,0.12181630108075447,0,-0.3222917101204264,-0.16528896342517055,0.12213177030333339,-0.01166778541910998,2
6298,US-Sne,2016-06-11,US-Sne,Wetland/Riparian,38.0369,-121.7547,4.7,7.8,5.072164154829358,23.50318935416667,1.6230599187499992,3.9787795625000015,0.3294084822245304,-0.9441875088341992,0.4768499297735797,0.11659334466341942,0.7844218940759624,0.2674783798851362,0,0.34226757498699745,0.5410265678948784,0.5472556464388634,-0.043157556222340104,2
6299,US-Sne,2016-06-19,US-Sne,Wetland/Riparian,38.0369,-121.7547,4.8,7.7000003,5.0336045905922155,24.018301999999995,1.5857894229166665,3.343068458333333,0.1966728897935764,-0.980469160361632,0.47951075360376266,0.054314216394073904,0.6614264692794196,-0.01230157241933122,0,0.5421387187150678,0.45108425992517054,0.4453092821710497,-0.05171771042050154,2
6300,US-Sne,2016-06-27,US-Sne,Wetland/Riparian,38.0369,-121.7547,5.4,9.3,6.330648355951262,26.9732765625,1.813639625,5.166457458333333,0.060213277365793,-0.9981855344718586,-0.4488246462512107,0.31139808444732214,0.783388454311757,-0.44882464625121066,0,-0.7925373556162275,-0.3684283761038764,-0.1855082070335283,-0.060677503021494245,2
6301,US-Sne,2016-07-05,US-Sne,Wetland/Riparian,38.0369,-121.7547,5.9,7.2000003,4.133464611964966,21.05503802083333,0.6923462250000002,6.088004895833333,-0.0773864792334632,-0.9970011699250152,-0.29511972707853446,0.10769094552817518,0.8629636621722382,0.2951197270785344,0,-0.1851978514032304,-0.4004316895807317,-0.29972964025164117,-0.028286946954911955,2
6302,US-Sne,2016-07-13,US-Sne,Wetland/Riparian,38.0369,-121.7547,4.7,9.0,5.982878206664783,25.86075687500001,1.5987525333333334,3.832402520833333,-0.2135209154397959,-0.9769384927771816,-0.28672846688029824,0.14117391532115792,0.7640463545233891,-0.2867284668802983,0,-0.4333522284292659,-0.27511082229550277,-0.15172234991612593,-0.08112207221666373,2
6303,US-Sne,2016-07-21,US-Sne,Wetland/Riparian,38.0369,-121.7547,4.7,7.7000003,4.971148786689397,22.37615154166667,1.018699716666667,5.411739937500001,-0.3456123126707333,-0.9383773917408642,-0.30326928584204377,0.18283407378592417,0.7284487749154653,-0.3032692858420438,0,-0.4685807731676042,-0.3343341764362667,-0.10689290792226044,-0.035705859876003894,2
6304,US-Sne,2016-07-29,US-Sne,Wetland/Riparian,38.0369,-121.7547,5.6,9.900001,5.538728758123457,25.264887437500004,1.2678464520833332,5.410085770833334,-0.4711595076738639,-0.8820480249558535,-0.9484624016635427,0.4133079165551243,0.9006556939410579,-0.8259199179104578,0,-1.4199669294672623,-0.6487879656882849,-0.7766323098350809,-0.5588063818598769,2
6305,US-Sne,2016-08-06,US-Sne,Wetland/Riparian,38.0369,-121.7547,5.1,6.8,4.412387587158869,21.81320585416667,0.7286131416666667,4.851281645833333,-0.5877852522924734,-0.8090169943749472,-0.05642207505519514,0.053107178983285534,0.5630097095556202,0.05642207505519514,0,-0.07260728913644444,-0.09955350137217346,0.002894565343032479,-0.03500546929401602,2
6306,US-Sne,2016-08-14,US-Sne,Wetland/Riparian,38.0369,-121.7547,5.4,8.3,5.15245448425409,24.216087770833337,1.0909271625,5.776717124999999,-0.6932812268869771,-0.7206671495538615,-0.594029117184736,0.13521186428440507,0.9431069511566517,-0.09893808569291496,0,-0.7477163384395329,-0.4933647853151352,-0.5410062277995399,-0.4193240249322121,2
6307,US-Sne,2016-08-22,US-Sne,Wetland/Riparian,38.0369,-121.7547,4.4,6.5,3.648261208442954,21.99417427083333,0.7080995812499999,6.366393729166666,-0.7856498550787144,-0.6186714032625032,-0.4622229440741054,0.20601925774466812,0.6655498325606259,0.4622229440741054,0,-0.5235868989975052,-0.6305881553360426,-0.2324937778887684,-0.01534045590818144,2
6308,US-Sne,2016-08-30,US-Sne,Wetland/Riparian,38.0369,-121.7547,4.7,7.3,4.690163045300593,24.54959841666667,1.21950631875,4.638988729166665,-0.8631421280499115,-0.5049610547215202,-0.40865877394924804,0.08018346621348142,0.7037677982834264,-0.3889848645504331,0,-0.4822268875087822,-0.32319014307791544,-0.42055929126104646,-0.009015298931044424,2
6309,US-Sne,2016-09-07,US-Sne,Wetland/Riparian,38.0369,-121.7547,3.6,7.1,4.500670197367066,25.98248502083333,1.7682001770833329,2.283597729166667,-0.9242907221930934,-0.3816892202666586,-0.63091916874812,0.08857019487533695,0.5822322275015666,-0.6309191687481199,0,-0.7012370844927858,-0.6600736811930523,-0.5314467405585221,-0.2249466062342243,2
6310,US-Sne,2016-09-15,US-Sne,Wetland/Riparian,38.0369,-121.7547,3.6,5.8,3.8358710175094486,22.26439633333333,0.9562411395833332,4.444184770833334,-0.9679377830240642,-0.2511900638848195,-0.29171474499028277,0.2849490070840311,0.5564561122482161,-0.2917147449902828,0,-0.6202399533159388,-0.14324224086239412,-0.11166204079251528,0.06215757558463571,2
6311,US-Sne,2016-09-23,US-Sne,Wetland/Riparian,38.0369,-121.7547,3.0,5.7000003,3.9169134919145217,21.263415124999987,1.0539426937500005,3.7396078124999983,-0.9932568492674144,-0.1159345995955006,-0.4533569869013232,0.21978381554836618,0.5274019790951792,-0.4533569869013232,0,-0.6910940926143255,-0.2575746706314913,-0.41140219745815276,0.007263818297451948,2
6312,US-Sne,2016-10-01,US-Sne,Wetland/Riparian,38.0369,-121.7547,3.0,4.9,3.13215128199784,19.739273020833338,0.9144414104166664,4.462521208333333,-0.9997685019798908,0.0215160974362222,-0.09473753187398226,0.1658653697170152,0.6195891112589234,-0.09473753187398226,0,-0.276970806525461,0.04741434894790572,-0.0546561380443915,0.016315430559629553,2
6313,US-Sne,2016-10-09,US-Sne,Wetland/Riparian,38.0369,-121.7547,2.8,4.8,2.8630838220923778,21.83596056249999,1.27478698125,1.880171458333333,-0.9873494423939864,0.1585593851031347,-0.2980602292981771,0.16454412787599348,0.40260740902077075,-0.2980602292981771,0,-0.476660198053072,-0.26489676056816014,-0.15262372927329915,-0.039673966496568305,2
6314,US-Sne,2016-10-17,US-Sne,Wetland/Riparian,38.0369,-121.7547,2.0,2.6000001,2.8491124614330423,21.0187093125,0.5603773020833335,2.7569845416666667,-0.9562348265919058,0.2926003356333479,0.07993663568016499,0.02587323999760251,0.4951004232506536,0.07993663568016496,0,0.09453910317573644,0.09520751980496983,0.05006328405978869,-0.007022253315276487,2
6315,US-Sne,2016-11-02,US-Sne,Wetland/Riparian,38.0369,-121.7547,0.7,1.8000001,1.5803838159102075,19.585597020833333,0.3817753,1.1768319999999997,-0.8406184056344783,0.5416278206559811,-0.051417259100637346,0.053547036307802574,0.24143904955982384,-0.051417259100637325,0,-0.06395987219275585,0.007287788871770562,-0.09757969398092672,-0.057521202155399624,2
6316,US-Sne,2016-11-18,US-Sne,Wetland/Riparian,38.0369,-121.7547,1.5,2.2,1.0961625002549062,15.270393083333332,0.3653629520833335,1.6327508958333332,-0.661634618242279,0.749826401204568,-0.04207390763008834,0.08845126011821486,0.4592554191792493,0.042073907630088336,0,-0.033260254851113474,-0.1346020427934408,0.04164057475428923,0.029408508016354657,2
6317,US-Sne,2017-02-14,US-Sne,Wetland/Riparian,38.0369,-121.7547,2.2,1.4,1.039756320866494,15.496785020833334,0.3585250854166668,1.0462779166666667,0.6994583270516471,0.7146733860429609,-0.5259149909650015,0.124174985466693,0.5743031465564227,0.5259149909650015,0,-0.39702530074861714,-0.5359538361044697,-0.6447658360419175,0.01739919549585451,2
6318,US-Sne,2017-03-02,US-Sne,Wetland/Riparian,38.0369,-121.7547,2.6,2.6000001,1.6344916291560283,14.193259770833327,0.4443527229166668,1.00114225,0.8674563547295968,0.4975132889071806,-0.47280150575645125,0.12789451464951626,0.3573390859386968,0.47280150575645125,0,-0.5858429155405911,-0.4985804766410572,-0.33398112508770555,-0.038590201560343346,2
6319,US-Sne,2017-04-03,US-Sne,Wetland/Riparian,38.0369,-121.7547,5.3,5.1,6.531837440895465,19.759665604166663,1.075219075,4.9532647916666654,0.9995462806873572,-0.0301203048469081,-0.4415709639976211,0.398349181945022,0.8793258997825216,-0.4415709639976211,0,-0.3611001828739837,-0.08960052747972642,-0.8740121816391531,-0.03825862158399687,2
6320,US-Sne,2017-04-19,US-Sne,Wetland/Riparian,38.0369,-121.7547,4.8,4.2000003,4.429118408768828,18.5804001875,0.5900413729166667,3.006843562499999,0.9536809966304456,-0.3008198076356673,-1.398589463904547,0.3469400927953004,0.7136693145911182,-0.6568262814422026,0,-1.2741808908770484,-1.1310069886967897,-1.790580512139803,-0.08271328988831045,2
6321,US-Sne,2017-04-27,US-Sne,Wetland/Riparian,38.0369,-121.7547,6.0,5.0,5.566598893443184,19.4300575625,0.7163349666666665,6.431933687500003,0.9033558023246844,-0.4288919379124835,-0.3540772002083788,0.15342100882809598,1.0261741673639038,0.3540772002083788,0,-0.5210896595744408,-0.21940325841892927,-0.3217386826317664,0.02129045547597915,2
6322,US-Sne,2017-05-05,US-Sne,Wetland/Riparian,38.0369,-121.7547,6.7,5.2000003,7.237101602322046,19.505242583333334,0.6517061520833334,7.900903875,0.835925479418637,-0.548842958284719,-0.4926318992869079,0.2808403035261472,1.3392954762368396,-0.49263189928690787,0,-0.20023987932457124,-0.7602834817273787,-0.5173723368087739,-0.20207311548478657,2
6323,US-Sne,2017-05-13,US-Sne,Wetland/Riparian,38.0369,-121.7547,6.8,5.7000003,6.182578961073176,15.961885729166672,0.7082554541666667,6.473119041666667,0.7526668275320084,-0.6584015846980488,-1.273469904399242,0.07306229836608241,0.9753523516645164,-0.03862782654559438,0,-1.265331489304527,-1.350260663720087,-1.2048175601731117,-0.17713337365069676,2
6324,US-Sne,2017-05-21,US-Sne,Wetland/Riparian,38.0369,-121.7547,6.6,6.8,7.260462329064728,27.08691064583334,1.4630037750000005,3.932401895833333,0.6551563572090853,-0.7554933140726803,-0.2830006798875477,0.15015610060639065,0.966347961475129,-0.28300067988754773,0,-0.20914454988307035,-0.4557809020124755,-0.18407658776709723,-0.017337634634573974,2
6325,US-Sne,2017-05-29,US-Sne,Wetland/Riparian,38.0369,-121.7547,6.0,5.6,5.92207311138228,20.511389979166673,0.5630186583333333,7.097074895833335,0.545240438540651,-0.8382797052177743,0.14780426587489007,0.39641359806491,1.0594335184704768,-0.14780426587489007,0,0.5776902077612499,-0.20330881359848807,0.06903140346190836,0.17432024752756053,2
6326,US-Sne,2017-06-06,US-Sne,Wetland/Riparian,38.0369,-121.7547,7.2,7.3,6.626706005634914,23.13488341666667,0.91228896875,6.35710625,0.4250003399695541,-0.9051931898913974,-0.256748429279086,0.11709479141071169,0.8021832379575337,0.256748429279086,0,-0.16506476082619967,-0.38865285049769427,-0.21652767651336385,-0.04254972632222285,2
6327,US-Sne,2017-06-14,US-Sne,Wetland/Riparian,38.0369,-121.7547,7.3,8.2,6.63788576580596,24.977195333333334,1.1434098604166667,5.739231562499999,0.2967128192734907,-0.9549667548552552,-0.14615906361417444,0.08415749897519968,0.8698335096467374,0.1461590636141744,0,-0.07226719513711279,-0.23776282861360543,-0.12844716709180518,-0.11066400382283471,2
6328,US-Sne,2017-06-22,US-Sne,Wetland/Riparian,38.0369,-121.7547,8.5,9.1,9.150886044792358,31.6454403125,1.7826156770833332,5.727161854166666,0.1628070129385171,-0.986657932891657,0.026598219286602092,0.8296423147872516,1.4072003148495036,0.02659821928660211,0,0.9842730428893047,-0.4734658188057622,-0.43101256622373624,-0.010926282619384761,2
6329,US-Sne,2017-06-30,US-Sne,Wetland/Riparian,38.0369,-121.7547,7.5,7.8,7.1232922062586335,24.671448916666662,0.9696991895833336,6.4407335,0.025818440227133,-0.9996666485105112,0.004140155846503328,0.3752595508512466,0.880230351870251,-0.004140155846503346,0,0.4216691477716268,-0.3049831273824061,-0.10426555284971067,-0.0012809244785712704,2
6330,US-Sne,2017-07-08,US-Sne,Wetland/Riparian,38.0369,-121.7547,9.1,10.2,8.753855901855053,31.58967004166667,2.1567960979166667,5.439499458333335,-0.1116590071216944,-0.993746580436178,0.050532838003450764,0.8239454831072238,1.6263882689791593,-0.050532838003450764,0,1.0012261826492375,-0.3928328639237203,-0.45679480471516487,-0.010926282619384761,2
6331,US-Sne,2017-07-16,US-Sne,Wetland/Riparian,38.0369,-121.7547,8.8,10.2,8.143070974063328,33.518371291666675,2.4747540916666666,5.116419125,-0.2470221804809352,-0.9690098257244064,-0.1482863870130945,0.8397920039427329,1.539104580777658,0.1482863870130945,0,0.8156319976759504,-0.5386125032879029,-0.721878655427331,-0.010926282619384761,2
6332,US-Sne,2017-07-24,US-Sne,Wetland/Riparian,38.0369,-121.7547,7.6,6.7000003,7.252904395365168,21.93398697916667,0.5106884979166667,8.954341583333333,-0.3777079652039646,-0.92592477719385,-0.8220840905259248,0.6330682282601019,1.8996922474284978,-0.12789288125626186,0,-0.0912535351397341,-1.1737005958889006,-1.2012981405491394,-0.32077071240985244,2
6333,US-Sne,2017-08-01,US-Sne,Wetland/Riparian,38.0369,-121.7547,8.1,8.5,7.109250534835159,27.655495083333324,1.1455720479166671,7.44479341666667,-0.5012418134457756,-0.8653072543632061,-0.09784593163643336,0.7638818850870442,1.575502152733446,0.0978459316364334,0,0.7605298496693976,-0.7028428036152169,-0.35122484096348083,-0.010926282619384761,2
6334,US-Sne,2017-08-09,US-Sne,Wetland/Riparian,38.0369,-121.7547,6.4,6.6,6.2124500989028775,24.12505425,0.6418386541666666,6.5618869166666665,-0.6152845999633277,-0.7883050558305253,0.016766410342706442,0.33985873456559246,0.958960427686602,-0.016766410342706428,0,0.3851610168661018,-0.2845548438166636,-0.05030694202131887,0.0604316882349232,2
6335,US-Sne,2017-08-17,US-Sne,Wetland/Riparian,38.0369,-121.7547,6.8,6.5,6.514989008103147,24.75357833333333,0.7584251645833331,7.849310104166667,-0.7176769136759615,-0.6963762255968726,-0.27209073821134805,0.5180302593416636,1.5554242424725098,0.27209073821134805,0,0.2785624230045431,-0.7497565676708215,-0.3450780699677658,0.05547467899265488,2
6336,US-Sne,2017-08-25,US-Sne,Wetland/Riparian,38.0369,-121.7547,6.5,7.1,5.315572240251436,25.8837175625,0.9895503041666668,5.0226037083333335,-0.8064799463209447,-0.5912614448635782,0.31977961391099474,0.5464395755719332,0.8760105297753549,-0.31977961391099474,0,0.8838671570567445,-0.20711133959803915,0.282583024274279,0.054921942593202225,2
6337,US-Sne,2017-09-02,US-Sne,Wetland/Riparian,38.0369,-121.7547,5.4,7.7000003,4.6878944155672135,34.69722685416667,2.420524052083333,0.9326154791666664,-0.8800122039735356,-0.4749510720670502,-1.271802459472093,0.6104445671293155,1.1566386738981382,0.15240870939348072,0,-1.6376425420517582,-1.6106710200329284,-0.567093816331592,-0.47098775415837235,2
6338,US-Sne,2017-09-10,US-Sne,Wetland/Riparian,38.0369,-121.7547,5.8,6.4,4.233383857672182,30.67254891666667,1.5263707145833332,2.7827020208333333,-0.9368813462954316,-0.3496474552512282,0.007525221890615312,0.4270542693465091,0.8024421065075948,-0.007525221890615219,0,0.3676799177701371,-0.46425710585584623,0.11915285375755508,0.04461274183739189,2
6339,US-Sne,2017-09-26,US-Sne,Wetland/Riparian,38.0369,-121.7547,4.2,5.7000003,4.3245072924624886,26.71148968750001,1.7111645020833337,1.5607171041666668,-0.99665890175417,-0.0816763953304228,-0.40793429564415945,0.35827049422888246,0.5345730115568162,-0.4079342956441594,0,-0.48622376143992085,-0.7205861185765887,-0.01699300691596864,0.051389015889097826,2
6340,US-Sne,2017-10-04,US-Sne,Wetland/Riparian,38.0369,-121.7547,3.8,4.2000003,2.811809823392496,21.36005787500001,0.9911263729166664,2.222635041666667,-0.9984354211555644,0.055916990100603,-0.3701226638049089,0.08397584576250539,0.439329352624324,0.3701226638049089,0,-0.465985427063792,-0.3348281582453902,-0.3095544061055444,0.029408508016354657,2
6341,US-Sne,2017-10-12,US-Sne,Wetland/Riparian,38.0369,-121.7547,3.9,4.9,4.233228309955573,19.685264416666666,1.2069814020833336,3.7409423125,-0.9813064702716092,0.1924515819708299,0.1505839510659621,0.1370285815435405,0.5299269207239133,0.1505839510659621,0,-0.005452770541152091,0.20588143397246828,0.25132318976657003,0.008786409280851972,2
6342,US-Sne,2017-10-28,US-Sne,Wetland/Riparian,38.0369,-121.7547,2.6,3.8,2.8711814765373997,22.65337125,0.7755432999999999,2.77814525,-0.8919813464595487,0.4520722039323037,0.15780927811946602,0.04682227491983468,0.5082099270870954,0.15780927811946602,0,0.12083769280842571,0.14213146677365268,0.2104586747763197,-0.007022253315276487,2
6343,US-Sne,2017-11-05,US-Sne,Wetland/Riparian,38.0369,-121.7547,2.0,1.9,2.343222968068538,15.071663833333336,0.5116038375,3.466071166666666,-0.8214765533024145,0.5702422926917867,0.14710725953154902,0.19876106608898114,0.8089419003117747,0.14710725953154902,0,0.3765032194490332,0.0386608052250236,0.026157753920590276,0.051679136005148674,2
6344,US-Sne,2017-11-13,US-Sne,Wetland/Riparian,38.0369,-121.7547,1.4,1.6,1.1890431259822156,18.7438948125,0.3657133458333333,2.0234685625,-0.7354170229639858,0.6776147890466887,0.13206360159215275,0.019897098015060625,0.5675684425555507,-0.13206360159215275,0,0.11305351885591497,0.1527425892279058,0.13039469669263748,-0.007022253315276487,2
6345,US-Sne,2017-11-29,US-Sne,Wetland/Riparian,38.0369,-121.7547,1.0,1.4,1.758596214705206,15.250393937499998,0.4329977374999999,1.4379353958333336,-0.5234156073655503,0.8520775211013093,0.013128336880762,0.09515354017687806,0.43197633739908586,0.013128336880761982,0,0.07050122405573944,-0.0967089543369162,0.06559274092346276,-0.04567044700726411,2
6346,US-Sne,2018-02-09,US-Sne,Wetland/Riparian,38.0369,-121.7547,2.2,2.5,1.9225618274602647,19.498926500000003,0.6338219791666666,1.5652180624999996,0.6354323008901774,0.7721565844991642,-0.011456468199124437,0.13185221565489055,0.6432585596752388,0.011456468199124437,0,0.10964387897132294,0.007906036868676664,-0.1519193204373729,0.012404314516349296,2
6347,US-Sne,2018-02-17,US-Sne,Wetland/Riparian,38.0369,-121.7547,2.5,2.4,1.4788236474578318,14.840734541666665,0.5790553999999999,1.398665416666666,0.7354170229639855,0.6776147890466889,-0.47479924370852394,0.022109714029395818,0.4752362907161126,0.474799243708524,0,-0.44929574453214377,-0.48856000359494933,-0.4865419829984787,-0.011147105099902643,2
6348,US-Sne,2018-02-25,US-Sne,Wetland/Riparian,38.0369,-121.7547,3.1,3.0,2.7622197526235435,12.881194374999998,0.53227584375,3.4741221875000003,0.8214765533024142,0.5702422926917871,-0.5414993985008935,0.06401064098548827,0.7355041735436908,0.13406109625201978,0,-0.6115439700938654,-0.5269143496052424,-0.4860398758035727,0.031119762911168948,2
6349,US-Sne,2018-03-05,US-Sne,Wetland/Riparian,38.0369,-121.7547,2.8,2.7,2.6600991884909964,11.99478091666666,0.3555258000000001,1.6501825416666662,0.8919813464595485,0.4520722039323043,-0.7433637936816592,0.09065706376755453,0.5181657179937629,-0.46356217066365224,0,-0.8320406238514448,-0.74720232385312,-0.6508484333404128,0.08654241465567375,2
6350,US-Sne,2018-04-14,US-Sne,Wetland/Riparian,38.0369,-121.7547,5.4,5.0,5.398788944603881,20.694034979166663,0.9343291291666668,2.2371760208333336,0.9760105506323684,-0.2177232303965317,-1.714202010808502,0.3749872114016528,0.6584736682318563,-1.7117799000162635,0,-1.4838320206235085,-1.5118769124686608,-2.1468970993333376,-0.28842682257758384,2
6351,US-Sne,2018-04-22,US-Sne,Wetland/Riparian,38.0369,-121.7547,6.0,5.9,4.339636242116054,23.64588885416666,0.8473728187500003,2.7044473749999987,0.9368813462954316,-0.3496474552512284,-1.4867222646040892,0.25183491289601906,0.76056731121794,1.4867222646040892,0,-1.5296675846051855,-1.216176125543951,-1.7143230836631311,-0.14853470181549036,2
6352,US-Sne,2018-04-30,US-Sne,Wetland/Riparian,38.0369,-121.7547,5.8,5.3,4.616606322993506,17.90972027083333,0.5341439625000001,4.5610645,0.8800122039735357,-0.4749510720670499,-1.2141615600790192,0.28528678302084415,0.6522002047488442,1.152625793933969,0,-1.212994206507711,-0.9294602450922146,-1.500030228637132,0.13609499857149893,2
6353,US-Sne,2018-05-08,US-Sne,Wetland/Riparian,38.0369,-121.7547,6.6,6.4,7.015972128914683,22.756357375000004,0.8737327375000001,5.713728166666668,0.8064799463209448,-0.5912614448635781,-0.18516612719831724,0.1330061373963569,0.9023652839420718,-0.18516612719831727,0,-0.24212664740617051,-0.033165597752324194,-0.2802061364364569,-0.029916302146430873,2
6354,US-Sne,2018-05-24,US-Sne,Wetland/Riparian,38.0369,-121.7547,5.2,5.3,5.238399569671472,17.67557945833334,0.4039619083333335,7.663763416666669,0.6152845999633276,-0.7883050558305255,0.2182351791829106,0.2567618860577798,1.1297675864921792,-0.14143603983996691,0,0.5133953607989205,0.09488351224546177,0.04642666450434957,0.18674399452731358,2
6355,US-Sne,2018-08-12,US-Sne,Wetland/Riparian,38.0369,-121.7547,6.9,8.7,5.500847589562856,27.167420499999995,1.2615092166666664,4.005501458333336,-0.655156357209085,-0.7554933140726804,0.06834065376649837,0.4370431053657453,0.9316551041163417,-0.06834065376649834,0,0.5672169896965991,-0.24704049740716905,-0.11515453098993492,-0.046697136819231086,2
6356,US-Sne,2018-08-20,US-Sne,Wetland/Riparian,38.0369,-121.7547,6.4,6.7000003,4.993820660717628,22.53286254166667,0.6139703083333333,6.629662041666667,-0.7526668275320083,-0.6584015846980489,-0.15236540375717772,0.39810800920323325,0.9151712951525827,0.15236540375717778,0,0.2362485977706682,-0.559332592036649,-0.13401221700555238,0.0604316882349232,2
6357,US-Sne,2018-08-28,US-Sne,Wetland/Riparian,38.0369,-121.7547,5.4,4.9,4.625879350105542,21.73100979166667,0.6658484666666666,5.5559239375,-0.8359254794186365,-0.5488429582847199,0.30255205298836757,0.12669937093064504,0.8036760942429145,-0.3025520529883676,0,0.17000100676839042,0.31520485979534435,0.422450292401368,0.011869593790977906,2
6358,US-Sne,2018-09-05,US-Sne,Wetland/Riparian,38.0369,-121.7547,5.6,5.5,4.556577116536173,20.979186875,0.5694767666666667,7.531465625000003,-0.9033558023246842,-0.4288919379124841,-0.3747695500687969,0.3879481453652721,1.257697452640985,0.37476955006879686,0,0.004218903461156359,-0.7710960218068076,-0.3574315318607396,0.0504695598611649,2
6359,US-Sne,2018-09-13,US-Sne,Wetland/Riparian,38.0369,-121.7547,5.1,5.5,5.022301750366094,22.2137975625,1.0464161458333332,4.217221145833333,-0.9536809966304456,-0.300819807635668,0.2488542443671616,0.21551886158639882,0.6349419255274993,-0.24885424436716164,0,0.2569132329237097,0.029418925592237966,0.4602305745855372,0.012697525324132226,2
6360,US-Sne,2018-09-21,US-Sne,Wetland/Riparian,38.0369,-121.7547,4.7,6.4,4.561833170841262,24.657892604166666,1.3136588895833332,3.0285610416666664,-0.9859481499638304,-0.1670516255021195,-0.17744681835740547,0.013514684744236219,0.6414489284200531,0.09888683996007078,0,-0.1765352931887751,-0.16441097076590003,-0.19139419111754125,-0.04367302076259266,2
6361,US-Sne,2018-09-29,US-Sne,Wetland/Riparian,38.0369,-121.7547,3.8,4.1,2.6907678457114663,22.078115645833336,0.7325004750000002,3.8982205208333336,-0.9995462806873572,-0.0301203048469083,0.26020927081388695,0.10965745024635538,0.6340242256631404,-0.260209270813887,0,0.3863153529726554,0.2070404811708213,0.1872719782981842,0.008786409280851972,2
6362,US-Sne,2018-10-07,US-Sne,Wetland/Riparian,38.0369,-121.7547,5.3,5.8,7.8821543999119426,25.11294758333333,1.913447,7.160945854166669,-0.994217906893952,0.107381346664163,0.2183672728035794,0.5975177091268351,1.6271927247964768,0.21836727280357948,0,0.8591430623209908,-0.3235656589034511,0.1195244149931986,0.062436222827031276,2
6363,US-Sne,2018-10-15,US-Sne,Wetland/Riparian,38.0369,-121.7547,4.4,4.5,4.558415035393515,21.908846291666674,1.7358882312499997,3.589763458333332,-0.970063921851507,0.2428497220959358,0.4284628230474743,0.12427887674697996,0.7420998799653776,-0.11163275226044522,0,0.563780258272112,0.31942617655198724,0.40218203431832367,0.039820857693476354,2
6364,US-Sne,2018-10-31,US-Sne,Wetland/Riparian,38.0369,-121.7547,2.5,3.2,3.6058920370530014,20.48554937499999,1.2412596000000002,1.7674178958333335,-0.867456354729597,0.4975132889071803,-0.0026036167791578246,0.14996844132604176,0.5217295263492281,-0.00260361677915788,0,-0.060514304679525135,-0.11498226578163265,0.16768572012368432,0.016315430559629553,2
6365,US-Sne,2018-11-08,US-Sne,Wetland/Riparian,38.0369,-121.7547,3.0,3.5,6.58820112441344,18.97847525,1.551844222916667,4.898700854166667,-0.7909456567567774,0.6118864012687242,0.8373460618352097,0.056759934903370515,0.9897032835855402,0.8373460618352095,0,0.8981665020086009,0.7857852920376659,0.8280863914593621,-0.1915235462583492,2
6442,US-Srr,2016-02-12,US-Srr,Wetland/Riparian,38.200556,-122.026358,1.9,2.1000001,1.7674444903516364,15.318678291666671,0.4172036104166668,1.0929181666666667,0.6744436188329455,0.7383263540031065,-0.10786444035213023,0.029444304274412084,0.4355137388268192,0.10786444035213023,1,-0.10805463338362273,-0.0783255002665944,-0.1372131874061736,-0.05912057258710978,2
6443,US-Srr,2016-02-20,US-Srr,Wetland/Riparian,38.200556,-122.026358,1.6,2.3,2.4650646226129003,10.329142937500002,0.34235415,0.7972088125000002,0.7694148268839378,0.6387494220515272,-0.12411796797738404,0.13446737617703639,0.39938515382184187,-0.12411796797738406,1,0.008649407679550025,-0.2602231964286352,-0.12078011518306697,-0.04358508253984855,2
6444,US-Srr,2016-03-23,US-Srr,Wetland/Riparian,38.200556,-122.026358,2.7,3.3,2.905352645262167,13.734438104166664,0.5998291270833332,1.7168857083333335,0.989932495087353,0.141540295217043,-0.2946894478550926,0.026720728416933934,0.36145304846079956,-0.29468944785509255,1,-0.3119784103296077,-0.3081767573169097,-0.2639131759187604,-0.05912057258710978,2
6445,US-Srr,2016-03-31,US-Srr,Wetland/Riparian,38.200556,-122.026358,3.7,4.1,2.655983435846737,14.481126916666668,0.4747125375,4.3400390416666665,0.99999073973619,0.0043035382962442,-0.4712353067775168,0.1297099442979934,0.5661616169912412,0.4712353067775168,1,-0.45180920743254593,-0.6095626622171604,-0.3523340506828441,0.013781290260357182,2
6446,US-Srr,2016-04-16,US-Srr,Wetland/Riparian,38.200556,-122.026358,4.5,5.3,3.96794184389944,19.395405041666667,1.3711003416666667,2.5226339375000006,0.9634705485641488,-0.2678143051621742,-0.7003338933395025,0.17604577656020862,0.5173181502478515,0.3637824188616179,1,-0.5979579944881461,-0.9036122663475665,-0.599431419182795,0.11475935168088229,2
6447,US-Srr,2016-05-02,US-Srr,Wetland/Riparian,38.200556,-122.026358,4.6,5.7000003,3.4346211071056825,17.738682270833333,0.6949748625000001,3.626690458333332,0.854322169749827,-0.5197438121555155,-0.4826060144750381,0.2658303450306977,0.6730277791972675,0.48260601447503815,1,-0.23295785880588454,-0.7620994852656304,-0.4527606993535993,0.06715245656414091,2
6448,US-Srr,2016-05-10,US-Srr,Wetland/Riparian,38.200556,-122.026358,5.2,5.6,3.693329672830708,18.32516125,0.6295501874999999,3.7889989375,0.7748840413670407,-0.6321034111873487,-0.7714596220026388,0.21127685242702365,0.6349767124721247,0.7714596220026388,1,-0.542039349404954,-0.9580214267746163,-0.8143180898283463,0.09877535437563527,2
6449,US-Srr,2016-05-18,US-Srr,Wetland/Riparian,38.200556,-122.026358,5.0,8.6,5.3045143946383515,23.899971916666654,1.5503654916666667,2.4599698125,0.6807734094770161,-0.7324940716135789,-0.33131972210557364,0.15648210879607335,0.9909553806750067,-0.3313197221055737,1,-0.19335456616916824,-0.2992534891760293,-0.5013511109715234,-0.08248085123554584,2
6450,US-Srr,2016-05-26,US-Srr,Wetland/Riparian,38.200556,-122.026358,5.3,6.4,3.889289898128018,18.5636868125,0.7536573104166665,3.4777030625,0.5737722679043246,-0.8190148866680801,-0.5362855634711935,0.174412704075105,0.7301813167748007,0.5362855634711935,1,-0.3373751938587916,-0.6630499040366524,-0.6084315925181363,-0.20091027993796623,2
6451,US-Srr,2016-06-11,US-Srr,Wetland/Riparian,38.200556,-122.026358,5.4,6.8,5.616590002468912,22.00056127083333,1.6176626125000002,2.4055471874999994,0.3294084822245304,-0.9441875088341992,-0.36636966117205594,0.14776560058481278,0.6541246717015261,-0.36636966117205594,1,-0.22848339687300964,-0.5223484544291422,-0.3482771322140159,0.01699886696229499,2
6452,US-Srr,2016-06-19,US-Srr,Wetland/Riparian,38.200556,-122.026358,5.0,6.7000003,5.660729559145168,22.40889752083334,1.7826489541666666,1.6111764999999998,0.1966728897935764,-0.980469160361632,-0.4886520069152775,0.05110982597640075,0.45888897737820944,-0.48865200691527755,1,-0.5141069926473968,-0.4298132671850181,-0.5220357609134176,-0.05331801031913855,2
6453,US-Srr,2016-06-27,US-Srr,Wetland/Riparian,38.200556,-122.026358,5.7,8.7,6.088376951529499,26.77759179166667,2.228602416666668,3.953092125,0.060213277365793,-0.9981855344718586,-0.5281833323627695,0.1256549769165988,0.48292211399839075,-0.5281833323627695,1,-0.3863855397079794,-0.6257132767841252,-0.5724511805962038,-0.28773658270006275,2
6454,US-Srr,2016-07-05,US-Srr,Wetland/Riparian,38.200556,-122.026358,6.3,6.4,4.557660454700566,17.4496435625,0.5842154979166666,5.287299479166665,-0.0773864792334632,-0.9970011699250152,-0.09547569968999359,0.10556104522800358,0.6179087943259884,0.09547569968999348,1,-0.21311991130502334,-0.06427629966480919,-0.009030888100148238,0.004420199450438083,2
6455,US-Srr,2016-07-13,US-Srr,Wetland/Riparian,38.200556,-122.026358,5.7,8.3,5.711194986529049,25.18368316666667,1.880154,2.7417035625,-0.2135209154397959,-0.9769384927771816,-0.176892154935237,0.07597784467630317,0.43065924240210673,-0.176892154935237,1,-0.10699931115781919,-0.25776107319757036,-0.16591608045032138,-0.1410356721582117,2
6456,US-Srr,2016-07-21,US-Srr,Wetland/Riparian,38.200556,-122.026358,5.4,7.3,4.731782992592659,19.845876375,0.9635084083333334,4.328447083333333,-0.3456123126707333,-0.9383773917408642,0.06102963535784924,0.07301256107496325,0.8431432479005727,-0.06102963535784922,1,0.11428237155423498,-0.022200121688566943,0.09100665620787968,-0.11697856743700977,2
6457,US-Srr,2016-07-29,US-Srr,Wetland/Riparian,38.200556,-122.026358,5.6,9.5,5.797742658311843,24.03803700000001,1.5834590562499995,4.333730666666667,-0.4711595076738639,-0.8820480249558535,-0.4641869840212564,0.11304267459948873,0.8588903938371978,-0.46418698402125647,1,-0.3352760994315906,-0.5463944446897359,-0.5108904079424429,-0.12418404652368058,2
6458,US-Srr,2016-08-06,US-Srr,Wetland/Riparian,38.200556,-122.026358,5.3,6.1,3.642001477856281,18.160675166666675,0.6262350479166666,4.3760782916666665,-0.5877852522924734,-0.8090169943749472,0.07896658490076218,0.0461692067537886,0.5829528541215601,-0.07896658490076214,1,0.0930831680651582,0.02738709373795878,0.11642949289916954,-0.11673936130542785,2
6459,US-Srr,2016-08-14,US-Srr,Wetland/Riparian,38.200556,-122.026358,5.0,8.2,4.72428521234392,22.23202841666666,1.3470312416666674,4.379404291666668,-0.6932812268869771,-0.7206671495538615,-0.29076387285047134,0.09941675361236865,1.0111474084862793,0.2606657024616881,1,-0.2699737401527755,-0.3989317303307561,-0.20338614806788252,-0.037064638894885996,2
6460,US-Srr,2016-08-22,US-Srr,Wetland/Riparian,38.200556,-122.026358,4.5,6.2000003,3.345046828188045,18.711958125,0.6644357666666666,5.111510687499999,-0.7856498550787144,-0.6186714032625032,0.04348965146068189,0.17547593231929476,0.8135892403224204,-0.043489651460681955,1,-0.02530449047385419,-0.08716577634121106,0.24293922119711092,0.03616268112281615,2
6461,US-Srr,2016-08-30,US-Srr,Wetland/Riparian,38.200556,-122.026358,4.4,6.9,4.235838772111738,22.327420375,1.197025116666667,4.086318583333333,-0.8631421280499115,-0.5049610547215202,-0.21502271258658048,0.1123287728533108,0.7786138752943292,0.1132997431899436,1,-0.1490761401166352,-0.3447226259483706,-0.15126937169473562,0.015227112133607255,2
6462,US-Srr,2016-09-07,US-Srr,Wetland/Riparian,38.200556,-122.026358,3.8,6.5,4.060794629543252,25.018625625,1.94310656875,1.6496003333333336,-0.9242907221930934,-0.3816892202666586,-0.8989695065951873,0.14517419624192315,0.43757064956209757,-0.8989695065951873,1,-0.8226612021663688,-0.8078629561158255,-1.0663843615033677,-0.26184618464628556,2
6463,US-Srr,2016-09-15,US-Srr,Wetland/Riparian,38.200556,-122.026358,3.7,5.5,3.066862785266182,19.654599354166667,1.0160149833333334,3.0506272083333337,-0.9679377830240642,-0.2511900638848195,-0.6468462908785138,0.07853965694879954,0.5537896028484584,0.6194281385891229,1,-0.6902758794091577,-0.5561831040019108,-0.6940798892244726,0.03515446091189612,2
6464,US-Srr,2016-09-23,US-Srr,Wetland/Riparian,38.200556,-122.026358,3.1,5.0,3.3087732823546276,19.2555489375,1.1822197354166668,1.850084125,-0.9932568492674144,-0.1159345995955006,-0.9049091920159232,0.08270061165428208,0.43686935614046074,-0.9049091920159231,1,-0.9735614653470799,-0.8130979251613952,-0.9280681855392947,0.08620632949669292,2
6465,US-Srr,2016-10-01,US-Srr,Wetland/Riparian,38.200556,-122.026358,2.9,4.5,2.767549877483604,16.941847187500006,0.8959031645833333,3.0250968958333324,-0.9997685019798908,0.0215160974362222,-0.8269508565604919,0.1368049905244413,0.5853853282001261,-0.5620506115276998,1,-0.9221983027596492,-0.6701870930229675,-0.8884671738988594,0.16985937706791376,2
6466,US-Srr,2016-10-09,US-Srr,Wetland/Riparian,38.200556,-122.026358,2.6,4.8,2.920641293636295,20.31535916666667,1.5041453416666668,1.5461813124999997,-0.9873494423939864,0.1585593851031347,-0.7261134325019206,0.05281716125518449,0.49062376182422485,-0.7261134325019207,1,-0.7779453983545714,-0.7280315655116795,-0.6723633336395107,0.07790814953699475,2
6467,US-Srr,2016-10-17,US-Srr,Wetland/Riparian,38.200556,-122.026358,1.6,2.2,2.8878007596424005,16.921044541666664,0.5044100395833332,2.1401677083333333,-0.9562348265919058,0.2926003356333479,-0.17456258910905875,0.09128089710614704,0.4778050625983944,-0.17456258910905875,1,-0.23877074777040044,-0.07006937766939669,-0.2148476418873791,-0.007507720960728834,2
6468,US-Srr,2016-11-02,US-Srr,Wetland/Riparian,38.200556,-122.026358,1.0,1.8000001,2.384010646192705,13.786348812499996,0.4255922895833333,1.1896030624999998,-0.8406184056344783,0.5416278206559811,-0.1486486093565573,0.033774735636899894,0.22517191490105723,-0.14864860935655733,1,-0.16839417429323075,-0.16790171342135776,-0.10964994035508333,-0.057521202155399624,2
6469,US-Srr,2016-11-18,US-Srr,Wetland/Riparian,38.200556,-122.026358,1.3,2.0,2.3240242235128004,10.012643479166668,0.4287523458333334,1.7809671041666668,-0.661634618242279,0.749826401204568,0.035461750249002257,0.14334923734563645,0.33545371723205253,0.03546175024900222,1,-0.12767423039095427,0.1412989126408788,0.09276056849708225,-0.04358508253984855,2
6470,US-Srr,2017-02-14,US-Srr,Wetland/Riparian,38.200556,-122.026358,1.5,1.4,2.4223060716913056,12.637506083333331,0.4005979791666667,1.5839638333333337,0.6994583270516471,0.7146733860429609,-0.1928915667515291,0.07009387240399545,0.3488084015786795,-0.1928915667515292,1,-0.1268107205504186,-0.18545801954280433,-0.26640596016136436,-0.05912057258710978,2
6471,US-Srr,2017-03-02,US-Srr,Wetland/Riparian,38.200556,-122.026358,2.0,2.5,2.698889681681461,11.746691208333337,0.4829139937500002,1.2140975937499998,0.8674563547295968,0.4975132889071806,-0.25001727112639494,0.08717639953848426,0.3204408924184332,-0.25001727112639494,1,-0.15711806504112624,-0.33003810840369097,-0.2628956399343676,-0.047269817438974265,2
6472,US-Srr,2017-04-03,US-Srr,Wetland/Riparian,38.200556,-122.026358,3.9,5.2000003,3.8059484479059673,16.59700633333334,1.1050396729166667,2.2389876250000005,0.9995462806873572,-0.0301203048469081,-0.6899660681831513,0.06014701739425402,0.6124888635373404,-0.5018629639950861,1,-0.6440672900307427,-0.758055686816943,-0.6677752277017686,0.07429024430149743,2
6473,US-Srr,2017-04-19,US-Srr,Wetland/Riparian,38.200556,-122.026358,4.2,4.2000003,3.8882415705492814,15.545280500000002,0.5030463458333334,2.451340750000001,0.9536809966304456,-0.3008198076356673,-1.1008199922044501,0.07836087496507307,0.538814814477192,-0.47730313330301266,1,-1.0107777275964238,-1.153568974370193,-1.138113274646734,0.3229295685575376,2
6474,US-Srr,2017-04-27,US-Srr,Wetland/Riparian,38.200556,-122.026358,5.1,4.9,4.805896673382512,16.531332541666668,0.70227953125,3.4911798750000003,0.9033558023246844,-0.4288919379124835,-1.3706905958134614,0.16530666846489653,0.7485096855484257,-0.7824839425784864,1,-1.2052406722573574,-1.535853635780071,-1.370977479402956,-0.06985669783168569,2
6475,US-Srr,2017-05-05,US-Srr,Wetland/Riparian,38.200556,-122.026358,5.4,5.3,4.445367855361232,16.072585625,0.5192790145833331,4.846609854166667,0.835925479418637,-0.548842958284719,-0.8843721902624745,0.2329587102620315,0.7034259367100087,0.8843721902624745,1,-0.7413880763451475,-1.153187378309226,-0.7585411161330498,-0.06576883069769475,2
6476,US-Srr,2017-05-13,US-Srr,Wetland/Riparian,38.200556,-122.026358,5.3,5.3,4.601784444355956,13.627603645833332,0.6937887187500001,3.2272957499999992,0.7526668275320084,-0.6584015846980488,-2.023718576870667,0.1461459291650817,0.6782745090374224,-0.6272874655825791,1,-1.8953278468465646,-2.1827585408034453,-1.9930693429619901,-0.10180778311741308,2
6477,US-Srr,2017-05-21,US-Srr,Wetland/Riparian,38.200556,-122.026358,5.4,6.7000003,5.824408684512871,24.19191497916667,1.7791012375000006,2.079018083333333,0.6551563572090853,-0.7554933140726803,-0.8221739753054905,0.18330640845717522,0.46513376240536297,-0.8221739753054904,1,-0.6342633557364936,-1.0005001252622046,-0.8317584449177733,-0.33872930447467153,2
6478,US-Srr,2017-06-06,US-Srr,Wetland/Riparian,38.200556,-122.026358,6.1,7.1,5.42807252920153,19.117633687500003,0.8533733916666667,4.3222969791666666,0.4250003399695541,-0.9051931898913974,-0.29963517709782334,0.12086813125598672,0.7479306296677641,0.29963517709782334,1,-0.21766627535136807,-0.4384456445166224,-0.24279361142547964,0.04724028014630298,2
6479,US-Srr,2017-06-14,US-Srr,Wetland/Riparian,38.200556,-122.026358,5.9,7.5,6.320382894734894,21.89786475,1.2882904645833333,2.7865287708333337,0.2967128192734907,-0.9549667548552552,-0.1056237798049919,0.06766322566834829,0.6998271428556961,-0.10562377980499194,1,-0.06654504246039622,-0.1837545413904976,-0.0665717555640819,-0.14261267482939102,2
6480,US-Srr,2017-06-22,US-Srr,Wetland/Riparian,38.200556,-122.026358,6.8,8.7,8.132226235411556,28.303817645833337,1.9907465833333344,2.7656889375000007,0.1628070129385171,-0.986657932891657,-0.38243461472169865,0.23409960354828194,0.6059420342062813,-0.3824346147216986,1,-0.2638888750507184,-0.23132021049847123,-0.6520947586159063,-0.064730462590161,2
6481,US-Srr,2017-06-30,US-Srr,Wetland/Riparian,38.200556,-122.026358,6.6,7.2000003,5.8186853642942085,19.427568541666673,0.7965928749999999,4.674919458333334,0.025818440227133,-0.9996666485105112,-0.003950644926233797,0.0630649790473169,0.617221496460606,0.0039506449262337595,1,0.06807118813201563,-0.030643125189774245,-0.04927999772094277,-0.1450441357607355,2
6482,US-Srr,2017-07-08,US-Srr,Wetland/Riparian,38.200556,-122.026358,6.7,10.0,8.636373482059973,26.70223566666667,2.2835238541666665,3.0437806666666667,-0.1116590071216944,-0.993746580436178,-0.035484488237842816,0.07711142588134486,0.7493475955910052,-0.03548448823784289,1,0.0291688802989028,-0.014791096552922656,-0.1208312484595086,-0.1547214371446125,2
6483,US-Srr,2017-07-16,US-Srr,Wetland/Riparian,38.200556,-122.026358,6.5,9.5,8.485806279459172,28.668150937500005,2.602132410416667,2.729589166666667,-0.2470221804809352,-0.9690098257244064,-0.4510523770723829,0.06152075263122948,0.6156445737336461,-0.4510523770723829,1,-0.38052316371288364,-0.47896677617134886,-0.49366719133291603,-0.193249452879629,2
6484,US-Srr,2017-07-24,US-Srr,Wetland/Riparian,38.200556,-122.026358,6.2,6.8,5.873698980665054,19.055376104166672,0.6605174895833333,5.130726645833334,-0.3777079652039646,-0.92592477719385,0.19542349332564615,0.08938955227994236,0.6523196888822314,-0.19542349332564612,1,0.12859382169454725,0.16071463062835672,0.2969620276540345,-0.08058795853456249,2
6485,US-Srr,2017-08-01,US-Srr,Wetland/Riparian,38.200556,-122.026358,5.3,8.8,7.010269098870016,24.631609062499994,1.5773522875000003,3.422010562500001,-0.5012418134457756,-0.8653072543632061,-0.2753670324701913,0.2869309216340716,0.8650798607097305,-0.27536703247019134,1,-0.1600534636042939,-0.6020153398482603,-0.06403229395801963,-0.046697136819231086,2
6486,US-Srr,2017-08-09,US-Srr,Wetland/Riparian,38.200556,-122.026358,5.8,6.2000003,4.967255099380263,20.043828875,0.5900808916666666,4.5548985625,-0.6152845999633277,-0.7883050558305253,0.2061737816203052,0.08687766448622734,0.6275244857278772,-0.20617378162030509,1,0.19741726325915904,0.12400597719181128,0.2970981044099453,-0.0635635055886338,2
6487,US-Srr,2017-08-17,US-Srr,Wetland/Riparian,38.200556,-122.026358,5.1,6.6,5.4479258097780265,21.367464104166668,0.8456222416666668,4.691345750000001,-0.7176769136759615,-0.6963762255968726,0.06324179296567396,0.14350776683380298,0.7787883168218309,0.06324179296567395,1,0.09374471507222554,-0.09306518180063042,0.18904584562542676,0.015227112133607255,2
6488,US-Srr,2017-08-25,US-Srr,Wetland/Riparian,38.200556,-122.026358,4.9,6.9,5.048202406918179,22.14421502083333,1.1930258083333332,2.858374229166666,-0.8064799463209447,-0.5912614448635782,-0.1894158781449857,0.09321757603554354,0.5734703666156531,-0.18941587814498573,1,-0.11176870213183893,-0.292797219557559,-0.16368171274555918,-0.01926363636151594,2
6489,US-Srr,2017-09-02,US-Srr,Wetland/Riparian,38.200556,-122.026358,4.6,7.5,6.021814993300249,31.31297554166667,3.1832487104166667,1.1488653125,-0.8800122039735356,-0.4749510720670502,-1.4187083270298497,0.10735963903390158,0.8038997708149044,-1.41870832702985,1,-1.4825258781766146,-1.2947583529760467,-1.4788407499368879,-0.9888288345846886,2
6490,US-Srr,2017-09-10,US-Srr,Wetland/Riparian,38.200556,-122.026358,3.9,6.1,5.116733154632208,27.34578645833335,1.9802425729166675,1.4539446041666668,-0.9368813462954316,-0.3496474552512282,-0.8124571015879654,0.04458375847214264,0.48791020860567375,-0.8124571015879654,1,-0.8076297234492832,-0.8592581068042868,-0.7704834745103262,-0.0012710343046896397,2
6491,US-Srr,2017-09-18,US-Srr,Wetland/Riparian,38.200556,-122.026358,3.3,5.6,4.3831295057484105,20.26504025,0.6918458354166668,4.064173125000001,-0.9760105506323682,-0.2177232303965322,-0.43756410725184613,0.06979735945256692,0.6192088975491579,-0.43756410725184613,1,-0.5097239700750288,-0.4325709420689161,-0.3703974096115936,-0.002027372335771273,2
6492,US-Srr,2017-09-26,US-Srr,Wetland/Riparian,38.200556,-122.026358,3.4,6.1,3.946974649823749,24.129792125000005,2.1020312708333333,2.1542823125,-0.99665890175417,-0.0816763953304228,-0.8693928876872571,0.018156298047434235,0.5155035715930372,-0.869392887687257,1,-0.8585528922459651,-0.8592719062588328,-0.8903538645569735,0.0023468709308076836,2
6582,US-Tw3,2016-01-27,US-Bi1,Croplands,38.1159,-121.6467,0.5,1.3000001,1.0314572477148334,15.754571645833336,0.296507725,1.0954458125000002,0.4482293417404106,0.893918596519257,0.4171440073466242,0.11030104447828662,0.954867557896228,0.4171440073466242,2,0.5386990317066039,0.38929979825992467,0.32343319207334414,0.05667310418416524,2
6583,US-Tw3,2016-02-04,US-Bi1,Croplands,38.1159,-121.6467,0.6,2.0,1.1130568691799336,14.64144360416667,0.2522916458333333,2.6363960833333326,0.5667017562911176,0.8239230057575542,0.27052597660715433,0.10189599367522229,0.6171048521765565,0.27052597660715433,2,0.20434215922611515,0.21937080662597225,0.38786496396937553,0.01400368494805945,2
6584,US-Tw3,2016-03-15,US-Bi1,Croplands,38.1159,-121.6467,1.6,2.9,2.866506855616388,17.6587341875,0.5572873020833334,2.5196292916666665,0.9611297838723007,0.2760969730974688,0.22845384883537,0.08302825031633666,0.7333241513040937,0.22845384883537,2,0.15417779951615662,0.3180894136634417,0.21309433332651168,0.03475914705034275,2
6585,US-Tw3,2016-03-23,US-Bi1,Croplands,38.1159,-121.6467,2.6,3.4,2.98498382821286,16.620422729166666,0.5922812125,2.5750696666666664,0.989932495087353,0.141540295217043,-0.15956221498300197,0.08473245092472555,0.6287192421100742,-0.15956221498300194,2,-0.17871139549171242,-0.0668938830624139,-0.23308136639487959,0.008719579617223586,2
6586,US-Tw3,2016-03-31,US-Bi1,Croplands,38.1159,-121.6467,2.9,4.0,3.608569399911788,16.87237914583333,0.5807064166666667,4.640451854166665,0.99999073973619,0.0043035382962442,0.13963929440506354,0.1317539860759153,0.8688491409842592,0.1396392944050635,2,0.11640890482185168,0.02104552408000926,0.28146345431332964,0.04776801996186841,2
6587,US-Tw3,2016-04-16,US-Bi1,Croplands,38.1159,-121.6467,4.0,5.0,3.8575520572358015,19.7133294375,1.2464595895833332,2.216347895833333,0.9634705485641488,-0.2678143051621742,-0.6825784951793956,0.00706776502542234,0.48077023626927745,-0.39768260965099866,2,-0.6895778775698386,-0.6754442769078063,-0.6827133310605419,0.07429024430149743,2
6588,US-Tw3,2016-04-24,US-Bi1,Croplands,38.1159,-121.6467,2.2,4.7000003,3.1165035565797443,17.4524538125,0.6702965895833334,5.393008979166668,0.9175836260593936,-0.3975428142825559,1.270981611262768,0.25958891160885655,0.7882649502148606,0.5620255018967202,2,1.49250418273738,0.9853426088897301,1.3350980421611938,-0.07358213617649814,2
6589,US-Tw3,2016-05-02,US-Bi1,Croplands,38.1159,-121.6467,3.3,5.5,4.8254849136481175,19.442150208333327,0.90338813125,2.546970229166668,0.854322169749827,-0.5197438121555155,-0.18293990520880846,0.09423289732934564,0.5206661628658346,-0.18293990520880854,2,-0.2889846238266214,-0.10880529402960966,-0.15102979777019443,0.008719579617223586,2
6590,US-Tw3,2016-05-10,US-Bi1,Croplands,38.1159,-121.6467,4.6,5.7000003,5.771713874829465,20.995440770833333,0.8467032749999999,3.525636333333334,0.7748840413670407,-0.6321034111873487,-0.3294461476062686,0.0654897907188516,0.5789288068949111,-0.32944614760626867,2,-0.36551207022297755,-0.3689748889113111,-0.25385148368451715,-0.024686651792456615,2
6591,US-Tw3,2016-05-18,US-Bi1,Croplands,38.1159,-121.6467,5.7,8.400001,7.572960114069737,25.800564500000004,1.95653121875,2.9336828124999994,0.6807734094770161,-0.7324940716135789,-0.9357220563632828,0.27948776949027043,0.9212204292590387,-0.9357220563632827,2,-1.254909311332734,-0.7348605782748917,-0.8173962794822228,-0.5588063818598769,2
6592,US-Tw3,2016-05-26,US-Bi1,Croplands,38.1159,-121.6467,5.3,6.4,5.622845953090309,20.092816416666672,0.8807254541666668,2.672284812499999,0.5737722679043246,-0.8190148866680801,-1.1685533991301564,0.04265726187445456,0.4932864922687764,-1.1685533991301564,2,-1.2113399073288962,-1.168293720869843,-1.1260265691917295,-0.8958699336219514,2
6593,US-Tw3,2016-06-11,US-Bi1,Croplands,38.1159,-121.6467,3.2,7.3,3.651729992529431,23.08374229166667,1.7319006458333328,3.9835789375,0.3294084822245304,-0.9441875088341992,0.9512464945596398,0.018422988385058032,0.6293240697873389,-0.04778650950077801,2,0.9685714326717871,0.9532747406617623,0.9318933103453702,-0.4683904906362365,2
6594,US-Tw3,2016-06-19,US-Bi1,Croplands,38.1159,-121.6467,3.2,7.4,5.0602334435310095,23.75266991666666,1.8104823145833335,2.2814771041666666,0.1966728897935764,-0.980469160361632,-0.31303067837318915,0.06907821038125041,0.47760807675899797,-0.3130306783731891,2,-0.38082982845191066,-0.2427407806376975,-0.31552142602995925,-0.04441513338712743,2
6595,US-Tw3,2016-06-27,US-Bi1,Croplands,38.1159,-121.6467,5.5,8.900001,7.310006797589947,28.3339245625,2.5182757208333326,3.528553624999999,0.060213277365793,-0.9981855344718586,-0.4407643024179772,0.1339402484455965,0.5786506175450578,-0.44076430241797704,2,-0.5943057051556688,-0.34790732156397386,-0.380079880534289,-0.05046768322285013,2
6596,US-Tw3,2016-07-05,US-Bi1,Croplands,38.1159,-121.6467,4.5,7.0,2.5122719162739444,20.44094789583333,0.9478313270833336,5.526493374999999,-0.0773864792334632,-0.9970011699250152,0.29469675631779396,0.050181037841728185,0.6363901753808446,-0.2946967563177938,2,0.241178531872499,0.3406908964333308,0.30222084064755206,-0.03500546929401602,2
6597,US-Tw3,2016-07-13,US-Bi1,Croplands,38.1159,-121.6467,2.5,8.900001,3.4622975034722328,26.52913089583333,2.186758106250001,2.4023421458333325,-0.2135209154397959,-0.9769384927771816,-0.7439066316517561,0.10023164496848415,0.6927754408531799,-0.7439066316517562,2,-0.675215791570992,-0.858921494604789,-0.6975826087794874,-0.2801544997558233,2
6598,US-Tw3,2016-07-21,US-Bi1,Croplands,38.1159,-121.6467,4.0,7.6,3.5833540136762467,21.826695666666662,1.3313827666666669,4.531357520833334,-0.3456123126707333,-0.9383773917408642,0.17585385104571252,0.04398319821527438,0.633377377454664,-0.1758538510457125,2,0.1660250678311354,0.22391992849069176,0.1376165568153105,-0.045624793093047455,2
6599,US-Tw3,2016-07-29,US-Bi1,Croplands,38.1159,-121.6467,5.7,9.8,6.3113256466468535,26.85752947916666,2.176181779166668,2.7603100625000003,-0.4711595076738639,-0.8820480249558535,-1.3899981600352298,0.1559662521191494,0.828887309633324,-1.3899981600352298,2,-1.228171231395966,-1.4024681756144515,-1.5393550730952712,-1.2238900939941828,2
6600,US-Tw3,2016-08-06,US-Bi1,Croplands,38.1159,-121.6467,2.2,6.6,1.9636208305984904,20.7744010625,1.028891177083333,3.4009853125,-0.5877852522924734,-0.8090169943749472,0.6203469382022077,0.08808978192422659,0.5222268881124349,-0.6203469382022077,2,0.7131962492937973,0.6098953802686661,0.5379491850441596,-0.2728372868726717,2
6601,US-Tw3,2016-08-14,US-Bi1,Croplands,38.1159,-121.6467,2.4,8.1,2.285361373825845,25.47794510416667,2.1122213041666664,3.1835718750000006,-0.6932812268869771,-0.7206671495538615,-0.07823117303716831,0.09485833400401299,0.5480210827030947,0.07823117303716831,2,-0.061552613592391656,-0.1803226408468337,0.007181735327720429,-0.032087954640506566,2
6602,US-Tw3,2016-08-22,US-Bi1,Croplands,38.1159,-121.6467,3.1,6.3,2.715921816211685,21.193281104166672,0.97456591875,5.330633625,-0.7856498550787144,-0.6186714032625032,0.10434104667545196,0.1698226658242813,0.8776528661753946,-0.10434104667545196,2,-0.07914697504777102,0.2559920457833362,0.13617806929079074,0.027773184201633994,2
6603,US-Tw3,2016-08-30,US-Bi1,Croplands,38.1159,-121.6467,5.5,7.0,5.035455020480788,23.917002395833325,1.4531757770833331,4.509801562500001,-0.8631421280499115,-0.5049610547215202,-1.350475059434691,0.053270268298564905,0.7669871543574844,-0.42138510039626786,2,-1.4071310938409234,-1.3428905185222295,-1.3014035659409202,-1.0266941196796167,2
6604,US-Tw3,2016-09-07,US-Bi1,Croplands,38.1159,-121.6467,3.9,6.8,4.127497019332417,24.40166218749999,1.7156696749999998,1.7575643124999991,-0.9242907221930934,-0.3816892202666586,-0.8464181409330557,0.07913130804221731,0.47061751045103595,-0.8464181409330558,2,-0.7977691146898988,-0.8037596853486506,-0.9377256227606175,-0.22534975175844232,2
6605,US-Tw3,2016-09-15,US-Bi1,Croplands,38.1159,-121.6467,3.7,5.6,4.171008315869998,21.539189708333332,1.2760518208333334,2.6987739791666665,-0.9679377830240642,-0.2511900638848195,-0.6238906891109111,0.1139479234779682,0.49900762636584695,-0.6238906891109111,2,-0.5108439117226773,-0.7387188705457816,-0.6221092850642742,0.03883919581102183,2
6606,US-Tw3,2016-09-23,US-Bi1,Croplands,38.1159,-121.6467,2.0,5.5,1.9514723633411597,20.267220875000007,1.3219308958333336,3.4259445625,-0.9932568492674144,-0.1159345995955006,-0.18619169194035953,0.12583368319260888,0.48638683459284077,-0.08913641862267893,2,-0.27337636831553613,-0.24326334920216044,-0.041935358303382034,0.012404314516349296,2
6607,US-Tw3,2016-10-01,US-Bi1,Croplands,38.1159,-121.6467,1.4,4.8,2.2716070031864337,18.107551333333326,0.9840054812500002,3.7377268541666666,-0.9997685019798908,0.0215160974362222,-0.07239520665975412,0.15715885201514643,0.539169574904967,-0.07239520665975407,2,-0.2468811423449233,-0.028336708858747547,0.05803223122440851,0.016315430559629553,2
6608,US-Tw3,2016-10-09,US-Bi1,Croplands,38.1159,-121.6467,2.0,4.7000003,2.4071247433829948,20.4875266875,1.4177158666666667,1.5057063333333331,-0.9873494423939864,0.1585593851031347,-0.4235052343715679,0.09702975686086593,0.4701218242810973,-0.42350523437156795,2,-0.4186301080266056,-0.3290049382019981,-0.5228806568861,-0.0025128399812236217,2
6609,US-Tw3,2016-11-02,US-Bi1,Croplands,38.1159,-121.6467,1.5,1.8000001,1.93428258562666,18.469922479166673,0.4094056250000001,1.4524634583333331,-0.8406184056344783,0.5416278206559811,0.4841501531861887,0.05714943673261182,0.6716212165286806,0.3844150180671311,2,0.5181147143691881,0.5161664904995801,0.4181692546897978,-0.02886062752811595,2
6610,US-Tw3,2016-11-18,US-Bi1,Croplands,38.1159,-121.6467,1.5,2.0,1.374291292294049,13.850326729166666,0.3900729354166667,1.4944074374999998,-0.661634618242279,0.749826401204568,0.43809511996687994,0.05816609577887745,0.5037836780409247,-0.4380951199668799,2,0.5042779727705687,0.4149116294868862,0.39509575764318505,-0.002027372335771273,2
6611,US-Tw3,2016-12-04,US-Bi1,Croplands,38.1159,-121.6467,0.7,1.1,0.7157335821431965,13.760891125,0.2754798791666666,0.9971826666666668,-0.4327755925504317,0.9015016841318838,0.6985437704566765,0.09753883331853976,0.7190711478251812,-0.6670766061702834,2,0.8107889531126038,0.6343844986544745,0.6504578596029508,-0.2258008745940407,2
6612,US-Tw3,2016-12-20,US-Bi1,Croplands,38.1159,-121.6467,0.3,1.3000001,0.7985287596032287,12.057642895833334,0.2938067729166666,1.0629075,-0.1712931441814778,0.9852201067560606,0.534464091978328,0.14097588629943217,0.5469417210560057,0.46259342722812935,2,0.6393982971868147,0.5897736563797858,0.3742203223683833,-0.024130564197175186,2
6613,US-Tw3,2017-03-02,US-Bi1,Croplands,38.1159,-121.6467,1.4,2.4,2.013108487166337,14.863365104166665,0.3991721166666666,1.14118125,0.8674563547295968,0.4975132889071806,0.12397929525883204,0.07474893535441952,0.55024946371416,0.12397929525883206,2,0.09841650209612202,0.06536523651626905,0.20815614716410502,-0.007022253315276487,2
6614,US-Tw3,2017-04-03,US-Bi1,Croplands,38.1159,-121.6467,3.9,4.9,5.215215239664651,17.507089020833334,0.9737737583333334,4.022259770833332,0.9995462806873572,-0.0301203048469081,-0.7073538316160275,0.06642515600391702,0.8153461078117076,-0.7073538316160275,2,-0.7710210683378348,-0.6384774868935056,-0.7125629396167421,0.09111589169523172,2
6615,US-Tw3,2017-04-19,US-Bi1,Croplands,38.1159,-121.6467,3.1,3.9,4.534168346097377,18.591247958333337,0.4973074416666666,2.1982678125,0.9536809966304456,-0.3008198076356673,-0.305628220542984,0.06020124091744325,0.5918400731026394,-0.3056282205429839,2,-0.2365425981098389,-0.34684725732260735,-0.33349480619650573,-0.007022253315276487,2
6616,US-Tw3,2017-04-27,US-Bi1,Croplands,38.1159,-121.6467,4.7,4.7000003,6.692257954698216,19.000932541666675,0.6289450312499999,4.485746479166666,0.9033558023246844,-0.4288919379124835,-0.3958148375260011,0.07374638677380865,0.8341552554136596,-0.3958148375260011,2,-0.34733137620154003,-0.4806828417475706,-0.35943029462889287,0.006185488842960509,2
6617,US-Tw3,2017-05-05,US-Bi1,Croplands,38.1159,-121.6467,5.5,4.6,5.869256720959369,18.651461854166666,0.6415124354166668,5.9652161875,0.835925479418637,-0.548842958284719,-0.10754101467973916,0.3967147179997055,1.3450533186171223,-0.10754101467973914,2,0.3183650628556491,-0.466561083664388,-0.1744270232304786,-0.016314232953926158,2
6618,US-Tw3,2017-05-13,US-Bi1,Croplands,38.1159,-121.6467,5.5,5.3,5.763756376914466,15.897923395833336,0.7076145249999998,3.630745583333333,0.7526668275320084,-0.6584015846980488,-1.7026237339457573,0.08731890089904155,0.735301303469104,-1.7026237339457573,2,-1.6018975774392479,-1.7490789354371044,-1.7568946889609198,-0.09001659895164547,2
6619,US-Tw3,2017-05-21,US-Bi1,Croplands,38.1159,-121.6467,6.6,6.5,6.593835298295541,23.87973510416667,1.5119508833333335,1.8306163541666665,0.6551563572090853,-0.7554933140726803,-2.147105401961648,0.14260770180473173,0.41828512597618406,-2.1347759985527297,2,-2.2355386296840334,-1.982590700875521,-2.2231868753253887,-0.6579362426674228,2
6620,US-Tw3,2017-05-29,US-Bi1,Croplands,38.1159,-121.6467,3.0,5.3,1.4337559271693898,20.054573791666662,0.7176280812500001,5.6076829791666665,0.545240438540651,-0.8382797052177743,1.9744726307051572,0.16549344285797452,0.8278583138420963,-1.974472630705157,2,2.1634782978582456,1.8555623604135951,1.9043772338436304,-0.732860886944126,2
6621,US-Tw3,2017-06-06,US-Bi1,Croplands,38.1159,-121.6467,3.9,7.2000003,4.018049509592332,21.84818289583333,1.2756643354166664,3.508573333333333,0.4250003399695541,-0.9051931898913974,0.4267344338301253,0.05828553441350058,0.7015116686562318,-0.19063541464546052,2,0.48131012421256303,0.4335541249956646,0.36533905228214825,-0.019762250884039313,2
6622,US-Tw3,2017-06-14,US-Bi1,Croplands,38.1159,-121.6467,4.7,7.7000003,5.943426566439711,23.55869850000001,1.5335953083333334,3.3708268958333343,0.2967128192734907,-0.9549667548552552,-0.04585268162038186,0.10444954936865254,0.7207968806767537,-0.04585268162038192,2,-0.12172980843776342,0.07327519501836913,-0.08910343144175131,-0.035705859876003894,2
6623,US-Tw3,2017-06-22,US-Bi1,Croplands,38.1159,-121.6467,4.0,9.0,4.177934935939546,30.58156277083333,2.8323838395833327,4.365496458333333,0.1628070129385171,-0.986657932891657,0.32721663788133437,0.10917280580321286,0.982786621857613,0.028653233997757432,2,0.2161063476584001,0.3312006759475043,0.4343428900380988,-0.08248085123554584,2
6624,US-Tw3,2017-06-30,US-Bi1,Croplands,38.1159,-121.6467,3.7,7.5,2.81759258648927,23.35192422916667,1.2276256020833334,5.1598036458333345,0.025818440227133,-0.9996666485105112,1.4001151780041312,0.07056705927967469,0.5719515452590189,-1.400115178004131,2,1.4114793879335752,1.3245556739400528,1.464310472138766,-0.9948051315772392,2
6625,US-Tw3,2017-07-08,US-Bi1,Croplands,38.1159,-121.6467,4.2,10.1,5.656469557169183,28.63340154166667,2.9156626875,3.8879569791666655,-0.1116590071216944,-0.993746580436178,-0.4670832807932312,0.07842551279030148,1.0631623171507634,-0.46708328079323125,2,-0.48633151169841066,-0.3808256853094735,-0.5340926453718093,0.03271031349368185,2
6626,US-Tw3,2017-07-16,US-Bi1,Croplands,38.1159,-121.6467,4.3,9.900001,5.906028309931204,29.8613694375,2.934399339583332,3.572229708333332,-0.2470221804809352,-0.9690098257244064,-0.5975478841357186,0.08392264566194212,1.0960746992057182,-0.5975478841357185,2,-0.6437461379332823,-0.5006768014241632,-0.6482207130497102,-0.10331339304432817,2
6627,US-Tw3,2017-07-24,US-Bi1,Croplands,38.1159,-121.6467,2.6,6.9,1.3933546474026948,22.492165291666662,1.00962745625,4.8548049791666665,-0.3777079652039646,-0.92592477719385,1.164680604269767,0.05742945304817878,0.6860134928308235,-1.164680604269767,2,1.1075450288560331,1.2223994913387355,1.164097292614533,-0.7934005611449078,2
6628,US-Tw3,2017-08-01,US-Bi1,Croplands,38.1159,-121.6467,3.1,8.7,3.326221052782659,27.747192604166656,2.1915767354166658,3.912039708333333,-0.5012418134457756,-0.8653072543632061,0.05810694576407224,0.06622378041413808,0.702532470132463,0.05810694576407224,2,0.026328719206245577,0.13423057846473874,0.013761539621232416,-0.08199879177597441,2
6629,US-Tw3,2017-08-09,US-Bi1,Croplands,38.1159,-121.6467,3.5,6.4,2.79594548738119,23.13475808333333,0.8250028833333335,4.421643729166667,-0.6152845999633277,-0.7883050558305253,0.5982790478830863,0.19800697744027412,0.7987916096048167,-0.5982790478830862,2,0.41143075791530126,0.8058195830881872,0.5775868026457703,-0.15276610456985157,2
6630,US-Tw3,2017-08-17,US-Bi1,Croplands,38.1159,-121.6467,4.1,6.5,2.4712604597102628,24.42879275,1.13464771875,4.881883208333335,-0.7176769136759615,-0.6963762255968726,0.11338020316837553,0.21711718906682181,0.7331833542257776,-0.11338020316837549,2,-0.12459742580235783,0.30066879708515054,0.16406923822233388,0.005704230545432545,2
6631,US-Tw3,2017-08-25,US-Bi1,Croplands,38.1159,-121.6467,1.8,7.1,1.8471021308404965,24.574192,1.4337230020833331,2.1020870000000005,-0.8064799463209447,-0.5912614448635782,-0.029755404658935208,0.039283387330526304,0.4234469560158173,-0.02975540465893521,2,0.015073466796331397,-0.04617286338181506,-0.05816681739132196,-0.0694393900886692,2
6632,US-Tw3,2017-09-02,US-Bi1,Croplands,38.1159,-121.6467,2.7,7.3,2.6034900523248963,29.67291931250001,2.063408725,1.2185626354166668,-0.8800122039735356,-0.4749510720670502,-0.9001782925114171,0.06837490669692718,0.6718387625140834,-0.7071583971612093,2,-0.9545115366315142,-0.8234026813127765,-0.9226206595899606,-0.2636295778847908,2
6633,US-Tw3,2017-09-10,US-Bi1,Croplands,38.1159,-121.6467,2.1,6.2000003,2.668477978911368,27.5260751875,1.656074970833333,1.4400499791666668,-0.9368813462954316,-0.3496474552512282,-0.5372465622669559,0.0964293260343077,0.6172238328509381,-0.5372465622669558,2,-0.6323156985474894,-0.5399116894901653,-0.4395122987632128,-0.04834822065366194,2
6634,US-Tw3,2017-09-26,US-Bi1,Croplands,38.1159,-121.6467,1.3,5.8,1.6370554821721697,23.3603125625,1.813853825,2.11681025,-0.99665890175417,-0.0816763953304228,-0.34362152971219745,0.10057367692789168,0.3142367082511887,-0.3436215297121974,2,-0.325535059511094,-0.45201125034467116,-0.25331827928082723,-0.04358508253984855,2
6635,US-Tw3,2017-10-04,US-Bi1,Croplands,38.1159,-121.6467,1.4,4.1,1.5399365614452136,18.430187708333328,1.03004000625,1.7256627499999997,-0.9984354211555644,0.055916990100603,-0.28661264311743667,0.044313937924604856,0.34682477618987617,-0.28661264311743667,2,-0.336724462466377,-0.27051939295563965,-0.2525940739302934,-0.05912057258710978,2
6636,US-Tw3,2017-10-12,US-Bi1,Croplands,38.1159,-121.6467,2.1,4.8,2.0052406014817734,18.487585020833325,1.3353716104166666,4.186657270833335,-0.9813064702716092,0.1924515819708299,-0.4308621883652604,0.13888800120582032,0.6230276734296434,-0.24134339132880706,2,-0.5805366733049585,-0.3061447063463173,-0.4059051854445054,0.01739919549585451,2
6637,US-Tw3,2017-10-28,US-Bi1,Croplands,38.1159,-121.6467,1.3,3.5,1.7677056531637745,20.322201375,0.9367798833333332,1.5535685416666667,-0.8919813464595487,0.4520722039323037,0.039741526606916766,0.06352534042966536,0.4549854105002745,0.039741526606916766,2,0.11089743728578688,-0.011266793546752918,0.019593936081716334,0.01366667508385458,2
6638,US-Tw3,2017-11-05,US-Bi1,Croplands,38.1159,-121.6467,1.4,1.8000001,1.884222081526002,15.028792916666662,0.46468831875,2.4932273958333333,-0.8214765533024145,0.5702422926917867,0.20393645646086087,0.12920286621338092,0.6545060456329339,0.2039364564608609,2,0.2222752642395709,0.32299008768881404,0.06654401745419763,0.012404314516349296,2
6639,US-Tw3,2017-11-13,US-Bi1,Croplands,38.1159,-121.6467,1.1,1.5,1.4799695366976482,19.652955,0.33226171875,1.6352926250000008,-0.7354170229639858,0.6776147890466887,0.6036703244799304,0.02232081905606608,0.8104479425591669,0.1562687489153658,2,0.6047016838277041,0.625457586019154,0.580851703592933,0.011058152835972484,2
6640,US-Tw3,2017-11-29,US-Bi1,Croplands,38.1159,-121.6467,0.3,1.3000001,0.9435095305380364,17.07776920833333,0.4091962562500001,1.8715990833333336,-0.5234156073655503,0.8520775211013093,0.4861897259726386,0.1018869634229358,0.6195269373574103,0.4861897259726386,2,0.5388443670747993,0.5509753567147122,0.3687494541284043,0.013192239118964798,2
6641,US-Tw3,2017-12-07,US-Bi1,Croplands,38.1159,-121.6467,0.5,2.1000001,0.5961850667816495,13.136213520833335,0.3550029687499999,1.111733625,-0.4014879892059737,0.9158642882672868,0.3997984703829797,0.009402289771843538,0.48897806605042965,-0.2074283368196807,2,0.4104439721307276,0.39632180248604265,0.39262963653216887,-0.0054228828835663325,2
6642,US-Tw3,2018-02-01,US-Bi1,Croplands,38.1159,-121.6467,1.3,1.7,1.8603060915134195,18.747062145833333,0.438180325,1.2659660000000004,0.5234156073655503,0.8520775211013093,0.4192379707639035,0.1958428290610996,0.8967705663192073,0.4192379707639035,2,0.6451489222396404,0.2974736814197355,0.3150913086323347,0.06218376262637486,2
6643,US-Tw3,2018-02-09,US-Bi1,Croplands,38.1159,-121.6467,1.0,2.3,2.05991401851172,18.994980958333333,0.5799305520833333,1.2095353958333332,0.6354323008901774,0.7721565844991642,0.21368984964154883,0.07749988128983358,0.80919359624007,0.2136898496415488,2,0.30317894033778664,0.1690379579964828,0.16885265059037702,0.042483742663813356,2
6644,US-Tw3,2018-02-17,US-Bi1,Croplands,38.1159,-121.6467,1.2,2.0,1.5810285295578403,14.8259395,0.52308738125,1.0883163333333334,0.7354170229639855,0.6776147890466889,0.21487333115379006,0.09421708204737367,0.6591740643401481,0.21487333115379006,2,0.28940003327781905,0.10897189625773537,0.24624806392581577,0.008719579617223586,2
6645,US-Tw3,2018-02-25,US-Bi1,Croplands,38.1159,-121.6467,1.4,2.8,2.076304170110886,13.742548249999995,0.5443350124999998,3.0383546875,0.8214765533024142,0.5702422926917871,0.14475748264328817,0.08604061870342004,0.6692699495853393,0.14475748264328814,2,0.04745522751737283,0.21079226423598812,0.1760249561765036,0.008719579617223586,2
6646,US-Tw3,2018-03-05,US-Bi1,Croplands,38.1159,-121.6467,1.4,2.6000001,2.1644812352470235,13.468198458333331,0.3468987187500001,2.159597416666666,0.8919813464595485,0.4520722039323043,0.21488799993420574,0.1162141241386373,0.5975481800341464,0.2148879999342057,2,0.0970261332941875,0.21825673438296328,0.3293811321254665,0.012404314516349296,2
6647,US-Tw3,2018-03-29,US-Bi1,Croplands,38.1159,-121.6467,3.8,4.2000003,4.565127158026886,20.689337625000004,0.8233553104166668,1.6109321666666665,0.9984354211555644,0.0559169901006034,-0.5805717350066079,0.16381864323802217,0.6128277963377022,-0.580571735006608,2,-0.4161154621499681,-0.58185452807953,-0.7437452147903254,0.029843524714262465,2
6648,US-Tw3,2018-04-14,US-Bi1,Croplands,38.1159,-121.6467,3.0,4.7000003,2.5941398629756214,19.521286145833336,0.8734312645833334,1.8364520208333333,0.9760105506323684,-0.2177232303965317,-0.3322599421716587,0.07589225474283647,0.4622222232191864,0.3322599421716587,2,-0.34360487925907524,-0.2513338781536244,-0.40184106910227646,0.025565634136311507,2
6649,US-Tw3,2018-04-22,US-Bi1,Croplands,38.1159,-121.6467,4.1,5.7000003,3.5187499953666213,21.58388010416667,0.8651904687499999,1.6145883958333327,0.9368813462954316,-0.3496474552512284,-0.4263076589439257,0.1043211356000121,0.37707094738410996,0.4263076589439257,2,-0.3063757628047066,-0.49602832634392985,-0.47651888768314077,-0.038590201560343346,2
6650,US-Tw3,2018-05-08,US-Bi1,Croplands,38.1159,-121.6467,4.7,5.9,5.773365396794911,21.423805520833326,0.9679747416666664,5.1762632916666655,0.8064799463209448,-0.5912614448635781,0.6413202650311189,0.11300130932307553,0.8774919412480351,0.6413202650311189,2,0.7082787965255888,0.7048292058030659,0.5108527927647022,0.012943245747290732,2
6651,US-Tw3,2018-05-24,US-Bi1,Croplands,38.1159,-121.6467,2.8,5.0,1.3900312351274158,18.82205454166666,0.5139584395833333,7.396883354166665,0.6152845999633276,-0.7883050558305255,2.158480982571404,0.23958770807506077,1.0206088693544788,-2.158480982571404,2,2.4313992828573023,2.0612515518698795,1.9827921129870312,-0.6315832457019395,2
6652,US-Tw3,2018-06-01,US-Bi1,Croplands,38.1159,-121.6467,2.7,7.0,3.0919108385812613,21.56055610416667,1.1815313416666666,3.4603569375,0.5012418134457758,-0.865307254363206,0.47869337210350577,0.10406181902380258,0.645852818674291,0.3051283050590164,2,0.521514122971102,0.5545128771072257,0.3600531162321894,-0.033799370439732426,2
6816,US-Twt,2016-01-27,US-Bi1,Croplands,38.1087203999999,-121.6531,1.3,1.3000001,0.8720119486964417,14.809873375000002,0.2538251208333332,0.9874157916666664,0.4482293417404106,0.893918596519257,0.6225513598911608,0.1287812221712332,0.8762053153512429,-0.622551359891161,2,0.7669066832054594,0.519458351607542,0.5812890448604809,0.03048472066759828,2
6817,US-Twt,2016-02-04,US-Bi1,Croplands,38.1087203999999,-121.6531,1.6,2.0,1.0649147879160965,13.27002002083333,0.22943933125,2.8245793333333338,0.5667017562911176,0.8239230057575542,0.1962183402761933,0.05448734523518107,0.6949030147486314,-0.19621834027619334,2,0.24142785804550437,0.1357197109363102,0.21150745184676528,2.6352865851345803e-05,2
6818,US-Twt,2016-03-15,US-Bi1,Croplands,38.1087203999999,-121.6531,2.6,2.9,3.270805108252222,16.733959020833336,0.5144206854166667,2.500846333333333,0.9611297838723007,0.2760969730974688,0.004898177121063607,0.1677923399892264,0.7560429710359629,0.004898177121063663,2,0.050077478308887424,0.1454752891266317,-0.18085823607232832,0.04848022317450916,2
6819,US-Twt,2016-03-23,US-Bi1,Croplands,38.1087203999999,-121.6531,3.1,3.4,3.383882395171961,16.96517064583334,0.5976405791666667,2.570318541666667,0.989932495087353,0.141540295217043,-0.4219364369363594,0.07714007515850857,0.6345466832475246,-0.4219364369363594,2,-0.341532509510942,-0.42894205241034594,-0.4953347488877902,0.013714460596728793,2
6820,US-Twt,2016-03-31,US-Bi1,Croplands,38.1087203999999,-121.6531,3.5,4.0,4.533253264065628,17.785881750000012,0.5756469229166666,5.234998041666667,0.99999073973619,0.0043035382962442,0.16019945349543183,0.20855636147343656,1.115570072535704,0.16019945349543185,2,0.19692867305905803,-0.06428157783916279,0.34795126526640024,0.15286851246817382,2
6821,US-Twt,2016-04-16,US-Bi1,Croplands,38.1087203999999,-121.6531,3.0,5.0,2.7839575834161003,21.6340275,1.3175553812500005,2.1691638124999995,0.9634705485641488,-0.2678143051621742,-0.2916869405640517,0.03556046394590644,0.596916694779485,0.14039789260374763,2,-0.2843610238652129,-0.2603599745860398,-0.3303398232409024,-0.007022253315276487,2
6822,US-Twt,2016-04-24,US-Bi1,Croplands,38.1087203999999,-121.6531,1.9,4.7000003,1.0646896823775471,18.6068383125,0.7514966729166667,6.226441583333334,0.9175836260593936,-0.3975428142825559,1.57448029646022,0.351719499853089,0.9174947705944254,-1.57448029646022,2,1.9462108433191978,1.2469502533247416,1.53027979273672,-0.32145485613612756,2
6823,US-Twt,2016-05-02,US-Bi1,Croplands,38.1087203999999,-121.6531,1.0,5.5,0.4378002980472,21.339423916666664,1.0748607645833337,3.031494499999998,0.854322169749827,-0.5197438121555155,0.32483815472744054,0.13809880556099935,0.5235447528625295,-0.3248381547274406,2,0.3225607499085608,0.4640615781158609,0.1878921361578998,0.01400368494805945,2
6824,US-Twt,2016-05-10,US-Bi1,Croplands,38.1087203999999,-121.6531,0.9,5.7000003,0.7649478964261066,22.93029475,1.032184454166667,4.5753671875,0.7748840413670407,-0.6321034111873487,0.9533686221328755,0.1635361890989531,0.5525605254828932,-0.9533686221328757,2,0.9564438735397556,1.1153454981306512,0.7883164947282196,-0.2883734306257239,2
6825,US-Twt,2016-05-18,US-Bi1,Croplands,38.1087203999999,-121.6531,0.8,8.400001,1.005303314198245,29.53726929166667,2.4264324729166664,3.720853625,0.6807734094770161,-0.7324940716135789,-0.19025715649590955,0.10581524696408447,0.6251544554308935,-0.19025715649590957,2,-0.08045509857250005,-0.29157475089397933,-0.19874162002124923,-0.07952270178495358,2
6826,US-Twt,2016-05-26,US-Bi1,Croplands,38.1087203999999,-121.6531,1.9,6.4,0.6021396017190047,21.82214964583333,1.0827838875,3.3825806041666664,0.5737722679043246,-0.8190148866680801,0.5183732750958066,0.20955415995548257,0.48136266908863307,-0.5183732750958066,2,0.476309667895476,0.7457686793299504,0.3330414780619932,-0.12983093327113185,2
6827,US-Twt,2016-06-11,US-Bi1,Croplands,38.1087203999999,-121.6531,4.1,7.3,2.2340761511918523,25.52539527083333,1.88723651875,4.087582604166668,0.3294084822245304,-0.9441875088341992,0.9601292709737429,0.04619465496135717,0.7571735977237679,-0.9601292709737428,2,0.907894978617392,0.9768853182034896,0.9956075161003475,-0.44604198998506994,2
6828,US-Twt,2016-06-19,US-Bi1,Croplands,38.1087203999999,-121.6531,2.4,7.4,2.9765772669525288,26.602624020833336,1.9922272000000003,2.4409861875000005,0.1966728897935764,-0.980469160361632,-0.24886232783721274,0.04379588769137571,0.46026817147034504,-0.24886232783721274,2,-0.22733712178118812,-0.2992554608498197,-0.21999440088063038,-0.007498904410043941,2
6829,US-Twt,2016-06-27,US-Bi1,Croplands,38.1087203999999,-121.6531,8.4,8.900001,8.161782603334434,31.588401979166665,2.5175900270833336,3.792104416666666,0.060213277365793,-0.9981855344718586,-1.4249844931101208,0.3172581743703881,1.1559165730710557,-0.9485496997789873,2,-1.061136798003829,-1.6438392258301697,-1.5699774554963626,-0.7064947985639078,2
6830,US-Twt,2016-07-05,US-Bi1,Croplands,38.1087203999999,-121.6531,7.4,7.0,6.234217746420296,21.900679937500005,0.8004096895833333,5.334180874999999,-0.0773864792334632,-0.9970011699250152,-1.4439285576119711,0.3377766900418803,1.1541247845496543,0.8876359495474369,2,-1.281955650896813,-1.8321879766748503,-1.2176420452642502,-0.45404868010624977,2
6831,US-Twt,2016-07-13,US-Bi1,Croplands,38.1087203999999,-121.6531,7.4,8.900001,6.675850433150015,29.378077125,1.8671176979166668,1.9642014166666664,-0.2135209154397959,-0.9769384927771816,-1.8922212824062268,0.025578651126382166,0.5336220799622734,-0.4439221487062561,2,-1.9183543150445759,-1.8910739039454467,-1.867235628228658,-1.571246225987342,2
6832,US-Twt,2016-07-21,US-Bi1,Croplands,38.1087203999999,-121.6531,7.7,7.6,9.096805216186524,23.800474895833336,1.1225036333333331,3.6127561041666674,-0.3456123126707333,-0.9383773917408642,-2.136091408931847,0.2191537552333265,0.9887228644770547,-2.136091408931847,2,-1.8842484641692652,-2.240571873574411,-2.2834538890518647,-1.5175140058240053,2
6833,US-Twt,2016-07-29,US-Bi1,Croplands,38.1087203999999,-121.6531,8.3,9.8,8.813289081953819,29.09462172916667,1.7400295375,1.829098916666667,-0.4711595076738639,-0.8820480249558535,-2.576555496650902,0.09636535878751738,0.9417102414256233,-2.576555496650902,2,-2.494864288156367,-2.6828319209700116,-2.551970280826328,-1.6835093688113736,2
6834,US-Twt,2016-08-06,US-Bi1,Croplands,38.1087203999999,-121.6531,6.7,6.6,6.352112722949268,22.55968110416666,0.8306175125,2.5005718750000003,-0.5877852522924734,-0.8090169943749472,-1.4048735028882204,0.28018304986467263,0.5664333685711491,-0.7090989487867569,2,-1.1024809278908565,-1.4564626150865392,-1.6556769656872659,-0.4111858959219309,2
6835,US-Twt,2016-08-14,US-Bi1,Croplands,38.1087203999999,-121.6531,7.6,8.1,7.94202119782899,27.067172437499995,1.5686041833333335,1.7670399583333325,-0.6932812268869771,-0.7206671495538615,-1.8782952411014888,0.15379028096339475,0.751192210963374,-1.8782952411014886,2,-1.701668313723196,-1.9506824085332715,-1.9825350010479994,-1.7479910877547717,2
6836,US-Twt,2016-08-22,US-Bi1,Croplands,38.1087203999999,-121.6531,5.7,6.3,5.5793042943615285,22.63387633333333,0.8489715166666668,3.690157229166666,-0.7856498550787144,-0.6186714032625032,-1.1452227743627625,0.02841606181309287,0.6943290284842805,-0.9038313630858192,2,-1.1175502340647547,-1.1743281457969392,-1.1437899432265934,-0.9532137186365993,2
6837,US-Twt,2016-08-30,US-Bi1,Croplands,38.1087203999999,-121.6531,6.2,7.0,6.794434445489606,26.113677145833336,1.3750088104166671,3.2469705625,-0.8631421280499115,-0.5049610547215202,-1.2370048001324665,0.1403080423064366,0.883071993909064,-1.2370048001324665,2,-1.0807360594624107,-1.2781066543105961,-1.3521716866243927,-0.8451727299163397,2
6838,US-Twt,2016-09-07,US-Bi1,Croplands,38.1087203999999,-121.6531,5.2,6.8,4.672410442612222,26.46028608333334,1.5996025645833336,1.2268103958333336,-0.9242907221930934,-0.3816892202666586,-1.1354991903461291,0.26600786883284544,0.6812847733627793,-0.08032007557057219,2,-1.371420079593094,-0.8471973626306825,-1.187880128814611,-0.19485319586698285,2
6839,US-Twt,2016-09-15,US-Bi1,Croplands,38.1087203999999,-121.6531,4.7,5.6,4.199812048187632,23.625657354166663,1.2630896687499995,1.951438791666667,-0.9679377830240642,-0.2511900638848195,-0.8237449527045936,0.1251725492192904,0.42755539109692114,0.17663095092014236,2,-0.7578308322907327,-0.7453033431456514,-0.9681006826773968,0.025573347100107426,2
6840,US-Twt,2016-09-23,US-Bi1,Croplands,38.1087203999999,-121.6531,3.9,5.5,3.5307440090112387,21.576250145833335,1.2156549645833337,1.9869707708333333,-0.9932568492674144,-0.1159345995955006,-0.7922405890550092,0.09809740620538081,0.43087848557198444,-0.053728607077486834,2,-0.7311121031273824,-0.7402180155141864,-0.9053916485234587,0.1028656532058374,2
6841,US-Twt,2016-10-01,US-Bi1,Croplands,38.1087203999999,-121.6531,3.8,4.8,2.896007581056377,19.705597583333333,0.9728092666666672,2.610386083333333,-0.9997685019798908,0.0215160974362222,-0.8121972678288315,0.03525124549407492,0.7161021958793996,0.8121972678288315,2,-0.791485429642626,-0.8528997703885268,-0.7922066034553418,0.17264244734097814,2
6842,US-Twt,2016-10-09,US-Bi1,Croplands,38.1087203999999,-121.6531,3.0,4.7000003,1.6853625795480722,21.378984520833328,1.3260440104166669,0.9852435,-0.9873494423939864,0.1585593851031347,-0.17327223778224746,0.09973330973524412,0.5193809153616712,0.17327223778224754,2,-0.23523146290276833,-0.058224058637355636,-0.22636119180661846,0.012404314516349296,2
6843,US-Twt,2016-10-17,US-Bi1,Croplands,38.1087203999999,-121.6531,1.6,2.3,1.6322186405976995,20.204311333333333,0.5585196166666667,1.7716074166666662,-0.9562348265919058,0.2926003356333479,0.31224168876535047,0.043766344880825994,0.5996427909776786,-0.24780440756995165,2,0.3558872414402894,0.31248228123234395,0.26835554362341796,-0.007022253315276487,2
6844,US-Twt,2016-11-02,US-Bi1,Croplands,38.1087203999999,-121.6531,0.9,1.8000001,0.7652663626451643,16.582712333333333,0.3729958,1.043774375,-0.8406184056344783,0.5416278206559811,0.40527035929351696,0.08303433100508299,0.5683114526177407,-0.40527035929351696,2,0.4749993684572765,0.42739795141145975,0.3134137580118145,0.01031895004893374,2
6845,US-Twt,2016-11-18,US-Bi1,Croplands,38.1087203999999,-121.6531,1.7,2.0,1.0126960233854867,11.668193479166666,0.3604624333333334,1.3149459375,-0.661634618242279,0.749826401204568,0.39884740469424856,0.09803271659095988,0.4450693824652997,-0.3988474046942485,2,0.48467464083462775,0.29201448066270524,0.4198530925854128,0.029408508016354657,2
6846,US-Twt,2016-12-04,US-Bi1,Croplands,38.1087203999999,-121.6531,1.0,1.1,0.6085323640189496,10.9322952,0.2424527395833333,0.8468681041666667,-0.4327755925504317,0.9015016841318838,0.7045824680322742,0.15546381831967987,0.6393479311817643,-0.7045824680322742,2,0.8762880431110387,0.5733766715333146,0.6640826894524692,-0.28081153312182966,2
6847,US-Twt,2017-01-29,US-Bi1,Croplands,38.1087203999999,-121.6531,1.6,1.7,0.5342638424771395,14.274283020833336,0.2646548291666666,0.8758155624999997,0.4787338401157884,0.8779600847008882,0.5825280564222847,0.06371943975162632,0.7506383958022717,-0.5825280564222848,2,0.6549817488040764,0.5352100494515311,0.5573923710112466,-0.005047547134706655,2
6848,US-Twt,2017-02-14,US-Bi1,Croplands,38.1087203999999,-121.6531,1.4,1.4,1.364372980894199,17.50494698958333,0.3478623625000001,0.9582981875,0.6994583270516471,0.7146733860429609,0.45187032355012385,0.20477068885457306,0.9495063592441669,-0.45187032355012385,2,0.6665905703118946,0.25876379069980604,0.43025660963867085,0.03879139625093904,2
6849,US-Twt,2017-04-03,US-Bi1,Croplands,38.1087203999999,-121.6531,4.4,4.9,4.279633559731296,18.6520245625,1.0752230604166666,3.478493124999998,0.9995462806873572,-0.0301203048469081,-1.1876047196458375,0.08923099690613355,0.7799839597363922,-0.9468718391084296,2,-1.167701995761895,-1.1100056275892025,-1.285106535586415,0.10586474056879082,2
7454,US-Var,2016-01-12,US-Var,Grasslands,38.4133,-120.9507,0.7,1.2,0.4778835639022038,13.662862500000005,0.425843,1.3056606249999996,0.2051044998686192,0.9787400799669153,0.5455959604229133,0.14237086935664678,0.7656408991834095,-0.5455959604229133,2,0.6654185441495901,0.583159669268295,0.38820966785085453,0.01597839112862928,2
7455,US-Var,2016-02-05,US-Var,Grasslands,38.4133,-120.9507,0.4,1.7,0.6213664713410569,13.516524999999994,0.3457959166666666,1.1836453958333333,0.5808002734538009,0.8140460935082178,0.24019844430794204,0.025791572224787833,0.7594158926641755,0.20253449837417178,2,0.2683822584837195,0.2177722909010763,0.23444078353903036,0.026741909731313268,2
7456,US-Var,2016-02-12,US-Var,Grasslands,38.4133,-120.9507,0.9,1.5,1.0584513667654358,17.519875000000006,0.6442683333333333,1.3473643749999995,0.6744436188329455,0.7383263540031065,0.40016202859292055,0.1362490795116316,0.9584372043289671,-0.08325929506204893,2,0.5409971310684845,0.2690162540912396,0.3904727006190376,0.051678223204660034,2
7457,US-Var,2016-02-13,US-Var,Grasslands,38.4133,-120.9507,1.6,2.1000001,1.1773184954011269,17.043958333333332,0.6532695833333335,1.5697904166666663,0.6870527672236669,0.7266075247685656,0.24507969657434994,0.10893171814796247,0.7462915348790533,-0.24507969657434991,2,0.3689505173561719,0.2020687158391894,0.16421985652768856,0.0445691071312289,2
7458,US-Var,2016-02-21,US-Var,Grasslands,38.4133,-120.9507,1.1,1.9,1.1956913842998926,14.26695833333334,0.3451069999999999,1.4380297916666664,0.7802958510707755,0.6254105729852463,0.2473174459167948,0.08720533220942456,0.6586656864590064,-0.05593467731700971,2,0.2780924998965359,0.1488971422350412,0.3149626956188073,0.008719579617223586,2
7459,US-Var,2016-02-29,US-Var,Grasslands,38.4133,-120.9507,2.1,1.8000001,2.214693458664998,17.36554166666666,0.7993081250000001,1.3418479166666666,0.8587639582758029,0.5123714121284237,0.3022503968956605,0.14842631035077533,0.7453131408099504,-0.07286347956566469,2,0.47343808265205767,0.20948356382010092,0.22382954421482293,0.04235499799274872,2
7460,US-Var,2016-03-15,US-Var,Grasslands,38.4133,-120.9507,2.0,2.5,2.6725736115441667,14.560547916666671,0.5800013541666668,1.5237122916666668,0.9611297838723007,0.2760969730974688,0.17905038749428226,0.009885739718002991,0.6211498858331401,0.17905038749428226,2,0.1681715217058961,0.18149556603374645,0.18748407474320422,-0.007022253315276487,2
7461,US-Var,2016-03-16,US-Var,Grasslands,38.4133,-120.9507,2.8,2.8,2.2520777026178913,15.794687500000006,0.5410364583333334,1.2165268749999991,0.9657399376548548,0.2595117970697999,-0.07863049252036716,0.15026428324011262,0.6712874350377169,0.07863049252036713,2,0.09262387590663504,-0.14010584888034472,-0.1884095045873918,0.016315430559629553,2
7462,US-Var,2016-03-23,US-Var,Grasslands,38.4133,-120.9507,2.7,3.1000001,2.8551326425418107,14.543281249999998,0.5844954166666666,1.1234635208333337,0.989932495087353,0.141540295217043,-0.09397731648485641,0.14019647852622574,0.6934195999334858,-0.09397731648485641,2,0.06715160898620098,-0.1880752423234235,-0.16100831611734667,0.019452920697477127,2
7463,US-Var,2016-03-24,US-Var,Grasslands,38.4133,-120.9507,3.0,3.2,3.0346373188080715,16.59425,0.6376729166666667,1.34910875,0.9922222094179324,0.1244792638867891,-0.2441038659487905,0.19733894633496482,0.6970397389459491,-0.24410386594879052,2,-0.018636531013141958,-0.3282714626620258,-0.3854036041712038,0.04235499799274872,2
7464,US-Var,2016-03-31,US-Var,Grasslands,38.4133,-120.9507,3.4,3.4,2.9986202219500213,16.13077083333333,0.4746766874999999,0.9233002083333334,0.99999073973619,0.0043035382962442,-0.3706659393749215,0.24032757964431628,0.7580557216875151,0.3706659393749215,2,-0.09337649588931957,-0.5188116577117141,-0.499809664523731,0.04848022317450916,2
7465,US-Var,2016-04-01,US-Var,Grasslands,38.4133,-120.9507,3.4,3.4,3.2115933328603696,16.89802083333333,0.5225872708333333,1.0331864583333334,0.999916658654738,-0.0129102960750088,-0.3735079159403636,0.24202480710766688,0.763562178972267,0.0033054183388969705,2,-0.09466499414302793,-0.49677462589241833,-0.5290841277856444,0.04848022317450916,2
7466,US-Var,2016-04-08,US-Var,Grasslands,38.4133,-120.9507,3.2,3.4,2.555473228630847,18.644145833333337,0.4107657916666667,0.9066104166666666,0.9911140639934548,-0.1330147065341959,-0.2242039440049337,0.2153697634921384,0.7644877376528113,0.2242039440049337,2,0.023421479714104243,-0.32813268813578217,-0.36790062359312325,0.04848022317450916,2
7467,US-Var,2016-04-16,US-Var,Grasslands,38.4133,-120.9507,4.5,4.6,4.1198272839528425,18.540291666666672,0.9852391666666668,0.9614089583333336,0.9634705485641488,-0.2678143051621742,-0.9158547265333444,0.13876501325969343,0.6203415176289735,-0.1555092944390294,2,-0.7764134376324945,-0.9172173128105356,-1.0539334291570028,0.07038294141691359,2
7468,US-Var,2016-04-17,US-Var,Grasslands,38.4133,-120.9507,4.1,4.6,4.57984551712517,21.256479166666665,1.182187916666667,1.1103170833333331,0.9587178169872964,-0.2843591872810034,-0.5851702318419935,0.1940583460580301,0.5249151993039342,-0.5851702318419933,2,-0.37549447588087903,-0.6215559389557364,-0.7584602806893651,0.04275031185430208,2
7469,US-Var,2016-04-25,US-Var,Grasslands,38.4133,-120.9507,3.8,4.2000003,3.7286506479082,15.102477083333332,0.6965411958333333,1.391395625,0.9106046300942164,-0.4132786077829042,-0.8891221993315774,0.13217835556179966,0.45113373456555694,-0.7464234951479778,2,-0.8092534177084632,-0.8164206679399982,-1.041692512346271,0.19054830546704485,2
7470,US-Var,2016-05-02,US-Var,Grasslands,38.4133,-120.9507,3.9,5.2000003,4.229134915861162,21.388583333333333,1.2176502083333334,1.0218520833333335,0.854322169749827,-0.5197438121555155,-0.42432449763238633,0.12676999725587879,0.42351834753792134,-0.42432449763238633,2,-0.279727068910807,-0.4768920207066276,-0.5163544032797243,-0.038590201560343346,2
7471,US-Var,2016-05-11,US-Var,Grasslands,38.4133,-120.9507,4.8,5.6,3.4348796529255443,22.24818749999999,1.3816572916666667,0.8715924999999999,0.7638886127905428,-0.6453481132295501,-0.9032645967629845,0.11561222469044512,0.5499158574230961,0.9032645967629845,2,-0.801605435168151,-0.8791592214601232,-1.0290291336606794,0.07038294141691359,2
7472,US-Var,2016-05-18,US-Var,Grasslands,38.4133,-120.9507,3.4,7.6,2.5366451333314988,25.949041666666663,2.272414166666666,1.0121820833333337,0.6807734094770161,-0.7324940716135789,-0.5849901502561474,0.4318732110962592,0.8887585536568077,0.5849901502561474,2,-0.1565099106997284,-1.0201781908094785,-0.5782823492592354,-0.047357939348557546,2
7473,US-Var,2016-05-19,US-Var,Grasslands,38.4133,-120.9507,3.5,6.3,1.8382404602031333,21.01872916666667,1.209484375,1.5668693750000002,0.6680638642135335,-0.7441039398713607,-0.17152306536037323,0.05353832264353864,0.5552995421898518,0.1715230653603732,2,-0.13731406714141908,-0.233221962348119,-0.1440331665915816,-0.030928205118791137,2
7474,US-Var,2016-05-26,US-Var,Grasslands,38.4133,-120.9507,3.8,5.7000003,1.34930070807005,20.742395833333337,1.053035704166667,1.1855182083333338,0.5737722679043246,-0.8190148866680801,-0.3705205216257789,0.03340328481248587,0.5396500359955079,0.370520521625779,2,-0.4039853977439811,-0.37039699641668344,-0.33717917071667214,-0.024686651792456615,2
7475,US-Var,2016-05-27,US-Var,Grasslands,38.4133,-120.9507,3.4,5.7000003,1.418154621526745,22.97372916666667,1.602109791666667,1.2800304166666667,0.5595892624101765,-0.8287700871745037,-0.17441062695487788,0.02022206523194332,0.5695283448851154,0.17441062695487797,2,-0.16291050797015552,-0.1977601855806773,-0.1625611873138009,-0.02106874655695929,2
7476,US-Var,2016-06-11,US-Var,Grasslands,38.4133,-120.9507,2.3,5.8,0.2091040246742542,22.85039583333333,1.8516160416666667,1.30796375,0.3294084822245304,-0.9441875088341992,0.05951912219285169,0.02306456821377229,0.5678520483341154,-0.059519122192851714,2,0.032892089478967046,0.0733071420039888,0.07235813509559921,-0.02106874655695929,2
7477,US-Var,2016-06-19,US-Var,Grasslands,38.4133,-120.9507,1.3,5.9,0.1557116034489117,25.107916666666664,2.0785756250000005,1.243812916666666,0.1966728897935764,-0.980469160361632,0.2961094144032998,0.12081495321485095,0.6840369195627405,-0.29610941440329985,2,0.15826527604449558,0.3836190617034726,0.3464439054619312,0.00540642745579432,2
7478,US-Var,2016-06-20,US-Var,Grasslands,38.4133,-120.9507,2.6,7.1,0.2278720354892114,26.574354166666662,2.6363950000000003,1.336863125,0.1797665857255624,-0.9837092937736096,-0.3913675449751803,0.07903530345594195,0.6471847420451308,0.39136754497518034,2,-0.3007738728588961,-0.42711612874621635,-0.44621263332042843,-0.01564573112601862,2
7479,US-Var,2016-06-27,US-Var,Grasslands,38.4133,-120.9507,1.8,6.8,0.1512455015638201,30.58629166666667,3.575708333333333,1.4305199999999998,0.060213277365793,-0.9981855344718586,-0.15782802306220764,0.06298318718844169,0.7216133686553616,0.15782802306220756,2,-0.12628712796760921,-0.11684672331580725,-0.23035021790320642,-0.005347996625399529,2
7480,US-Var,2016-06-28,US-Var,Grasslands,38.4133,-120.9507,2.4,7.8,0.0465756928593976,30.39470833333333,3.4231562499999995,1.2644593750000002,0.0430222330045305,-0.99907411510223,-0.6004127455250768,0.17322960921941952,0.7745348168496152,0.6004127455250767,2,-0.40176164097574013,-0.679445404799752,-0.7200311907997383,-0.17249403033161123,2
7481,US-Var,2016-07-05,US-Var,Grasslands,38.4133,-120.9507,1.9,7.0,0.0428044818670041,22.29375000000001,1.4077389583333335,1.1752212083333329,-0.0773864792334632,-0.9970011699250152,0.03263180979561054,0.10861934785813872,0.6404038759121794,-0.032631809795610645,2,0.012550470297079258,0.1498905637568499,-0.06454560466709754,-0.011960996226892916,2
7482,US-Var,2016-07-06,US-Var,Grasslands,38.4133,-120.9507,2.3,6.9,0.0878421178375732,22.483291666666663,1.4767766666666668,1.3223475,-0.0945367498171993,-0.9955213724144752,-0.08859532401936403,0.06942758275822994,0.6013562126770451,0.08859532401936399,2,-0.10983937275635643,-0.011027746829219642,-0.14491885247251599,-0.03138756405851869,2
7483,US-Var,2016-07-13,US-Var,Grasslands,38.4133,-120.9507,1.5,7.1,0.136057551560776,27.67583333333333,2.9105256250000004,1.262811875,-0.2135209154397959,-0.9769384927771816,-0.009530545797819534,0.0932235975666008,0.5518577060431801,0.009530545797819423,2,-0.07563726573443524,0.09709635104126768,-0.05005072270029104,-0.01564573112601862,2
7484,US-Var,2016-07-14,US-Var,Grasslands,38.4133,-120.9507,1.3,7.3,0.1057231731668172,29.79725,3.3663437500000004,1.2388147916666667,-0.2303056702306119,-0.973118337233262,-0.07310636732720527,0.08637755095276221,0.5713487476694251,0.07310636732720521,2,-0.10181704464980867,0.02397051667964134,-0.14147257401144847,-0.012445999876674923,2
7485,US-Var,2016-07-21,US-Var,Grasslands,38.4133,-120.9507,2.3,7.2000003,0.1478454660889497,24.098520833333332,2.168448125,1.2849366666666666,-0.3456123126707333,-0.9383773917408642,-0.19063771237356952,0.0757143024147462,0.5377834432143974,0.19063771237356963,2,-0.18398245798575377,-0.1184707286212202,-0.2694599505137346,-0.028187832809175008,2
7486,US-Var,2016-07-22,US-Var,Grasslands,38.4133,-120.9507,2.4,7.0,0.1580777082501569,25.50075,2.52163375,1.2656852083333334,-0.3617137307297674,-0.9322892131745134,-0.2560411472132709,0.11078127850099763,0.5244233380453087,0.25604114721327087,2,-0.2251632509315462,-0.16397470801365213,-0.37898548269461446,-0.011960996226892916,2
7487,US-Var,2016-07-29,US-Var,Grasslands,38.4133,-120.9507,1.6,7.9,0.1367877736967304,30.29483333333333,3.4918333333333336,1.230306458333333,-0.4711595076738639,-0.8820480249558535,-0.36637607065635563,0.12503045626644094,0.633517982227999,0.3663760706563557,2,-0.26891163075240165,-0.3228687805822553,-0.5073478006344099,-0.032087954640506566,2
7488,US-Var,2016-07-30,US-Var,Grasslands,38.4133,-120.9507,1.6,8.2,0.0909814290299135,29.15616666666668,3.26023125,1.3537179166666666,-0.4862727071086902,-0.8738071036110807,-0.3525583705971047,0.12276932376754265,0.6275866488995809,0.3525583705971047,2,-0.27143706508473153,-0.2924373110003725,-0.49380073570621,-0.032087954640506566,2
7489,US-Var,2016-08-06,US-Var,Grasslands,38.4133,-120.9507,1.9,6.5,0.0871420932373798,22.866916666666665,1.6186827083333335,1.2252518750000003,-0.5877852522924734,-0.8090169943749472,0.06969404977032251,0.09246028160171359,0.504492233090889,-0.06969404977032245,2,0.03619663526447928,0.17423424915053382,-0.0013487351040455675,-0.024313282594595267,2
7490,US-Var,2016-08-07,US-Var,Grasslands,38.4133,-120.9507,1.9,6.3,0.093018155364115,23.1843125,1.6863087499999996,1.194294375,-0.6016240632249227,-0.7987793728863648,0.10693778688274753,0.0980472386263828,0.4813316096781543,-0.10693778688274747,2,0.049045538447587966,0.22014319355988887,0.05162462864076581,-0.01518637218629108,2
7491,US-Var,2016-08-14,US-Var,Grasslands,38.4133,-120.9507,1.0,7.4,0.0700193873852291,29.320791666666675,3.3125770833333337,1.3028395833333335,-0.6932812268869771,-0.7206671495538615,-0.07960039656554317,0.10064006193367822,0.6900083804548537,0.07960039656554319,2,-0.09735192419512995,0.028734326202813576,-0.17018359170431313,-0.0001132883647112308,2
7492,US-Var,2016-08-15,US-Var,Grasslands,38.4133,-120.9507,1.6,6.9,0.0383544913955582,25.9281875,2.3807575,1.1392964583333334,-0.7055836101071774,-0.7086266782644601,-0.13316049359466822,0.10310913897797228,0.6031722456363541,0.1331604935946682,2,-0.1646453273484777,-0.017979535530756763,-0.21685661790477023,-0.011960996226892916,2
7493,US-Var,2016-08-23,US-Var,Grasslands,38.4133,-120.9507,2.0,5.7000003,0.0602838149603601,23.05204166666667,1.815439166666667,1.0910514583333333,-0.7961828637826154,-0.6050560696488494,-0.1423233127471318,0.1275488685118102,0.5178205756950472,0.14232331274713172,2,-0.17842036156912502,-0.0006161203892418587,-0.2479334562830285,-0.0016421787253335074,2
7494,US-Var,2016-08-30,US-Var,Grasslands,38.4133,-120.9507,1.0,6.2000003,0.0543546110500383,24.33241666666667,1.8571493750000003,1.10886,-0.8631421280499115,-0.5049610547215202,-0.08863714760725909,0.0819808104026682,0.6032987395220843,0.08863714760725905,2,-0.13530987798144667,0.006023094744792734,-0.13662465958512335,0.00297809225162017,2
7495,US-Var,2016-08-31,US-Var,Grasslands,38.4133,-120.9507,1.5,6.1,-0.0024703944818419,23.743583333333333,1.6687824999999998,1.18722125,-0.8717063187093218,-0.4900286664290594,-0.24131987789632584,0.08703716369908804,0.5588593458656906,0.24131987789632592,2,-0.27519833933908866,-0.14243764715367802,-0.3063236471962109,-0.0003917414010868624,2
7496,US-Var,2016-09-07,US-Var,Grasslands,38.4133,-120.9507,1.3,5.1,0.0299643630906505,26.11800000000001,2.5704310416666662,1.2323943750000002,-0.9242907221930934,-0.3816892202666586,-0.19200906595578635,0.18559680122233302,0.6343722089654393,0.19200906595578626,2,-0.3880097208555099,-0.01894889515995299,-0.16906858185189616,0.016315430559629553,2
7497,US-Var,2016-09-08,US-Var,Grasslands,38.4133,-120.9507,1.7,5.6,0.0198113633219626,24.1770625,1.7929691666666667,1.1483570833333332,-0.9307239310379792,-0.3657225234972692,-0.4256627520057214,0.11991296348213991,0.6017201294998548,0.42566275200572146,2,-0.4964978490024929,-0.2872116624337488,-0.49327874458092236,0.01739919549585451,2
7498,US-Var,2016-09-15,US-Var,Grasslands,38.4133,-120.9507,1.0,4.4,0.0403334755840191,22.120458333333332,1.6208237499999996,1.095705625,-0.9679377830240642,-0.2511900638848195,-0.14178528998771692,0.17135750010944265,0.5891781357078834,0.1417852899877169,2,-0.2873311749610773,0.04707248944698439,-0.1850971844490579,0.01791480099133971,2
7499,US-Var,2016-09-16,US-Var,Grasslands,38.4133,-120.9507,0.8,4.5,0.0294490674885026,22.99154166666667,1.7724472916666667,0.9710460416666667,-0.9721181966290612,-0.2344913895704105,-0.15177120549729736,0.18406333315161072,0.667965801178923,0.1517712054972974,2,-0.3077316556316775,0.05125526743959888,-0.1988372282998134,0.01791480099133971,2
7500,US-Var,2016-09-23,US-Var,Grasslands,38.4133,-120.9507,0.3,4.6,0.1320148606484985,20.2904375,1.5741814583333331,1.4294754166666668,-0.9932568492674144,-0.1159345995955006,-0.0227094088130199,0.1569058560976229,0.4457652881617471,0.022709408813019888,2,-0.13040472294229258,0.15731565178995172,-0.09503915528671883,0.03860372939047078,2
7501,US-Var,2016-09-24,US-Var,Grasslands,38.4133,-120.9507,1.1,4.9,0.0471744659494825,22.614750000000004,1.861668333333333,1.0736391666666665,-0.9951053111006974,-0.0988201387328721,-0.37294008474274626,0.061539626155058966,0.5145700448541614,0.3729400847427462,2,-0.36041690035647367,-0.3186252543201076,-0.43977809955165764,-0.007022253315276487,2
7502,US-Var,2016-10-01,US-Var,Grasslands,38.4133,-120.9507,0.8,3.6000001000000004,0.0330152172434926,17.427604166666672,1.0349591666666669,1.206398125,-0.9997685019798908,0.0215160974362222,-0.06511816904727336,0.0651673998323844,0.3435835775439928,0.0651181690472733,2,-0.13988291966581654,-0.035115769999761653,-0.02035581747624189,-0.057521202155399624,2
7503,US-Var,2016-10-02,US-Var,Grasslands,38.4133,-120.9507,0.9,2.9,0.0735207341537319,16.98239583333333,0.7364987500000001,1.5813379166666666,-0.9992500112396836,0.0387222808921739,0.0449469643122909,0.09004512716844487,0.42116298226527515,-0.04494696431229095,2,-0.015939416537657763,0.002398638812278031,0.14838167066225244,-0.04567044700726411,2
7504,US-Var,2016-10-09,US-Var,Grasslands,38.4133,-120.9507,0.5,4.2000003,0.0977962772709906,23.329062500000006,2.238754166666666,1.2760625,-0.9873494423939864,0.1585593851031347,-0.13820191752282723,0.03414097090400696,0.5049723288257297,0.13820191752282723,2,-0.13721194941328727,-0.1045666969689984,-0.17282710618619604,-0.0054228828835663325,2
7505,US-Var,2016-10-10,US-Var,Grasslands,38.4133,-120.9507,0.8,4.4,0.0420330696746606,21.3548125,1.6540768749999992,1.2100329166666668,-0.9844738167520924,0.1755314904214277,-0.2139991428625538,0.07912688469316621,0.45964529939633747,0.21399914286255384,2,-0.18425053488191892,-0.1540581467889371,-0.30368874691680536,0.031007878448064814,2
7506,US-Var,2016-10-18,US-Var,Grasslands,38.4133,-120.9507,0.9,2.3,0.6666921937900481,17.422062500000006,0.6588447291666667,1.597294375,-0.9510565162951536,0.3090169943749472,0.19654956105398025,0.0489210253156372,0.3793606281476992,-0.19654956105398025,2,0.2353128622873204,0.21275332284258114,0.1415824980320392,-0.057521202155399624,2
7507,US-Var,2016-10-26,US-Var,Grasslands,38.4133,-120.9507,1.6,2.7,1.0375656305628378,20.428729166666667,1.0474479166666668,1.0566485416666664,-0.8996308696522434,0.4366512319560638,0.3798321563712168,0.07060519522731815,0.5045188666146385,-0.3798321563712168,2,0.45527926088966253,0.368864807279199,0.3153524009447889,-0.007022253315276487,2
7508,US-Var,2016-11-02,US-Var,Grasslands,38.4133,-120.9507,0.8,1.8000001,0.8494179432283699,16.42285416666667,0.4012755666666665,1.1235295833333332,-0.8406184056344783,0.5416278206559811,0.3771695179004169,0.08853282289867578,0.5299592531524396,-0.2783336314436771,2,0.45015407641890426,0.4026691848423082,0.27868529244003826,0.01031895004893374,2
7509,US-Var,2016-11-10,US-Var,Grasslands,38.4133,-120.9507,0.6,1.5,0.8118457974829913,20.433749999999996,0.8387758333333329,1.175472291666667,-0.7583058084785625,0.6518989958787125,0.5663812618840754,0.03376912338095106,0.8000085654845337,-0.1426896669180927,2,0.5931809043411713,0.5284521099054487,0.5775107714056064,0.01757875168074832,2
7510,US-Var,2016-11-11,US-Var,Grasslands,38.4133,-120.9507,0.8,2.0,0.9200734418506276,20.9074375,0.8690450000000003,1.1591179166666667,-0.7469720876965551,0.6648553979642867,0.4932216188499599,0.03224793540145579,0.7013445264096695,-0.2530747351487049,2,0.5044105782002237,0.4568694616105178,0.5183848167391383,0.0004606788927238885,2
7511,US-Var,2016-11-18,US-Var,Grasslands,38.4133,-120.9507,1.1,2.5,0.9047726689289788,16.203354166666667,0.8681635416666668,1.2507350000000004,-0.661634618242279,0.749826401204568,0.36637879006842206,0.06335013210882347,0.4639429872284557,-0.3663787900684221,2,0.4374159766440985,0.3157430597909026,0.345977333770265,0.00982380120381143,2
7512,US-Var,2016-12-20,US-Var,Grasslands,38.4133,-120.9507,0.5,0.8,0.4406336066908455,11.55679583333333,0.2551881041666666,1.1613583333333335,-0.1712931441814778,0.9852201067560606,0.6362493032630887,0.19411124517642048,0.6212077398183529,-0.6362493032630887,2,0.8517016292932587,0.5820432010671249,0.47500307942888254,-0.011223777057135571,2
7513,US-Var,2016-12-28,US-Var,Grasslands,38.4133,-120.9507,0.2,0.8,0.3546920083784287,10.995598958333332,0.18863535625,1.1285754166666662,-0.0344216116227458,0.9994074007397048,0.5426170640126916,0.2024917969053116,0.6064727651967571,-0.23323304725583427,2,0.7090117585543473,0.6016783967414819,0.3171610367422455,-0.024130564197175186,2
7514,US-Var,2016-12-29,US-Var,Grasslands,38.4133,-120.9507,0.4,1.0,0.4200488494264507,12.231650000000002,0.2664419375000001,1.1786197916666667,-0.0172133561558352,0.9998518392091162,0.5763254131884142,0.18508193041837584,0.6191274395777485,-0.5362277143355129,2,0.7482276719835809,0.6003403287012129,0.3804082388804487,-0.024130564197175186,2
7515,US-Var,2017-02-14,US-Var,Grasslands,38.4133,-120.9507,1.5,1.5,0.7813136267268961,15.157177083333332,0.3937979854166667,1.7753614583333337,0.6994583270516471,0.7146733860429609,0.38257277554638974,0.1459340232781683,0.7975660690459574,-0.3825727755463897,2,0.5437569299396158,0.25941909089001935,0.34454230580953416,0.04776801996186841,2
7516,US-Var,2017-03-02,US-Var,Grasslands,38.4133,-120.9507,1.8,2.2,0.9979034299032216,13.553243750000004,0.5527947916666668,2.2097606249999995,0.8674563547295968,0.4975132889071806,0.23343552235021955,0.014627447616499091,0.7506918928866684,-0.23343552235021947,2,0.23085405315394497,0.2202706616176574,0.24918185227905626,0.02514253929960311,2
7517,US-Var,2017-04-03,US-Var,Grasslands,38.4133,-120.9507,3.2,4.4,2.9482938386778508,15.279524999999998,0.8238951875000001,2.4763545833333342,0.9995462806873572,-0.0301203048469081,-0.6591054705260598,0.06322539724230758,0.5486224166637463,-0.15569314788176103,2,-0.7260147199916555,-0.600356279016766,-0.6509454125697581,0.03013810102871443,2
7518,US-Var,2017-04-04,US-Var,Grasslands,38.4133,-120.9507,3.4,3.3,2.6084065615962,15.977604166666673,0.8200118749999997,1.5941262708333337,0.9988797155850336,-0.0473213883224318,-0.5415665444492395,0.20849017499113362,0.6903122611355579,0.5415665444492395,2,-0.3076584935829869,-0.6091908539618736,-0.707850285802858,0.028358917720262593,2
7519,US-Var,2017-04-19,US-Var,Grasslands,38.4133,-120.9507,3.6,3.6000001000000004,3.1136891880495288,14.954395833333333,0.5610477625,1.8569758333333333,0.9536809966304456,-0.3008198076356673,-0.8310478503439326,0.194746604411537,0.49659684980167995,0.14157377355701006,2,-0.6576886674661163,-0.7936863791713995,-1.0417685043942824,0.1870719872872438,2
7520,US-Var,2017-04-20,US-Var,Grasslands,38.4133,-120.9507,4.6,3.7,3.2791050099290766,15.262937500000003,0.6169862500000001,2.4045420833333333,0.9483615800121716,-0.3171912885891061,-1.6359725523480622,0.28875683199557584,0.7223351436990011,1.005817427793784,2,-1.3525822513249195,-1.6255231630672682,-1.9298122426519988,-0.06556386969940961,2
7521,US-Var,2017-04-28,US-Var,Grasslands,38.4133,-120.9507,3.9,5.3,3.9639169878666847,15.508427083333338,0.9905857291666664,4.2687389583333335,0.895839290734909,-0.4443781781046132,-0.353552457287011,0.011124263547737179,0.5661656773071652,-0.353552457287011,2,-0.3660782028253165,-0.34975504867532026,-0.34482412036039634,-0.010640158550773812,2
7522,US-Var,2017-05-14,US-Var,Grasslands,38.4133,-120.9507,4.1,4.8,2.2840538157093424,14.510760416666669,0.7907697083333333,1.1172507500000004,0.741222010848596,-0.6712599575675313,-1.0052059146753052,0.11493545963654278,0.5570267080787719,1.0052059146753052,2,-1.0601289810693937,-0.873112873483459,-1.0823758894730624,0.2995096815189226,2
7523,US-Var,2017-05-21,US-Var,Grasslands,38.4133,-120.9507,3.9,6.0,3.22477321571589,26.122250000000005,2.2466356250000006,1.1130585416666667,0.6551563572090853,-0.7554933140726803,-0.32225658720245304,0.2194705287473449,0.6281607666257237,0.32225658720245304,2,-0.07363288470746382,-0.4890773070175945,-0.40405956988230074,-0.0013489679175505797,2
7524,US-Var,2017-05-22,US-Var,Grasslands,38.4133,-120.9507,3.8,6.2000003,2.9165605847048997,27.11427083333334,2.3721985416666667,1.06858875,0.6420547132365637,-0.766658819300159,-0.33369962953982596,0.23789964472424355,0.6733758651747764,0.333699629539826,2,-0.06152992181648155,-0.5020176744979943,-0.4375512923050021,0.005356667526818661,2
7525,US-Var,2017-05-30,US-Var,Grasslands,38.4133,-120.9507,3.8,5.8,0.8868411856374663,18.84160416666666,0.9147571041666672,1.1808666666666665,0.5307300481619334,-0.8475409228928311,-0.4582876626349573,0.049824849771478545,0.5651198534288056,0.45828766263495746,2,-0.5154287033975293,-0.42391268274584715,-0.43552160176149557,-0.012584202999130364,2
7526,US-Var,2017-06-06,US-Var,Grasslands,38.4133,-120.9507,2.9,6.9,1.084035678248042,24.165458333333333,2.044816458333333,1.2907041666666668,0.4250003399695541,-0.9051931898913974,-0.33542188440160775,0.12996685051855772,0.5940963920756046,0.3354218844016077,2,-0.22143245763055597,-0.4769517394266814,-0.307881456147586,-0.011960996226892916,2
7527,US-Var,2017-06-14,US-Var,Grasslands,38.4133,-120.9507,2.7,6.5,0.5998541606728552,23.945854166666663,1.9142360416666664,1.452350625,0.2967128192734907,-0.9549667548552552,-0.1861419424332238,0.033202944120990896,0.5448319468270266,0.1861419424332238,2,-0.2093295067999147,-0.14810599425771598,-0.20099032624204077,-0.040055115527095335,2
7528,US-Var,2017-06-15,US-Var,Grasslands,38.4133,-120.9507,2.0,6.7000003,0.5286425796464764,25.244125,2.1180660416666672,1.448092083333333,0.2802306751992158,-0.9599326896597448,-0.07630542669690822,0.024537803093575845,0.6073917156190989,0.07630542669690832,2,-0.10215476391244449,-0.053332743121136755,-0.0734287730571434,-0.03138756405851869,2
7529,US-Var,2017-06-22,US-Var,Grasslands,38.4133,-120.9507,1.6,7.9,0.2139500093601509,33.21147916666667,3.5523214583333327,1.129664791666667,0.1628070129385171,-0.986657932891657,-0.4608058003685392,0.14349399826691403,0.9482767494710134,0.46080580036853913,2,-0.2966992507691687,-0.5230523131267615,-0.5626658372096874,-0.023894160830361874,2
7530,US-Var,2017-06-23,US-Var,Grasslands,38.4133,-120.9507,2.9,7.8,0.2040435066563868,29.464604166666664,2.621110208333333,1.20379625,0.1457991969198751,-0.9893142039703664,-0.7060564560148098,0.17648970339012854,0.7735878087313715,0.7060564560148097,2,-0.5176114828122634,-0.8674725766802875,-0.7330853085518786,-0.231120382179666,2
7531,US-Var,2017-06-30,US-Var,Grasslands,38.4133,-120.9507,2.8,7.0,0.130171054938397,24.61010416666667,1.8641964583333328,1.1042881249999998,0.025818440227133,-0.9996666485105112,-0.3441415771590552,0.08846822923986988,0.5911190670910778,0.34414157715905525,2,-0.26077876469448524,-0.33468973874232655,-0.4369562280403537,-0.01564573112601862,2
7532,US-Var,2017-07-01,US-Var,Grasslands,38.4133,-120.9507,2.1,6.8,0.1089208911209129,23.47522916666668,1.7045772916666673,1.0600599999999998,0.0086069968886886,-0.9999629591162656,-0.05317240004918427,0.1333630971028569,0.6546681192104228,0.05317240004918422,2,-0.043212177934985024,0.07493133896743054,-0.19123636117999832,-0.011960996226892916,2
7533,US-Var,2017-07-08,US-Var,Grasslands,38.4133,-120.9507,2.1,8.2,0.1534593866422173,31.612375,3.7785333333333337,1.4306214583333334,-0.1116590071216944,-0.993746580436178,-0.6243943138404074,0.17959056374315538,0.659909773934743,0.6243943138404073,2,-0.42503780053676665,-0.6746205125153769,-0.7735246284690788,-0.23777092451321502,2
7534,US-Var,2017-07-09,US-Var,Grasslands,38.4133,-120.9507,1.9,8.0,0.1038009515055176,30.54695833333333,3.6282,1.3707845833333334,-0.1287481774525806,-0.99167731989929,-0.45780797641537924,0.14154244285864803,0.5834979399859833,0.4578079764153793,2,-0.30848526844188423,-0.4749253490227469,-0.5900133117815064,-0.027093073661001388,2
7535,US-Var,2017-07-16,US-Var,Grasslands,38.4133,-120.9507,1.2,8.0,0.1966620825168481,31.462375,3.527312708333333,1.456655833333334,-0.2470221804809352,-0.9690098257244064,-0.2278620417581092,0.07978013246076367,0.524091341490995,0.2278620417581092,2,-0.16127243874526606,-0.20602755782202792,-0.31628612870703365,-0.032087954640506566,2
7536,US-Var,2017-07-17,US-Var,Grasslands,38.4133,-120.9507,1.2,8.8,0.199131998619721,29.88322916666668,3.3457729166666668,1.4223424999999998,-0.2636654927280072,-0.9646141756912436,-0.3027911030974763,0.12545675250550603,0.6486306563968645,0.30279110309747637,2,-0.18543231812903369,-0.2879206251380596,-0.43502036602533556,-0.08112207221666373,2
7537,US-Var,2017-07-25,US-Var,Grasslands,38.4133,-120.9507,1.9,7.2000003,0.090437514983736,24.609895833333344,1.952942083333333,1.222942145833333,-0.3935902766564664,-0.9192859697186104,-0.08436752019887993,0.10536944073170196,0.5883472788720842,0.08436752019887983,2,-0.10703196150916702,0.030489873072304524,-0.17656047215977727,-0.008761264977549213,2
7538,US-Var,2017-08-01,US-Var,Grasslands,38.4133,-120.9507,1.6,7.0,0.123242549546062,30.163625,3.1659397916666663,1.0608812500000002,-0.5012418134457756,-0.8653072543632061,-0.20453225788891824,0.12575759037820708,0.6787228644214796,0.20453225788891816,2,-0.21274587203929035,-0.07486919272726907,-0.3259817089001953,-0.004912390045765078,2
7539,US-Var,2017-08-09,US-Var,Grasslands,38.4133,-120.9507,1.8,6.4,0.0182620878730971,23.715624999999992,1.4602045833333337,1.1365381250000002,-0.6152845999633277,-0.7883050558305253,0.09048814335754392,0.09932451996124658,0.5064823969199281,-0.09048814335754396,2,0.03773582094109473,0.2050587183644061,0.028669890767130918,-0.024313282594595267,2
7540,US-Var,2017-08-10,US-Var,Grasslands,38.4133,-120.9507,2.2,6.3,0.0222680899910785,24.23327083333333,1.520006104166666,1.1196991666666667,-0.6287628145958345,-0.7775971469736268,-0.07334459282491794,0.11028835281101107,0.4800250121612047,0.07334459282491812,2,-0.10121936720483805,0.04820677338597354,-0.16702118465588928,-0.011501637287165373,2
7541,US-Var,2017-08-18,US-Var,Grasslands,38.4133,-120.9507,1.4,6.1,0.1205004049017505,25.96414583333333,1.9204408333333332,1.09735375,-0.7295575540864876,-0.6839194216246105,0.06408563147845678,0.1457635515641555,0.5164610692997014,-0.0640856314784568,2,-0.057910798659239565,0.22550628547327334,0.024661407621336562,0.0032929934980388507,2
7542,US-Var,2017-08-25,US-Var,Grasslands,38.4133,-120.9507,1.1,6.2000003,0.1824012504337469,26.096937499999992,2.356177708333333,1.1092433333333334,-0.8064799463209447,-0.5912614448635782,0.0136133699511638,0.13711077704187713,0.5986477232190455,-0.0136133699511638,2,-0.11632384266281728,0.15691846689061212,0.0002454856256965676,0.005063456719035728,2
7543,US-Var,2017-08-26,US-Var,Grasslands,38.4133,-120.9507,1.5,6.4,0.1388689969568024,31.00879166666667,3.603635416666668,1.4952564583333332,-0.8165380514459157,-0.5772916165517278,-0.2462795501808591,0.1252619473476167,0.6777112100894412,0.246279550180859,2,-0.3849712631417682,-0.1413807469829566,-0.21248664041785242,-0.02062854769546956,2
7544,US-Var,2017-09-02,US-Var,Grasslands,38.4133,-120.9507,0.8,5.4,0.1027862671772692,34.06802083333334,4.404160416666667,1.1879522916666665,-0.8800122039735356,-0.4749510720670502,-0.13719567096176835,0.19234190883225852,0.9197458462431101,0.13719567096176832,2,-0.32192647544406067,0.061946635616086626,-0.15160717305733107,0.05558933924794028,2
7545,US-Var,2017-09-03,US-Var,Grasslands,38.4133,-120.9507,0.9,6.4,0.0952304921136568,33.35858333333333,4.0414375,1.1998822916666667,-0.888057322629493,-0.4597327394521046,-0.3252653308752719,0.16277175834665072,0.8447085877789066,0.3252653308752719,2,-0.5007663975635289,-0.17925523171810778,-0.29577436334417895,0.017046731394400445,2
7546,US-Var,2017-09-10,US-Var,Grasslands,38.4133,-120.9507,0.7,4.8,0.1177540533876931,28.47414583333333,2.6585127083333333,1.3514833333333336,-0.9368813462954316,-0.3496474552512282,-0.012499333529647364,0.2382579141515645,0.6043750101882878,0.012499333529647383,2,-0.28759507130737094,0.12211852712513938,0.12797854359328947,0.01791480099133971,2
7547,US-Var,2017-09-19,US-Var,Grasslands,38.4133,-120.9507,1.1,3.8,0.1124252122148599,18.719,1.1700850000000005,1.4173218749999998,-0.97961369164549,-0.2008905551306352,-0.04955951530858777,0.09436632441857765,0.42890491922912555,0.04955951530858782,2,-0.15852364961983917,0.00526352049943743,0.004581583194638417,-0.047269817438974265,2
7548,US-Var,2017-09-26,US-Var,Grasslands,38.4133,-120.9507,0.8,5.9,0.0784474601783852,23.38420833333333,2.2618568750000003,1.493177083333333,-0.99665890175417,-0.0816763953304228,-0.38274228020506174,0.07818953123900815,0.37458249735015814,0.38274228020506174,2,-0.3729333540411358,-0.3099200328136693,-0.46537345376038014,-0.04567044700726411,2
7549,US-Var,2017-09-27,US-Var,Grasslands,38.4133,-120.9507,0.9,4.3,0.0722303031672922,24.6633125,2.469208333333333,1.2284516666666672,-0.9979171608653922,-0.0645084494493162,-0.18669751992641426,0.05723392207116696,0.6045835739104529,0.18669751992641426,2,-0.2515025907736864,-0.14307228741123906,-0.16551768159431735,-0.0054228828835663325,2
7550,US-Var,2017-10-04,US-Var,Grasslands,38.4133,-120.9507,0.8,3.7,0.0617414846468166,18.388791666666663,1.5155520833333336,1.33024375,-0.9984354211555644,0.055916990100603,-0.09597726547937839,0.05867532583000544,0.3560901503773696,0.09597726547937835,2,-0.1574892453430418,-0.08981804588831507,-0.04062450520677828,-0.057521202155399624,2
7551,US-Var,2017-10-05,US-Var,Grasslands,38.4133,-120.9507,0.6,3.5,0.071182371539619,19.301562500000006,1.6490085416666669,1.4238468750000004,-0.9973249731081556,0.0730951298980777,-0.021683450861037443,0.06111129657202728,0.32668682196703863,0.0216834508610374,2,-0.07666522840718974,-0.032498484242549086,0.0441133600666265,-0.057521202155399624,2
7552,US-Var,2017-10-12,US-Var,Grasslands,38.4133,-120.9507,0.7,3.8,0.0412937295064641,13.179064583333336,1.0421833333333337,1.1498335833333335,-0.9813064702716092,0.1924515819708299,-0.22974831874942878,0.11783203376455863,0.398675618933758,0.2297483187494288,2,-0.34492212347113294,-0.10942678312642114,-0.23489604965073224,-0.041985712108138395,2
7553,US-Var,2017-10-13,US-Var,Grasslands,38.4133,-120.9507,0.9,3.9,0.0599578592328528,16.07901041666667,1.3638279166666665,1.4366395833333332,-0.9778483415056568,0.2093146459630488,-0.2596936088377491,0.043461820557669575,0.34899073616410703,0.25969360883774906,2,-0.303781693217294,-0.2584127662567477,-0.21688636703920566,-0.057521202155399624,2
7554,US-Var,2017-10-21,US-Var,Grasslands,38.4133,-120.9507,0.7,2.4,0.4713540750753832,13.605799999999997,0.7117119791666665,1.470552291666667,-0.9398560579418952,0.341570769167856,0.036455469562605425,0.06164749875494462,0.34628387054001203,-0.036455469562605425,2,0.0025881303421494695,0.10761244231212788,-0.0008341639664610767,-0.057521202155399624,2
7555,US-Var,2017-10-28,US-Var,Grasslands,38.4133,-120.9507,0.4,2.5,0.1734718398795326,21.621583333333326,1.6018662499999996,1.2107077083333335,-0.8919813464595487,0.4520722039323037,0.2625842434441315,0.05568404566639826,0.6163105371358117,-0.26258424344413156,2,0.3258781418134018,0.22113297053509334,0.24074161798389954,-0.0054228828835663325,2
7556,US-Var,2017-10-29,US-Var,Grasslands,38.4133,-120.9507,0.7,2.5,0.0983637870882028,19.128125,1.076341041666667,0.992780625,-0.8840675099433637,0.467359217158002,0.25387393480574927,0.05463120505953516,0.5313374572084437,-0.25387393480574927,2,0.31637711509868366,0.2152343201460118,0.2300103691725523,-0.0054228828835663325,2
7557,US-Var,2017-11-05,US-Var,Grasslands,38.4133,-120.9507,0.6,1.3000001,0.5532172121262494,10.95565,0.4878693124999999,0.8981852083333335,-0.8214765533024145,0.5702422926917867,0.2927922120177045,0.11681701345047325,0.6022231961907777,-0.2927922120177045,2,0.35841977353399535,0.3620371496943755,0.1579197128247426,0.01400368494805945,2
7558,US-Var,2017-11-06,US-Var,Grasslands,38.4133,-120.9507,0.5,1.3000001,0.1865376431783321,11.284,0.4857657916666665,1.1444989583333334,-0.8115390590073611,0.5842981736283683,0.2850220316731244,0.11071899642664662,0.5466706949109372,-0.28502203167312445,2,0.31775886335838527,0.37568128075004614,0.16162595091094162,0.01400368494805945,2
7559,US-Var,2017-11-22,US-Var,Grasslands,38.4133,-120.9507,0.3,1.3000001,0.4053712060133225,16.87613541666667,0.4492589687499999,0.9010985416666668,-0.622046748440868,0.7829801036770625,0.590862364935269,0.05140336328885026,0.7433579584288752,-0.380119952908624,2,0.6285488311999817,0.6117318936404443,0.5323063699653808,0.024360313639027527,2
7560,US-Var,2017-11-30,US-Var,Grasslands,38.4133,-120.9507,0.6,0.90000004,0.3654511924078329,11.2809,0.2887623729166667,1.1271837499999997,-0.5086709438521042,0.8609610158889945,0.5380347208751056,0.11305318866756273,0.6520112741152089,-0.5380347208751055,2,0.6541733623352645,0.531587928538597,0.42834287175145525,-0.024130564197175186,2
7561,US-Var,2017-12-07,US-Var,Grasslands,38.4133,-120.9507,0.6,1.3000001,0.4191018999398784,10.469754166666666,0.5724622916666668,1.2308797916666665,-0.4014879892059737,0.9158642882672868,0.46821094417659664,0.07218004671893158,0.5221537989682168,-0.46821094417659664,2,0.5470006721693365,0.4523552648829666,0.4052768954774869,-0.0062343287126609805,2
7562,US-Var,2017-12-08,US-Var,Grasslands,38.4133,-120.9507,0.4,1.1,0.3611238452008108,11.019910416666669,0.5160706250000001,1.4088933333333336,-0.3856634062436074,0.9226395488404876,0.4495377144654435,0.07542460009363536,0.518695055185723,-0.4495377144654435,2,0.5240577673912844,0.4513153823918209,0.37323999361322513,-0.00778000676425024,2
7563,US-Var,2018-02-01,US-Var,Grasslands,38.4133,-120.9507,1.0,1.8000001,0.7977541055905832,13.902395833333326,0.4463949999999999,1.1307084583333336,0.5234156073655503,0.8520775211013093,0.33272372736399947,0.08971887431931151,0.7395900608848616,-0.33272372736399947,2,0.42471052328277237,0.3280013657566715,0.24545929305255454,0.036358517482052904,2
7564,US-Var,2018-02-02,US-Var,Grasslands,38.4133,-120.9507,1.1,1.6,0.8080451815163909,14.784085416666668,0.4762889374999999,1.1909271875000005,0.5380051715382996,0.8429415373547828,0.3948632907162346,0.11330799637339421,0.7963023907870436,-0.3948632907162346,2,0.5251654691768896,0.33994493125165615,0.3194794717201582,0.04776801996186841,2
7565,US-Var,2018-02-09,US-Var,Grasslands,38.4133,-120.9507,1.4,2.3,1.244224305151992,15.480083333333337,0.6280966666666666,1.282409375,0.6354323008901774,0.7721565844991642,0.20297241014276582,0.0836082042356544,0.6266508459283047,-0.2029724101427658,2,0.29931287239312404,0.1493967821263884,0.16020757590878498,0.008719579617223586,2
7566,US-Var,2018-02-10,US-Var,Grasslands,38.4133,-120.9507,1.5,2.5,1.4544811965172673,13.854443749999994,0.7541362500000002,1.6890210416666662,0.6486295610349814,0.7611042586607747,0.08155188957633965,0.04243071903384442,0.5148343481649995,-0.08155188957633963,2,0.08208887864911063,0.12371156551407242,0.0388552245658359,-0.007022253315276487,2
7567,US-Var,2018-02-17,US-Var,Grasslands,38.4133,-120.9507,1.3,1.9,1.4310829253764294,12.87528125,0.7042354166666667,1.376445625,0.7354170229639855,0.6776147890466889,0.19332101380558794,0.045937034488774266,0.5595216899172453,0.06884483694727087,2,0.23700360388345543,0.1454204664617706,0.19753897107153778,-0.007022253315276487,2
7568,US-Var,2018-02-25,US-Var,Grasslands,38.4133,-120.9507,1.2,2.1000001,1.311068900047916,8.784233333333333,0.4954902083333334,1.233043875,0.8214765533024142,0.5702422926917871,0.08518758051671615,0.05856492490946537,0.4774136175017336,0.08518758051671615,2,0.15278492677747463,0.04971573270069907,0.05306208207197477,-0.0232495538932289,2
7569,US-Var,2018-03-05,US-Var,Grasslands,38.4133,-120.9507,0.9,2.4,1.7848094284818434,9.19258125,0.4886643333333333,1.550401666666667,0.8919813464595485,0.4520722039323043,0.16330277478418168,0.06510890600674499,0.463668661796798,0.16330277478418165,2,0.19870073285455547,0.08816332164987892,0.20304426984811058,0.011423171635521583,2
7570,US-Var,2018-03-06,US-Var,Grasslands,38.4133,-120.9507,1.1,2.4,1.8354446199681,11.842743750000002,0.6684922916666666,1.319763125,0.8996308696522433,0.436651231956064,0.17986547179884163,0.08018164182701187,0.4785488454664456,0.1798654717988416,2,0.13412051113888168,0.13302680082044588,0.27244910343719736,0.008719579617223586,2
7571,US-Var,2018-03-30,US-Var,Grasslands,38.4133,-120.9507,2.5,3.5,2.8580318803103606,19.021520833333337,0.9346560416666668,1.3493706249999995,0.9992500112396836,0.0387222808921744,-0.12147988033513855,0.10381410490780905,0.6486866580195977,-0.12147988033513857,2,-0.005885917681275776,-0.20677041047433892,-0.15178331284980096,0.012404314516349296,2
7572,US-Var,2018-04-14,US-Var,Grasslands,38.4133,-120.9507,3.6,4.2000003,3.6537462209274016,16.856625,0.7922825000000001,1.1252645833333337,0.9760105506323684,-0.2177232303965317,-0.5656984240585556,0.15763044087627673,0.4971408517757448,-0.5656984240585556,2,-0.40316980134269953,-0.5760001326639455,-0.7179253381690219,0.017692406303637446,2
7573,US-Var,2018-04-15,US-Var,Grasslands,38.4133,-120.9507,1.7,3.1000001,3.5113533021027448,14.786645833333331,0.5041658541666667,1.7694129166666668,0.9721181966290612,-0.2344913895704098,0.38688925627815846,0.021230491150098067,0.4851340999088021,0.3868892562781585,2,0.40932770288355635,0.38422110541854637,0.3671189605323725,-0.007022253315276487,2
7574,US-Var,2018-04-22,US-Var,Grasslands,38.4133,-120.9507,3.6,4.6,4.127760420118826,20.340583333333328,1.01204375,1.20767625,0.9368813462954316,-0.3496474552512284,-0.4182968027886453,0.1298204660928453,0.3713564802812007,-0.41829680278864534,2,-0.28520008959545573,-0.42511826327100183,-0.5445720554994781,-0.038590201560343346,2
7575,US-Var,2018-04-23,US-Var,Grasslands,38.4133,-120.9507,4.4,4.6,4.592303709576852,20.6755625,1.184035208333333,1.1855795833333334,0.9307239310379796,-0.3657225234972689,-0.8100430703506319,0.19917217050809274,0.5291467060039228,-0.8100430703506318,2,-0.6138914663210007,-0.8041334662626833,-1.012104278468212,0.09877535437563527,2
7576,US-Var,2018-05-08,US-Var,Grasslands,38.4133,-120.9507,4.3,5.8,3.341044270550672,20.89216666666666,1.1960315208333332,1.1680233333333332,0.8064799463209448,-0.5912614448635781,-0.6042379982706664,0.0872954030530073,0.49722637199369146,0.6042379982706664,2,-0.5073684167957164,-0.628533598200701,-0.6768119798155818,0.021107967670213303,2
7577,US-Var,2018-05-09,US-Var,Grasslands,38.4133,-120.9507,4.6,5.5,2.7439322732257296,18.84322916666667,0.8600547083333333,1.1735049999999998,0.7961828637826158,-0.6050560696488488,-0.9711024529463996,0.04449921325834058,0.4544618746234734,0.9711024529463996,2,-0.964730247039846,-0.930132851573682,-1.0184442602256707,0.15203120626679925,2
7578,US-Var,2018-06-01,US-Var,Grasslands,38.4133,-120.9507,2.2,6.0,1.2479654847414392,19.614204166666667,1.3252857708333334,1.4075331249999998,0.5012418134457758,-0.865307254363206,-0.03975733332123917,0.027988095565359992,0.5380567841193165,0.03975733332123921,2,-0.05184571535777116,-0.05966958193131708,-0.007756702674629273,-0.02106874655695929,2
7579,US-Var,2018-06-02,US-Var,Grasslands,38.4133,-120.9507,2.6,6.2000003,1.436150298586141,25.555666666666664,2.263301875,1.1280570833333332,0.48627270710869,-0.8738071036110808,-0.1071233919614749,0.1313999908656131,0.7144455200265581,0.10712339196147491,2,-0.009802727335673056,-0.25659281998045463,-0.054974628568297004,0.031103024152154893,2
7580,US-Var,2018-06-10,US-Var,Grasslands,38.4133,-120.9507,3.0,6.6,0.6729946494246323,19.0647875,1.4931774583333337,1.702266145833334,0.3617137307297676,-0.9322892131745132,-0.26828762340655604,0.01015594478456587,0.4297020124884144,0.2682876234065561,2,-0.27996830937679684,-0.261544841550589,-0.2633497192922822,-0.0694393900886692,2
7581,US-Var,2018-06-17,US-Var,Grasslands,38.4133,-120.9507,1.9,5.1,0.1410954860937875,18.515666666666664,1.0079443145833331,1.116758625,0.2470221804809355,-0.9690098257244062,0.2593921831866724,0.19700442763546763,0.6843539551470817,-0.25939218318667256,2,0.08135221554157165,0.4710379063492032,0.22578642766924245,0.023364036740757384,2
7582,US-Var,2018-06-18,US-Var,Grasslands,38.4133,-120.9507,2.0,6.5,0.2713118423563279,21.4653125,1.357415541666667,1.4054122916666665,0.2303056702306122,-0.973118337233262,0.007476683658437937,0.072869396050519,0.6127359649247174,-0.007476683658437899,2,0.007758761656541435,0.0802046312364591,-0.06553334191768673,-0.040055115527095335,2
7583,US-Var,2018-06-26,US-Var,Grasslands,38.4133,-120.9507,2.3,8.0,0.2227697206904212,24.7001875,2.1498025000000003,1.2534016666666667,0.0945367498171991,-0.9955213724144752,-0.45475243033321683,0.1368058271038451,0.7038037384744983,0.4547524303332169,2,-0.29760947286710493,-0.5473025541604861,-0.5193452639720593,-0.027093073661001388,2
7584,US-Var,2018-07-03,US-Var,Grasslands,38.4133,-120.9507,2.0,7.0,0.1667939949267125,22.06920833333333,1.3531379375,1.2632564583333334,-0.0258184402271323,-0.9996666485105112,-0.013828347176743633,0.0875594601827394,0.6274318434746223,0.013828347176743527,2,-0.029042210810775973,0.08034106399759297,-0.0927838947170479,-0.01564573112601862,2
7585,US-Var,2018-07-04,US-Var,Grasslands,38.4133,-120.9507,1.8,6.3,0.1324211959931542,19.97475,1.0594415916666666,1.3219095833333332,-0.0430222330045303,-0.99907411510223,0.22984198798150435,0.11585285726165652,0.5695010672914194,-0.22984198798150435,2,0.20265445075618516,0.35687081687274874,0.1300006963155791,-0.011501637287165373,2
7586,US-Var,2018-07-11,US-Var,Grasslands,38.4133,-120.9507,1.3,7.5,0.1140689215899038,27.63533333333333,2.7468445833333326,1.338874583333333,-0.1628070129385164,-0.9866579328916572,-0.005313292298990603,0.06338193606453972,0.5264223056527364,0.0053132922989906906,2,-0.051920623298376045,0.06685843375281217,-0.03087768735140793,-0.04200688785755013,2
7587,US-Var,2018-07-12,US-Var,Grasslands,38.4133,-120.9507,2.0,7.8,0.0688238918097978,27.85322916666667,2.7286697916666665,1.3584845833333332,-0.1797665857255621,-0.9837092937736098,-0.3438587938304487,0.10148252117648301,0.5231618277440012,0.3438587938304487,2,-0.25060727843784086,-0.3290287278639622,-0.45194037518954305,-0.032087954640506566,2
7588,US-Var,2018-07-19,US-Var,Grasslands,38.4133,-120.9507,2.2,7.8,0.1652876767923293,29.10364583333333,2.9773812500000005,1.3977352083333334,-0.2967128192734901,-0.9549667548552552,-0.4691610553442566,0.12469574191893261,0.48676411562452876,0.46916105534425667,2,-0.34676165859863717,-0.46468869870167656,-0.5960328087324561,-0.027093073661001388,2
7589,US-Var,2018-07-20,US-Var,Grasslands,38.4133,-120.9507,1.1,8.0,0.1789729980716876,27.56731249999999,2.567634791666667,1.559915625,-0.3131070409358267,-0.9497178427914316,0.021619332789055496,0.03360819418236938,0.42081858113079995,-0.02161933278905548,2,0.05340512044201995,0.025007478707886194,-0.01355460078273965,-0.0800587138877006,2
7590,US-Var,2018-07-27,US-Var,Grasslands,38.4133,-120.9507,0.9,7.9,0.0990660711025909,26.723979166666663,2.3007699999999995,1.0296145833333334,-0.4250003399695539,-0.9051931898913976,0.06250079221186765,0.07730503994160656,0.7314812883720225,-0.06250079221186766,2,0.07932487539298466,0.1300083256280854,-0.021830824385467143,-0.030488584208796406,2
7591,US-Var,2018-07-28,US-Var,Grasslands,38.4133,-120.9507,1.9,7.6,0.092665772395255,26.902479166666662,2.3692241666666667,1.0135622916666664,-0.4405187843504952,-0.8977433935342336,-0.2963739838348305,0.12820661731330768,0.6765536094534687,0.2963739838348305,2,-0.22477913615088474,-0.21995478652933087,-0.4443880288242759,-0.032087954640506566,2
7592,US-Var,2018-08-04,US-Var,Grasslands,38.4133,-120.9507,1.1,8.0,0.1151739468231111,27.09950000000001,2.7467666666666664,1.3772174999999998,-0.5452404385406507,-0.8382797052177745,-0.01794464588652331,0.10613708416945775,0.6609884733051206,0.017944645886523336,2,0.0207466533845182,0.06341878131084913,-0.13799937235493726,-0.032087954640506566,2
7593,US-Var,2018-08-05,US-Var,Grasslands,38.4133,-120.9507,1.5,6.9,0.0503947841709636,24.1891875,1.9599797916666668,1.2611997916666666,-0.5595892624101763,-0.828770087174504,0.11810719157431511,0.08578391701552295,0.6107629954410985,-0.11810719157431504,2,0.07242940096697603,0.21706464573487705,0.06482752802109229,-0.01564573112601862,2
7594,US-Var,2018-08-12,US-Var,Grasslands,38.4133,-120.9507,0.9,7.2000003,0.19482078213551,27.401083333333336,2.9249229166666666,1.3540133333333328,-0.655156357209085,-0.7554933140726804,0.14433772937455508,0.07510179828548452,0.6234545914379291,-0.14433772937455513,2,0.1737107435021234,0.20031379823685685,0.058988646384684984,-0.02658846237746485,2
7595,US-Var,2018-08-13,US-Var,Grasslands,38.4133,-120.9507,1.8,7.2000003,0.0718770280866147,25.25529166666666,2.2815600000000007,1.2562047916666668,-0.6680638642135333,-0.7441039398713608,-0.1846315795806194,0.11196989396559628,0.6111866844025158,0.1846315795806195,2,-0.14377663192000342,-0.0988262331838285,-0.31129187363802635,-0.008761264977549213,2
7596,US-Var,2018-08-20,US-Var,Grasslands,38.4133,-120.9507,1.6,6.9,0.0329855325922964,24.28333333333332,2.0335039583333336,1.277551875,-0.7526668275320083,-0.6584015846980489,-0.08696798833679675,0.07691517218401824,0.5268826802840028,0.08696798833679664,2,-0.1015426512541314,-0.003808210543957996,-0.15555310321230087,-0.01564573112601862,2
7597,US-Var,2018-08-28,US-Var,Grasslands,38.4133,-120.9507,1.0,4.9,0.0167529531672695,19.657958333333333,0.8122121166666666,1.0872160416666663,-0.8359254794186365,-0.5488429582847199,0.0937377289902807,0.14586541225835728,0.670922571298892,-0.09373772899028066,2,0.10978532926627727,0.2309157690174019,-0.059487911312837066,0.01400368494805945,2
7598,US-Var,2018-08-29,US-Var,Grasslands,38.4133,-120.9507,1.6,5.0,0.0523474018421638,19.953499999999995,1.0044925416666666,1.2243889583333336,-0.8452490573530634,-0.5343725582809785,-0.08209873313603105,0.11571797813665183,0.5254227254273423,0.082098733136031,2,0.003028675781090673,-0.03546802267791965,-0.21385685251126418,0.012404314516349296,2
7599,US-Var,2018-09-05,US-Var,Grasslands,38.4133,-120.9507,1.2,6.0,0.0643967236476216,23.29010416666668,1.7289735416666667,1.2590260416666668,-0.9033558023246842,-0.4288919379124841,-0.20777212246426724,0.07884227700027592,0.5119464386744311,0.20777212246426724,2,-0.22123346068815558,-0.1230658230406366,-0.27901708366400957,-0.005326913624459225,2
7600,US-Var,2018-09-06,US-Var,Grasslands,38.4133,-120.9507,0.8,5.8,0.0562932179298936,22.93308333333333,1.7191940416666671,1.1685775000000005,-0.9106046300942162,-0.4132786077829044,-0.12915354523751835,0.07133572112532335,0.5578382499051493,0.12915354523751832,2,-0.12179047534377102,-0.06178492881386538,-0.20388523155491867,-0.019469376125249134,2
7601,US-Var,2018-09-13,US-Var,Grasslands,38.4133,-120.9507,1.0,4.9,0.0552505195292817,19.614166666666673,1.2543016666666666,1.0897456250000002,-0.9536809966304456,-0.300819807635668,-0.21881203572045874,0.15149752598898905,0.5504136370749744,0.2188120357204587,2,-0.2701513732630321,-0.048315902874743674,-0.3379688310236005,0.01791480099133971,2
7602,US-Var,2018-09-14,US-Var,Grasslands,38.4133,-120.9507,0.6,4.4,0.031009103114528,19.686333333333337,1.4393056249999994,1.0129024583333337,-0.9587178169872964,-0.2843591872810036,-0.011243272293902656,0.2329547064969279,0.5926961429858741,0.01124327229390265,2,-0.17226996401245961,0.2558731247052284,-0.11733297757447674,0.01791480099133971,2
7603,US-Var,2018-09-21,US-Var,Grasslands,38.4133,-120.9507,0.8,5.2000003,0.1069268977569282,24.821375,2.463638125,1.2937822916666666,-0.9859481499638304,-0.1670516255021195,-0.2605539897406334,0.10766017575780731,0.46179142382964944,0.2605539897406334,2,-0.3503073214897159,-0.1411859282276943,-0.29016871950448997,0.034692613347190523,2
7604,US-Var,2018-09-22,US-Var,Grasslands,38.4133,-120.9507,0.4,5.4,0.092911837236433,23.97129166666667,2.357917708333333,1.2831310416666664,-0.9886775902323404,-0.1500553983446526,-0.174891254456954,0.18186585978520767,0.45358058667206286,0.174891254456954,2,-0.2881344375960686,0.03488769756192525,-0.27142702333671864,0.03860372939047078,2
7605,US-Var,2018-09-29,US-Var,Grasslands,38.4133,-120.9507,0.9,3.8,-0.0329818334709726,17.70908333333333,0.7566443750000001,1.1343591666666668,-0.9995462806873572,-0.0301203048469083,-0.10860303821480542,0.07482195994057897,0.39881545829611026,0.10860303821480544,2,-0.18748754143445373,-0.038644363924864006,-0.09967720928509852,-0.057521202155399624,2
7606,US-Var,2018-09-30,US-Var,Grasslands,38.4133,-120.9507,0.8,3.4,0.0285195947682815,19.824645833333328,1.0634268749999998,1.10313,-0.999916658654738,-0.0129102960750088,-0.002782020821300838,0.057595767492520496,0.4213481260439204,0.002782020821300857,2,-0.06858283559861145,0.021754056705732078,0.038482716428976854,-0.057521202155399624,2
7607,US-Var,2018-10-24,US-Var,Grasslands,38.4133,-120.9507,0.4,2.5,0.0813615932437396,16.912835416666667,1.1538462500000002,1.1061779166666668,-0.9209712877166346,0.3896304495307877,0.15451923064385656,0.08277751628110537,0.4792202116674483,-0.15451923064385653,2,0.22789000092718387,0.17088725964956025,0.06478043135482559,0.01031895004893374,2
7608,US-Var,2018-10-31,US-Var,Grasslands,38.4133,-120.9507,0.2,2.8,0.0882337478120179,15.872489583333332,1.1956208333333334,1.0879857500000003,-0.867456354729597,0.4975132889071803,0.03838732808261835,0.05488961018173767,0.44136329662983764,-0.038387328082618355,2,0.06823618664261466,0.0718845214303484,-0.024958723825108026,0.015266045515564732,2
7609,US-Var,2018-11-01,US-Var,Grasslands,38.4133,-120.9507,0.4,3.0,0.0631103240626983,18.58275,1.3489133333333332,1.1193656249999997,-0.858763958275803,0.5123714121284235,0.0642733312222868,0.025339749789696917,0.4342740712342793,-0.06427333122228679,2,0.09115963537974875,0.06082757410268283,0.040832784184428816,-0.057521202155399624,2
7610,US-Var,2018-11-08,US-Var,Grasslands,38.4133,-120.9507,0.3,3.8,0.0700726412583382,12.995420833333334,1.1135102083333333,1.1500788124999997,-0.7909456567567774,0.6118864012687242,-0.22335864583278076,0.13230275045230172,0.419328715412883,0.22335864583278076,2,-0.3004162546240759,-0.07059056853691814,-0.2990691143373483,-0.041985712108138395,2
7611,US-Var,2018-11-09,US-Var,Grasslands,38.4133,-120.9507,0.3,1.6,0.0482272771293779,13.523383333333337,1.1581852083333335,1.3092204166666668,-0.780295851070776,0.6254105729852457,0.2778877121591367,0.09265863053438078,0.43759585734921885,-0.2778877121591367,2,0.31210427928264295,0.3485720348533709,0.17298682234139623,-0.04567044700726411,2
7612,US-Var,2018-11-16,US-Var,Grasslands,38.4133,-120.9507,0.1,1.0,0.0568512448303651,12.65879375,0.9694235416666666,1.148605,-0.6994583270516471,0.7146733860429608,0.42027426704429965,0.14416036019004502,0.6010757493369582,-0.42027426704429965,2,0.5084126751554463,0.4984994831878845,0.2539106427895683,0.018998565927564666,2
7613,US-Var,2018-11-17,US-Var,Grasslands,38.4133,-120.9507,0.3,1.1,0.0331053952464873,12.635362499999996,0.9510347916666668,1.3001912500000004,-0.6870527672236675,0.726607524768565,0.3989437283717974,0.13136850811901873,0.5448590713894144,-0.3989437283717975,2,0.4732368716517331,0.47633135062870435,0.24726296283495486,0.01400368494805945,2
7614,US-Var,2018-12-02,US-Var,Grasslands,38.4133,-120.9507,0.2,0.8,0.3944121182915517,8.415122916666666,0.2351669791666666,1.0650631250000002,-0.4787338401157883,0.8779600847008883,0.3741181490722309,0.142586920976151,0.5451825261514338,0.01470608751087249,2,0.46706986901382275,0.44533261730806384,0.209951960894806,0.01400368494805945,2
7615,US-Var,2018-12-03,US-Var,Grasslands,38.4133,-120.9507,0.2,1.1,0.5067325941555062,9.230058333333334,0.44142125,1.0716254166666672,-0.4635502709028512,0.8860706215341377,0.36932183456371687,0.1262975350404105,0.4964930169683332,0.2441433537472955,2,0.45833900418648266,0.4248533666632389,0.22477313284142908,0.01400368494805945,2
7616,US-Var,2018-12-11,US-Var,Grasslands,38.4133,-120.9507,1.0,0.7,0.3311594582701725,10.127246875,0.1924448958333332,0.8300290416666668,-0.3375228995941134,0.941317317512847,0.7310971094458475,0.15307655751336344,0.6993235479796365,-0.7310971094458476,2,0.8919802958820795,0.5872529713124403,0.7140580611430226,-0.2258008745940407,2
7617,US-Var,2018-12-26,US-Var,Grasslands,38.4133,-120.9507,0.3,0.8,0.4533914254438337,8.180706249999998,0.2285178458333333,1.2206797916666672,-0.0859647987374467,0.9962981749346076,0.44619844199678976,0.15272768792111432,0.5004618783563384,-0.13941559110912233,2,0.5895881326166806,0.4634153176558947,0.28559187571779393,0.0155576771106558,2
7812,US-WCr,2016-06-22,US-WCr,Mixed Forests,45.8059,-90.0799,4.4,4.6,2.883174896757806,18.39182020833333,0.6854514645833333,1.5037431395833327,0.1457991969198751,-0.9893142039703664,-0.1887379092021214,0.12070346940440459,0.4796215785741486,0.1887379092021213,1,-0.13486015052659,-0.10435644957913862,-0.3269971275006356,0.008786409280851972,2
7813,US-WCr,2016-08-17,US-WCr,Mixed Forests,45.8059,-90.0799,4.1,4.0,3.1281152378081334,21.000121875,0.5342279303333334,1.7052763249999996,-0.7295575540864876,-0.6839194216246105,0.34413830603544066,0.14203490660306248,0.5558997217202063,-0.3441383060354406,1,0.2396205500934933,0.5058546812982185,0.28693968671461006,0.008786409280851972,2
7814,US-WCr,2016-08-25,US-WCr,Mixed Forests,45.8059,-90.0799,4.1,4.2000003,2.5801098701863507,17.255808749999996,0.4099209202416667,2.9316181458333337,-0.8165380514459157,-0.5772916165517278,-0.18106063468060984,0.24200922985157677,0.5693143695848976,0.18106063468060984,1,-0.2973009101205063,0.09713816194927466,-0.34301915587059784,0.012697525324132226,2
7815,US-WCr,2016-09-02,US-WCr,Mixed Forests,45.8059,-90.0799,3.4,3.4,2.700867386332312,14.94754570833333,0.39026846375,1.6272989541666665,-0.888057322629493,-0.4597327394521046,-0.27750183595029027,0.2383014436241714,0.5410588983256316,0.27750183595029027,1,-0.5368979052613729,-0.06828752967167712,-0.22732007291782064,0.016315430559629553,2
7816,US-WCr,2016-09-18,US-WCr,Mixed Forests,45.8059,-90.0799,2.8,3.4,2.137520965491835,16.788050208333335,0.4136069755,2.1227046104166667,-0.97961369164549,-0.2008905551306352,-0.3282372924582424,0.2894197495875302,0.46959644315837357,0.3282372924582424,1,-0.6571364316153048,-0.11247682103988599,-0.21509862471953645,-0.013694932021188023,2
7817,US-WCr,2016-11-05,US-WCr,Mixed Forests,45.8059,-90.0799,0.4,1.9,0.3628608107481541,14.132861020833332,0.7660957270833335,2.0741706270833333,-0.8115390590073611,0.5842981736283683,0.12381793455648628,0.055894637130746265,0.47730203214202066,-0.12381793455648626,1,0.15882921315942733,0.15326831976644806,0.05935627074358346,-0.021650183461518743,2
7818,US-WCr,2017-04-06,US-WCr,Mixed Forests,45.8059,-90.0799,1.2,2.7,0.6397939128626797,1.3847423460416666,0.294528699375,4.5786854375,0.9966589017541702,-0.0816763953304224,-0.07131600386571905,0.07233544363221832,0.7312617354743448,0.07131600386571907,1,-0.06694627275380843,-0.001264483209620304,-0.1457372556337284,0.019017314117842687,2
7819,US-WCr,2017-04-22,US-WCr,Mixed Forests,45.8059,-90.0799,1.0,4.5,0.9359247092539138,12.1069838125,0.9483209416666666,2.777581460416666,0.9368813462954316,-0.3496474552512284,0.4728643096721903,0.05241349226048563,0.4261712483781993,-0.4728643096721903,1,0.41667176470548356,0.520427800461287,0.4814933638498003,-0.07935957636823913,2
7820,US-WCr,2017-06-01,US-WCr,Mixed Forests,45.8059,-90.0799,5.0,5.2000003,1.8839766762522805,17.102291250000004,1.0963403229166666,1.6706935916666663,0.5012418134457758,-0.865307254363206,-0.9222927003335547,0.055978683456187596,0.42905205083796305,0.9222927003335548,1,-0.9045180845654048,-0.9850006388085937,-0.8773593776266653,0.07924395859583486,2
7821,US-WCr,2017-06-09,US-WCr,Mixed Forests,45.8059,-90.0799,5.3,5.0,2.9492945424482837,17.75304125,0.6974500111458332,1.3998286041666663,0.3777079652039649,-0.9259247771938498,-0.9086594976058838,0.16547040353584835,0.5201468787544925,0.9086594976058837,1,-0.7527409084569263,-1.082261353912394,-0.8909762304483313,-0.0973825590222996,2
7822,US-WCr,2017-07-19,US-WCr,Mixed Forests,45.8059,-90.0799,4.8,4.8,5.253409131566565,20.41690250000001,0.7381914666666667,1.531300625,-0.2967128192734901,-0.9549667548552552,0.12005364673171287,0.08375445483373854,0.3964117116577695,0.12005364673171287,1,0.03386819836072108,0.2011445297056959,0.12514821212872163,-0.047269817438974265,2
7823,US-WCr,2017-08-12,US-WCr,Mixed Forests,45.8059,-90.0799,4.2,4.0,3.387745657008504,17.594867500000007,0.6722337916666666,1.749380479166667,-0.655156357209085,-0.7554933140726804,0.13298671308916296,0.1439068992275778,0.6464357835279583,-0.132986713089163,1,0.07473656504748538,0.29688710322960216,0.027336470990401374,0.008786409280851972,2
7824,US-WCr,2017-08-20,US-WCr,Mixed Forests,45.8059,-90.0799,3.8,3.6000001000000004,2.894515208789489,20.53204645833333,0.3301837602083333,2.5343954708333336,-0.7526668275320083,-0.6584015846980489,0.5784152649317466,0.16674593777476002,0.5217762655231528,-0.5784152649317464,1,0.624970576601279,0.7169358166918072,0.3933394015021536,-0.0503747682481275,2
7825,US-WCr,2017-09-13,US-WCr,Mixed Forests,45.8059,-90.0799,2.9,3.4,2.7731128184911897,20.260662291666662,0.5468942270833332,2.0014099583333333,-0.9536809966304456,-0.300819807635668,0.018550434636397467,0.16175836409680658,0.41349372929626665,-0.018550434636397467,1,-0.15586923710368314,0.047888844587967994,0.16363169642490755,-0.039673966496568305,2
7826,US-WCr,2017-12-02,US-WCr,Mixed Forests,45.8059,-90.0799,0.3,0.8,0.0544572371777028,2.8289050171041663,0.2860246833333332,2.5960805,-0.4787338401157883,0.8779600847008883,0.2581378079310879,0.1196183860114714,0.416510110204397,-0.2581378079310879,1,0.18213490551789263,0.3960203253643089,0.19625819291106233,-0.041985712108138395,2
7827,US-WCr,2018-06-20,US-WCr,Mixed Forests,45.8059,-90.0799,4.3,4.1,3.7089094952902473,19.26238208333333,0.5860226129166667,1.21806998125,0.1966728897935764,-0.980469160361632,-0.12425830307195228,0.22835984354114236,0.5072064395405561,0.12425830307195229,1,-0.028634698848842177,0.04074510310450841,-0.38488531347152305,0.012697525324132226,2
7828,US-WCr,2018-06-28,US-WCr,Mixed Forests,45.8059,-90.0799,5.7,5.6,4.285964022713462,22.97735083333333,0.7483815566562502,2.1324809104166658,0.060213277365793,-0.9981855344718586,-0.42019267586256576,0.12227270749682033,0.463834879239697,0.4201926758625658,1,-0.5560319101380345,-0.3856106024584914,-0.3189355149911712,0.05429911618134483,2
7829,US-WCr,2018-07-14,US-WCr,Mixed Forests,45.8059,-90.0799,5.4,5.0,4.923314092386613,23.61789,0.8076547993750002,1.384734135416667,-0.2135209154397959,-0.9769384927771816,-0.1031301500514195,0.2157110597934624,0.4806058886219189,0.10313015005141951,1,-0.34342825320897535,0.07379810134013481,-0.03976029828541794,0.04136417770553718,2
7830,US-WCr,2018-07-30,US-WCr,Mixed Forests,45.8059,-90.0799,4.6,4.2000003,5.464999364452754,20.21961437500001,0.5887523499999999,1.2317464750000002,-0.4711595076738639,-0.8820480249558535,0.2781595962421513,0.1292253904305236,0.5397714303621981,0.27815959624215125,1,0.24932281044331445,0.41936730797606486,0.16578867030707456,0.008786409280851972,2
7831,US-WCr,2018-10-18,US-WCr,Mixed Forests,45.8059,-90.0799,0.9,2.5,0.3863398483184857,7.257239102083335,0.4930205166666666,3.779148770833333,-0.9562348265919058,0.2926003356333479,-0.038931774494229465,0.04673203585838257,0.5187948760943003,0.038931774494229465,1,-0.061549358623897654,-0.07005194472606474,0.014805979867274,-0.0054228828835663325,2
7843,US-xDC,2018-10-19,US-xDC,Grasslands,47.16165,-99.10656,0.6,2.0,0.9949480858262312,9.3486402643031,0.5525950000000001,6.687641263044356,-0.9510565162951536,0.3090169943749472,0.987432464867226,0.2556573444821371,0.7581320947512366,-0.19753629321476363,2,0.7770534608761458,1.271971301395819,0.9132726323297129,-0.2144166155778059,2
7844,US-xDC,2018-10-20,US-xDC,Grasslands,47.16165,-99.10656,0.6,1.4,0.7712220093130842,0.1526629558823924,0.2651002083333333,3.783241450150652,-0.9455963874271428,0.3253420847119795,0.3708912329389255,0.07100198491019989,0.5979311906719579,-0.028447214312757152,2,0.37925584216830743,0.29607744210514053,0.4373404145433284,-0.0054228828835663325,2
7872,US-xST,2018-09-16,US-xST,Mixed Forests,45.50894,-89.58637,3.2,3.7,3.5432762457539737,23.334965574188608,0.7571504166666667,0.9474799273633788,-0.9679377830240642,-0.2511900638848195,-0.0799223239339577,0.14757780966253783,0.42578938925814425,-0.0799223239339577,1,-0.12116332710884745,-0.20249258548310206,0.08388894079007636,-0.04358508253984855,2
7875,US-xUN,2018-05-03,US-xUN,Mixed Forests,46.23388,-89.53725,1.5,3.9,0.6995393834306234,13.832278452012222,0.7682387500000002,1.3929370506163778,0.854322169749827,-0.5197438121555155,0.4498625252604171,0.17467848172183628,0.49543869890424624,-0.44986252526041715,0,0.24880796561059554,0.5364123228493111,0.5643672873213446,-0.009434059696490176,2
7876,US-xUN,2018-05-12,US-xUN,Mixed Forests,46.23388,-89.53725,2.4,4.0,1.0473342388857538,10.926132842506268,0.8563881250000001,1.1523948944382485,0.7638886127905428,-0.6453481132295501,-0.41952637774750956,0.2014454539258258,0.5243991311463254,0.41952637774750956,0,-0.6505999961465879,-0.32709818311807937,-0.2808809539778615,0.02131031153913477,2
7877,US-xUN,2018-05-20,US-xUN,Mixed Forests,46.23388,-89.53725,4.3,4.2000003,2.3594249060637265,11.776388314743771,0.8763579166666667,0.9676115283561216,0.6680638642135335,-0.7441039398713607,-1.6646227254367048,0.07597490921543788,0.5631480223076593,1.6646227254367048,0,-1.6858923926909248,-1.7276960173553249,-1.5802797662638648,0.6220560754356627,2
7878,US-xUN,2018-06-13,US-xUN,Mixed Forests,46.23388,-89.53725,5.3,5.0,8.089098251701056,19.2432862119334,1.1053202083333329,1.5617700785484387,0.3131070409358269,-0.9497178427914316,-0.9161612273655272,0.050154822900451326,0.3792489592064361,-0.9161612273655271,0,-0.8887292779701716,-0.885705691171527,-0.9740487129548829,-0.3226174476833543,2
7879,US-xUN,2018-07-06,US-xUN,Mixed Forests,46.23388,-89.53725,5.2,5.0,5.552977485488716,20.391890365426303,1.2155102083333331,0.7803970165106221,-0.0773864792334632,-0.9970011699250152,0.034836182984615945,0.21891525270407083,0.5159128661393335,0.03483618298461594,0,0.0998589616432321,-0.20922405781432704,0.21387364512494278,0.012697525324132226,2
7880,US-xUN,2018-07-14,US-xUN,Mixed Forests,46.23388,-89.53725,5.1,5.1,5.1868061645883445,25.648781695604445,1.2578335416666666,0.6453610034924765,-0.2135209154397959,-0.9769384927771816,0.39538552998343607,0.31412725946852804,0.5042755524559638,-0.22177320080674628,0,0.471281966030508,0.05026352826779773,0.6646110956520024,-0.016592880196321748,2
7881,US-xUN,2018-07-30,US-xUN,Mixed Forests,46.23388,-89.53725,4.5,4.1,4.200995393188782,21.980303661349613,0.9732535416666672,0.8117636816594499,-0.4711595076738639,-0.8820480249558535,0.9618838901559704,0.23533647476636538,0.5442635065269604,-0.9618838901559705,0,0.9687626891255368,0.7231834272777469,1.1937055540646275,-0.2935907062929314,2
7882,US-xUN,2018-09-16,US-xUN,Mixed Forests,46.23388,-89.53725,3.1,3.4,3.433487170168048,23.986332039790295,0.6588710416666665,1.5867221183916789,-0.9679377830240642,-0.2511900638848195,0.0470696315730472,0.10180517428618521,0.45440219040402363,0.04706963157304722,0,-0.05635353695376448,0.05038669475868454,0.14717573691422153,0.03309324291548037,2
7883,US-xUN,2018-10-18,US-xUN,Mixed Forests,46.23388,-89.53725,1.5,2.7,0.4036355669029328,6.651641479315939,0.5128597916666665,2.092211010544959,-0.9562348265919058,0.2926003356333479,-0.46875969922149174,0.06031396556782585,0.49922687120995607,0.46875969922149174,0,-0.5382538386298505,-0.4300505740614189,-0.43797468497320574,0.0050801954780497855,2
7891,manilacotton,2016-05-15,manilacotton,Croplands,35.8872,-90.1371,2.9,4.9,3.6422317700002327,15.540208333333334,89.45530648981247,1.5828020083333334,0.717676913675962,-0.6963762255968722,-0.49872585922794266,0.05393521780734723,0.3519064549956524,-0.49872585922794266,1,-0.4902192437344767,-0.5564088950252725,-0.4495494389240789,-0.0470181237937835,2
7892,manilacotton,2016-06-08,manilacotton,Croplands,35.8872,-90.1371,3.2,6.2000003,4.053291908774174,23.441875,128.94208901870832,0.8296312229166668,0.3777079652039649,-0.9259247771938498,-1.4344701717144395,0.13151508097169365,0.4153834243926335,-1.4344701717144392,1,-1.5347593888939126,-1.4830816829914615,-1.285569443257945,-0.6681329350714731,2
7893,manilacotton,2016-06-16,manilacotton,Croplands,35.8872,-90.1371,1.6,7.5,1.5070456629946214,28.85145833333333,108.16669176027084,1.0348527547916664,0.2470221804809355,-0.9690098257244062,-1.5401764441747534,0.16492192515465964,0.4155750123268677,-1.354267770163996,1,-1.7174647627968829,-1.3913170006177193,-1.511747569109658,-0.9034607861277923,2
7894,manilacotton,2016-07-18,manilacotton,Croplands,35.8872,-90.1371,5.6,6.5,6.319578440706649,29.13666666666666,48.50538980709376,0.7565208333333331,-0.2967128192734901,-0.9549667548552552,-1.01854029854064,0.08199845127832814,0.5809872675285791,-1.01854029854064,1,-0.9569590369931482,-0.9870448379158328,-1.111617020712939,-0.5187744855236145,2
7895,manilacotton,2016-07-26,manilacotton,Croplands,35.8872,-90.1371,6.2,6.4,6.982233604557017,28.71708333333334,99.22230125695832,0.8553333333333334,-0.4250003399695539,-0.9051931898913976,-1.0997301728809232,0.08529692501274705,0.5555749019164915,-1.0997301728809232,1,-1.0104186163215263,-1.1803463434740187,-1.1084255588472252,-0.5114710334939332,2
7896,manilacotton,2016-08-03,manilacotton,Croplands,35.8872,-90.1371,4.2,5.0,6.100321812592447,28.505,87.67244241069997,0.6780833333333334,-0.5452404385406507,-0.8382797052177745,-0.23516133274979686,0.10542989621240224,0.48985280033027445,-0.23516133274979678,1,-0.13988680049767505,-0.21716678004183143,-0.34843041770988414,0.008786409280851972,2
7897,manilacotton,2016-08-27,manilacotton,Croplands,35.8872,-90.1371,3.5,4.3,4.731678379279972,26.27958333333333,74.72309879817081,0.6853124999999998,-0.8359254794186365,-0.5488429582847199,0.04534347815341979,0.10488023215554886,0.5839776166673059,0.04534347815341988,1,0.0059852190258703475,-0.034164380723015364,0.16420959615740438,0.012404314516349296,2
7898,manilacotton,2016-09-12,manilacotton,Croplands,35.8872,-90.1371,4.5,5.6,3.36873122750255,22.086250000000003,106.70074975497916,0.8601666666666664,-0.9536809966304456,-0.300819807635668,-0.4994642473562858,0.011218707041213454,0.4613724762452952,0.4994642473562858,1,-0.5117057638461503,-0.48967356497074055,-0.4970134132519666,0.025769123877180854,2
7899,manilacotton,2016-09-20,manilacotton,Croplands,35.8872,-90.1371,3.5,4.9,3.428374511699525,24.41770833333333,88.45670274700208,0.4299375000000001,-0.9859481499638304,-0.1670516255021195,-0.315097901472646,0.20055376169594616,0.5996915835063373,-0.17184692487169556,1,-0.4525992298878502,-0.4077221109084801,-0.08497236362160779,0.016315430559629553,2
7900,manilacotton,2016-09-28,manilacotton,Croplands,35.8872,-90.1371,3.4,5.9,4.1392704816277455,19.792916666666667,113.05323934374998,2.103,-0.9995462806873572,-0.0301203048469083,-0.996126268214241,0.13054016329561502,0.6090720937990266,-0.9961262682142409,1,-0.9198850575674287,-0.9216360721792647,-1.14685767489603,0.20020079826630535,2
7901,manilacotton,2016-10-06,manilacotton,Croplands,35.8872,-90.1371,2.2,5.2000003,2.3644941387919145,24.50666666666666,142.16071503625,1.4576666666666669,-0.994217906893952,0.107381346664163,-0.6526392629508794,0.2625398260899801,0.39454197694931814,-0.6526392629508794,1,-0.6554649377483186,-0.9137548467846262,-0.3886980043196933,-0.023404241969263606,2
7902,manilacotton,2016-10-22,manilacotton,Croplands,35.8872,-90.1371,1.5,2.9,1.7731925080383268,12.748208333333334,62.850995037562505,0.8589999999999997,-0.9275416835791964,0.3737197147904692,-0.31170183001878243,0.10072495862403925,0.38279244731394524,-0.3117018300187824,1,-0.31327430799243866,-0.2101998386662931,-0.41163134339761553,-0.04358508253984855,2
7903,manilacotton,2016-10-30,manilacotton,Croplands,35.8872,-90.1371,2.3,4.0,2.1269563356202417,21.33833333333333,86.77110727000002,1.3021041666666664,-0.867456354729597,0.4975132889071803,-0.15284137918757032,0.18776229204321948,0.5488712779831969,0.15284137918757032,1,-0.14699080747076887,-0.3434605818926903,0.031927251800748235,0.016315430559629553,2
7904,manilacotton,2017-05-26,manilacotton,Croplands,35.8872,-90.1371,3.7,5.7000003,7.891940078884832,24.85520833333334,118.89511442,3.0142916666666664,0.5877852522924732,-0.8090169943749473,0.010145931380813553,0.10223754435363915,0.7254467227158435,0.010145931380813877,1,0.11572648914343464,-0.08838355215430252,0.003094857153308539,0.02077948347228833,2
7905,manilacotton,2017-06-11,manilacotton,Croplands,35.8872,-90.1371,2.4,7.3,5.090500026527342,23.743541666666665,59.661638933864594,0.9793124999999998,0.3456123126707335,-0.938377391740864,-2.040339638873825,0.1063702460269538,0.3605286667042134,-2.040339638873825,1,-2.1552270712725856,-1.9452756136984428,-2.020516231650447,-1.4181437644659127,2
7906,manilacotton,2017-06-19,manilacotton,Croplands,35.8872,-90.1371,2.2,6.4,5.8305606805498025,22.782708333333336,131.14878154624998,1.0212500000000004,0.2135209154397961,-0.9769384927771816,-1.6335844418158152,0.1354650337823974,0.3461326673634777,-1.633584441815815,1,-1.7889981619361692,-1.5712303364410452,-1.5405248270702314,-0.6836407059731402,2
7907,manilacotton,2017-06-27,manilacotton,Croplands,35.8872,-90.1371,3.9,5.3,5.720298502633835,25.991041666666664,72.8592744084375,3.461958333333333,0.077386479233463,-0.9970011699250152,0.3451299228686262,0.17797164492597434,0.7244463215769568,0.3451299228686262,1,0.47518094259689275,0.41790483244647286,0.142303993562513,0.038737092757251394,2
7908,manilacotton,2017-07-13,manilacotton,Croplands,35.8872,-90.1371,4.1,5.7000003,1.5797855442581796,23.815625,23.810884745520827,2.535708333333333,-0.1966728897935762,-0.980469160361632,0.03529773142304445,0.041403748316939486,0.5023347625819959,-0.035297731423044265,1,0.04164248498252804,-0.008912170274685938,0.07316287956129125,-0.024686651792456615,2
7909,manilacotton,2017-07-21,manilacotton,Croplands,35.8872,-90.1371,5.7,6.3,6.80377370451807,27.52208333333333,107.97403506287502,1.6134166666666665,-0.3294084822245302,-0.9441875088341994,-0.7746046729146397,0.03559654078545843,0.4057295767794635,-0.7746046729146396,1,-0.805172321611547,-0.7831184924778777,-0.7355232046544949,-0.5597396457925738,2
7910,manilacotton,2017-07-29,manilacotton,Croplands,35.8872,-90.1371,5.6,5.7000003,6.2552149457129005,28.967916666666657,111.15090764020836,0.8736458333333332,-0.455906693508459,-0.8900275764346766,-0.7002276857642578,0.03489882131271164,0.42726077221498365,-0.7002276857642578,1,-0.6728642635045112,-0.6882898717093684,-0.7395289220788935,-0.2995237607852658,2
7911,manilacotton,2017-09-07,manilacotton,Croplands,35.8872,-90.1371,3.7,4.0,3.1575807159595395,22.07437500000001,29.346240972966665,1.2937083333333337,-0.9175836260593934,-0.3975428142825566,-0.18122218558212153,0.04201308486904342,0.3863545411226274,0.18122218558212155,1,-0.20898918442269349,-0.2017892976477613,-0.13288807467590974,-0.05912057258710978,2
7912,manilacotton,2017-09-15,manilacotton,Croplands,35.8872,-90.1371,4.4,4.7000003,3.993010112320248,21.495000000000005,49.30191215091665,2.0288125,-0.9634705485641486,-0.2678143051621748,-0.45186089016573155,0.0526052599625361,0.5017844423345459,0.36211888519377283,1,-0.4141463050883346,-0.5119555556815711,-0.4294808097272891,0.0014622902425524625,2
7913,manilacotton,2017-10-09,manilacotton,Croplands,35.8872,-90.1371,2.8,4.2000003,5.259466641222276,19.235208333333336,92.77906514791664,2.1294166666666667,-0.989932495087353,0.141540295217043,-0.6596745069784754,0.1033016112315069,0.44755982845082387,-0.6596745069784755,1,-0.778827726436584,-0.6049047259962391,-0.5952910685026029,0.06314602944565022,2
7914,manilacotton,2017-10-25,manilacotton,Croplands,35.8872,-90.1371,2.1,3.7,2.1128651305843142,18.689166666666665,37.672724824375,3.1438333333333337,-0.9141279881853336,0.4054257283599973,-0.2636402507041237,0.0759643980987229,0.654780608747038,-0.2636402507041237,1,-0.35129931351665394,-0.2170709549607465,-0.22255048363497065,0.008719579617223586,2
7915,manilacotton,2017-11-10,manilacotton,Croplands,35.8872,-90.1371,0.7,2.2,2.106642068270061,9.659458333333337,35.42080606157318,1.1644645845833332,-0.7694148268839381,0.6387494220515268,-0.04101740552655428,0.07841389614727455,0.32735858949998875,-0.041017405526554196,1,-0.04816484899489715,0.04072552144788866,-0.11561288903265435,-0.04567044700726411,2
7916,manilacotton,2018-06-06,manilacotton,Croplands,35.8872,-90.1371,1.8,6.1,2.470669114928881,26.035833333333343,174.2308351325,0.8446041666666666,0.4250003399695541,-0.9051931898913974,-1.165423764159052,0.3170241201576321,0.6186585433885557,-1.165423764159052,1,-1.515112310529458,-1.08434906580884,-0.8968099161388576,0.054394856651390884,2
7917,manilacotton,2018-06-14,manilacotton,Croplands,35.8872,-90.1371,5.3,6.3,5.564950706518849,28.06375000000001,108.55443921937496,1.4937291666666666,0.2967128192734907,-0.9549667548552552,-0.8522112638591971,0.09262359738371254,0.4129027790597024,-0.8522112638591972,1,-0.9218373568370426,-0.7470897102407641,-0.8877067244997845,-0.5173472840615739,2
7918,manilacotton,2018-07-16,manilacotton,Croplands,35.8872,-90.1371,5.5,6.2000003,6.4750302852920045,27.59895833333333,70.25328387781248,1.1397291666666671,-0.2470221804809352,-0.9690098257244064,-0.7624318678542371,0.05262158546692028,0.38571618600391694,-0.7624318678542372,1,-0.8026063565679353,-0.7028662864060528,-0.7818229605887232,-0.3568777908976301,2
7919,manilacotton,2018-07-24,manilacotton,Croplands,35.8872,-90.1371,5.9,6.3,6.362528723997146,24.344791666666666,93.01448306831249,1.0240833333333337,-0.3777079652039646,-0.92592477719385,-0.8338873306078193,0.12097093931035902,0.3652662921427376,-0.8338873306078192,1,-0.7751108765646241,-0.9730159991047986,-0.7535351161540351,-0.4092422931084025,2
7920,manilacotton,2018-09-02,manilacotton,Croplands,35.8872,-90.1371,4.7,5.3,5.647297635518731,26.806875,92.83935186250004,1.5754791666666668,-0.8800122039735356,-0.4749510720670502,-0.4541632113799412,0.06777741390713982,0.4673498024999677,-0.4541632113799412,1,-0.4000071547016022,-0.4323115045907744,-0.530170974847447,-0.014765010335399967,2
7921,manilacotton,2018-09-18,manilacotton,Croplands,35.8872,-90.1371,3.2,4.9,2.5636559363152966,26.41604166666667,117.71865651101878,0.6386458333333335,-0.9760105506323682,-0.2177232303965322,-0.319450818844994,0.24808358290022728,0.66715641304093,0.319450818844994,1,-0.5020110797765415,-0.4193493416098252,-0.036992035148615265,0.0025323685567643986,2
7922,manilacotton,2018-10-04,manilacotton,Croplands,35.8872,-90.1371,2.9,4.6,2.1482468186210557,27.008750000000006,120.16033037958334,1.6793541666666665,-0.9984354211555644,0.055916990100603,-0.24733277983145888,0.17365242954899954,0.5155098429357674,0.24733277983145885,1,-0.32969220954238987,-0.3644813932736733,-0.04782473667831344,0.016315430559629553,2
