row_id,station,date,group,landcover,latitude,longitude,openet,eto,y,t_avg,vpd,ws,doy_sin,doy_cos,correction,spread,distance,gain,inner_fold,correction_20260713,correction_20260714,correction_20260715,predicted_gain,outer_fold
0,Almond_High,2016-10-18,Almond_High,Croplands,36.169669,-120.201004,2.8,4.7000003,3.2692028299273965,15.92115416666667,0.8792485312499999,1.981040947125,-0.9510565162951536,0.3090169943749472,-0.8040220588091959,0.12533133703191734,0.6293365466235779,-0.804022058809196,0,-0.6618004479348458,-0.8983213116380524,-0.8519444168546892,-0.1957262421499665,3
1,Almond_High,2016-10-19,Almond_High,Croplands,36.169669,-120.201004,2.7,4.1,3.3010889439100146,17.11445833333333,1.1666514708333335,1.650064305041666,-0.9455963874271428,0.3253420847119795,-0.7675657497337962,0.20120517199159513,0.5634458403331101,-0.7675657497337962,0,-0.6432566371955994,-0.6597380874000599,-0.9997025246057291,-0.22918277667251435,3
2,Almond_High,2016-10-26,Almond_High,Croplands,36.169669,-120.201004,2.6,3.7,3.4350545255037304,19.530833333333337,1.3863679250000005,1.0243062465624997,-0.8996308696522434,0.4366512319560638,-0.7299184677103622,0.046012766178581035,0.6234443634172276,-0.7299184677103621,0,-0.6990141063215084,-0.7079425174500498,-0.7827987793595284,-0.2024833986417857,3
3,Almond_High,2016-11-03,Almond_High,Croplands,36.169669,-120.201004,1.9,2.9,2.334877953351536,14.920789583333333,0.4930906729166667,0.9247025995833332,-0.8311706263658079,0.5560174366570446,-0.051039186350258094,0.14598890306805778,0.5151079949376117,-0.051039186350258114,0,-0.09017886797773175,0.11053003407687625,-0.1734687251499188,-0.07698303211024705,3
4,Almond_High,2016-11-11,Almond_High,Croplands,36.169669,-120.201004,2.5,2.2,2.7000762496688107,19.603416666666664,1.1845941458333331,1.089986917208333,-0.7469720876965551,0.6648553979642867,-0.8201174594522699,0.2225037602498619,0.8985660784520899,-0.8201174594522698,0,-1.0770102884884487,-0.6952036243981803,-0.6881384654701806,-0.2284127889759956,3
5,Almond_High,2016-11-12,Almond_High,Croplands,36.169669,-120.201004,1.9,2.0,2.7264139166428487,18.873187500000004,0.8960911145833333,1.1228501896875,-0.7354170229639858,0.6776147890466887,-0.5192577818499381,0.13924761020883136,0.7008700228416501,-0.5192577818499382,0,-0.6587972407725677,-0.5186722377314849,-0.38030386704576147,-0.13273887334573245,3
6,Almond_High,2016-11-19,Almond_High,Croplands,36.169669,-120.201004,1.5,2.2,2.7975236141092656,16.410229166666667,1.0027266416666667,2.169221181020833,-0.6486295610349818,0.7611042586607742,-0.2411625448367906,0.10990784697408941,0.7058025348537063,-0.24116254483679067,0,-0.22393632272196012,-0.140884986963311,-0.3586663248251007,-0.046824531196186535,3
7,Almond_High,2016-11-27,Almond_High,Croplands,36.169669,-120.201004,0.6,3.3,2.3380649992034033,10.393670833333331,0.3336782104166667,1.2914638640833334,-0.5380051715382992,0.8429415373547832,0.3484402535889235,0.1920174802392085,0.6066141460921861,0.3484402535889235,0,0.21266889630926247,0.5681327720754612,0.26451909238204685,-0.0662107062850066,3
8,Almond_High,2016-12-13,Almond_High,Croplands,36.169669,-120.201004,0.8,0.7,0.6193984978949034,12.30406666666667,0.3672009604166666,0.7228942865000001,-0.2884824328806098,0.9574851883550388,-0.13275237582539826,0.18173632717100233,0.6016741892238423,0.13275237582539826,0,-0.21803570668062736,-0.2561623822420736,0.07594096144650622,-0.0662107062850066,3
9,Almond_High,2016-12-14,Almond_High,Croplands,36.169669,-120.201004,1.0,1.2,0.4734243753850046,13.690118750000003,0.4505191416666665,1.2998963814166666,-0.2719581575341052,0.9623090774541488,-0.14226921820616464,0.1466871730295358,0.5911839646104584,0.14226921820616467,0,-0.3073127053402517,-0.09272644138100539,-0.026768507897236865,-0.0547012723960441,3
10,Almond_High,2016-12-22,Almond_High,Croplands,36.169669,-120.201004,1.0,1.3000001,0.7460636892627982,7.364753124999999,0.2989272229166667,1.2174083991666669,-0.1372787721132651,0.9905324521322229,0.01445025028050432,0.12858607774144273,0.377575109921856,-0.01445025028050434,0,-0.12129744452691077,0.03022993385770411,0.13441826151071962,0.04158424279520798,3
11,Almond_High,2016-12-29,Almond_High,Croplands,36.169669,-120.201004,1.1,1.9,0.6345462802719719,7.125991666666668,0.2821633208333333,1.0897363956666668,-0.0172133561558352,0.9998518392091162,0.12012929801932763,0.055597697487704024,0.41902188047451727,-0.12012929801932759,0,0.09925115096098072,0.18314385250200052,0.07799289059500167,-0.0390889313076186,3
12,Almond_High,2017-01-06,Almond_High,Croplands,36.169669,-120.201004,1.2,0.6,0.7745127715090868,5.961993395833335,0.2252230208333333,0.9938399749791664,0.1031016974474348,0.9946708199115212,-0.31492702230458297,0.17949821026638133,0.43203942633113357,0.31492702230458297,0,-0.38123380802474,-0.4518388084625207,-0.11170845042648814,-0.07394630617357453,3
13,Almond_High,2017-01-31,Almond_High,Croplands,36.169669,-120.201004,1.1,3.9,0.730425230674694,9.705908333333335,0.2349611666666666,1.0808359443125002,0.5086709438521044,0.8609610158889943,0.15083856324955702,0.16902523747668657,0.7241094991532984,-0.15083856324955702,0,0.1704049605569842,0.30922907828605195,-0.027118349094365064,-0.0662107062850066,3
14,Almond_High,2017-02-23,Almond_High,Croplands,36.169669,-120.201004,1.8,1.8000001,1.3835112860232868,6.723454166666667,0.3864496083333333,1.5265613006041667,0.8013610881746766,0.5981809144059164,-0.5263860574167021,0.17776934621931373,0.6513182374872631,0.3065913705367245,0,-0.38984785335757655,-0.7273952422376873,-0.4619150766548423,-0.14424830723469498,3
15,Almond_High,2017-02-24,Almond_High,Croplands,36.169669,-120.201004,1.9,4.3,1.1086171742527675,5.946418125,0.3494167583333335,1.3325013221041666,0.8115390590073611,0.5842981736283683,-0.446170299318156,0.15766539825436512,0.8336302226710517,0.446170299318156,0,-0.28135879815194864,-0.5955555588514863,-0.4615965409510332,-0.09988536523183235,3
16,Almond_High,2017-03-03,Almond_High,Croplands,36.169669,-120.201004,2.7,5.8,1.0078822036738566,12.01881875,0.5572786208333333,1.2927860154166664,0.8758917051442429,0.4825077417612184,-0.567338215505378,0.1115492739930253,0.9890869365264324,0.5673382155053781,0,-0.4392153803606882,-0.6199259734943107,-0.6428732926611349,-0.04926492548386636,3
17,Almond_High,2017-03-11,Almond_High,Croplands,36.169669,-120.201004,3.0,1.7,1.9809003588611809,16.372262500000005,0.6599561083333333,1.5581869491458331,0.9338372288229252,0.3576982388331254,-0.818246448880218,0.517693764410338,0.8241326787073966,0.818246448880218,0,-0.7834953198184683,-1.3524402628770409,-0.3188037639451451,3.270755618254639,3
18,Almond_High,2017-03-12,Almond_High,Croplands,36.169669,-120.201004,3.1,1.9,2.4953248847498704,16.399347916666667,0.813547325,1.732685695979166,0.9398560579418954,0.3415707691678556,-0.9128536658994485,0.4296536604137599,0.8918712307089031,0.296496564600811,0,-0.8414776380172436,-1.3737255987389043,-0.5233577609421975,-0.5340407103820836,3
19,Almond_High,2017-03-27,Almond_High,Croplands,36.169669,-120.201004,3.4,4.2000003,4.112729388671909,13.74519583333334,0.6225635895833332,2.060644960374999,0.995918996147179,0.0902516100310411,-1.2178330297053908,0.11929623376218917,0.622723440973188,-1.2178330297053908,0,-1.2334880542164453,-1.3285288550062773,-1.0914821798934498,-0.2426938864548676,3
20,Almond_High,2017-03-28,Almond_High,Croplands,36.169669,-120.201004,3.6,1.7,4.323831949820361,14.392479166666668,0.8418673729166666,2.0895961094791664,0.9973249731081556,0.0730951298980777,-1.4108443546316352,0.4933414538558789,1.1174356756894024,-1.4108443546316352,0,-1.1869683047119532,-1.976429186917288,-1.0691355722656641,3.215503388610532,3
21,Almond_High,2017-04-04,Almond_High,Croplands,36.169669,-120.201004,4.7,1.0,4.234829542600416,16.76101041666666,1.314392175,1.3375048921875,0.9988797155850336,-0.0473213883224318,-1.9598189109105784,1.1179537563073683,1.7014878224934775,-1.0294779961114093,0,-2.027304613719762,-3.0425010955827565,-0.8096510234292166,-20.472891741768166,3
22,Almond_High,2017-04-12,Almond_High,Croplands,36.169669,-120.201004,4.5,5.2000003,4.4568310151623685,17.912104166666666,0.9484973541666668,2.2777046603541664,0.9829265519799822,-0.18399835165768,-1.3919226536434735,0.2621238412721951,0.7021524354706041,-1.3055846839682104,0,-1.571902298612912,-1.5126800819374935,-1.0911855803800141,-0.2905342031444164,3
23,Almond_High,2017-04-13,Almond_High,Croplands,36.169669,-120.201004,3.8,3.3,4.580849250362876,15.213375,0.7698915729166664,1.839295051625,0.97961369164549,-0.200890555130635,-1.4356617378995844,0.446719423911179,0.7140963841651293,-1.4356617378995846,0,-1.3526975508709722,-1.9180473939449123,-1.0362402688828685,-0.45124450788662335,3
24,Almond_High,2017-04-20,Almond_High,Croplands,36.169669,-120.201004,5.1,4.5,5.092514950837415,15.788579166666665,0.8741434291666667,2.48424922975,0.9483615800121716,-0.3171912885891061,-2.222133598384392,0.35444847512382455,0.86251729507176,-2.207163500059222,0,-2.2471633942953555,-2.563403738983534,-1.8558336618742879,0.4248832964764948,3
25,Almond_High,2017-04-21,Almond_High,Croplands,36.169669,-120.201004,5.2,1.4,5.212780127587736,18.122145833333327,1.3428588208333332,1.9726368895208335,0.9427611433904208,-0.3334687789181868,-2.4186372652627703,0.814116300780303,1.7479642398924387,-2.4186372652627703,0,-2.235313126293644,-3.3087851181208547,-1.711813551373812,-26.23811446613033,3
26,Almond_High,2017-04-28,Almond_High,Croplands,36.169669,-120.201004,5.7,4.4,5.8389761077746485,18.067729166666673,1.5139129937499998,3.166481213458333,0.895839290734909,-0.4443781781046132,-2.226120577862297,0.4770082272757555,1.0455339635587604,-2.226120577862297,0,-2.3244686268459813,-2.646289279781109,-1.707603826959801,0.4735061413219537,3
27,Almond_High,2017-04-29,Almond_High,Croplands,36.169669,-120.201004,5.5,0.6,4.804347010170913,17.974414583333335,1.5596780583333332,1.820829631520833,0.8880573226294932,-0.4597327394521039,-2.626614411057979,1.0383005716614637,2.178674228190035,-1.235308431399805,0,-2.3910919895795573,-3.7624448575804093,-1.726306386013971,-65.88878237590079,3
28,Almond_High,2017-05-07,Almond_High,Croplands,36.169669,-120.201004,3.8,7.3,4.610114852557269,14.985812500000002,0.5853433479166666,1.0857692293125,0.8165380514459161,-0.5772916165517272,-0.7300308383236533,0.2141819659397823,0.9814192266484074,-0.7300308383236533,0,-0.5469419656227265,-0.9655640348384362,-0.6775865145097973,-0.3293348432345369,3
29,Almond_High,2017-05-14,Almond_High,Croplands,36.169669,-120.201004,5.4,7.8,4.348433996266273,14.56464375,0.8776667791666665,1.1392122352500005,0.741222010848596,-0.6712599575675313,-1.0691477083748768,0.2648028192492716,1.0104238834819053,1.0339842990925778,0,-0.9319080376109027,-1.3743990878476917,-0.901135999666036,-0.35939257423307525,3
30,Almond_High,2017-05-15,Almond_High,Croplands,36.169669,-120.201004,4.3,7.9,4.252254777922115,15.340058333333332,0.9104983791666664,1.3283745080000002,0.7295575540864875,-0.6839194216246106,-0.6234760407339226,0.2568428938690895,0.9200068540544823,-0.5279855965781528,0,-0.46088182442658837,-0.9195768098168234,-0.489969487958356,-0.2260435701578859,3
31,Almond_High,2017-05-22,Almond_High,Croplands,36.169669,-120.201004,7.0,2.6000001,7.446954466196363,26.98979166666666,2.4627760041666664,1.3479692899375,0.6420547132365637,-0.766658819300159,-2.969579839233802,0.8224708083293353,2.27627354527774,-2.969579839233802,0,-2.8438749960956407,-3.84766655219562,-2.2171979694101465,-57.31548024557812,3
32,Almond_High,2017-05-23,Almond_High,Croplands,36.169669,-120.201004,6.6,4.4,8.028342460820438,27.85502083333333,2.646727052083333,1.4622052201250002,0.6287628145958344,-0.777597146973627,-2.324048194004077,0.6095268827556205,1.8445443460663888,-2.324048194004077,0,-2.1481493689393556,-3.002182088971737,-1.821813124101139,-5.5225871681018655,3
33,Almond_High,2017-05-30,Almond_High,Croplands,36.169669,-120.201004,6.7,6.4,6.843169517447456,22.187875,1.5130753291666668,1.2537134820416669,0.5307300481619334,-0.8475409228928311,-1.3032251981634404,0.08943419151432201,0.8919093755721068,-1.3032251981634404,0,-1.2027035416209817,-1.3739804655899726,-1.3329915872793667,-1.0930702382894024,3
34,Almond_High,2017-06-07,Almond_High,Croplands,36.169669,-120.201004,6.8,5.5,8.426678737686293,24.307500000000005,2.0270201562500008,1.316591644395833,0.4093559588156213,-0.9123747579707272,-1.8215425674278756,0.5728688942458448,1.1961246222951405,-1.8215425674278753,0,-1.487540054109184,-2.48302386495546,-1.494063783218983,2.9222839589537077,3
35,Almond_High,2017-06-15,Almond_High,Croplands,36.169669,-120.201004,7.4,7.6,7.383518981720705,24.97529166666667,2.1388914729166664,1.7453193667291664,0.2802306751992158,-0.9599326896597448,-1.1502645583142808,0.20907278811348612,0.9614436649799696,-1.1173025217556904,0,-0.9341390781633123,-1.351487178980509,-1.165167417799021,-0.584208111447233,3
36,Almond_High,2017-06-16,Almond_High,Croplands,36.169669,-120.201004,6.7,7.9,8.509641270596134,26.43239583333333,2.03082104375,1.5060985791875003,0.263665492728007,-0.9646141756912436,-0.7020299359448939,0.09321014201808038,0.8460873600342239,-0.702029935944894,0,-0.6180538864986895,-0.6857157487495174,-0.8023201725864747,-1.0188795166170008,3
37,Almond_High,2017-06-23,Almond_High,Croplands,36.169669,-120.201004,7.0,7.0,8.435072647304706,31.32466666666667,2.926988304166668,1.2531234217916667,0.1457991969198751,-0.9893142039703664,-1.589855016077949,0.33231395186549745,1.5575928641182244,-1.5898550160779488,0,-1.4224283063547145,-1.9725813894820754,-1.3745553523970568,5.611465863702084,3
38,Almond_High,2017-07-01,Almond_High,Croplands,36.169669,-120.201004,7.0,7.1,6.701810390342505,25.526125,2.111050325,1.2819467873750003,0.0086069968886886,-0.9999629591162656,-1.0884167110191838,0.3315653235057105,1.0043591092333721,-0.49203749170419386,0,-0.7576880402835313,-1.420812401277395,-1.0867496914966253,-0.5654391834560389,3
39,Almond_High,2017-07-02,Almond_High,Croplands,36.169669,-120.201004,6.6,6.9,6.723902870981468,26.869145833333324,2.255718027083333,1.3590524775833337,-0.008606996888688,-0.9999629591162656,-1.0317644344411228,0.38966001026466707,1.060507752109809,-1.0317644344411228,0,-0.6857593973865564,-1.4538559116741494,-0.9556779942626623,-0.8748184564395635,3
40,Almond_High,2017-07-09,Almond_High,Croplands,36.169669,-120.201004,6.5,7.5,5.7924162043227545,30.03183333333333,3.25096554375,1.1158817400416672,-0.1287481774525806,-0.99167731989929,-1.3466072915430354,0.15568482389910673,1.5865616384562355,0.06856029981145562,0,-1.2032224110808973,-1.5122057828764677,-1.324393680671741,3.6877744143209017,3
41,Almond_High,2017-07-17,Almond_High,Croplands,36.169669,-120.201004,6.9,8.1,9.838696324291115,30.07264583333333,3.13569355,1.475286185,-0.2636654927280072,-0.9646141756912436,-1.356120006980604,0.25779592298563986,1.5328005925819075,-1.3561200069806043,0,-1.1389320582669202,-1.6410114121416826,-1.2884165505332086,3.606525222841453,3
42,Almond_High,2017-07-18,Almond_High,Croplands,36.169669,-120.201004,7.1,8.3,9.298965357016645,28.60427083333333,2.916980204166668,1.7235637356250002,-0.2802306751992161,-0.9599326896597444,-1.1670803526323437,0.2981966617491551,1.2942626574437122,-1.1670803526323437,0,-0.8946997788535878,-1.485692859520566,-1.120848419522877,2.4257800845430464,3
43,Almond_High,2017-07-25,Almond_High,Croplands,36.169669,-120.201004,6.9,9.2,7.587214331625698,26.9096875,2.4879937770833336,1.5783625347291668,-0.3935902766564664,-0.9192859697186104,-0.6622170968985261,0.32679714069072285,1.007275646696408,-0.6622170968985261,0,-0.33877026278266514,-0.9922645475611446,-0.6556164803517689,-1.0846087690690989,3
44,Almond_High,2017-07-26,Almond_High,Croplands,36.169669,-120.201004,6.1,9.2,6.040292139162711,27.68864583333333,2.287282704166667,1.3036626466041668,-0.4093559588156211,-0.9123747579707274,-0.4226418324154791,0.16996836317409575,0.9062389052175875,-0.30322611074090117,0,-0.2926869894902313,-0.6149889856839247,-0.3602495220722814,-0.4670079422786527,3
45,Almond_High,2017-08-10,Almond_High,Croplands,36.169669,-120.201004,6.3,5.4,3.336528944384955,27.82427083333333,2.261608920833334,1.1735954651666665,-0.6287628145958345,-0.7775971469736268,-1.7441608610546424,0.5006502536322981,1.0413986211829591,1.7441608610546424,0,-1.1947447339140154,-2.1746158857202857,-1.8631219635296261,2.910170541437408,3
46,Almond_High,2017-08-11,Almond_High,Croplands,36.169669,-120.201004,5.8,4.9,4.373488881854336,28.17533333333333,2.5400254,1.2366304901041665,-0.6420547132365636,-0.7666588193001592,-1.7586602439940247,0.44176841957374563,1.22886843321837,1.0943619922973025,0,-1.2662138338714837,-2.1201298650548894,-1.889637033055701,-0.8801703055559446,3
47,Almond_High,2017-08-18,Almond_High,Croplands,36.169669,-120.201004,5.4,5.8,2.4242323417405554,28.714625,2.388462720833333,0.9569183757500004,-0.7295575540864876,-0.6839194216246105,-1.456291702931732,0.3150625034689033,0.9291480174172191,1.456291702931732,0,-1.1085151511661768,-1.5376976365883424,-1.7226623210406764,-0.31612748954716613,3
48,Almond_High,2017-08-19,Almond_High,Croplands,36.169669,-120.201004,5.8,6.6,2.3169371176672966,29.473854166666666,2.6640571104166666,1.0526854109583332,-0.7412220108485957,-0.6712599575675315,-1.5945859704304277,0.3502917510877388,1.137322695950576,1.5945859704304277,0,-1.2677404017382108,-1.5516515606935324,-1.9643659488595395,-0.6632927606695285,3
49,Almond_High,2017-08-26,Almond_High,Croplands,36.169669,-120.201004,5.4,4.8,5.057897341914867,29.372312500000003,2.970250629166667,1.1328545134166668,-0.8165380514459157,-0.5772916165517278,-1.9062910033402976,0.3639595730189348,1.5261933026814645,-1.2220856871700303,0,-1.53665699817808,-1.9179185216478838,-2.2642974901949287,0.9861572867498628,3
50,Almond_High,2017-08-27,Almond_High,Croplands,36.169669,-120.201004,4.8,5.2000003,5.821775022583513,31.11397916666668,3.2877244104166654,1.328262854,-0.8263541987239095,-0.5631507242749187,-1.6182266915167316,0.3092112792144363,1.604525387351287,-1.6182266915167318,0,-1.3974874156337989,-1.4855587927371454,-1.9716338661792505,2.481937078696778,3
51,Almond_High,2017-09-03,Almond_High,Croplands,36.169669,-120.201004,3.7,5.9,2.2158639887256992,35.02710416666667,4.155421745833333,1.9814850525833336,-0.888057322629493,-0.4597327394521046,-1.322470010249296,0.12744808898068746,1.876933319144318,1.322470010249296,0,-1.2022054710203869,-1.3091492619688208,-1.4560552977586803,-11.21333605290021,3
52,Almond_High,2017-09-12,Almond_High,Croplands,36.169669,-120.201004,4.4,4.9,4.6809537855603525,28.131937500000006,2.146243558333333,1.3202980400208333,-0.9483615800121716,-0.3171912885891059,-1.206723885307089,0.40674970274108413,0.8544472598673296,-1.206723885307089,0,-0.9865454355414199,-0.9575271400017592,-1.6760990803780875,-0.12336821115721765,3
53,Almond_High,2017-09-19,Almond_High,Croplands,36.169669,-120.201004,3.9,8.0,4.1168782751281885,20.075375,1.2053462354166664,1.813532029125,-0.97961369164549,-0.2008905551306352,-0.5797927353324915,0.23447664658477818,1.0680743270745048,-0.5797927353324915,0,-0.6437573213708339,-0.775649632518497,-0.3199712521081439,-0.11514490178254748,3
54,Almond_High,2017-09-20,Almond_High,Croplands,36.169669,-120.201004,4.0,5.5,3.6288542557003782,20.083958333333328,1.2297496562499997,1.008084117770833,-0.9829265519799822,-0.1839983516576798,-0.7467443885386033,0.08409639109278677,0.5447796956519908,-0.004452899939359711,0,-0.7288316261622813,-0.83835397718339,-0.6730475622701385,-0.2418043231502472,3
55,Almond_High,2017-09-27,Almond_High,Croplands,36.169669,-120.201004,4.1,1.5,4.4031760566070615,23.888562499999995,2.150459170833334,1.4123247364166671,-0.9979171608653922,-0.0645084494493162,-1.4926696631794873,0.2608910408343008,1.646175745594921,-1.4926696631794873,0,-1.669173672585276,-1.6158387694976206,-1.192996547455565,2.715354268994192,3
56,Almond_High,2017-09-28,Almond_High,Croplands,36.169669,-120.201004,4.0,2.5,4.387783606101824,24.48279166666667,2.192002997916666,1.348984480229167,-0.9988797155850336,-0.0473213883224323,-1.212356489373444,0.033980271087916576,1.3315172813061498,-1.212356489373444,0,-1.2498388072104927,-1.183567160950968,-1.2036634999588713,-0.5949353054242276,3
57,Almond_High,2017-10-05,Almond_High,Croplands,36.169669,-120.201004,3.7,2.4,3.8562508747666704,17.9680625,1.4220458750000002,1.6702097233749995,-0.9973249731081556,0.0730951298980777,-1.3296228395559386,0.12158719101853938,0.9551512147097079,-1.3296228395559386,0,-1.4275755013327391,-1.3677522034177012,-1.1935408139173753,-0.22754011659134782,3
58,Almond_High,2017-10-06,Almond_High,Croplands,36.169669,-120.201004,3.4,3.8,3.611048113845912,19.1284375,1.5924973062499996,1.4444451816666668,-0.9959189961471792,0.0902516100310407,-0.9544997310929672,0.0679097677570132,0.7256129514436832,-0.9544997310929673,0,-0.8764102075990687,-0.9997296603544935,-0.9873593253253393,-0.2034209294941143,3
59,Almond_High,2017-10-13,Almond_High,Croplands,36.169669,-120.201004,2.9,3.8,3.725846356484483,14.434654166666665,1.119678210416667,1.5775275522083334,-0.9778483415056568,0.2093146459630488,-1.0266829977506153,0.11084951886381873,0.44705889364638207,-1.0266829977506153,0,-0.9194204508301405,-1.0198272862187092,-1.1408012562029963,-0.2034209294941143,3
60,Almond_High,2017-10-14,Almond_High,Croplands,36.169669,-120.201004,2.9,5.0,3.641501572801634,14.528316666666669,0.9647833083333331,1.6561347657708332,-0.9741004551724206,0.226115685508288,-0.9511322750985416,0.14453231175251433,0.6361725000044538,-0.9511322750985416,0,-0.7990377979556873,-0.967681264472977,-1.0866777628669604,-0.22536803012769968,3
61,Almond_High,2017-10-21,Almond_High,Croplands,36.169669,-120.201004,2.5,3.6000001000000004,2.727149867288826,13.0853375,0.5687769354166666,1.3389368581666667,-0.9398560579418952,0.341570769167856,-0.5872212989272027,0.04637733888005304,0.5877376684205551,-0.5872212989272027,0,-0.5690121153349696,-0.5527119389845288,-0.6399398424621097,-0.08943246386890506,3
62,Almond_High,2017-10-22,Almond_High,Croplands,36.169669,-120.201004,2.6,4.1,2.9440680351488497,15.002458333333337,0.6903073729166667,1.3275881566249996,-0.9338372288229252,0.3576982388331254,-0.6398739929774514,0.10284506114359049,0.608704337516144,-0.6398739929774514,0,-0.7170127228775863,-0.5231105178676386,-0.6794987381871294,-0.2024833986417857,3
63,Almond_High,2017-11-06,Almond_High,Croplands,36.169669,-120.201004,1.7,1.4,2.048595629887922,10.33560625,0.3273295270833333,0.9892895319999998,-0.8115390590073611,0.5842981736283683,-0.272362730751585,0.17902591447691682,0.5902899575024001,-0.272362730751585,0,-0.16953983445936277,-0.4790831195703294,-0.16846523822506285,-0.08849246599920958,3
64,Almond_High,2017-11-07,Almond_High,Croplands,36.169669,-120.201004,1.8,2.2,2.114045639890427,11.370408333333332,0.3995809770833333,1.2080553101875002,-0.8013610881746769,0.5981809144059159,-0.1518052171477304,0.028956476447023812,0.5483777926236775,-0.15180521714773043,0,-0.1237869975215862,-0.15001204690497177,-0.18161660701663324,-0.061370691021821556,3
65,Almond_High,2017-11-14,Almond_High,Croplands,36.169669,-120.201004,1.8,2.5,1.7844511251077844,14.31204791666667,0.3254273916666666,0.9874864367083336,-0.7236440382959123,0.690173388242972,0.18146946683606083,0.0702420416908328,0.5407091471674639,-0.18146946683606083,0,0.1767072440599361,0.2539714406444444,0.113729715803802,-0.061370691021821556,3
66,Almond_High,2017-11-15,Almond_High,Croplands,36.169669,-120.201004,1.4,2.3,2.041846222652334,15.267072916666663,0.5166340208333334,1.1235568988333335,-0.7116566222817751,0.7025274741691566,-0.0370922018089638,0.07703811931542502,0.4969679085297649,-0.037092201808963776,0,-0.10031292838819139,0.04871434793093054,-0.059678024969630525,-0.046824531196186535,3
67,Almond_High,2017-11-22,Almond_High,Croplands,36.169669,-120.201004,1.8,2.3,1.6420705333874477,14.847329166666668,0.5082417770833332,1.0036453771458336,-0.622046748440868,0.7829801036770625,-0.07016391314217914,0.07705191737819984,0.5981477192614445,0.07016391314217914,0,-0.15870193528744517,-0.018294773938374878,-0.03349503020071735,-0.061370691021821556,3
68,Almond_High,2017-11-23,Almond_High,Croplands,36.169669,-120.201004,1.7,3.4,1.79516844447407,15.723352083333335,0.5032021687500001,1.0238377635208338,-0.6084768701151264,0.7935716089521472,0.17306486968078194,0.18095622747643347,0.6656475420676671,0.01727201926735833,0,0.031303353514085815,0.3768851277748206,0.11100612775343938,-0.08849246599920958,3
69,Almond_High,2017-11-30,Almond_High,Croplands,36.169669,-120.201004,1.3,2.1000001,1.1314167966870996,8.808610416666664,0.2885761354166668,1.1421030096875,-0.5086709438521042,0.8609610158889945,0.38664962056761826,0.1455569039453422,0.39943375640417117,-0.3866496205676182,0,0.254040826162664,0.5423855168126699,0.36352251872752084,-0.06243687228461205,3
70,Almond_High,2017-12-01,Almond_High,Croplands,36.169669,-120.201004,1.8,3.0,0.959930432558152,9.828341666666669,0.2719040333333334,1.1626209454791667,-0.4937755501599774,0.8695893893466109,0.5247264634751659,0.1599346104517632,0.5795809298132945,-0.5247264634751659,0,0.39461674415228,0.703283196793598,0.4762794494796196,-0.08849246599920958,3
71,Almond_High,2017-12-08,Almond_High,Croplands,36.169669,-120.201004,1.3,2.4,0.7724317620872441,8.412583333333334,0.7539112791666666,1.0278061688750002,-0.3856634062436074,0.9226395488404876,-0.1285896285475273,0.32457054258981266,0.7548050142101145,0.1285896285475273,0,-0.2736384588597456,0.24321168971979482,-0.3553421165026312,-0.08833008834057553,3
72,Almond_High,2017-12-16,Almond_High,Croplands,36.169669,-120.201004,1.2,3.7,0.7508664297095755,11.060229166666666,0.8684016312500001,2.3948140059791663,-0.2553532951161881,0.9668478136052772,0.01959718515806023,0.18931198388160653,0.7799513315947071,-0.01959718515806025,0,-0.05532522654512929,0.23490383348604507,-0.1207870514667351,-0.07394630617357453,3
73,Almond_High,2017-12-17,Almond_High,Croplands,36.169669,-120.201004,1.0,0.90000004,0.3359942798022836,9.005979166666666,0.745659975,1.7480291230208336,-0.2386727660059499,0.9711000518829505,-0.44146845424448883,0.18013394661917376,0.6327291962004747,0.44146845424448883,0,-0.5632623893807795,-0.5265951722469113,-0.23454780110577547,-0.07760360551762936,3
74,Almond_High,2018-01-01,Almond_High,Croplands,36.169669,-120.201004,1.1,0.6,0.1678812995481222,9.530414583333334,0.4349331520833333,1.081423093854167,0.0172133561558346,0.9998518392091162,-0.4628909871083615,0.1659227401260739,0.5372494580876483,0.4628909871083615,0,-0.6043762355399825,-0.5040268641701715,-0.2802698616149306,-0.12196654752049195,3
75,Almond_High,2018-01-10,Almond_High,Croplands,36.169669,-120.201004,1.1,2.9,1.5188532715344083,12.166199999999998,0.2670981999999999,0.9788068946875,0.1712931441814776,0.9852201067560606,0.3459415213356046,0.3066113224296099,0.556522018691282,0.3459415213356046,0,0.4307779133669084,0.6012019993669313,0.005844651272973858,-0.08059448845200758,3
76,Almond_High,2018-01-25,Almond_High,Croplands,36.169669,-120.201004,1.0,5.7000003,1.579114161965716,9.935462499999998,0.265060625,1.2086589799166667,0.4171936026123168,0.9088176373395028,0.0157804009243503,0.07226047698551788,1.396678176197976,0.01578040092435029,0,-0.054298208181183256,0.09004110197889825,0.011598308975335904,-0.24873619507545094,3
77,Almond_High,2018-01-26,Almond_High,Croplands,36.169669,-120.201004,1.2,4.6,0.864932031388282,7.414708333333332,0.2471288895833333,1.4913369582500005,0.4327755925504312,0.901501684131884,0.03910420850376425,0.07079062551062532,0.9949359580736594,-0.039104208503764226,0,-0.0012521055290379071,0.12084403052729445,-0.002279299486963815,-0.003976692944264901,3
78,Almond_High,2018-02-03,Almond_High,Croplands,36.169669,-120.201004,1.4,2.9,0.7643381687469415,14.495518749999995,0.5921825666666667,1.319641726208333,0.5524353131676196,0.8335557718385699,-0.12815812653108039,0.09690152384630708,0.6625978253195621,0.12815812653108039,0,-0.20213318813321163,-0.01846796153112836,-0.16387322992890116,-0.046824531196186535,3
79,Almond_High,2018-02-10,Almond_High,Croplands,36.169669,-120.201004,2.2,0.8,1.2282243108709758,15.155466666666667,1.0415865812499996,2.2311902382708326,0.6486295610349814,0.7611042586607747,-0.8227078460759234,0.4387894260849641,1.1935314535301038,0.8227078460759234,0,-0.8289097070828123,-1.2583634689526086,-0.3808503621923493,-0.4046052989459161,3
80,Almond_High,2018-02-11,Almond_High,Croplands,36.169669,-120.201004,2.1,1.9,0.8142707075778072,11.584054166666668,0.9286430833333332,1.3059696900833333,0.6616346182422783,0.7498264012045686,-0.7826639508564939,0.2993615125645639,0.6759805866537687,0.7826639508564939,0,-0.8989158439503068,-1.0064625300589838,-0.442613478560191,-0.2712606272279174,3
81,Almond_High,2018-02-18,Almond_High,Croplands,36.169669,-120.201004,2.2,4.7000003,0.7572731667550026,11.820993749999998,0.7531752500000003,2.0861904645833333,0.7469720876965552,0.6648553979642865,-0.5794201400681513,0.037620509057062934,0.8484967007728239,0.5794201400681513,0,-0.6130774795557199,-0.5388072249994367,-0.5863757156492975,-0.0842137367457116,3
82,Almond_High,2018-03-06,Almond_High,Croplands,36.169669,-120.201004,2.7,4.7000003,1.3576451266031562,11.314397916666666,0.7454395333333332,1.3089340613333336,0.8996308696522433,0.436651231956064,-0.6375492316980367,0.025551242106647706,0.6578378424483796,0.6375492316980367,0,-0.6607994891965792,-0.6101940324504769,-0.6416541734470541,-0.2024833986417857,3
83,Almond_High,2018-03-15,Almond_High,Croplands,36.169669,-120.201004,2.7,7.7000003,3.3114330854309486,10.355758333333332,0.47616336875,1.3964518079583337,0.9562348265919056,0.2926003356333483,-0.8088239110433948,0.12861708685553594,1.6301746550767682,-0.8088239110433948,0,-0.6851818395397106,-0.9418968495551833,-0.7993930440352904,2.7613055040971153,3
84,Almond_High,2018-03-23,Almond_High,Croplands,36.169669,-120.201004,2.8,6.3,3.4732275656441174,9.809272916666666,0.3110626104166666,0.7225181955625003,0.9873494423939864,0.1585593851031347,-0.6357342125412521,0.3454026861656441,1.1685372068397624,-0.635734212541252,0,-0.3663678407123829,-1.025141433258561,-0.5156933636528124,-0.23050177289161183,3
85,Almond_High,2018-03-30,Almond_High,Croplands,36.169669,-120.201004,3.9,4.4,4.7587916660287535,19.296104166666662,1.0821963916666668,1.2711728899375,0.9992500112396836,0.0387222808921744,-0.8814000678671122,0.2351708772276743,0.7884288107057226,-0.8814000678671121,0,-1.0770936150806079,-0.9465973624759343,-0.6205092260447946,-0.25126124618366313,3
86,Almond_High,2018-03-31,Almond_High,Croplands,36.169669,-120.201004,4.0,5.2000003,5.477783079051745,19.749020833333336,1.2705825541666669,1.2078010533541663,0.9997685019798908,0.0215160974362222,-0.7009479297285668,0.34648576832677525,0.8843981690549072,-0.7009479297285668,0,-1.0120346073934228,-0.3275257326111338,-0.7632834491811439,-0.20747587707941287,3
87,Almond_High,2018-04-08,Almond_High,Croplands,36.169669,-120.201004,4.5,4.2000003,4.849236720107668,14.328795833333334,0.6568251874999999,1.7207617305833338,0.9932568492674144,-0.1159345995955004,-1.884290195856889,0.35136672451630063,0.5883476496564886,-1.884290195856889,0,-1.860723619352392,-2.24684696864183,-1.5452999995764447,-1.5751311034334883,3
88,Almond_High,2018-04-23,Almond_High,Croplands,36.169669,-120.201004,6.1,4.5,6.046898524308925,23.0774375,1.5425528979166667,1.2862231263958337,0.9307239310379796,-0.3657225234972689,-2.201925896298091,0.33079673907813306,1.2333573497610315,-2.0957229449159414,0,-2.4619641200987354,-2.3142114979439166,-1.8296020708516205,0.26919494653539144,3
89,Almond_High,2018-04-24,Almond_High,Croplands,36.169669,-120.201004,5.9,4.3,6.4456396073230895,22.93402083333334,1.6230398812500004,1.3353416087708334,0.9242907221930934,-0.3816892202666588,-2.0876969131641165,0.3692615766410136,1.2335389817104514,-2.0876969131641165,0,-2.399370257256248,-2.1838501355984206,-1.6798703466376808,-1.6515402446919094,3
90,Almond_High,2018-05-02,Almond_High,Croplands,36.169669,-120.201004,5.7,6.5,5.165305255986445,16.71995,0.9085168083333334,1.1738856728125,0.8631421280499114,-0.5049610547215204,-1.4378174404134727,0.07438893230552428,0.8303652499792854,-0.36842795238636317,0,-1.5236390104994222,-1.3980222340555417,-1.3917910766854538,-0.6595515568002155,3
91,Almond_High,2018-05-09,Almond_High,Croplands,36.169669,-120.201004,6.5,8.5,7.04809572272659,22.064041666666668,1.4675621895833335,1.7628371971458332,0.7961828637826158,-0.6050560696488488,-0.8993049720556062,0.12030677707505237,1.1925444756185328,-0.8993049720556061,0,-0.8470382635656823,-0.8139714523069538,-1.0369052002941828,-1.0339256764305607,3
92,Almond_High,2018-05-10,Almond_High,Croplands,36.169669,-120.201004,6.3,10.0,6.291597919957459,20.10964583333334,1.3221808916666664,1.089498008375,0.7856498550787145,-0.6186714032625031,-0.866568593892179,0.23451280719402795,1.5514054283412526,-0.8497644338070973,0,-0.7068071470647016,-1.1357994343344442,-0.7570992002773914,1.6022434887732095,3
93,Almond_High,2018-05-17,Almond_High,Croplands,36.169669,-120.201004,6.8,7.3,5.287556504371224,17.565708333333333,1.0034262625,0.9807693917083338,0.705583610107178,-0.7086266782644596,-1.5006245357466825,0.1915086324618867,1.0942080171429471,1.5006245357466825,0,-1.6779662775324782,-1.526356402026927,-1.297550927680642,-1.1280059296755667,3
94,Almond_High,2018-05-18,Almond_High,Croplands,36.169669,-120.201004,6.4,8.6,6.271976024967933,20.176,1.1076259104166664,1.1048408081666667,0.6932812268869777,-0.7206671495538609,-1.0742774199819936,0.12594940530948745,1.1918242336293818,-0.8182294699178589,0,-1.0241105421916346,-1.2175797912754522,-0.9811419264788935,-0.787677682175184,3
95,Almond_High,2018-05-26,Almond_High,Croplands,36.169669,-120.201004,5.7,8.1,6.641848303968085,18.19283333333333,0.9463832770833336,1.2145951338124998,0.5877852522924732,-0.8090169943749473,-0.8944730305234252,0.14972486001578675,0.8955123822066675,-0.8944730305234252,0,-0.8183087724183488,-1.066967912122827,-0.7981424070290997,-0.6580412257738688,3
96,Almond_High,2018-06-02,Almond_High,Croplands,36.169669,-120.201004,6.8,7.5,8.442793780044799,23.680791666666675,1.8938776979166667,1.0674340509374998,0.48627270710869,-0.8738071036110808,-0.9234006973215504,0.26368981591972496,1.0650359286580025,-0.9234006973215503,0,-0.822745480839153,-0.7248634535527884,-1.22259315757271,-1.1066588050594683,3
97,Almond_High,2018-06-03,Almond_High,Croplands,36.169669,-120.201004,7.1,6.5,9.296766554588936,28.030729166666664,2.5113457041666662,1.2289818336874998,0.4711595076738638,-0.8820480249558537,-1.7372814062265638,0.3343546566221878,1.3873270675848977,-1.7372814062265638,0,-1.4342605860857793,-2.0959797100693622,-1.6816039225245503,2.450990437974136,3
98,Almond_High,2018-06-10,Almond_High,Croplands,36.169669,-120.201004,6.4,11.1,7.511614763700518,19.096125,1.61628490625,2.1121173124166672,0.3617137307297676,-0.9322892131745132,-0.19352036665219505,0.32836583108662454,1.5238803004495538,-0.19352036665219496,0,-0.397479087921593,-0.36835276342462575,0.1852707513896337,1.7082107120528054,3
99,Almond_High,2018-06-11,Almond_High,Croplands,36.169669,-120.201004,6.5,8.7,7.480387797469112,20.91014583333333,1.6728210833333332,1.2490530787291665,0.3456123126707335,-0.938377391740864,-0.33813893661983213,0.12720617639724371,0.8507634498345196,-0.3381389366198322,0,-0.4655671299146976,-0.2111559457287706,-0.33769373421602805,-0.7183162429750891,3
100,Almond_High,2018-06-18,Almond_High,Croplands,36.169669,-120.201004,7.2,8.7,7.008171416590535,21.43233333333333,1.3538281916666668,1.0907000063125,0.2303056702306122,-0.973118337233262,-0.8489878187067386,0.09557688659106406,1.0961170280049626,-0.46533065188780887,0,-0.9011321022452674,-0.907151485956746,-0.7386798679182022,-0.5323254087690151,3
101,Almond_High,2018-06-19,Almond_High,Croplands,36.169669,-120.201004,6.4,7.9,7.994581111161381,24.49422916666666,1.7387610916666665,0.9370750232916668,0.2135209154397961,-0.9769384927771816,-0.49502474964118726,0.23105736658140133,0.8995608898348447,-0.49502474964118726,0,-0.4506306433825314,-0.28938550375595207,-0.7450581017850785,-0.5034559896679688,3
102,Almond_High,2018-06-26,Almond_High,Croplands,36.169669,-120.201004,7.4,8.3,9.055781581553816,26.272854166666654,2.02130951875,1.1714881133541668,0.0945367498171991,-0.9955213724144752,-0.9512166697487764,0.16535650666914242,0.9256547541625594,-0.9512166697487765,0,-0.8070792335929109,-0.9148369027214179,-1.131733872932,-0.5982093309528183,3
103,Almond_High,2018-06-27,Almond_High,Croplands,36.169669,-120.201004,7.6,8.900001,8.775869195541025,24.84985416666667,2.0827368187500004,1.142143573104167,0.077386479233463,-0.9970011699250152,-0.7884717336271452,0.16950403775430117,0.9990108748932043,-0.7884717336271452,0,-0.6704216391832687,-0.7122941543348198,-0.9826994073633469,-0.5743570277122875,3
104,Almond_High,2018-07-04,Almond_High,Croplands,36.169669,-120.201004,7.0,8.3,8.022879477872749,24.24289583333333,1.7550741833333332,1.0015098121249997,-0.0430222330045303,-0.99907411510223,-0.6446548030120471,0.15111006883238898,0.9352877018947879,-0.6446548030120471,0,-0.53441596268537,-0.5826426669443626,-0.8169057794064091,-0.5220626143360511,3
105,Almond_High,2018-07-05,Almond_High,Croplands,36.169669,-120.201004,6.4,5.9,7.282507410847878,25.038291666666662,1.6805042229166671,1.1241822946875002,-0.0602132773657927,-0.9981855344718586,-1.008551917492079,0.427108015775864,0.7959807983047946,-1.008551917492079,0,-0.6598536930882325,-1.4849414547420399,-0.8808606046459646,-0.974983634002708,3
106,Almond_High,2018-07-12,Almond_High,Croplands,36.169669,-120.201004,7.1,7.9,8.054370202560508,29.79964583333333,3.043565547916668,1.0638701617708333,-0.1797665857255621,-0.9837092937736098,-1.4439742863695066,0.23293543471161557,1.5717890642171244,-1.4439742863695066,0,-1.2141391813517726,-1.6798909509429036,-1.4378927268138437,5.592696935710889,3
107,Almond_High,2018-07-13,Almond_High,Croplands,36.169669,-120.201004,7.2,6.9,7.831687441155594,29.876687499999992,2.655674847916667,1.20177941925,-0.1966728897935762,-0.980469160361632,-1.6819123244553136,0.4587430499433754,1.3488696039697259,-1.6819123244553138,0,-1.2231866773890734,-2.140672775295463,-1.6818775206814045,1.9630673240220693,3
108,Almond_High,2018-07-20,Almond_High,Croplands,36.169669,-120.201004,7.0,9.5,8.959369130540404,30.600125000000013,2.965252410416667,1.1293565698958334,-0.3131070409358267,-0.9497178427914316,-1.0414939011186088,0.21889272135031365,1.4917363963222616,-1.041493901118609,0,-0.8499765022330786,-1.2800981041771216,-0.9944070969456259,4.594212696439498,3
109,Almond_High,2018-07-21,Almond_High,Croplands,36.169669,-120.201004,6.8,8.0,8.209524406787517,29.5968125,2.196617375,1.0716541669166666,-0.3294084822245302,-0.9441875088341994,-1.198375115854484,0.29991013355308876,1.0885591334747762,-1.1983751158544838,0,-0.9104015555459747,-1.5089437366464942,-1.1757800553709834,-1.1759207226387685,3
110,Almond_High,2018-07-28,Almond_High,Croplands,36.169669,-120.201004,6.7,5.9,7.102769847181821,28.4610625,2.62329711875,1.1197976144166666,-0.4405187843504952,-0.8977433935342336,-1.8051108394258761,0.525315621586606,1.2819268166561306,-1.8051108394258764,0,-1.2444734978898173,-2.285980827166539,-1.884878193221271,4.9934556412626,3
111,Almond_High,2018-07-29,Almond_High,Croplands,36.169669,-120.201004,6.1,5.6,7.571287720033543,29.195333333333338,2.65838045,1.2252184511041666,-0.455906693508459,-0.8900275764346766,-1.7067366253225378,0.45563551495382354,1.2812833599405333,-1.706736625322538,0,-1.2185374588648061,-2.120688800199921,-1.7809836169028863,-1.7520179169273014,3
112,Almond_High,2018-08-05,Almond_High,Croplands,36.169669,-120.201004,6.5,8.6,4.1023927993081335,26.56639583333333,2.6991423125,1.3455133488958335,-0.5595892624101763,-0.828770087174504,-0.9516912040445247,0.31485016740670557,1.0790881283091533,0.9516912040445247,0,-0.5949804562823349,-1.1908635964256669,-1.069229559425572,-1.0560593802271965,3
113,Almond_High,2018-08-06,Almond_High,Croplands,36.169669,-120.201004,6.5,8.2,3.513105247742234,26.51770833333333,2.639197277083334,1.5228687911875,-0.5737722679043243,-0.8190148866680802,-1.0478954869565342,0.3293716474622678,1.0160445280481367,1.0478954869565342,0,-0.6831314232305292,-1.3235302158989062,-1.1370248217401673,-1.0589411511372575,3
114,Almond_High,2018-08-13,Almond_High,Croplands,36.169669,-120.201004,6.0,3.9,6.110138469531767,28.055416666666673,2.8112741770833334,1.2949619356666668,-0.6680638642135333,-0.7441039398713608,-2.0304639678745287,0.45619853427866625,1.699639643075225,-2.0304639678745287,0,-1.6089103230879862,-2.514803390239707,-1.9676781902958926,1.3640986722655817,3
115,Almond_High,2018-08-14,Almond_High,Croplands,36.169669,-120.201004,6.1,3.6000001000000004,6.5510382441939425,27.029062499999995,2.4953366854166665,1.2150263124583334,-0.6807734094770159,-0.7324940716135792,-1.9865798703835191,0.5173091819852583,1.620369097732904,-1.986579870383519,0,-1.5343748375403474,-2.550679052424363,-1.8746857211858472,6.668317033040338,3
116,Almond_High,2018-08-21,Almond_High,Croplands,36.169669,-120.201004,6.0,4.9,5.439563701496521,24.21318750000001,1.8253232479166677,1.181391309875,-0.7638886127905429,-0.64534811322955,-1.5101074542377384,0.38211724392705665,0.8819253739907816,-0.38923485723078044,0,-1.220701935832139,-1.9432489808482833,-1.3663714460327927,-0.40282132812527627,3
117,Almond_High,2018-08-22,Almond_High,Croplands,36.169669,-120.201004,5.8,4.3,4.791370963509952,23.719479166666673,1.5574100395833337,1.209898984041667,-0.7748840413670406,-0.6321034111873488,-1.4935277546269905,0.49326017522310583,0.9471402544788387,0.5237303183531044,0,-1.2185708922033056,-2.06298378168811,-1.199028589989556,3.1325384204398263,3
118,Almond_High,2018-08-29,Almond_High,Croplands,36.169669,-120.201004,5.4,4.6,3.7409888599488745,23.03364583333333,1.4729427229166665,1.1108452995,-0.8452490573530634,-0.5343725582809785,-1.212814136821949,0.3677243289777722,0.7722170890413346,1.212814136821949,0,-1.127017312979643,-1.6158519118875407,-0.8955731855986628,-0.13464977612058496,3
119,Almond_High,2018-08-30,Almond_High,Croplands,36.169669,-120.201004,4.8,7.6,3.718893288225879,21.65833333333333,1.2742333499999998,1.3567736686458327,-0.8543221697498269,-0.5197438121555157,-0.4347530256991649,0.14590086133141156,0.6440436060756252,0.43475302569916496,0,-0.4595075048520997,-0.566693051751755,-0.2780585204936398,-0.08423706540737771,3
120,Almond_High,2018-09-06,Almond_High,Croplands,36.169669,-120.201004,5.1,2.3,6.345610368756166,25.87429166666667,2.1852057604166677,1.1504331962708336,-0.9106046300942162,-0.4132786077829044,-1.654995019164016,0.3033980729514412,1.6441342231294247,-1.6549950191640157,0,-1.6509183824544909,-1.9604108687327793,-1.3536558063047779,2.481937078696778,3
121,Almond_High,2018-09-07,Almond_High,Croplands,36.169669,-120.201004,5.1,2.1000001,6.619891921173501,26.20954166666667,2.349482210416666,1.013634650979167,-0.9175836260593934,-0.3975428142825566,-1.7438752608750214,0.30801853115979316,1.7995638036369932,-1.7438752608750212,0,-1.810097029073988,-2.013396866109199,-1.4081318874418778,2.281319545428772,3
122,Almond_High,2018-09-14,Almond_High,Croplands,36.169669,-120.201004,4.1,5.9,3.9109593479700338,20.183354166666664,1.537249295833333,0.9331970282083336,-0.9587178169872964,-0.2843591872810036,-0.6635260196719572,0.046354928227610906,0.5368390044992768,-0.28544471561202545,0,-0.6124271907194563,-0.6752746504476622,-0.7028762178487533,-0.2051636985086687,3
123,Almond_High,2018-09-15,Almond_High,Croplands,36.169669,-120.201004,4.6,4.5,3.9585804526951898,20.64141666666667,1.6220664979166663,1.2288828079374998,-0.9634705485641486,-0.2678143051621748,-1.090186696601122,0.18934743273894966,0.7433136750129676,0.19265239800849776,0,-1.0619675602053642,-1.2920599741270797,-0.916532555470922,-0.23687746401666215,3
124,Almond_High,2018-09-22,Almond_High,Croplands,36.169669,-120.201004,4.3,3.8,5.159249869187351,24.78,2.3930330645833333,1.141249102916667,-0.9886775902323404,-0.1500553983446526,-1.2924613462857624,0.21850119710222082,1.195397897968946,-1.2924613462857621,0,-1.2882815674440127,-1.0760800242811293,-1.5130224471321456,-0.2625927062205635,3
125,Almond_High,2018-09-23,Almond_High,Croplands,36.169669,-120.201004,4.9,3.6000001000000004,5.731216447771902,24.00610416666667,2.2773540333333333,1.0772957478958334,-0.9911140639934546,-0.1330147065341963,-1.5303388999266045,0.16417303449678386,1.280190308629369,-1.5303388999266048,0,-1.4327101932164477,-1.4384256370314998,-1.7198808695318661,-0.29246662178510546,3
126,Almond_High,2018-09-30,Almond_High,Croplands,36.169669,-120.201004,3.1,5.4,3.525559434118044,19.435291666666668,1.0983561666666666,0.7745781383333336,-0.999916658654738,-0.0129102960750088,-0.7486659894712057,0.06747483321085647,0.6672860902136423,-0.7486659894712058,0,-0.7001852020638686,-0.7200853357022393,-0.825727430647509,-0.2418043231502472,3
127,Almond_High,2018-10-01,Almond_High,Croplands,36.169669,-120.201004,3.8,5.5,4.425718503421926,21.55079166666667,1.5472242270833334,0.9871091405833332,-0.99999073973619,0.0043035382962438,-0.8083315398971043,0.051277563062061784,0.7682211048670433,-0.8083315398971043,0,-0.838614951031102,-0.7491265306506187,-0.8372531380095923,-0.2418043231502472,3
128,Almond_High,2018-10-08,Almond_High,Croplands,36.169669,-120.201004,3.6,1.0,4.6490048622803455,17.673958333333335,1.2985965395833334,1.0228458595,-0.9922222094179324,0.1244792638867886,-1.5823229375229604,0.33943392335890465,1.325093150626822,-1.5823229375229606,0,-1.8182217626178314,-1.7354439891835671,-1.193303060767483,-0.6820485790745295,3
129,Almond_High,2018-10-09,Almond_High,Croplands,36.169669,-120.201004,3.5,1.0,4.562286262694731,18.954,1.3482886687500002,1.1023429137083334,-0.989932495087353,0.141540295217043,-1.4840753055591442,0.30999050800955125,1.3134211769160087,-1.484075305559144,0,-1.6867617762758387,-1.6382369840426403,-1.1272271563589542,-0.400311337981358,3
130,Almond_High,2018-10-16,Almond_High,Croplands,36.169669,-120.201004,3.3,2.4,4.42575449347762,17.13106458333333,1.4534936437499997,1.228063547625,-0.965739937654855,0.2595117970697994,-1.3195212380210584,0.1579006909147716,0.8417062394250628,-1.3195212380210584,0,-1.448939021782422,-1.3660369213298773,-1.1435877709508757,-0.298625762242624,3
131,Almond_High,2018-10-17,Almond_High,Croplands,36.169669,-120.201004,3.1,2.8,4.065057468311172,17.750491666666665,1.4831123395833332,1.2302316208125,-0.9611297838723007,0.2760969730974688,-1.14997288126874,0.09237528844076963,0.699027367210886,-1.1499728812687402,0,-1.2298991836202808,-1.1711818933604472,-1.048837566825492,-0.2034209294941143,3
132,Almond_High,2018-10-24,Almond_High,Croplands,36.169669,-120.201004,2.8,1.4,3.5697963420171392,15.303695833333329,0.8709581395833331,0.8602374505208336,-0.9209712877166346,0.3896304495307877,-1.2230913486126451,0.11572555463061916,0.8384785363378077,-1.2230913486126451,0,-1.3020504104244166,-1.27697403657991,-1.090249598833609,-0.2651692277200761,3
133,Almond_High,2018-10-25,Almond_High,Croplands,36.169669,-120.201004,3.1,1.4,3.407222094661768,17.099714583333334,1.01430458125,1.0693689775000002,-0.9141279881853336,0.4054257283599973,-1.293806150877978,0.1513068821317137,0.9912986655321981,-1.293806150877978,0,-1.4523697662659178,-1.2780613991966172,-1.150987287171399,-0.2609966511138957,3
134,Almond_High,2018-11-02,Almond_High,Croplands,36.169669,-120.201004,2.5,2.7,2.866876654532181,17.237583333333333,1.0447736854166667,1.054370017,-0.8498170915275277,0.5270777086423724,-0.8589351058531521,0.16606667763881944,0.6530364823011326,-0.8589351058531522,0,-1.0101638419381245,-0.6812151872338148,-0.8854262883875172,-0.25687684506091646,3
135,Almond_High,2018-11-09,Almond_High,Croplands,36.169669,-120.201004,2.1,1.5,2.413154705668579,11.435825,0.9016698458333332,1.129648275145833,-0.780295851070776,0.6254105729852457,-1.0385496179027698,0.11324377101581191,0.734644670271305,-1.0385496179027698,0,-0.9705973571272623,-0.9757733872572925,-1.1692781093237548,-0.23111499788251622,3
136,Almond_High,2018-11-10,Almond_High,Croplands,36.169669,-120.201004,1.6,2.7,2.112449191087712,10.439422916666668,0.7916942562499999,1.0865331698541667,-0.7694148268839381,0.6387494220515268,-0.4716413857367981,0.3087953982577839,0.5689236360794193,-0.47164138573679804,0,-0.5491667654754585,-0.1314704020076842,-0.7342869897272516,-0.158632089401696,3
137,Almond_High,2018-11-18,Almond_High,Croplands,36.169669,-120.201004,1.6,0.8,1.7063638735497475,10.761983333333337,0.6590537562499998,0.9434190581458336,-0.6744436188329457,0.7383263540031063,-0.7641724865898043,0.08731133721104102,0.6369128254711718,-0.7641724865898043,0,-0.7569680640916165,-0.8548628246297004,-0.6806865710480963,-0.22342031053836853,3
138,Almond_High,2018-11-25,Almond_High,Croplands,36.169669,-120.201004,0.9,1.5,1.4018013467449966,13.624297916666665,0.2667875604166667,0.8378150750208332,-0.5808002734538014,0.8140460935082175,0.23703176008406737,0.07014380717491198,0.53965251370875,0.23703176008406734,0,0.2208654936203999,0.17638249515855098,0.31384729147325124,-0.0390889313076186,3
139,Almond_High,2018-11-26,Almond_High,Croplands,36.169669,-120.201004,1.3,1.6,1.2795266844963211,12.951524999999998,0.3557469666666666,0.9644392308541666,-0.5667017562911184,0.8239230057575536,0.05360022219043679,0.10631718069302876,0.5011553544257193,-0.05360022219043678,0,-0.009859581264736884,-0.005680770592398424,0.17634101842844568,-0.046824531196186535,3
140,Almond_High,2018-12-03,Almond_High,Croplands,36.169669,-120.201004,0.8,0.5,0.8087258827705074,8.481016666666667,0.1674810541666666,0.8284856740624997,-0.4635502709028512,0.8860706215341377,0.060440473286480355,0.21340027681784615,0.5167991766555822,-0.04298870774546567,0,0.07162089617529324,-0.1583302409107666,0.26803076459491443,-0.08059448845200758,3
141,Almond_High,2018-12-11,Almond_High,Croplands,36.169669,-120.201004,0.6,2.3,0.8193826116800691,9.346264583333337,0.2526456479166666,0.719025519625,-0.3375228995941134,0.941317317512847,0.5351365210863616,0.1976360812561555,0.573544297721512,-0.09637129772622333,0,0.6057724472484282,0.6877492501918628,0.3118878658187937,-0.0662107062850066,3
142,Almond_High,2018-12-20,Almond_High,Croplands,36.169669,-120.201004,0.8,2.8,0.1451995449804737,8.801712499999997,0.2523210333333333,0.8577444013124998,-0.1882267098432439,0.9821256058680006,0.5589129072234349,0.267716005971696,0.5712581338547669,-0.5589129072234349,0,0.6425511142629379,0.7748249574198185,0.25936264998754827,-0.0869292479971675,3
143,Almond_High,2018-12-27,Almond_High,Croplands,36.169669,-120.201004,1.2,0.4,1.4399654099263466,7.804639583333333,0.5094559874999999,2.461252670250001,-0.0688024268023206,0.9976303053065856,-0.35580143312037277,0.3408805689671386,0.6633382805306842,-0.3558014331203727,0,-0.5595457968215695,-0.5455895639527927,0.03773106141324389,-0.08833008834057553,3
144,Almond_High,2018-12-28,Almond_High,Croplands,36.169669,-120.201004,1.0,1.1,1.0064992940574573,7.285502083333335,0.59747778125,2.260920376125,-0.0516196672232541,0.998666816288476,-0.22812768670931302,0.1906451280681524,0.4318292442242007,-0.22812768670931302,0,-0.3941004211548569,-0.27038250049991214,-0.019900138473170067,-0.0662107062850066,3
193,Almond_Low,2016-10-18,Almond_Low,Croplands,36.946608,-120.10237,1.9,4.7000003,2.585293774850289,15.660858437500002,0.6259611645833334,2.0131857102604167,-0.9510565162951536,0.3090169943749472,-0.48426941931800593,0.17941367333310776,0.7033280378431528,-0.48426941931800593,1,-0.6752984194166987,-0.45818263001767795,-0.3193272085196413,-0.11655423884629301,3
194,Almond_Low,2016-10-19,Almond_Low,Croplands,36.946608,-120.10237,2.3,4.1,2.7369247965399808,15.259315229166663,0.6104710395833334,0.8990852083333333,-0.9455963874271428,0.3253420847119795,-0.32957776590515536,0.2645912635077646,0.6607729579856378,-0.3295777659051553,1,-0.49086393304950243,-0.02421571130349881,-0.4736536533624648,-0.10287624816621056,3
195,Almond_Low,2016-10-26,Almond_Low,Croplands,36.946608,-120.10237,1.6,3.7,2.569978604237418,20.002721729166662,1.1841408520833332,0.7715305,-0.8996308696522434,0.4366512319560638,-0.3095573816193222,0.21390000599607215,0.7029015689939364,-0.3095573816193222,1,-0.32596446879474233,-0.08792629017770151,-0.5147813858855228,-0.10287624816621056,3
196,Almond_Low,2017-02-23,Almond_Low,Croplands,36.946608,-120.10237,1.7,1.8000001,1.3629244461188084,6.962118604166669,0.3530215833333334,1.7503499583333335,0.8013610881746766,0.5981809144059164,-0.4191279564617343,0.13111087515332442,0.6773172582341573,0.2550231513006489,1,-0.2732242756491406,-0.5270676308603377,-0.45709196287572473,-0.061370691021821556,3
197,Almond_Low,2017-02-24,Almond_Low,Croplands,36.946608,-120.10237,1.6,4.3,1.441027886957699,6.832306312499997,0.4216969729166668,0.8337975833333333,0.8115390590073611,0.5842981736283683,-0.7242263182268841,0.30434514285919784,0.9055318607433052,-0.4062820921422817,1,-1.0549729349156114,-0.6617168647767718,-0.455989154988269,-0.20747587707941287,3
198,Almond_Low,2017-03-03,Almond_Low,Croplands,36.946608,-120.10237,1.7,5.8,1.4444377984533388,12.528973958333331,0.5798017854166666,0.7219932291666665,0.8758917051442429,0.4825077417612184,-0.6956625067053404,0.42217821816617024,1.112410720492505,-0.18453810361201795,1,-1.1159450395764028,-0.6994286789356388,-0.27161380160397947,-0.4573241471964991,3
199,Almond_Low,2017-03-04,Almond_Low,Croplands,36.946608,-120.10237,2.3,5.7000003,1.3813069002818632,12.823029291666666,0.5010542187499999,1.1469878958333335,0.8840675099433636,0.4673592171580022,-0.625983368780429,0.39363985816545843,1.028907379574933,0.625983368780429,1,-0.9079702730557253,-0.7937209926611313,-0.1762588406244306,-0.04698778005828859,3
200,Almond_Low,2017-03-11,Almond_Low,Croplands,36.946608,-120.10237,2.6,1.7,2.103030710597184,17.243319291666666,0.5108568541666666,0.9324155000000002,0.9338372288229252,0.3576982388331254,-0.35765148731899815,0.25911924013934107,0.654916257728763,0.35765148731899815,1,-0.10251479012137418,-0.6205776207611854,-0.34986205107443474,-0.10287624816621056,3
201,Almond_Low,2017-03-12,Almond_Low,Croplands,36.946608,-120.10237,3.2,1.9,2.3301763400261533,16.882735375000006,0.61401196875,0.9004727291666669,0.9398560579418954,0.3415707691678556,-0.7395418628983926,0.265698475838318,0.759052189426287,0.7395418628983926,1,-0.5238615235374618,-1.036345450923972,-0.658418614233744,-0.2712606272279174,3
202,Almond_Low,2017-03-27,Almond_Low,Croplands,36.946608,-120.10237,3.5,4.2000003,5.641309009561009,13.85679475,0.4252717333333333,2.6972626458333337,0.995918996147179,0.0902516100310411,-1.2384657531267447,0.1140403155509146,0.6590332618084568,-1.2384657531267447,1,-1.1360536614018246,-1.2179848673185918,-1.3613587306598174,-0.2426938864548676,3
203,Almond_Low,2017-03-28,Almond_Low,Croplands,36.946608,-120.10237,3.6,1.7,3.733831169097588,13.241614104166665,0.4219870000000001,1.0173646666666667,0.9973249731081556,0.0730951298980777,-1.233721571874173,0.3003782391464111,0.9054908384874363,-1.233721571874173,1,-1.0453080490321849,-1.5801233864988378,-1.0757332800914965,-0.2753804332808966,3
204,Almond_Low,2017-04-05,Almond_Low,Croplands,36.946608,-120.10237,3.4,4.3,4.070743364297207,19.130156041666673,1.19242800625,1.0911737916666666,0.9979171608653922,-0.0645084494493162,-0.1715644295058497,0.031920424613356556,0.5164535389286325,-0.1715644295058497,1,-0.20384509170830784,-0.17083132538824986,-0.14001687142099142,-0.061370691021821556,3
205,Almond_Low,2017-04-12,Almond_Low,Croplands,36.946608,-120.10237,3.2,5.2000003,5.550121455585238,18.58826245833333,0.8405181999999997,1.94110725,0.9829265519799822,-0.18399835165768,0.11559757720374664,0.02423138457653329,0.5558326611251339,0.11559757720374675,1,0.10967772176724744,0.14224033588039453,0.09487467396359794,-0.061370691021821556,3
206,Almond_Low,2017-04-13,Almond_Low,Croplands,36.946608,-120.10237,3.2,3.3,4.9958689527408895,14.610526229166664,0.3934500791666667,1.747885145833333,0.97961369164549,-0.200890555130635,-0.6977341491353566,0.17662148600999858,0.5913159715263578,-0.6977341491353566,1,-0.7956362126853613,-0.8037235536088307,-0.49384268111187757,-0.2359399331643335,3
207,Almond_Low,2017-04-20,Almond_Low,Croplands,36.946608,-120.10237,4.8,4.5,6.290786316907113,15.678978875,0.5939754916666666,2.561004229166667,0.9483615800121716,-0.3171912885891061,-1.98340514539423,0.08922380048337816,0.5946676666437859,-1.9834051453942303,1,-1.9273386344341525,-1.9365832318191505,-2.0862935699293867,-1.77561871408685,3
208,Almond_Low,2017-04-21,Almond_Low,Croplands,36.946608,-120.10237,4.9,1.4,4.864496260106487,16.204051624999995,0.62622094375,1.0447032916666668,0.9427611433904208,-0.3334687789181868,-2.0298245396480206,0.15344100313817527,1.3781318039961634,-1.9588170598609946,1,-1.9707274944768842,-2.2040271181154756,-1.9147190063517021,-1.3809813234135386,3
209,Almond_Low,2017-04-28,Almond_Low,Croplands,36.946608,-120.10237,5.3,4.4,8.162924281792804,17.026796520833333,0.95239233125,3.6146106250000014,0.895839290734909,-0.4443781781046132,-2.2815564745797254,0.14382396919497237,0.8350942135107164,-2.281556474579726,1,-2.1179265655069948,-2.387953409460111,-2.33878944877207,-2.6956231618387667,3
210,Almond_Low,2017-04-29,Almond_Low,Croplands,36.946608,-120.10237,5.3,0.6,6.2274092513283525,17.040748937499995,0.9905601145833334,1.0842832291666669,0.8880573226294932,-0.4597327394521039,-2.055500469102288,0.02735614134808595,1.9205086010847527,-2.055500469102288,1,-2.042061866026958,-2.0374627225527058,-2.0869768187271998,-12.004824228422867,3
211,Almond_Low,2017-05-06,Almond_Low,Croplands,36.946608,-120.10237,5.1,6.4,6.8445548905627644,14.498466333333331,0.5505327,2.2132526458333333,0.8263541987239096,-0.5631507242749186,-1.8780808506712805,0.1845755696775281,0.883123174787881,-1.8780808506712807,1,-1.963399496176258,-1.6662804995765201,-2.0045625562610625,-1.6674389548629367,3
212,Almond_Low,2017-05-07,Almond_Low,Croplands,36.946608,-120.10237,2.5,7.3,4.286860563634516,15.787454020833332,0.4809142895833334,1.4685863541666662,0.8165380514459161,-0.5772916165517272,-1.0539774700423583,0.4236667342854485,0.9785924769814347,-1.0539774700423585,1,-1.5430204193769317,-0.7984447729314348,-0.8204672178187085,-0.5909163010532172,3
213,Almond_Low,2017-05-14,Almond_Low,Croplands,36.946608,-120.10237,5.4,7.8,6.66869074185508,14.674415000000002,0.600220425,1.8981578958333327,0.741222010848596,-0.6712599575675313,-2.0438487985827964,0.28308188507066506,1.181543772299482,-2.0438487985827964,1,-2.2070725452544817,-1.7169740865473166,-2.2074997639465916,-2.1107400244951435,3
214,Almond_Low,2017-05-22,Almond_Low,Croplands,36.946608,-120.10237,7.3,2.6000001,7.392860302925483,26.461722895833343,1.9272309791666664,1.3715375833333334,0.6420547132365637,-0.766658819300159,-2.468084640281981,0.015698019564046053,2.1348704758419728,-2.468084640281981,1,-2.474769693297869,-2.4501506653242,-2.4793335622238737,-5.225256717142304,3
215,Almond_Low,2017-05-23,Almond_Low,Croplands,36.946608,-120.10237,6.8,4.4,7.836069708873872,27.017933770833334,1.7593469895833336,1.4244429374999996,0.6287628145958344,-0.777597146973627,-2.0270174721169276,0.0837669161934056,1.4171994840967312,-2.0270174721169276,1,-2.1236068321537234,-1.974276682077996,-1.9831689021190628,2.7678167755087153,3
216,Almond_Low,2017-05-30,Almond_Low,Croplands,36.946608,-120.10237,6.5,6.4,9.459107518808178,21.506028729166665,0.9930720999999996,2.053064729166667,0.5307300481619334,-0.8475409228928311,-2.093473097912114,0.11107425264162146,0.5930132794729948,-2.0934730979121134,1,-2.096458681890581,-1.980936151118922,-2.203024460726838,-0.7767277898934374,3
217,Almond_Low,2017-06-07,Almond_Low,Croplands,36.946608,-120.10237,7.1,5.5,9.431587221669034,23.1380365625,1.5971504687499998,1.963840270833333,0.4093559588156213,-0.9123747579707272,-2.202004185486438,0.08373169548347566,0.9606441874123506,-2.2020041854864374,1,-2.2879048352542215,-2.120624632069541,-2.1974830891355515,3.306964310306898,3
218,Almond_Low,2017-06-08,Almond_Low,Croplands,36.946608,-120.10237,4.4,4.9,8.794380579150259,20.608479875000004,1.0851758875,1.9119916458333328,0.3935902766564667,-0.9192859697186104,-0.5598765798902728,0.17900496426650217,0.6432355906003144,-0.5598765798902727,1,-0.7459559031341577,-0.5447704882358038,-0.388903348300857,-0.12288899839145292,3
219,Almond_Low,2017-06-15,Almond_Low,Croplands,36.946608,-120.10237,7.7,7.6,10.003035872115005,24.36800443749999,1.5718998229166663,2.0826608124999995,0.2802306751992158,-0.9599326896597448,-2.4035025005549504,0.21269253651143297,0.928460313931837,-2.403502500554951,1,-2.5818999066424735,-2.168122782281441,-2.460484812740936,3.074454614779759,3
220,Almond_Low,2017-06-16,Almond_Low,Croplands,36.946608,-120.10237,7.0,7.9,8.963545191045393,26.67777204166667,1.644489047916667,1.642433125,0.263665492728007,-0.9646141756912436,-1.5883386067169225,0.08477260958300326,0.8686028618437849,-1.5883386067169223,1,-1.6687553959504506,-1.4997954384631584,-1.5964649857371584,-0.6292640528267668,3
221,Almond_Low,2017-06-23,Almond_Low,Croplands,36.946608,-120.10237,7.7,7.0,9.931236760651492,30.18546691666667,2.13599634375,1.7935905416666669,0.1457991969198751,-0.9893142039703664,-2.157167585719345,0.11215479455753762,1.2077914843744852,-2.1571675857193453,1,-2.1639302689908226,-2.041784469416993,-2.265788018750219,0.7413664006575601,3
222,Almond_Low,2017-07-01,Almond_Low,Croplands,36.946608,-120.10237,7.2,7.1,10.154775771648152,24.27794764583333,1.4746941291666669,1.915249229166667,0.0086069968886886,-0.9999629591162656,-1.8252212657538276,0.11497117909603896,0.6374552715319621,-1.8252212657538278,1,-1.928479738057178,-1.7013311276847454,-1.8458529315195595,-1.348802361909414,3
223,Almond_Low,2017-07-02,Almond_Low,Croplands,36.946608,-120.10237,6.5,6.9,8.739276070875839,25.44462964583333,1.6083948916666666,1.2979871666666667,-0.008606996888688,-0.9999629591162656,-1.093701693038269,0.12041551796949451,0.701051186251783,-1.0937016930382688,1,-1.1170667234168403,-1.200722393830767,-0.9633159618671996,-0.9977087056801226,3
224,Almond_Low,2017-07-09,Almond_Low,Croplands,36.946608,-120.10237,6.8,7.5,7.590919316202411,29.612223354166662,2.6314825416666667,1.3608110416666666,-0.1287481774525806,-0.99167731989929,-2.047607979983684,0.3700846882480671,1.3379273228956319,-2.047607979983684,1,-1.7837962805235257,-2.470658496325787,-1.8883691631017403,2.072492522529807,3
225,Almond_Low,2017-07-10,Almond_Low,Croplands,36.946608,-120.10237,3.2,8.6,7.791335100787102,30.36957327083333,2.6760218229166663,1.5041746666666669,-0.1457991969198744,-0.9893142039703664,-1.9316016468279031,0.2640922706125397,0.7434344732895646,-1.931601646827903,1,-1.8696377299136777,-1.7040007710756042,-2.2211664394944277,-2.0861957067077888,3
226,Almond_Low,2017-07-17,Almond_Low,Croplands,36.946608,-120.10237,7.8,8.1,10.2133581835766,30.10469543750001,2.7716624062500004,1.6640643125,-0.2636654927280072,-0.9646141756912436,-2.891763398589497,0.28571525815274373,1.6320864781383648,-2.8917633985894975,1,-2.605685697628454,-3.177114829332348,-2.892489668807689,-11.218484895555594,3
227,Almond_Low,2017-07-18,Almond_Low,Croplands,36.946608,-120.10237,7.6,8.3,11.691712331518849,27.51143591666667,2.5194480458333337,2.202469020833333,-0.2802306751992161,-0.9599326896597444,-2.8075459200932733,0.12107643235967645,1.5198736362277434,-2.8075459200932738,1,-2.693484957960834,-2.9345912221691477,-2.7945615801498382,-11.218484895555594,3
228,Almond_Low,2017-07-25,Almond_Low,Croplands,36.946608,-120.10237,6.1,9.2,8.595151589680901,26.11592489583333,1.7396994458333337,1.2296108125000005,-0.3935902766564664,-0.9192859697186104,-1.5872642701490107,0.4350572095047866,1.1668686330827642,-1.587264270149011,1,-1.3024412544846165,-1.3713021421582416,-2.088049413804174,-1.1866265467052752,3
229,Almond_Low,2017-08-10,Almond_Low,Croplands,36.946608,-120.10237,6.2,5.4,7.3359649927211,26.61519658333333,1.56292925625,1.5777171562500003,-0.6287628145958345,-0.7775971469736268,-1.0245929699777632,0.14802177761143864,0.8994547604511928,-1.0245929699777632,1,-1.1931009296016761,-0.9651230032546805,-0.9155549770769327,-0.6705866222854656,3
230,Almond_Low,2017-08-11,Almond_Low,Croplands,36.946608,-120.10237,6.1,4.9,8.070376787349394,27.04435366666667,1.8254587958333333,1.5636206875,-0.6420547132365636,-0.7666588193001592,-1.1527577548922319,0.2822951024812769,1.0296480449312637,-1.1527577548922316,1,-1.3928776509049428,-1.2236097015887688,-0.8417859121829838,-0.6850165210657922,3
231,Almond_Low,2017-08-18,Almond_Low,Croplands,36.946608,-120.10237,5.5,5.8,6.263706780568126,27.881159541666676,1.9213243000000004,1.4439096666666666,-0.7295575540864876,-0.6839194216246105,-1.0885122168264207,0.26453240320756005,0.7385364289275286,-1.0885122168264207,1,-1.3262067010439131,-1.1358076588063892,-0.8035222906289603,-0.5565857710788042,3
232,Almond_Low,2017-08-19,Almond_Low,Croplands,36.946608,-120.10237,5.5,6.6,6.344115425248955,28.07497247916667,1.88051374375,1.3935798124999996,-0.7412220108485957,-0.6712599575675315,-1.2302317603490682,0.10359814178676996,0.6797519447146104,-1.230231760349068,1,-1.3468928956517645,-1.1489837405250591,-1.1948186448703815,-0.611787525005477,3
233,Almond_Low,2017-08-26,Almond_Low,Croplands,36.946608,-120.10237,5.1,4.8,3.895438579419096,29.3215530625,2.3739153166666664,1.1428120000000002,-0.8165380514459157,-0.5772916165517278,-1.2028558403579168,0.3640093401464226,1.2781683705085773,1.2028558403579168,1,-1.5111988758068846,-1.2960630385356326,-0.8013056067312327,-0.24966151419832094,3
234,Almond_Low,2017-08-27,Almond_Low,Croplands,36.946608,-120.10237,5.1,5.2000003,5.178027492285416,30.65497191666668,2.4951047229166665,1.0529365416666665,-0.8263541987239095,-0.5631507242749187,-1.3913256451191813,0.20737853464648237,1.336218741269628,-1.3913256451191813,1,-1.5808197477500687,-1.4233652075814085,-1.1697919800260665,-0.6364385778930955,3
235,Almond_Low,2017-09-03,Almond_Low,Croplands,36.946608,-120.10237,3.6,5.9,6.1421697749826105,32.99239939583333,2.8919269375,1.3148195416666666,-0.888057322629493,-0.4597327394521046,-1.3126149733407881,0.4217861937130944,1.167630726322476,-1.312614973340788,1,-1.0189454078037077,-1.1229646406659752,-1.7959348715526817,-0.2703542087905263,3
236,Almond_Low,2017-09-04,Almond_Low,Croplands,36.946608,-120.10237,4.2,6.1,6.269340220521988,32.22069910416668,2.4394114875,1.4005156458333337,-0.8958392907349089,-0.4443781781046134,-1.281716392172869,0.2889004179672628,1.0945943987051874,-1.2817163921728687,1,-1.0870421871675549,-1.1444476189374688,-1.6136593704135835,-0.28121455864906464,3
237,Almond_Low,2017-09-11,Almond_Low,Croplands,36.946608,-120.10237,3.6,5.7000003,4.180215023493648,27.879058541666662,1.7841354666666662,1.0613834166666665,-0.9427611433904206,-0.333468778918187,-0.796406386221082,0.18965462669363634,0.9040567079492956,-0.796406386221082,1,-0.9123892011717842,-0.5775427704455216,-0.8992871870459402,-0.23241301942087342,3
238,Almond_Low,2017-09-12,Almond_Low,Croplands,36.946608,-120.10237,4.2,4.9,5.483142110693704,27.68804564583333,1.4636356458333335,1.2418301041666668,-0.9483615800121716,-0.3171912885891059,-0.4477544764413904,0.3935420835787082,0.736453904567924,-0.4477544764413903,1,-0.8955863166417566,-0.2906244360204943,-0.15705267666192024,0.04889924948917396,3
239,Almond_Low,2017-09-19,Almond_Low,Croplands,36.946608,-120.10237,4.3,8.0,4.6439555056161295,19.28244945833333,0.9155629520833336,2.1772581875,-0.97961369164549,-0.2008905551306352,-1.7543468659171488,0.2968328471463839,1.3177369307637101,-1.7543468659171486,1,-1.7981863728017402,-1.4380322885188006,-2.0268219364309066,-1.1192306779354722,3
240,Almond_Low,2017-09-20,Almond_Low,Croplands,36.946608,-120.10237,3.9,5.5,4.079612672275098,20.068773125,0.8682446770833332,1.6036482500000002,-0.9829265519799822,-0.1839983516576798,-0.9652182522289628,0.1743212166093014,0.4866560895461437,-0.9652182522289627,1,-1.1052040354714978,-0.7699621500164467,-1.0204885711989438,-0.28295554501694287,3
241,Almond_Low,2017-09-27,Almond_Low,Croplands,36.946608,-120.10237,3.0,1.5,3.618802854554023,23.66965145833333,1.8429507604166664,0.9392876041666666,-0.9979171608653922,-0.0645084494493162,-0.6370964030251639,0.45431255639318646,1.5318983703703453,-0.637096403025164,1,-0.43834823807588486,-1.156915813804784,-0.3160251571948229,1.1575743490121435,3
242,Almond_Low,2017-09-28,Almond_Low,Croplands,36.946608,-120.10237,3.1,2.5,3.0612601676712776,24.457221354166673,2.02676139375,1.1257924166666669,-0.9988797155850336,-0.0473213883224323,-0.6575575205878627,0.2986805120806004,1.2486689723307423,-0.5800778559304177,1,-0.5193436623227008,-1.0003115679846837,-0.45301733145620354,-0.24677644222746672,3
243,Almond_Low,2017-10-05,Almond_Low,Croplands,36.946608,-120.10237,2.8,2.4,1.8364884310475167,18.116620375,1.1236648375,0.9935105833333336,-0.9973249731081556,0.0730951298980777,-0.6516364251454961,0.16706243881998456,0.7479767157815694,0.6516364251454961,1,-0.6921915640521966,-0.7946877233049314,-0.4680299880793607,-0.26363400155273553,3
244,Almond_Low,2017-10-06,Almond_Low,Croplands,36.946608,-120.10237,2.8,3.8,2.02541893049512,19.27030712500001,1.2480663208333334,0.8785138124999997,-0.9959189961471792,0.0902516100310407,-0.588177086552712,0.020488533117010363,0.562957126049813,0.588177086552712,1,-0.5648250151426062,-0.5965682234876623,-0.6031380210278674,-0.08943246386890506,3
245,Almond_Low,2017-10-13,Almond_Low,Croplands,36.946608,-120.10237,2.5,3.8,2.2122690175847555,14.783904833333333,0.7777750770833333,0.8774116249999997,-0.9778483415056568,0.2093146459630488,-0.4552803684705366,0.26697251446207043,0.5301101357972989,0.12018159635995246,1,-0.5136883896475539,-0.16393956005532223,-0.6882131557087338,-0.11426914739883327,3
246,Almond_Low,2017-10-14,Almond_Low,Croplands,36.946608,-120.10237,2.2,5.0,2.1931975926400424,14.962885291666666,0.7209449062500001,0.7875872291666668,-0.9741004551724206,0.226115685508288,-0.8100817616143899,0.3589727473424819,0.7907546596297295,-0.7964769468944745,1,-1.145825182338245,-0.43168998115202595,-0.8527301213528988,-0.2435665588395154,3
247,Almond_Low,2017-10-21,Almond_Low,Croplands,36.946608,-120.10237,1.3,3.6000001000000004,2.067599814429585,13.6807085,0.5367215729166667,1.098776291666667,-0.9398560579418952,0.341570769167856,-0.2013570079988085,0.21307049749455864,0.5793652432549026,-0.2013570079988085,1,-0.4349957633306597,-0.017763863718918027,-0.15131139694684778,-0.08833008834057553,3
248,Almond_Low,2017-10-22,Almond_Low,Croplands,36.946608,-120.10237,2.2,4.1,2.226063990147121,15.25950204166667,0.5943415291666665,0.93017825,-0.9338372288229252,0.3576982388331254,-0.29424227155978877,0.24669688540260828,0.6835727579195817,-0.29424227155978877,1,-0.468856739419264,-0.012020456395188506,-0.4018496188649138,-0.10287624816621056,3
249,Almond_Low,2017-10-29,Almond_Low,Croplands,36.946608,-120.10237,1.9,4.3,2.7208334870087385,18.820234291666672,0.7556581291666665,0.814917125,-0.8840675099433637,0.467359217158002,-0.16841221304655388,0.21228817921556584,0.774409124850067,-0.16841221304655385,1,-0.3269013714056708,0.07278038571528989,-0.2511156534492808,-0.10287624816621056,3
250,Almond_Low,2017-10-30,Almond_Low,Croplands,36.946608,-120.10237,1.7,3.1000001,2.539294051158965,16.814061499999998,0.5527710895833332,1.1273124791666664,-0.8758917051442433,0.4825077417612176,0.06640136689238503,0.11010673982961362,0.572059158246587,0.06640136689238507,1,0.13743011089139007,0.1222088559139386,-0.06043486612817356,-0.061370691021821556,3
251,Almond_Low,2017-11-06,Almond_Low,Croplands,36.946608,-120.10237,1.5,1.4,1.5411087102696577,10.371843479166666,0.3575934479166666,0.8926923749999999,-0.8115390590073611,0.5842981736283683,0.05538304982693446,0.19719088579178976,0.5830256515652985,0.026834370712380894,1,0.2272780172363123,-0.1598831702381418,0.0987543024826329,-0.07394630617357453,3
252,Almond_Low,2017-11-07,Almond_Low,Croplands,36.946608,-120.10237,1.0,2.2,1.569562687586974,11.798662812499998,0.45344546875,0.7350165208333334,-0.8013610881746769,0.5981809144059159,0.13442675147140154,0.08733485579882784,0.4396996438066151,0.13442675147140154,1,0.21673731910807376,0.1437304101598071,0.04281252514632378,-0.0390889313076186,3
253,Almond_Low,2017-11-14,Almond_Low,Croplands,36.946608,-120.10237,1.3,2.5,1.8681763495190185,15.553777437499996,0.5075800645833334,1.0682082083333333,-0.7236440382959123,0.690173388242972,0.18941641814459395,0.1448135409719496,0.4939807049200864,0.18941641814459398,1,0.31148500488854464,0.22735387198658602,0.029410377558651224,-0.06243687228461205,3
254,Almond_Low,2017-11-15,Almond_Low,Croplands,36.946608,-120.10237,0.7,2.3,1.331905751655365,15.903647958333332,0.4487879895833333,1.170292916666667,-0.7116566222817751,0.7025274741691566,0.0775681094094937,0.1185351349534485,0.343664172024112,0.07756810940949366,1,0.052521461330255426,0.2066250220981729,-0.026442155199947248,-0.0390889313076186,3
255,Almond_Low,2017-11-22,Almond_Low,Croplands,36.946608,-120.10237,1.0,2.3,1.4796893204114276,14.953664895833334,0.4753299062499999,0.6757911874999999,-0.622046748440868,0.7829801036770625,0.2732580464095821,0.1901411951220464,0.49801956272793557,0.2732580464095821,1,0.3191233383602838,0.43627150910055373,0.0643792917679088,-0.0662107062850066,3
256,Almond_Low,2017-11-23,Almond_Low,Croplands,36.946608,-120.10237,1.2,3.4,1.5752264372025058,16.307909479166668,0.4553959520833333,0.892436354166667,-0.6084768701151264,0.7935716089521472,0.1625868829795603,0.15237465121635155,0.6540255150450631,0.1625868829795603,1,0.07961838602636212,0.3384407921623625,0.0697014707499563,-0.07394630617357453,3
257,Almond_Low,2017-11-30,Almond_Low,Croplands,36.946608,-120.10237,0.8,2.1000001,0.9937917696647148,9.114307395833332,0.3160376979166667,0.6972695624999999,-0.5086709438521042,0.8609610158889945,0.35212277880744014,0.11590405653411337,0.5401534076135417,0.03546076052198943,1,0.3394430224575136,0.473845359998249,0.24307995396655785,-0.0390889313076186,3
258,Almond_Low,2017-12-01,Almond_Low,Croplands,36.946608,-120.10237,0.9,3.0,0.8080188800224366,10.584584541666668,0.2780712791666666,0.7341823541666664,-0.4937755501599774,0.8695893893466109,0.19180085324971072,0.1254288132589482,0.6341667472521619,-0.19180085324971075,1,0.08920597901620503,0.33163136910716057,0.15456521162576653,-0.0390889313076186,3
259,Almond_Low,2017-12-08,Almond_Low,Croplands,36.946608,-120.10237,0.7,2.4,0.6634007016446466,9.051396291666668,0.5279562625000002,1.0221006727708333,-0.3856634062436074,0.9226395488404876,0.18955813643881414,0.14871932496661353,0.6392719846801336,-0.18955813643881414,1,0.04863185822146737,0.3450052487387924,0.1750373023561826,-0.0662107062850066,3
260,Almond_Low,2017-12-16,Almond_Low,Croplands,36.946608,-120.10237,0.9,3.7,0.4811195938348646,9.791952770833335,0.3599987645833335,1.3167793263124998,-0.2553532951161881,0.9668478136052772,-0.03531822066405632,0.25203466680016096,0.7826666505998151,0.03531822066405632,1,-0.3262575784630228,0.11624988686187532,0.1040530296089785,-0.08059448845200758,3
261,Almond_Low,2017-12-17,Almond_Low,Croplands,36.946608,-120.10237,0.3,0.90000004,0.3988589672763137,7.9965043125,0.5200715958333333,0.8047223829166669,-0.2386727660059499,0.9711000518829505,0.1862554676568465,0.09784299899154553,0.4669168780280499,0.011462466895780926,1,0.19100302305446948,0.08612511478291207,0.2816382651331579,-0.0390889313076186,3
262,Almond_Low,2018-02-02,Almond_Low,Croplands,36.946608,-120.10237,1.4,2.7,0.7806496235318799,14.495703333333337,0.5652611645833332,0.9443113877083332,0.5380051715382996,0.8429415373547828,0.07896788448023435,0.21030394149282902,0.6217969031826078,-0.0789678844802344,1,-0.11456720967247705,0.30276248893372953,0.048708374179450564,-0.08833008834057553,3
263,Almond_Low,2018-02-03,Almond_Low,Croplands,36.946608,-120.10237,1.1,2.9,0.8377620881238934,14.954859812500002,0.593984383333333,0.7655962364791667,0.5524353131676196,0.8335557718385699,0.10009876037865766,0.3513632518913142,0.6462385902192552,-0.10009876037865767,1,-0.2787732896156329,0.41522532630662207,0.1638442444449838,-0.08059448845200758,3
264,Almond_Low,2018-02-10,Almond_Low,Croplands,36.946608,-120.10237,1.9,0.8,1.4611421181605448,14.864937020833333,0.5524037770833331,1.5077054112291666,0.6486295610349814,0.7611042586607747,-0.3487561230362289,0.27103503820368785,0.6877748804591304,0.3487561230362289,1,-0.19187072214488754,-0.6617200808860992,-0.19267756607770004,-0.10287624816621056,3
265,Almond_Low,2018-02-11,Almond_Low,Croplands,36.946608,-120.10237,1.3,1.9,1.356688508440253,11.431384354166664,0.5532085333333332,1.2722064306666665,0.6616346182422783,0.7498264012045686,-0.14181407283017977,0.020748495544628695,0.3719594347623944,-0.14181407283017977,1,-0.1265539913455114,-0.16543934730561202,-0.13344887983941592,-0.046824531196186535,3
266,Almond_Low,2018-02-18,Almond_Low,Croplands,36.946608,-120.10237,2.0,4.7000003,1.1119656247432717,11.448680062500005,0.5569229770833334,2.175270704395834,0.7469720876965552,0.6648553979642865,-0.5267880323917747,0.19768709148073646,0.8697769329001048,0.5267880323917747,1,-0.612183659532868,-0.6674229117240424,-0.3007575259184139,-0.07370640059437136,3
267,Almond_Low,2018-02-19,Almond_Low,Croplands,36.946608,-120.10237,1.9,0.90000004,1.1031209262099808,6.109546166666665,0.5774514312500001,1.9140440789583333,0.7583058084785625,0.6518989958787126,-0.7544221780356107,0.28238558825996096,0.8672299462947357,0.7544221780356107,1,-0.44416930741129235,-0.9964335237692674,-0.8226637029262729,-0.2284127889759956,3
268,Almond_Low,2018-03-06,Almond_Low,Croplands,36.946608,-120.10237,2.1,4.7000003,2.273323697170086,11.800806645833331,0.7902440187499998,0.7955580881458335,0.8996308696522433,0.436651231956064,-0.4116844312724563,0.3031722873088334,0.7348836141073936,-0.41168443127245635,1,-0.7565897767049783,-0.2911322673313924,-0.1873312497809981,-0.10287624816621056,3
269,Almond_Low,2018-03-14,Almond_Low,Croplands,36.946608,-120.10237,2.2,6.2000003,2.7399138882775382,14.352737604166668,0.4227828416666665,1.0863698746041668,0.9510565162951536,0.3090169943749474,-0.5721887177183493,0.473908488831043,1.0827383570251972,-0.5721887177183493,1,-0.9420036997589978,-0.7365904236565777,-0.037972029739472446,-0.420254611205085,3
270,Almond_Low,2018-03-15,Almond_Low,Croplands,36.946608,-120.10237,2.2,7.7000003,3.630965085731949,11.2537038125,0.64452620625,1.3007676215625006,0.9562348265919056,0.2926003356333483,-1.341272862228801,0.7491357284712874,1.464538322761911,-1.3412728622288008,1,-2.1271171855101487,-1.2614654788197959,-0.6352359223564588,-21.450245383769825,3
271,Almond_Low,2018-03-23,Almond_Low,Croplands,36.946608,-120.10237,3.0,6.3,4.005115057651033,10.396783500000002,0.3886643958333333,1.5402597154375,0.9873494423939864,0.1585593851031347,-0.9965276853809996,0.31517597084953236,1.105411212019039,-0.9965276853809995,1,-1.1220064051369347,-1.229638305674155,-0.637938345331909,-0.3331669439155594,3
272,Almond_Low,2018-03-31,Almond_Low,Croplands,36.946608,-120.10237,3.7,5.2000003,4.683757711928956,19.99607,0.8591308083333336,0.8951145815000001,0.9997685019798908,0.0215160974362222,-0.11365075164186296,0.17707804229410273,0.6596038717736683,-0.113650751641863,1,-0.19282078047162643,0.08920003678592342,-0.2373315112398859,-0.08849246599920958,3
273,Almond_Low,2018-04-08,Almond_Low,Croplands,36.946608,-120.10237,4.4,4.2000003,5.756787212236165,14.886712458333337,0.4759165916666666,2.3699532733125004,0.9932568492674144,-0.1159345995955004,-1.7745238639106224,0.06439095355233822,0.6127579004091982,-1.7745238639106224,1,-1.7008097366817572,-1.8029627635598924,-1.819799091490218,-0.7476754591862039,3
274,Almond_Low,2018-04-16,Almond_Low,Croplands,36.946608,-120.10237,2.2,7.2000003,3.5143408892847976,10.4652914375,0.2781747208333333,1.3313519524999995,0.9679377830240642,-0.2511900638848193,-1.1814461526910998,0.47416654611332015,1.0255810587846486,-1.1814461526911,1,-1.7263590854603517,-0.9552101928879113,-0.8627691797250356,-0.6074593291918978,3
275,Almond_Low,2018-04-24,Almond_Low,Croplands,36.946608,-120.10237,5.4,4.3,6.307370503698946,21.99682610416666,1.2572545395833332,1.2614090542083336,0.9242907221930934,-0.3816892202666588,-1.4534081306370321,0.181428986446313,0.7595347886481126,-1.4534081306370323,1,-1.5751779434769908,-1.2448900245848986,-1.5401564238492071,-0.29851346463180617,3
276,Almond_Low,2018-05-02,Almond_Low,Croplands,36.946608,-120.10237,5.0,6.5,5.536614000794632,16.752981250000005,0.7415449166666668,1.229140554729167,0.8631421280499114,-0.5049610547215204,-1.2558028409632112,0.14675855058912238,0.7098206841581042,-1.2558028409632112,1,-1.2037724283576448,-1.1421480816538743,-1.4214880128781149,-0.35657224895117,3
277,Almond_Low,2018-05-09,Almond_Low,Croplands,36.946608,-120.10237,6.3,8.5,8.283606617240403,21.579087125,1.2099914937499998,2.4150240029375003,0.7961828637826158,-0.6050560696488488,-1.8523157205534548,0.35356053475055943,1.0015727523697144,-1.852315720553455,1,-2.2237920904700763,-1.5199179580753701,-1.8132371131149176,-1.7871573221746027,3
278,Almond_Low,2018-05-10,Almond_Low,Croplands,36.946608,-120.10237,6.2,10.0,7.242231683239098,19.61483139583333,1.013197089583333,1.7029110183750007,0.7856498550787145,-0.6186714032625031,-2.26393618873543,0.5847569138342645,1.6504078774588358,-2.26393618873543,1,-2.8417938451734295,-1.6725159640289256,-2.2774987570039356,4.830161092078088,3
279,Almond_Low,2018-05-17,Almond_Low,Croplands,36.946608,-120.10237,6.7,7.3,7.286541245802896,18.260481187499995,0.81100853125,1.869601451093749,0.705583610107178,-0.7086266782644596,-2.4543456975081024,0.38028841411266706,0.9022902057139677,-2.4543456975081024,1,-2.6633538614988956,-2.0153928624170696,-2.684290368608341,2.3997341570723933,3
280,Almond_Low,2018-05-18,Almond_Low,Croplands,36.946608,-120.10237,6.1,8.6,7.019021209157663,19.838794416666673,0.8572938041666666,1.6638746438333334,0.6932812268869777,-0.7206671495538609,-1.9518219962545829,0.3270923159723638,1.1382311728854122,-1.9518219962545826,1,-2.1136802904190493,-1.575358075201855,-2.166427623142845,-2.2617756540756253,3
281,Almond_Low,2018-05-26,Almond_Low,Croplands,36.946608,-120.10237,2.4,8.1,6.876217723642862,17.603385562499994,0.6173062770833332,1.8577479055625,0.5877852522924732,-0.8090169943749473,-1.4243513777522405,0.35454080643866026,1.0579059420543373,-1.4243513777522407,1,-1.8337021463699845,-1.2148651095098184,-1.224486877376918,-0.4227344970749878,3
282,Almond_Low,2018-06-02,Almond_Low,Croplands,36.946608,-120.10237,6.8,7.5,7.485040407867872,24.40880683333333,1.6095211062499997,0.9497848740624998,0.48627270710869,-0.8738071036110808,-1.2460997283563398,0.19705654718108223,1.0489146108859593,-1.2460997283563398,1,-1.4447120109450893,-1.0506366648431507,-1.242950509280779,-1.1308877005856277,3
283,Almond_Low,2018-06-03,Almond_Low,Croplands,36.946608,-120.10237,7.1,6.5,8.136226671688688,28.1970253125,2.193809314583333,1.138185526666667,0.4711595076738638,-0.8820480249558537,-1.6345825830441914,0.25729961031359055,1.3134313825100734,-1.6345825830441916,1,-1.8188209665931363,-1.7443179254966699,-1.3406088570427674,2.267436916940499,3
284,Almond_Low,2018-06-10,Almond_Low,Croplands,36.946608,-120.10237,7.0,11.1,9.300630508837084,18.400096541666667,1.1586704916666666,2.0674881766875,0.3617137307297676,-0.9322892131745132,-3.1820664637743072,0.7140288658753947,2.025759927917958,-3.182066463774307,1,-3.9369719982357734,-2.5175153739554954,-3.0917120191316543,-57.31548024557812,3
285,Almond_Low,2018-06-11,Almond_Low,Croplands,36.946608,-120.10237,7.0,8.7,8.9775354393792,21.446327041666667,1.3318636708333338,1.5562945511249997,0.3456123126707335,-0.938377391740864,-1.9707571805260067,0.1536101447992423,1.1644638508932126,-1.9707571805260065,1,-2.1287858326526012,-1.8219840885939456,-1.9615016203314737,-0.2424929995310337,3
286,Almond_Low,2018-06-18,Almond_Low,Croplands,36.946608,-120.10237,7.1,8.7,8.418778566859627,21.3154121875,1.0246693354166665,1.504884688479167,0.2303056702306122,-0.973118337233262,-2.1760142422296815,0.1353267035706875,1.1278730746741765,-2.1760142422296815,1,-2.2368176958296857,-2.020950886521491,-2.270274144337867,3.049153202513941,3
287,Almond_Low,2018-06-19,Almond_Low,Croplands,36.946608,-120.10237,6.7,7.9,9.602015256533086,24.594709458333337,1.4674652770833332,1.490875696791666,0.2135209154397961,-0.9769384927771816,-1.381869008307077,0.0955808981718088,0.8266565530009455,-1.3818690083070768,1,-1.489243992461668,-1.3060756871641104,-1.3502873452954525,-1.1259742398360806,3
288,Almond_Low,2018-06-26,Almond_Low,Croplands,36.946608,-120.10237,7.4,8.3,9.093905069750186,25.672067625,1.7701541020833331,1.2912053796250005,0.0945367498171991,-0.9955213724144752,-1.7874925972421252,0.04530814348377611,1.099216366984445,-1.7874925972421254,1,-1.8395858345998468,-1.757256845939378,-1.765635111187151,-1.3657447274219496,3
289,Almond_Low,2018-06-27,Almond_Low,Croplands,36.946608,-120.10237,7.8,8.900001,9.307820496207697,24.450912895833333,1.7334999562500002,1.4728572773124995,0.077386479233463,-0.9970011699250152,-2.2913922361119368,0.09274777051550048,1.3295476942560978,-2.2913922361119368,1,-2.362394820251928,-2.186456631777193,-2.325325256306689,6.162485255983307,3
290,Almond_Low,2018-07-04,Almond_Low,Croplands,36.946608,-120.10237,6.8,8.3,7.967021155004206,23.3367460625,1.2802386875000002,1.2524641354375,-0.0430222330045303,-0.99907411510223,-1.3851455794503533,0.054274127969424435,0.8146092212812863,-1.385145579450353,1,-1.41489984621919,-1.3225013687675686,-1.4180355233643023,-1.1724062493716305,3
291,Almond_Low,2018-07-05,Almond_Low,Croplands,36.946608,-120.10237,6.6,5.9,8.172654946618257,24.54693947916667,1.4360461958333337,1.2896811176666667,-0.0602132773657927,-0.9981855344718586,-1.1179320677164035,0.10515955579758732,0.7161643426810513,-1.1179320677164037,1,-1.1927777299459839,-1.1633170098454797,-0.9977014633577472,-0.9503353323118614,3
292,Almond_Low,2018-07-13,Almond_Low,Croplands,36.946608,-120.10237,7.3,6.9,9.539194954825785,29.16154904166668,2.2456430020833333,1.5687855749374997,-0.1966728897935762,-0.980469160361632,-1.9803362452947197,0.23310238999469635,1.160894697633529,-1.98033624529472,1,-1.8105126330039907,-2.2460979332554607,-1.8843981696247079,-0.17464731786460225,3
293,Almond_Low,2018-07-20,Almond_Low,Croplands,36.946608,-120.10237,7.0,9.5,10.02378503263257,29.50195225,2.38608374375,1.5117613988125005,-0.3131070409358267,-0.9497178427914316,-2.448611757472406,0.41847891121308456,1.5517554463092025,-2.4486117574724062,1,-2.1005754993274404,-2.3323237181770304,-2.912936054912746,9.687243351225991,3
294,Almond_Low,2018-07-21,Almond_Low,Croplands,36.946608,-120.10237,6.7,8.0,10.046310366437744,29.02435450000001,1.8669632416666664,1.43990376475,-0.3294084822245302,-0.9441875088341994,-1.552365585707684,0.20110533919615461,1.0162812769229177,-1.5523655857076841,1,-1.360158468167297,-1.5356166946670189,-1.7613215942887357,-1.2558079679727432,3
295,Almond_Low,2018-07-28,Almond_Low,Croplands,36.946608,-120.10237,6.4,5.9,6.830733397744251,27.567976833333336,1.8132193166666668,1.2602901918333331,-0.4405187843504952,-0.8977433935342336,-1.0820796690984649,0.1800727877756227,0.9576912802443219,-1.0820796690984649,1,-1.0319835909262134,-1.281896115258364,-0.9323593011108171,-0.7001430640373915,3
296,Almond_Low,2018-07-29,Almond_Low,Croplands,36.946608,-120.10237,3.5,5.6,7.974541644961428,28.50539602083333,1.9762070291666671,1.2738357006458332,-0.455906693508459,-0.8900275764346766,-0.7636977278619219,0.13538874508901408,0.824410519541124,-0.7636977278619215,1,-0.699398055424806,-0.6724406096972777,-0.919254518463682,-0.2418043231502472,3
297,Almond_Low,2018-08-05,Almond_Low,Croplands,36.946608,-120.10237,7.1,8.6,9.667222344038796,25.82193,2.1347301500000007,1.7270902337708336,-0.5595892624101763,-0.828770087174504,-2.556121589620297,0.18707137071495816,1.2002206227233148,-2.5561215896202967,1,-2.3773111519543577,-2.540570540048471,-2.7504830768580635,-13.571230379179495,3
298,Almond_Low,2018-08-06,Almond_Low,Croplands,36.946608,-120.10237,6.4,8.2,7.529686224936016,25.256254791666667,1.728516285416667,1.555474503729167,-0.5737722679043243,-0.8190148866680802,-1.6943585895338151,0.26060383919207186,0.9327574223304197,-1.694358589533815,1,-1.4790366468655392,-1.6199709224335583,-1.984068199302348,-1.3430320389862638,3
299,Almond_Low,2018-08-13,Almond_Low,Croplands,36.946608,-120.10237,5.7,3.9,5.924483566923707,27.244804875,2.304223904166667,1.2937403850416664,-0.6680638642135333,-0.7441039398713608,-1.347173573579828,0.5801337059271334,1.4766428423487823,-1.347173573579828,1,-1.7671557680192358,-1.5891408085304082,-0.6852241441898408,6.15612696503615,3
300,Almond_Low,2018-08-14,Almond_Low,Croplands,36.946608,-120.10237,6.1,3.6000001000000004,5.862594195025397,26.13754514583333,2.046774789583333,1.5225250753750004,-0.6807734094770159,-0.7324940716135792,-1.3961481428105174,0.5712870688690027,1.5277431503110472,-0.9213365328613126,1,-1.8179207248854594,-1.6245224029432073,-0.746001300602885,6.115760572508413,3
301,Almond_Low,2018-08-21,Almond_Low,Croplands,36.946608,-120.10237,5.7,4.9,4.091438042492976,24.009733812500013,1.5489004729166669,1.3379749497291666,-0.7638886127905429,-0.64534811322955,-0.7926561034258287,0.2325148439896525,0.8179300558944492,0.7926561034258287,1,-0.9992257619686638,-0.8378969783360606,-0.5408455699727617,-0.516372410769768,3
302,Almond_Low,2018-08-22,Almond_Low,Croplands,36.946608,-120.10237,5.0,4.3,4.665743194059194,23.28257389583333,1.265669425,1.300098933,-0.7748840413670406,-0.6321034111873488,-0.3908543000853029,0.23996951201248454,0.7671959257414485,0.2776593117963099,1,-0.5983028538283648,-0.44621864586776305,-0.12804140055978103,-0.08496031537317851,3
303,Almond_Low,2018-08-29,Almond_Low,Croplands,36.946608,-120.10237,4.2,4.6,3.375245426910314,22.873276500000003,1.2185949854166669,1.4638211745833336,-0.8452490573530634,-0.5343725582809785,-0.3127525400104106,0.20007999835090903,0.5984148464315237,0.31275254001041053,1,-0.5381215965760019,-0.2440975131687084,-0.15603851028652152,-0.08849246599920958,3
304,Almond_Low,2018-08-30,Almond_Low,Croplands,36.946608,-120.10237,5.2,7.6,3.9099869402574967,22.11252727083334,1.127781429166667,1.6272889047083332,-0.8543221697498269,-0.5197438121555157,-1.1551374017949858,0.22972871613247495,0.9210196602606466,1.1551374017949858,1,-1.037232789577775,-1.0083005929599016,-1.419878822847281,-0.3191135977856525,3
305,Almond_Low,2018-09-06,Almond_Low,Croplands,36.946608,-120.10237,4.9,2.3,6.6238382750873335,24.85841797916667,1.6179198666666663,1.4031962006458334,-0.9106046300942162,-0.4132786077829044,-0.7002317782631118,0.4016673696526796,1.497848410386086,-0.7002317782631118,1,-1.019911170536356,-0.8314083883028949,-0.24937577595008437,1.7987983473451759,3
306,Almond_Low,2018-09-07,Almond_Low,Croplands,36.946608,-120.10237,4.9,2.1000001,5.8312675103772085,25.93201729166667,1.9021404270833333,1.1133203773333331,-0.9175836260593934,-0.3975428142825566,-0.8253134864648674,0.5504851881560613,1.7108537458002584,-0.8253134864648675,1,-1.1607192518043596,-1.1252228061722473,-0.18999840141799515,7.1856939805675255,3
307,Almond_Low,2018-09-14,Almond_Low,Croplands,36.946608,-120.10237,3.2,5.9,3.631885311820864,20.38831560416666,1.3365914395833336,1.2270161267708328,-0.9587178169872964,-0.2843591872810036,-1.0395931488096894,0.19464950707018083,0.6546609509095234,-1.0395931488096894,1,-1.1643283410463574,-0.815301868611708,-1.139149236771003,-0.28295554501694287,3
308,Almond_Low,2018-09-15,Almond_Low,Croplands,36.946608,-120.10237,4.3,4.5,4.199197902738797,20.868025645833328,1.38883906875,1.6006943453125002,-0.9634705485641486,-0.2678143051621748,-1.0519811498797635,0.15790286463250194,0.7540863583778902,-0.8503769553573586,1,-1.220278821764452,-1.0285796174808322,-0.9070850103940065,-0.23687746401666215,3
309,Almond_Low,2018-09-22,Almond_Low,Croplands,36.946608,-120.10237,3.7,3.8,2.5093995297564664,24.29899831250001,1.9068424104166664,0.8778207191874999,-0.9886775902323404,-0.1500553983446526,-0.7341145183479197,0.2887268797435325,1.0472523391169273,0.7341145183479197,1,-1.035480753985041,-0.7069101642900545,-0.4599526367686638,-0.20071872058759369,3
310,Almond_Low,2018-09-23,Almond_Low,Croplands,36.946608,-120.10237,3.9,3.6000001000000004,3.216053030886384,24.04666633333333,1.907887975,1.1042162107916669,-0.9911140639934546,-0.1330147065341963,-0.8816080267949892,0.2816273129759515,1.0764766718983023,0.4862859114322423,1,-1.1466637283073409,-0.9122458885396352,-0.5859144635379914,-0.19586352068803067,3
311,Almond_Low,2018-09-30,Almond_Low,Croplands,36.946608,-120.10237,2.9,5.4,1.4493558116692111,19.804676125,0.8268551833333335,0.8848050171874998,-0.999916658654738,-0.0129102960750088,-0.7287058981809742,0.03773666907085141,0.6679462804508314,0.7287058981809742,1,-0.696929383957323,-0.7187727291042928,-0.770415581481307,-0.2051636985086687,3
312,Almond_Low,2018-10-01,Almond_Low,Croplands,36.946608,-120.10237,3.0,5.5,1.8774148533101016,22.60156639583334,1.3352563229166667,0.9000338898124998,-0.99999073973619,0.0043035382962438,-0.9154677729110524,0.13027503745170893,0.889659907210163,0.9154677729110524,1,-0.9162279602627226,-0.7848143052502126,-1.0453610532202222,-0.20665117224247323,3
313,Almond_Low,2018-10-08,Almond_Low,Croplands,36.946608,-120.10237,2.5,1.0,3.5163160113235943,18.50154325,0.9680199854166665,0.9278372055625,-0.9922222094179324,0.1244792638867886,-0.4258082165196894,0.3887823327367032,1.162986263431447,-0.4258082165196895,1,-0.6452496215722813,-0.6552567999843286,0.023081771997541856,0.11159730477507084,3
314,Almond_Low,2018-10-09,Almond_Low,Croplands,36.946608,-120.10237,2.7,1.0,3.665742693213072,19.8475195,1.053044470833333,0.8685650217499999,-0.989932495087353,0.141540295217043,-0.36760637636762256,0.42412633528827826,1.257090216995896,-0.3676063763676225,1,-0.6093826809179468,-0.615556009851399,0.12211956166647814,-0.33571799009746195,3
315,Almond_Low,2018-10-16,Almond_Low,Croplands,36.946608,-120.10237,2.5,2.4,3.3149218445078703,17.569568354166673,1.1075579833333336,0.7159378492708331,-0.965739937654855,0.2595117970697994,-0.483827139165035,0.10920847036852441,0.8281795598468731,-0.48382713916503506,1,-0.5090827488290071,-0.5781951549785709,-0.3642035136875271,-0.11712653225730699,3
316,Almond_Low,2018-10-17,Almond_Low,Croplands,36.946608,-120.10237,2.3,2.8,3.75534862433468,18.405193666666666,1.2733980979166668,0.8043582784791666,-0.9611297838723007,0.2760969730974688,-0.5446046716420644,0.02444806477182513,0.7903320017922542,-0.5446046716420643,1,-0.5199591359723754,-0.5688503606690045,-0.5450045182848132,-0.08943246386890506,3
317,Almond_Low,2018-10-24,Almond_Low,Croplands,36.946608,-120.10237,2.2,1.4,2.746650930887996,16.03943929166667,0.7036547854166666,0.7958468458749998,-0.9209712877166346,0.3896304495307877,-0.16669424322259194,0.19038314027525485,0.8427784852822094,-0.16669424322259196,1,-0.3019941015934656,-0.24909830880131817,0.05100968072700807,-0.08327373887601612,3
318,Almond_Low,2018-10-25,Almond_Low,Croplands,36.946608,-120.10237,2.2,1.4,3.448882252785868,17.57604029166667,0.7796857833333334,0.6406307894583334,-0.9141279881853336,0.4054257283599973,-0.061440603673719195,0.2561529811348796,0.8849306123434101,-0.061440603673719174,1,-0.24262886498172037,-0.17331242131084137,0.2316194752714042,-0.06002840991428889,3
319,Almond_Low,2018-11-02,Almond_Low,Croplands,36.946608,-120.10237,1.8,2.7,2.6116774873428543,17.861253416666667,0.92236316875,0.8114274574583331,-0.8498170915275277,0.5270777086423724,0.03209372328495013,0.11323238632543936,0.5947230105994382,0.03209372328495008,1,0.13553523566280906,0.04962947184965005,-0.08888353765760873,-0.061370691021821556,3
320,Almond_Low,2018-11-09,Almond_Low,Croplands,36.946608,-120.10237,1.1,1.5,1.9111486899885235,12.8218785,0.6929198874999999,0.5777249209583332,-0.780295851070776,0.6254105729852457,-0.03303065487928707,0.16822711802039225,0.546542809650322,-0.033030654879287025,1,0.14442716101666198,-0.19018401693927173,-0.05333510871525146,-0.0662107062850066,3
321,Almond_Low,2018-11-10,Almond_Low,Croplands,36.946608,-120.10237,1.3,2.7,1.2063313028558684,10.393304895833332,0.4091254708333333,0.7047781562916667,-0.7694148268839381,0.6387494220515268,0.17609166791193354,0.12403894526022795,0.605021343278783,-0.17609166791193354,1,0.15128044368392107,0.31066095017996015,0.06633360987191939,-0.046824531196186535,3
322,Almond_Low,2018-11-17,Almond_Low,Croplands,36.946608,-120.10237,1.1,0.6,1.3559749031084505,10.7491550625,0.5371811416666665,0.7360776506666667,-0.6870527672236675,0.726607524768565,-0.09611538858650882,0.2968517570822339,0.6580232037277027,-0.09611538858650881,1,-0.030374886844805438,-0.4203266861807349,0.16235540726601383,-0.08059448845200758,3
323,Almond_Low,2018-11-18,Almond_Low,Croplands,36.946608,-120.10237,1.0,0.8,1.3256514148412646,10.418796520833334,0.4872921583333334,0.677556874375,-0.6744436188329457,0.7383263540031063,-0.01243859664119005,0.28301416025469245,0.5764857629075661,-0.01243859664119007,1,0.12086770949557313,-0.33748889842216373,0.17930539900302045,0.014462467817820006,3
324,Almond_Low,2018-12-03,Almond_Low,Croplands,36.946608,-120.10237,0.6,0.5,0.7392664811000149,9.506730895833334,0.2982501916666666,0.6871051462291665,-0.4635502709028512,0.8860706215341377,0.08223492311906817,0.3479010070697742,0.48009514227481825,0.08223492311906817,1,0.2930390096464797,-0.3193196797278206,0.2729854394385454,-0.08059448845200758,3
325,Almond_Low,2018-12-12,Almond_Low,Croplands,36.946608,-120.10237,0.5,1.4,0.6125128371892367,9.415422291666667,0.2610768541666666,0.8042072487916668,-0.3212696616923651,0.946987753076075,0.27293750475406103,0.05377555595326538,0.4047433896626651,-0.047911830375587716,1,0.3292953716165598,0.26733407907157386,0.22218306357404943,-0.0390889313076186,3
354,Almond_Med,2016-10-02,Almond_High,Croplands,36.177669,-120.202644999999,3.3,4.9,2.3532111982088386,15.122431250000004,0.9458245916666664,1.3263985466875,-0.9992500112396836,0.0387222808921739,-0.8963721388924085,0.15026069983951754,0.5415046059906747,0.8963721388924085,0,-0.7236828494229098,-0.9681536488975959,-0.9972799183567196,-0.23687746401666215,3
355,Almond_Med,2016-10-03,Almond_High,Croplands,36.177669,-120.202644999999,2.5,6.5,2.3492144255406635,14.005154166666664,0.7232853395833333,0.9510833790208334,-0.9984354211555644,0.055916990100603,-0.6639688025184565,0.23679066509774446,1.1614135984516996,-0.3623976535997835,0,-0.3964532585914305,-0.7487735930048138,-0.8466795559591251,-0.23050177289161183,3
356,Almond_Med,2016-10-10,Almond_High,Croplands,36.177669,-120.202644999999,3.0,6.2000003,4.2132652474452055,21.908416666666657,1.81723599375,1.3170379095624998,-0.9844738167520924,0.1755314904214277,-0.8243053603456912,0.14087244520477218,0.8862332915673802,-0.8243053603456914,0,-0.7461606215439064,-0.7398257339465475,-0.9869297255466198,-0.2693266490188703,3
357,Almond_Med,2016-10-11,Almond_High,Croplands,36.177669,-120.202644999999,3.0,6.6,2.9883490675003483,19.065583333333333,1.0194391645833334,1.132056909125,-0.9813064702716092,0.1924515819708299,-0.805523958464118,0.09604618006917245,1.0216549312826246,-0.7822220934648146,0,-0.8448773032707841,-0.8756434685814001,-0.6960511035401697,-0.26272559855379407,3
358,Almond_Med,2016-10-19,Almond_High,Croplands,36.177669,-120.202644999999,2.7,4.1,3.651498225521556,16.991250000000004,1.1562458208333333,1.5749524247916664,-0.9455963874271428,0.3253420847119795,-0.7927939436249393,0.1879168404566519,0.5409797021285436,-0.7927939436249392,0,-0.6651488385247045,-0.704653394452391,-1.0085795978977226,-0.22918277667251435,3
359,Almond_Med,2016-10-26,Almond_High,Croplands,36.177669,-120.202644999999,2.6,3.7,3.534907779876439,19.050916666666662,1.3194555499999998,1.0050537502708334,-0.8996308696522434,0.4366512319560638,-0.7439447176655901,0.03955060527168841,0.5943633094042612,-0.74394471766559,0,-0.7447173749977898,-0.704013444596417,-0.7831033334025636,-0.1957262421499665,3
360,Almond_Med,2016-11-03,Almond_High,Croplands,36.177669,-120.202644999999,1.9,2.9,2.4481100630396333,14.570222916666664,0.4373688624999999,0.8709489956875002,-0.8311706263658079,0.5560174366570446,0.03500800262011541,0.11917197789814041,0.5376598377225438,0.035008002620115386,0,0.043523314235023515,0.1496939360355809,-0.0881932424102582,-0.061370691021821556,3
361,Almond_Med,2016-11-11,Almond_High,Croplands,36.177669,-120.202644999999,2.5,2.2,2.6905669674958275,19.226270833333334,1.0879152416666669,1.0557899444791667,-0.7469720876965551,0.6648553979642867,-0.8000237465083266,0.23385261011588668,0.8453994962443435,-0.8000237465083266,0,-1.0690105849952845,-0.6860633201934566,-0.6449973343362385,-0.26604190010472395,3
362,Almond_Med,2016-11-12,Almond_High,Croplands,36.177669,-120.202644999999,1.9,2.0,2.392748160618085,18.662979166666663,0.8338173562499999,1.0511995894583337,-0.7354170229639858,0.6776147890466887,-0.4744079857203612,0.14150251437351247,0.6535266579361908,-0.47440798572036114,0,-0.6073013340148958,-0.4902867636418602,-0.3256358595043276,-0.13273887334573245,3
363,Almond_Med,2016-11-19,Almond_High,Croplands,36.177669,-120.202644999999,1.4,2.2,1.7572095551253502,16.453195833333346,0.9877371000000004,2.0165562272499997,-0.6486295610349818,0.7611042586607742,-0.2556893711591432,0.10105590624400289,0.6769013422038329,-0.25568937115914325,0,-0.23665499608720358,-0.16550417351295074,-0.36490894387727524,-0.046824531196186535,3
364,Almond_Med,2016-11-27,Almond_High,Croplands,36.177669,-120.202644999999,0.6,3.3,1.720218085994034,10.36811875,0.3220909645833333,1.2341645265208334,-0.5380051715382992,0.8429415373547832,0.3819202670388853,0.190004588035789,0.6243806263882792,0.38192026703888526,0,0.25061761942898503,0.5997933189992557,0.2953498626884152,-0.0662107062850066,3
365,Almond_Med,2016-12-13,Almond_High,Croplands,36.177669,-120.202644999999,0.8,0.7,0.513280783242487,12.291474999999998,0.3540800750000001,0.7532514645416667,-0.2884824328806098,0.9574851883550388,-0.1233387054136663,0.179852137785948,0.5889024465108215,0.12333870541366632,0,-0.210255178823735,-0.24322347117167972,0.08346253375441587,-0.0662107062850066,3
366,Almond_Med,2016-12-14,Almond_High,Croplands,36.177669,-120.202644999999,1.0,1.2,0.3816200772453002,13.61941875,0.4492581208333333,1.4104061043958334,-0.2719581575341052,0.9623090774541488,-0.12850112649047732,0.13325326618471747,0.5797598791636367,0.1285011264904773,0,-0.28186084954019536,-0.06263928042505003,-0.041003249506186536,-0.0390889313076186,3
367,Almond_Med,2016-12-22,Almond_High,Croplands,36.177669,-120.202644999999,1.0,1.3000001,0.6821626780905424,7.227746458333333,0.2832353479166666,1.2260750009375,-0.1372787721132651,0.9905324521322229,0.03161693524058734,0.12703123998120563,0.38080887347282333,-0.03161693524058734,0,-0.10047118199497405,0.04242076490304874,0.15290122281368734,-0.0390889313076186,3
368,Almond_Med,2016-12-29,Almond_High,Croplands,36.177669,-120.202644999999,1.1,1.9,0.5195928772140239,7.115345833333336,0.27348161875,1.183611057375,-0.0172133561558352,0.9998518392091162,0.13340987989339811,0.06697939740849616,0.42918247166031503,-0.13340987989339814,0,0.06879246450050494,0.20252459115124732,0.12891258402844213,-0.0390889313076186,3
369,Almond_Med,2017-01-06,Almond_High,Croplands,36.177669,-120.202644999999,1.2,0.6,0.946645098428704,5.735699083333333,0.2044691916666666,1.0480855302291665,0.1031016974474348,0.9946708199115212,-0.29119660468172837,0.1946162187188482,0.4394196338070035,0.21551319846086348,0,-0.3683649415282349,-0.43539443326496546,-0.06983043925198477,-0.07394630617357453,3
370,Almond_Med,2017-03-28,Almond_High,Croplands,36.177669,-120.202644999999,3.6,1.7,4.637513346298092,14.32876458333334,0.7424956541666666,2.1067460001041667,0.9973249731081556,0.0730951298980777,-1.4162167084572648,0.479519660626718,1.0841018780914897,-1.4162167084572648,0,-1.1753167558521256,-1.96842415667398,-1.1049092128456892,3.2429596171823114,3
371,Almond_Med,2017-04-04,Almond_High,Croplands,36.177669,-120.202644999999,4.7,1.0,4.453280790644629,16.390275,1.1667973854166669,1.3158464532916667,0.9988797155850336,-0.0473213883224318,-1.9914457835741919,1.1587697394256493,1.6601371202885886,-1.49800736486345,0,-2.025939963581146,-3.1325833113328048,-0.815814075808625,-20.472891741768166,3
372,Almond_Med,2017-04-12,Almond_High,Croplands,36.177669,-120.202644999999,4.5,5.2000003,4.182885111995423,17.711916666666664,0.7842788416666671,2.0649347896875,0.9829265519799822,-0.18399835165768,-1.458447255258936,0.23010278865178962,0.7060494536998174,-0.8242174792497827,0,-1.6224650164708532,-1.5574657865291988,-1.1954109627767562,-0.2905342031444164,3
373,Almond_Med,2017-04-13,Almond_High,Croplands,36.177669,-120.202644999999,3.8,3.3,4.589310490175087,15.081277083333331,0.6258669416666666,1.7008265571249994,0.97961369164549,-0.200890555130635,-1.343996860860743,0.4251223342361576,0.6930896256570389,-1.3439968608607433,0,-1.246814399346495,-1.8092962340232235,-0.97587994921251,-0.5242037464728901,3
374,Almond_Med,2017-04-20,Almond_High,Croplands,36.177669,-120.202644999999,5.1,4.5,5.6528909802469895,15.670954166666665,0.7513237729166667,2.5033779323541667,0.9483615800121716,-0.3171912885891061,-2.231188719393627,0.3400715511469197,0.8489519756169459,-2.231188719393627,0,-2.2794875702145636,-2.544528665158763,-1.8695499228075545,0.4248832964764948,3
375,Almond_Med,2017-04-21,Almond_High,Croplands,36.177669,-120.202644999999,5.2,1.4,6.238023154551418,18.179791666666667,1.233858625,2.067786999041666,0.9427611433904208,-0.3334687789181868,-2.4374624487566905,0.7916219744569035,1.6937368046079644,-2.4374624487566905,0,-2.2017517595371086,-3.3201679118104606,-1.7904676749225028,-26.23811446613033,3
376,Almond_Med,2017-04-28,Almond_High,Croplands,36.177669,-120.202644999999,5.7,4.4,6.373834735729795,17.976395833333328,1.386261770833334,3.3313820619375,0.895839290734909,-0.4443781781046132,-2.202701226317387,0.4477386760937864,0.9734583852494303,-2.202701226317387,0,-2.3135000263789487,-2.584637671489015,-1.7099659810841976,0.2816200237909806,3
377,Almond_Med,2017-04-29,Almond_High,Croplands,36.177669,-120.202644999999,5.6,0.6,5.44885183666927,17.902283333333337,1.4275795145833332,1.8006147204583336,0.8880573226294932,-0.4597327394521039,-2.7175003929183084,1.080782443993067,2.1440528400170233,-2.4152040662568495,0,-2.4715533119986386,-3.9000602754399623,-1.7808875913163231,-65.88878237590079,3
378,Almond_Med,2017-05-14,Almond_High,Croplands,36.177669,-120.202644999999,5.4,7.8,4.826054985980734,14.592677083333331,0.7803527458333334,1.0753168092916665,0.741222010848596,-0.6712599575675313,-1.1438071526492033,0.2782894254356966,1.08168367164375,0.004082875389330276,0,-0.9587268448482333,-1.4638422824448798,-1.0088523306544965,-0.34684268698936455,3
379,Almond_Med,2017-05-15,Almond_High,Croplands,36.177669,-120.202644999999,4.3,7.9,4.350444093866254,15.148322916666665,0.7831089062499998,1.1656309176249997,0.7295575540864875,-0.6839194216246106,-0.7597852370983093,0.2502831612535947,0.9936925934201206,-0.7597852370983093,0,-0.5453490077673401,-1.0347963446741948,-0.6992103588533927,-0.3293348432345369,3
380,Almond_Med,2017-05-22,Almond_High,Croplands,36.177669,-120.202644999999,6.9,2.6000001,8.197318139941363,26.1434375,2.0672972729166665,1.2771917762708331,0.6420547132365637,-0.766658819300159,-2.88749393560296,0.8528755565817964,2.0145497080463164,-2.8874939356029596,0,-2.81907651286204,-3.772517554702373,-2.0708877392444673,-57.31548024557812,3
381,Almond_Med,2017-05-23,Almond_High,Croplands,36.177669,-120.202644999999,6.6,4.4,8.451088528999518,27.16402083333334,2.2722973604166667,1.348816540625,0.6287628145958344,-0.777597146973627,-2.287255195437115,0.6272755601175181,1.6313449735100796,-2.2872551954371154,0,-2.1034575994569114,-2.9858981414044914,-1.7724098454499413,11.70813669244597,3
382,Almond_Med,2017-05-30,Almond_High,Croplands,36.177669,-120.202644999999,6.9,6.4,7.160238752821356,22.210916666666673,1.3470357520833334,1.288784201635417,0.5307300481619334,-0.8475409228928311,-1.5500505504484536,0.14648552635872017,0.8719551227038224,-1.5500505504484536,0,-1.4033692616279017,-1.696339526334149,-1.5504428633833105,-1.182627857082939,3
383,Almond_Med,2017-06-07,Almond_High,Croplands,36.177669,-120.202644999999,6.8,5.5,8.596665880221849,23.8560625,1.8351353916666668,1.2317539994791669,0.4093559588156213,-0.9123747579707272,-1.7756552726401065,0.5400532217236562,1.0794222437030778,-1.7756552726401065,0,-1.442973727564249,-2.3987779673997403,-1.4852141229563305,2.08808449175744,3
384,Almond_Med,2017-06-15,Almond_High,Croplands,36.177669,-120.202644999999,7.5,7.6,8.107489421042137,24.40025,1.8691728604166664,1.708286958458333,0.2802306751992158,-0.9599326896597448,-1.168790321096832,0.15396889041305287,0.882201243813641,-1.168790321096832,0,-0.9917083690980709,-1.2436234189869626,-1.2710391752054624,-0.569824329280232,3
385,Almond_Med,2017-06-16,Almond_High,Croplands,36.177669,-120.202644999999,6.8,7.9,7.350127014509772,25.976458333333333,1.78421045,1.5735143849791673,0.263665492728007,-0.9646141756912436,-0.7469051839472586,0.11335356456489613,0.8360265834411436,-0.7469051839472587,0,-0.7233320293504312,-0.6471917146701949,-0.8701918078211497,-1.0711739299932375,3
386,Almond_Med,2017-06-23,Almond_High,Croplands,36.177669,-120.202644999999,7.0,7.0,5.779038799364655,31.128437500000004,2.657704545833333,1.2127948192916669,0.1457991969198751,-0.9893142039703664,-1.5235626538112594,0.3280986442822589,1.3945820557895907,0.91835974745943,0,-1.2963138072739595,-1.8997079175677767,-1.374666236592042,2.830876366572769,3
387,Almond_Med,2017-07-01,Almond_High,Croplands,36.177669,-120.202644999999,7.0,7.1,7.129592959397497,24.94802083333333,1.7794619958333333,1.2589227883333332,0.0086069968886886,-0.9999629591162656,-1.0351696240098347,0.22703950174344267,0.8634921921260366,-1.0351696240098347,0,-0.7911820035742926,-1.240226459440766,-1.0741004090144457,-0.5515370656993095,3
388,Almond_Med,2017-07-02,Almond_High,Croplands,36.177669,-120.202644999999,6.6,6.9,5.917977432585778,26.47564583333333,1.9578551208333328,1.2069017485000002,-0.008606996888688,-0.9999629591162656,-0.9604800625002917,0.23688746895804197,0.9223406492813376,0.40356507232815086,0,-0.7071970781377097,-1.1765724927629428,-0.9976706166002226,-0.9937402136105137,3
389,Almond_Med,2017-07-09,Almond_High,Croplands,36.177669,-120.202644999999,6.5,7.5,6.784504975357086,29.20495833333333,2.726818220833333,0.9859329355000004,-0.1287481774525806,-0.99167731989929,-1.1295088523525105,0.25907596152312784,1.2939694269166773,-1.1295088523525105,0,-0.9131975607837176,-1.4166265686826338,-1.05870242759118,1.0709963418761845,3
390,Almond_Med,2017-07-17,Almond_High,Croplands,36.177669,-120.202644999999,6.9,8.1,7.599820256842222,29.671708333333324,2.8877852666666666,1.4631804349166668,-0.2636654927280072,-0.9646141756912436,-1.2476968094820284,0.30211205932407914,1.356430540876752,-1.2476968094820284,0,-0.9895232521170365,-1.579962098586185,-1.1736050777428642,2.173446505597064,3
391,Almond_Med,2017-07-18,Almond_High,Croplands,36.177669,-120.202644999999,7.1,8.3,6.5737788624256135,28.5093125,2.750995266666667,1.6854761121250004,-0.2802306751992161,-0.9599326896597444,-1.1048722359569698,0.3290222875353535,1.1768262462731294,-0.05242996080819751,0,-0.8040847155626039,-1.456265539378145,-1.0542664529301606,0.3158107514368546,3
392,Almond_Med,2017-07-25,Almond_High,Croplands,36.177669,-120.202644999999,6.9,9.2,4.007733347441056,26.65064583333333,2.2767042375,1.5597460155208331,-0.3935902766564664,-0.9192859697186104,-0.5568374572675258,0.2956612345087452,0.8985180187389495,0.5568374572675259,0,-0.2574162175184115,-0.8485894671717599,-0.564506687112406,-0.8826226829322932,3
393,Almond_Med,2017-07-26,Almond_High,Croplands,36.177669,-120.202644999999,6.1,9.2,3.6462394849647297,27.545708333333337,2.1137498312500003,1.289100360854167,-0.4093559588156211,-0.9123747579707274,-0.37337483758699647,0.13345091541993848,0.8596950812912082,0.3733748375869963,0,-0.27849241973419575,-0.5259689918512449,-0.3156631011755487,-0.4587367999893658,3
394,Almond_Med,2017-08-10,Almond_High,Croplands,36.177669,-120.202644999999,6.3,5.4,5.058503018126889,27.026041666666657,1.8569893291666668,1.0379326181875,-0.6287628145958345,-0.7775971469736268,-1.5262296268141793,0.408355273010502,0.946226391660109,0.9567643369320418,0,-1.106159887696322,-1.921764064306764,-1.5507649284394527,-0.5997164320833026,3
395,Almond_Med,2017-08-11,Almond_High,Croplands,36.177669,-120.202644999999,5.8,4.9,5.231918102063978,27.42360416666667,2.1621644604166663,1.1506372721874998,-0.6420547132365636,-0.7666588193001592,-1.5751765456770865,0.4435058312957063,1.0154545794313028,-0.4390127498050429,0,-1.1280697245642137,-2.0149914652429897,-1.5824684472240564,-0.7057595301239096,3
396,Almond_Med,2017-08-18,Almond_High,Croplands,36.177669,-120.202644999999,5.4,5.8,3.9901461707330017,28.024916666666662,1.9777641000000008,0.8865341383958336,-0.7295575540864876,-0.6839194216246105,-1.2586162382068478,0.21998261322563295,0.7129280866053884,1.2586162382068478,0,-1.006219997127877,-1.3600261914384635,-1.4096025260542029,-0.35897532779908786,3
397,Almond_Med,2017-08-19,Almond_High,Croplands,36.177669,-120.202644999999,5.7,6.6,5.785609628468166,28.32614583333333,2.0805508791666667,0.9448961946875002,-0.7412220108485957,-0.6712599575675315,-1.264940436869032,0.2775093180064718,0.7724247016867396,-1.264940436869032,0,-1.006857599004514,-1.2294936854659602,-1.5584700261366218,-0.7073918734897643,3
398,Almond_Med,2017-08-26,Almond_High,Croplands,36.177669,-120.202644999999,5.4,4.8,2.2140721740739933,29.030375,2.874957377083333,1.1580227164791663,-0.8165380514459157,-0.5772916165517278,-1.8633102294445383,0.3642658072115808,1.4476666097321682,1.8633102294445383,0,-1.480162659308226,-1.904590857890431,-2.205177171134958,1.0949314224647848,3
399,Almond_Med,2017-08-27,Almond_High,Croplands,36.177669,-120.202644999999,4.8,5.2000003,2.1558603340419875,30.77516666666667,3.1248150625,1.3367433276458327,-0.8263541987239095,-0.5631507242749187,-1.5918124584142417,0.34550972130299856,1.4627615429177054,1.5918124584142417,0,-1.3373398541759685,-1.452947768832823,-1.9851497522339339,1.5566602144186072,3
400,Almond_Med,2017-09-03,Almond_High,Croplands,36.177669,-120.202644999999,3.7,5.9,1.009315325188211,34.25762500000001,3.7728378916666663,1.7541361999791667,-0.888057322629493,-0.4597327394521046,-1.246502740063545,0.17196936523825068,1.635728824121557,1.246502740063545,0,-1.1108456306047978,-1.1887473624193061,-1.4399152271665305,2.795705326290628,3
401,Almond_Med,2017-09-12,Almond_High,Croplands,36.177669,-120.202644999999,4.3,4.9,3.9567950681934017,27.56827083333334,1.8949360541666664,1.3122524812291665,-0.9483615800121716,-0.3171912885891059,-1.0425065215646914,0.31360123298428194,0.7545023897739933,-0.35609665795149503,0,-0.9030306986162149,-0.8228388276355516,-1.4016500384423078,-0.25126124618366313,3
402,Almond_Med,2017-09-19,Almond_High,Croplands,36.177669,-120.202644999999,3.9,8.0,3.3876135093705755,19.902062500000007,1.1243761604166664,1.8088828186666668,-0.97961369164549,-0.2008905551306352,-0.6029177136055989,0.21809104653850214,1.0793895393439843,0.42185526765325,0,-0.6498474407057669,-0.793723485271792,-0.3651822148392377,-0.09015837190150473,3
403,Almond_Med,2017-09-20,Almond_High,Croplands,36.177669,-120.202644999999,3.9,5.5,3.065664253013629,19.73733333333333,1.0997710708333337,0.9689003342708334,-0.9829265519799822,-0.1839983516576798,-0.6530197716471561,0.057741714028202024,0.4827570142501633,0.6530197716471561,0,-0.6061857483449049,-0.7175346693133532,-0.6353388972832104,-0.2051636985086687,3
404,Almond_Med,2017-09-27,Almond_High,Croplands,36.177669,-120.202644999999,4.1,1.5,3.9843109773477887,23.10795833333334,1.8915587020833329,1.3474920833333333,-0.9979171608653922,-0.0645084494493162,-1.4698276435658026,0.3654342379792089,1.5296859995272596,-1.2384495982613808,0,-1.6960058632366455,-1.6652425725975266,-1.048234494863236,1.7718726833480045,3
405,Almond_Med,2017-09-28,Almond_High,Croplands,36.177669,-120.202644999999,4.0,2.5,4.345524653950736,23.67289583333333,1.9208419187500008,1.2192433749999998,-0.9988797155850336,-0.0473213883224323,-1.1979196301043586,0.14962259738570183,1.182669568029527,-1.1979196301043586,0,-1.2794377030439668,-1.2890811170060277,-1.0252400702630815,-0.23663003548121136,3
406,Almond_Med,2017-10-05,Almond_High,Croplands,36.177669,-120.202644999999,3.8,2.4,4.1790083834373295,17.437499999999996,1.2531447458333336,1.6323106458333336,-0.9973249731081556,0.0730951298980777,-1.3825338857002556,0.14835834334661632,0.9448917109663156,-1.3825338857002556,0,-1.5014650370655522,-1.4298472122724357,-1.216289407762779,-0.24948721722493322,3
407,Almond_Med,2017-10-06,Almond_High,Croplands,36.177669,-120.202644999999,3.4,3.8,4.063079132773659,18.44977083333333,1.377307125,1.3626804999999995,-0.9959189961471792,0.0902516100310407,-0.9897794164120931,0.11006756913589241,0.6171012753506225,-0.9897794164120932,0,-0.8701340598963203,-1.0867317495787538,-1.0124724397612053,-0.2034209294941143,3
408,Almond_Med,2017-10-13,Almond_High,Croplands,36.177669,-120.202644999999,3.0,3.8,3.4994581728704146,13.8287375,0.9689268020833328,1.5656932708333338,-0.9778483415056568,0.2093146459630488,-1.0519751876392178,0.09411472567135924,0.45842706874516176,-1.0519751876392178,0,-0.9552744479530071,-1.0573801642916678,-1.1432709506729786,-0.2034209294941143,3
409,Almond_Med,2017-10-14,Almond_High,Croplands,36.177669,-120.202644999999,2.9,5.0,3.7171165437218088,14.000837499999998,0.81761690625,1.6579008958333332,-0.9741004551724206,0.226115685508288,-0.9252993596733549,0.13888224403276692,0.6774424259759608,-0.925299359673355,0,-0.7652513713443864,-0.9965621449335387,-1.0140845627421395,-0.2034209294941143,3
410,Almond_Med,2017-10-21,Almond_High,Croplands,36.177669,-120.202644999999,2.5,3.6000001000000004,2.7578071575969028,12.8531375,0.5031183604166667,1.304926895833333,-0.9398560579418952,0.341570769167856,-0.5034377803689326,0.055035229959657615,0.6131822197675316,-0.5034377803689326,0,-0.44861474454445915,-0.5030158185498499,-0.5586827780124888,-0.08943246386890506,3
411,Almond_Med,2017-10-22,Almond_High,Croplands,36.177669,-120.202644999999,2.6,4.1,2.9100235150485245,14.583085416666671,0.5848466312499999,1.3203346875,-0.9338372288229252,0.3576982388331254,-0.5832021158417872,0.07051064606216842,0.6525720805276787,-0.5832021158417872,0,-0.6387815823467621,-0.5038862398521302,-0.6069385253264692,-0.08943246386890506,3
412,Almond_Med,2017-11-06,Almond_High,Croplands,36.177669,-120.202644999999,1.7,1.4,2.138374810259524,10.018522916666663,0.3360746895833333,0.9093192916666668,-0.8115390590073611,0.5842981736283683,-0.26682725513929345,0.17589797487954392,0.5991807528979362,-0.2668272551392934,0,-0.14548763232610637,-0.4685559886968441,-0.18643814439492992,-0.08849246599920958,3
413,Almond_Med,2017-11-07,Almond_High,Croplands,36.177669,-120.202644999999,1.8,2.2,2.3928833527370665,11.012554166666664,0.3671640625,1.158994833333333,-0.8013610881746769,0.5981809144059159,-0.09133474763604131,0.031820736543989994,0.5539870567855194,-0.09133474763604132,0,-0.055128583348659776,-0.10401615799896424,-0.1148595015604999,-0.061370691021821556,3
414,Almond_Med,2017-11-14,Almond_High,Croplands,36.177669,-120.202644999999,1.8,2.5,2.072447352974117,13.975866666666668,0.2905285270833333,0.9340845833333334,-0.7236440382959123,0.690173388242972,0.2407764011958274,0.05662661970380293,0.5520818171687722,0.2407764011958274,0,0.24822543871383576,0.293309841332615,0.1807939235410314,-0.061370691021821556,3
415,Almond_Med,2017-11-15,Almond_High,Croplands,36.177669,-120.202644999999,1.4,2.3,2.311273317808165,14.850004166666665,0.4626189041666666,1.1070074166666666,-0.7116566222817751,0.7025274741691566,0.028798732446693665,0.07932495998090122,0.5022717927651357,0.02879873244669362,0,-0.01187441050080084,0.12021076282188656,-0.02194015498100472,-0.046824531196186535,3
416,Almond_Med,2017-11-22,Almond_High,Croplands,36.177669,-120.202644999999,1.8,2.3,2.1318218675397502,14.472224999999996,0.4141771770833333,0.93860475,-0.622046748440868,0.7829801036770625,0.085383590797105,0.05183514482064818,0.5892232883624704,0.085383590797105,0,0.02655571638950372,0.10524016784811299,0.12435488815369827,-0.061370691021821556,3
417,Almond_Med,2017-11-23,Almond_High,Croplands,36.177669,-120.202644999999,1.7,3.4,2.0971552725954687,15.481747916666668,0.4179987854166667,1.0215577291666669,-0.6084768701151264,0.7935716089521472,0.250473754016896,0.1406317660007975,0.6093673758902828,0.250473754016896,0,0.1768741253106847,0.41263151426587985,0.16191562247412333,-0.07698303211024705,3
418,Almond_Med,2017-11-30,Almond_High,Croplands,36.177669,-120.202644999999,1.3,2.1000001,1.2530364863030294,8.59478125,0.2953174208333334,1.1247138124999998,-0.5086709438521042,0.8609610158889945,0.38299411428781954,0.14680984056707602,0.40579715288037405,-0.38299411428781954,0,0.25507043816484165,0.5432875624402743,0.3506243422583426,-0.06243687228461205,3
419,Almond_Med,2017-12-01,Almond_High,Croplands,36.177669,-120.202644999999,1.8,3.0,1.2284250351354595,9.540929166666666,0.2849775083333334,1.1056309375000002,-0.4937755501599774,0.8695893893466109,0.5253136149066918,0.17264143339774482,0.5832993264125628,-0.5253136149066917,0,0.40078953587815,0.7223917507603763,0.4527595580815488,-0.08849246599920958,3
420,Almond_Med,2017-12-08,Almond_High,Croplands,36.177669,-120.202644999999,1.3,2.4,0.9344801892772902,8.121102083333334,0.6903920395833333,1.1004407708333332,-0.3856634062436074,0.9226395488404876,-0.049181112716363655,0.31706283367281185,0.717563611627212,0.04918111271636366,0,-0.20165027088866808,0.3153132577929157,-0.2612063250533386,-0.08833008834057553,3
421,Almond_Med,2017-12-16,Almond_High,Croplands,36.177669,-120.202644999999,1.2,3.7,0.6983600412183395,10.827677083333333,0.8017013937500002,2.6225616041666675,-0.2553532951161881,0.9668478136052772,0.11328516344371405,0.12295267204642873,0.8023627116060164,-0.11328516344371409,0,9.620516255443023e-05,0.24409927850212956,0.09566000666645813,-0.046824531196186535,3
422,Almond_Med,2017-12-17,Almond_High,Croplands,36.177669,-120.202644999999,1.0,0.90000004,0.3447044742298221,8.839866666666673,0.6661691416666667,1.848901895833334,-0.2386727660059499,0.9711000518829505,-0.3467985030043434,0.20283218037182746,0.5992689119579755,0.3467985030043434,0,-0.49667780272679823,-0.427721100112738,-0.11599660617349392,-0.0662107062850066,3
423,Almond_Med,2018-01-01,Almond_High,Croplands,36.177669,-120.202644999999,1.1,0.6,0.1730372916376601,9.508181249999998,0.3746583854166666,1.1905231458333334,0.0172133561558346,0.9998518392091162,-0.39781426396552594,0.18672937431593853,0.5189512736873026,0.397814263965526,0,-0.5610550649909971,-0.4381864447552768,-0.19420128215030386,-0.0662107062850066,3
424,Almond_Med,2018-01-25,Almond_High,Croplands,36.177669,-120.202644999999,1.1,5.7000003,1.3937038478400443,10.011141666666663,0.3700880062500001,1.1892128541666669,0.4171936026123168,0.9088176373395028,-0.036428937998457575,0.09370069677415295,1.388176557817306,-0.03642893799845759,0,-0.1061854833526241,0.07007571851273278,-0.07317704915548141,0.05058484232671481,3
425,Almond_Med,2018-01-26,Almond_High,Croplands,36.177669,-120.202644999999,1.1,4.6,0.91587034548299,7.254860416666667,0.2021556437499999,1.4079838333333334,0.4327755925504312,0.901501684131884,0.05951120992344938,0.06737747057683391,1.0168275179483621,-0.05951120992344938,0,0.03515940916475669,0.1356790308177234,0.0076951897878680675,0.003758906944303018,3
426,Almond_Med,2018-02-03,Almond_High,Croplands,36.177669,-120.202644999999,1.4,2.9,0.6321370994232144,14.37432708333334,0.5535828,1.337272625,0.5524353131676196,0.8335557718385699,-0.11572673106352242,0.10947123831307946,0.6717958303076713,0.11572673106352238,0,-0.19676993805178117,0.008806484536271995,-0.1592167396750581,-0.046824531196186535,3
427,Almond_Med,2018-02-10,Almond_High,Croplands,36.177669,-120.202644999999,2.0,0.8,1.3749649550704917,14.865618750000005,0.966899325,2.2753691666666667,0.6486295610349814,0.7611042586607747,-0.7292391840886503,0.3740051794158689,1.1403710598275658,0.5208309057703664,0,-0.7234948758023286,-1.1060834313372059,-0.3581392451264164,-0.06354423077845518,3
428,Almond_Med,2018-02-11,Almond_High,Croplands,36.177669,-120.202644999999,2.1,1.9,0.7331964405057333,11.450077083333332,0.8791436208333333,1.3155153750000002,0.6616346182422783,0.7498264012045686,-0.7699550258157183,0.2846477426663123,0.6624497600730817,0.7699550258157183,0,-0.8961950869025754,-0.969650372747842,-0.44401961779673726,-0.2712606272279174,3
429,Almond_Med,2018-02-18,Almond_High,Croplands,36.177669,-120.202644999999,2.2,4.7000003,0.6694165725145875,11.590929166666667,0.69736903125,2.1872611666666675,0.7469720876965552,0.6648553979642865,-0.5873414287752499,0.020114060256450326,0.8645662463802838,0.5873414287752499,0,-0.6075715402116726,-0.567345464017251,-0.5871072820968258,-0.0842137367457116,3
430,Almond_Med,2018-03-06,Almond_High,Croplands,36.177669,-120.202644999999,2.7,4.7000003,1.3621315761654191,11.012591666666664,0.6726167166666666,1.2257639166666665,0.8996308696522433,0.436651231956064,-0.5964836292521696,0.010871436871527035,0.7029734304946322,0.5964836292521696,0,-0.6082941011632252,-0.5942625084658814,-0.5868942781274021,-0.08943246386890506,3
431,Almond_Med,2018-03-15,Almond_High,Croplands,36.177669,-120.202644999999,2.7,7.7000003,3.2571109142100125,10.538999999999998,0.4640770291666666,1.2721188333333333,0.9562348265919056,0.2926003356333483,-0.7871130559631098,0.13685957377051894,1.633477808198561,-0.7871130559631099,0,-0.6386289760667484,-0.9082048712111395,-0.8145053206114417,2.7613055040971153,3
432,Almond_Med,2018-03-23,Almond_High,Croplands,36.177669,-120.202644999999,2.8,6.3,3.3454099721528787,9.743766666666666,0.2665896041666667,0.7118139583333334,0.9873494423939864,0.1585593851031347,-0.655587824370786,0.3454038514634252,1.1753173185868637,-0.655587824370786,0,-0.37589131107811635,-1.041670148409735,-0.5492020136245065,-0.23050177289161183,3
433,Almond_Med,2018-03-30,Almond_High,Croplands,36.177669,-120.202644999999,3.9,4.4,4.592846390313562,18.944145833333337,0.9712436791666668,1.2847546145833335,0.9992500112396836,0.0387222808921744,-0.9186000433890301,0.2733362266417887,0.7652112980598734,-0.9186000433890302,0,-1.0932567929921466,-1.0589423905925794,-0.6036009465823643,-0.25126124618366313,3
434,Almond_Med,2018-03-31,Almond_High,Croplands,36.177669,-120.202644999999,4.0,5.2000003,5.597668711352794,19.341041666666676,1.14696518125,1.2070836666666669,0.9997685019798908,0.0215160974362222,-0.7307761643720584,0.29131245613209267,0.8551308759357774,-0.7307761643720583,0,-1.0214083863657306,-0.438788206206183,-0.7321319005442619,-0.23834783171632196,3
435,Almond_Med,2018-04-08,Almond_High,Croplands,36.177669,-120.202644999999,4.5,4.2000003,5.3118700119126085,14.17409583333333,0.5828720333333333,1.7181186458333333,0.9932568492674144,-0.1159345995955004,-1.9172906053870584,0.31468336366417066,0.5877925642873427,-1.9172906053870582,0,-1.8917783343221788,-2.2439535143185934,-1.6161399675204033,-1.5751311034334883,3
436,Almond_Med,2018-04-23,Almond_High,Croplands,36.177669,-120.202644999999,6.1,4.5,6.906553283875345,22.323291666666663,1.2605405395833331,1.1424666874999998,0.9307239310379796,-0.3657225234972689,-2.1886312282496267,0.40378123856701675,1.1515527687797262,-2.1886312282496267,0,-2.3628613789931783,-2.4760454301681905,-1.7269868755875124,0.22554033363251455,3
437,Almond_Med,2018-04-24,Almond_High,Croplands,36.177669,-120.202644999999,5.9,4.3,7.235727235352773,22.132041666666662,1.3398259125,1.318382,0.9242907221930934,-0.3816892202666588,-2.166045660780888,0.4641339380462831,1.1239571904229415,-2.166045660780888,0,-2.35829767870923,-2.503162867168338,-1.6366764364650956,0.48317425765560307,3
438,Almond_Med,2018-05-02,Almond_High,Croplands,36.177669,-120.202644999999,5.6,6.5,5.613210198388113,16.272877083333334,0.7748306020833332,1.1001990833333333,0.8631421280499114,-0.5049610547215204,-1.4947979210073745,0.048657032284033834,0.8495109582792025,-1.4947979210073745,0,-1.5504442902489957,-1.4736917285228104,-1.460257744250318,-0.6543328296770221,3
439,Almond_Med,2018-05-09,Almond_High,Croplands,36.177669,-120.202644999999,6.6,8.5,8.168704680879756,21.643291666666663,1.2466272145833337,1.7545150416666668,0.7961828637826158,-0.6050560696488488,-1.1506338699977772,0.09623575558425572,1.2218145316148648,-1.150633869997777,0,-1.0475403496704487,-1.1662624564500503,-1.2380988038728322,-1.0026778381905737,3
440,Almond_Med,2018-05-10,Almond_High,Croplands,36.177669,-120.202644999999,6.3,10.0,7.286931970640259,19.671458333333337,1.1224598520833329,1.0260112708333338,0.7856498550787145,-0.6186714032625031,-1.0273845751071162,0.35190445962063366,1.6061217856414534,-1.0273845751071162,0,-0.8231820320681706,-1.4337270991930529,-0.825244594060125,2.579597130774871,3
441,Almond_Med,2018-05-17,Almond_High,Croplands,36.177669,-120.202644999999,6.8,7.3,6.017027244749209,17.265793749999997,0.8327077270833331,0.9344940625000004,0.705583610107178,-0.7086266782644596,-1.6624204282691792,0.14982482326700544,1.1590884397737953,-0.09647491776759765,0,-1.771974964182944,-1.7235993175982693,-1.4916870030263247,-1.3642141417088398,3
442,Almond_Med,2018-05-18,Almond_High,Croplands,36.177669,-120.202644999999,6.4,8.6,6.40940667653058,19.85095833333333,0.9257475437499996,1.046424166666667,0.6932812268869777,-0.7206671495538609,-1.2199864935495792,0.22036804225290635,1.25738592603458,-1.2199864935495792,0,-1.1095262002683002,-1.4737385955315339,-1.0766946848489038,-0.815744512914472,3
443,Almond_Med,2018-05-26,Almond_High,Croplands,36.177669,-120.202644999999,5.6,8.1,6.567429106731253,17.913520833333337,0.7075124270833334,1.2571394583333326,0.5877852522924732,-0.8090169943749473,-1.071756279895246,0.25577604816862165,0.9969789239025568,-1.0717562798952462,0,-0.8725355321206509,-1.3601911941867384,-0.9825421133783483,-0.6724250079408698,3
444,Almond_Med,2018-06-02,Almond_High,Croplands,36.177669,-120.202644999999,7.0,7.5,8.377075351791586,22.85108333333333,1.4460227895833333,1.0096901041666666,0.48627270710869,-0.8738071036110808,-1.083410652974264,0.23866482065209796,1.0426330931677639,-1.0834106529742638,0,-1.1289714001184523,-0.8252496082402293,-1.2960109505641104,-0.584208111447233,3
445,Almond_Med,2018-06-03,Almond_High,Croplands,36.177669,-120.202644999999,7.1,6.5,10.109018349857662,27.074583333333337,1.9298753708333327,1.1329220833333336,0.4711595076738638,-0.8820480249558537,-1.728623238506598,0.1822392074014232,1.0388022397260404,-1.7286232385065983,0,-1.525031938010348,-1.8765064736988617,-1.784331303810584,-0.9510426436158509,3
446,Almond_Med,2018-06-10,Almond_High,Croplands,36.177669,-120.202644999999,6.4,11.1,8.694396756296106,18.909479166666667,1.3840006166666667,2.129833125,0.3617137307297676,-0.9322892131745132,-0.37896699414129387,0.41536400244426214,1.5740414638432667,-0.37896699414129387,0,-0.4801331888855087,-0.734402745232221,0.07763495169384826,2.743630293580479,3
447,Almond_Med,2018-06-11,Almond_High,Croplands,36.177669,-120.202644999999,6.6,8.7,8.161722746427925,20.54495625,1.3635310416666673,1.2744270208333333,0.3456123126707335,-0.938377391740864,-0.5830954831724404,0.15888891786132675,0.958190819203376,-0.5830954831724404,0,-0.7115936881486039,-0.6322564627210601,-0.40543629864765723,-0.7664245662166838,3
448,Almond_Med,2018-06-18,Almond_High,Croplands,36.177669,-120.202644999999,7.2,8.7,8.976445701444186,20.937479166666673,1.0091588375000002,1.0451065208333332,0.2303056702306122,-0.973118337233262,-1.1813543473285562,0.2601148087137619,1.2241527658235718,-1.181354347328556,0,-1.0797678443770926,-1.4769329139801908,-0.9873622836283847,0.36510559753980515,3
449,Almond_Med,2018-06-19,Almond_High,Croplands,36.177669,-120.202644999999,6.4,7.9,8.63927188731694,23.82897916666666,1.34465060625,0.9143350208333332,0.2135209154397961,-0.9769384927771816,-0.6508540078711426,0.1826547038925626,0.8476083584417784,-0.6508540078711427,0,-0.7021459897199773,-0.4480369405753438,-0.8023790933181064,-0.6909422736052169,3
450,Almond_Med,2018-06-26,Almond_High,Croplands,36.177669,-120.202644999999,7.4,8.3,9.892319567659143,25.831229166666667,1.6579963104166662,1.108070875,0.0945367498171991,-0.9955213724144752,-0.9681244473651639,0.16390350324900663,0.9432415449657533,-0.968124447365164,0,-0.9261493247334616,-0.8292904669936151,-1.1489335503684148,-0.5982093309528183,3
451,Almond_Med,2018-06-27,Almond_High,Croplands,36.177669,-120.202644999999,7.6,8.900001,9.894216624365232,24.34870833333333,1.7168674937499997,1.0149101458333332,0.077386479233463,-0.9970011699250152,-0.8138833067935787,0.15197984827718963,1.0629407276916996,-0.8138833067935787,0,-0.8104322363395782,-0.6636583834266717,-0.9675593006144863,-0.5743570277122875,3
452,Almond_Med,2018-07-04,Almond_High,Croplands,36.177669,-120.202644999999,7.0,8.3,10.434261773016768,23.946229166666665,1.4893904166666665,0.9708526666666666,-0.0430222330045303,-0.99907411510223,-0.6740413589610444,0.08415000458255423,0.9506380641045254,-0.6740413589610448,0,-0.6808360454268155,-0.586700001956373,-0.754588029499945,-0.50301408003102,3
453,Almond_Med,2018-07-05,Almond_High,Croplands,36.177669,-120.202644999999,6.4,5.9,10.843651323458076,24.87525,1.4093664604166662,1.0748594583333335,-0.0602132773657927,-0.9981855344718586,-0.9592085820439363,0.3147418116428347,0.678523282225435,-0.959208582043936,0,-0.6757981948457508,-1.2979450480780022,-0.9038825032080561,-0.7205491981527234,3
454,Almond_Med,2018-07-12,Almond_High,Croplands,36.177669,-120.202644999999,7.2,7.9,9.601542839115965,28.320083333333343,2.2410535,0.8851222116875004,-0.1797665857255621,-0.9837092937736098,-1.2087671589210531,0.22660701425859842,1.14343399874905,-1.2087671589210531,0,-0.9550068271181761,-1.390919464401731,-1.2803751852432523,-0.5926249532125684,3
455,Almond_Med,2018-07-13,Almond_High,Croplands,36.177669,-120.202644999999,7.1,6.9,10.310976929162264,28.97091666666667,2.17379933125,1.1685598975,-0.1966728897935762,-0.980469160361632,-1.4969434294193988,0.4137130812066851,1.1121908251317942,-1.4969434294193986,0,-1.0831885190166866,-1.9106146687385612,-1.4970271005029492,-0.6233032326088869,3
456,Almond_Med,2018-07-20,Almond_High,Croplands,36.177669,-120.202644999999,7.0,9.5,8.91984241095848,29.948291666666663,2.537235177083333,1.0520072056041665,-0.3131070409358267,-0.9497178427914316,-0.8799063630902303,0.19700671486239887,1.2287825616610595,-0.8799063630902304,0,-0.6863460522130304,-1.080187485870763,-0.8731855511868973,0.39753638756976956,3
457,Almond_Med,2018-07-21,Almond_High,Croplands,36.177669,-120.202644999999,6.8,8.0,8.548504528492078,29.042375000000003,1.8538213541666664,0.9852503684583336,-0.3294084822245302,-0.9441875088341994,-1.0735275129565862,0.1864801192274881,1.0057383550904408,-1.073527512956586,0,-0.8592051443498883,-1.198696379043252,-1.1626810154766183,-1.1644187113818285,3
458,Almond_Med,2018-07-28,Almond_High,Croplands,36.177669,-120.202644999999,6.7,5.9,8.17689502919949,27.611875,2.17179400625,1.02838991225,-0.4405187843504952,-0.8977433935342336,-1.5715211501930753,0.4745404632013617,1.0686244750978984,-1.5715211501930755,0,-1.0669591129495277,-2.00887381479241,-1.638730522837288,-1.9072679649330748,3
459,Almond_Med,2018-07-29,Almond_High,Croplands,36.177669,-120.202644999999,6.2,5.6,7.127980187208923,28.894874999999995,2.459883595833334,1.2650766404374998,-0.455906693508459,-0.8900275764346766,-1.6530072142738568,0.5219625399286089,1.151557314055448,-1.653007214273857,0,-1.1077505673228503,-2.1480457101910306,-1.7032253653076892,2.898871928762012,3
460,Almond_Med,2018-08-05,Almond_High,Croplands,36.177669,-120.202644999999,6.6,8.6,9.104777686677435,25.50825,2.1501594416666667,1.249291621875,-0.5595892624101763,-0.828770087174504,-0.7378595345752498,0.34087838802499054,0.8162623800650843,-0.7378595345752497,0,-0.353623827053743,-1.0039386364433827,-0.8560161402286236,-1.0544426485754046,3
461,Almond_Med,2018-08-06,Almond_High,Croplands,36.177669,-120.202644999999,6.5,8.2,9.514537013480794,25.4320625,2.122511502083334,1.4908264660624997,-0.5737722679043243,-0.8190148866680802,-0.7835279591820674,0.341458129810964,0.7319084529482749,-0.7835279591820674,0,-0.41538190760941696,-1.0898508027498588,-0.8453511671869267,-1.0544426485754046,3
462,Almond_Med,2018-08-13,Almond_High,Croplands,36.177669,-120.202644999999,6.0,3.9,8.533099108757382,27.384666666666675,2.3898292875,1.2167162369166664,-0.6680638642135333,-0.7441039398713608,-1.8772862342344199,0.5148732025109758,1.4581837090442948,-1.87728623423442,0,-1.4141304005434652,-2.4316789895747157,-1.7860493125850787,5.607669590455404,3
463,Almond_Med,2018-08-14,Almond_High,Croplands,36.177669,-120.202644999999,6.1,3.6000001000000004,9.686226935412948,26.356020833333343,2.0848133208333333,1.1901465503125,-0.6807734094770159,-0.7324940716135792,-1.9004491761883664,0.5265526997347881,1.4226715081015382,-1.9004491761883662,0,-1.4562066728782428,-2.482075913597902,-1.7630649420889544,5.567303197927667,3
464,Almond_Med,2018-08-21,Almond_High,Croplands,36.177669,-120.202644999999,6.0,4.9,7.401536585480832,23.623666666666665,1.456832102083333,1.160925502979167,-0.7638886127905429,-0.64534811322955,-1.3451349991727772,0.43073116228670855,0.837416317383553,-1.3451349991727772,0,-1.1317056181275942,-1.8409065732546517,-1.062792806136086,-0.8283332742665326,3
465,Almond_Med,2018-08-22,Almond_High,Croplands,36.177669,-120.202644999999,5.8,4.3,7.685068174732176,23.273479166666664,1.2288003916666663,1.2382033044375,-0.7748840413670406,-0.6321034111873488,-1.3636254198010356,0.5502169275122465,0.9342541782314543,-1.3636254198010356,0,-1.1259276259866031,-1.992732571352731,-0.9722160620637722,3.1325384204398263,3
466,Almond_Med,2018-08-29,Almond_High,Croplands,36.177669,-120.202644999999,5.4,4.6,5.6753569876813845,22.6834375,1.1780510020833332,1.082739604291667,-0.8452490573530634,-0.5343725582809785,-1.0848788801386273,0.45726917602095407,0.7910779785426183,-1.0848788801386273,0,-0.9124807836054477,-1.6032865256967157,-0.738869331113719,-1.1423943365135762,3
467,Almond_Med,2018-08-30,Almond_High,Croplands,36.177669,-120.202644999999,4.8,7.6,4.6423564738679035,21.488104166666663,1.0505953625,1.306714435125,-0.8543221697498269,-0.5197438121555157,-0.4935120499006616,0.17855945603600015,0.7290008284304942,-0.17822499763646898,0,-0.46567333592133847,-0.6843557801203995,-0.3305070336602469,-0.12380827214342363,3
468,Almond_Med,2018-09-06,Almond_High,Croplands,36.177669,-120.202644999999,5.1,2.3,2.7835803611017327,25.9923125,2.103266135416667,1.1907974528749998,-0.9106046300942162,-0.4132786077829044,-1.6388579964080783,0.3013215516949247,1.6015019389756655,1.6388579964080783,0,-1.6158859568726889,-1.9510081004384687,-1.3496799319130768,2.481937078696778,3
469,Almond_Med,2018-09-07,Almond_High,Croplands,36.177669,-120.202644999999,5.1,2.1000001,3.1366303050185107,26.32247916666667,2.258310541666667,1.0187127846041666,-0.9175836260593934,-0.3975428142825566,-1.7223947075185837,0.3087237344827659,1.7548340295470015,1.7223947075185837,0,-1.7696778791595242,-2.0047491518891363,-1.3927570915070906,2.281319545428772,3
470,Almond_Med,2018-09-14,Almond_High,Croplands,36.177669,-120.202644999999,4.1,5.9,3.3752706537988653,20.00725,1.320067075,0.9015666611458336,-0.9587178169872964,-0.2843591872810036,-0.6176010743206377,0.0196297518522281,0.5637652509763023,0.6176010743206377,0,-0.5976028066690182,-0.6183601255721035,-0.6368402907207914,-0.16805429480305192,3
471,Almond_Med,2018-09-15,Almond_High,Croplands,36.177669,-120.202644999999,4.6,4.5,3.4846748078326124,20.3305,1.3743074875,1.2264388027083333,-0.9634705485641486,-0.2678143051621748,-1.090077530624042,0.2381997717394892,0.6973966963029483,1.090077530624042,0,-0.9862223866807281,-1.3625719021466058,-0.9214383030447921,-0.25126124618366313,3
472,Almond_Med,2018-09-22,Almond_High,Croplands,36.177669,-120.202644999999,4.3,3.8,6.094367895817231,24.163958333333333,2.0591192416666675,1.0502104872083335,-0.9886775902323404,-0.1500553983446526,-1.109465872052966,0.1079606018982342,1.0024266678132663,-1.109465872052966,0,-1.0663132147281709,-1.0297560827791645,-1.2323283186515626,-0.16057309124219268,3
473,Almond_Med,2018-09-23,Almond_High,Croplands,36.177669,-120.202644999999,4.9,3.6000001000000004,5.920124576990969,23.374250000000004,1.9672471166666663,1.0609334756041666,-0.9911140639934546,-0.1330147065341963,-1.4400122923880951,0.11921579294684923,1.101955548511032,-1.4400122923880954,0,-1.3024241473638998,-1.512618457441931,-1.5049942723584544,-0.18729616095923513,3
474,Almond_Med,2018-09-30,Almond_High,Croplands,36.177669,-120.202644999999,3.1,5.4,4.042045641620483,19.17633333333333,0.8319099041666668,0.7336046076458334,-0.999916658654738,-0.0129102960750088,-0.6203224029862652,0.12898265469495682,0.6249513597026153,-0.6203224029862651,0,-0.47206926744643796,-0.6821087493596361,-0.7067891921527214,-0.16805429480305192,3
475,Almond_Med,2018-10-01,Almond_High,Croplands,36.177669,-120.202644999999,3.8,5.5,5.09508630600874,21.166687499999995,1.2561565729166666,0.8617617282916665,-0.99999073973619,0.0043035382962438,-0.8132571098359596,0.04130298048749728,0.6834737940711435,-0.8132571098359596,0,-0.8276053266241405,-0.8454725013549182,-0.7666935015288199,-0.2418043231502472,3
476,Almond_Med,2018-10-08,Almond_High,Croplands,36.177669,-120.202644999999,3.6,1.0,5.09413515128437,17.19147916666666,1.1272764208333337,0.978352937375,-0.9922222094179324,0.1244792638867886,-1.5516623880717353,0.30913196106780433,1.2781318803835269,-1.5516623880717355,0,-1.768775228695903,-1.6884813540165153,-1.1977305815027879,-0.3345444723405083,3
477,Almond_Med,2018-10-09,Almond_High,Croplands,36.177669,-120.202644999999,3.6,1.0,5.21299657145578,18.3914375,1.1648777916666668,1.1168726015,-0.989932495087353,0.141540295217043,-1.4963541951377886,0.28365273310716765,1.2776331042265994,-1.4963541951377883,0,-1.7109137928515077,-1.603391934692654,-1.1747568578692036,-0.3345444723405083,3
478,Almond_Med,2018-10-16,Almond_High,Croplands,36.177669,-120.202644999999,3.3,2.4,5.0733979313174835,16.55985208333333,1.2853339812500002,1.143198245125,-0.965739937654855,0.2595117970697994,-1.3228238063233455,0.14743178734564824,0.8116391997566298,-1.3228238063233455,0,-1.455928271544944,-1.3481874750761658,-1.1643556723489266,-0.29233505547685495,3
479,Almond_Med,2018-10-17,Almond_High,Croplands,36.177669,-120.202644999999,3.1,2.8,4.766306876705051,17.260700000000003,1.3218457395833334,1.1650638154166668,-0.9611297838723007,0.2760969730974688,-1.1576062644086167,0.075569821881954,0.6543232901905287,-1.1576062644086167,0,-1.240508450000417,-1.1397394608186109,-1.092570882406822,-0.2034209294941143,3
480,Almond_Med,2018-10-24,Almond_High,Croplands,36.177669,-120.202644999999,2.8,1.4,4.135084666599524,14.861122916666671,0.7358907437500001,0.8745950585000002,-0.9209712877166346,0.3896304495307877,-1.12038574812178,0.11727500925758957,0.7817302012863888,-1.1203857481217803,0,-1.1440436305760295,-1.2240282589713631,-0.9930853548179477,-0.23111499788251622,3
481,Almond_Med,2018-10-25,Almond_High,Croplands,36.177669,-120.202644999999,3.1,1.4,3.905481658727264,16.669575,0.8820387625,1.0458289605208333,-0.9141279881853336,0.4054257283599973,-1.2669047291384237,0.12623972099899677,0.9279944886190201,-1.2669047291384237,0,-1.4032223469412217,-1.243462779086146,-1.1540290613879032,-0.22754011659134782,3
482,Almond_Med,2018-11-02,Almond_High,Croplands,36.177669,-120.202644999999,2.5,2.7,3.5455970335025104,16.8620625,0.8631275791666666,1.064503406041667,-0.8498170915275277,0.5270777086423724,-0.780364287684296,0.1589778798484208,0.6019188236339974,-0.780364287684296,0,-0.9303904498430761,-0.6137374560975204,-0.7969649571122916,-0.25687684506091646,3
483,Almond_Med,2018-11-09,Almond_High,Croplands,36.177669,-120.202644999999,2.1,1.5,3.2349765145640466,11.096970833333332,0.7747670583333335,1.0870775193750004,-0.780295851070776,0.6254105729852457,-0.9450057008446077,0.09173888932182415,0.6816564926571825,-0.9450057008446078,0,-0.8951830016838814,-0.888958432599215,-1.050875668250726,-0.23111499788251622,3
484,Almond_Med,2018-11-10,Almond_High,Croplands,36.177669,-120.202644999999,1.6,2.7,2.766299892682448,10.096941666666666,0.6670125145833334,1.0587175968333336,-0.7694148268839381,0.6387494220515268,-0.2694794062397949,0.2669848960958303,0.5794920555895269,-0.26947940623979494,0,-0.3025378151099558,0.012495255767140147,-0.5183956593765691,-0.10287624816621056,3
485,Almond_Med,2018-11-18,Almond_High,Croplands,36.177669,-120.202644999999,1.6,0.8,2.012244838100511,10.494745833333331,0.5421666791666667,0.9161203734375002,-0.6744436188329457,0.7383263540031063,-0.6238889508037121,0.13162040499910854,0.601942136739703,-0.6238889508037122,0,-0.6024132809296888,-0.7649265467333127,-0.5043270247481346,-0.19306806332457085,3
486,Almond_Med,2018-11-25,Almond_High,Croplands,36.177669,-120.202644999999,0.9,1.5,1.576115237086417,13.40985,0.2287387916666667,0.7895155549166666,-0.5808002734538014,0.8140460935082175,0.29632401041758527,0.06513126859758758,0.541575712884506,0.29632401041758527,0,0.29839082777569476,0.2301839327357528,0.3603972707413083,-0.0390889313076186,3
487,Almond_Med,2018-11-26,Almond_High,Croplands,36.177669,-120.202644999999,1.3,1.6,1.2453265040092518,12.60640416666667,0.3120938166666667,0.8882016457291667,-0.5667017562911184,0.8239230057575536,0.1327269376313566,0.10038012684290677,0.49588378962207563,-0.1327269376313566,0,0.08934262242077107,0.06133568769116105,0.24750250278213767,-0.046824531196186535,3
488,Almond_Med,2018-12-03,Almond_High,Croplands,36.177669,-120.202644999999,0.8,0.5,0.8982931202530874,8.309204166666664,0.1584242354166667,0.8175469025416667,-0.4635502709028512,0.8860706215341377,0.07219082611545195,0.21150723094602508,0.5205241045220289,0.07219082611545195,0,0.0928431495107889,-0.14888499725747525,0.2726143260930422,-0.08059448845200758,3
489,Almond_Med,2018-12-11,Almond_High,Croplands,36.177669,-120.202644999999,0.6,2.3,0.768803124073105,9.298575000000003,0.2140363875,0.7355804750208333,-0.3375228995941134,0.941317317512847,0.5640343105569837,0.19126023313914514,0.5609093788682464,-0.22642806241077362,0,0.6463975331657443,0.7003145302235617,0.34539086828164517,-0.07254546583016652,3
490,Almond_Med,2018-12-20,Almond_High,Croplands,36.177669,-120.202644999999,0.8,2.8,0.3288655111701439,8.673947916666664,0.2038919562500001,0.8997536808750001,-0.1882267098432439,0.9821256058680006,0.6020700921449436,0.23934930321797118,0.5650404346632729,-0.6020700921449436,0,0.6828837579652668,0.7905517747034249,0.33277474376613914,-0.0869292479971675,3
491,Almond_Med,2018-12-27,Almond_High,Croplands,36.177669,-120.202644999999,1.2,0.4,1.2248636054880695,7.623227083333332,0.4411086916666666,2.4753941836666677,-0.0688024268023206,0.9976303053065856,-0.31435830409827786,0.33069518894783767,0.6789800331937701,-0.31435830409827786,0,-0.533478903804342,-0.47562808027371645,0.06603207178322473,-0.08833008834057553,3
492,Almond_Med,2018-12-28,Almond_High,Croplands,36.177669,-120.202644999999,1.0,1.1,0.9607500777339232,7.224847916666663,0.5356382958333333,2.207940114395833,-0.0516196672232541,0.998666816288476,-0.19664964711121624,0.21536924604717603,0.4168900397020746,-0.1181498025790626,0,-0.3933985948904526,-0.22999950963576085,0.03344916319256475,-0.08059448845200758,3
541,BAR012,2017-05-20,BAR012,Croplands,38.751,-122.975,3.9,7.7000003,3.7755301476067937,17.924861111111113,1.685625,1.6750000000000005,0.6680638642135335,-0.7441039398713607,-0.8942556432916748,0.31293969105343716,0.7321788329725359,-0.6453159385052625,2,-0.8688030563551724,-0.5948195197390738,-1.2191443537807785,-0.3798773688306062,3
542,BAR012,2017-06-05,BAR012,Croplands,38.751,-122.975,3.5,9.3,3.464920411083154,17.01972222222222,1.5947916666666664,1.6966666666666663,0.440518784350495,-0.8977433935342337,-0.9621505834098457,0.16963911884699442,0.9712416222494783,-0.8919914055761536,2,-1.0607914339144737,-0.7662698715790135,-1.0593904447360503,-0.3690777579472336,3
543,BAR012,2017-06-13,BAR012,Croplands,38.751,-122.975,3.2,7.5,3.722202295083104,15.59111111111111,1.174791666666667,2.345833333333333,0.3131070409358269,-0.9497178427914316,-0.9406062098357394,0.06615833445435913,0.7903115746346424,-0.9406062098357393,2,-1.006446961266395,-0.9412368669817084,-0.874134801259115,-0.3320370521410574,3
544,BAR012,2017-06-21,BAR012,Croplands,38.751,-122.975,4.5,10.0,5.134927172678292,21.59944444444444,1.6716666666666669,1.49875,0.1797665857255624,-0.9837092937736096,-0.36680204796098553,0.09087995807081543,0.9535129364337381,-0.3668020479609855,2,-0.2687453012382851,-0.44820050929832533,-0.3834603333463461,-0.02577688606703054,3
545,BAR012,2017-07-07,BAR012,Croplands,38.751,-122.975,4.8,13.2,6.699811131550387,21.621111111111112,3.400833333333334,2.98375,-0.0945367498171993,-0.9955213724144752,-0.1532770652967815,0.8407552152245403,2.615045528188589,-0.15327706529678142,2,-1.1234609396814528,0.3013719853664433,0.362257758424665,-37.703615602316,3
546,BAR012,2017-07-15,BAR012,Croplands,38.751,-122.975,4.0,12.0,5.781000842509751,20.36986111111111,2.380833333333334,2.397083333333334,-0.2303056702306119,-0.973118337233262,0.04544081939058694,0.4097169704628927,1.7770611149271225,0.04544081939058686,2,-0.4276589766763479,0.28264882559099835,0.28133260925711034,2.9506542990373807,3
547,BAR012,2017-07-23,BAR012,Croplands,38.751,-122.975,4.0,9.5,4.307665041926838,19.405277777777773,1.7889583333333337,1.5466666666666666,-0.3617137307297674,-0.9322892131745134,-0.18925154420547408,0.02952739800299686,0.8588570205377029,-0.18925154420547408,2,-0.21734201347872228,-0.1584712749159457,-0.19194134422175418,-0.06340599719575872,3
548,BAR012,2017-07-31,BAR012,Croplands,38.751,-122.975,3.7,7.2000003,3.389404270907464,22.06333333333333,1.1408333333333334,1.535,-0.4862727071086902,-0.8738071036110807,-0.7500350981758306,0.19644176682445416,0.7445874873915928,-0.12884363999075799,2,-0.589072478562993,-0.9689275494002831,-0.6921052665642156,-0.33902997132826357,3
549,BAR012,2017-08-08,BAR012,Croplands,38.751,-122.975,3.6,7.2000003,2.8333872087353527,21.07083333333333,0.8266666666666665,1.5549999999999995,-0.6016240632249227,-0.7987793728863648,-0.5763829830452104,0.22451469807257643,0.7898420913871045,0.5763829830452104,2,-0.5587979870370949,-0.8091730827934968,-0.3611778793050394,-0.1445268138555845,3
550,BAR012,2017-08-16,BAR012,Croplands,38.751,-122.975,3.3,6.4,2.577509638832697,19.55125,0.7566666666666667,1.75625,-0.7055836101071774,-0.7086266782644601,-0.3995962836178344,0.1576201417372295,0.7524919118336815,0.3995962836178344,2,-0.5337216403577073,-0.43907890355249546,-0.22598830694330035,-0.09574649929634024,3
551,BAR012,2017-08-24,BAR012,Croplands,38.751,-122.975,2.9,6.5,2.6377860416190937,19.784166666666664,0.7700000000000001,1.366666666666667,-0.7961828637826154,-0.6050560696488494,-0.5837954441779711,0.07187892372399897,0.9139384855692179,-0.059367527416158694,2,-0.6086843159820113,-0.639922049692587,-0.5027799668593151,-0.05383865891411397,3
552,BAR012,2017-09-01,BAR012,Croplands,38.751,-122.975,3.5,8.0,4.015303288998043,31.2675,3.5737500000000013,2.2045833333333333,-0.8717063187093218,-0.4900286664290594,-1.0893754473157162,0.5513732830434744,1.3704086102780462,-1.0893754473157162,2,-1.7184757994009552,-0.6900487561948592,-0.8596017863513342,3.7090395271074903,3
553,BAR012,2017-09-09,BAR012,Croplands,38.751,-122.975,3.1,7.7000003,2.8376559300800586,22.5925,0.9254166666666668,1.2866666666666666,-0.9307239310379792,-0.3657225234972692,-0.598617421078366,0.17916152424582077,1.2008416994845146,-0.07392928123848297,2,-0.5856617002022507,-0.78390513511102,-0.4262854279218274,-0.07038008026334422,3
554,BAR012,2017-09-17,BAR012,Croplands,38.751,-122.975,2.2,7.7000003,2.35299140553555,19.0825,1.0395833333333333,2.017916666666667,-0.9721181966290612,-0.2344913895704105,-0.5706472683412906,0.2841389583045731,1.2594210469814606,-0.5706472683412906,2,-0.8041599912782514,-0.6534875095401216,-0.25429430420549887,-0.07501226562228173,3
555,BAR012,2017-09-25,BAR012,Croplands,38.751,-122.975,2.5,7.2000003,2.723949027204783,22.93375,1.92375,2.57875,-0.9951053111006974,-0.0988201387328721,-0.27297982200022153,0.3495091277759824,1.075430806720137,-0.27297982200022153,2,-0.6696160859970215,-0.1392092380631044,-0.010114141940538668,-0.03463124223952875,3
556,BAR012,2017-10-03,BAR012,Croplands,38.751,-122.975,2.1,6.4,1.994809143016396,17.445416666666667,1.31125,2.20375,-0.9992500112396836,0.0387222808921739,-0.596180700492909,0.23244193920434988,0.8754464458975779,-0.38579898652570066,2,-0.8087720587331706,-0.6317756162064364,-0.3479944265391204,-0.10167897560366292,3
557,BAR012,2017-10-11,BAR012,Croplands,38.751,-122.975,1.8,6.1,1.2735686075471198,12.29777777777778,1.1110416666666667,3.4637499999999988,-0.9844738167520924,0.1755314904214277,-0.9691635906871384,0.1885216593218537,1.022325227416983,0.08369919421862215,2,-1.169889768507411,-0.9417536866746697,-0.7958473168793344,-0.2401077067650211,3
558,BAR012,2017-10-27,BAR012,Croplands,38.751,-122.975,1.0,6.0,0.6033662650357106,17.402638888888887,1.6264583333333336,1.6050000000000002,-0.8996308696522434,0.4366512319560638,-0.4019567018541084,0.12196500566039481,0.9629185793806847,0.39131076807447046,2,-0.4495656299962626,-0.4929368407426903,-0.26336763482337244,0.001078607077420025,3
559,BAR012,2017-11-28,BAR012,Croplands,38.751,-122.975,0.5,1.8000001,0.8650574727999348,9.530694444444444,0.2766666666666667,2.7929166666666667,-0.5380051715382992,0.8429415373547832,0.15446288579752432,0.04521477057261439,0.5892624213062972,0.15446288579752432,2,0.16736907105517834,0.10419828481181131,0.1918213015255833,-0.0390889313076186,3
560,BAR012,2017-12-06,BAR012,Croplands,38.751,-122.975,0.8,2.0,0.937593279551298,8.037916666666666,0.5087500000000001,2.2470833333333333,-0.4171936026123169,0.9088176373395028,-0.18359469938357065,0.06910221865416102,0.5381041690717002,-0.18359469938357065,2,-0.1271167648135746,-0.260647586844661,-0.16301974649247641,-0.0390889313076186,3
561,BAR012,2017-12-14,BAR012,Croplands,38.751,-122.975,0.4,2.3,0.7076087862627247,9.05472222222222,0.43,1.7225,-0.2884824328806098,0.9574851883550388,-0.04992267828477016,0.009860637982471446,0.5408189138657088,-0.04992267828477015,2,-0.04446793715052555,-0.06130548245109149,-0.043994615252693436,-0.0390889313076186,3
562,BAR012,2018-01-31,BAR012,Croplands,38.751,-122.975,1.1,3.2,1.635577001784808,11.091805555555556,0.6654166666666667,3.1,0.5086709438521044,0.8609610158889943,-0.18534777193968036,0.13471856451798353,0.7574422213776297,-0.18534777193968033,2,-0.14604564193133096,-0.07465084670851929,-0.33534682717919084,-0.0390889313076186,3
563,BAR012,2018-02-08,BAR012,Croplands,38.751,-122.975,1.3,2.6000001,2.0642566148162858,13.015,0.815,2.324583333333333,0.6220467484408675,0.7829801036770629,-0.03393464965047204,0.054019747158451335,0.7346206705753691,-0.03393464965047199,2,-0.04638539484851045,0.025223390471289242,-0.08064194457419491,-0.046824531196186535,3
564,BAR012,2018-02-16,BAR012,Croplands,38.751,-122.975,1.3,3.7,1.7799427982732798,9.484444444444444,0.729375,2.4845833333333336,0.7236440382959124,0.6901733882429719,-0.33977018481925936,0.05917797495635634,0.8285234197235234,-0.33977018481925936,2,-0.3887471660074586,-0.2740145861946323,-0.35654880225568714,-0.046824531196186535,3
565,BAR012,2018-03-04,BAR012,Croplands,38.751,-122.975,1.7,2.2,1.8523668027017433,5.970416666666665,0.2727083333333333,1.5970833333333336,0.8840675099433636,0.4673592171580022,-0.6563018547896787,0.010043287648035184,0.562941174839319,-0.6563018547896787,2,-0.6613812167599337,-0.6627908884562901,-0.6447334591528125,-0.2301774670301876,3
566,BAR012,2018-03-28,BAR012,Croplands,38.751,-122.975,2.5,5.5,3.2949196263228338,15.472361111111107,1.1856250000000002,2.994166666666667,0.9973249731081556,0.0730951298980777,-0.16077001899717924,0.046105951751694345,0.747444243675981,-0.16077001899717924,2,-0.18404029904506627,-0.1906032926974096,-0.1076664652490619,-0.06405099088870454,3
567,BAR012,2018-04-13,BAR012,Croplands,38.751,-122.975,3.2,5.2000003,3.2824021412956825,11.22291666666667,0.6739583333333335,3.6766666666666654,0.97961369164549,-0.200890555130635,-0.916104155124794,0.16879268139759918,0.6232911037403804,-0.916104155124794,2,-1.0332355756180962,-0.9924500531381711,-0.7226268366181146,-0.23687746401666215,3
568,BAR012,2018-04-21,BAR012,Croplands,38.751,-122.975,3.7,7.1,3.819032693840823,15.275833333333331,1.2454166666666666,2.5662499999999997,0.9427611433904208,-0.3334687789181868,-0.6409149308479374,0.08822600488410039,0.8469165580470334,-0.6409149308479374,2,-0.5740590271854307,-0.6077730393046452,-0.7409127260537363,-0.2529417683026822,3
569,BAR012,2018-05-07,BAR012,Croplands,38.751,-122.975,3.2,6.9,3.1074909742876016,15.746944444444445,1.5275,3.1466666666666665,0.8165380514459161,-0.5772916165517272,-0.5437615175271427,0.033591295938068394,0.7911881091580094,-0.35874346610234553,2,-0.5655760966578842,-0.5050789103972444,-0.5606295455262995,-0.09668649716603571,3
570,BAR012,2018-05-31,BAR012,Croplands,38.751,-122.975,2.2,5.8,2.5152574084025097,12.687916666666665,0.820625,3.5700000000000007,0.5160623910158528,-0.8565509959010036,-0.11284501253996702,0.06968917542542613,0.8895792969459585,-0.11284501253996704,2,-0.1757144273069302,-0.12490925556474791,-0.037911354748222936,-0.0212031526367829,3
571,BAR012,2018-06-08,BAR012,Croplands,38.751,-122.975,3.9,8.3,4.147562284799665,16.769861111111116,1.561875,3.47625,0.3935902766564667,-0.9192859697186104,-0.6949768856701913,0.2412302018573337,0.8590239359413328,-0.6949768856701913,2,-0.9734784991389593,-0.56015877107487,-0.5512933867967449,-0.34721409452778096,3
572,BAR012,2018-06-16,BAR012,Croplands,38.751,-122.975,3.6,6.4,2.9240395039470912,13.867361111111109,0.5714583333333333,2.1129166666666666,0.263665492728007,-0.9646141756912436,-1.1652616354068115,0.04548364105579737,0.8610482054588593,0.18665935669900624,2,-1.2083895694270073,-1.1177410202299174,-1.16965431656351,-0.30804939702666995,3
573,BAR012,2018-06-24,BAR012,Croplands,38.751,-122.975,4.2,7.8,3.236709062531548,16.471527777777773,0.7908333333333335,2.307916666666667,0.1287481774525813,-0.99167731989929,-0.9358298294019946,0.09501532050669116,0.8693868038932531,0.9358298294019946,2,-0.893276579735554,-0.8695289066667402,-1.0446840018036894,-0.28918921388913577,3
574,BAR012,2018-07-02,BAR012,Croplands,38.751,-122.975,4.2,9.3,3.610083517197436,16.559027777777775,0.7366666666666667,1.7925000000000004,-0.008606996888688,-0.9999629591162656,-0.8480807791995381,0.17707654256545918,1.1979918425844835,0.33175218640559045,2,-0.6992755530052199,-1.043928258058409,-0.801038526534985,-0.3444679574297681,3
575,BAR012,2018-07-10,BAR012,Croplands,38.751,-122.975,4.3,9.6,4.420373217568313,19.959861111111113,2.105208333333333,3.103333333333333,-0.1457991969198744,-0.9893142039703664,-0.28903903860967645,0.4297499340380223,1.1126520480710052,-0.28903903860967645,2,-0.7833526972862644,-0.004126270135813681,-0.07963814840695113,-0.33719932474352765,3
576,BAR012,2018-07-18,BAR012,Croplands,38.751,-122.975,3.9,11.6,3.5293723804923407,18.53736111111111,1.25375,1.7012500000000002,-0.2802306751992161,-0.9599326896597444,-0.3492848249156953,0.18358222071712404,1.7485245588862486,0.3492848249156953,2,-0.35336271152583976,-0.5307941311092956,-0.16369763211195046,2.906972141678369,3
577,BAR012,2018-07-26,BAR012,Croplands,38.751,-122.975,3.2,12.0,2.663372024078689,17.945972222222217,1.371875,1.6395833333333332,-0.4093559588156211,-0.9123747579707274,-0.32837485137529254,0.19649682542932048,1.9802761273348328,0.32837485137529254,2,-0.36105951473443554,-0.506479908440403,-0.11758513095103909,-11.16020643504633,3
578,BAR012,2018-08-03,BAR012,Croplands,38.751,-122.975,4.1,10.0,3.0878564370272525,17.93305555555556,1.973125,2.2041666666666666,-0.5307300481619331,-0.8475409228928312,0.03432462404578932,0.27029561519295364,1.141865760345321,-0.03432462404578929,2,-0.26906168785760837,0.12255693455104005,0.24947862544393629,-0.03463124223952875,3
579,BAR012,2018-08-11,BAR012,Croplands,38.751,-122.975,3.6,9.3,3.699944681105309,20.122916666666665,2.4850000000000003,2.5291666666666672,-0.6420547132365636,-0.7666588193001592,-0.41851349478261796,0.49895929941431333,1.271192565300023,-0.4185134947826179,2,-0.9845134305897043,-0.2287521292484956,-0.04227492450965403,3.3775685454825926,3
580,BAR012,2018-08-27,BAR012,Croplands,38.751,-122.975,3.0,5.1,1.7340659083145455,14.795138888888886,0.4922916666666666,1.600833333333333,-0.8263541987239095,-0.5631507242749187,-0.4908417741070763,0.24437570342415432,0.7276932081899925,0.4908417741070763,2,-0.5684558986430488,-0.2170846742173945,-0.6869847494607856,-0.1309380210132939,3
581,BAR012,2018-09-04,BAR012,Croplands,38.751,-122.975,3.3,6.4,1.7804879826253277,15.308750000000002,0.73,1.51625,-0.8958392907349089,-0.4443781781046134,-0.5443423250590768,0.13862355596424283,0.869787610630327,0.5443423250590768,2,-0.6313117017918826,-0.38448007914311,-0.6172351942422376,-0.05383865891411397,3
582,BAR012,2018-09-12,BAR012,Croplands,38.751,-122.975,2.2,5.4,1.8690471615454411,14.785416666666668,1.0158333333333331,3.2470833333333338,-0.9483615800121716,-0.3171912885891059,-0.5246360544190231,0.1929289682179492,0.6669972632901174,0.137269622490095,2,-0.6587822455877798,-0.6115927816736941,-0.3035331359955951,-0.119234538713176,3
583,BAR012,2018-09-20,BAR012,Croplands,38.751,-122.975,2.8,8.2,2.2820076187419267,16.49263888888889,2.0112499999999995,2.18125,-0.9829265519799822,-0.1839983516576798,-0.4250633602317085,0.5942823818032337,1.2984524839973184,0.4250633602317085,2,-0.959597980590335,-0.5304568932466709,0.21486479314188045,3.3775685454825926,3
584,BAR012,2018-09-28,BAR012,Croplands,38.751,-122.975,2.6,4.9,1.207502081866118,13.847361111111114,0.4741666666666666,1.5599999999999998,-0.9988797155850336,-0.0473213883224323,-0.7702943337345985,0.0766665042699181,0.6925534956181133,0.7702943337345985,2,-0.7258920095915973,-0.7261699495588632,-0.8588210420533353,-0.1957262421499665,3
585,BAR012,2018-10-06,BAR012,Croplands,38.751,-122.975,2.6,5.0,2.8367195744277502,15.442222222222226,0.7297916666666664,3.0375,-0.9959189961471792,0.0902516100310407,-0.7557032707587347,0.13164698249919732,0.7601222067103925,-0.7557032707587347,2,-0.6260047581943325,-0.751889218934785,-0.8892158351470865,-0.1957262421499665,3
586,BAR012,2018-10-14,BAR012,Croplands,38.751,-122.975,2.7,4.2000003,1.7693943909842649,13.578194444444444,1.2445833333333336,1.3566666666666665,-0.9741004551724206,0.226115685508288,-0.7505222340844182,0.052950816931718096,0.5950800998452158,0.7505222340844182,2,-0.7656019104746665,-0.691667275956565,-0.794297515822023,-0.1957262421499665,3
587,BAR012,2018-10-30,BAR012,Croplands,38.751,-122.975,1.4,5.6,0.8572753983766659,12.89555555555556,1.0533333333333337,3.2704166666666663,-0.8758917051442433,0.4825077417612176,-0.7140550741017141,0.2101468174899903,0.9454866119709688,0.37139412914495396,2,-0.868221593764501,-0.7992561267052227,-0.4746875018354184,-0.1956100171206608,3
588,BAR012,2018-11-07,BAR012,Croplands,38.751,-122.975,0.9,5.4,0.703346397314843,12.144166666666663,1.304375,2.1562500000000004,-0.8013610881746769,0.5981809144059159,-0.3142158967565813,0.21359033380958045,0.8736998741942861,0.07909130861373265,2,-0.31341450540758536,-0.5282057986794694,-0.10102738618268917,-0.04042695006696892,3
627,Ellendale,2018-09-19,Ellendale,Croplands,29.633321,-90.827662,3.0,4.5,4.0466768052087065,29.7998925,0.6622369166666667,1.1898928541666671,-0.97961369164549,-0.2008905551306352,-0.1341850050658108,0.0670174096764618,0.8639633176187468,-0.13418500506581088,1,-0.21155994355543256,-0.0944147754420826,-0.09658029619991723,-0.056151963898628095,3
628,Ellendale,2018-10-13,Ellendale,Croplands,29.633321,-90.827662,0.8,4.1,2.129380187623018,24.141555416666662,1.2928547979166665,1.7125467166666668,-0.9778483415056568,0.2093146459630488,-0.036392700531590404,0.15462995100485677,0.6039471119867645,-0.036392700531590494,1,-0.13477473018434852,-0.11624103601672398,0.14183766460630126,-0.0662107062850066,3
629,Ellendale,2018-10-29,Ellendale,Croplands,29.633321,-90.827662,1.1,3.4,2.7238768197055228,25.42515437500001,1.1496543937500003,1.3747872791666664,-0.8840675099433637,0.467359217158002,0.08020919645763797,0.13707376224323684,0.7489001874046932,0.08020919645763791,1,0.23649949524536534,0.023725606890979578,-0.019597512763431024,-0.0390889313076186,3
630,Ellendale,2018-11-06,Ellendale,Croplands,29.633321,-90.827662,1.0,2.3,2.73223019433804,27.948690000000003,0.7445188374999999,1.7154910833333332,-0.8115390590073611,0.5842981736283683,0.2497669164606411,0.1385101320223241,1.0630863115018383,0.2497669164606411,1,0.2972823096935588,0.3582656836835067,0.09375275600485772,0.003758906944303018,3
631,Ellendale,2018-11-30,Ellendale,Croplands,29.633321,-90.827662,1.0,3.5,2.3501537289531105,24.49742687499999,0.7294421041666667,4.069403895833332,-0.5086709438521042,0.8609610158889945,0.49943114641590625,0.0840940954224974,1.134295973466946,0.49943114641590625,1,0.49347054341164615,0.4184759352085919,0.5863469606274807,0.03641010791619383,3
924,SLM001,2016-02-12,SLM001,Croplands,38.289,-121.118,0.8,1.6,0.9365172051003802,11.832638888888884,0.46625,1.1987500000000002,0.6744436188329455,0.7383263540031065,0.0256613343123608,0.02836608064298413,0.29511602862348985,0.025661334312360798,1,-0.006433677847764829,0.047371629181997166,0.03604605160285007,-0.0390889313076186,3
925,SLM001,2016-03-15,SLM001,Croplands,38.289,-121.118,1.9,2.7,2.3167650843079164,10.09659722222222,0.5666666666666668,2.1420833333333333,0.9611297838723007,0.2760969730974688,-0.17021272708627647,0.15657467747858114,0.6930499432938333,-0.17021272708627644,1,0.010415546871018366,-0.2672870129484945,-0.25376671518135324,-0.08849246599920958,3
926,SLM001,2016-03-16,SLM001,Croplands,38.289,-121.118,2.9,2.9,1.7511624125354657,11.03722222222222,0.55125,1.0566666666666666,0.9657399376548548,0.2595117970697999,-0.6214015886995874,0.09196251980523898,0.5080615125848245,0.6214015886995874,1,-0.5481743601724489,-0.7246142630211233,-0.5914161429051901,-0.16537399493616886,3
927,SLM001,2016-03-23,SLM001,Croplands,38.289,-121.118,2.1,3.4,2.1725794853575233,10.40152777777778,0.6383333333333332,1.6033333333333333,0.989932495087353,0.141540295217043,-0.06961804287526756,0.0965698278434502,0.5362171330164628,-0.06961804287526757,1,-0.16953361531838684,-0.06253671216528728,0.023216198857871462,-0.061370691021821556,3
928,SLM001,2016-04-01,SLM001,Croplands,38.289,-121.118,2.7,3.6000001000000004,1.2903833646224248,12.49138888888889,0.6541666666666666,1.1775,0.999916658654738,-0.0129102960750088,-0.18216914421225996,0.08491487846314508,0.4133604246899051,0.18216914421225994,1,-0.2798759530237826,-0.12620439546719675,-0.14042708414580055,-0.061370691021821556,3
929,SLM001,2016-04-08,SLM001,Croplands,38.289,-121.118,2.2,3.5,1.9063565621481855,14.738194444444444,0.5983333333333333,1.7641666666666664,0.9911140639934548,-0.1330147065341959,0.37727454152194073,0.07156398569853892,0.47035170137316706,-0.37727454152194073,1,0.4106601868241501,0.2951183469375405,0.4260450908041315,-0.061370691021821556,3
930,SLM001,2016-04-16,SLM001,Croplands,38.289,-121.118,4.0,5.1,2.3673419267412696,13.071944444444444,1.0166666666666664,1.2854166666666664,0.9634705485641488,-0.2678143051621742,-0.8430470142446378,0.15345037202402217,0.5471242566676193,0.8430470142446378,1,-0.7149256363348363,-0.8011091132741004,-1.0131062931249766,-0.22918277667251435,3
931,SLM001,2016-04-17,SLM001,Croplands,38.289,-121.118,3.9,4.7000003,2.0614825761594298,15.854861111111108,1.2133333333333334,1.2795833333333333,0.9587178169872964,-0.2843591872810034,-0.5778338936460726,0.10019108177214765,0.5786813573178353,0.5778338936460727,1,-0.47712273602738237,-0.6774966718790382,-0.5788822730317973,-0.08943246386890506,3
932,SLM001,2016-04-24,SLM001,Croplands,38.289,-121.118,3.6,4.3,3.45931469743223,12.994861111111112,0.6383333333333333,1.997083333333333,0.9175836260593936,-0.3975428142825559,-0.989284688100741,0.13063127896136853,0.5251477811096181,-0.7079140829652012,1,-1.094469781994845,-1.0303222808521286,-0.8430620014552497,-0.2034209294941143,3
933,SLM001,2016-04-25,SLM001,Croplands,38.289,-121.118,3.8,5.0,3.068230156002723,10.457916666666666,0.83875,2.2645833333333334,0.9106046300942164,-0.4132786077829042,-1.4112137155858149,0.1354601071427919,0.476946943356089,0.05232597240873882,1,-1.5674756288414005,-1.3270743085409384,-1.3390912093751057,-0.2426938864548676,3
934,SLM001,2016-05-02,SLM001,Croplands,38.289,-121.118,4.0,5.1,3.69929419691325,15.412638888888884,1.1983333333333333,1.3241666666666667,0.854322169749827,-0.5197438121555155,-0.6711252046293129,0.09360152908699944,0.5196332425200197,-0.06971359845581249,1,-0.5675276506288411,-0.6962424083763856,-0.7496055548827119,-0.2024833986417857,3
935,SLM001,2016-05-11,SLM001,Croplands,38.289,-121.118,4.9,5.7000003,3.779702396551391,16.45875,1.2358333333333331,1.0229166666666667,0.7638886127905428,-0.6453481132295501,-0.7912674596312851,0.06412474726417704,0.5743343534218484,0.7912674596312851,1,-0.7588533496553885,-0.749820570109361,-0.8651284591291057,-0.2418043231502472,3
936,SLM001,2016-05-18,SLM001,Croplands,38.289,-121.118,4.9,7.8,3.8847291002100586,18.601666666666674,1.915,1.3579166666666669,0.6807734094770161,-0.7324940716135789,-1.6583425591994025,0.4950499875345589,0.7864278533774176,0.372199240380481,1,-2.212987629336385,-1.5008162043184423,-1.2612238439433803,3.06056659298494,3
937,SLM001,2016-05-19,SLM001,Croplands,38.289,-121.118,5.0,6.1,3.971675345540697,15.202083333333334,1.1829166666666668,2.2616666666666663,0.6680638642135335,-0.7441039398713607,-1.4554329052898947,0.20516154895626573,0.5320447531632332,0.6012164036287118,1,-1.6735439927212061,-1.2663028567379158,-1.4264518664105625,-0.3043125691846641,3
938,SLM001,2016-05-26,SLM001,Croplands,38.289,-121.118,4.3,6.1,3.785263229550428,15.380277777777776,1.0133333333333334,1.4545833333333336,0.5737722679043246,-0.8190148866680801,-1.039305128555618,0.1534635289118818,0.5492481123607967,-0.009831587656474516,1,-0.8964793956865109,-1.0198793345592192,-1.2015566554211237,-0.28295554501694287,3
939,SLM001,2016-05-27,SLM001,Croplands,38.289,-121.118,4.9,6.2000003,4.178048896592238,16.384583333333335,1.4183333333333332,1.44375,0.5595892624101765,-0.8287700871745037,-1.0744578668894915,0.03370681842180026,0.5578535207171035,0.36944433992603276,1,-1.0652232722881556,-1.1118194966010049,-1.0463308317793139,-0.29792207398135423,3
940,SLM001,2016-06-11,SLM001,Croplands,38.289,-121.118,5.3,6.4,5.061308834539209,16.12875,1.5966666666666671,1.6425000000000003,0.3294084822245304,-0.9441875088341992,-1.4208635180631566,0.11427321126813177,0.5632141099567667,-0.9434811871415745,1,-1.4824376137945792,-1.491144961156172,-1.2890079792387181,-0.3346251483175846,3
941,SLM001,2016-06-19,SLM001,Croplands,38.289,-121.118,4.7,6.4,5.5793458769012485,17.545694444444443,1.7720833333333337,1.5095833333333333,0.1966728897935764,-0.980469160361632,-1.4384014390913313,0.2075826640427579,0.6372102047286048,-1.4384014390913311,1,-1.4285902316608212,-1.6507157397497358,-1.2358983458634374,-0.40038139780016546,3
942,SLM001,2016-06-20,SLM001,Croplands,38.289,-121.118,4.9,7.5,5.974858236933264,17.736250000000005,2.0975,1.5225,0.1797665857255624,-0.9837092937736096,-2.19524626471631,0.3286142335338344,0.7818346615200971,-2.19524626471631,1,-2.5336274504786966,-2.174753164492391,-1.8773581791778418,0.15788991229464253,3
943,SLM001,2016-06-27,SLM001,Croplands,38.289,-121.118,5.5,7.8,6.816620439813738,21.10388888888889,2.4325,1.559583333333333,0.060213277365793,-0.9981855344718586,-2.2424244117034453,0.33742438070152847,1.1222985955466356,-2.2424244117034453,1,-2.5428443896689954,-2.3070773797914357,-1.8773514656499042,-2.9617772637301485,3
944,SLM001,2016-06-28,SLM001,Croplands,38.289,-121.118,5.7,8.5,6.20454398680126,20.99694444444445,2.289166666666667,1.2666666666666666,0.0430222330045305,-0.99907411510223,-2.2862466723449892,0.4332212965142264,1.1961695079093613,-2.2862466723449892,1,-2.752358479946548,-2.2104660967564653,-1.8959154403319538,-2.9465433712068467,3
945,SLM001,2016-07-05,SLM001,Croplands,38.289,-121.118,5.1,6.6,5.230821243033192,16.408055555555556,1.0658333333333332,1.5095833333333335,-0.0773864792334632,-0.9970011699250152,-0.929316983272701,0.13995863441576142,0.5580187045271736,-0.9293169832727011,1,-1.08603412793501,-0.8167791515260117,-0.8851376703570812,-0.31729929199041673,3
946,SLM001,2016-07-06,SLM001,Croplands,38.289,-121.118,4.9,6.6,5.337619355622664,16.425,1.1525,1.5741666666666665,-0.0945367498171993,-0.9955213724144752,-0.9374109858167418,0.08547876120108336,0.4758700255904696,-0.9374109858167419,1,-1.0310822359031198,-0.8636329908534204,-0.917517730693685,-0.3132681241498634,3
947,SLM001,2016-07-13,SLM001,Croplands,38.289,-121.118,5.0,7.6,6.355588872783346,19.306666666666672,2.056666666666667,1.3629166666666668,-0.2135209154397959,-0.9769384927771816,-1.9437384541388456,0.2815550865474386,0.6006732457298408,-1.9437384541388454,1,-2.211524755214202,-1.969504752046976,-1.6501858551553596,-2.0429783616489394,3
948,SLM001,2016-07-14,SLM001,Croplands,38.289,-121.118,5.4,7.9,6.263783100185707,20.307777777777773,2.4241666666666664,1.2070833333333335,-0.2303056702306119,-0.973118337233262,-2.4043663185131883,0.3479217851266136,1.0375953836644176,-2.4043663185131883,1,-2.6916983733673376,-2.503866461133796,-2.0175341210384308,-2.9714453800637983,3
949,SLM001,2016-07-21,SLM001,Croplands,38.289,-121.118,5.1,6.8,5.534956060703981,16.664722222222224,1.6375,1.5066666666666666,-0.3456123126707333,-0.9383773917408642,-1.395417644152931,0.23928981079667908,0.6767770437474513,-1.395417644152931,1,-1.463696815379483,-1.5931467274744033,-1.1294093896049069,-0.3824654650071335,3
950,SLM001,2016-07-22,SLM001,Croplands,38.289,-121.118,4.8,7.5,5.498965396858346,17.705694444444443,1.75375,1.3570833333333334,-0.3617137307297674,-0.9322892131745134,-1.6786811290992454,0.28027554111803576,0.5772912085006524,-1.6786811290992452,1,-1.9804924427181714,-1.6289526790990316,-1.4265982654805336,-1.0192625965035957,3
951,SLM001,2016-08-06,SLM001,Croplands,38.289,-121.118,4.9,6.2000003,4.177755718134904,16.498611111111117,1.175,1.29625,-0.5877852522924734,-0.8090169943749472,-0.6888220102381896,0.18469503685728714,0.7452177292655489,0.6888220102381896,1,-0.718818579880103,-0.49096473330308216,-0.8566827175313836,-0.28704329651817595,3
952,SLM001,2016-08-07,SLM001,Croplands,38.289,-121.118,4.2,6.2000003,4.213717515566197,16.64819444444445,1.2924999999999998,1.3816666666666668,-0.6016240632249227,-0.7987793728863648,-0.8625686529798672,0.19887839836524118,0.6722317694917535,-0.8625686529798672,1,-0.9433027943455456,-0.6360185644092959,-1.00838460018476,-0.3313786085039021,3
953,SLM001,2016-08-14,SLM001,Croplands,38.289,-121.118,4.8,7.2000003,5.006198239909005,19.690694444444443,2.3475000000000006,1.3295833333333331,-0.6932812268869771,-0.7206671495538615,-2.147298864080474,0.1669964188139558,0.7574542487399242,-2.147298864080474,1,-2.2601334208144133,-2.226303430338652,-1.9554597410883563,-2.1371594242352385,3
954,SLM001,2016-08-15,SLM001,Croplands,38.289,-121.118,5.3,6.6,3.7352424244325513,18.11986111111111,1.6641666666666668,1.2875,-0.7055836101071774,-0.7086266782644601,-1.2864432950093503,0.11881874887334568,0.5376760759213199,1.2864432950093503,1,-1.3295379424444782,-1.3777012619729359,-1.1520906806106364,-0.3346251483175846,3
955,SLM001,2016-09-07,SLM001,Croplands,38.289,-121.118,3.9,5.9,3.2662002185688186,17.867916666666673,1.877916666666667,1.15,-0.9242907221930934,-0.3816892202666586,-1.563573760809274,0.20658597802665105,0.6278882465443414,-0.29597419794691127,1,-1.6940097121988813,-1.3253886979098695,-1.6713228723190707,-0.3366122841446972,3
956,SLM001,2016-09-08,SLM001,Croplands,38.289,-121.118,3.5,5.9,3.1789372769641133,17.437361111111112,1.3304166666666668,1.4320833333333332,-0.9307239310379792,-0.3657225234972692,-1.1637005689242084,0.3387149584445966,0.5608991263759492,-0.521575122852435,1,-1.3201109239538449,-0.7750446325059013,-1.3959461503128787,-0.2973393271839439,3
957,SLM001,2016-09-15,SLM001,Croplands,38.289,-121.118,3.1,4.8,2.447906109380578,15.551666666666666,1.2412499999999995,0.9870833333333334,-0.9679377830240642,-0.2511900638848195,-1.0961737861683416,0.30887223683499876,0.6073290641480182,0.20801399507050244,1,-1.1911115863429511,-0.7509765379833792,-1.3464332341786944,-0.25126124618366313,3
958,SLM001,2016-09-23,SLM001,Croplands,38.289,-121.118,2.9,5.1,2.1683774321930143,13.575833333333335,1.2687500000000005,1.71125,-0.9932568492674144,-0.1159345995955006,-1.4054798825956976,0.29206745952398805,0.5492672691399464,0.05776525301827373,1,-1.6866604222880808,-1.1036242135266054,-1.426155011972407,-0.2905342031444164,3
959,SLM001,2016-09-24,SLM001,Croplands,38.289,-121.118,2.9,5.5,1.517424781276744,15.771388888888884,1.455,1.0145833333333336,-0.9951053111006974,-0.0988201387328721,-1.4580366643780263,0.3838230085418535,0.7303576371139657,1.3071137730684854,1,-1.6623549974654506,-1.015274186107311,-1.6964808095613169,-0.18473677168787941,3
960,SLM001,2016-10-02,SLM001,Croplands,38.289,-121.118,2.6,3.5,1.231510812489752,12.482083333333335,0.6829166666666665,1.9841666666666669,-0.9992500112396836,0.0387222808921739,-0.9568115336648786,0.143102171860315,0.5122603127429444,0.9568115336648786,1,-1.1021123317658559,-0.9523079624536475,-0.8160143067751324,-0.22536803012769968,3
961,SLM001,2017-03-02,SLM001,Croplands,38.289,-121.118,1.4,2.1000001,1.0965808058917983,9.065555555555555,0.5350000000000001,1.2054166666666666,0.8674563547295968,0.4975132889071806,-0.0393472971135528,0.05070861831340006,0.48373587253684214,0.03934729711355278,1,-0.07743947205843385,-0.05881229411338498,0.018209874831160433,-0.046824531196186535,3
962,SLM001,2017-03-03,SLM001,Croplands,38.289,-121.118,2.0,2.3,0.953837904964118,9.431805555555558,0.4908333333333332,0.9466666666666668,0.8758917051442429,0.4825077417612184,-0.2723443149764151,0.0708032064634558,0.5686468835041196,0.2723443149764151,1,-0.35100325943704824,-0.21371013120303162,-0.25231955428916547,-0.061370691021821556,3
963,SLM001,2017-04-03,SLM001,Croplands,38.289,-121.118,2.7,4.8,1.9528814898248088,11.997500000000002,1.0454166666666669,2.4883333333333333,0.9995462806873572,-0.0301203048469081,-0.5120496295687159,0.06629743808968909,0.4434788766557404,0.5120496295687159,1,-0.5332271903165029,-0.5651710013515745,-0.43775069703807035,-0.08943246386890506,3
964,SLM001,2017-04-04,SLM001,Croplands,38.289,-121.118,2.7,3.4,1.9508874725583067,13.295694444444443,0.9404166666666668,1.0566666666666669,0.9988797155850336,-0.0473213883224318,-0.17810624701849057,0.07021600125742948,0.5250674622946708,0.17810624701849054,1,-0.17125163120922815,-0.25149817108131917,-0.11156893876492438,-0.061370691021821556,3
965,SLM001,2017-04-27,SLM001,Croplands,38.289,-121.118,4.0,4.3,2.9878912360284526,13.583055555555555,0.7791666666666667,2.1066666666666665,0.9033558023246844,-0.4288919379124835,-1.322997424218442,0.1104399042663196,0.5296500441841181,0.7012201037246528,1,-1.4146513089878938,-1.3539601068448777,-1.200380856822554,-0.2426938864548676,3
966,SLM001,2017-04-28,SLM001,Croplands,38.289,-121.118,4.2,5.9,3.4051082018025807,12.010277777777777,1.1083333333333334,3.9045833333333335,0.895839290734909,-0.4443781781046132,-1.6694692173304448,0.04805167846664439,0.7486784399832765,-0.07968562093560583,1,-1.7174846575435514,-1.6695416120350375,-1.6213813824127457,-0.47746692617681713,3
967,SLM001,2017-05-05,SLM001,Croplands,38.289,-121.118,4.0,4.9,3.070835573363808,14.521388888888886,0.8566666666666666,1.9175,0.835925479418637,-0.548842958284719,-0.9813800477994471,0.08952776625123358,0.4170895711152676,0.8769488054729365,1,-1.0677383919113344,-0.9874136609890589,-0.8889880904979479,-0.2034209294941143,3
968,SLM001,2017-05-13,SLM001,Croplands,38.289,-121.118,4.1,5.1,2.720762658463828,10.633055555555558,0.8554166666666666,1.8858333333333333,0.7526668275320084,-0.6584015846980488,-1.502048038809292,0.08883722118794624,0.5779192554970998,1.2564266442630512,1,-1.5363327568448146,-1.4011771276106015,-1.5686342319724604,-0.2426938864548676,3
969,SLM001,2017-05-14,SLM001,Croplands,38.289,-121.118,3.8,5.1,2.598066669350225,11.402499999999998,0.8633333333333334,1.4025000000000003,0.741222010848596,-0.6712599575675313,-1.1342745303831059,0.17702805044293535,0.5911908445139649,1.1342745303831059,1,-1.12088007169611,-0.9643241670427853,-1.3176193524104223,-0.23687746401666215,3
970,SLM001,2017-05-22,SLM001,Croplands,38.289,-121.118,4.8,6.8,4.9471792425134185,19.730277777777776,1.9975,1.0191666666666666,0.6420547132365637,-0.766658819300159,-1.3453154852691858,0.23337492128422818,0.7912920738532683,-1.3453154852691858,1,-1.5933620694399162,-1.3124981301909266,-1.1300862561767142,-0.40038139780016546,3
971,SLM001,2017-05-29,SLM001,Croplands,38.289,-121.118,5.1,5.9,3.836934413251965,15.935416666666669,0.8908333333333333,1.3433333333333335,0.545240438540651,-0.8382797052177743,-1.214773180854423,0.020252200051482833,0.5723979598765203,1.214773180854423,1,-1.2192987457662734,-1.1926410487967432,-1.2323797480002527,-0.23158307770136288,3
972,SLM001,2017-05-30,SLM001,Croplands,38.289,-121.118,4.8,5.5,3.639892097863967,14.840694444444445,0.8975,1.8770833333333328,0.5307300481619334,-0.8475409228928311,-1.3957608719074412,0.07522225149687639,0.49988017619843567,0.9244549323646247,1,-1.4507310562746687,-1.3100340743638872,-1.4265174850837674,-0.28877196745514827,3
973,SLM001,2017-06-06,SLM001,Croplands,38.289,-121.118,6.0,6.7000003,5.131293928760631,16.89375,1.5866666666666671,1.4016666666666673,0.4250003399695541,-0.9051931898913974,-1.3791711567045553,0.17828573808950982,0.7216287770351205,0.35824098577418195,1,-1.5845513543199485,-1.2887299446510831,-1.2642321711426343,-0.6930080913227633,3
974,SLM001,2017-06-14,SLM001,Croplands,38.289,-121.118,5.3,6.9,5.4361534900534805,17.184722222222227,1.5566666666666664,1.5645833333333332,0.2967128192734907,-0.9549667548552552,-1.298210621093669,0.09784580731015145,0.5163873242682031,-1.298210621093669,1,-1.385391757473927,-1.3168566105104682,-1.1923834952966124,-0.3346251483175846,3
975,SLM001,2017-06-15,SLM001,Croplands,38.289,-121.118,5.8,7.2000003,5.7188079847201205,17.9375,1.7054166666666666,1.7458333333333336,0.2802306751992158,-0.9599326896597448,-1.4838550265466022,0.20257522517017942,0.6757288166387456,-1.3214709959868436,1,-1.7149362707532956,-1.399743941262365,-1.3368848676241458,-0.6930080913227633,3
976,SLM001,2017-06-22,SLM001,Croplands,38.289,-121.118,5.9,8.7,6.647973082154,24.45583333333333,2.57875,1.2587499999999998,0.1628070129385171,-0.986657932891657,-2.3571121767001144,0.32665632805256567,1.4688175370170498,-2.3571121767001144,1,-2.7251777845560086,-2.244494622488449,-2.101664123055886,-1.195271602474822,3
977,SLM001,2017-06-23,SLM001,Croplands,38.289,-121.118,6.5,7.9,6.139755571097868,21.502916666666664,1.87875,1.3783333333333332,0.1457991969198751,-0.9893142039703664,-1.6448580116887384,0.16584343961253972,1.1400064809527763,-0.9243691538844738,1,-1.8174246360257746,-1.6304747453213757,-1.4866746537190647,-1.2623998071602316,3
978,SLM001,2017-06-30,SLM001,Croplands,38.289,-121.118,5.6,7.1,5.521213649567434,18.02208333333333,1.4279166666666665,1.44125,0.025818440227133,-0.9996666485105112,-1.100869786301139,0.19613480029889954,0.5465559752960912,-0.9432970854360077,1,-1.2914356683508232,-1.1115695954635727,-0.8996040950890207,-0.65373513436201,3
979,SLM001,2017-07-01,SLM001,Croplands,38.289,-121.118,5.2,6.6,4.481694053720007,17.2475,1.25875,1.2049999999999998,0.0086069968886886,-0.9999629591162656,-0.9141521385048623,0.0886167010966569,0.5467003032468873,0.5224597540551237,1,-0.9652820790623375,-0.9653479433472505,-0.8118263931049992,-0.29535219135683133,3
980,SLM001,2017-07-08,SLM001,Croplands,38.289,-121.118,5.9,9.400001,6.511845794815336,20.817222222222217,2.6404166666666664,1.342083333333333,-0.1116590071216944,-0.993746580436178,-3.0891604734963116,0.5165871261807761,1.5359136108705786,-3.0891604734963116,1,-3.6699024652364964,-2.916756901976948,-2.6808220532754894,-17.549416564616774,3
981,SLM001,2017-07-09,SLM001,Croplands,38.289,-121.118,5.7,7.9,5.860522465968236,20.20625,2.563333333333333,1.367916666666667,-0.1287481774525806,-0.99167731989929,-2.560260207196133,0.39757522467784084,1.255865697082362,-2.560260207196133,1,-2.8654396830606954,-2.70468086455484,-2.110660073972864,-20.634159446320435,3
982,SLM001,2017-07-16,SLM001,Croplands,38.289,-121.118,5.5,9.2,6.538699985182957,21.81875,2.581681177352084,1.61,-0.2470221804809352,-0.9690098257244064,-2.800471964354896,0.28944769786167684,1.311901515032806,-2.800471964354896,1,-3.1267731761664157,-2.5746666764598802,-2.6999760404383912,-20.69999616337537,3
983,SLM001,2017-07-25,SLM001,Croplands,38.289,-121.118,5.0,6.9,5.359242921529597,18.304166666666667,1.4750000000000003,1.3091666666666666,-0.3935902766564664,-0.9192859697186104,-0.914053374283156,0.0662614196666358,0.588865883403858,-0.914053374283156,1,-0.9234996935340556,-0.9750846899859726,-0.8435757393294399,-0.29535219135683133,3
984,SLM001,2017-08-01,SLM001,Croplands,38.289,-121.118,5.3,7.8,4.8501746224083355,21.384305555555557,2.308333333333333,1.0595833333333335,-0.5012418134457756,-0.8653072543632061,-2.057563433429691,0.21888597145030275,0.9203158611728588,-1.1579126782463622,1,-2.251216816985105,-2.101395348839377,-1.82007813446459,-2.1031122490196115,3
985,SLM001,2017-08-09,SLM001,Croplands,38.289,-121.118,5.0,6.3,4.210316224175246,18.33555555555555,1.0954166666666667,1.4633333333333332,-0.6152845999633277,-0.7883050558305253,-0.5549616182601415,0.17888170904948192,0.7047224380439202,0.5549616182601415,1,-0.4941105551753959,-0.4144440981053022,-0.7563302014997264,-0.11222709889555156,3
986,SLM001,2017-08-10,SLM001,Croplands,38.289,-121.118,5.1,6.5,4.128116269982391,18.952083333333327,1.16125,1.4058333333333335,-0.6287628145958345,-0.7775971469736268,-0.5987519534586795,0.14599663815800207,0.6724470476909803,0.5987519534586795,1,-0.5346263557171834,-0.4957927202785045,-0.7658367843803504,-0.10071766500658902,3
987,SLM001,2017-08-17,SLM001,Croplands,38.289,-121.118,5.0,6.1,4.241279054510272,19.12444444444445,1.2625,1.2912499999999998,-0.7176769136759615,-0.6963762255968726,-0.6451590402810292,0.12255722487526287,0.5864035493150375,0.6451590402810292,1,-0.5926185197607075,-0.5576317010642415,-0.7852269000181386,-0.18724776571563664,3
988,SLM001,2017-08-18,SLM001,Croplands,38.289,-121.118,5.1,6.6,3.8359523210242714,19.441527777777775,1.4195833333333336,1.2,-0.7295575540864876,-0.6839194216246105,-0.8408676234557785,0.08619862382704219,0.5330935443746991,0.8408676234557785,1,-0.7558304179736703,-0.8385899315674641,-0.9281825208262013,-0.28765750401268364,3
989,SLM001,2017-08-26,SLM001,Croplands,38.289,-121.118,4.6,7.1,4.578423336489616,21.166527777777773,2.5075000000000003,1.46875,-0.8165380514459157,-0.5772916165517278,-2.2903828925352485,0.06534631010630917,0.7984307330867753,-2.2472295655144805,1,-2.341661250498254,-2.3126815665300042,-2.216805860577488,-2.9626165460206186,3
990,SLM001,2017-09-02,SLM001,Croplands,38.289,-121.118,3.3,6.3,2.2709368608247953,23.152638888888887,3.068333333333334,1.10375,-0.8800122039735356,-0.4749510720670502,-2.2395041131055495,0.15395516941987364,1.0751184460635606,-0.18137783475514047,1,-2.193901242244118,-2.4111090357870637,-2.1135020612854656,0.3201835249616196,3
991,SLM001,2017-09-10,SLM001,Croplands,38.289,-121.118,3.0,5.6,3.2880524792396297,20.652916666666663,1.9975000000000005,1.4887500000000002,-0.9368813462954316,-0.3496474552512282,-1.0774464926753318,0.13961003474767897,0.49507860525082137,-1.0774464926753318,1,-1.168298819456646,-0.9166931735880908,-1.1473474849812586,-0.2714461111279804,3
992,SLM001,2017-09-18,SLM001,Croplands,38.289,-121.118,2.8,5.0,1.4137217856387618,15.925694444444444,0.9245833333333334,2.036249999999999,-0.9760105506323682,-0.2177232303965322,-0.8729659504049376,0.1849160835177974,0.5544822989532212,0.8729659504049376,1,-1.084042542728479,-0.7395177622087616,-0.7953375462775722,-0.23687746401666215,3
993,SLM001,2017-09-19,SLM001,Croplands,38.289,-121.118,3.5,4.0,1.690586601235012,14.409305555555555,1.0924999999999998,2.0154166666666664,-0.97961369164549,-0.2008905551306352,-1.3900492009587087,0.15226199975527513,0.6312109534930062,1.3900492009587087,1,-1.4533096322539687,-1.5004834247170353,-1.2163545459051224,-0.2761504209774155,3
994,SLM001,2017-09-26,SLM001,Croplands,38.289,-121.118,2.4,6.4,1.3587118585838165,15.904583333333331,1.9475,1.37,-0.99665890175417,-0.0816763953304228,-1.6849946427278388,0.15563985104756445,0.8848395803336022,0.397581640104528,1,-1.8504329972965197,-1.5414776335552343,-1.6630732973317628,-0.7945026450377133,3
995,SLM001,2017-09-27,SLM001,Croplands,38.289,-121.118,2.6,4.7000003,1.0270226426405835,16.339166666666664,1.9820833333333332,1.143333333333333,-0.9979171608653922,-0.0645084494493162,-1.5539613612561949,0.17269782959297128,0.8437274534671401,1.5539613612561949,1,-1.7532919768923987,-1.4492940939528582,-1.4592980129233277,-0.27093169385422206,3
996,SLM001,2017-10-04,SLM001,Croplands,38.289,-121.118,2.5,4.5,0.848002535444695,11.83375,1.2500000000000002,1.3245833333333332,-0.9984354211555644,0.055916990100603,-1.2631538119237884,0.4637930268149041,0.5835231953723448,1.2631538119237884,1,-1.7359438759934782,-0.8089144818000005,-1.2446030779778858,-0.5712371717331354,3
997,SLM001,2017-10-12,SLM001,Croplands,38.289,-121.118,2.2,4.8,0.826652192937756,8.906805555555557,1.0495833333333338,1.5175,-0.9813064702716092,0.1924515819708299,-1.1454047581961173,0.5585967155810649,0.7864433048588589,1.1454047581961173,1,-1.7212498337975524,-0.6058234686359263,-1.1091409721548728,3.290754999298893,3
998,SLM001,2017-10-13,SLM001,Croplands,38.289,-121.118,1.9,4.8,0.9222447653268032,9.741111111111111,1.10875,1.308333333333333,-0.9778483415056568,0.2093146459630488,-1.0202123995370318,0.4854992910290957,0.8000767757768024,0.9352980698093616,1,-1.5083762416790027,-0.5374222695400729,-1.0148386873920199,3.290754999298893,3
999,SLM001,2017-10-28,SLM001,Croplands,38.289,-121.118,1.2,2.6000001,0.6508366530402263,14.33513888888889,1.1975000000000002,0.9333333333333332,-0.8919813464595487,0.4520722039323037,-0.4966006292812238,0.0418276734706873,0.6456508116516048,0.4966006292812238,1,-0.4622269251352522,-0.48440397211119457,-0.5431709905972246,-0.10258037243167199,3
1000,SLM001,2017-10-29,SLM001,Croplands,38.289,-121.118,1.4,2.6000001,0.4418150610491184,13.387638888888883,0.8054166666666666,0.9854166666666666,-0.8840675099433637,0.467359217158002,-0.17567003042611795,0.08815457338712572,0.5930140801256003,0.17567003042611795,1,-0.14145737539243625,-0.10975016035613772,-0.2758025555297799,-0.046824531196186535,3
1001,SLM001,2017-11-05,SLM001,Croplands,38.289,-121.118,0.7,1.5,0.52622032007273,8.295555555555557,0.5545833333333333,1.2145833333333338,-0.8214765533024145,0.5702422926917867,-0.07919646481080928,0.2211779857770772,0.48720367453450397,0.07919646481080928,1,-0.07163765533238908,-0.30405696257214254,0.1381052234721038,-0.08059448845200758,3
1230,US-ADR,2016-02-23,US-ADR,Shrublands,36.765277778,-116.69333333,1.7,2.6000001,0.4597588534762487,9.119596152229164,0.88226657439375,1.952546210875,0.8013610881746766,0.5981809144059164,-0.40537985596478704,0.11217836737013627,0.6986941573879742,0.405379855964787,1,-0.4735725954691163,-0.46665800490079345,-0.2759089675244515,-0.061370691021821556,3
1231,US-ADR,2016-02-24,US-ADR,Shrublands,36.765277778,-116.69333333,0.2,2.1000001,0.4531860798937883,8.503421721708332,0.8916699921354164,1.3668358556666664,0.8115390590073611,0.5842981736283683,0.2857216137783113,0.1844400907803736,0.7809950078206804,0.22065054600926526,1,0.49044184261078444,0.2342080136689309,0.13251498505521853,-0.0662107062850066,3
1232,US-ADR,2016-03-02,US-ADR,Shrublands,36.765277778,-116.69333333,0.3,3.3,0.4336903012174213,14.978314400374998,1.33054318555,1.6548974604791666,0.8758917051442429,0.4825077417612184,0.4468419995967241,0.08219473969926498,0.754196775959449,-0.17946139716188148,1,0.4378185239226224,0.3695313205830177,0.5331761542845324,-0.0390889313076186,3
1233,US-ADR,2016-03-10,US-ADR,Shrublands,36.765277778,-116.69333333,1.1,4.3,0.5194953510264141,14.78474470960417,1.2520948622854164,2.289121842375,0.9338372288229252,0.3576982388331254,0.19640664646531933,0.09074958027654452,0.5836164365389939,-0.19640664646531936,1,0.12895882238507406,0.16067856364208893,0.29958255336879497,-0.0390889313076186,3
1234,US-ADR,2016-03-18,US-ADR,Shrublands,36.765277778,-116.69333333,0.3,3.8,0.4932373586663361,17.891904945208335,1.7002749267708337,2.0537757815625,0.9741004551724204,0.2261156855082882,0.369639436566322,0.17157481889718731,0.8060552053656951,0.01683528076635027,1,0.46242000769894603,0.17165184662149963,0.47484645537852016,-0.0662107062850066,3
1235,US-ADR,2016-03-19,US-ADR,Shrublands,36.765277778,-116.69333333,1.1,4.4,0.4409993333108481,16.439043371354167,1.5196350102875,1.7200755711041669,0.9778483415056568,0.2093146459630484,0.21202726135213182,0.16917849732958112,0.7116663871484498,-0.2120272613521318,1,0.024126187090830253,0.35225148082255014,0.2597041161430151,-0.0662107062850066,3
1236,US-ADR,2016-03-26,US-ADR,Shrublands,36.765277778,-116.69333333,0.2,4.9,0.2591735984526466,14.314559980145836,1.4411875721624998,2.7117815187499987,0.995918996147179,0.0902516100310411,0.28114675641160153,0.07951098616925668,0.6396302894491603,-0.16279955950630837,1,0.36978141765557254,0.21609492456020113,0.257563927019031,-0.0390889313076186,3
1237,US-ADR,2016-04-03,US-ADR,Shrublands,36.765277778,-116.69333333,0.2,5.0,0.2555205906178372,17.532473940604163,1.671480717075,1.7965521806875009,0.9988797155850336,-0.0473213883224318,0.5044976678505906,0.027386987708870342,0.7068348045238004,-0.39345648661491617,1,0.5358753154102711,0.4853986357221049,0.49221905241939573,-0.0390889313076186,3
1238,US-ADR,2016-04-04,US-ADR,Shrublands,36.765277778,-116.69333333,0.8,4.1,0.2397454702691329,18.222400476458336,1.7196300898374997,1.744452242624999,0.9979171608653922,-0.0645084494493162,0.33191387710815623,0.09708610132137259,0.911813909111418,-0.33191387710815623,1,0.31435409907872774,0.24480606244585185,0.43658146979988904,0.003758906944303018,3
1239,US-ADR,2016-04-12,US-ADR,Shrublands,36.765277778,-116.69333333,0.4,4.5,0.9532466907285072,16.88911298002083,0.9848306949291668,1.7457388965208331,0.97961369164549,-0.200890555130635,0.6574633194779916,0.16074200657305582,0.8203840749237955,0.44903006197902273,1,0.744915344310068,0.7555191824611374,0.4719554316627694,-0.07254546583016652,3
1240,US-ADR,2016-04-20,US-ADR,Shrublands,36.765277778,-116.69333333,0.3,7.2000003,0.3495731579735444,20.669681647291668,2.281190832758333,2.1581172013125003,0.9427611433904208,-0.3334687789181868,0.24405152973056543,0.08642481448077977,0.6473115556132537,-0.14490521378347665,1,0.33829670849117816,0.22534782963753258,0.1685100510629855,-0.04634296460474924,3
1241,US-ADR,2016-05-13,US-ADR,Shrublands,36.765277778,-116.69333333,0.2,8.1,0.2445310507298219,24.68884497145833,2.884266602645834,2.328026915666668,0.741222010848596,-0.6712599575675313,0.2868304801084743,0.11671352429428686,0.5818949435531388,-0.1977683786488305,1,0.41306068083799835,0.26459935057619305,0.1828314089112315,-0.04634296460474924,3
1242,US-ADR,2016-05-14,US-ADR,Shrublands,36.765277778,-116.69333333,0.0,8.8,0.2417768606647032,25.728875169375005,2.911328021354166,3.8188698992708336,0.7295575540864875,-0.6839194216246106,0.24801912028595194,0.1438265371105772,0.7871112952229914,0.23553460104345444,1,0.38120143335887074,0.09550400672567688,0.2673519207733081,-0.061955305693174756,3
1243,US-ADR,2016-05-21,US-ADR,Shrublands,36.765277778,-116.69333333,0.2,6.5,0.1508213484232793,15.713835712291669,1.2738040916104167,2.7912828275624992,0.6420547132365637,-0.766658819300159,0.6171506556566312,0.08879572967437618,0.7453322819016699,-0.6171506556566312,1,0.6074381855073643,0.7104033417409323,0.5336104397215968,-0.04634296460474924,3
1244,US-ADR,2016-05-22,US-ADR,Shrublands,36.765277778,-116.69333333,0.1,5.9,0.1900635946740512,16.916373469979167,1.3921258745479166,3.4461962686458314,0.6287628145958344,-0.777597146973627,0.6739285464972005,0.027296213354826526,0.726711935243686,-0.493801357149098,1,0.6967233543913647,0.6813826892588986,0.6436795958413382,-0.041769231174501605,3
1245,US-ADR,2016-05-29,US-ADR,Shrublands,36.765277778,-116.69333333,0.2,6.7000003,0.1628179112274497,23.82438624708334,2.4423237517729164,1.445777686291667,0.5307300481619334,-0.8475409228928311,0.38034306843074694,0.12540435219622667,0.8053980657076559,-0.38034306843074694,1,0.4851775413222246,0.4144333548944625,0.24141830907555367,-0.04634296460474924,3
1246,US-ADR,2016-05-30,US-ADR,Shrublands,36.765277778,-116.69333333,0.1,7.0,0.1425743066702605,26.705073220833324,3.064756843708333,2.4091134548541664,0.5160623910158528,-0.8565509959010036,0.592289993557378,0.053611982527203755,0.6849612145986388,-0.507141380216857,1,0.6522193324155279,0.5757640900134573,0.5488865582431488,-0.04634296460474924,3
1247,US-ADR,2016-06-06,US-ADR,Shrublands,36.765277778,-116.69333333,0.2,7.5,0.1398416585554769,30.84916450916667,3.8177154257708334,2.5227776047500003,0.4093559588156213,-0.9123747579707272,0.23456188660209035,0.03888107551966237,0.7922521598257818,-0.23456188660209035,1,0.26728245888977537,0.2448241688061829,0.1915790321103128,-0.04634296460474924,3
1248,US-ADR,2016-06-14,US-ADR,Shrublands,36.765277778,-116.69333333,0.0,9.1,0.1648863409157029,26.521318103125008,2.7555254298958336,3.731782333124998,0.2802306751992158,-0.9599326896597448,0.6038720628809069,0.14190077465093173,0.7680217817061129,-0.27409938104950116,1,0.6841692348858386,0.44002989186877967,0.6874170618881024,-0.06829006523833468,3
1249,US-ADR,2016-06-22,US-ADR,Shrublands,36.765277778,-116.69333333,0.2,8.0,0.1499379703834208,33.047898242916666,4.274532167583335,2.2058250995208337,0.1457991969198751,-0.9893142039703664,-0.0488576169456753,0.04225495982298912,0.5451899431967167,0.0488576169456753,1,-0.08115477262314746,-0.0010364653087574505,-0.06438161290512098,-0.04634296460474924,3
1250,US-ADR,2016-06-23,US-ADR,Shrublands,36.765277778,-116.69333333,0.1,7.4,0.167992971506738,32.409109436666675,4.418979724270833,2.1046645813541667,0.1287481774525813,-0.99167731989929,-0.05122645061890818,0.04244182063339314,0.7070313652721272,-0.05122645061890818,1,-0.006844642446183491,-0.09141733987656211,-0.05541736953397894,-0.04634296460474924,3
1251,US-ADR,2016-06-30,US-ADR,Shrublands,36.765277778,-116.69333333,0.0,8.5,0.3260198154501278,32.43647050250001,3.456483629733333,3.1797092455,0.0086069968886886,-0.9999629591162656,0.5992107255008303,0.03750624281199375,0.7241147901104202,0.05282890539942531,1,0.5768918295182706,0.6425123329009301,0.5782280140832903,-0.04634296460474924,3
1252,US-ADR,2016-07-01,US-ADR,Shrublands,36.765277778,-116.69333333,1.1,7.8,2.117821811316788,28.163689696875,1.6485281217729166,3.058508375270834,-0.008606996888688,-0.9999629591162656,0.6103312441691983,0.318000753618075,1.0275973404435077,0.6103312441691983,1,0.3720314722726295,0.487542308641482,0.9714199515934834,-0.05133544304237649,3
1253,US-ADR,2016-07-08,US-ADR,Shrublands,36.765277778,-116.69333333,0.2,9.6,0.1788009437700871,30.380928956875,3.518157967333332,3.0103701488750008,-0.1287481774525806,-0.99167731989929,0.13013281977045063,0.05249090742540202,0.768845555578295,-0.13013281977045063,1,0.11316467976364175,0.1890089231806757,0.08822485636703448,-0.04634296460474924,3
1254,US-ADR,2016-07-16,US-ADR,Shrublands,36.765277778,-116.69333333,0.1,9.0,0.1800011204829943,31.55718750104165,3.9166171388958335,2.903179500270833,-0.2636654927280072,-0.9646141756912436,0.16203677423896465,0.08849697179553405,0.8112597870144441,-0.0020345332729760635,1,0.1282997908706714,0.2624401447575549,0.09537038708866763,-0.04634296460474924,3
1255,US-ADR,2016-07-17,US-ADR,Shrublands,36.765277778,-116.69333333,0.0,10.5,0.1336605319656198,30.49313363583333,3.935540303020834,3.2562465659375,-0.2802306751992161,-0.9599326896597444,-0.08018317432698265,0.1489596755582982,1.1256542291818827,-0.08018317432698266,1,-0.05752291438414059,0.05614802918780587,-0.2391746377846132,0.002034299641675245,3
1256,US-ADR,2016-07-24,US-ADR,Shrublands,36.765277778,-116.69333333,0.2,8.900001,0.1452381948473021,32.54796226520832,4.555859798750001,2.1993824827291677,-0.3935902766564664,-0.9192859697186104,-0.41925860802615417,0.1777174947560449,0.8954724485873624,-0.30973499772075835,1,-0.5208715469598891,-0.21405130979434242,-0.5228529673242309,-0.03061690133021558,3
1257,US-ADR,2016-07-25,US-ADR,Shrublands,36.765277778,-116.69333333,0.2,9.1,0.1557578919413139,32.14503864208333,4.281148692666666,1.9650397843125005,-0.4093559588156211,-0.9123747579707274,-0.4129748769029715,0.244438437016046,0.897171334858584,-0.3244906607855993,1,-0.5024561587750211,-0.13640461181000557,-0.6000638601238879,-0.04500068349721656,3
1258,US-ADR,2016-08-01,US-ADR,Shrublands,36.765277778,-116.69333333,0.0,7.9,0.1458786433373202,33.72556426645833,3.767165149645834,2.746610714833333,-0.5160623910158526,-0.8565509959010037,0.5239515133810234,0.06806854239239496,0.8606818878295643,-0.232194226706383,1,0.5830457671002682,0.5392845418960139,0.4495242311467879,-0.04112423748155578,3
1259,US-ADR,2016-08-02,US-ADR,Shrublands,36.765277778,-116.69333333,0.3,7.9,0.0413094109436623,34.66576615479167,3.668693537187501,3.2215529518124995,-0.5307300481619331,-0.8475409228928312,0.5588010461626652,0.13544216665187028,0.8730712444522293,-0.5588010461626652,1,0.5842785243663129,0.679695215005105,0.412429399116578,-0.003495126352827585,3
1260,US-ADR,2016-08-09,US-ADR,Shrublands,36.765277778,-116.69333333,0.1,9.3,0.0595291029099377,28.52730759791668,3.5169758427083337,2.5259281463125003,-0.6287628145958345,-0.7775971469736268,-0.0021619100479161415,0.23659315700168648,1.1765387431410044,0.0021619100479161393,1,0.019025394567838583,0.22312501236871424,-0.24863613708030124,0.05972438910626056,3
1261,US-ADR,2016-08-10,US-ADR,Shrublands,36.765277778,-116.69333333,0.1,9.2,0.1688300730125349,27.50618967437499,3.2556537743124987,2.7094148578125004,-0.6420547132365636,-0.7666588193001592,0.16082646246218882,0.1724271946525009,1.206653894815652,-0.023166316437119056,1,0.21011852076183019,0.30323987541957137,-0.030879008794835128,0.002034299641675245,3
1262,US-ADR,2016-08-17,US-ADR,Shrublands,36.765277778,-116.69333333,0.2,8.3,0.0545883004178069,27.26926625604166,3.538137413125,2.1283881563958325,-0.7295575540864876,-0.6839194216246105,-0.11769275698906034,0.20215689388951355,0.9866390268013454,0.11769275698906034,1,-0.1878808567734472,0.11020334873643783,-0.2754007629301716,-0.03061690133021558,3
1263,US-ADR,2016-08-18,US-ADR,Shrublands,36.765277778,-116.69333333,0.0,7.8,0.0375696500002718,27.999552136875,3.4288389980833323,2.092278267125,-0.7412220108485957,-0.6712599575675315,0.22588644736734986,0.15922592340626893,0.9013068113412614,-0.15074714736680628,1,0.2733762420340902,0.3559642864433355,0.048318813624623924,-0.03061690133021558,3
1264,US-ADR,2016-08-25,US-ADR,Shrublands,36.765277778,-116.69333333,0.4,7.2000003,0.0779634586649027,27.624892023750004,2.990854079333333,2.0649740286666667,-0.8165380514459157,-0.5772916165517278,0.19180258140116715,0.09536314518174857,0.6788858606472199,-0.19180258140116713,1,0.1549398478408242,0.3000948607896559,0.12037303557302143,-0.04634296460474924,3
1265,US-ADR,2016-08-26,US-ADR,Shrublands,36.765277778,-116.69333333,0.0,7.0,-0.1527006428012259,27.174395822291658,2.7315049462291667,2.191455091125,-0.8263541987239095,-0.5631507242749187,0.6226025533579974,0.1088066625511217,0.7704739169436244,-0.6226025533579974,1,0.6646347557045362,0.7041235688300598,0.4990493355393962,-0.04634296460474924,3
1266,US-ADR,2016-09-02,US-ADR,Shrublands,36.765277778,-116.69333333,0.0,8.400001,0.1823991899103616,28.13507934750001,3.2739597130208344,2.8301535170000007,-0.888057322629493,-0.4597327394521046,0.2615352741880923,0.20461206193244266,1.1601145837462172,0.10326310563263091,1,0.4284847439093234,0.3228431412107678,0.03327793744418567,0.002034299641675245,3
1267,US-ADR,2016-09-03,US-ADR,Shrublands,36.765277778,-116.69333333,0.2,8.5,0.1247548130735643,25.76915819354167,2.6129687148541665,2.7929878236874996,-0.8958392907349089,-0.4443781781046134,0.21978108275563404,0.1451188356088302,1.1866589782143389,-0.21978108275563402,1,0.3667520587415228,0.21600302343266126,0.07658816609271812,0.013543733530637717,3
1268,US-ADR,2016-09-10,US-ADR,Shrublands,36.765277778,-116.69333333,0.0,6.3,0.0386670547830967,27.72903282895834,2.909864000937501,1.4946700494583334,-0.9427611433904206,-0.333468778918187,0.10270295619030269,0.1267887929075153,0.5892345929291068,-0.0253688466241093,1,0.2406136654832815,-0.008806777827473744,0.07630198091510032,-0.04634296460474924,3
1269,US-ADR,2016-09-11,US-ADR,Shrublands,36.765277778,-116.69333333,0.1,7.3,0.0516429027735447,26.74659951104167,2.6886964158333333,2.4850590616249995,-0.9483615800121716,-0.3171912885891059,0.39060747588459627,0.11447517405060395,0.8842811205761582,-0.39060747588459627,1,0.4911798234251124,0.41460769155788496,0.26603491267079143,-0.003495126352827585,3
1270,US-ADR,2016-09-18,US-ADR,Shrublands,36.765277778,-116.69333333,0.1,4.8,0.0832404898386421,23.58186286562501,2.533533942085417,1.6247353932083328,-0.97961369164549,-0.2008905551306352,0.1494364774414765,0.05348582649807833,0.5517717064921193,-0.1494364774414765,1,0.18531009522810982,0.17503754052597298,0.0879617965703467,-0.0390889313076186,3
1271,US-ADR,2016-09-19,US-ADR,Shrublands,36.765277778,-116.69333333,0.1,5.5,0.023636095518791,26.058829135416676,2.828978573270833,2.200797252,-0.9829265519799822,-0.1839983516576798,0.3579462461383689,0.05440219440281819,0.644774410817687,-0.3579462461383689,1,0.3942405033036532,0.38420231483314343,0.29539592027831013,-0.041769231174501605,3
1272,US-ADR,2016-09-26,US-ADR,Shrublands,36.765277778,-116.69333333,0.1,4.9,-0.0243232098830769,23.6067881125,2.132261988954167,1.4397342633750003,-0.9979171608653922,-0.0645084494493162,0.003961627446940748,0.08994037939915135,0.44952455110900147,-0.0039616274469407575,1,0.06007622081023123,-0.099776817185946,0.051585478716537014,0.04158424279520798,3
1273,US-ADR,2016-09-27,US-ADR,Shrublands,36.765277778,-116.69333333,0.0,4.7000003,0.1504107580722462,24.038922569999997,2.1499668258,1.690195815875,-0.9988797155850336,-0.0473213883224323,0.2336367978501593,0.04974061305306455,0.5301636484315934,0.06718471829433306,1,0.25752502938203486,0.17645837118415003,0.26692699298429295,-0.0390889313076186,3
1274,US-ADR,2016-10-04,US-ADR,Shrublands,36.765277778,-116.69333333,0.0,3.5,0.0192521831041617,15.243691104791669,1.0486429625270832,1.5778784202083334,-0.9973249731081556,0.0730951298980777,0.12998759361346046,0.06970273710246626,0.48888956543897083,-0.09148322740513706,1,0.12748802708780238,0.2009064925945429,0.0615682611580361,-0.0390889313076186,3
1275,US-ADR,2016-10-05,US-ADR,Shrublands,36.765277778,-116.69333333,0.1,3.1000001,0.0423347767045707,17.1316714694375,1.3036528913625,2.9762330833541664,-0.9959189961471792,0.0902516100310407,0.6584171113698168,0.2984596577640777,0.6466475813984658,-0.6584171113698168,1,0.32145460661915265,0.88951122270215,0.764285504788148,-0.0869292479971675,3
1276,US-ADR,2016-10-20,US-ADR,Shrublands,36.765277778,-116.69333333,0.2,3.7,0.0583424751973921,15.568504998895836,1.2720861778687496,1.4141487999791664,-0.9398560579418952,0.341570769167856,-0.1724496655350842,0.23601351858887065,0.5353193684699742,0.1108653840701316,1,-0.03491314580671928,-0.0374652315214776,-0.4449706192770557,-0.08059448845200758,3
1277,US-ADR,2016-10-21,US-ADR,Shrublands,36.765277778,-116.69333333,0.3,3.7,0.0596095442343819,16.59723754285417,1.4139789287916669,1.8984492880208328,-0.9338372288229252,0.3576982388331254,-0.06133702795222209,0.18257853375369174,0.49204074936487013,0.061337027952222095,1,0.0662819563143821,0.02018058381707938,-0.27047362398812774,-0.0662107062850066,3
1278,US-ADR,2016-11-05,US-ADR,Shrublands,36.765277778,-116.69333333,0.1,2.6000001,0.0566167575401851,16.486583159958332,0.8308879284083335,1.4307892828541664,-0.8115390590073611,0.5842981736283683,0.012998843840281835,0.20502150009727582,0.44184670757806066,-0.012998843840281833,1,0.08124125638007784,0.17519637164891871,-0.21744109650815105,0.014462467817820006,3
1279,US-ADR,2016-11-13,US-ADR,Shrublands,36.765277778,-116.69333333,0.2,1.5,0.0148092528751611,13.390351789416664,0.7717927438291666,1.2538038831875,-0.7236440382959123,0.690173388242972,0.019399559528491483,0.05853302969328186,0.3892169067831014,-0.019399559528491483,1,0.08527143520805791,-0.026643153693376553,-0.000429602929206907,-0.0390889313076186,3
1280,US-ADR,2016-11-14,US-ADR,Shrublands,36.765277778,-116.69333333,0.2,1.6,0.0673861391084922,13.546095269999997,0.8771808815166668,1.6157563448958332,-0.7116566222817751,0.7025274741691566,0.08521073544553719,0.09584327460550436,0.49575496426044985,-0.08521073544553717,1,0.1958583840262928,0.027948694250805095,0.03182512805951365,-0.0390889313076186,3
1281,US-ADR,2016-11-22,US-ADR,Shrublands,36.765277778,-116.69333333,0.2,1.8000001,0.0119259202536906,8.906036502166666,0.4322870558895833,2.0731143822500004,-0.6084768701151264,0.7935716089521472,0.14182133799030397,0.14661413906548632,0.5948952010987165,-0.14182133799030394,1,0.198008278030317,0.2520317963332284,-0.024576060392633547,-0.0547012723960441,3
1282,US-ADR,2016-11-29,US-ADR,Shrublands,36.765277778,-116.69333333,0.1,1.6,0.069309473534277,5.728669204562499,0.34078461605,3.813400088791667,-0.5086709438521042,0.8609610158889945,0.279179789621888,0.17989650015295056,0.5701454787932927,-0.279179789621888,1,0.07248422508879726,0.40042892572105565,0.364626218055811,-0.0662107062850066,3
1283,US-ADR,2016-11-30,US-ADR,Shrublands,36.765277778,-116.69333333,0.0,1.0,0.0336422532431103,2.5691930017916667,0.2614183148979165,1.3596703673125,-0.4937755501599774,0.8695893893466109,0.21152769174958508,0.10699106935701204,0.5239639949265176,-0.1442431852633645,1,0.29210035572789755,0.2523469901860375,0.09013572933482017,-0.0390889313076186,3
1284,US-ADR,2016-12-07,US-ADR,Shrublands,36.765277778,-116.69333333,0.1,1.7,0.0094870504523497,3.679861051687499,0.390386842275,2.771317762166667,-0.3856634062436074,0.9226395488404876,0.10486545065308893,0.05003470215737727,0.48577193271207914,-0.10486545065308893,1,0.1246256041756989,0.14200264379922983,0.04796810398433804,-0.0390889313076186,3
1285,US-ADR,2016-12-08,US-ADR,Shrublands,36.765277778,-116.69333333,0.3,1.4,0.0125086495523182,2.5317207067916674,0.3867403422604166,1.7614189367708335,-0.3697245428906732,0.9291414114031744,0.0791715016940444,0.027262737369013607,0.40373072037265756,-0.07917150169404441,1,0.11019006985310464,0.05900999547094554,0.06831443975808299,-0.0390889313076186,3
1286,US-ADR,2017-01-16,US-ADR,Shrublands,36.765277778,-116.69333333,0.5,1.9,0.1915172267162578,6.312984135562498,0.4857775574854168,7.469466308895832,0.2719581575341055,0.9623090774541486,0.21969379495455987,0.09547630949321108,0.9505244171598524,-0.21969379495455987,1,0.2021402987920713,0.13421221844959824,0.3227288676220101,0.003758906944303018,3
1287,US-ADR,2017-01-17,US-ADR,Shrublands,36.765277778,-116.69333333,0.3,1.6,0.2425617530570303,3.6831507649374986,0.4126378812729167,1.4529324649166673,0.288482432880609,0.9574851883550392,0.09654546866980081,0.08569513574056838,0.43954020552826484,-0.09654546866980082,1,0.14133705973041588,0.15056263877549259,-0.002263292496506031,-0.0390889313076186,3
1288,US-ADR,2017-01-24,US-ADR,Shrublands,36.765277778,-116.69333333,0.4,1.1,0.8075705483218275,2.4241360285416658,0.1381672004916666,3.325074280625,0.401487989205973,0.9158642882672872,0.11975326939126187,0.08464090390079354,0.37023809552523695,0.11975326939126185,1,0.05424865558241071,0.08968884452414178,0.21532230806723313,-0.0390889313076186,3
1289,US-ADR,2017-01-25,US-ADR,Shrublands,36.765277778,-116.69333333,0.3,1.3000001,0.8004252095176081,1.6851484493125006,0.1636534407,2.638931717291667,0.4171936026123168,0.9088176373395028,0.06542918153826165,0.0579355406922971,0.45211129658914073,0.06542918153826166,1,0.10372143404765166,-0.0012227803961332717,0.09378889096326654,-0.0390889313076186,3
1290,US-ADR,2017-02-01,US-ADR,Shrublands,36.765277778,-116.69333333,0.1,2.6000001,0.5980287771729449,7.936475524874999,0.3903198183770834,1.8410080248541665,0.5234156073655503,0.8520775211013093,0.0726750576117543,0.1372403031090407,0.5567100901282657,0.0726750576117543,1,0.09338531690955049,0.19838320246161617,-0.07374334653590375,-0.0390889313076186,3
1291,US-ADR,2017-02-02,US-ADR,Shrublands,36.765277778,-116.69333333,1.2,3.2,0.3980822446567469,8.82321098139583,0.4569053996249999,1.7591071445000006,0.5380051715382996,0.8429415373547828,-0.25002271705643625,0.13923300580885406,0.6091791620274295,0.2500227170564362,1,-0.4093606721396301,-0.1517959390256124,-0.18891154000406615,-0.06243687228461205,3
1292,US-ADR,2017-02-09,US-ADR,Shrublands,36.765277778,-116.69333333,0.4,3.4,0.4641206485195326,15.292897115541669,0.6417824499791667,3.2061756021875,0.6354323008901774,0.7721565844991642,0.18607363342715996,0.29337420415150034,0.6782635728760777,-0.05783233638809479,1,0.4547728188999563,0.23038289005518048,-0.1269348086736569,-0.08059448845200758,3
1293,US-ADR,2017-02-25,US-ADR,Shrublands,36.765277778,-116.69333333,0.2,2.2,1.0914758618845264,3.3892175181041675,0.3208242184104167,1.736857305645833,0.8214765533024142,0.5702422926917871,0.2800456720050755,0.12484271662428319,0.6362213736143054,0.28004567200507546,1,0.4237617874351876,0.19844274290091973,0.21793248567911921,-0.0390889313076186,3
1294,US-ADR,2017-02-26,US-ADR,Shrublands,36.765277778,-116.69333333,0.8,3.0,0.7481068225485445,5.2516006791875,0.3069731271291666,2.011984083708333,0.8311706263658079,0.5560174366570446,-0.14824836152644438,0.05340769164252187,0.5335226090011871,-0.04446200662353339,1,-0.20821664122616146,-0.13072357956433736,-0.10580486378883433,-0.0390889313076186,3
1295,US-ADR,2017-03-05,US-ADR,Shrublands,36.765277778,-116.69333333,0.2,4.3,0.6337471754012817,9.6111537159375,0.8025292974541665,5.420619882770833,0.8919813464595485,0.4520722039323043,0.04731227131397805,0.18411569025731658,0.9516088104243448,0.04731227131397803,1,0.17245534194121998,0.13357956260288373,-0.16409809060216957,-0.02336286803308495,3
1296,US-ADR,2017-03-06,US-ADR,Shrublands,36.765277778,-116.69333333,0.1,2.5,0.7544896287274552,3.9119546210208345,0.5255663399041667,1.6521727272499993,0.8996308696522433,0.436651231956064,0.3735921171314817,0.18297583926647068,0.7824926146135448,0.3735921171314817,1,0.5843549233238023,0.28103402872860656,0.2553873993420362,-0.0662107062850066,3
1297,US-ADR,2017-03-14,US-ADR,Shrublands,36.765277778,-116.69333333,0.2,4.0,0.9073746077665512,17.068995531270833,1.4042674304458336,1.7557921252708335,0.9510565162951536,0.3090169943749474,0.5047311050301267,0.053780308590072844,0.7042106285820784,0.5047311050301267,1,0.5651671374364329,0.46214635594066117,0.4868798217132864,-0.0390889313076186,3
1298,US-ADR,2017-03-21,US-ADR,Shrublands,36.765277778,-116.69333333,1.5,5.3,0.6541540603983221,17.783602999583334,0.9442797248666664,2.7562781778125007,0.9813064702716092,0.1924515819708299,0.20657796158144956,0.13360586958748494,0.7891548689475147,-0.20657796158144948,1,0.3598651747041108,0.14502743648295857,0.11484127355727936,-0.046824531196186535,3
1299,US-ADR,2017-03-29,US-ADR,Shrublands,36.765277778,-116.69333333,0.1,4.4,0.5441610100830824,16.168071773749997,1.1997282760104166,2.5042097692916663,0.9984354211555644,0.0559169901006034,0.5074880450367215,0.14441376256615027,0.836902985964656,0.3808339751294433,1,0.6530456950324035,0.505172421174745,0.36424601890301583,-0.04948254527285065,3
1300,US-ADR,2017-03-30,US-ADR,Shrublands,36.765277778,-116.69333333,0.6,6.0,0.7794127975166418,10.987745709145834,0.7122307112812502,8.064875111083332,0.9992500112396836,0.0387222808921744,-0.06114803952095129,0.24592952938772214,1.2609211628438464,-0.0611480395209513,1,-0.3147611937599817,-0.044983269249317115,0.17630034444644493,0.0019758477129853827,3
1301,US-ADR,2017-04-06,US-ADR,Shrublands,36.765277778,-116.69333333,0.0,7.3,0.4093331257582257,18.255419905229168,1.8323253635604169,3.1054166190833343,0.9966589017541702,-0.0816763953304224,0.13642000480147445,0.1137861410171378,0.7893702787914048,0.13642000480147448,1,0.21024657829893362,0.005381728428362098,0.19363170767712762,-0.04634296460474924,3
1302,US-ADR,2017-04-14,US-ADR,Shrublands,36.765277778,-116.69333333,0.3,4.5,0.3663932589507566,14.548313371145838,1.37678478663125,4.007369560124999,0.9760105506323684,-0.2177232303965317,0.2332778563937603,0.15365309263098764,0.7244679681780808,-0.10049133849224712,1,0.36472197754954866,0.27075998727752,0.06435160435421233,-0.0662107062850066,3
1303,US-ADR,2017-04-15,US-ADR,Shrublands,36.765277778,-116.69333333,0.2,5.4,0.3307409607256033,16.292786587625002,1.6591417081604165,1.8158566638125,0.9721181966290612,-0.2344913895704098,0.4874654728719618,0.06760953784620354,0.8162498441301486,-0.22598355142075527,1,0.5616590052705086,0.4714053276096775,0.4293320857356993,-0.041769231174501605,3
1304,US-ADR,2017-04-22,US-ADR,Shrublands,36.765277778,-116.69333333,0.1,6.2000003,0.3337741877781389,19.826013037479164,2.025261408045833,2.2956277502083333,0.9368813462954316,-0.3496474552512284,0.4980845960989108,0.027383309287069436,0.726373961233273,-0.030536220542633025,1,0.5140960978780984,0.4664659359096858,0.5136917545089481,-0.041769231174501605,3
1305,US-ADR,2017-04-23,US-ADR,Shrublands,36.765277778,-116.69333333,0.0,7.5,0.3737763267564939,21.998396472291667,2.2293014952041665,2.574978696104167,0.9307239310379796,-0.3657225234972689,0.4126475667382061,0.057769403582757,0.5966594489350869,0.33490508677478176,1,0.4791647112846042,0.3750408797755535,0.3837371091544605,-0.04634296460474924,3
1306,US-ADR,2017-04-30,US-ADR,Shrublands,36.765277778,-116.69333333,0.0,5.1,0.2522065070159554,18.014277994374996,1.9416134517083328,1.9452121733125,0.8800122039735357,-0.4749510720670499,0.6746484357913297,0.16408593491968276,0.9523281027897845,-0.17023542175941897,1,0.8115380525609885,0.7196501727657942,0.4927570820472064,-0.029697627578244887,3
1307,US-ADR,2017-05-01,US-ADR,Shrublands,36.765277778,-116.69333333,0.9,6.9,0.2504974419306252,22.64149242104167,2.3399710810000003,4.4078757407083335,0.8717063187093218,-0.4900286664290592,0.1886709983286962,0.16994985952630276,0.7992449847311507,-0.18867099832869616,1,0.01713054881293402,0.3569843050980804,0.19189814107507425,-0.07346473958213726,3
1308,US-ADR,2017-05-09,US-ADR,Shrublands,36.765277778,-116.69333333,0.7,6.2000003,0.5866497064622689,21.302847158958333,1.560636483266667,5.2022966432291655,0.7961828637826158,-0.6050560696488488,0.27607960727887004,0.20267766699238626,0.7959758134855587,-0.27607960727887004,1,0.2710188224332148,0.4812402739452966,0.07597972545809878,-0.0688910061518896,3
1309,US-ADR,2017-05-17,US-ADR,Shrublands,36.765277778,-116.69333333,0.8,6.0,0.1596052890253633,17.02187146035417,1.4260997217979163,5.776817527312499,0.705583610107178,-0.7086266782644596,0.3042878379618697,0.14636902642357105,0.8520068633293925,-0.30428783796186976,1,0.2817890073023703,0.4606035962537291,0.17047091032950984,-0.052162845139733655,3
1801,US-Bi1,2016-08-14,US-Bi1,Croplands,38.0991537999999,-121.49933,6.7,7.9,5.498392753842379,24.832992812499995,1.5266970124999997,2.1073372916666666,-0.6932812268869771,-0.7206671495538615,-2.1730714941745646,0.30139241107615355,1.014313059127985,0.2301429981406784,1,-2.046208987931278,-1.9558484869748096,-2.517157007617606,2.3761488695462916,3
1802,US-Bi1,2016-08-22,US-Bi1,Croplands,38.0991537999999,-121.49933,2.6,6.2000003,2.6014070477219744,21.516518500000004,0.9392607270833332,3.640797875000001,-0.7856498550787144,-0.6186714032625032,0.19357832790017185,0.3550757135085491,0.8066286604180419,-0.19076423245622323,1,0.05369598965234401,-0.07025207292809782,0.5972910669762694,-0.10555654803309356,3
1803,US-Bi1,2016-08-30,US-Bi1,Croplands,38.0991537999999,-121.49933,3.9,6.6,4.502668127407176,23.87836302083333,1.3093159270833332,3.1701639375000004,-0.8631421280499115,-0.5049610547215202,-0.6379464156269483,0.18991283873918652,0.9707318716524457,-0.6379464156269483,1,-0.8083852666551694,-0.6722252531257835,-0.433228727099892,-0.2487691916965017,3
1804,US-Bi1,2016-08-31,US-Bi1,Croplands,38.0991537999999,-121.49933,3.6,6.4,4.1911298393230325,23.12614616666667,1.0941579291666668,3.3093780000000006,-0.8717063187093218,-0.4900286664290594,-0.4928523707525387,0.20044179357406128,0.8373284079428561,-0.49285237075253874,1,-0.6221734461564068,-0.5944264780662478,-0.2619571880349615,-0.11858954502023018,3
1805,US-Bi1,2016-09-07,US-Bi1,Croplands,38.0991537999999,-121.49933,4.1,6.5,4.461179603913123,24.6650389375,1.43608581875,1.0627555,-0.9242907221930934,-0.3816892202666586,-0.9090906378412539,0.13955536141880892,0.7938526565201981,-0.909090637841254,1,-1.025186824588706,-0.7542595115136059,-0.9478255774214497,-0.3352152247834488,3
1806,US-Bi1,2016-09-15,US-Bi1,Croplands,38.0991537999999,-121.49933,3.6,5.2000003,4.571204558072046,21.73857385416666,1.1271488729166663,1.8212609791666663,-0.9679377830240642,-0.2511900638848195,-0.7349791909794973,0.20964265190145076,0.5848250035134199,-0.7349791909794972,1,-0.97501323678355,-0.6421243501966656,-0.5877999859582763,-0.2435665588395154,3
1807,US-Bi1,2016-09-16,US-Bi1,Croplands,38.0991537999999,-121.49933,3.9,5.5,4.093535563276611,21.612907145833336,1.040020322916667,1.4438148958333332,-0.9721181966290612,-0.2344913895704105,-0.8077246055538684,0.16525790002150115,0.5385952722665217,-0.8077246055538683,1,-0.9977544379947303,-0.7277652732274598,-0.6976541054394152,-0.27526085767279507,3
1808,US-Bi1,2016-09-23,US-Bi1,Croplands,38.0991537999999,-121.49933,3.3,5.4,4.32607795393433,19.03486539583333,1.0460447041666665,2.5967738958333317,-0.9932568492674144,-0.1159345995955006,-0.9738705298259429,0.14581311903349534,0.6708761142478727,-0.9738705298259429,1,-0.9977891378920942,-1.1062455281031969,-0.8175769234825374,-0.2714461111279804,3
1809,US-Bi1,2016-10-01,US-Bi1,Croplands,38.0991537999999,-121.49933,1.6,4.4,2.0977142051962945,18.180760916666667,0.9037571979166664,3.703003937500001,-0.9997685019798908,0.0215160974362222,0.27159878022254136,0.23667932129286043,0.8548901646174322,0.27159878022254136,1,0.5384517147815802,0.18925298067134239,0.08709164521470159,-0.0976575210430171,3
1810,US-Bi1,2016-10-09,US-Bi1,Croplands,38.0991537999999,-121.49933,2.1,4.4,2.68099128970776,20.226091229166663,1.333922389583333,0.874067416666667,-0.9873494423939864,0.1585593851031347,-0.7748993181014217,0.27635750440260404,0.7123963013507862,-0.7748993181014217,1,-0.9160973086288675,-0.45646808957718477,-0.9521325560982126,-0.2435665588395154,3
1811,US-Bi1,2016-10-18,US-Bi1,Croplands,38.0991537999999,-121.49933,2.2,3.0,3.3990208160106965,18.538226729166663,0.4590899062500001,2.294488375,-0.9510565162951536,0.3090169943749472,-0.19233141267119339,0.1556765234998019,0.6939672715087172,-0.19233141267119347,1,-0.22231007768653843,-0.02384569681229115,-0.3308384635147506,-0.08849246599920958,3
1812,US-Bi1,2016-11-02,US-Bi1,Croplands,38.0991537999999,-121.49933,1.4,1.8000001,2.3694705896629875,17.907754062500004,0.2999367291666667,0.9374472708333336,-0.8406184056344783,0.5416278206559811,0.04760701195190578,0.19653831644735809,0.6179606837393312,0.04760701195190575,1,0.2705179720262371,-0.02696571139576115,-0.10073122477475863,-0.07394630617357453,3
1813,US-Bi1,2016-11-18,US-Bi1,Croplands,38.0991537999999,-121.49933,1.0,1.9,1.2382307524849647,14.744861687499997,0.4464722999999999,1.7921314374999997,-0.661634618242279,0.749826401204568,0.0681595319933801,0.08695346161846078,0.4742385996441392,0.0681595319933801,1,-0.017329923287684623,0.15650655414025566,0.06530196512756925,-0.0390889313076186,3
1814,US-Bi1,2016-12-04,US-Bi1,Croplands,38.0991537999999,-121.49933,0.5,1.0,0.7412457660443595,14.012973687500002,0.2347529,0.9849377916666668,-0.4327755925504317,0.9015016841318838,0.16456988239344125,0.09335352582160582,0.35248226783973263,0.16456988239344125,1,0.26116167920359695,0.07483246645987007,0.1577155015168567,-0.0390889313076186,3
1815,US-Bi1,2016-12-20,US-Bi1,Croplands,38.0991537999999,-121.49933,0.6,0.90000004,0.5815223853727537,13.336000604166667,0.1934218854166667,1.0094344791666667,-0.1712931441814778,0.9852201067560606,0.20896479318767106,0.14437266637161542,0.39199543225475514,-0.20896479318767106,1,0.3048229533537898,0.04291765080072518,0.27915377540849823,-0.0547012723960441,3
1816,US-Bi1,2016-12-21,US-Bi1,Croplands,38.0991537999999,-121.49933,0.5,0.8,0.5117059103085462,14.617943604166667,0.2457559291666666,1.1562925416666667,-0.154308820664281,0.9880226656636976,0.13691890961247635,0.1466311965356243,0.43612428924938185,-0.113507088995384,1,0.18931303616128708,-0.02871218618218313,0.2501558788583251,-0.0547012723960441,3
1817,US-Bi1,2016-12-28,US-Bi1,Croplands,38.0991537999999,-121.49933,0.6,0.8,0.6089164062423037,13.007986249999997,0.2115180770833333,1.1234730208333337,-0.0344216116227458,0.9994074007397048,0.16184478857436385,0.17043393884383531,0.3298751093914447,-0.1440119760897564,1,0.18085549822206604,-0.017297449617586946,0.32197631711861247,-0.0662107062850066,3
1818,US-Bi1,2017-01-05,US-Bi1,Croplands,38.0991537999999,-121.49933,0.6,0.6,1.6912473029448185,14.15491979166667,0.2258640229166666,2.9591569583333333,0.0859647987374464,0.9962981749346078,0.13204492600435971,0.1325045101009066,1.042085331396008,0.1320449260043597,1,0.00546642437537409,0.12089724115448003,0.269771112483225,0.003758906944303018,3
1819,US-Bi1,2017-01-06,US-Bi1,Croplands,38.0991537999999,-121.49933,0.5,0.7,0.683099558760221,12.16524514583333,0.17857724375,1.345445625,0.1031016974474348,0.9946708199115212,0.10486150563848894,0.10080421755142124,0.28855953422890257,0.10486150563848894,1,0.06915652574196113,0.026769448664607898,0.21865854250889777,-0.0390889313076186,3
1820,US-Bi1,2017-01-13,US-Bi1,Croplands,38.0991537999999,-121.49933,0.7,1.2,1.3466683680517066,15.816686916666674,0.1975403145833332,1.9401604583333332,0.2219215130041655,0.9750645322571948,0.07226831008481922,0.10623732350016794,0.5648663490604178,0.07226831008481926,1,-0.046347181313895175,0.15867112553238838,0.10448098603596445,-0.0390889313076186,3
1821,US-Bi1,2017-02-14,US-Bi1,Croplands,38.0991537999999,-121.49933,1.2,1.4,1.4944272962676202,17.3327220625,0.25911940625,0.9515681458333334,0.6994583270516471,0.7146733860429609,0.008068231176284024,0.045853804866680184,0.5763529025239184,0.008068231176284024,1,0.059089671220325546,-0.029697321061062654,-0.00518765663041082,0.03384864290664005,3
1822,US-Bi1,2017-02-22,US-Bi1,Croplands,38.0991537999999,-121.49933,2.1,1.6,3.184345570930763,16.237314604166666,0.2743204916666667,4.091003958333333,0.7909456567567772,0.6118864012687243,-0.4570803215490426,0.1406416479817682,1.024698907409889,-0.45708032154904266,1,-0.5266910179298585,-0.5493412409478773,-0.29520870576939207,-0.045528093090948164,3
1823,US-Bi1,2017-03-02,US-Bi1,Croplands,38.0991537999999,-121.49933,2.0,2.1000001,1.95652068628956,14.88341825,0.3607701916666667,1.0308311666666663,0.8674563547295968,0.4975132889071806,-0.10556104365393675,0.11983459805854157,0.39083117026142966,-0.01860241623305696,1,0.017352328435713715,-0.11197630790557458,-0.22205915149194938,-0.061370691021821556,3
1824,US-Bi1,2017-03-27,US-Bi1,Croplands,38.0991537999999,-121.49933,3.3,3.2,4.7570962152579455,17.02094929166667,0.4096281145833332,3.2553040624999987,0.995918996147179,0.0902516100310411,-0.9938712164095721,0.19882757677026872,0.7582308860374078,-0.993871216409572,1,-0.8351430567934581,-0.9295814282119321,-1.216889164223326,-0.23687746401666215,3
1825,US-Bi1,2017-04-03,US-Bi1,Croplands,38.0991537999999,-121.49933,4.7,4.9,6.366404587954102,17.519997875000005,0.8698041291666665,3.3807609375,0.9995462806873572,-0.0301203048469081,-1.8817856876086705,0.2673362981968142,0.7997930096885624,-1.8817856876086703,1,-1.6221864826334438,-1.866930923014786,-2.1562396571777813,-1.5751311034334883,3
1826,US-Bi1,2017-04-19,US-Bi1,Croplands,38.0991537999999,-121.49933,3.7,3.9,5.235732943613134,18.327581291666664,0.4741456250000002,2.211378666666667,0.9536809966304456,-0.3008198076356673,-0.7243761662395402,0.0766064528292049,0.7312123181384884,-0.7243761662395403,1,-0.7490278287941066,-0.7856218665831565,-0.6384788033413572,-0.2024833986417857,3
1827,US-Bi1,2017-04-27,US-Bi1,Croplands,38.0991537999999,-121.49933,2.8,4.6,2.617792942847261,19.0622425,0.6980894333333332,4.422963791666668,0.9033558023246844,-0.4288919379124835,0.0894465038918346,0.055997167241798686,1.0239904081346958,-0.08944650389183462,1,0.14792979812466261,0.08408918136003718,0.036320532190804,-0.018522852769899893,3
1828,US-Bi1,2017-04-28,US-Bi1,Croplands,38.0991537999999,-121.49933,4.1,5.8,3.211408338589946,18.58745625,1.1629799791666666,6.613216020833333,0.895839290734909,-0.4443781781046132,-1.1345602377247734,0.3367082276799708,1.617598758445426,0.6426230850953341,1,-1.0665556987136204,-1.5000801803532129,-0.8370448341074868,2.7813215441236276,3
1829,US-Bi1,2017-05-05,US-Bi1,Croplands,38.0991537999999,-121.49933,5.4,4.8,6.168864035068685,19.088671229166668,0.6309093062500001,4.8451456041666665,0.835925479418637,-0.548842958284719,-1.5723652457561912,0.5346633670618544,1.0553250459198105,-1.572365245756191,1,-1.277048829989337,-2.1895509576389935,-1.2504959496402437,3.2683919556445025,3
1830,US-Bi1,2017-05-13,US-Bi1,Croplands,38.0991537999999,-121.49933,5.8,5.2000003,6.405572002083192,16.1538670625,0.6716448291666667,3.674711604166667,0.7526668275320084,-0.6584015846980488,-2.319540660222095,0.23645625252693303,0.8790471456939695,-2.319540660222095,1,-2.4533582877618816,-2.4587415048353014,-2.0465221880691025,-2.7054179114119608,3
1831,US-Bi1,2017-05-14,US-Bi1,Croplands,38.0991537999999,-121.49933,5.0,5.2000003,6.425272319278425,16.992830770833336,0.6345506416666665,3.1720238958333336,0.741222010848596,-0.6712599575675313,-1.684202455842085,0.08022373182223007,0.7266712529595252,-1.684202455842085,1,-1.7741981443606665,-1.6201933206341252,-1.6582159025314636,-0.6917617155206252,3
1832,US-Bi1,2017-05-21,US-Bi1,Croplands,38.0991537999999,-121.49933,7.1,6.4,7.228444158353463,24.847056729166663,1.3714050520833334,1.3386990624999997,0.6551563572090853,-0.7554933140726803,-1.9754115007682653,0.257260415406716,0.8514313661042561,-1.9754115007682653,1,-2.0602409562044386,-1.6864488183779935,-2.1795447277223636,-0.1247243303651347,3
1833,US-Bi1,2017-05-29,US-Bi1,Croplands,38.0991537999999,-121.49933,4.0,5.4,1.7986677900952124,20.724969604166667,0.7323048000000001,3.8269408125000006,0.545240438540651,-0.8382797052177743,-0.005458256000572546,0.1251843571982487,0.8689623001137192,0.005458256000572703,1,0.13527033512023057,-0.04722672987311069,-0.10441837324883751,0.059470021466043695,3
1834,US-Bi1,2017-05-30,US-Bi1,Croplands,38.0991537999999,-121.49933,3.3,5.3,1.9031277801745297,20.4633969375,0.8135706999999998,4.17165025,0.5307300481619334,-0.8475409228928311,0.4123980427481854,0.16503971169947268,0.9316599210298904,-0.4123980427481855,1,0.5608806304948268,0.4416110735301964,0.23470242421953308,-0.045644627747287905,3
1835,US-Bi1,2017-06-06,US-Bi1,Croplands,38.0991537999999,-121.49933,5.3,6.9,5.533477007947097,23.23442583333333,1.2233222708333336,2.676113645833333,0.4250003399695541,-0.9051931898913974,-1.123659619718753,0.18741558808287048,0.7095987936578921,-1.123659619718753,1,-1.2864484617794854,-1.1657538513324357,-0.9187765460443376,-0.3288087258793792,3
1836,US-Bi1,2017-06-14,US-Bi1,Croplands,38.0991537999999,-121.49933,6.8,7.4,8.364614985510368,24.39281864583333,1.3228408145833332,2.4021808958333337,0.2967128192734907,-0.9549667548552552,-1.916788389698624,0.17696170784362522,0.7562570219296176,-1.916788389698624,1,-2.107036545743914,-1.7570912880209124,-1.886237335331045,-0.7654199808155638,3
1837,US-Bi1,2017-06-15,US-Bi1,Croplands,38.0991537999999,-121.49933,7.2,7.5,8.54298397615364,25.12517572916666,1.3352869979166673,4.133813479166667,0.2802306751992158,-0.9599326896597448,-2.1998403482123168,0.14277903574719072,1.2954725707800518,-2.1998403482123168,1,-2.2588757453707466,-2.3036341999978673,-2.0370110992683363,6.187786668249124,3
1838,US-Bi1,2017-06-22,US-Bi1,Croplands,38.0991537999999,-121.49933,8.7,8.7,9.195385241876984,31.204772791666674,2.088231158333333,3.082445916666668,0.1628070129385171,-0.986657932891657,-3.183390537650908,0.20207985734588488,1.7969707962368342,-3.183390537650908,1,-3.1854476917985504,-2.980289956497989,-3.384433964656184,-11.218484895555594,3
1839,US-Bi1,2017-06-30,US-Bi1,Croplands,38.0991537999999,-121.49933,3.6,7.2000003,2.956434014111041,24.12417033333334,1.1389493000000002,3.1364979374999984,0.025818440227133,-0.9996666485105112,-0.04309676494070805,0.0767967275962864,0.9421368477258681,0.04309676494070802,1,0.022859072649400736,-0.12740798662325073,-0.024741380848274153,-0.02577688606703054,3
1840,US-Bi1,2017-07-01,US-Bi1,Croplands,38.0991537999999,-121.49933,3.3,6.7000003,3.3152368848148046,23.39288258333333,1.03046166875,2.175298520833334,0.0086069968886886,-0.9999629591162656,-0.4811199304086551,0.14120197190244638,0.8197513161127878,-0.4811199304086551,1,-0.4290683671396814,-0.37333251037723275,-0.6409589137090511,-0.11229883825446117,3
1841,US-Bi1,2017-07-08,US-Bi1,Croplands,38.0991537999999,-121.49933,6.2,9.8,7.610824476492882,29.25238520833333,2.3251354041666668,2.6423284375,-0.1116590071216944,-0.993746580436178,-2.0300216689558774,0.15717307670309982,1.18063167205572,-2.0300216689558774,1,-1.9919459902703949,-1.8953843376958235,-2.202734678901415,-2.338040783868892,3
1842,US-Bi1,2017-07-16,US-Bi1,Croplands,38.0991537999999,-121.49933,6.8,9.5,8.535640993880419,30.123278833333345,2.248090652083333,2.38500025,-0.2470221804809352,-0.9690098257244064,-2.270611316012379,0.20287183907121673,1.337456295935235,-2.2706113160123786,1,-2.166234604251868,-2.1411788866843193,-2.50442045710095,5.433013958606273,3
1843,US-Bi1,2017-07-17,US-Bi1,Croplands,38.0991537999999,-121.49933,6.9,9.5,7.985520280619688,29.188308479166675,2.4050361354166667,3.212433583333333,-0.2636654927280072,-0.9646141756912436,-2.3683458145902767,0.05350669306839149,1.2729007379905912,-2.3683458145902767,1,-2.3286836713044345,-2.4292031216880265,-2.347150650778369,3.393007828440944,3
1844,US-Bi1,2017-07-24,US-Bi1,Croplands,38.0991537999999,-121.49933,5.6,6.9,2.930651294980859,23.25458410416667,0.9318427270833336,3.225366395833333,-0.3777079652039646,-0.92592477719385,-0.9873722653923522,0.03736465414535687,0.826200722960278,0.9873722653923522,1,-1.0053594204600376,-1.0123413742780263,-0.9444160014389931,-0.6022315919764987,3
1845,US-Bi1,2017-08-01,US-Bi1,Croplands,38.0991537999999,-121.49933,2.8,8.5,3.109121497033976,28.6336055,1.9365026479166667,2.1976822916666667,-0.5012418134457756,-0.8653072543632061,-0.9471136711384064,0.2407824737663957,1.0601175642223994,-0.9471136711384065,1,-1.1525850134314766,-0.6821671948792709,-1.0065888051044716,-0.3834615401142345,3
1846,US-Bi1,2017-08-09,US-Bi1,Croplands,38.0991537999999,-121.49933,3.1,6.2000003,3.3009561123129862,23.595767270833324,0.7502929666666666,2.678892312499999,-0.6152845999633277,-0.7883050558305253,0.11367062569177822,0.24689832484065719,0.8613687714599203,0.11367062569177822,1,-0.17134844360261914,0.2618264346007641,0.2505338860771897,-0.1003378209099001,3
1847,US-Bi1,2017-08-17,US-Bi1,Croplands,38.0991537999999,-121.49933,4.5,6.2000003,4.007525230767603,24.876033333333336,1.0132418770833331,2.9028333125,-0.7176769136759615,-0.6963762255968726,-0.5203709557813968,0.15377225737069705,0.9074973553575744,0.464578582683398,1,-0.6868348228657659,-0.3836297440403053,-0.4906483004381193,-0.07638670046125438,3
1848,US-Bi1,2017-08-18,US-Bi1,Croplands,38.0991537999999,-121.49933,4.6,6.8,4.092646149257946,24.88121783333333,1.0104142270833332,2.5701803541666663,-0.7295575540864876,-0.6839194216246105,-0.8230829191228112,0.11917456620947735,0.9356888789247929,0.19162478236129654,1,-0.9574410916167508,-0.730145565382012,-0.7816621003696707,-0.26272559855379407,3
1849,US-Bi1,2017-08-25,US-Bi1,Croplands,38.0991537999999,-121.49933,3.4,6.6,2.4956902192781296,25.78476385416667,1.1962706854166665,1.6374285208333332,-0.8064799463209447,-0.5912614448635782,-0.7022760607014215,0.13047914991884207,0.7549813054171767,0.7022760607014215,1,-0.8153425345967857,-0.5595060107085243,-0.731979636798954,-0.25816049542587566,3
1850,US-Bi1,2017-09-02,US-Bi1,Croplands,38.0991537999999,-121.49933,2.0,6.8,2.3989720358932,32.06158060416667,2.0444282687499995,1.1845760833333334,-0.8800122039735356,-0.4749510720670502,-0.9330425097779873,0.2837996751052091,0.7784277847971562,-0.9330425097779873,1,-0.8781925827692316,-0.6806713515791278,-1.2402635949856027,-0.3611084408394122,3
1851,US-Bi1,2017-09-03,US-Bi1,Croplands,38.0991537999999,-121.49933,3.0,8.0,2.579555418105501,32.07018983333334,2.042794622916667,1.5240104375,-0.888057322629493,-0.4597327394521046,-1.4291983362509058,0.3229710529411892,1.0265189182171155,-0.5883091724619076,1,-1.3641162642439149,-1.1437243663735497,-1.779754378135253,-0.4227344970749878,3
1852,US-Bi1,2017-09-10,US-Bi1,Croplands,38.0991537999999,-121.49933,2.2,5.9,3.0741456689607616,28.67099256249999,1.4657858562500004,1.5210576666666666,-0.9368813462954316,-0.3496474552512282,-0.35848578950861376,0.17057061219088163,0.7285411424036718,-0.35848578950861376,1,-0.42156679047415124,-0.16535963300693493,-0.4885309450447551,-0.09117276586609259,3
1853,US-Bi1,2017-09-19,US-Bi1,Croplands,38.0991537999999,-121.49933,3.3,4.6,2.928924270911367,21.76634708333333,0.9610381270833334,3.43310575,-0.97961369164549,-0.2008905551306352,-0.3244254457356696,0.15743593230457636,0.7451890974658223,0.3244254457356696,1,-0.16845698658538105,-0.483288922298683,-0.3215304283229447,-0.08849246599920958,3
1854,US-Bi1,2017-09-26,US-Bi1,Croplands,38.0991537999999,-121.49933,2.6,5.8,2.873848540823027,23.27501991666667,1.3915970729166665,1.2757745625000003,-0.99665890175417,-0.0816763953304228,-0.8835628298086515,0.12505411302780167,0.7969864796121608,-0.8835628298086515,1,-0.9379474159681298,-0.7405246530024419,-0.9722164204553827,-0.249499010494395,3
1855,US-Bi1,2017-10-04,US-Bi1,Croplands,38.0991537999999,-121.49933,1.4,4.1,1.3138668646164606,19.02604964583334,0.9486274041666668,1.2119274375000002,-0.9984354211555644,0.055916990100603,-0.5719788743853436,0.179353023913499,0.5056864847174846,-0.399712603618265,1,-0.7057342659565573,-0.3681718953687944,-0.6420304618306789,-0.10834283856581789,3
1856,US-Bi1,2017-10-05,US-Bi1,Croplands,38.0991537999999,-121.49933,1.3,4.4,1.441478862835075,20.10638775,1.1556950437499998,1.6776663541666668,-0.9973249731081556,0.0730951298980777,-0.3906712896374878,0.04746292079808743,0.5740417465955421,-0.39067128963748776,1,-0.42416451888337114,-0.41149303333238524,-0.33635631669670707,-0.046824531196186535,3
1857,US-Bi1,2017-10-12,US-Bi1,Croplands,38.0991537999999,-121.49933,1.6,4.6,1.5855798256107538,18.1812328125,1.110893441666667,3.329062854166668,-0.9813064702716092,0.1924515819708299,0.03582212599399603,0.1051782543342759,0.846997423209595,-0.03582212599399603,1,0.13251414352333812,-0.0761670716787167,0.05111930613736665,-0.056151963898628095,3
1858,US-Bi1,2017-10-21,US-Bi1,Croplands,38.0991537999999,-121.49933,1.5,2.8,1.813627332697337,17.294413875000004,0.50182261875,1.8564212499999997,-0.9398560579418952,0.341570769167856,-0.16607595176988407,0.08525443873137677,0.5810031471146426,-0.1660759517698841,1,-0.17652695685605818,-0.07607780214698331,-0.24562309630661072,-0.046824531196186535,3
1859,US-Bi1,2017-10-28,US-Bi1,Croplands,38.0991537999999,-121.49933,1.6,3.2,1.8024963882055267,21.28002052083333,0.8492909229166666,0.7787801041666667,-0.8919813464595487,0.4520722039323037,0.08793540946953186,0.09713399862184927,0.5865547949550843,0.08793540946953186,1,0.17637628273178924,0.10345334108466858,-0.01602339540786224,-0.061370691021821556,3
1860,US-Bi1,2017-11-05,US-Bi1,Croplands,38.0991537999999,-121.49933,1.2,1.6,1.9586330878456424,15.574752729166669,0.42852458125,2.040383416666667,-0.8214765533024145,0.5702422926917867,-0.0513724794010687,0.16962067991459712,0.6286486013695622,-0.051372479401068705,1,-0.24574522429456733,0.024942810500316714,0.06668497559104453,-0.07394630617357453,3
1861,US-Bi1,2017-11-06,US-Bi1,Croplands,38.0991537999999,-121.49933,1.0,1.7,1.3750840244944351,15.952833374999996,0.3590698645833334,1.4839041041666663,-0.8115390590073611,0.5842981736283683,-0.07277197976400493,0.03729709307469327,0.4008369025151445,-0.07277197976400496,1,-0.10299334047622344,-0.031089224416491368,-0.08423337439929998,-0.0390889313076186,3
1862,US-Bi1,2017-11-13,US-Bi1,Croplands,38.0991537999999,-121.49933,1.0,1.3000001,1.6992504093369043,20.090015833333336,0.3483510895833333,1.8304511875,-0.7354170229639858,0.6776147890466887,0.11888788743023027,0.21532946991205992,0.7590768641285158,0.11888788743023027,1,-0.08321370264673311,0.34536990297971953,0.09450746195770438,-0.08059448845200758,3
1863,US-Bi1,2017-12-07,US-Bi1,Croplands,38.0991537999999,-121.49933,0.8,1.5,1.1052536552329562,14.315239729166668,0.2941475875,1.1567946458333334,-0.4014879892059737,0.9158642882672868,0.22505897393821506,0.08174936406326178,0.4247708873133244,0.22505897393821506,1,0.311286259155324,0.148679733667613,0.21521092899170818,-0.0390889313076186,3
1864,US-Bi1,2017-12-08,US-Bi1,Croplands,38.0991537999999,-121.49933,1.0,1.2,0.8887107656025649,14.59124016666667,0.2625175416666666,0.9062821875,-0.3856634062436074,0.9226395488404876,0.28000876451799467,0.1750774102606314,0.501474492011761,-0.28000876451799467,1,0.4262990506087431,0.0860271049298772,0.32770013801536374,-0.0662107062850066,3
1865,US-Bi1,2018-01-25,US-Bi1,Croplands,38.0991537999999,-121.49933,1.1,1.1,1.5824701155890637,17.990268083333333,0.1975796083333333,2.3737839374999994,0.4171936026123168,0.9088176373395028,0.009055328587935313,0.0855440870809711,0.9132455754443398,0.00905532858793534,1,-0.0861717473328675,0.033939065774968524,0.07939866732170492,0.08443208104712964,3
1866,US-Bi1,2018-02-01,US-Bi1,Croplands,38.0991537999999,-121.49933,1.0,1.7,1.06990386425234,19.51422439583333,0.40249530625,1.2647923541666668,0.5234156073655503,0.8520775211013093,-0.01937642864222518,0.08246200674044875,0.5680862815689024,-0.019376428642225177,1,-0.03858828260084851,-0.09053659019186366,0.07099558686603663,-0.0390889313076186,3
1867,US-Bi1,2018-02-09,US-Bi1,Croplands,38.0991537999999,-121.49933,1.3,2.1000001,1.5386059399209966,19.539624270833333,0.4478996770833334,1.1786252916666664,0.6354323008901774,0.7721565844991642,0.028517886569921085,0.044276410782180385,0.5544266060211777,0.028517886569921075,1,-0.0018914424350645054,0.0793154588470294,0.008129643297798361,-0.046824531196186535,3
1868,US-Bi1,2018-02-10,US-Bi1,Croplands,38.0991537999999,-121.49933,1.3,2.8,3.0988316711048527,18.528696479166666,0.6815170854166669,5.021956020833332,0.6486295610349814,0.7611042586607747,-0.10974621005662259,0.22521355413409994,1.230753451788889,-0.10974621005662266,1,-0.09502426770074371,0.10774519984170272,-0.3419595623108268,-0.04135265904973273,3
1869,US-Bi1,2018-02-17,US-Bi1,Croplands,38.0991537999999,-121.49933,1.3,1.8000001,1.7806798307040883,15.548181666666665,0.5316791395833332,1.1057692083333337,0.7354170229639855,0.6776147890466889,0.008703817837404204,0.03657166123249572,0.35358735723087414,0.008703817837404204,1,0.04900434781179941,-0.0005200173512917017,-0.022372876948295095,0.03384864290664005,3
1870,US-Bi1,2018-02-25,US-Bi1,Croplands,38.0991537999999,-121.49933,1.7,2.6000001,1.9381702754992025,13.50485964583333,0.4195316041666665,2.514859749999999,0.8214765533024142,0.5702422926917871,-0.12538742800306074,0.18857092542918943,0.7394381570385224,-0.12538742800306074,1,0.02035194167787807,-0.058153504713786,-0.3383607209732743,-0.08849246599920958,3
1871,US-Bi1,2018-03-05,US-Bi1,Croplands,38.0991537999999,-121.49933,1.4,2.4,1.7198282523321482,14.277974083333335,0.3030736395833333,1.9470931458333325,0.8919813464595485,0.4520722039323043,0.16745239598274916,0.1792064903475044,0.5178923932693347,0.16745239598274916,1,0.282038541934231,0.25938223528813037,-0.03906358927411391,-0.07394630617357453,3
1872,US-Bi1,2018-03-29,US-Bi1,Croplands,38.0991537999999,-121.49933,4.5,4.3,3.705877885031836,21.027269666666673,0.7082445125000002,1.3634883958333337,0.9984354211555644,0.0559169901006034,-1.1507145432630514,0.07577444269948239,0.7971151438054523,0.43752968667327674,1,-1.2238630968227364,-1.0725622314104502,-1.1557183015559682,-0.2034209294941143,3
1873,US-Bi1,2018-04-14,US-Bi1,Croplands,38.0991537999999,-121.49933,3.8,4.4,4.408724658486489,19.73385777083333,0.6543513854166668,1.4797787500000004,0.9760105506323684,-0.2177232303965317,-0.5585315540270271,0.1819632501980516,0.4683304141122978,-0.5585315540270273,1,-0.7677318226007213,-0.4708742690920271,-0.43698857038833283,-0.12288899839145292,3
1874,US-Bi1,2018-04-15,US-Bi1,Croplands,38.0991537999999,-121.49933,4.3,2.8,4.565883463162968,17.9250710625,0.4792431666666666,4.299301145833334,0.9721181966290612,-0.2344913895704098,-1.3721007292001735,0.3923709451567795,1.3031263700044668,-1.3721007292001735,1,-1.0260225067325817,-1.7983736386392613,-1.2919060422286772,-0.19381609313896683,3
1875,US-Bi1,2018-04-22,US-Bi1,Croplands,38.0991537999999,-121.49933,5.0,5.4,4.5428340386178485,22.41244760416667,0.6969381854166667,1.448097708333334,0.9368813462954316,-0.3496474552512284,-1.144303315554733,0.14246412473435915,0.531944087195587,-0.2299713927904301,1,-1.2411312684440776,-0.98071865060482,-1.2110600276153014,-0.25353017833494834,3
1876,US-Bi1,2018-05-01,US-Bi1,Croplands,38.0991537999999,-121.49933,2.4,5.1,2.46916573556733,19.612298125,0.6667283520833333,4.160526208333333,0.8717063187093218,-0.4900286664290592,0.33959190405349454,0.11902294047608243,0.9688957164071159,-0.2012604329188344,1,0.3937637937889466,0.42189295627153095,0.20311896210000624,-0.018522852769899893,3
1877,US-Bi1,2018-05-08,US-Bi1,Croplands,38.0991537999999,-121.49933,4.5,5.8,5.2267834772287,22.16633039583333,0.815098475,4.107415770833333,0.8064799463209448,-0.5912614448635781,-0.6866312815202119,0.36843789408010524,0.7984062998709922,-0.6866312815202118,1,-0.26698514889989855,-0.9570292958435003,-0.8358793998172369,-0.11402950148074868,3
1878,US-Bi1,2018-05-09,US-Bi1,Croplands,38.0991537999999,-121.49933,4.7,5.6,5.207503789376872,21.51920916666666,0.6760157791666668,5.181803895833333,0.7961828637826158,-0.6050560696488488,-0.6495237157929362,0.5351628421791786,1.1161214341033339,-0.6495237157929363,1,-0.23044227395972502,-1.252354821136296,-0.46577405228278757,3.2957693867761577,3
1879,US-Bi1,2018-05-17,US-Bi1,Croplands,38.0991537999999,-121.49933,5.7,5.7000003,5.2455972485124,20.293217895833333,0.5512937541666666,3.480427687499999,0.705583610107178,-0.7086266782644596,-1.7333691799464377,0.21642350422062634,0.7877449320648138,-0.8245636769712374,1,-1.8073303954967632,-1.9031165023715122,-1.4896606419710376,-0.9133987750379214,3
1880,US-Bi1,2018-05-24,US-Bi1,Croplands,38.0991537999999,-121.49933,3.0,5.1,4.314501903249654,19.167384020833328,0.44206910625,6.427855541666666,0.6152845999633276,-0.7883050558305255,0.5235587047183955,0.36699062999841453,0.899027907208291,0.5235587047183955,1,0.5816012354104609,0.13100556872031294,0.8580693100244126,0.07894610380318003,3
1881,US-Bi1,2018-06-01,US-Bi1,Croplands,38.0991537999999,-121.49933,3.2,6.9,2.862156725175796,22.3746761875,0.9595302354166666,2.9215886666666653,0.5012418134457758,-0.865307254363206,0.0043158743058982485,0.19398074162219586,1.0184104429413323,-0.0043158743058982485,1,0.19980617964239883,-0.18811921188159386,0.0012606551568897784,0.027774513058408078,3
1882,US-Bi1,2018-06-02,US-Bi1,Croplands,38.0991537999999,-121.49933,2.8,7.8,3.6007708513645293,27.26433604166667,1.550660304166667,1.7247144791666666,0.48627270710869,-0.8738071036110808,-1.1054021489069432,0.20727045435110378,0.8939281673892501,-1.1054021489069432,1,-1.3296387408477868,-1.0657373164353747,-0.9208303894376679,-0.33702953057868457,3
1883,US-Bi1,2018-06-18,US-Bi1,Croplands,38.0991537999999,-121.49933,5.0,7.3,5.378851004468834,23.39263458333333,0.8190169895833334,4.070076812500001,0.2303056702306122,-0.973118337233262,-0.2538327507735392,0.18982011645546518,0.9499270821045057,-0.2538327507735392,1,-0.47011844375840695,-0.11491571267989512,-0.17646409588231543,-0.0349827282513865,3
1884,US-Bi1,2018-06-25,US-Bi1,Croplands,38.0991537999999,-121.49933,2.0,6.9,2.099715161232178,23.67775568750001,0.7756864312500001,4.187060979166668,0.1116590071216951,-0.993746580436178,0.5879917375648563,0.2197130787357074,0.9641834381530565,-0.38856141510050024,1,0.791822279072979,0.3552572414312573,0.6168956921903326,-0.07361720275657949,3
1885,US-Bi1,2018-07-03,US-Bi1,Croplands,38.0991537999999,-121.49933,3.2,6.9,3.1449851845983936,23.03614614583334,0.7035841999999999,3.4359171666666675,-0.0258184402271323,-0.9996666485105112,0.4564311845569294,0.058771358109335266,0.8732060542749454,-0.4564311845569293,1,0.3963551712534949,0.4591337379804687,0.5138046444368245,-0.02577688606703054,3
1886,US-Bi1,2018-07-04,US-Bi1,Croplands,38.0991537999999,-121.49933,3.0,5.7000003,3.221041557930576,21.606880000000004,0.5736151562499998,3.2063186875,-0.0430222330045303,-0.99907411510223,0.7205970775426285,0.09160526390994564,0.7412476775091441,-0.27851396168147646,1,0.6175241974228456,0.7927128862485799,0.7515541489564599,-0.06405099088870454,3
1887,US-Bi1,2018-07-11,US-Bi1,Croplands,38.0991537999999,-121.49933,4.6,8.0,6.824828190848728,26.17870614583333,1.14434213125,1.6993176041666664,-0.1628070129385164,-0.9866579328916572,-0.7259988821414135,0.11514247843601923,0.8146430802859929,-0.7259988821414134,1,-0.593073039337012,-0.7900471448837152,-0.7948764622035132,-0.31536482169968716,3
1888,US-Bi1,2018-07-19,US-Bi1,Croplands,38.0991537999999,-121.49933,6.5,8.6,7.228846738426922,26.02272377083333,1.0467489791666669,2.1397846874999997,-0.2967128192734901,-0.9549667548552552,-1.6990256783115567,0.2428842855650239,0.8858251849375719,-1.699025678311557,1,-1.5379481930544505,-1.5807345716169579,-1.978394270263261,-1.6175052058524162,3
1889,US-Bi1,2018-07-20,US-Bi1,Croplands,38.0991537999999,-121.49933,6.1,7.8,7.624863185402355,25.964206875,0.9497336770833332,2.6687867500000007,-0.3131070409358267,-0.9497178427914316,-1.3973139810664463,0.039390054729676584,0.8689021349002226,-1.3973139810664463,1,-1.35489348185036,-1.4043132368211222,-1.4327352245278564,-0.7884975281222592,3
1890,US-Bi1,2018-07-27,US-Bi1,Croplands,38.0991537999999,-121.49933,4.7,8.5,3.3703701145780336,25.860988416666668,1.29481584375,3.2093223541666664,-0.4250003399695539,-0.9051931898913976,-0.7984627596209162,0.11235096360378753,1.1037227605937399,0.7984627596209162,1,-0.7848481804501298,-0.9170006244675215,-0.6935394739450973,-0.29527533510864706,3
1891,US-Bi1,2018-08-04,US-Bi1,Croplands,38.0991537999999,-121.49933,3.3,8.8,3.140617206085122,27.452232229166665,1.6275898041666663,2.8585766458333333,-0.5452404385406507,-0.8382797052177745,-0.7902784148353188,0.1965761948660963,1.2852353874002227,-0.4715128270055633,1,-1.0150920027590384,-0.6507360648319582,-0.7050071769149595,-0.3549651527354217,3
1892,US-Bi1,2018-08-12,US-Bi1,Croplands,38.0991537999999,-121.49933,4.1,8.0,5.0083128668242844,26.4619840625,1.3175778625000003,1.3008565833333334,-0.655156357209085,-0.7554933140726804,-1.3225704156037053,0.1016390466494126,0.8088002318796269,-1.322570415603705,1,-1.3911330554620385,-1.2057974650957712,-1.3707807262533063,-0.4177420186373607,3
1893,US-Bi1,2018-08-20,US-Bi1,Croplands,38.0991537999999,-121.49933,5.3,6.5,5.66419553102804,22.907165249999995,0.7195399208333334,2.5191903125,-0.7526668275320083,-0.6584015846980489,-1.1045133312422213,0.07500285600587094,0.691995694818862,-1.1045133312422213,1,-1.1624462119144974,-1.0197950800673645,-1.131298701744802,-0.29535219135683133,3
1894,US-Bi1,2018-08-21,US-Bi1,Croplands,38.0991537999999,-121.49933,4.7,5.0,4.612193362196511,21.182278229166663,0.4085136083333333,4.067354791666667,-0.7638886127905429,-0.64534811322955,-0.03232185910205019,0.0982404787169432,0.9248087612392553,0.03232185910205019,1,0.04478078452958223,-0.14293272863566914,0.0011863667999363336,-0.018522852769899893,3
1895,US-Bi1,2018-08-28,US-Bi1,Croplands,38.0991537999999,-121.49933,5.0,4.6,5.944855265991897,21.78733683333333,0.59889764375,3.342325229166668,-0.8359254794186365,-0.5488429582847199,-0.533536806785674,0.08486435674005982,0.8571104545110956,-0.5335368067856741,1,-0.4998935532548805,-0.6300645039836368,-0.47065236311850434,-0.06629780395267944,3
1896,US-Bi1,2018-09-05,US-Bi1,Croplands,38.0991537999999,-121.49933,5.7,5.4,6.0448186894998335,22.054636062499995,0.6686033187499999,2.326650375,-0.9033558023246842,-0.4288919379124841,-1.3939575236004342,0.12597216118744428,0.7977316948872831,-1.3939575236004342,1,-1.5388765439406262,-1.310642436432098,-1.3323535904285786,-0.595782443144747,3
1897,US-Bi1,2018-09-06,US-Bi1,Croplands,38.0991537999999,-121.49933,5.6,5.7000003,5.617999853408749,23.07523610416667,0.8734849895833338,1.8190691041666665,-0.9106046300942162,-0.4132786077829044,-1.1725084318284944,0.24809116148284244,0.8002334657057826,-1.1725084318284944,1,-1.4378255286363149,-0.9462851838204704,-1.1334145830286981,-0.6043498028735426,3
1898,US-Bi1,2018-09-13,US-Bi1,Croplands,38.0991537999999,-121.49933,4.6,4.8,4.793205372589165,21.496163249999995,0.8549848208333333,1.8131646875000005,-0.9536809966304456,-0.300819807635668,-0.9650943259487557,0.19043646039410828,0.7623042489031674,-0.9650943259487557,1,-1.1622419827406985,-0.7821662059398408,-0.9508747891657274,-0.23687746401666215,3
1899,US-Bi1,2018-09-21,US-Bi1,Croplands,38.0991537999999,-121.49933,2.4,6.1,2.6931735678367805,24.18080689583333,1.5070726145833333,1.3200410208333333,-0.9859481499638304,-0.1670516255021195,-0.8951491791824804,0.11802197588830451,0.7264360223530193,-0.8951491791824804,1,-0.9511718642200551,-0.759549357431644,-0.9747263158957422,-0.249499010494395,3
1900,US-Bi1,2018-09-22,US-Bi1,Croplands,38.0991537999999,-121.49933,2.0,5.6,2.9571682565164705,23.74955341666667,1.323123620833333,1.8026419583333333,-0.9886775902323404,-0.1500553983446526,-0.3160074768136336,0.09929053458318876,0.6596755410382915,-0.3160074768136336,1,-0.4040374841233808,-0.33560574706916163,-0.2083791992483583,-0.06405099088870454,3
1901,US-Bi1,2018-09-29,US-Bi1,Croplands,38.0991537999999,-121.49933,3.0,3.7,3.4134903640684384,21.4001409375,0.7082774125000001,2.337623125,-0.9995462806873572,-0.0301203048469083,-0.38011564179965984,0.18689996414371648,0.5618574015867074,-0.38011564179965984,1,-0.17888998588186752,-0.41318016743153074,-0.5482767720855812,-0.08849246599920958,3
1902,US-Bi1,2018-10-07,US-Bi1,Croplands,38.0991537999999,-121.49933,4.2,5.5,4.7946546904308285,23.06990533333333,1.4525371375,6.340625583333331,-0.994217906893952,0.107381346664163,-1.9302379049571476,0.6361305927246131,1.6845102298863803,-1.9302379049571474,1,-1.2968642161378479,-1.9247594831853823,-2.569090015548213,-20.472891741768166,3
1903,US-Bi1,2018-10-08,US-Bi1,Croplands,38.0991537999999,-121.49933,3.2,4.4,2.9543034334000016,21.839989937499997,1.2568844,1.6779236875,-0.9922222094179324,0.1244792638867886,-0.5423565136171872,0.05602784523520566,0.6844251806905505,-0.05096338041718995,1,-0.606797782306696,-0.5150968881380815,-0.5051748704067838,-0.08943246386890506,3
1904,US-Bi1,2018-10-15,US-Bi1,Croplands,38.0991537999999,-121.49933,3.4,3.9,3.928795995644639,20.13046012500001,1.4177395958333332,2.507675208333334,-0.970063921851507,0.2428497220959358,-0.8900041134818834,0.25366164943738095,0.8702259979140552,-0.8900041134818832,1,-0.623929375937993,-1.1290952795738922,-0.916987684933765,-0.20841340793174148,3
1905,US-Bi1,2018-10-24,US-Bi1,Croplands,38.0991537999999,-121.49933,2.7,2.8,2.230876514431704,19.968062041666663,0.7398675395833334,1.2215239791666663,-0.9209712877166346,0.3896304495307877,-0.002710535764012867,0.24300502174738328,0.638619532301887,0.002710535764012867,1,-0.2801507252908203,0.17236401568551263,0.09965510231326907,-0.007819291896382932,3
1906,US-Bi1,2018-10-31,US-Bi1,Croplands,38.0991537999999,-121.49933,1.3,2.7,1.3311580992015597,18.836505479166664,1.0549427395833335,1.3100204375000002,-0.867456354729597,0.4975132889071803,-0.11179936197877173,0.10775972366752032,0.37830302972406066,-0.11179936197877172,1,-0.002470231796798339,-0.21791792608966137,-0.11500992804985549,-0.046824531196186535,3
1907,US-Bi1,2018-11-08,US-Bi1,Croplands,38.0991537999999,-121.49933,2.0,3.4,1.7670247206565446,18.11687995833334,1.2668456687500005,4.090547291666668,-0.7909456567567774,0.6118864012687242,-0.22983931062745747,0.4972779940019072,0.8599559656859468,0.22983931062745747,1,0.3219208757788418,-0.3680388829090721,-0.6433999247521421,3.3802488453494757,3
1908,US-Bi1,2018-11-09,US-Bi1,Croplands,38.0991537999999,-121.49933,1.0,1.6,0.8703360739601852,13.78788733333333,0.7410565354166669,0.8202658541666666,-0.780295851070776,0.6254105729852457,-0.09319009669166733,0.1333439537369778,0.43405832262073246,0.09319009669166733,1,0.016501433308383995,-0.24161169288167045,-0.05446003050171552,-0.0390889313076186,3
1909,US-Bi1,2018-11-16,US-Bi1,Croplands,38.0991537999999,-121.49933,0.8,1.3000001,0.6139474699440967,12.864714854166666,0.4383438125,0.5989069374999999,-0.6994583270516471,0.7146733860429608,0.05029060004437344,0.17726670909373787,0.49084663730964173,-0.05029060004437344,1,0.23748349490769588,-0.11501777970988472,0.02840608493530916,-0.0662107062850066,3
1910,US-Bi1,2018-11-25,US-Bi1,Croplands,38.0991537999999,-121.49933,0.8,1.0,1.545543397060987,20.60906356249999,0.4002787895833333,1.3684449999999997,-0.5808002734538014,0.8140460935082175,0.16105103147993174,0.09862800297163014,0.7367058408526062,0.16105103147993172,1,0.07515805968197509,0.13923424833728082,0.2687607864205393,-0.0390889313076186,3
1911,US-Bi1,2018-12-02,US-Bi1,Croplands,38.0991537999999,-121.49933,0.7,0.90000004,1.012467969958708,16.869206729166667,0.2306376958333333,1.4932866666666664,-0.4787338401157883,0.8779600847008883,0.15161600726671295,0.06328511739701946,0.5279249454074231,0.15161600726671295,1,0.10645400354069001,0.12444461070972307,0.22394940754972575,-0.0390889313076186,3
1912,US-Bi1,2018-12-26,US-Bi1,Croplands,38.0991537999999,-121.49933,0.8,1.1,1.664469443618661,18.071113354166663,0.4478114312500001,2.0323963125000004,-0.0859647987374467,0.9962981749346076,0.08401768754074145,0.1010791515735554,0.6938635972853537,0.08401768754074146,1,-0.02291210989062714,0.09696704974517306,0.1779981227676784,-0.0390889313076186,3
1913,US-Bi1,2018-12-27,US-Bi1,Croplands,38.0991537999999,-121.49933,0.8,1.8000001,2.827262129721709,16.810852833333332,0.4413766333333333,5.133024374999999,-0.0688024268023206,0.9976303053065856,0.3528392828486458,0.20519007232737826,1.2837371819702235,0.35283928284864574,1,0.21049516365664178,0.25997909079789355,0.5880435940914022,-0.05386585127488185,3
1953,US-Bi2,2017-04-27,US-Bi1,Croplands,38.109,-121.535,2.9,4.6,4.270343719985835,18.5206645625,0.676530075,5.022762125000002,0.9033558023246844,-0.4288919379124835,-0.007921708151462278,0.114523639062425,1.1315198344765096,-0.007921708151462203,1,0.00615605017714882,-0.12883343941156594,0.09891226478003029,0.0718184376665762,3
1954,US-Bi2,2017-05-05,US-Bi1,Croplands,38.109,-121.535,2.3,4.8,2.146699584260994,19.30808533333333,0.7470541062500002,6.676333895833335,0.835925479418637,-0.548842958284719,0.11397366388913595,0.3530576901991907,1.0679344786925369,-0.11397366388913593,1,0.12837055532592434,-0.2460622511356029,0.45961268747708645,-0.05236373882344091,3
1955,US-Bi2,2017-05-13,US-Bi1,Croplands,38.109,-121.535,1.8,5.2000003,1.8194555893897204,16.305710354166667,0.7940637166666665,4.873422166666666,0.7526668275320084,-0.6584015846980488,0.4126395923669753,0.18332177438484562,0.952967809598686,-0.37372841358753456,1,0.6237820455938383,0.32014587689346324,0.29399085461362434,-0.045644627747287905,3
1956,US-Bi2,2017-05-21,US-Bi1,Croplands,38.109,-121.535,0.9,6.4,1.3454825683146985,26.81691295833333,1.8562947729166668,2.267878958333333,0.6551563572090853,-0.7554933140726803,0.4806168327559556,0.24598629821500342,0.8828035736525717,0.4103483038734413,1,0.3934389948871468,0.29009193888148205,0.758319564499238,-0.04500068349721656,3
1957,US-Bi2,2017-06-06,US-Bi1,Croplands,38.109,-121.535,1.6,6.9,1.2313673072452311,23.782386791666664,1.3985014354166667,3.792391895833333,0.4250003399695541,-0.9051931898913974,0.5458498700152948,0.18661114677861848,1.0253735115032512,-0.5458498700152948,1,0.6724198074953167,0.3315392137358503,0.6335905888147173,-0.05289866104441856,3
1958,US-Bi2,2017-06-14,US-Bi1,Croplands,38.109,-121.535,1.4,7.4,1.8304668301981333,25.418548854166666,1.5752437458333333,3.390640458333333,0.2967128192734907,-0.9549667548552552,0.5414026623836801,0.2865507242161605,1.012061265047216,0.31953099801258666,1,0.573123452151709,0.24031137651628093,0.8107731584830502,-0.0527362833857845,3
1959,US-Bi2,2017-06-15,US-Bi1,Croplands,38.109,-121.535,4.0,7.5,1.5729024146327168,26.100956625,1.549809716666667,5.327494312500002,0.2802306751992158,-0.9599326896597448,-0.495209116572979,0.2587927640241772,0.9920046000059994,0.49520911657297906,1,-0.21171005788201167,-0.7187810603430876,-0.5551362314938375,-0.09534421605850296,3
1960,US-Bi2,2017-06-22,US-Bi1,Croplands,38.109,-121.535,3.1,8.7,3.753332698560033,33.2185715,2.6297163999999995,3.966282041666666,0.1628070129385171,-0.986657932891657,-0.4017025287353657,0.18294950152935407,1.3318165693435866,-0.4017025287353657,1,-0.45466632880226443,-0.1981143131123973,-0.5523269442914354,-0.36399747762325346,3
1961,US-Bi2,2017-06-30,US-Bi1,Croplands,38.109,-121.535,3.9,7.2000003,3.731299160909456,24.18118739583333,1.1269471375000002,3.025668166666668,0.025818440227133,-0.9996666485105112,-0.14420177496929412,0.09219947147808202,0.8664273473323524,0.14420177496929412,1,-0.08545361744472357,-0.2504669002288072,-0.09668480723435166,-0.06340599719575872,3
1962,US-Bi2,2017-07-01,US-Bi1,Croplands,38.109,-121.535,3.1,6.7000003,3.4671988828844027,23.37355139583333,1.0400390208333332,2.162672020833333,0.0086069968886886,-0.9999629591162656,-0.5525345459570882,0.14980245952163943,0.7991239320139496,-0.5525345459570882,1,-0.5829326881275103,-0.38986431974934976,-0.6848066299944044,-0.13014303168858357,3
1963,US-Bi2,2017-07-08,US-Bi1,Croplands,38.109,-121.535,5.3,9.8,7.3266118827951825,30.774536791666662,2.635479483333334,2.9925065833333333,-0.1116590071216944,-0.993746580436178,-1.89285939847759,0.299722068930781,1.228112749892274,-1.89285939847759,1,-2.0469925489132765,-1.547435696362164,-2.0841499501573297,-1.8126930275742765,3
1964,US-Bi2,2017-07-16,US-Bi1,Croplands,38.109,-121.535,6.9,9.5,8.283482006655662,31.547822395833325,2.512096254166667,2.5871878541666677,-0.2470221804809352,-0.9690098257244064,-2.3658351239444584,0.2134983699550281,1.4718423468134891,-2.3658351239444584,1,-2.196743837736932,-2.2950177834582837,-2.6057437506381596,7.338307274389741,3
1965,US-Bi2,2017-07-24,US-Bi1,Croplands,38.109,-121.535,6.2,6.9,6.084303455555962,23.067027416666665,0.8642085729166665,2.5799233125,-0.3777079652039646,-0.92592477719385,-1.4348045971873689,0.04854456326784357,0.8789524272541589,-1.2034115082992927,1,-1.3803037635181392,-1.4734048585092396,-1.4507051695347275,-0.7697286001310651,3
1966,US-Bi2,2017-08-01,US-Bi1,Croplands,38.109,-121.535,6.6,8.5,6.818241041899757,29.062317520833336,1.7978413395833337,1.5742067500000003,-0.5012418134457756,-0.8653072543632061,-1.7821908634812476,0.38961204569098284,1.0478819871377527,-1.7821908634812473,1,-1.5398466270128666,-1.5751107929406631,-2.231615170490213,-1.5236802608146633,3
1967,US-Bi2,2017-08-09,US-Bi1,Croplands,38.109,-121.535,5.7,6.2000003,5.505685760799973,23.63397585416666,0.7166365708333334,2.193540708333334,-0.6152845999633277,-0.7883050558305253,-0.8159651518737956,0.05697496293966629,0.6414091675261927,-0.42733667347374116,1,-0.8736118758154867,-0.7596865933808126,-0.8145969864250877,-0.5630332385674588,3
1968,US-Bi2,2017-08-17,US-Bi1,Croplands,38.109,-121.535,5.6,6.2000003,5.890923363450187,25.387912625,0.9793942583333336,2.484432333333334,-0.7176769136759615,-0.6963762255968726,-1.0384622403278696,0.14186604567618705,0.7314913463691897,-1.0384622403278696,1,-1.1801086527660531,-0.8963775767959921,-1.038900491421564,-0.608832642441575,3
1969,US-Bi2,2017-08-25,US-Bi1,Croplands,38.109,-121.535,5.1,6.6,5.563817542937097,25.340122375,1.1531800520833333,1.2148016666666666,-0.8064799463209447,-0.5912614448635782,-0.5585645749764805,0.11920565171314244,0.6984019747311149,-0.5585645749764805,1,-0.6389487186906861,-0.4216058793286539,-0.6151391269101014,-0.0787705643730036,3
1970,US-Bi2,2017-09-10,US-Bi1,Croplands,38.109,-121.535,3.9,5.9,4.407640092339396,28.79467087500001,1.5443427312500002,1.2208246666666671,-0.9368813462954316,-0.3496474552512282,-0.7220766727356649,0.23601391834905408,0.8593704083277499,-0.7220766727356649,1,-0.9677068700207314,-0.4970269210113686,-0.7014962271748948,-0.2477852880750241,3
1971,US-Bi2,2017-09-18,US-Bi1,Croplands,38.109,-121.535,3.8,5.1,1.8806530271723716,22.88937964583333,0.7604894458333334,3.0323786874999987,-0.9760105506323682,-0.2177232303965322,-0.6271816725940265,0.1954178435355878,0.6975525929495634,0.6271816725940265,1,-0.5518650570854492,-0.8490509711804295,-0.4806289895162007,-0.2359399331643335,3
1972,US-Bi2,2017-09-26,US-Bi1,Croplands,38.109,-121.535,1.0,5.8,0.5453277240004764,23.68725356249999,1.6510123041666669,1.6732384583333333,-0.99665890175417,-0.0816763953304228,-0.2632593224889756,0.15271047298005835,0.5087752050937856,0.2632593224889756,1,-0.4251131035775362,-0.24293774291902626,-0.12172712097036431,-0.0688910061518896,3
1973,US-Bi2,2017-10-04,US-Bi1,Croplands,38.109,-121.535,0.9,4.1,0.4850943858370904,18.064468718750003,0.9886277916666666,1.5691068333333331,-0.9984354211555644,0.055916990100603,-0.3604562996741661,0.013051137322564235,0.4896110134992965,0.3604562996741661,1,-0.34612107211309423,-0.3635979820728174,-0.37164984483658664,-0.0390889313076186,3
1974,US-Bi2,2017-10-05,US-Bi1,Croplands,38.109,-121.535,0.8,4.4,0.3991877806446268,19.46970027083333,1.2488724916666667,1.954434729166666,-0.9973249731081556,0.0730951298980777,-0.13245815769405694,0.011819390900599159,0.5686089359080685,0.13245815769405694,1,-0.14604693729561433,-0.12456522205154497,-0.1267623137350115,-0.0390889313076186,3
1975,US-Bi2,2017-10-12,US-Bi1,Croplands,38.109,-121.535,0.9,4.6,0.5918529686773311,17.532680916666667,1.2475473583333332,3.9180224791666665,-0.9813064702716092,0.1924515819708299,0.3092443583905986,0.056623481209186824,0.7164917975850068,-0.3092443583905986,1,0.2976605835079385,0.2593085081795888,0.3707639834842686,-0.0390889313076186,3
1976,US-Bi2,2017-10-21,US-Bi1,Croplands,38.109,-121.535,0.9,2.8,0.8796787513259746,16.363698041666673,0.5654104166666668,2.382899979166666,-0.9398560579418952,0.341570769167856,-0.06889867890292015,0.1232802221524008,0.6913975187585404,-0.028256181554869336,1,-0.03989005073901872,0.03729036968674282,-0.20409635565648454,-0.0390889313076186,3
1977,US-Bi2,2017-10-28,US-Bi1,Croplands,38.109,-121.535,0.6,3.2,0.2978499874497881,21.1943143125,0.9660233708333332,1.2057766041666664,-0.8919813464595487,0.4520722039323037,-0.16707425565764908,0.11504691767562594,0.4272012544770494,0.16707425565764908,1,-0.13948838993062418,-0.0683280474380247,-0.2934063296042983,-0.0390889313076186,3
1978,US-Bi2,2017-11-05,US-Bi1,Croplands,38.109,-121.535,0.8,1.6,0.9845830385955284,13.808593083333331,0.4668699750000001,2.322190895833334,-0.8214765533024145,0.5702422926917867,-0.004155557282063367,0.1300962992398674,0.6223318805907445,-0.004155557282063377,1,-0.152596456951962,0.09004041644595168,0.05008936865982022,0.04158424279520798,3
1979,US-Bi2,2017-11-06,US-Bi1,Croplands,38.109,-121.535,0.5,1.7,0.5730926751385947,14.266487729166668,0.3982722687500001,1.4311795208333329,-0.8115390590073611,0.5842981736283683,-0.09405614274958675,0.07688012158421595,0.324373324649908,-0.09405614274958674,1,-0.12291384854108536,-0.006922560247419773,-0.15233201946025512,-0.0390889313076186,3
1980,US-Bi2,2017-11-13,US-Bi1,Croplands,38.109,-121.535,0.5,1.3000001,0.803069253026803,17.6421034375,0.3683971729166665,1.5961267916666668,-0.7354170229639858,0.6776147890466887,0.0695267021092748,0.14884148430479027,0.4795139079842591,0.06952670210927481,1,-0.09381860379077583,0.19748672623511104,0.10491198388348916,-0.0662107062850066,3
1981,US-Bi2,2017-11-29,US-Bi1,Croplands,38.109,-121.535,0.6,1.2,0.9953401562468212,14.660596875,0.3454399729166665,1.8680318541666665,-0.5234156073655503,0.8520775211013093,0.12305738096035396,0.13515154541893437,0.4460095652202652,0.12305738096035396,1,-0.02583071705385198,0.1570021592158689,0.23800070071904494,-0.0390889313076186,3
1982,US-Bi2,2017-12-07,US-Bi1,Croplands,38.109,-121.535,0.8,1.5,0.8533176620007794,11.657338166666667,0.3063686145833333,1.0138194999999997,-0.4014879892059737,0.9158642882672868,0.2749482573124651,0.08933792585574937,0.39352333278600504,-0.16831293331090635,1,0.3741577701694179,0.20086147859778947,0.24982552317018786,-0.0390889313076186,3
1983,US-Bi2,2017-12-08,US-Bi1,Croplands,38.109,-121.535,0.6,1.2,0.840395149770482,12.492619395833335,0.3099434104166667,1.1168416041666671,-0.3856634062436074,0.9226395488404876,0.17008456321375087,0.09896638495197689,0.31317250801403973,0.17008456321375087,1,0.2637820369051535,0.06657955647362779,0.17989209626247127,-0.0390889313076186,3
1984,US-Bi2,2018-02-01,US-Bi1,Croplands,38.109,-121.535,1.4,1.7,1.980585036134764,17.404384062500004,0.4435078541666666,1.2873069375,0.5234156073655503,0.8520775211013093,-0.02987968303805333,0.11765573854158734,0.4898600759293744,-0.02987968303805333,1,-0.059969896283341706,-0.12956821190172224,0.09989905907090396,-0.046824531196186535,3
1985,US-Bi2,2018-02-09,US-Bi1,Croplands,38.109,-121.535,1.6,2.1000001,2.069510239465536,18.8055704375,0.5225860229166666,1.2783171458333331,0.6354323008901774,0.7721565844991642,-0.026336439732188854,0.024290538495219633,0.5535402299481395,-0.026336439732188854,1,-0.009598303039332678,-0.015214321726160274,-0.05419669443107361,-0.061370691021821556,3
1986,US-Bi2,2018-02-17,US-Bi1,Croplands,38.109,-121.535,1.4,1.8000001,1.6593737204481354,14.934311499999998,0.5999036729166668,0.91265525,0.7354170229639855,0.6776147890466889,-0.012157094322282189,0.0649003066326531,0.43961662032750154,-0.01215709432228218,1,0.05231275168974825,-0.07747946233998135,-0.01130457231661347,0.03384864290664005,3
1987,US-Bi2,2018-02-25,US-Bi1,Croplands,38.109,-121.535,1.2,2.6000001,2.1974565958835046,12.551598625000004,0.4934401958333334,2.949285604166666,0.8214765533024142,0.5702422926917871,0.08823803617931357,0.2401038554691773,0.7167725894839068,0.08823803617931358,1,0.32593344323591605,0.0929845538319018,-0.15420388852987715,-0.08833008834057553,3
1988,US-Bi2,2018-03-05,US-Bi1,Croplands,38.109,-121.535,1.7,2.4,3.0313217393246887,12.180331354166665,0.3267129166666667,2.096602083333334,0.8919813464595485,0.4520722039323043,-0.0410211489100103,0.12265664211515621,0.6245158479854208,-0.0410211489100103,1,0.07826252099020542,-0.03453276061599331,-0.166793207104243,-0.061370691021821556,3
1989,US-Bi2,2018-03-29,US-Bi1,Croplands,38.109,-121.535,1.8,4.3,2.57328320090945,21.297596875,0.9468620291666664,1.775390833333333,0.9984354211555644,0.0559169901006034,0.5337194095049862,0.0692706477884145,0.5974674468228854,0.5337194095049862,1,0.4857318402669029,0.61313266312177,0.5022937251262858,-0.061370691021821556,3
1990,US-Bi2,2018-04-14,US-Bi1,Croplands,38.109,-121.535,2.2,4.4,3.1333511659676487,19.380028729166664,0.8612645854166666,1.6524658124999998,0.9760105506323684,-0.2177232303965317,0.5886653029372001,0.14218045802715307,0.5514447685308158,0.5886653029372001,1,0.748382620771926,0.5417166186866746,0.4758966693529995,-0.08331779165540698,3
1991,US-Bi2,2018-04-15,US-Bi1,Croplands,38.109,-121.535,2.6,2.8,3.6320364326133454,16.674165937499996,0.5496320854166664,4.459027812499999,0.9721181966290612,-0.2344913895704098,-0.22510192301019014,0.055759826072212575,1.1362872730278202,-0.22510192301019005,1,-0.24350144011569355,-0.16246761073686722,-0.2693367181780097,0.014128348201990923,3
1992,US-Bi2,2018-04-22,US-Bi1,Croplands,38.109,-121.535,2.2,5.4,2.166082111801268,22.44224560416667,0.9237595062499998,1.6859957916666666,0.9368813462954316,-0.3496474552512284,0.3936213996206825,0.10660266683100605,0.7208815914735835,-0.3936213996206825,1,0.4903536383470481,0.2793289268870793,0.41118163362792,-0.06405099088870454,3
1993,US-Bi2,2018-05-01,US-Bi1,Croplands,38.109,-121.535,2.8,5.1,2.67742451261892,18.726688729166668,0.7654471624999998,4.358161458333335,0.8717063187093218,-0.4900286664290592,0.22540976224100384,0.15698737183001985,0.9846093527018935,-0.22540976224100384,1,0.3967264491942248,0.19106398537946323,0.08843885214932351,-0.045644627747287905,3
1994,US-Bi2,2018-05-08,US-Bi1,Croplands,38.109,-121.535,3.1,5.8,2.584867576946503,21.82309116666667,1.0208786312499998,4.650211104166666,0.8064799463209448,-0.5912614448635781,0.14700231452993384,0.24692205912996656,1.176294460941266,-0.14700231452993384,1,0.42649068315340616,0.05609655912541417,-0.04158029868901883,-0.03005750880928111,3
1995,US-Bi2,2018-05-17,US-Bi1,Croplands,38.109,-121.535,2.2,5.7000003,3.302943083787348,19.7521513125,0.69799710625,4.4860311458333335,0.705583610107178,-0.7086266782644596,0.5064895090192784,0.20892883139082616,0.936477187120636,0.5064895090192784,1,0.7434362512715882,0.4273027461502556,0.3487295296359913,-0.0627087097811719,3
1996,US-Bi2,2018-05-24,US-Bi1,Croplands,38.109,-121.535,1.4,5.1,1.69526894834057,18.023731375,0.4970751166666668,7.88535375,0.6152845999633276,-0.7883050558305255,0.744187220928238,0.05711770278832781,1.181229993289532,-0.15364932424709765,1,0.7917963708840638,0.680854698847313,0.7599105930533367,0.028674508027625896,3
1997,US-Bi2,2018-06-01,US-Bi1,Croplands,38.109,-121.535,1.2,6.9,1.4191765264241654,22.05714841666666,1.2167415541666664,3.7468749166666657,0.5012418134457758,-0.865307254363206,0.46807487944528847,0.159234180335565,0.9387207951944394,-0.029721826596957657,1,0.4930802388077942,0.2978174115973901,0.6133269879306811,-0.0383525012187835,3
1998,US-Bi2,2018-06-02,US-Bi1,Croplands,38.109,-121.535,0.7,7.8,1.2751089548784769,27.675089312499995,2.0368263416666665,2.2160960208333336,0.48627270710869,-0.8738071036110808,0.29999006204284023,0.24763482231475809,0.8539862710013247,0.29999006204284023,1,0.10734460042005783,0.2133133398223423,0.5793122458861206,-0.08262979462594477,3
1999,US-Bi2,2018-06-18,US-Bi1,Croplands,38.109,-121.535,2.1,7.3,2.258293537545923,23.102422291666674,1.0361115333333335,5.141776958333336,0.2303056702306122,-0.973118337233262,0.32827163638894996,0.2001805259199047,1.1937355510757677,-0.011684561297104157,1,0.49954250847500464,0.10820421293693072,0.3770681877549144,-0.020247460072527756,3
2000,US-Bi2,2018-06-25,US-Bi1,Croplands,38.109,-121.535,2.4,6.9,3.393937158718689,23.01597266666666,0.9247986041666664,4.30276775,0.1116590071216951,-0.993746580436178,0.5230448458386664,0.18747425511499555,1.083371500733918,0.5230448458386664,1,0.6631555824804163,0.31007925241404993,0.5958997026215331,-0.020247460072527756,3
2001,US-Bi2,2018-07-03,US-Bi1,Croplands,38.109,-121.535,4.4,6.9,4.985412671502335,22.325507937500007,0.8239430437499999,3.480449624999999,-0.0258184402271323,-0.9996666485105112,-0.0891827980083804,0.07367450896401324,0.8811650062934966,-0.08918279800838036,1,-0.028192347126310524,-0.06831600492414866,-0.17104004197468198,-0.02577688606703054,3
2002,US-Bi2,2018-07-04,US-Bi1,Croplands,38.109,-121.535,4.2,5.7000003,4.543612725797471,20.77398420833333,0.679096108333333,3.746117708333332,-0.0430222330045303,-0.99907411510223,0.2966626416759128,0.05502595720190021,0.8598488093308194,0.2966626416759128,1,0.27984589368307905,0.35813469163050743,0.25200733971415185,-0.058832263765511074,3
2003,US-Bi2,2018-07-11,US-Bi1,Croplands,38.109,-121.535,5.5,8.0,6.790265718152509,26.10298497916667,1.4710784041666665,1.8126792083333336,-0.1628070129385164,-0.9866579328916572,-0.8175089378558414,0.10447705075295051,0.8412811955054039,-0.8175089378558416,1,-0.8207580873740339,-0.7114452114121832,-0.9203235147813069,-0.6067550832411628,3
2004,US-Bi2,2018-07-19,US-Bi1,Croplands,38.109,-121.535,6.5,8.6,6.163676526286089,26.062885562500004,1.4088103645833334,2.2280833333333336,-0.2967128192734901,-0.9549667548552552,-1.7706069858089661,0.20666432506433757,0.9622244158498047,-1.0979600383811443,1,-1.632308362863353,-1.671336401120991,-2.0081761934425546,-1.6555030167249625,3
2005,US-Bi2,2018-07-20,US-Bi1,Croplands,38.109,-121.535,6.9,7.8,6.6873595103275045,26.089876583333336,1.24073579375,2.6346216250000003,-0.3131070409358267,-0.9497178427914316,-1.9522935228553682,0.022884793340928695,0.8884389349809375,-1.5270125435103765,1,-1.935291802986936,-1.943275253033985,-1.9783135125451838,-0.9310016953428809,3
2006,US-Bi2,2018-07-27,US-Bi1,Croplands,38.109,-121.535,6.5,8.5,7.291795574962594,25.57740314583334,1.346439247916667,2.9703426875000014,-0.4250003399695539,-0.9051931898913976,-2.044878025458479,0.10180952883137545,1.0886190354193725,-2.044878025458479,1,-2.0001569262165773,-2.1613937534968364,-1.9730833966620234,-0.922586793453586,3
2007,US-Bi2,2018-08-04,US-Bi1,Croplands,38.109,-121.535,6.8,8.8,7.717578313948049,26.70649366666666,1.7223962479166666,2.3857031458333333,-0.5452404385406507,-0.8382797052177745,-2.3695254776940513,0.20430003870571467,1.1528409181602157,-2.3695254776940513,1,-2.272069093543444,-2.232202075563948,-2.604305263974762,2.3508474572804743,3
2008,US-Bi2,2018-08-05,US-Bi1,Croplands,38.109,-121.535,5.6,7.5,5.391526733205776,24.367895895833332,1.282296925,1.6454869791666666,-0.5595892624101763,-0.828770087174504,-0.842551654967302,0.10384269474353884,0.8701604489497032,-0.42560512137885453,1,-0.7614956447255841,-0.8065568030167558,-0.9596025171595659,-0.5543003784752403,3
2009,US-Bi2,2018-08-12,US-Bi1,Croplands,38.109,-121.535,5.7,8.0,6.27792777360636,26.26213647916667,1.5855086333333333,1.1812191666666667,-0.655156357209085,-0.7554933140726804,-1.2041443500991538,0.3390896975651062,0.96089709828141,-1.2041443500991538,1,-0.9530378815442591,-1.0695226834306946,-1.5898724853225081,-0.6904720158038333,3
2010,US-Bi2,2018-08-20,US-Bi1,Croplands,38.109,-121.535,5.5,6.5,4.733061286452724,22.50205795833333,0.8944374916666669,2.3858351041666666,-0.7526668275320083,-0.6584015846980489,-1.2297891137225472,0.0838776698825241,0.727622823799776,0.3040883133720049,1,-1.2946012131415303,-1.1350532370311075,-1.2597128909950033,-0.611787525005477,3
2011,US-Bi2,2018-08-21,US-Bi1,Croplands,38.109,-121.535,4.5,5.0,3.1725219590914553,20.512582,0.4836578687500002,3.771493145833333,-0.7638886127905429,-0.64534811322955,-0.16384539270244017,0.12698658665946244,0.809850959436576,0.16384539270244014,1,-0.04627856875188388,-0.29851770123746113,-0.14673990811797558,-0.061370691021821556,3
2012,US-Bi2,2018-08-28,US-Bi1,Croplands,38.109,-121.535,4.4,4.6,3.1994062143180204,21.485196062500005,0.5978586958333334,3.2022140416666662,-0.8359254794186365,-0.5488429582847199,-0.30936146761699196,0.07242140974706973,0.7310537175766536,0.309361467616992,1,-0.24368902100879758,-0.387033033086878,-0.2973623487553004,-0.061370691021821556,3
2013,US-Bi2,2018-09-06,US-Bi1,Croplands,38.109,-121.535,4.6,5.7000003,3.302620428574693,22.4669144375,0.9248808125,1.869263916666667,-0.9106046300942162,-0.4132786077829044,-0.7982408297288147,0.2952457806471576,0.7099983242439706,0.7982408297288147,1,-1.0768860417567996,-0.48880736177367806,-0.8290290856559663,-0.2896446398397961,3
2014,US-Bi2,2018-09-13,US-Bi1,Croplands,38.109,-121.535,3.5,4.8,2.4875894711435578,20.805385625,0.9117166479166664,1.6021477499999996,-0.9536809966304456,-0.300819807635668,-0.5811343226320176,0.18306164095444388,0.46769796307340633,0.5811343226320176,1,-0.7910623388865852,-0.497600092443393,-0.4547405365660747,-0.12288899839145292,3
2015,US-Bi2,2018-09-21,US-Bi1,Croplands,38.109,-121.535,3.5,6.1,2.4385772400684376,23.41518885416667,1.5427701562499998,1.3390592291666668,-0.9859481499638304,-0.1670516255021195,-1.0091338199446975,0.11775021781319571,0.7333581118248519,1.0091338199446975,1,-1.06280040892668,-0.8741107074700611,-1.0904903434373512,-0.249499010494395,3
2016,US-Bi2,2018-09-22,US-Bi1,Croplands,38.109,-121.535,1.5,5.6,1.815721994945933,22.975760208333337,1.3402663479166668,2.0173255208333334,-0.9886775902323404,-0.1500553983446526,-0.08389540285440207,0.1426119068929474,0.6529472174172548,-0.08389540285440206,1,-0.23864885876206934,-0.055269899512038034,0.04223254971090118,-0.06511717215149505,3
2017,US-Bi2,2018-09-29,US-Bi1,Croplands,38.109,-121.535,1.0,3.7,0.4045315955414153,20.851671604166665,0.6929294374999998,2.7693167083333328,-0.9995462806873572,-0.0301203048469083,0.40821792667201134,0.10589183296422945,0.8442384324352232,-0.4082179266720114,1,0.42213409922353157,0.5064636207212068,0.29605606007129565,-0.033870204184425136,3
2018,US-Bi2,2018-10-08,US-Bi1,Croplands,38.109,-121.535,0.0,4.4,0.6562955925910466,21.83596441666666,1.38151319375,2.0325261041666667,-0.9922222094179324,0.1244792638867886,0.20042870399585055,0.014876644232412346,0.6629647817972746,0.20042870399585055,1,0.18336428356984907,0.2106693375349813,0.2072524908827213,-0.0390889313076186,3
2019,US-Bi2,2018-10-24,US-Bi1,Croplands,38.109,-121.535,0.3,2.8,0.3817903949139097,19.04592020833333,0.7006077291666668,1.5879865833333326,-0.9209712877166346,0.3896304495307877,-0.06318241315318608,0.04426593085042552,0.44083444107471903,-0.06318241315318607,1,-0.012440141983283248,-0.09388168832383623,-0.08322540915243876,-0.0390889313076186,3
2020,US-Bi2,2018-10-31,US-Bi1,Croplands,38.109,-121.535,0.9,2.7,0.5243472057077951,18.355234229166665,1.025279408333333,1.47393225,-0.867456354729597,0.4975132889071803,-0.15773338037879966,0.09549926588589168,0.3671595718903463,0.15773338037879966,1,-0.048527778421222134,-0.22559182772268843,-0.1990805349924884,-0.0390889313076186,3
2021,US-Bi2,2018-11-08,US-Bi1,Croplands,38.109,-121.535,1.0,3.4,1.5040857245785757,17.404227124999995,1.2447963583333332,5.070785770833333,-0.7909456567567774,0.6118864012687242,0.081127521801281,0.2764820072733082,0.8334772685704188,0.08112752180128102,1,0.13408899039865457,0.3272978694349509,-0.21800429442976252,-0.08059448845200758,3
2022,US-Bi2,2018-11-09,US-Bi1,Croplands,38.109,-121.535,0.6,1.6,1.2713868802278976,13.373439,0.75224580625,1.1424326666666664,-0.780295851070776,0.6254105729852457,-0.11540254938967864,0.13628999633343,0.34152904602741496,-0.11540254938967864,1,-0.06641306170568342,-0.26941557639243746,-0.010379010070915018,-0.0390889313076186,3
2023,US-Bi2,2018-11-25,US-Bi1,Croplands,38.109,-121.535,0.8,1.0,1.800286559760636,16.605804604166668,0.37130401875,1.7718968541666664,-0.5808002734538014,0.8140460935082175,0.07974333404990659,0.13601470056236878,0.5617071840157777,0.07974333404990663,1,-0.06145151679585309,0.09077559062341944,0.20990592832215343,-0.0390889313076186,3
2024,US-Bi2,2018-12-02,US-Bi1,Croplands,38.109,-121.535,0.6,0.90000004,1.2881737473181163,11.987872770833334,0.2256029958333333,1.7783615208333332,-0.4787338401157883,0.8779600847008883,0.09700349736757347,0.12219438152421272,0.4559077553230357,0.09700349736757341,1,-0.024343069336833223,0.09532515734175567,0.22002840409779795,-0.0390889313076186,3
2025,US-Bi2,2018-12-26,US-Bi1,Croplands,38.109,-121.535,1.2,1.1,1.1689395796103716,14.176255437499998,0.4611716666666667,2.417759895833333,-0.0859647987374467,0.9962981749346076,0.03466746806978228,0.18561069109019726,0.8693773509691383,-0.03466746806978227,1,-0.11190544659882376,-0.027466214018168955,0.24337406482633955,-0.031098467921652866,3
2026,US-Bi2,2018-12-27,US-Bi1,Croplands,38.109,-121.535,1.2,1.8000001,2.6559398071254448,13.051319458333332,0.4272048229166666,6.1414944375,-0.0688024268023206,0.9976303053065856,0.07843205867173107,0.3398675631600681,1.2946291743757745,0.07843205867173109,1,0.21074574663620094,-0.3076931844865687,0.33224361386556095,-0.06160145116344979,3
4058,US-GLE,2016-06-20,US-GLE,Evergreen Forests,41.36653,-106.2399,4.9,5.1,2.178251895904226,15.390633062499996,1.1535038875000003,2.2512175833333328,0.1797665857255624,-0.9837092937736096,-0.9102769661273985,0.37543163990705763,0.6414525386157941,0.9102769661273986,0,-0.6525868654462029,-1.341025602487588,-0.7372184304484042,-0.11228673246619429,3
4059,US-GLE,2016-06-28,US-GLE,Evergreen Forests,41.36653,-106.2399,4.4,6.1,3.915714123865735,14.541175875,1.1726448895833337,3.4638223125000014,0.0430222330045305,-0.99907411510223,-0.16449052030515435,0.2429377673189085,1.1439742860170405,0.16449052030515432,0,-0.1514339046979903,0.07165565011582103,-0.4136933063332938,-0.03005750880928111,3
4060,US-GLE,2016-07-06,US-GLE,Evergreen Forests,41.36653,-106.2399,4.6,5.7000003,5.96925362638051,13.098284479166663,1.0457953124999997,5.994445395833331,-0.0945367498171993,-0.9955213724144752,-0.1465344002187142,0.043475707786743124,1.4130102447471973,-0.1465344002187141,0,-0.14818418911611703,-0.10225728125844394,-0.18916173028158156,-0.371249604514658,3
4061,US-GLE,2016-07-07,US-GLE,Evergreen Forests,41.36653,-106.2399,4.2,5.4,4.73250879523809,11.329221791666663,0.8289856854166671,5.397838666666668,-0.1116590071216944,-0.993746580436178,0.003810308696858953,0.16869740045081466,1.4421718744337568,0.003810308696858944,0,0.07257930524144976,0.12726095148811145,-0.18840933063898435,1.6799551004083755,3
4062,US-GLE,2016-07-14,US-GLE,Evergreen Forests,41.36653,-106.2399,4.9,5.4,4.778449448553881,12.268332083333332,1.1184756291666664,3.967555999999999,-0.2303056702306119,-0.973118337233262,-0.5911863995487411,0.4031868850026833,1.3849702758075595,-0.348085296656503,0,-0.5796346683124507,-0.19389951277310527,-1.000025017560667,0.04673595580740063,3
4063,US-GLE,2016-07-15,US-GLE,Evergreen Forests,41.36653,-106.2399,4.3,5.4,4.900851014646313,13.683241020833336,1.2244290520833332,4.9418540208333335,-0.2470221804809352,-0.9690098257244064,-0.23468881622875515,0.332816267854842,1.4499494741483798,-0.23468881622875515,0,-0.32247019051927234,0.1332196032932624,-0.5148158614602555,1.6869247309326165,3
4064,US-GLE,2016-07-22,US-GLE,Evergreen Forests,41.36653,-106.2399,5.0,5.6,4.666805113024203,14.883272104166664,0.95751415,4.102716583333334,-0.3617137307297674,-0.9322892131745134,-0.22809016357895187,0.38227542369406825,1.212402227468165,0.22809016357895187,0,-0.2581782277865694,0.1683401960913523,-0.5944324590416386,0.12683293770121987,3
4065,US-GLE,2016-07-23,US-GLE,Evergreen Forests,41.36653,-106.2399,4.9,6.1,5.228321094360852,14.78925197916667,1.0447569166666668,5.103258083333333,-0.3777079652039646,-0.92592477719385,0.00970595355987964,0.37269972598101536,1.178484416975162,0.009705953559879632,0,-0.23535989362420187,0.43860815376804135,-0.17413039946420056,0.14711882018430048,3
4066,US-GLE,2016-07-30,US-GLE,Evergreen Forests,41.36653,-106.2399,5.2,5.8,4.379884161190186,14.85862466666667,1.0784531645833335,3.7876284583333337,-0.4862727071086902,-0.8738071036110807,-0.1648795970815464,0.37164768238379364,1.1434379814878262,0.16487959708154643,0,-0.18847248885844342,0.21800246078134647,-0.5241687631675422,0.12683293770121987,3
4067,US-GLE,2016-08-07,US-GLE,Evergreen Forests,41.36653,-106.2399,3.8,4.5,4.348031050108226,13.73419004166667,0.8844292104166667,3.538566583333333,-0.6016240632249227,-0.7987793728863648,-0.709349209352761,0.28489912939005313,1.002456435758853,-0.7093492093527609,0,-0.6087351881016339,-0.48840886428067287,-1.0309035756759768,-0.20747587707941287,3
4068,US-GLE,2016-08-31,US-GLE,Evergreen Forests,41.36653,-106.2399,3.4,3.9,1.0179159298241045,11.7385378125,0.8154924916666665,1.9291435,-0.8717063187093218,-0.4900286664290594,-1.147464085894724,0.27606836275206303,0.6102863596688196,1.147464085894724,0,-0.9000058632161764,-1.4452249814982103,-1.0971614129697853,-0.25126124618366313,3
4069,US-GLE,2016-09-08,US-GLE,Evergreen Forests,41.36653,-106.2399,3.2,4.9,2.565816669309338,9.334634604166668,0.8164493791666666,8.084583520833336,-0.9307239310379792,-0.3657225234972692,-0.011747102850646333,0.2681513785292097,2.153140643702165,0.011747102850646285,0,0.22405872877014624,-0.30343686838602996,0.04413683106394472,-11.046501076748955,3
4070,US-GLE,2016-09-09,US-GLE,Evergreen Forests,41.36653,-106.2399,1.8,3.6000001000000004,1.882417434990416,5.007522395833335,0.5450848854166668,6.114850562500003,-0.9368813462954316,-0.3496474552512282,0.13347104489605335,0.18179304244109568,1.3195595887905514,0.03136382508477839,0,0.34151749417354316,0.005235912293216724,0.05365972822140012,-0.1072819023492164,3
4071,US-GLE,2016-09-17,US-GLE,Evergreen Forests,41.36653,-106.2399,3.1,3.5,1.7220762990338332,5.420635833333333,0.4759136062499998,6.986073729166668,-0.9760105506323682,-0.2177232303965322,0.17139793947702464,0.15346410342721525,1.7297501753684479,-0.17139793947702464,0,0.17226364718958465,0.3244273577052421,0.01750281353624722,2.868698934937336,3
4072,US-GLE,2016-10-02,US-GLE,Evergreen Forests,41.36653,-106.2399,2.0,2.8,0.8107194860935509,7.0920208125,0.3850492604166666,4.070863125,-0.9992500112396836,0.0387222808921739,-0.41384298013298015,0.0675480693257768,0.7596305630290587,0.41384298013298015,0,-0.4567506005644103,-0.4487978904427671,-0.33598044939176314,-0.061370691021821556,3
4073,US-GLE,2016-10-10,US-GLE,Evergreen Forests,41.36653,-106.2399,2.5,3.1000001,0.9915908039029953,5.545050770833334,0.4795214104166666,6.001135375,-0.9844738167520924,0.1755314904214277,0.024937323436113278,0.17326064299866137,1.273349800703396,-0.024937323436113212,0,0.00857075633905486,0.2058005190282925,-0.13955930505900752,-0.04151503670836679,3
4074,US-GLE,2016-10-26,US-GLE,Evergreen Forests,41.36653,-106.2399,1.5,1.9,0.6359253294334322,3.446369583333334,0.3219791958333334,4.692239833333334,-0.8996308696522434,0.4366512319560638,-0.1790994780415843,0.19591693036054147,0.8959189874584828,0.17909947804158433,0,-0.1488258058073865,-8.15506863708626e-05,-0.38839107763099545,-0.031098467921652866,3
4075,US-GLE,2016-11-11,US-GLE,Evergreen Forests,41.36653,-106.2399,0.7,1.6,0.1719586099575896,2.8803446041666665,0.3674660020833333,2.647702395833333,-0.7469720876965551,0.6648553979642867,-0.14255051266971544,0.1284458252861818,0.5393638486216042,0.1425505126697154,0,-0.043512169166812366,-0.09645647968144988,-0.28768288916088414,-0.0390889313076186,3
4076,US-GLE,2016-11-12,US-GLE,Evergreen Forests,41.36653,-106.2399,1.4,1.8000001,0.2581419837749094,2.2607353125000005,0.3261739229166667,6.118073000000001,-0.7354170229639858,0.6776147890466887,0.13013129240060353,0.4028194921480552,0.969363393019561,-0.1301312924006035,0,0.037238087902334925,0.5712824457673418,-0.21812665646786608,0.1059545409550823,3
4077,US-GLE,2017-06-23,US-GLE,Evergreen Forests,41.36653,-106.2399,4.4,4.5,3.1759163653737126,6.3048887916666665,0.4363967645833334,3.1428973958333324,0.1457991969198751,-0.9893142039703664,-1.5327215058048687,0.41357365284184006,1.036632981291127,0.9154457634477069,0,-1.1948240634708984,-1.9939238072289034,-1.409416646714804,-0.20936978646217688,3
4078,US-GLE,2017-06-24,US-GLE,Evergreen Forests,41.36653,-106.2399,4.2,4.4,2.8998042076501074,6.433513333333334,0.40568521875,1.9655725,0.1287481774525813,-0.99167731989929,-1.2108643725134198,0.4999743698370243,0.9293421468129779,1.2108643725134198,0,-1.3059927323352085,-1.6564404534433348,-0.6701599317617155,3.290754999298893,3
4079,US-GLE,2017-07-01,US-GLE,Evergreen Forests,41.36653,-106.2399,4.3,5.3,2.8041651434042327,11.423761020833332,1.0096034604166668,2.6392781874999995,0.0086069968886886,-0.9999629591162656,-0.7255911662840505,0.2691286219898202,0.9242225993374614,0.7255911662840505,0,-0.4210305040198756,-0.9313721275530336,-0.8243708672792424,-0.20747587707941287,3
4080,US-GLE,2017-07-09,US-GLE,Evergreen Forests,41.36653,-106.2399,3.6,5.4,3.0593915782795644,15.21609152083333,1.1180899145833336,3.3193267916666667,-0.1287481774525806,-0.99167731989929,-0.13123361442713485,0.34285920044563667,1.1502160868672298,0.13123361442713488,0,-0.24145839086796275,0.25318153011965483,-0.4054239825330966,-0.03005750880928111,3
4081,US-GLE,2017-07-10,US-GLE,Evergreen Forests,41.36653,-106.2399,4.2,5.4,2.84642127783122,14.5643115,0.8934652520833332,3.601730145833335,-0.1457991969198744,-0.9893142039703664,-0.2685554579662825,0.3581118703445089,1.0727822584598379,0.26855545796628255,0,-0.3137067109936981,0.1099908624875067,-0.601950525392656,-0.05504403869032392,3
4082,US-GLE,2017-07-17,US-GLE,Evergreen Forests,41.36653,-106.2399,4.1,5.3,3.8317311830322103,15.2066053125,1.0632944729166671,3.6996042291666655,-0.2636654927280072,-0.9646141756912436,-0.31160745944386226,0.2950293051326406,1.1443311258401099,0.22493017449171648,0,-0.3492280262311884,0.0004276704464764719,-0.5860220225468747,-0.02737720894239809,3
4083,US-GLE,2017-07-18,US-GLE,Evergreen Forests,41.36653,-106.2399,4.0,5.8,4.232772811454788,15.088183416666668,1.0345610687500002,3.2561792500000006,-0.2802306751992161,-0.9599326896597444,-0.10303466137292723,0.3686886144842261,1.1171620632765116,-0.10303466137292722,0,-0.27594391515404315,0.32032957790341815,-0.3534896468681567,0.10891700490818783,3
4084,US-GLE,2017-08-03,US-GLE,Evergreen Forests,41.36653,-106.2399,3.2,3.6000001000000004,2.8624227395036006,10.779110041666666,0.5234831833333334,3.0298288333333336,-0.5307300481619331,-0.8475409228928312,-0.7825446103606334,0.47517684655474324,1.0033913759219282,-0.10739008936783423,0,-0.26501661436248103,-1.1991585862510996,-0.8834586304683194,-0.5347738224991104,3
4085,US-GLE,2017-08-18,US-GLE,Evergreen Forests,41.36653,-106.2399,4.8,4.7000003,2.9682652214587937,12.208162166666664,0.9474181125,3.5596637916666665,-0.7295575540864876,-0.6839194216246105,-0.7871962246773138,0.2519856212256503,1.1692569207748047,0.7871962246773139,0,-0.668446734875276,-0.6165260341672402,-1.076615904989425,-0.16806751961570293,3
4086,US-GLE,2017-08-19,US-GLE,Evergreen Forests,41.36653,-106.2399,4.5,4.8,3.726650718094606,13.546346020833337,1.1989235562499998,5.420606625000001,-0.7412220108485957,-0.6712599575675315,0.13183693615729478,0.1343952173920666,1.5051148325553925,-0.13183693615729475,0,0.11429867197548413,0.27414026396217295,0.007071872534227253,1.891345292935676,3
4087,US-GLE,2017-09-03,US-GLE,Evergreen Forests,41.36653,-106.2399,4.5,5.0,2.172566022356777,15.706967625000004,1.4216782749999997,3.212970770833334,-0.888057322629493,-0.4597327394521046,-0.3059514940873065,0.1071765285204405,1.156065059047469,0.3059514940873065,0,-0.37451742202422467,-0.18244497151292313,-0.3608920887247717,0.014128348201990923,3
4088,US-GLE,2017-09-04,US-GLE,Evergreen Forests,41.36653,-106.2399,2.6,4.3,1.5361518483550065,12.513403145833331,1.0335212124999995,2.436822166666666,-0.8958392907349089,-0.4443781781046134,-0.8896210984792035,0.07615202538805543,0.8957953709344342,0.8896210984792035,0,-0.8623515710711601,-0.9756534493454332,-0.830858275021017,-0.16057309124219268,3
4089,US-GLE,2017-10-06,US-GLE,Evergreen Forests,41.36653,-106.2399,1.9,1.9,0.8077114892391077,-1.3525089375000003,0.2117868729166666,7.69856414583333,-0.9959189961471792,0.0902516100310407,0.22611698693606477,0.26733627351763134,1.5882333565396516,-0.22611698693606486,0,0.21737846208523395,0.4977153865749722,-0.036742887852011887,2.8543151527703357,3
4090,US-GLE,2017-10-29,US-GLE,Evergreen Forests,41.36653,-106.2399,2.2,1.9,0.8187115399008299,1.2921878541666665,0.2985327312500001,6.921650104166669,-0.8840675099433637,0.467359217158002,0.22329713879353486,0.4312087948739079,1.261899265564972,-0.22329713879353497,0,0.04526182807019943,0.7150164155553926,-0.09038682724498748,-0.36289859330910096,3
4338,US-Jo2,2016-01-14,US-Jo2,Shrublands,32.58494,-106.60322,0.2,2.0,0.3689836600871157,6.488383145833333,0.6516857274291669,2.507583083333333,0.2386727660059501,0.9711000518829505,0.03968182936208742,0.05123584085614181,0.6481605696628291,0.03968182936208742,2,0.02804158816414576,-0.004732400605821752,0.09573630052793825,-0.0390889313076186,3
4339,US-Jo2,2016-02-07,US-Jo2,Shrublands,32.58494,-106.60322,0.1,3.4,0.1948242397688916,9.662504979166664,0.9945032166333332,1.7066418958333331,0.6084768701151261,0.7935716089521474,0.13657425523371344,0.30356768237432485,0.8522503273602015,0.053074224304069745,2,-0.07532124069767435,0.0006985926595829972,0.4843454137392317,-0.07537576132881411,3
4340,US-Jo2,2016-02-15,US-Jo2,Shrublands,32.58494,-106.60322,0.2,2.8,0.2036037546857259,13.443442291666669,1.2812471447374996,2.500092270833333,0.7116566222817746,0.702527474169157,0.34354840427071226,0.11255759012887435,0.9922725065398621,-0.3363408948992605,2,0.2761601315314678,0.280996363477106,0.47348871780356305,0.003758906944303018,3
4341,US-Jo2,2016-02-23,US-Jo2,Shrublands,32.58494,-106.60322,0.4,4.4,0.2467519720267203,7.0702654166666665,0.6869931344666669,4.3143651666666685,0.8013610881746766,0.5981809144059164,-0.07289168382572965,0.20840070191343701,0.9236591571732247,0.07289168382572965,2,0.03751861750787572,-0.3132670982434383,0.05707342925837361,-0.03774665020008591,3
4342,US-Jo2,2016-03-02,US-Jo2,Shrublands,32.58494,-106.60322,0.3,5.6,0.3559909750852613,18.540208333333336,1.8530597517416671,3.849375833333332,0.8758917051442429,0.4825077417612184,0.0901014478946844,0.019245571721862982,1.0144936657206756,0.021880502275838196,2,0.07387594487896948,0.11136493397581348,0.08506346482927024,0.001078607077420025,3
4343,US-Jo2,2016-03-10,US-Jo2,Shrublands,32.58494,-106.60322,0.2,4.4,0.215265696340004,14.304240000000004,1.4181019152,2.2048473749999995,0.9338372288229252,0.3576982388331254,0.3771817019658768,0.21255874570161712,0.698705793421204,-0.3466503092858688,2,0.2254953697026223,0.2859181272770456,0.6201316089179626,-0.08059448845200758,3
4344,US-Jo2,2016-03-18,US-Jo2,Shrublands,32.58494,-106.60322,0.1,4.9,0.3470804778015295,17.993583333333326,1.8766915086041671,3.2813765416666665,0.9741004551724204,0.2261156855082882,0.20840882184583664,0.051542431232910815,0.83528636078847,0.20840882184583664,2,0.18750348799830852,0.17060335494801698,0.2671196225911845,-0.033870204184425136,3
4345,US-Jo2,2016-04-11,US-Jo2,Shrublands,32.58494,-106.60322,0.8,4.8,0.5567838944306432,14.082894166666666,1.1641885969729169,2.7465793958333333,0.9829265519799822,-0.18399835165768,0.2282513104361362,0.06348393313436596,0.8092569759460533,-0.22825131043613622,2,0.23579162176489243,0.16133396524595478,0.28762834429756134,-0.0390889313076186,3
4346,US-Jo2,2016-04-19,US-Jo2,Shrublands,32.58494,-106.60322,0.2,5.1,0.5271901174617578,15.969276041666667,1.3952129000083342,2.262152020833333,0.9483615800121716,-0.3171912885891061,0.3904597833036967,0.060197880934232575,0.6202556065313967,0.2639204516198189,2,0.32112968976774103,0.42945939656600496,0.42079026357734406,-0.0390889313076186,3
4347,US-Jo2,2016-04-27,US-Jo2,Shrublands,32.58494,-106.60322,0.2,6.2000003,0.3650429927932404,15.964601666666669,1.59284419635625,3.269724875,0.895839290734909,-0.4443781781046132,0.23271977759817794,0.09022066789759536,0.6982176918268814,0.09736620798830278,2,0.3368950722486642,0.17999975044129335,0.18126451010457623,-0.041769231174501605,3
4348,US-Jo2,2016-05-13,US-Jo2,Shrublands,32.58494,-106.60322,0.4,7.0,0.2800736872523105,24.65069375,2.2984196355812494,3.0057000000000005,0.741222010848596,-0.6712599575675313,0.24621481689106006,0.13127819828409742,0.8482708398085477,-0.24621481689106006,2,0.2167031196300121,0.38973696599767127,0.13220436504549676,-0.04112423748155578,3
4349,US-Jo2,2016-05-21,US-Jo2,Shrublands,32.58494,-106.60322,0.4,7.9,2.2679851336768904,23.12517828947368,2.5790345574583333,3.94010648026316,0.6420547132365637,-0.766658819300159,0.26083759747222895,0.022333020431303217,0.6100870622080382,0.260837597472229,2,0.25289263843135623,0.28605677134647356,0.24356338263885702,-0.04634296460474924,3
4350,US-Jo2,2016-05-29,US-Jo2,Shrublands,32.58494,-106.60322,0.3,7.7000003,0.9384278706894454,24.79744583333333,2.9481663288125013,3.435162500000001,0.5307300481619334,-0.8475409228928311,0.32543538773641895,0.07136970462664045,0.6361358875077183,0.32543538773641895,2,0.35663319191499343,0.3758944715331727,0.24377849976109067,-0.04634296460474924,3
4351,US-Jo2,2016-06-14,US-Jo2,Shrublands,32.58494,-106.60322,0.5,8.3,0.807205934328856,26.833643749999997,3.0737883815,2.907115625,0.2802306751992158,-0.9599326896597448,0.1886451747262332,0.0942760945770974,0.5965065318436358,0.1886451747262332,2,0.12711875542069634,0.1416339875360222,0.29718278122198116,-0.04634296460474924,3
4352,US-Jo2,2016-06-22,US-Jo2,Shrublands,32.58494,-106.60322,0.2,8.1,0.7250731358582888,31.667187499999994,3.844173486708333,2.653527541666667,0.1457991969198751,-0.9893142039703664,0.05015945164395963,0.19600247650562216,0.6313841627153561,0.05015945164395963,2,-0.13921344920347745,0.037512779897459714,0.2521790242378966,-0.07346473958213726,3
4353,US-Jo2,2016-07-08,US-Jo2,Shrublands,32.58494,-106.60322,0.3,7.6,0.4557609032931419,29.817112500000004,3.259661657270833,2.799574791666668,-0.1287481774525806,-0.99167731989929,0.14568642243680627,0.13513678653389874,0.5750107698696957,0.14568642243680627,2,0.04526428389264775,0.09246395438963939,0.2993310290281317,-0.04634296460474924,3
4354,US-Jo2,2016-07-16,US-Jo2,Shrublands,32.58494,-106.60322,0.3,6.7000003,0.2908048864078326,30.00972291666667,3.3618131418750012,3.2158295208333327,-0.2636654927280072,-0.9646141756912436,0.2193142715717428,0.0413197601298045,0.8803631020132483,-0.2193142715717428,2,0.1716152458781049,0.24412544345004605,0.24220212538707742,-0.003495126352827585,3
4355,US-Jo2,2016-08-09,US-Jo2,Shrublands,32.58494,-106.60322,3.3,6.0,2.064668947069766,27.06775833333334,1.9083836929895837,2.8860659791666667,-0.6287628145958345,-0.7775971469736268,-0.5629668484844133,0.2135992117022024,0.9705643452539718,0.5629668484844133,2,-0.8077414329183892,-0.4668221809681497,-0.41433693156670093,-0.09710524217341526,3
4356,US-Jo2,2016-08-17,US-Jo2,Shrublands,32.58494,-106.60322,1.5,5.9,2.028574291295256,26.50560833333334,2.6376315871666667,3.0802580000000006,-0.7295575540864876,-0.6839194216246105,-0.10745960307296927,0.2484487987995177,1.095203891905952,-0.10745960307296931,2,-0.3225633949901325,-0.1642992356432828,0.16448382141450746,-0.015511348983646034,3
4357,US-Jo2,2016-09-10,US-Jo2,Shrublands,32.58494,-106.60322,0.9,5.3,2.219088690986581,23.96729583333333,1.7927686700062495,3.8779364583333336,-0.9427611433904206,-0.333468778918187,0.1878548912622037,0.12662358694963752,1.085102540029807,0.18785489126220378,2,0.04213131162797229,0.2710613186240465,0.2503720435345923,0.03641010791619383,3
4358,US-Jo2,2016-09-18,US-Jo2,Shrublands,32.58494,-106.60322,0.5,4.8,0.8330164248909868,25.39397708333333,2.7623213943541667,2.653579000000001,-0.97961369164549,-0.2008905551306352,0.1253183704182453,0.13652770179969054,0.826172342060984,0.1253183704182453,2,0.1710160556649672,-0.028196475936093313,0.23313553152586208,-0.0390889313076186,3
4359,US-Jo2,2016-10-04,US-Jo2,Shrublands,32.58494,-106.60322,1.0,5.2000003,1.198007116938665,18.976604166666668,1.4177414583333332,3.930093145833333,-0.9973249731081556,0.0730951298980777,-0.09394370013419924,0.2897376037074789,0.9115179177215786,-0.09394370013419923,2,-0.30461877896292006,-0.21368367486227002,0.2364713534225924,-0.03774665020008591,3
4360,US-Jo2,2016-10-12,US-Jo2,Shrublands,32.58494,-106.60322,0.6,4.3,0.972738407110877,23.57717916666667,1.7829679166666672,2.8093688125000003,-0.9778483415056568,0.2093146459630488,0.11299101879016711,0.30288400358744466,0.8376125991865205,0.1129910187901671,2,-0.1847803989332933,0.42074099902648776,0.10301245627730687,-0.07537576132881411,3
4361,US-Jo2,2016-10-20,US-Jo2,Shrublands,32.58494,-106.60322,0.3,4.2000003,0.1741223193788422,17.248629375000004,1.3077783333333337,4.585326645833333,-0.9398560579418952,0.341570769167856,0.03050413402097703,0.10153967025006515,1.0077729794023207,-0.030504134020977042,2,-0.0835779823819568,0.11098143919721698,0.06410894524767091,0.003758906944303018,3
4362,US-Jo2,2016-11-13,US-Jo2,Shrublands,32.58494,-106.60322,0.2,1.8000001,0.4992242536390961,13.578008125000006,0.6903364583333333,2.320481458333333,-0.7236440382959123,0.690173388242972,0.1348757298598854,0.04067668679302417,0.7089223406125896,0.1348757298598854,2,0.14817542497769692,0.16723782189372144,0.0892139427082379,-0.0390889313076186,3
4363,US-Jo2,2016-11-29,US-Jo2,Shrublands,32.58494,-106.60322,0.3,2.0,0.2422754566916268,4.77263375,0.5106416666666665,4.0808563541666665,-0.5086709438521042,0.8609610158889945,0.024558457810825645,0.05147276209449578,0.5706569776785222,-0.02455845781082565,2,0.08345108848876165,-0.011829671160813182,0.002053956104528465,-0.0390889313076186,3
4364,US-Jo2,2016-12-15,US-Jo2,Shrublands,32.58494,-106.60322,0.1,2.9,0.3040863174933748,15.861893749999998,1.1191447916666664,4.096608458333335,-0.2553532951161881,0.9668478136052772,0.2967508839970694,0.13709143693602782,1.173977491024632,0.11142175098968016,2,0.1603088489417237,0.43448262288232675,0.2954611801671577,0.03641010791619383,3
4365,US-Jo2,2016-12-23,US-Jo2,Shrublands,32.58494,-106.60322,0.3,1.5,1.7775527974482244,10.34949291666667,0.3420717083333333,3.627544375,-0.1202080448993527,0.9927487224577402,0.257138422597972,0.10684128658079871,0.657203823373746,0.25713842259797204,2,0.1606350857441901,0.23882891615313684,0.3719512658965889,-0.0390889313076186,3
4366,US-Jo2,2017-02-01,US-Jo2,Shrublands,32.58494,-106.60322,0.4,2.9,0.8340010491536997,12.154805416666663,1.0064214583333333,2.441848854166667,0.5234156073655503,0.8520775211013093,0.08816401795519724,0.03919816028927278,0.8607296683787145,0.08816401795519724,2,0.05352015454571374,0.08026001427366819,0.13071188504620979,-0.033870204184425136,3
4367,US-Jo2,2017-02-25,US-Jo2,Shrublands,32.58494,-106.60322,1.0,3.2,0.9902193899081552,8.62483145833333,0.9029356250000004,4.544931458333332,0.8214765533024142,0.5702422926917871,-0.05510726012078487,0.15662062030998894,0.7719404401554817,-0.03554603993709521,2,-0.2311028719566195,-0.0031535545132289067,0.06893464610749378,-0.0662107062850066,3
4368,US-Jo2,2017-03-05,US-Jo2,Shrublands,32.58494,-106.60322,0.5,4.9,1.1142791816689448,16.226610416666666,1.08809875,5.082093958333334,0.8919813464595485,0.4520722039323043,-0.08033991380270283,0.2102740174557845,1.0452922852617998,-0.08033991380270278,2,-0.20752127227830003,0.16237038736195725,-0.19586885649176572,-0.03774665020008591,3
4369,US-Jo2,2017-03-13,US-Jo2,Shrublands,32.58494,-106.60322,0.7,4.6,0.9832838728026544,16.102505833333336,1.2763249999999997,2.8053975,0.9455963874271426,0.3253420847119801,0.1689135878764918,0.11449699438605138,0.5821284642816887,0.1689135878764918,2,0.059993551886576624,0.15847459938131764,0.2882726123615812,-0.0390889313076186,3
4370,US-Jo2,2017-03-21,US-Jo2,Shrublands,32.58494,-106.60322,0.2,5.8,1.5396914361076175,22.660297916666664,1.8213239583333332,3.1737121041666665,0.9813064702716092,0.1924515819708299,0.263653196924029,0.15296916487002454,0.9204454630522987,0.263653196924029,2,0.20327167217299547,0.15009028455490486,0.4375976340441866,-0.026043167899967943,3
4371,US-Jo2,2017-04-06,US-Jo2,Shrublands,32.58494,-106.60322,0.7,4.9,0.7649698117997173,16.99345208333333,1.4693416666666668,2.581583479166667,0.9966589017541702,-0.0816763953304224,0.2227863475897011,0.05505712148232084,0.7007711327445271,-0.0928467239902663,2,0.16672761123676882,0.22484746236314923,0.27678396916918524,-0.0390889313076186,3
4372,US-Jo2,2017-04-14,US-Jo2,Shrublands,32.58494,-106.60322,0.4,6.9,0.8804218134592997,21.87525416666666,1.910726666666667,4.5809875,0.9760105506323684,-0.2177232303965317,-0.19268214929839114,0.2773192520916521,1.1723167282317453,-0.19268214929839111,2,-0.01778484697620203,-0.04782891107631937,-0.5124326898426521,-0.01234948252532574,3
4373,US-Jo2,2017-04-30,US-Jo2,Shrublands,32.58494,-106.60322,0.9,6.0,1.9004964976537368,12.806421041666669,1.0005870833333332,2.580257520833333,0.8800122039735357,-0.4749510720670499,0.08015429056003164,0.22633050539996286,0.6982810828330035,0.08015429056003165,2,-0.07221013023073294,-0.027550176464196163,0.340223178375024,-0.0832747883188906,3
4374,US-Jo2,2017-05-24,US-Jo2,Shrublands,32.58494,-106.60322,0.4,7.7000003,0.6276990399430343,23.223331250000005,2.052766875,3.1686009374999995,0.6152845999633276,-0.7883050558305255,0.28698155822802995,0.007593647529956698,0.8170817103776,0.16841652165803866,2,0.2892436165187515,0.2785139220994479,0.2931871360658904,-0.04634296460474924,3
4375,US-Jo2,2017-06-01,US-Jo2,Shrublands,32.58494,-106.60322,1.1,6.5,2.522896290411039,21.678710416666664,1.2692514583333336,2.64283825,0.5012418134457758,-0.865307254363206,0.08406962746559925,0.18309008934499058,0.7834293356187582,0.0840696274655992,2,-0.1273266857828016,0.18738453523694848,0.19215103294265085,-0.07346473958213726,3
4376,US-Jo2,2017-06-09,US-Jo2,Shrublands,32.58494,-106.60322,0.4,7.8,1.3985661539875731,28.148741666666663,2.46825,2.809026666666666,0.3777079652039649,-0.9259247771938498,0.22659648958322917,0.04880133207803215,0.8101497087407313,0.2265964895832292,2,0.2376015813180199,0.17323231002535056,0.26895557740631704,-0.04634296460474924,3
4377,US-Jo2,2017-06-17,US-Jo2,Shrublands,32.58494,-106.60322,0.4,8.8,0.6238286454365755,30.47105625000001,3.3971812499999987,2.4719546666666665,0.2470221804809355,-0.9690098257244062,0.011662830486953305,0.26646954667932454,0.5802224979238415,0.011662830486953296,2,-0.20184580140574776,-0.07345929138011051,0.31029358424671816,0.007208434520689387,3
4378,US-Jo2,2017-06-25,US-Jo2,Shrublands,32.58494,-106.60322,0.1,7.4,0.3584526137865217,26.08411041666666,1.5766458333333329,3.5808956666666667,0.1116590071216951,-0.993746580436178,0.2784670548587454,0.12195830262543661,1.0081816103396772,0.23843817271429807,2,0.13866537950432983,0.33368980494418854,0.36304598012771794,-0.003495126352827585,3
4379,US-Jo2,2017-07-03,US-Jo2,Shrublands,32.58494,-106.60322,0.0,7.1,1.1697693582404776,30.70163958333333,2.9604874999999997,2.8720058541666664,-0.0258184402271323,-0.9996666485105112,0.326879894203095,0.008613667385643238,0.6877166248609619,0.32687989420309504,2,0.32260899209787186,0.32123621855432194,0.3367944719570911,-0.04634296460474924,3
4380,US-Jo2,2017-07-11,US-Jo2,Shrublands,32.58494,-106.60322,0.5,6.7000003,1.0984861747768415,29.143814583333334,2.2487500000000007,2.8347289166666667,-0.1628070129385164,-0.9866579328916572,0.2571497875086692,0.07580713312210853,1.0528702898459277,0.2571497875086692,2,0.17879560064361455,0.26253061661020627,0.33012314527218667,-0.003495126352827585,3
4381,US-Jo2,2017-07-19,US-Jo2,Shrublands,32.58494,-106.60322,2.3,6.6,2.7623234728484003,25.95221458333333,1.3636816666666671,3.367304687499999,-0.2967128192734901,-0.9549667548552552,-0.16456413112888738,0.1991021016964659,1.0327394322004055,-0.16456413112888735,2,-0.38128032428932335,-0.122668171261886,0.010256102164547198,-0.05289866104441856,3
4382,US-Jo2,2017-08-28,US-Jo2,Shrublands,32.58494,-106.60322,1.5,5.1,4.02622744556444,25.700952083333338,1.5331920833333328,2.8430044375,-0.8359254794186365,-0.5488429582847199,0.05807564871659332,0.06810667072170659,0.9425311314194735,0.05807564871659343,2,-0.020502493858449933,0.10012610170302882,0.09460333830520107,-0.003976692944264901,3
4383,US-Jo2,2017-09-21,US-Jo2,Shrublands,32.58494,-106.60322,0.7,6.2000003,0.6734934260363776,25.76153333333333,1.8639729166666668,4.361166041666668,-0.9859481499638304,-0.1670516255021195,0.04818009822195498,0.19178685946014448,1.2256640910792218,-0.04818009822195499,2,-0.17220522963792634,0.1772123457368553,0.13953317856693598,0.006608033071922849,3
4384,US-Jo2,2017-10-15,US-Jo2,Shrublands,32.58494,-106.60322,0.7,4.2000003,0.5701706193837663,17.10629375,1.4554104166666664,3.805317916666666,-0.970063921851507,0.2428497220959358,0.05739703379979238,0.18267724191022874,0.8695046258427567,-0.057397033799792385,2,-0.09974683447133162,0.014107045209184654,0.2578308906615241,-0.02336286803308495,3
4385,US-Jo2,2017-10-23,US-Jo2,Shrublands,32.58494,-106.60322,0.4,5.0,0.6333322522142961,20.030507916666668,1.6313077083333332,2.0851625,-0.9275416835791964,0.3737197147904692,-0.02744727647145599,0.20149054694253993,0.7190625499202394,-0.027447276471456006,2,-0.146755872770874,-0.14077429131248814,0.20518833466899422,-0.0662107062850066,3
4386,US-Jo2,2017-10-31,US-Jo2,Shrublands,32.58494,-106.60322,0.1,3.2,0.4992277269850045,13.129096874999997,0.7676908333333333,3.957082,-0.867456354729597,0.4975132889071803,0.12831147392499967,0.07334784350811538,0.7276689553628378,0.12831147392499964,2,0.14958752075174897,0.18866924983003863,0.04667765119321138,-0.0390889313076186,3
4387,US-Jo2,2018-01-27,US-Jo2,Shrublands,32.58494,-106.60322,0.2,2.7,0.1157915042191487,7.0421420208333325,0.8388518749999997,2.435104687500001,0.4482293417404106,0.893918596519257,-0.03792870664855563,0.10026180768957799,0.7342249013922789,0.03792870664855563,2,-0.039381479578060874,-0.13745623366997767,0.06305159330237164,-0.0390889313076186,3
4388,US-Jo2,2018-02-04,US-Jo2,Shrublands,32.58494,-106.60322,0.6,3.5,0.1158861927407945,14.537983333333337,1.1870308333333333,2.4845671250000003,0.5667017562911176,0.8239230057575542,0.245417161592427,0.06577207748510287,1.0452973040557703,-0.245417161592427,2,0.169853814591502,0.28980198731131734,0.27659568287446157,0.003758906944303018,3
4389,US-Jo2,2018-02-12,US-Jo2,Shrublands,32.58494,-106.60322,0.6,3.7,0.0747944327372638,11.000378958333336,0.9022760416666666,3.459238416666667,0.6744436188329455,0.7383263540031065,0.06541850959596145,0.08033804972287556,0.8146814957251289,-0.0654185095959614,2,0.035923748189429505,0.003996693635129389,0.15633508696332543,-0.0390889313076186,3
4390,US-Jo2,2018-02-28,US-Jo2,Shrublands,32.58494,-106.60322,0.4,2.5,0.6209154518333558,6.659403958333336,0.4920727083333333,4.594056645833334,0.8498170915275278,0.5270777086423722,0.4886561689622666,0.07846043050209475,0.76147174302533,-0.046825265295554974,2,0.3991052705028634,0.5215355434860293,0.5453276928979072,-0.0390889313076186,3
4391,US-Jo2,2018-03-08,US-Jo2,Shrublands,32.58494,-106.60322,0.3,4.5,0.4670722372354122,16.12931458333333,1.4664302083333334,3.0213471458333334,0.9141279881853336,0.4054257283599973,0.22050559971431716,0.08675400465532078,0.6055112637599117,0.11363887475650725,2,0.12257664809990543,0.25120268242584365,0.2877374686172024,-0.0390889313076186,3
4392,US-Jo2,2018-03-24,US-Jo2,Shrublands,32.58494,-106.60322,0.5,6.0,0.4245065451248385,17.794074999999996,1.2325700000000002,4.248238333333332,0.989932495087353,0.141540295217043,-0.21698754600027084,0.1297182777437023,0.6660732989121099,-0.06600063624994781,2,-0.08362598101974117,-0.22461029499592755,-0.34272636198514383,-0.041769231174501605,3
4393,US-Jo2,2018-04-01,US-Jo2,Shrublands,32.58494,-106.60322,0.6,6.1,0.5700682013424849,19.923770833333336,1.8177500000000004,4.0550508333333335,0.99999073973619,0.0043035382962442,-0.16957478457400532,0.17195643569296,0.7755468031947681,-0.10971118725897522,2,-0.0682209608930929,-0.07238497400819807,-0.368118418820725,-0.0688910061518896,3
4394,US-Jo2,2018-04-25,US-Jo2,Shrublands,32.58494,-106.60322,0.3,5.6,0.051845547108981,18.084697916666663,1.3414341666666665,3.794664166666665,0.9175836260593936,-0.3975428142825559,0.09513251903536761,0.22774391583319983,0.6363860687836809,-0.09513251903536762,2,0.2489934553843186,0.20289747689631843,-0.16649337517453422,-0.0832747883188906,3
4395,US-Jo2,2018-05-03,US-Jo2,Shrublands,32.58494,-106.60322,0.2,5.9,0.4572348550198715,15.461226041666665,1.3363243750000002,3.3830247916666663,0.854322169749827,-0.5197438121555155,0.24026242599188616,0.053821820941036706,0.6636982105913901,0.24026242599188616,2,0.3022431557109584,0.21321924582875118,0.20532487643594888,-0.041769231174501605,3
4396,US-Jo2,2018-05-19,US-Jo2,Shrublands,32.58494,-106.60322,0.2,7.3,0.4739989117266265,23.434571875000003,2.2658520833333333,2.8372482916666666,0.6807734094770161,-0.7324940716135789,0.3249451819317823,0.05702122679177779,0.7974339120154947,0.2230526415214707,2,0.36432290655097643,0.350956061500018,0.2595565777443525,-0.04634296460474924,3
4397,US-Jo2,2018-05-27,US-Jo2,Shrublands,32.58494,-106.60322,0.3,8.8,0.4899728213642077,26.00683333333333,2.6164416666666663,4.012577708333334,0.5737722679043246,-0.8190148866680801,0.28811317686074667,0.011671786329680923,0.6044154639749977,0.0918324658676688,2,0.28146199546646133,0.2812873176283984,0.30159021748738024,-0.04634296460474924,3
4398,US-Jo2,2018-06-04,US-Jo2,Shrublands,32.58494,-106.60322,0.2,8.3,0.4161524344033158,26.915391666666665,2.2460610416666658,4.1229879375000005,0.4559066935084588,-0.8900275764346767,0.2612294344808284,0.006874805274446682,0.6879385529316334,0.17107543432580313,2,0.2565467071327032,0.2580194923626562,0.2691221039471259,-0.04634296460474924,3
4399,US-Jo2,2018-06-12,US-Jo2,Shrublands,32.58494,-106.60322,0.1,7.8,0.5379110502118282,30.828133333333337,3.485239583333333,3.0203710625,0.3294084822245304,-0.9441875088341992,0.20426280791858953,0.0135210370025065,0.6073153085658648,0.20426280791858953,2,0.19421557301262798,0.21963573668592695,0.1989371140572136,-0.04634296460474924,3
4400,US-Jo2,2018-06-20,US-Jo2,Shrublands,32.58494,-106.60322,0.2,8.5,1.2871324809026805,29.72928125,3.0227395833333337,3.4720292916666677,0.1966728897935764,-0.980469160361632,0.28381820861195267,0.06171819327330527,0.57168999901818,0.2838182086119527,2,0.2906329714770012,0.2189754575928382,0.3418461967660186,-0.04634296460474924,3
4401,US-Jo2,2018-06-28,US-Jo2,Shrublands,32.58494,-106.60322,0.1,8.0,0.8177577696571037,31.87850624999999,3.2421958333333336,4.052693333333335,0.060213277365793,-0.9981855344718586,0.3271922686559086,0.040238386792041114,0.7479107050603291,0.3271922686559086,2,0.33899348115958994,0.3602105050025848,0.2823728198055512,-0.04634296460474924,3
4402,US-Jo2,2018-07-22,US-Jo2,Shrublands,32.58494,-106.60322,0.8,6.8,0.9264396165718676,32.28475208333332,3.16503125,2.6351139583333327,-0.3456123126707333,-0.9383773917408642,-0.14096672771543148,0.1876772255826542,0.7557206203148378,-0.1409667277154315,2,-0.34072297295223053,-0.11386100968197282,0.03168379948790889,-0.07346473958213726,3
4403,US-Jo2,2018-07-30,US-Jo2,Shrublands,32.58494,-106.60322,0.4,6.0,3.732006456488352,28.593552083333325,1.9297395833333333,2.977603770833334,-0.4711595076738639,-0.8820480249558535,0.4297913187524524,0.07576203263939472,0.9877293151839425,0.42979131875245224,2,0.4392858104890338,0.5003585904730748,0.34972955529524863,0.001078607077420025,3
4404,US-Jo2,2018-08-07,US-Jo2,Shrublands,32.58494,-106.60322,0.4,7.4,1.0718152502987108,29.96389999999999,2.5175,3.0074988541666667,-0.5877852522924734,-0.8090169943749472,0.20391779494851558,0.07793162619777609,0.6765100340026955,0.20391779494851558,2,0.1415702502227822,0.17889613945613403,0.2912869951666305,-0.04634296460474924,3
4405,US-Jo2,2018-08-15,US-Jo2,Shrublands,32.58494,-106.60322,0.3,6.5,0.531151947046817,28.137175,1.998983333333333,2.9264059791666672,-0.6932812268869771,-0.7206671495538615,0.3821390866150082,0.04490996770750853,0.7980715657497232,0.08016480747862581,2,0.43080901881455047,0.3423014280310771,0.37330681299939716,-0.04634296460474924,3
4406,US-Jo2,2018-08-23,US-Jo2,Shrublands,32.58494,-106.60322,1.4,4.8,4.120734524362942,23.875987500000004,0.9024961458333332,1.836389999999999,-0.7856498550787144,-0.6186714032625032,-0.1435540487520642,0.14403365074325383,0.8587135031366199,-0.14355404875206412,2,-0.3074302385203107,-0.037036727543443504,-0.08619518019243835,-0.05721814516141858,3
4407,US-Jo2,2018-08-31,US-Jo2,Shrublands,32.58494,-106.60322,1.2,6.3,2.228523989925556,29.59531041666666,2.340397916666667,2.8478965624999995,-0.8631421280499115,-0.5049610547215202,-0.1271871647670735,0.20745743946071885,0.9747738476523272,-0.12718716476707348,2,-0.35917763234670885,0.04051789789245186,-0.06290175984696358,-0.0527362833857845,3
4408,US-Jo2,2018-09-16,US-Jo2,Shrublands,32.58494,-106.60322,0.8,5.1,1.0033286703319653,26.299954166666662,1.5936112500000004,3.1538750625000005,-0.9679377830240642,-0.2511900638848195,0.16244281503587696,0.21779932314798217,1.0146608331716316,0.16244281503587696,2,-0.046846474185378295,0.3878559995344468,0.14631891975856237,-0.03774665020008591,3
4409,US-Jo2,2018-09-24,US-Jo2,Shrublands,32.58494,-106.60322,1.1,4.3,1.6600239932268503,24.310716666666675,1.6645045833333332,2.6165740625,-0.9932568492674144,-0.1159345995955006,0.06515078899993591,0.2448539736441573,0.9390701909688797,0.06515078899993593,2,-0.1401118580334644,0.33616828388758024,-0.0006040588543080871,-0.03774665020008591,3
4410,US-Jo2,2018-10-10,US-Jo2,Shrublands,32.58494,-106.60322,0.2,3.9,0.5496248332985509,16.192904166666672,1.0286866666666663,3.9916584999999993,-0.9873494423939864,0.1585593851031347,0.20683828266612383,0.04375858124628748,0.6674134955746253,0.20683828266612383,2,0.16179541010914938,0.20953125060865385,0.24918818728056835,-0.0390889313076186,3
4411,US-Jo2,2018-10-26,US-Jo2,Shrublands,32.58494,-106.60322,0.6,2.9,2.0701255712014137,16.599204166666667,0.8154170833333333,2.2066596249999995,-0.9070138128026362,0.4211008707960891,-0.025709303542931865,0.07533294369160827,0.649492543195015,-0.025709303542931883,2,-0.033807010837574925,0.05334536826318809,-0.09666626805440875,-0.0390889313076186,3
4412,US-Jo2,2018-11-03,US-Jo2,Shrublands,32.58494,-106.60322,0.5,3.3,1.16308817603211,15.037918749999998,1.0206127083333334,2.7819946874999992,-0.8406184056344783,0.5416278206559811,-0.051740889405558994,0.07172374314972264,0.7060869928495684,-0.05174088940555899,2,-0.08687767256317475,0.03077632959459964,-0.09912132524810188,-0.0390889313076186,3
4413,US-Jo2,2018-11-11,US-Jo2,Shrublands,32.58494,-106.60322,0.5,2.8,0.8106981946741554,12.164197708333337,0.7580327083333332,4.683763395833332,-0.7583058084785625,0.6518989958787125,0.11032301171947832,0.14105484214612013,0.6968736906037564,0.11032301171947834,2,0.12439515482106761,0.24381433815307374,-0.037240457815706396,-0.0547012723960441,3
4414,US-Jo2,2018-11-19,US-Jo2,Shrublands,32.58494,-106.60322,0.4,1.8000001,0.4380117522700233,10.282315833333334,0.8666604166666665,2.3626533541666666,-0.661634618242279,0.749826401204568,-0.01053373592031335,0.030481299181285927,0.7202165422974656,-0.010533735920313349,2,0.024375202175162036,-0.03187846595720878,-0.02409794397889331,0.04158424279520798,3
4415,US-Jo2,2018-11-27,US-Jo2,Shrublands,32.58494,-106.60322,0.3,1.9,0.3702305417799491,9.562109791666666,0.7372902083333334,2.0867845416666664,-0.5524353131676203,0.8335557718385695,0.01667411090162274,0.022861956831224287,0.626565680493466,0.01667411090162274,2,0.03960634319864992,-0.006116916352906232,0.016532905859124536,0.04158424279520798,3
4445,US-KLS,2017-01-04,US-KLS,Croplands,38.7745,-97.5684,0.2,0.7,0.243901229307408,4.514728802083334,0.122657375,1.8512118749999995,0.0688024268023198,0.9976303053065856,0.1450214105751796,0.04450650248268601,0.6084132567440002,-0.057218951960363584,1,0.11323039243526589,0.19588586497470128,0.1259479743155716,-0.0390889313076186,3
4446,US-KLS,2017-02-05,US-KLS,Croplands,38.7745,-97.5684,0.6,1.1,0.2340855686914448,3.0051775291666667,0.1139055208333333,1.084391583333333,0.5808002734538009,0.8140460935082178,-0.02169290462378885,0.14882645719015197,0.5931084747712165,0.021692904623788867,1,0.05328944781052075,0.0747283886207718,-0.1930965503026591,-0.0662107062850066,3
4447,US-KLS,2017-02-14,US-KLS,Croplands,38.7745,-97.5684,1.0,5.0,0.4395670346787941,5.116314504166668,0.1768212937499999,1.3166721458333333,0.6994583270516471,0.7146733860429609,-0.8223970124254117,0.3903508661930009,0.9234849194589996,0.29846891821700006,1,-1.0996507222990013,-0.9915388758610737,-0.37600143911616,-0.02426838900302135,3
4448,US-KLS,2017-02-21,US-KLS,Croplands,38.7745,-97.5684,1.6,0.7,0.4098511837259058,10.921829418750002,0.360838125,2.6845261041666664,0.7802958510707755,0.6254105729852463,-0.38244821325050654,0.211190992956279,1.0381890287176545,0.3824482132505065,1,-0.14757968031664123,-0.5567086592826664,-0.4430563001522121,-0.06002840991428889,3
4449,US-KLS,2017-03-01,US-KLS,Croplands,38.7745,-97.5684,1.5,3.3,0.5464460807711236,8.797757402083333,0.3847719791666666,1.7119939375000002,0.8587639582758029,0.5123714121284237,-0.19196009514229626,0.15502209068679226,0.49761493764976594,0.19196009514229628,1,-0.35710575188758575,-0.04957896764211148,-0.1691955658971915,-0.07394630617357453,3
4450,US-KLS,2017-03-02,US-KLS,Croplands,38.7745,-97.5684,1.3,3.3,0.5245671255179208,10.778781529166665,0.3859088333333333,1.527844083333333,0.8674563547295968,0.4975132889071806,0.003806656662974278,0.1839722799284267,0.4957557371604723,-0.003806656662974306,1,-0.13589114446833067,0.2122527904310691,-0.06494167597381559,0.006726867929252048,3
4451,US-KLS,2017-03-09,US-KLS,Croplands,38.7745,-97.5684,1.7,4.1,0.5599013930095061,10.150163225000004,0.3276617916666666,1.9078777916666665,0.9209712877166346,0.3896304495307879,-0.30233809645363346,0.09409657416800751,0.5610171925777598,0.3023380964536335,1,-0.3503785534877423,-0.3627172230059207,-0.19391851286723746,-0.061370691021821556,3
4452,US-KLS,2017-03-18,US-KLS,Croplands,38.7745,-97.5684,1.8,4.2000003,0.7023095509887326,11.761352854166669,0.4840554541666667,1.3273687708333333,0.970063921851507,0.2428497220959356,-0.059926702923787524,0.1483268690812613,0.6434387225300167,0.059926702923787545,1,-0.2213011722915056,-0.028934242297823154,0.07045530581796616,-0.07698303211024705,3
4453,US-KLS,2017-04-10,US-KLS,Croplands,38.7745,-97.5684,1.3,3.8,1.7259989137746057,11.906231777083336,0.194165875,1.681907625,0.9886775902323404,-0.1500553983446526,0.3713908364125346,0.060459154786645236,0.43040561601782745,0.3713908364125346,1,0.3383509324700263,0.441170369288241,0.33465120747933647,-0.046824531196186535,3
4454,US-KLS,2017-04-11,US-KLS,Croplands,38.7745,-97.5684,2.6,3.8,1.7588671202632675,10.107940956250005,0.3594338937499999,1.0446041458333335,0.9859481499638304,-0.1670516255021192,-0.3703600957225282,0.058745818704468634,0.6010188229311166,0.3703600957225282,1,-0.4268850225789723,-0.30962039875812686,-0.3745748658304855,-0.061370691021821556,3
4455,US-KLS,2017-04-18,US-KLS,Croplands,38.7745,-97.5684,4.1,5.4,7.084761036413567,20.08005915,0.329243625,6.312945395833334,0.9587178169872964,-0.2843591872810034,0.08222500791021954,0.5610279905804582,1.3645149049047198,0.08222500791021936,1,0.44795864313543626,-0.5637093936072197,0.3624257742024421,3.9548334444753386,3
4456,US-KLS,2017-04-19,US-KLS,Croplands,38.7745,-97.5684,3.3,4.9,7.382853242176558,21.676821054166663,0.2878504375,7.229433041666668,0.9536809966304456,-0.3008198076356673,0.11707950150475423,0.5619972172102379,1.1994721476814072,0.1170795015047541,1,0.03296901474628772,-0.3981218761309553,0.7163913658989303,3.3802488453494757,3
4457,US-KLS,2017-04-27,US-KLS,Croplands,38.7745,-97.5684,2.0,2.9,3.0407351302824206,8.512215939583333,0.2585525833333333,1.75006975,0.9033558023246844,-0.4288919379124835,0.19694212984462953,0.019749731032158914,0.6289459734045508,0.19694212984462955,1,0.17986114620311544,0.19239706190581318,0.21856818142495998,-0.061370691021821556,3
4458,US-KLS,2017-05-04,US-KLS,Croplands,38.7745,-97.5684,3.2,4.8,6.081353979264367,13.338292400000006,0.4322630208333334,3.6499640833333338,0.8452490573530633,-0.5343725582809787,-0.37094393476729653,0.21651557945512206,0.6468235147575696,-0.3709439347672965,1,-0.6182404690489447,-0.21547878144945182,-0.27911255380349304,-0.10287624816621056,3
4459,US-KLS,2017-05-05,US-KLS,Croplands,38.7745,-97.5684,3.1,4.8,5.885279871935188,16.73004533333334,0.7118031249999999,1.54604625,0.835925479418637,-0.548842958284719,-0.05954100278996669,0.09162700585060196,0.5468473236101236,-0.05954100278996677,1,-0.12103386508647215,-0.10335648629043734,0.04576734300700941,-0.061370691021821556,3
4460,US-KLS,2017-05-12,US-KLS,Croplands,38.7745,-97.5684,3.4,5.2000003,1.986221369576552,15.94329067291667,0.6098941666666666,1.5075164583333336,0.7638886127905428,-0.6453481132295501,-0.34146361413786314,0.11681090215573214,0.46427461885258203,0.3414636141378631,1,-0.46436548923257503,-0.3281389031835918,-0.23188644999742275,-0.061370691021821556,3
4461,US-KLS,2017-05-13,US-KLS,Croplands,38.7745,-97.5684,4.7,5.8,2.5067841270298303,16.70726779791667,0.7749877083333331,2.1999006875,0.7526668275320084,-0.6584015846980488,-1.2171869746610946,0.1350957055389306,0.6171274892851404,1.2171869746610946,1,-1.3271518287554616,-1.0663836323445146,-1.258025462883308,-0.249499010494395,3
4462,US-KLS,2017-05-21,US-KLS,Croplands,38.7745,-97.5684,3.9,5.0,1.8160071705509908,14.267783847916665,0.5653566666666665,0.5010565833333335,0.6551563572090853,-0.7554933140726803,-0.859074118005552,0.1207340025616538,0.6052460088140086,0.8590741180055521,1,-0.8604288166299268,-0.7376684664263102,-0.9791250709604191,-0.2034209294941143,3
4463,US-KLS,2017-05-28,US-KLS,Croplands,38.7745,-97.5684,5.1,6.0,1.8774764117553675,19.988501245833337,0.8179599999999999,0.55036125,0.5595892624101765,-0.8287700871745037,-0.7170681395920077,0.2267242298574114,0.6941723982782984,0.7170681395920075,1,-0.9573340063271008,-0.5068901543561759,-0.6869802580927463,-0.23508808240518553,3
4464,US-KLS,2017-05-29,US-KLS,Croplands,38.7745,-97.5684,5.2,6.1,2.088246302138926,19.3783957875,0.8132474999999998,0.6248347500000001,0.545240438540651,-0.8382797052177743,-0.8321110459356961,0.20426458656359683,0.6927359908500416,0.832111045935696,1,-1.036862206183749,-0.6283365353103854,-0.8311343963129543,-0.257344924879763,3
4465,US-KLS,2017-06-05,US-KLS,Croplands,38.7745,-97.5684,5.7,6.3,2.3851241504526897,24.728330622916676,1.4480902708333332,0.4952245208333333,0.440518784350495,-0.8977433935342337,-0.4253346013358212,0.2798793987574089,0.7721953259978905,0.425334601335821,1,-0.7483200815034908,-0.2542105295967271,-0.2734731929072456,-0.35132971749523817,3
4466,US-KLS,2017-06-13,US-KLS,Croplands,38.7745,-97.5684,3.4,9.1,3.1469888116535647,28.70456422916667,1.7367210416666663,4.291013500000001,0.3131070409358269,-0.9497178427914316,-0.44087394267711993,0.08560963068387761,1.1094656271004526,0.06514843401575049,1,-0.3539803786636745,-0.525139106151153,-0.4435023432165322,-0.004518584327762512,3
4467,US-KLS,2017-06-21,US-KLS,Croplands,38.7745,-97.5684,7.4,10.0,2.6127859976117205,28.87475243125,2.0322408333333333,3.431442437499999,0.1797665857255624,-0.9837092937736096,-2.4911336971917755,0.08896136638993579,1.4918300457752707,2.4911336971917755,1,-2.5397049454733973,-2.545236529409271,-2.3884596166926575,-11.218484895555594,3
4468,US-KLS,2017-06-22,US-KLS,Croplands,38.7745,-97.5684,5.4,8.7,2.1802174158590657,28.77985326458333,1.9022414583333331,2.6969869375,0.1628070129385171,-0.986657932891657,-1.150900935714967,0.05658606492829124,0.932929187041673,1.1509009357149673,1,-1.2137123662540257,-1.1039059327998604,-1.135084508091015,-0.3579842670790764,3
4469,US-KLS,2017-07-07,US-KLS,Croplands,38.7745,-97.5684,6.3,7.9,1.5982989084248926,26.790994070833342,1.5597947916666666,1.4825507083333331,-0.0945367498171993,-0.9955213724144752,-1.0586190217433395,0.04970221341123821,0.7524107024211938,1.0586190217433398,1,-1.1079699438892845,-1.008572812149976,-1.0593143091907584,-0.7388511828226297,3
4470,US-KLS,2017-07-08,US-KLS,Croplands,38.7745,-97.5684,5.8,6.7000003,1.5978658327765365,26.022925593750006,1.5241822916666667,0.9498335,-0.1116590071216944,-0.993746580436178,-0.539875961080401,0.1281847694517012,0.6318805292731404,0.5398759610804009,1,-0.5707026817626965,-0.6498365218248108,-0.3990886796536958,-0.33788593319793286,3
4471,US-KLS,2017-07-23,US-KLS,Croplands,38.7745,-97.5684,5.0,7.3,1.1627137400876255,27.31801973958333,1.574926875,0.9178915833333338,-0.3617137307297674,-0.9322892131745134,-0.6334455980639896,0.10989171932208705,0.8064600750525786,0.6334455980639895,1,-0.5065744751361927,-0.694886516491088,-0.698875802564688,-0.24024456263284347,3
4472,US-KLS,2017-07-24,US-KLS,Croplands,38.7745,-97.5684,3.2,7.1,0.9415251068722232,29.053517145833343,1.904353958333333,1.0646374166666666,-0.3777079652039646,-0.92592477719385,-1.6323747885198745,0.1995286680966078,0.7242560480384183,1.6323747885198745,1,-1.5778325888949378,-1.4657888514792499,-1.8535029251854358,-0.5539731175253088,3
4473,US-KLS,2017-08-01,US-KLS,Croplands,38.7745,-97.5684,3.8,5.1,1.405824879447272,21.94763712291666,1.2326927083333337,0.6799492708333332,-0.5012418134457756,-0.8653072543632061,-0.2762670477276799,0.0794665350271244,0.819161049583234,0.27626704772767985,1,-0.30952180533085405,-0.1855753657039414,-0.3337039721482442,-0.061370691021821556,3
4474,US-KLS,2017-08-17,US-KLS,Croplands,38.7745,-97.5684,3.3,5.9,1.1565960035714986,23.94446283541665,1.4682959791666663,0.6121543541666667,-0.7176769136759615,-0.6963762255968726,-1.0125300940023496,0.3721479798826661,0.7427991979375475,1.0125300940023496,1,-1.3673792077326714,-0.6252110427016435,-1.0450000315727335,-0.15836481346647488,3
4475,US-KLS,2017-09-02,US-KLS,Croplands,38.7745,-97.5684,2.7,5.6,0.6139439919215545,24.39460541458333,1.3009087499999998,0.922637625,-0.8800122039735356,-0.4749510720670502,-0.8284849711325953,0.34686283379804855,0.6589710161006289,0.8284849711325952,1,-1.031125516058696,-0.427971729777473,-1.026357667561617,-0.2896446398397961,3
4476,US-KLS,2017-10-11,US-KLS,Croplands,38.7745,-97.5684,1.9,2.6000001,1.6797461027358491,10.869565254166664,0.6417539583333333,2.159417729166667,-0.9844738167520924,0.1755314904214277,-0.70585703181788,0.02244883891413619,0.5452538725261207,-0.2653492372895784,1,-0.6965121912049208,-0.731468789125125,-0.689590115123594,-0.2301774670301876,3
4477,US-KLS,2017-10-12,US-KLS,Croplands,38.7745,-97.5684,1.8,4.6,1.7272865732094045,17.554340935416672,0.8185595833333332,5.811185875,-0.9813064702716092,0.1924515819708299,-0.32796356897678597,0.29930232322503325,1.2122115173829053,-0.18253671539559485,1,-0.34223707250712776,-0.021779862686695628,-0.6198737717365346,-0.02737720894239809,3
4478,US-KLS,2017-10-19,US-KLS,Croplands,38.7745,-97.5684,2.1,3.9,1.5937960989647404,18.970864083333336,1.2217062500000002,4.347823333333333,-0.9510565162951536,0.3090169943749472,-0.2613954375411969,0.4252605553471216,0.9401483021738446,0.2613954375411969,1,0.22176067234077584,-0.4270348985596485,-0.5789120864047179,-0.3398475811363832,3
4479,US-KLS,2017-10-20,US-KLS,Croplands,38.7745,-97.5684,2.1,5.0,1.7501976580966028,19.5921331625,0.8102149999999999,8.271359374999998,-0.9455963874271428,0.3253420847119795,-0.8997336127055418,0.46922145964206496,1.5675069192147721,-0.20012892889874712,1,-0.9077431668713103,-0.4265586495811964,-1.3648990216641186,2.8785096597803235,3
4480,US-KLS,2017-10-27,US-KLS,Croplands,38.7745,-97.5684,1.6,2.3,1.4816496319202388,12.545388762499996,0.7161700000000001,4.645163437500001,-0.8996308696522434,0.4366512319560638,-0.2454551194670477,0.41015862923169555,0.940450037187525,-0.008754383307525121,1,-0.1253126480301336,0.09121593024799446,-0.7022686406190041,0.05991411716232985,3
4481,US-KLS,2017-10-28,US-KLS,Croplands,38.7745,-97.5684,1.6,2.6000001,1.28797494852855,10.873512702083335,0.6676804166666668,3.735277166666666,-0.8919813464595487,0.4520722039323037,-0.3965460274932992,0.15701324657719853,0.6012008826939446,0.22750407544960077,1,-0.28488040312965396,-0.32868061473911037,-0.5760770646111334,-0.08849246599920958,3
4482,US-KLS,2017-11-20,US-KLS,Croplands,38.7745,-97.5684,1.0,3.6000001000000004,1.7775794543489258,11.347449529166669,1.132942291666667,6.117906250000001,-0.6486295610349818,0.7611042586607742,-0.6282281277887081,0.417586976982776,1.169715353383887,-0.6282281277887081,1,-0.5001538139801114,-0.2896778892712716,-1.0948526801147414,-0.1503975851345152,3
4483,US-KLS,2017-11-21,US-KLS,Croplands,38.7745,-97.5684,0.8,1.7,1.0459456279548618,5.6695322625000015,0.7941122916666666,4.067538791666667,-0.6354323008901775,0.7721565844991641,-0.2697515478954972,0.0759128408900335,0.7404800608919059,-0.26975154789549727,1,-0.19040040692769816,-0.27717333205396044,-0.3416809047048331,-0.0390889313076186,3
4484,US-KLS,2017-11-29,US-KLS,Croplands,38.7745,-97.5684,0.3,1.2,1.2001720141007537,10.168608079166663,1.0082929166666668,2.604777875000001,-0.5234156073655503,0.8520775211013093,0.0486598738950333,0.18422048163667853,0.7366417097909815,0.048659873895033345,1,0.0833003427010679,-0.15042178186885316,0.21310106085288516,-0.0662107062850066,3
4485,US-KLS,2017-12-06,US-KLS,Croplands,38.7745,-97.5684,0.6,1.9,0.6340389622516753,2.27165491875,0.5854804166666667,4.671932291666666,-0.4171936026123169,0.9088176373395028,-0.11419109651412991,0.07537633761871894,0.5625845836761149,-0.1141910965141299,1,-0.1767001087347914,-0.13538713678998088,-0.030486044017617453,-0.0390889313076186,3
4486,US-KLS,2017-12-15,US-KLS,Croplands,38.7745,-97.5684,0.4,1.8000001,0.2355110388664797,4.220603472916666,0.4877695833333333,4.0748505,-0.2719581575341052,0.9623090774541488,0.08696486522748048,0.10843723227951942,0.5026305583114375,-0.08696486522748045,1,-0.022834993383346158,0.08974352602161995,0.19398606304416766,-0.0390889313076186,3
4487,US-KLS,2017-12-30,US-KLS,Croplands,38.7745,-97.5684,0.2,0.5,-0.0627451784333042,-13.182012710416664,0.077608625,4.233580937500002,-0.0172133561558352,0.9998518392091162,0.014175221804606434,0.0037247753857167364,0.5583584794675545,-0.014175221804606453,1,0.016659129918265403,0.00989244515574439,0.01597409033980951,0.04158424279520798,3
4500,US-KM4,2016-04-15,US-KM4,Grasslands,42.44225,-85.330056,1.6,5.2000003,2.495880529170754,13.04508845983333,0.9998351306875,1.6154487154583326,0.9679377830240642,-0.2511900638848193,-0.14384657551435345,0.21189632735903638,0.6178819680116272,-0.14384657551435343,2,-0.30062248485348686,-0.22814248370897428,0.0972252420194008,-0.10287624816621056,3
4501,US-KM4,2016-04-23,US-KM4,Grasslands,42.44225,-85.330056,2.6,3.8,3.443622788566345,9.907701303333331,0.5079003222499999,1.289066849208333,0.9242907221930934,-0.3816892202666588,-0.5909328237607476,0.18429499207238026,0.6754679151997304,-0.5909328237607476,2,-0.42620285865523766,-0.5566244458141503,-0.7899711668128548,-0.12288899839145292,3
4502,US-KM4,2016-10-08,US-KM4,Grasslands,42.44225,-85.330056,1.9,2.6000001,2.192565869840026,9.819598941145834,0.3251216366458333,1.5901072223749997,-0.989932495087353,0.141540295217043,-0.4472652647155864,0.10582018045278827,0.526091726575253,-0.44726526471558636,2,-0.3270311092619558,-0.5262429227045465,-0.48852176218025695,-0.07276359025444433,3
4503,US-KM4,2016-11-01,US-KM4,Grasslands,42.44225,-85.330056,1.6,3.3,1.877417117709536,18.47648608104167,0.5133519398749998,1.868386413625,-0.8498170915275277,0.5270777086423724,0.021148604711573565,0.10983230698787731,0.4923711120871431,0.021148604711573538,2,0.10811359263113401,0.057609552104992245,-0.10227733060140556,-0.061370691021821556,3
4504,US-KM4,2016-11-09,US-KM4,Grasslands,42.44225,-85.330056,1.0,1.8000001,1.1761227196071355,8.564276487625003,0.3514747797083333,1.649200141520833,-0.7694148268839381,0.6387494220515268,-0.22971547254002397,0.029051463670393244,0.5308232439859418,-0.229715472540024,2,-0.2623116801071071,-0.22028052987763508,-0.20655420763532967,-0.0390889313076186,3
4505,US-KM4,2017-02-13,US-KM4,Grasslands,42.44225,-85.330056,0.4,1.0,0.8781924066533795,1.5174256249999998,0.3267143838208332,2.1188812500000003,0.6870527672236669,0.7266075247685656,0.1631319550411028,0.09477402813016844,0.6385014419497563,0.16313195504110278,2,0.2720154468475545,0.11819838020510814,0.0991820380706458,-0.0390889313076186,3
4506,US-KM4,2017-04-18,US-KM4,Grasslands,42.44225,-85.330056,1.5,5.8,3.6767736010445806,15.514196458333332,0.9139771799291668,2.5086327083333333,0.9587178169872964,-0.2843591872810034,-0.026836375428825738,0.2645953975641343,0.7070805587461478,-0.026836375428825665,2,-0.10323208813904561,-0.24482886963701364,0.26755183148958206,-0.09101038820745853,3
4507,US-KM4,2017-10-19,US-KM4,Grasslands,42.44225,-85.330056,1.2,3.0,1.099414840102134,13.569845252666669,0.7547012981312501,1.38409850975,-0.9510565162951536,0.3090169943749472,-0.32174038374650915,0.04007432234893653,0.47634555495167386,-0.12057006395077718,2,-0.33156920930862105,-0.3559858605564449,-0.2776660813744616,-0.046824531196186535,3
4508,US-KM4,2017-11-20,US-KM4,Grasslands,42.44225,-85.330056,0.7,2.3,0.9901364772178802,3.828959841250001,0.3263743028020833,2.787465198729167,-0.6486295610349818,0.7611042586607742,-0.1942402909933295,0.02451480203127617,0.5407280244587298,-0.1942402909933295,2,-0.22254551043976842,-0.1797936868834881,-0.18038167565673205,-0.0390889313076186,3
4509,US-KM4,2017-12-06,US-KM4,Grasslands,42.44225,-85.330056,0.3,1.5,0.5348413515952279,-0.0871737688958332,0.2568569490854165,3.619705534083334,-0.4171936026123169,0.9088176373395028,0.0857406844814037,0.07533154489676157,0.48018651263203826,0.0857406844814037,2,0.0710866633641517,0.01881282041651322,0.1673225696635462,-0.0390889313076186,3
4510,US-KM4,2018-08-27,US-KM4,Grasslands,42.44225,-85.330056,4.2,5.2000003,3.807479783274947,30.20283532604166,0.8705373389583334,1.8903053052916672,-0.8263541987239095,-0.5631507242749187,0.18261482632055934,0.45437275274140254,0.8450191069623703,-0.18261482632055936,2,-0.18927185127539778,0.048043231451196544,0.6890730987858792,-0.9769201023253563,3
4818,US-NC4,2016-02-10,US-NC4,Wetland/Riparian,35.7879,-75.9038,1.6,1.9,0.7479582630161661,15.9296534375,0.3608546977729168,3.9585795833333344,0.6486295610349814,0.7611042586607747,0.3617873712953732,0.15023361113629105,0.7348751737402444,-0.3617873712953732,2,0.21739356287001732,0.5172486675455034,0.3507198834705989,-0.08849246599920958,3
4819,US-NC4,2016-02-18,US-NC4,Wetland/Riparian,35.7879,-75.9038,2.2,3.8,0.8784943798235265,16.737823499999998,0.30971517154375,3.5738870208333324,0.7469720876965552,0.6648553979642865,0.1062455655265583,0.1703397754688371,0.7482504622419892,-0.1062455655265584,2,0.16217600043395308,0.24158827484029033,-0.0850275786945685,-0.08849246599920958,3
4820,US-NC4,2016-03-29,US-NC4,Wetland/Riparian,35.7879,-75.9038,3.2,3.9,2.01837330111384,22.8122763125,0.7600870367624998,2.795849458333333,0.9992500112396836,0.0387222808921744,0.6124244335553258,0.15282505508789204,0.6518752497840141,-0.6124244335553257,2,0.5636227996918143,0.48996035385822057,0.7836901471159428,-0.09482722554436951,3
4821,US-NC4,2016-05-08,US-NC4,Wetland/Riparian,35.7879,-75.9038,5.4,5.9,4.702389737751546,29.623053354166668,1.1027216457541666,3.0784519791666667,0.7961828637826158,-0.6050560696488488,0.17908733473015168,0.3230140691806955,0.9695277734872605,-0.1790873347301517,2,0.3716473995165751,0.3594452516059392,-0.1938306469320593,-0.0850717534355627,3
4822,US-NC4,2016-05-16,US-NC4,Wetland/Riparian,35.7879,-75.9038,5.8,5.4,5.647505302877556,25.17801233333334,0.9345757329125002,2.022611395833333,0.705583610107178,-0.7086266782644596,-0.8423950726934183,0.161987761646516,0.6178934625364653,-0.53740567844853,2,-0.694562940298971,-0.8170675980578429,-1.015554679723441,-0.5480667096030473,3
4823,US-NC4,2016-11-16,US-NC4,Wetland/Riparian,35.7879,-75.9038,1.4,1.7,1.4013127348147143,15.032892374999996,0.4512519978708332,1.483536625,-0.6870527672236675,0.726607524768565,-0.06773454576055069,0.09136890846394709,0.403389105454797,-0.06773454576055069,2,0.018140740609216388,-0.1637509401277672,-0.057593437763101246,-0.046824531196186535,3
4824,US-NC4,2016-12-02,US-NC4,Wetland/Riparian,35.7879,-75.9038,1.1,1.8000001,1.027995127821999,11.605923687499995,0.4742999145354166,2.496863624999999,-0.4635502709028512,0.8860706215341377,-0.03386011068760549,0.07602537042561792,0.6928199723904432,0.03386011068760549,2,0.05004643839306244,-0.09816568297073358,-0.05346108748514533,-0.0390889313076186,3
4825,US-NC4,2016-12-10,US-NC4,Wetland/Riparian,35.7879,-75.9038,0.7,1.3000001,0.5422562396122786,2.5164969583333336,0.3497570460270833,2.3899620833333333,-0.3375228995941134,0.941317317512847,-0.1885749813716829,0.056994029490812025,0.47022389198025066,0.1269125394037597,2,-0.2037355286921613,-0.23645584501773412,-0.12553357040515323,-0.0390889313076186,3
4826,US-NC4,2018-05-14,US-NC4,Wetland/Riparian,35.7879,-75.9038,5.7,6.5,6.104422009120244,28.82762327083334,1.0673182270833332,3.8497219375,0.741222010848596,-0.6712599575675313,0.3210126706545284,0.3743368330795632,1.1730640455144201,0.3210126706545284,2,0.4352390749125946,0.6249289839778214,-0.09713004692683097,-0.13685616455395666,3
4827,US-NC4,2018-06-07,US-NC4,Wetland/Riparian,35.7879,-75.9038,3.5,3.4,5.2526873809539625,24.250198625,0.6902687958333336,2.7487830625,0.4093559588156213,-0.9123747579707272,1.1920848826707646,0.12161573226590176,1.1247882906144782,1.1920848826707646,2,1.209161470369275,1.3042597983265294,1.0628333793164897,0.014128348201990923,3
5021,US-NR1,2016-06-05,US-NR1,Evergreen Forests,40.0329,-105.5464,5.3,4.6,2.979130287047606,8.976631944444447,0.4778062499999999,2.4270833333333344,0.4250003399695541,-0.9051931898913974,-2.3764489528023494,0.44847947179698144,0.772216196504765,2.265290473102438,0,-2.261580434460732,-2.8711906029966814,-1.996575820949635,-2.6720378743126645,3
5022,US-NR1,2016-06-13,US-NR1,Evergreen Forests,40.0329,-105.5464,3.9,3.7,3.376084482519804,6.581708333333334,0.1287180555555555,4.154770833333333,0.2967128192734907,-0.9549667548552552,-0.678496434063442,0.4128301929305115,1.211892616186598,0.36933460089694947,0,-0.39689348115529577,-1.1523948947129632,-0.4862009263220668,-0.1678769650417589,3
5023,US-NR1,2016-06-21,US-NR1,Evergreen Forests,40.0329,-105.5464,4.8,6.8,4.047815063929397,17.915,1.4224652777777775,3.6139583333333336,0.1628070129385171,-0.986657932891657,0.07009168522854999,0.1450805516956241,1.1992749394736366,-0.07009168522855003,0,0.21841160831173825,0.06337997639045059,-0.0715165290165389,-0.008738026183565218,3
5024,US-NR1,2016-06-29,US-NR1,Evergreen Forests,40.0329,-105.5464,4.1,5.6,3.3008134675081022,13.84791666666667,0.9186875,4.096666666666667,0.025818440227133,-0.9996666485105112,-0.15323213597813418,0.33145914785534053,1.1293707320515942,0.15323213597813412,0,-0.24979490863755863,0.21578573081370403,-0.42568723011054793,-0.03005750880928111,3
5025,US-NR1,2016-07-07,US-NR1,Evergreen Forests,40.0329,-105.5464,4.7,5.8,3.2885220869608704,14.117361111111109,1.1352430555555555,2.7927083333333336,-0.1116590071216944,-0.993746580436178,-0.34336459650474893,0.1540200099149468,0.9318196726556357,0.34336459650474893,0,-0.22301818853247662,-0.29013709493607454,-0.5169385060456957,-0.04832492761417091,3
5026,US-NR1,2016-07-15,US-NR1,Evergreen Forests,40.0329,-105.5464,3.5,5.5,2.8894920533473436,11.86215277777778,0.7133840277777778,3.3252083333333338,-0.2470221804809352,-0.9690098257244064,-0.1912420570019636,0.4084701048100976,1.0597347396613088,0.19124205700196362,0,-0.15595047350713193,0.19843721139840062,-0.6162129088971594,0.05723381729544684,3
5027,US-NR1,2016-07-23,US-NR1,Evergreen Forests,40.0329,-105.5464,5.0,5.7000003,3.612798722312248,16.922430555555557,1.2875000000000003,4.72125,-0.3777079652039646,-0.92592477719385,-0.032177834621535804,0.24062461758614942,1.2282409157918164,0.032177834621535784,0,-0.10898581211507594,0.2374740893235718,-0.22502178107310328,-0.012141576016248982,3
5028,US-NR1,2016-07-31,US-NR1,Evergreen Forests,40.0329,-105.5464,4.4,5.2000003,2.827343139234332,12.895208333333333,0.7048583333333331,4.2091666666666665,-0.5012418134457756,-0.8653072543632061,-0.31158541250120647,0.35619834869915407,1.1396164774997666,0.3115854125012065,0,-0.4299021205326152,0.08871533270395704,-0.5935694496749612,-0.02737720894239809,3
5029,US-NR1,2016-09-01,US-NR1,Evergreen Forests,40.0329,-105.5464,3.2,3.8,3.5048609588355744,11.18402777777778,0.5013,3.4912499999999995,-0.8800122039735356,-0.4749510720670502,-0.7258520512878369,0.16505973857066059,0.914011468752227,-0.7258520512878368,0,-0.5440284536543176,-0.8662598277666033,-0.7672678724425902,-0.19309209491241183,3
5030,US-NR1,2016-09-09,US-NR1,Evergreen Forests,40.0329,-105.5464,3.7,4.2000003,1.9024084376652,7.109569444444449,0.5482173611111112,2.7531250000000007,-0.9368813462954316,-0.3496474552512282,-1.3433395774815917,0.3681491317984662,1.105274236308543,1.3433395774815917,0,-0.9304602530256721,-1.4621334707210714,-1.6374250086980318,-0.08326096519196642,3
5031,US-NR1,2016-09-17,US-NR1,Evergreen Forests,40.0329,-105.5464,3.4,3.8,1.841913673316968,6.9650138888888895,0.5915624999999999,4.475625000000002,-0.9760105506323682,-0.2177232303965322,-0.5194476901140316,0.17342336570544717,1.3143391907466904,0.5194476901140315,0,-0.5912334703601807,-0.3216574093744187,-0.6454521906074951,-0.15107976299487286,3
5032,US-NR1,2016-09-25,US-NR1,Evergreen Forests,40.0329,-105.5464,3.0,2.9,0.7576808099300675,3.1318402777777794,0.3202569444444445,3.0510208333333333,-0.99665890175417,-0.0816763953304228,-1.3267899873448477,0.42823294083002517,1.0441047675780293,1.3267899873448477,0,-0.8733435471327192,-1.7243148350958009,-1.382711579806023,-0.5063466419936816,3
5033,US-NR1,2016-10-03,US-NR1,Evergreen Forests,40.0329,-105.5464,2.8,3.6000001000000004,1.1054110122440082,3.5451388888888897,0.4126576388888889,6.4364583333333325,-0.9984354211555644,0.055916990100603,-0.07200504948792545,0.0327805256756223,1.4755039976880502,0.07200504948792541,0,-0.07019322067221466,-0.040168013191437583,-0.1056539146001241,1.891345292935676,3
5034,US-NR1,2016-10-27,US-NR1,Evergreen Forests,40.0329,-105.5464,2.3,3.0,0.7714935518157099,8.655187499999998,0.8157569444444445,2.7847916666666657,-0.8919813464595487,0.4520722039323037,-0.6319395750990003,0.25957570339032204,0.782144037152815,0.6319395750990003,0,-0.5582122081429735,-0.9204036407545434,-0.41720287639948417,-0.2503237153313345,3
5035,US-NR1,2016-11-12,US-NR1,Evergreen Forests,40.0329,-105.5464,1.2,2.0,0.0675251605961454,3.6459027777777777,0.453423611111111,5.105625,-0.7354170229639858,0.6776147890466887,-0.06886954741958805,0.2817186969736269,0.9023663455648615,0.06886954741958795,0,-0.011420033594238113,0.17969631802168784,-0.37488492668621387,-0.04548225008865385,3
5036,US-NR1,2017-02-16,US-NR1,Evergreen Forests,40.0329,-105.5464,2.3,1.9,0.7829632933861049,3.641256944444444,0.6822013888888888,6.191458333333332,0.7236440382959124,0.6901733882429719,-0.20074596783485768,0.4412187010880065,1.2200524078947592,0.20074596783485776,0,-0.25307778114510876,0.26430486471375686,-0.6134649870732212,-0.24528746025600265,3
5037,US-NR1,2017-03-04,US-NR1,Evergreen Forests,40.0329,-105.5464,2.5,2.9,1.3766029882233095,0.4849166666666668,0.4807291666666666,4.301041666666666,0.8840675099433636,0.4673592171580022,-1.1843560564464037,0.16594109418276798,0.985277529658001,1.0624379671069772,0,-1.1993007468379842,-1.0114481077355324,-1.3423193147656947,-0.19402962576474056,3
5038,US-NR1,2017-06-08,US-NR1,Evergreen Forests,40.0329,-105.5464,5.4,4.9,4.416528062086491,9.967013888888893,0.5833784722222224,3.7445833333333343,0.3935902766564667,-0.9192859697186104,-1.7402227104176713,0.1946339541908407,1.0254549383318896,0.22672116540934728,0,-1.6996894380765912,-1.9519316786335432,-1.5690470145428792,-0.7226493882386743,3
5039,US-NR1,2017-06-16,US-NR1,Evergreen Forests,40.0329,-105.5464,7.1,6.6,3.615136753912373,13.020069444444443,1.0029791666666663,3.6697916666666655,0.263665492728007,-0.9646141756912436,-1.429585894587385,0.2967787472412504,1.1430611149446928,1.429585894587385,0,-1.5214417588639768,-1.6695766571204698,-1.0977392677777082,-0.5738560252213744,3
5040,US-NR1,2017-07-10,US-NR1,Evergreen Forests,40.0329,-105.5464,4.7,5.7000003,3.5050699818801485,15.56590277777778,1.0400972222222222,3.7470833333333338,-0.1457991969198744,-0.9893142039703664,-0.23338013362549961,0.32914014445512324,1.1642854278978214,0.2333801336254996,0,-0.2630141298142926,0.10957495185643462,-0.5467012229186409,-0.03005750880928111,3
5041,US-NR1,2017-08-03,US-NR1,Evergreen Forests,40.0329,-105.5464,3.8,2.9,3.6576718045521672,8.537500000000001,0.1410652777777777,2.1831875000000003,-0.5307300481619331,-0.8475409228928312,-1.0272664625498495,0.6158254585689952,1.1474262371325457,-0.7426100716541844,0,-0.5323280495637951,-1.7169098100041587,-0.832561528081595,3.243197456998934,3
5042,US-NR1,2017-08-19,US-NR1,Evergreen Forests,40.0329,-105.5464,4.8,5.2000003,4.7826079347646395,13.70784722222222,1.0759513888888887,3.0322916666666675,-0.7412220108485957,-0.6712599575675315,-0.5742336861971609,0.18906255235788721,1.0560573680345808,-0.5394495557264403,0,-0.5337340181597492,-0.4087027855560979,-0.7802642548756356,-0.08004116013953129,3
5043,US-NR1,2017-08-27,US-NR1,Evergreen Forests,40.0329,-105.5464,3.8,3.8,2.787731936079858,11.24520833333333,0.6405555555555555,2.5401875,-0.8263541987239095,-0.5631507242749187,-1.3044946592496218,0.31708497308072275,0.8298553199651213,0.7200414685906618,0,-0.9532835404444384,-1.5697157456233315,-1.3904846916810956,-0.2905342031444164,3
5044,US-NR1,2017-09-20,US-NR1,Evergreen Forests,40.0329,-105.5464,2.9,4.4,1.5685854693841923,8.814166666666667,0.6651041666666667,3.508375000000002,-0.9829265519799822,-0.1839983516576798,-0.7312810339680521,0.23751770289470772,1.1111426027450033,0.7312810339680521,0,-0.6770160264652607,-0.5255914148253377,-0.9912356606135581,-0.16806751961570293,3
5045,US-NR1,2017-10-06,US-NR1,Evergreen Forests,40.0329,-105.5464,2.7,2.5,3.4421775825776626,1.0365624999999996,0.2508597222222222,7.449166666666668,-0.9959189961471792,0.0902516100310407,0.19397275713017695,0.2973011221536318,1.6526939066262831,0.19397275713017692,0,0.12391320336971257,0.52004669119102,-0.06204162317020173,2.8543151527703357,3
5046,US-NR1,2017-10-14,US-NR1,Evergreen Forests,40.0329,-105.5464,2.8,2.4,1.6258242861239411,-0.6577291666666666,0.3867062500000002,7.812083333333333,-0.9741004551724206,0.226115685508288,0.09178430954443628,0.28561820043761255,1.774292129358686,-0.0917843095444364,0,-0.03312289948024542,0.41857935664849144,-0.11010352853493713,2.8543151527703357,3
5047,US-NR1,2017-10-15,US-NR1,Evergreen Forests,40.0329,-105.5464,2.6,3.0,1.0637689595490012,3.026180555555555,0.5740486111111112,4.407708333333331,-0.970063921851507,0.2428497220959358,-0.6622413500394141,0.10264415434164433,1.2310858126290778,0.6622413500394141,0,-0.5888920567334318,-0.7795431217753823,-0.618288871609428,-0.17124205714951587,3
5048,US-NR1,2017-10-22,US-NR1,Evergreen Forests,40.0329,-105.5464,2.5,3.5,0.7420775286266987,1.7009513888888887,0.3780138888888889,14.682916666666666,-0.9338372288229252,0.3576982388331254,0.017416510807496167,0.4589374147023019,5.040470160941678,-0.017416510807496177,0,-0.47392132251650043,0.4350269895538057,0.09114386538518324,-11.06718931381726,3
5049,US-NR1,2017-11-15,US-NR1,Evergreen Forests,40.0329,-105.5464,0.8,1.8000001,1.0371636984089845,1.457458333333334,0.4771527777777778,4.7025000000000015,-0.7116566222817751,0.7025274741691566,-0.13008383732085393,0.20791984535187225,0.8005523844785072,-0.13008383732085393,0,-0.14654104751570712,0.08557555687404075,-0.3292860213208954,-0.08059448845200758,3
5050,US-NR1,2017-11-16,US-NR1,Evergreen Forests,40.0329,-105.5464,1.4,2.9,0.6481390848986314,4.3052777777777775,0.5188125,8.829166666666666,-0.6994583270516471,0.7146733860429608,0.2841473505594862,0.308623678763613,1.5000820032508528,-0.28414735055948614,0,0.029994815134509113,0.6275646491615812,0.19488258738236844,1.876961510768675,3
5051,US-NR1,2017-12-01,US-NR1,Evergreen Forests,40.0329,-105.5464,0.7,1.9,0.7820983663583023,0.6385138888888887,0.3094583333333334,6.956458333333331,-0.4937755501599774,0.8695893893466109,0.16283906216973598,0.3203945393803098,0.8447685680975127,0.00135767054686875,0,0.03253750135650688,0.5278544591984992,-0.07187477404579812,-0.07537576132881411,3
5052,US-NR1,2017-12-09,US-NR1,Evergreen Forests,40.0329,-105.5464,1.3,2.2,1.0599010728617568,-0.3314166666666665,0.5016736111111112,8.42625,-0.3697245428906732,0.9291414114031744,0.22087848099416096,0.2738124958801436,1.4519414515418385,-0.22087848099416096,0,0.0756093397412293,0.5367124355627751,0.05031366767847845,1.6869247309326165,3
5053,US-NR1,2017-12-17,US-NR1,Evergreen Forests,40.0329,-105.5464,0.2,1.1,0.2996307196420114,-5.468333333333331,0.2422090277777777,5.508333333333333,-0.2386727660059499,0.9711000518829505,0.10047580899318324,0.08844788091447181,0.8414264282382341,0.09878563029083949,0,0.09291419973232176,0.1924617392530247,0.016051487994203265,-0.033870204184425136,3
5054,US-NR1,2018-01-02,US-NR1,Evergreen Forests,40.0329,-105.5464,0.4,1.7,0.5133714653111414,-5.2892638888888905,0.3321743055555556,7.236458333333332,0.0344216116227457,0.9994074007397048,0.062490096347577684,0.2037672596873531,1.193304646233845,0.062490096347577684,0,-0.1535369895804187,0.25125213607521074,0.08975514254794101,0.009288332938805856,3
5055,US-NR1,2018-05-10,US-NR1,Evergreen Forests,40.0329,-105.5464,6.5,5.6,2.6962500308325543,9.283270833333331,0.7692388888888889,3.1205208333333334,0.7856498550787145,-0.6186714032625031,-2.8802917937268044,0.6244960712913702,1.32289790031469,2.8802917937268044,0,-2.9528313073604044,-3.465350337633307,-2.222693736186702,-10.843963060826704,3
5056,US-NR1,2018-05-26,US-NR1,Evergreen Forests,40.0329,-105.5464,6.0,5.9,3.843356582965489,12.664652777777777,1.115979166666667,3.169583333333333,0.5877852522924732,-0.8090169943749473,-1.8582021340240689,0.5099143978863844,1.0660288672246945,1.8582021340240689,0,-1.7364402058944708,-2.417975088218451,-1.4201911079592853,2.927168485949693,3
5057,US-NR1,2018-06-03,US-NR1,Evergreen Forests,40.0329,-105.5464,3.5,4.9,2.4902835558014247,9.135527777777776,0.6735256944444444,3.376437500000001,0.4711595076738638,-0.8820480249558537,-0.9220500119955997,0.20197193396172267,0.9515229781767859,0.9220500119955997,0,-0.7178927935088829,-0.9264939208857347,-1.1217633215921814,-0.19402962576474056,3
5058,US-NR1,2018-06-11,US-NR1,Evergreen Forests,40.0329,-105.5464,4.3,6.1,3.2039772815971945,12.004583333333334,1.139958333333333,4.527979166666666,0.3456123126707335,-0.938377391740864,-0.5321127831921465,0.16704615518544927,1.0810630446269212,0.5321127831921465,0,-0.5705124301593323,-0.3492104298049573,-0.6766154896121498,-0.04373549948936356,3
5059,US-NR1,2018-06-27,US-NR1,Evergreen Forests,40.0329,-105.5464,5.0,6.2000003,3.860709003441572,16.731736111111115,1.4883055555555549,3.03125,0.077386479233463,-0.9970011699250152,-0.1379223538725589,0.21552559431728407,1.017788677228578,0.1379223538725589,0,0.09970201031954787,-0.19268550816536412,-0.3207835637718605,-0.04479277698813984,3
5060,US-NR1,2018-07-21,US-NR1,Evergreen Forests,40.0329,-105.5464,4.6,5.7000003,3.6273887579607447,16.224375,0.9943472222222222,3.284166666666668,-0.3294084822245302,-0.9441875088341994,-0.18803540739598587,0.24956985457122408,0.9972181022832979,0.1880354073959859,0,-0.23489645677205961,0.08164325200423883,-0.41085301742013686,-0.0627087097811719,3
5061,US-NR1,2018-07-29,US-NR1,Evergreen Forests,40.0329,-105.5464,4.3,5.1,3.9197313933622926,12.201458333333331,0.7080819444444444,3.2488750000000004,-0.455906693508459,-0.8900275764346766,-0.6122526401541443,0.37409091175293674,1.0343083081223843,0.1482845731212702,0,-0.5002786225174642,-0.30693593353785315,-1.0295433644071152,0.044549571410936656,3
5062,US-NR1,2018-08-06,US-NR1,Evergreen Forests,40.0329,-105.5464,4.5,4.2000003,2.998752391887364,11.609791666666665,0.4117354166666667,2.19675,-0.5737722679043243,-0.8190148866680802,-1.0390386019382303,0.2635884139278507,0.8348547314588343,1.0390386019382303,0,-0.8173798323688015,-1.3305040693911787,-0.9692319040547102,-0.24604251906046967,3
5063,US-NR1,2018-08-30,US-NR1,Evergreen Forests,40.0329,-105.5464,3.7,5.4,1.4348199032716986,14.416041666666665,1.2797638888888891,3.3745833333333324,-0.8543221697498269,-0.5197438121555157,-0.30434024017579686,0.3046745873375606,1.1871162149879495,0.30434024017579686,0,-0.5068401007066051,0.04605213736237777,-0.4522327571831632,-0.03005750880928111,3
5064,US-NR1,2018-09-07,US-NR1,Evergreen Forests,40.0329,-105.5464,3.5,3.4,2.275812070944841,6.822006944444444,0.2497895833333333,2.1437499999999994,-0.9175836260593934,-0.3975428142825566,-1.2889208330619768,0.30596591666797635,0.9464484565249794,1.1594550250483415,0,-0.9508692975453031,-1.5468623568120916,-1.3690308448285355,-0.2476863648924948,3
5065,US-NR1,2018-09-15,US-NR1,Evergreen Forests,40.0329,-105.5464,3.5,4.5,0.9438262095465556,14.629930555555555,1.3537430555555554,3.618958333333333,-0.9634705485641486,-0.2678143051621748,-0.24891257116912324,0.130428624032917,1.1398316775538582,0.24891257116912335,0,-0.37097337595929547,-0.11147866154039232,-0.26428567600768194,0.014128348201990923,3
5066,US-NR1,2018-10-25,US-NR1,Evergreen Forests,40.0329,-105.5464,2.1,2.3,0.8535611613533928,1.5955763888888883,0.2898263888888889,5.607083333333335,-0.9141279881853336,0.4054257283599973,-0.08622289612023241,0.24925271653598224,1.2251626329697465,0.08622289612023248,0,-0.1275068294241317,0.18109425035081886,-0.3122561092873844,-0.02737720894239809,3
5067,US-NR1,2018-11-10,US-NR1,Evergreen Forests,40.0329,-105.5464,2.1,2.1000001,0.6716133101802106,-5.061875,0.2892340277777778,6.015208333333333,-0.7694148268839381,0.6387494220515268,-0.3253476182731039,0.1876841030590622,1.371825091870964,0.3253476182731039,0,-0.3163201306553588,-0.14234016090310098,-0.5173825632608519,-0.014034924966778765,3
5087,US-OF1,2017-05-26,US-OF1,Croplands,35.7370669999999,-90.0492,1.8,6.1,1.9727987689268864,23.78741666666666,1.0624961875000003,6.14828020833333,0.5877852522924732,-0.8090169943749473,0.5233486300813347,0.3783384601136825,1.063366693273997,-0.1777510922275619,0,0.17294166996322252,0.9244972630575984,0.47260695722318297,0.07626580393629702,3
5088,US-OF1,2017-06-19,US-OF1,Croplands,35.7370669999999,-90.0492,5.9,6.4,6.527632199973858,25.80485416666666,1.1165918458333337,1.303605,0.2135209154397961,-0.9769384927771816,-0.7774910310351721,0.1231275676874269,0.45627595716919667,-0.7774910310351721,0,-0.7254352568267111,-0.6889412361795628,-0.9180966000992423,-0.5783792887359679,3
5089,US-OF1,2017-06-27,US-OF1,Croplands,35.7370669999999,-90.0492,5.3,5.4,6.044063530242879,22.596791666666668,0.5194502135416666,1.888759375,0.077386479233463,-0.9970011699250152,-0.8671486106297003,0.2330579891344166,0.6117597924330485,-0.8671486106297004,0,-0.7719144064561785,-0.6967889683927724,-1.13274245704015,-0.27942339439091174,3
5090,US-OF1,2017-07-13,US-OF1,Croplands,35.7370669999999,-90.0492,5.5,5.6,8.070200312007923,27.88877083333334,0.5490873529166665,1.78089,-0.1966728897935762,-0.980469160361632,-0.6844546753389594,0.2248913614666271,0.5433009036421854,-0.6844546753389595,0,-0.6601197552701618,-0.47272040869121074,-0.9205238620555056,-0.4942034512301147,3
5091,US-OF1,2017-07-21,US-OF1,Croplands,35.7370669999999,-90.0492,6.1,6.3,7.362658809134874,29.47933333333334,0.7068892731249999,1.1735243750000002,-0.3294084822245302,-0.9441875088341994,-0.8967338757624862,0.15482257362831467,0.5517939094485836,-0.8967338757624863,0,-1.0103725275415893,-0.7203958403699211,-0.9594332593759479,-0.7699345296411906,3
5092,US-OF1,2017-07-29,US-OF1,Croplands,35.7370669999999,-90.0492,6.0,5.6,9.200619201465525,23.808416666666663,0.5632572541666667,2.4246608333333337,-0.455906693508459,-0.8900275764346766,-0.6341624125765079,0.16981326621327422,0.7344985146239262,-0.634162412576508,0,-0.43962669025915263,-0.7101362619274267,-0.7527242855429443,-0.511426084961469,3
5093,US-OF1,2017-09-07,US-OF1,Croplands,35.7370669999999,-90.0492,2.9,4.0,2.8937114949137586,17.644833333333327,0.7793647458333334,0.7117387499999999,-0.9175836260593934,-0.3975428142825566,-0.35349484307373197,0.10078989165347375,0.6565249128390951,-0.3409178329012493,0,-0.42923454089145385,-0.2390990123653599,-0.39215097596438225,-0.061370691021821556,3
5094,US-OF2,2017-07-13,US-OF1,Croplands,35.7406,-90.0489,5.6,5.6,8.686785095043188,28.70339583333333,0.4607219583333334,1.8581666666666663,-0.1966728897935762,-0.980469160361632,-0.7650012429393147,0.19911022952578256,0.5910815398750858,-0.7650012429393147,0,-0.7558013695421892,-0.5706504187724879,-0.9685519405032672,-0.5480667096030473,3
5095,US-OF2,2017-07-21,US-OF1,Croplands,35.7406,-90.0489,6.1,6.3,8.018448258990887,30.37397916666666,0.6149160208333333,1.161625,-0.3294084822245302,-0.9441875088341994,-1.0148177845164694,0.1611742956266258,0.5813857106112874,-1.0148177845164694,0,-1.157755048399651,-0.8401316273384574,-1.0465666778112996,-0.7699345296411906,3
5096,US-OF2,2017-07-29,US-OF1,Croplands,35.7406,-90.0489,6.0,5.6,8.871435366964453,25.03729166666667,0.5494776208333333,2.7169791666666665,-0.455906693508459,-0.8900275764346766,-0.5138085563078065,0.15504198772895764,0.7987302553217195,-0.5138085563078065,0,-0.3987868497185544,-0.6901281770353045,-0.4525106421695607,-0.3604339747450732,3
5097,US-OF4,2018-07-08,US-OF1,Croplands,35.734346,-90.037982,4.4,5.0,7.444991317702142,24.39633333333333,0.0737249375,1.9089181249999991,-0.1116590071216944,-0.993746580436178,0.08915886773185372,0.33771872922759133,0.6577159845113485,0.08915886773185377,0,0.388325187145069,0.15620574995771147,-0.2770543339072193,-0.10287624816621056,3
5098,US-OF4,2018-07-16,US-OF1,Croplands,35.734346,-90.037982,5.5,6.3,7.555842696358693,29.11456249999999,1.1048776875,1.2236904166666671,-0.2470221804809352,-0.9690098257244064,-0.6286271369494937,0.07619208596066711,0.6267047468890642,-0.6286271369494938,0,-0.6227628494479696,-0.5555366422159707,-0.7075819191845406,-0.49935993145777224,3
5099,US-OF4,2018-07-24,US-OF1,Croplands,35.734346,-90.037982,6.0,6.2000003,5.506019425970748,26.42052083333333,0.8414935833333331,1.1694885416666667,-0.3777079652039646,-0.92592477719385,-0.5960928948348514,0.09594454634070701,0.4814154941571361,0.39186825322365304,0,-0.6806001380111413,-0.49179694607741314,-0.6158816004159997,-0.3333121997676853,3
5100,US-OF6,2018-06-06,US-OF1,Croplands,35.729972,-90.0403329999999,5.8,6.1,6.5949366842894515,27.60070833333334,1.4917149520833335,0.8840556250000001,0.4250003399695541,-0.9051931898913974,-0.8650403937842462,0.06843784559489995,0.7164732655602448,-0.8650403937842461,0,-0.8554063366928256,-0.8019300536363232,-0.9377847910235899,-0.5384624783210302,3
5101,US-OF6,2018-07-16,US-OF1,Croplands,35.729972,-90.0403329999999,5.7,6.3,7.011093981730172,29.38808333333334,1.1836364583333332,1.0946683333333336,-0.2470221804809352,-0.9690098257244064,-0.730064851223528,0.09094486610474666,0.6539730336404336,-0.7300648512235282,0,-0.6940599404188919,-0.6626348568817767,-0.8334997563699155,-0.5783792887359679,3
5102,US-OF6,2018-07-24,US-OF1,Croplands,35.729972,-90.0403329999999,6.0,6.2000003,7.251698912173259,25.8655625,0.8041658958333334,1.054893541666667,-0.3777079652039646,-0.92592477719385,-0.5762116210111973,0.09770524122718528,0.5001160026743819,-0.5762116210111974,0,-0.6536877838302355,-0.4664496189172293,-0.6084974602861268,-0.3333121997676853,3
5152,US-Ro1,2016-02-29,US-Ro1,Croplands,44.7143,-93.0898,0.3,1.6,3.0321701924120377,-3.2737519312500005,0.2106647018604166,4.288009583333333,0.8587639582758029,0.5123714121284237,0.38910604637839724,0.017302283897329053,0.5048173957259989,0.3891060463783971,2,0.39968199430606977,0.3691388005614634,0.3984973442676585,-0.0390889313076186,3
5153,US-Ro1,2016-04-01,US-Ro1,Croplands,44.7143,-93.0898,0.9,2.2,4.112390666293114,1.8628192354166664,0.2869195845833333,4.033103416666667,0.999916658654738,-0.0129102960750088,0.7465510805303449,0.014686338254897163,0.4372309109449645,0.7465510805303448,2,0.7444798117066802,0.7330103328316417,0.7621630970527129,-0.0390889313076186,3
5154,US-Ro1,2016-04-02,US-Ro1,Croplands,44.7143,-93.0898,0.5,2.4,2.7910025239671383,-0.3634767624999999,0.3052761355229167,5.4447736250000025,0.9995462806873572,-0.0301203048469081,0.827130896091283,0.07210044396312695,0.7659968535643561,0.8271308960912829,2,0.7787453433416258,0.9099973695842634,0.7926499753479597,-0.0390889313076186,3
5155,US-Ro1,2016-04-10,US-Ro1,Croplands,44.7143,-93.0898,0.6,3.8,1.4361233169081131,7.3050040833333325,0.5903795934791666,4.950713041666666,0.9859481499638304,-0.1670516255021192,0.6226968709949269,0.12505471431238224,0.9539727488163375,0.6226968709949269,2,0.5699201445010726,0.5326822942996161,0.7654881741840918,0.003758906944303018,3
5156,US-Ro1,2016-05-04,US-Ro1,Croplands,44.7143,-93.0898,1.2,4.8,1.3261163356146406,12.544916729166667,0.946007411575,3.4456485375,0.835925479418637,-0.548842958284719,0.2516296599847987,0.12135529539894871,0.7324186740312295,0.0006030112444825875,2,0.36805346646113346,0.26095464063637575,0.12588087285688693,-0.046824531196186535,3
5157,US-Ro1,2016-06-20,US-Ro1,Croplands,44.7143,-93.0898,1.6,5.5,2.679223570247921,22.034968541666668,1.2768998209187503,3.7266040166666654,0.1797665857255624,-0.9837092937736096,0.22930544653695087,0.17173035575889775,1.0803488516396262,0.22930544653695084,2,0.2701484144138808,0.3769321820782847,0.040835743118687096,-0.01567372664228009,3
5158,US-Ro1,2016-06-21,US-Ro1,Croplands,44.7143,-93.0898,2.3,6.5,2.4869657224063264,21.354149791666668,1.3689485660291665,2.8297111708333342,0.1628070129385171,-0.986657932891657,-0.28842631131524893,0.2990539798719323,0.795682500371003,-0.28842631131524893,2,-0.5944277049451592,-0.27401004075251234,0.0031588117519247283,-0.11013028146334121,3
5159,US-Ro1,2016-07-06,US-Ro1,Croplands,44.7143,-93.0898,4.0,5.4,6.0364691332517015,22.591484166666664,0.8543925427062503,1.2288138083333335,-0.0945367498171993,-0.9955213724144752,-1.0726724161441492,0.07878868092363546,0.8468907116333213,-1.0726724161441492,2,-1.1599210560347033,-1.0513732472537418,-1.0067229451440025,-0.24428028337120156,3
5160,US-Ro1,2016-07-15,US-Ro1,Croplands,44.7143,-93.0898,4.0,5.1,5.062582247831911,18.77718958333333,0.6060839025249999,1.3447212145833338,-0.2470221804809352,-0.9690098257244064,-0.5915782320658534,0.22581588888069665,0.6510430549212913,-0.5915782320658534,2,-0.7788880326557105,-0.6550191452836345,-0.34082751825821495,-0.13727278055845385,3
5161,US-Ro1,2016-07-22,US-Ro1,Croplands,44.7143,-93.0898,5.5,6.1,4.403464235152832,26.56930583333333,1.2484380389708334,0.7731699729166662,-0.3617137307297674,-0.9322892131745134,-1.0302694134505892,0.4054107940963317,0.847758285599111,1.0302694134505892,2,-1.2907403777815627,-1.2368930554381938,-0.5631748071320112,-0.3674198583780069,3
5162,US-Ro1,2016-08-07,US-Ro1,Croplands,44.7143,-93.0898,3.3,4.2000003,4.6236094702742365,20.867920833333336,0.7607962694541667,0.6429089958333334,-0.6016240632249227,-0.7987793728863648,-0.5614109132350044,0.05747428466460647,0.8847018673266133,-0.5614109132350045,2,-0.6002975720431267,-0.4953932966891765,-0.5885418709727096,-0.04658462561698333,3
5163,US-Ro1,2016-08-15,US-Ro1,Croplands,44.7143,-93.0898,4.1,4.1,3.85573715975369,20.469303125,0.610802111385417,0.7715955479166668,-0.7055836101071774,-0.7086266782644601,-0.15947014107006516,0.09394277460780802,0.7867898489269682,0.15947014107006516,2,-0.26639245917512805,-0.12185064604923249,-0.09016731798583488,-0.061370691021821556,3
5164,US-Ro1,2016-08-16,US-Ro1,Croplands,44.7143,-93.0898,3.5,4.0,4.309371442123193,20.615804791666665,0.4141530522208333,1.1825248374999997,-0.7176769136759615,-0.6963762255968726,0.24403441548993374,0.11322488659393078,0.5972913455357872,0.24403441548993376,2,0.11542309638806075,0.32869250470824996,0.2879876453734904,-0.061370691021821556,3
5165,US-Ro1,2016-08-23,US-Ro1,Croplands,44.7143,-93.0898,3.7,4.0,3.81631930116073,21.354526041666674,0.5114330361791667,2.9113047291666665,-0.7961828637826154,-0.6050560696488494,0.9932937959071024,0.13232330397286518,0.742513110556977,-0.7606551935856425,2,0.9668416422416009,1.136845117604913,0.8761946278747934,-0.061370691021821556,3
5166,US-Ro1,2016-08-31,US-Ro1,Croplands,44.7143,-93.0898,3.4,4.0,2.8539640219463487,17.927312499999996,0.6728649309083332,1.0758095145833335,-0.8717063187093218,-0.4900286664290594,-0.5105593603171287,0.040810609890671506,0.6953648243011722,0.5105593603171287,2,-0.5532728121667415,-0.471963821992198,-0.5064414467924463,-0.08943246386890506,3
5167,US-Ro1,2016-09-01,US-Ro1,Croplands,44.7143,-93.0898,3.2,3.8,2.8876958791488954,16.82437791666667,0.4914699215916668,0.7835403208333336,-0.8800122039735356,-0.4749510720670502,-0.4415155426690804,0.06061883572998228,0.64032736713711,0.18309269903312925,2,-0.43043602271469844,-0.3872006752274668,-0.506909930065076,-0.07276359025444433,3
5168,US-Ro1,2016-09-08,US-Ro1,Croplands,44.7143,-93.0898,3.4,3.9,5.190080263266059,19.4907875,0.5510961178895835,1.6641290583333337,-0.9307239310379792,-0.3657225234972692,-0.14494867506264195,0.02920278877134296,0.6516407305163991,-0.14494867506264186,2,-0.17680799670436048,-0.13858669893667197,-0.11945132954689341,-0.061370691021821556,3
5169,US-Ro1,2016-09-16,US-Ro1,Croplands,44.7143,-93.0898,2.1,2.8,2.2935723449626275,18.51723041666666,0.3565131596208334,1.5464814604166668,-0.9721181966290612,-0.2344913895704105,0.16247591070442316,0.06968525007152644,0.6198869307463944,0.16247591070442316,2,0.109272312864241,0.13679896671521796,0.24135645253381055,-0.061370691021821556,3
5170,US-Ro1,2016-10-02,US-Ro1,Croplands,44.7143,-93.0898,1.3,2.1000001,0.9078136990691988,14.837869541666665,0.5917763936999999,0.6239627395833335,-0.9992500112396836,0.0387222808921739,-0.4218610458603949,0.15147562866018865,0.6758218346143003,0.3625115560012075,2,-0.24800877460956294,-0.5254126713641489,-0.4921616916074729,-0.07394630617357453,3
5171,US-Ro1,2016-10-03,US-Ro1,Croplands,44.7143,-93.0898,1.1,3.0,1.245239852763638,15.99661345833333,0.6859847409187502,1.7419360541666664,-0.9984354211555644,0.055916990100603,-0.12975242474660179,0.0849518471081413,0.4821106290370906,-0.12975242474660176,2,-0.22684047113474967,-0.09334305290659026,-0.06907375019846543,-0.0390889313076186,3
5172,US-Ro1,2016-10-11,US-Ro1,Croplands,44.7143,-93.0898,0.4,2.6000001,0.8039267691651046,15.530654833333337,0.5125296534687501,2.569727797916666,-0.9813064702716092,0.1924515819708299,0.2431393080856933,0.0906148480243327,0.6753402139160565,0.2431393080856933,2,0.14696060877598055,0.2555454119269778,0.3269119035541217,-0.0390889313076186,3
5173,US-Ro1,2016-10-18,US-Ro1,Croplands,44.7143,-93.0898,0.3,2.3,1.4544934696639715,12.717875583333331,0.3984496113312499,2.557038347916667,-0.9510565162951536,0.3090169943749472,0.3221617715187846,0.053689430224642926,0.6188533901012193,0.32216177151878456,2,0.2602489416544682,0.3558851417254202,0.3503512311764655,-0.0390889313076186,3
5174,US-Ro1,2016-11-03,US-Ro1,Croplands,44.7143,-93.0898,0.2,1.5,0.7495009617611568,9.95578,0.3704048160541665,1.3661456104166667,-0.8311706263658079,0.5560174366570446,0.17346906372410817,0.05969878158995717,0.4839391452586347,0.1734690637241082,2,0.11293439075328549,0.2322952788563094,0.1751775215627296,-0.0390889313076186,3
5175,US-Ro1,2016-11-04,US-Ro1,Croplands,44.7143,-93.0898,0.5,2.2,0.649458409772658,10.546882333333334,0.4956594318041666,1.4361671333333332,-0.8214765533024145,0.5702422926917867,-0.02584666262415446,0.06608168362835933,0.4176848135697341,-0.02584666262415447,2,-0.08160058329393247,0.04714586219373362,-0.04308526677226454,-0.0390889313076186,3
5176,US-Ro1,2016-11-11,US-Ro1,Croplands,44.7143,-93.0898,0.2,1.0,0.6127626813440805,5.1578375398958345,0.3607624924354165,2.2554916312500013,-0.7469720876965551,0.6648553979642867,0.19724954107411916,0.010878638202971736,0.5605733602969185,0.19724954107411916,2,0.20930589545136002,0.18816718502712376,0.1942755427438736,-0.0390889313076186,3
5177,US-Ro1,2016-11-12,US-Ro1,Croplands,44.7143,-93.0898,0.4,1.9,0.8182730191234228,4.798818672916667,0.3154755587541666,3.786612356249999,-0.7354170229639858,0.6776147890466887,0.1520272333182676,0.009786801958715756,0.5268814255388463,0.15202723331826762,2,0.14100226323023607,0.15539052816650495,0.15968890855806178,-0.0390889313076186,3
5178,US-Ro2,2016-02-29,US-Ro1,Croplands,44.7288,-93.0888,0.3,1.6,2.6447644733089533,-3.6869428604166674,0.2172552093624999,4.4397745833333335,0.8587639582758029,0.5123714121284237,0.3794839823568899,0.024246831948403276,0.5309681093743476,0.37948398235688985,2,0.38488740265139876,0.35299128344550934,0.40057326097376167,-0.0390889313076186,3
5179,US-Ro2,2016-04-01,US-Ro1,Croplands,44.7288,-93.0888,1.2,2.2,3.698652427642958,1.928888202083332,0.31142205526875,4.348165291666665,0.999916658654738,-0.0129102960750088,0.478174097758208,0.1079244387228354,0.5260555619951222,0.47817409775820785,2,0.5344135013132758,0.546363957237419,0.35374483472392904,-0.046824531196186535,3
5180,US-Ro2,2016-04-10,US-Ro1,Croplands,44.7288,-93.0888,1.4,3.8,1.983790695016352,7.308482145833333,0.6178576842500001,5.156681166666667,0.9859481499638304,-0.1670516255021192,0.21435413520787608,0.08869779228561156,1.0018586753569878,0.21435413520787605,2,0.28451800103833824,0.1146574028645328,0.24388700172075728,-0.003976692944264901,3
5181,US-Ro2,2016-05-03,US-Ro1,Croplands,44.7288,-93.0888,4.0,5.4,6.423860457806067,15.347031770833334,1.1050762614708336,3.9938987500000014,0.8452490573530633,-0.5343725582809787,-0.46062982205528513,0.10523059510625915,0.7672372397775977,-0.46062982205528513,2,-0.3540025113921543,-0.46348120819512073,-0.5644057465785802,-0.07544389012132739,3
5182,US-Ro2,2016-05-04,US-Ro1,Croplands,44.7288,-93.0888,4.4,4.8,5.890707983264235,12.43166439583333,0.94574841781875,3.299011593749998,0.835925479418637,-0.548842958284719,-1.3061931426192743,0.22894599259393494,0.7304448999804662,-1.306193142619274,2,-1.0649694024413972,-1.3331321889770527,-1.5204778364393736,-0.2905342031444164,3
5183,US-Ro2,2016-06-20,US-Ro1,Croplands,44.7288,-93.0888,6.3,5.5,7.210119367276329,21.51926479166666,1.2384180738625,2.9933916624999988,0.1797665857255624,-0.9837092937736096,-1.112675777078312,0.2155451297881526,0.9432913397458327,-1.1126757770783122,2,-1.1324602790144538,-0.8879204695189655,-1.3176465827015165,-0.7145268462043924,3
5184,US-Ro2,2016-06-21,US-Ro1,Croplands,44.7288,-93.0888,6.2,6.5,7.308945845844255,20.95623645833333,1.3550295433833333,2.327204960416666,0.1628070129385171,-0.986657932891657,-0.979383529587046,0.04205584976156313,0.898933096770943,-0.9793835295870461,2,-0.9478639330484737,-1.0271367767904716,-0.9631498789221927,-0.7124086353073483,3
5185,US-Ro2,2016-06-28,US-Ro1,Croplands,44.7288,-93.0888,4.3,4.2000003,3.811670844231104,18.060675416666665,0.8676999832645834,1.18881308125,0.0430222330045305,-0.99907411510223,-0.8544287579276973,0.2605642414936169,0.8951525177747577,0.12222955361009424,2,-0.9373521487542845,-1.0634396306441487,-0.5624944943846588,-0.20071872058759369,3
5186,US-Ro2,2016-07-06,US-Ro1,Croplands,44.7288,-93.0888,4.4,5.4,5.163876237918814,22.8503875,1.0613740658770834,1.2282378979166662,-0.0945367498171993,-0.9955213724144752,-1.1349313010426212,0.14271063781459006,0.8333369505465964,-1.1349313010426212,2,-1.269980994671392,-1.1491836596924014,-0.9856292487640695,-0.2714461111279804,3
5187,US-Ro2,2016-07-15,US-Ro1,Croplands,44.7288,-93.0888,4.1,5.1,4.493066475970706,19.04158333333334,0.7267264889249999,1.3026697479166671,-0.2470221804809352,-0.9690098257244064,-0.7447232298468497,0.2601045967879908,0.6192773625204807,-0.7447232298468496,2,-0.9100807758064133,-0.8791782008266753,-0.44491071290746037,-0.2435665588395154,3
5188,US-Ro2,2016-07-22,US-Ro1,Croplands,44.7288,-93.0888,5.3,6.1,4.290727729392967,26.90678375,1.591702792279167,1.0363056354166666,-0.3617137307297674,-0.9322892131745134,-1.0426491931515702,0.38946472033150237,1.064517521172807,0.9758953480624957,2,-1.3776950713067853,-1.1349164829727725,-0.615336025175153,-0.08993637133067327,3
5189,US-Ro2,2016-08-08,US-Ro1,Croplands,44.7288,-93.0888,4.0,4.8,0.2029731022511621,21.538155625,0.8739200477895834,2.4390092604166664,-0.6152845999633277,-0.7883050558305253,0.045503170736571175,0.26884167007281284,0.7979243179405194,-0.045503170736571175,2,-0.24138873635687913,0.29164098764525637,0.08625726092133629,-0.10287624816621056,3
5190,US-Ro2,2016-08-16,US-Ro1,Croplands,44.7288,-93.0888,3.1,4.0,3.259673083464973,21.123948541666664,0.63176575640625,1.7078750854166669,-0.7176769136759615,-0.6963762255968726,0.3296719237122519,0.20160029484703404,0.7503182137093872,-0.010325756782306128,2,0.19706740857184013,0.5616688124739762,0.23027955009093937,-0.08849246599920958,3
5191,US-Ro2,2016-08-23,US-Ro1,Croplands,44.7288,-93.0888,3.9,4.0,3.706436262270847,21.68679833333334,0.6903924400562502,4.189668916666668,-0.7961828637826154,-0.6050560696488494,0.806380070210027,0.3126077556738034,1.0706053255009536,-0.806380070210027,2,1.0805549009879576,0.8726266916504428,0.46595861799168037,-0.05869849836860084,3
5192,US-Ro2,2016-08-31,US-Ro1,Croplands,44.7288,-93.0888,3.2,4.0,4.166834356314575,18.42727375,0.8336490089729169,1.1955448791666667,-0.8717063187093218,-0.4900286664290594,-0.5854154574837959,0.024281496314702153,0.658499642005762,-0.585415457483796,2,-0.6110717227899944,-0.5627940566742353,-0.5823805929871579,-0.08943246386890506,3
5193,US-Ro2,2016-09-01,US-Ro1,Croplands,44.7288,-93.0888,2.9,3.8,3.380893197880336,17.40027666666666,0.6503785651104165,1.1209823583333334,-0.8800122039735356,-0.4749510720670502,-0.490990133152495,0.008485800003784068,0.7328200157812558,-0.49099013315249507,2,-0.4869683902897929,-0.485262917613286,-0.500739091554406,-0.08943246386890506,3
5194,US-Ro2,2016-09-08,US-Ro1,Croplands,44.7288,-93.0888,3.1,3.9,4.293820613095227,19.816768333333336,0.7091765569479166,2.05669009375,-0.9307239310379792,-0.3657225234972692,-0.06820008484765834,0.09546458557851169,0.5798231907579614,-0.06820008484765827,2,-0.14525355543870647,0.03859493812291176,-0.0979416372271803,-0.061370691021821556,3
5195,US-Ro2,2016-09-16,US-Ro1,Croplands,44.7288,-93.0888,2.4,2.8,2.3822618831306124,18.791020416666665,0.4771482839333334,2.02476745,-0.9721181966290612,-0.2344913895704105,0.25920724037996135,0.1343899336595457,0.7258531357691415,-0.25920724037996135,2,0.10715061971496043,0.3620635650439793,0.3084075363809443,-0.061370691021821556,3
5196,US-Ro2,2016-10-02,US-Ro1,Croplands,44.7288,-93.0888,1.8,2.1000001,1.8012264397667714,14.803041541666666,0.60576064608125,0.6108294854166668,-0.9992500112396836,0.0387222808921739,-0.4689131922110503,0.10887607970442477,0.6830616261499778,-0.4689131922110503,2,-0.36346881126364117,-0.5809237679450021,-0.46234699742450763,-0.11712653225730699,3
5197,US-Ro2,2016-10-03,US-Ro1,Croplands,44.7288,-93.0888,2.1,3.0,3.0856412072694748,15.817354729166668,0.6943480124958331,2.44436221875,-0.9984354211555644,0.055916990100603,-0.3417397039536228,0.10503960927366902,0.6968745638430891,-0.34173970395362274,2,-0.36351714200661406,-0.43418358825372083,-0.22751838160053353,-0.061370691021821556,3
5198,US-Ro2,2016-10-11,US-Ro1,Croplands,44.7288,-93.0888,1.7,2.6000001,2.6178465800242963,15.38166329166666,0.5306943495041668,3.3415748125,-0.9813064702716092,0.1924515819708299,0.1121223688163299,0.11651101279258044,0.8005516772093678,0.11212236881632986,2,0.1243584648285283,0.22203244053876048,-0.010023798918299076,-0.061370691021821556,3
5199,US-Ro2,2016-10-18,US-Ro1,Croplands,44.7288,-93.0888,1.3,2.3,2.39306921048522,12.959154229166666,0.4457822071770834,2.3509511645833334,-0.9510565162951536,0.3090169943749472,0.0023608080313931947,0.03974978984829566,0.6341637546341642,0.002360808031393269,2,-0.023206743346629477,0.04815626393185085,-0.01786709649104179,0.03384864290664005,3
5200,US-Ro2,2016-11-03,US-Ro1,Croplands,44.7288,-93.0888,0.8,1.5,1.2255913199389696,10.134814458333334,0.4124373434041666,1.2895044270833331,-0.8311706263658079,0.5560174366570446,-0.13843946983137068,0.009193849125803087,0.47191279997531643,-0.13843946983137068,2,-0.13530897095923736,-0.13121968401669934,-0.14878975451817533,-0.0390889313076186,3
5201,US-Ro2,2016-11-04,US-Ro1,Croplands,44.7288,-93.0888,1.0,2.2,1.2580202978601662,10.595261375000002,0.5409038612499999,1.3194478958333329,-0.8214765533024145,0.5702422926917867,-0.2582505045126149,0.0500679751493801,0.4284368794438616,-0.2582505045126149,2,-0.24007476354288415,-0.21980907912945918,-0.31486767086550127,-0.0390889313076186,3
5202,US-Ro2,2016-11-11,US-Ro1,Croplands,44.7288,-93.0888,0.7,1.0,1.1069113018686398,5.081353252083334,0.3703218270708333,2.0706348104166667,-0.7469720876965551,0.6648553979642867,-0.07861829334139293,0.0453930185702641,0.5876165191387015,-0.07861829334139292,2,-0.050062141413577066,-0.13096125831376856,-0.05483148029683316,-0.0390889313076186,3
5203,US-Ro2,2016-11-12,US-Ro1,Croplands,44.7288,-93.0888,0.8,1.9,1.1341792823509247,5.094007789583333,0.3478104134,3.5862608354166663,-0.7354170229639858,0.6776147890466887,-0.01997745219256558,0.019662140688931372,0.5179688393326716,-0.01997745219256558,2,-0.003891849858665475,-0.04189612539114129,-0.014144381327889977,-0.0390889313076186,3
5214,US-Ro4,2016-04-02,US-Ro1,Grasslands,44.6781,-93.0723,0.4,2.4,0.8735940884739307,-0.1335277065416667,0.3309554761083333,4.590569125000001,0.9995462806873572,-0.0301203048469081,0.87870441695842,0.13354962850403773,0.7071252412316895,0.06848375998944134,2,0.7783049749932134,0.8275361582167888,1.0302721176652578,-0.0390889313076186,3
5215,US-Ro4,2016-05-04,US-Ro1,Grasslands,44.6781,-93.0723,2.4,4.7000003,0.8488072757927677,12.264193770833332,0.8964979421666669,2.3534193979166664,0.835925479418637,-0.548842958284719,-0.20565224490254272,0.06286386769871023,0.665337733506838,0.20565224490254264,2,-0.2050794369090348,-0.2688005593084854,-0.14307673849010788,-0.061370691021821556,3
5216,US-Ro4,2016-09-08,US-Ro1,Grasslands,44.6781,-93.0723,3.1,3.9,2.84649540204543,19.797558750000004,0.5809005479208336,1.4858005895833333,-0.9307239310379792,-0.3657225234972692,-0.25869885914229346,0.053603053932218855,0.6764174020447762,0.24831033676684705,2,-0.2660650342313883,-0.3082378721695759,-0.20179367102591633,-0.061370691021821556,3
5217,US-Ro4,2016-10-11,US-Ro1,Grasslands,44.6781,-93.0723,0.3,2.7,0.5540981364942676,16.040884479166667,0.5611424593083335,2.3778163854166667,-0.9813064702716092,0.1924515819708299,0.19354876624206283,0.11023506726230833,0.6782955403376162,0.19354876624206283,2,0.07173697402724039,0.2224673912500923,0.2864419334488557,-0.0390889313076186,3
5218,US-Ro4,2016-10-18,US-Ro1,Grasslands,44.6781,-93.0723,1.0,2.3,0.9214065003029616,12.325003625,0.3817324890666667,1.692705281250001,-0.9510565162951536,0.3090169943749472,-0.05212904308702537,0.08029139769499066,0.5293958757909796,0.05212904308702537,2,-0.045229320583932364,0.024489840598827917,-0.13564764927597167,-0.0390889313076186,3
5219,US-Ro4,2016-11-11,US-Ro1,Grasslands,44.6781,-93.0723,0.6,1.0,0.2093600919273687,4.264355793749999,0.3313614563145834,1.3513946875,-0.7469720876965551,0.6648553979642867,-0.11704372705724209,0.053248903087597915,0.5327520864618714,0.11704372705724209,2,-0.06918515043493006,-0.17440373720920063,-0.10754229352759559,-0.0390889313076186,3
5220,US-Ro4,2016-11-12,US-Ro1,Grasslands,44.6781,-93.0723,0.4,1.9,0.3927529877589615,4.054492700000001,0.3212554042416667,2.1493954708333343,-0.7354170229639858,0.6776147890466887,-0.046412928573384284,0.00495973948804479,0.5052870535663161,-0.031918904091307244,2,-0.04140147469769667,-0.04651802781661102,-0.05131928320584517,-0.0390889313076186,3
5221,US-Ro4,2017-02-15,US-Ro1,Grasslands,44.6781,-93.0723,0.4,1.7,0.3837383520277524,-3.293998755833334,0.2019829806104166,1.6286638395833333,0.7116566222817746,0.702527474169157,-0.30078143637290233,0.10053270705144389,0.388871428291878,-0.2682581404284071,2,-0.35895310961323273,-0.3586948383207074,-0.18469636118476687,-0.0390889313076186,3
5222,US-Ro4,2017-03-04,US-Ro1,Grasslands,44.6781,-93.0723,0.8,1.7,0.5603385343523005,0.0817587770833332,0.18377480354375,3.824705270833334,0.8840675099433636,0.4673592171580022,0.21131949319499765,0.10228625101577742,0.4952050012071858,-0.21131949319499765,2,0.25717555759838495,0.2826538244526239,0.09412909753398413,-0.0390889313076186,3
5223,US-Ro4,2017-03-27,US-Ro1,Grasslands,44.6781,-93.0723,1.5,2.1000001,0.8408765793891176,5.034464933333334,0.2102355173041666,1.1310355375,0.995918996147179,0.0902516100310411,-0.16345364344883664,0.03924334303212673,0.5449920030479922,0.16345364344883662,2,-0.12290026442678315,-0.16622011994695507,-0.2012405459727717,-0.046824531196186535,3
5224,US-Ro4,2017-04-28,US-Ro1,Grasslands,44.6781,-93.0723,3.0,2.8,0.8871636495006358,4.645271421458332,0.3565454152291665,1.3893560187499998,0.895839290734909,-0.4443781781046132,-0.8922045923555153,0.17252471745407671,0.8947672446746004,0.8922045923555153,2,-0.6947425612999276,-0.9681027838976395,-1.013768431868979,-0.19402962576474056,3
5225,US-Ro4,2017-05-06,US-Ro1,Grasslands,44.6781,-93.0723,2.9,4.3,0.636910273189395,13.772825270833335,0.8402795227166667,1.5147833604166667,0.8263541987239096,-0.5631507242749186,-0.4245789410266716,0.07898715165171882,0.5605928118073978,0.4245789410266716,2,-0.3334172050681456,-0.4676852284712541,-0.47263438954061504,-0.061370691021821556,3
5226,US-Ro4,2017-05-07,US-Ro1,Grasslands,44.6781,-93.0723,2.9,4.0,0.703806246821668,12.83628525,0.8619842671500001,1.6581310770833335,0.8165380514459161,-0.5772916165517272,-0.38488896391743393,0.1500520924204599,0.6358714678774228,0.384888963917434,2,-0.22966699593057638,-0.3958273453632385,-0.5291725504584869,-0.08849246599920958,3
5227,US-Ro4,2017-05-14,US-Ro1,Grasslands,44.6781,-93.0723,3.4,6.3,1.0032150276587335,21.714624999999995,1.4682160923229164,2.1618297166666665,0.741222010848596,-0.6712599575675313,-0.4944429688784921,0.06803330659124103,0.7907272841080544,0.49444296887849215,2,-0.5719146394138508,-0.46698259387119356,-0.44443167335043193,-0.09668649716603571,3
5228,US-Ro4,2017-06-08,US-Ro1,Grasslands,44.6781,-93.0723,4.8,6.1,2.1925219324101364,22.941342083333332,1.4551080679020834,1.964618016666667,0.3935902766564667,-0.9192859697186104,-1.1473847944772366,0.09412334783445657,0.8437654157030883,1.1473847944772366,2,-1.1713985113365046,-1.0435808192109703,-1.2271750528842345,-0.24428028337120156,3
5229,US-Ro4,2017-06-15,US-Ro1,Grasslands,44.6781,-93.0723,4.6,6.9,4.553303571733436,21.885470625,1.2597534112750002,2.318737639583333,0.2802306751992158,-0.9599326896597448,-0.8349040790820365,0.13803917463475887,0.6721315939968315,-0.7415112225489097,2,-0.7537018708370278,-0.7567219151658726,-0.9942884512432093,-0.3055734368057157,3
5230,US-Ro4,2017-09-19,US-Ro1,Grasslands,44.6781,-93.0723,1.4,4.0,2.3107103970744607,20.021471875,0.6139349274875,2.648395691666667,-0.97961369164549,-0.2008905551306352,-0.008539013344257032,0.13350966309707438,0.6759567440890313,-0.008539013344256996,2,-0.12062679490849537,-0.044157967042876056,0.13916772191860033,0.03384864290664005,3
5231,US-Ro4,2017-11-23,US-Ro1,Grasslands,44.6781,-93.0723,0.4,1.1,0.1581443997261435,0.2192966020833329,0.2631630695625,1.1490574604166668,-0.6084768701151264,0.7935716089521472,-0.2089359101876258,0.04124672107536865,0.4970218663300372,0.2089359101876258,2,-0.16301015322528273,-0.24282630600102373,-0.22097127133657093,-0.0390889313076186,3
5232,US-Ro4,2017-11-30,US-Ro1,Grasslands,44.6781,-93.0723,0.5,1.4,0.0762694812651081,2.61360230625,0.2835902441000001,3.261626531250001,-0.5086709438521042,0.8609610158889945,0.029902721537939426,0.0984432325844774,0.45301000758494714,-0.029902721537939436,2,0.04817519179557683,-0.07639656039723633,0.11792953321547778,-0.0390889313076186,3
5233,US-Ro4,2018-05-17,US-Ro1,Grasslands,44.6781,-93.0723,2.8,6.1,1.9228123241159143,21.84030833333334,1.3949931096895831,2.545443458333334,0.705583610107178,-0.7086266782644596,-0.18288216552206263,0.056245764992338604,0.8745550889395044,0.1828821655220626,2,-0.22722823550666704,-0.11961587515538288,-0.20180238590413796,-0.0212031526367829,3
5234,US-Ro4,2018-05-26,US-Ro1,Grasslands,44.6781,-93.0723,2.5,6.4,3.3455564187735667,25.40500041666667,1.6618158458458332,1.8319632729166668,0.5877852522924732,-0.8090169943749473,-0.8417525559486801,0.20698099207048287,0.7648069222647285,-0.84175255594868,2,-0.9458065118126504,-0.9760605231565574,-0.6033906328768328,-0.3534137534952646,3
5235,US-Ro4,2018-07-05,US-Ro1,Grasslands,44.6781,-93.0723,5.8,5.3,5.654584619086888,23.054360208333332,0.9612435836187502,1.6062142541666666,-0.0602132773657927,-0.9981855344718586,-0.8921092424371274,0.20661210084858841,0.7783213316113367,-0.6012784806109043,2,-1.1306041912672105,-0.7675064198569925,-0.7782171161871796,-0.5697350391488989,3
5236,US-Ro4,2018-07-21,US-Ro1,Grasslands,44.6781,-93.0723,4.3,4.8,4.9200511254596515,21.72102354166667,0.6994617152604167,1.5144006583333336,-0.3294084822245302,-0.9441875088341994,-0.2590961636897808,0.2910919742068622,0.7425793047456503,-0.25909616368978083,2,-0.5881769736057175,-0.1538339406915508,-0.03527757677207399,-0.10287624816621056,3
5237,US-Ro4,2018-10-16,US-Ro1,Grasslands,44.6781,-93.0723,0.7,2.4,0.5874591597144554,7.743386750000003,0.5246136744895834,2.5930517833333337,-0.965739937654855,0.2595117970697994,0.005368847994919841,0.03860306384349143,0.5819196301205329,-0.005368847994919837,2,0.04239603980074175,0.00834796802871246,-0.03463746384469468,0.04158424279520798,3
5238,US-Ro4,2018-10-17,US-Ro1,Grasslands,44.6781,-93.0723,0.7,1.7,0.445886129893963,3.309230467916666,0.3199995215958334,1.7195400854166667,-0.9611297838723007,0.2760969730974688,-0.023505423311218316,0.07547849433360271,0.558240449861463,0.023505423311218326,2,-0.0093018306617213,-0.10507665345785822,0.043862214185924564,-0.0390889313076186,3
5239,US-Ro4,2018-11-02,US-Ro1,Grasslands,44.6781,-93.0723,0.3,1.0,0.2733090749318896,3.6031982684791664,0.2738147657229166,0.8684124250000003,-0.8498170915275277,0.5270777086423724,0.04662287039400529,0.12646540488322802,0.6233481269363658,-0.046622870394005284,2,0.03601836368877531,-0.0742063828662512,0.17805663035949176,-0.0390889313076186,3
5257,US-Ro5,2017-03-04,US-Ro1,Croplands,44.691,-93.0576,0.8,1.7,0.99484026712851,-0.2802950625000006,0.1673162923291666,4.054844354166667,0.8840675099433636,0.4673592171580022,0.22877188959570738,0.10312581769101244,0.4909394366484129,0.1609086446613126,2,0.26170980082270867,0.3114051780407626,0.1132006899236509,-0.0390889313076186,3
5258,US-Ro5,2017-03-27,US-Ro1,Croplands,44.691,-93.0576,1.4,2.1000001,1.6061149420339933,5.227620770833332,0.1980502793583333,1.5244213062500005,0.995918996147179,0.0902516100310411,0.05578756463857659,0.08102725277436248,0.4446291595190159,0.05578756463857659,2,0.14683202564758008,0.028936040651115547,-0.008405372382965848,-0.046824531196186535,3
5259,US-Ro5,2017-03-28,US-Ro1,Croplands,44.691,-93.0576,0.6,3.0,1.7463212081968569,7.734028961875001,0.4772706893708335,0.83555679375,0.9973249731081556,0.0730951298980777,0.17410296228940383,0.043647927282617474,0.8508927132147424,0.1741029622894038,2,0.13630031421260008,0.16413628665940722,0.22187228599620423,-0.033870204184425136,3
5260,US-Ro5,2017-04-21,US-Ro1,Croplands,44.691,-93.0576,0.8,3.4,3.2283975684108532,8.801338875,0.4973705690416665,1.7004532416666671,0.9427611433904208,-0.3334687789181868,0.6100227386334997,0.10023174312809693,0.7358338914348281,0.6100227386334995,2,0.6555530032817062,0.4951074647940682,0.6794077478247246,-0.0390889313076186,3
5261,US-Ro5,2017-04-28,US-Ro1,Croplands,44.691,-93.0576,1.8,2.8,2.8001073618330663,4.699767088333333,0.3533242090937499,2.2773920479166674,0.895839290734909,-0.4443781781046132,0.25712906957334947,0.13086363212582103,0.7315328977697548,0.25712906957334947,2,0.4061884471685637,0.20407650060959615,0.16112226094188847,-0.061370691021821556,3
5262,US-Ro5,2017-05-06,US-Ro1,Croplands,44.691,-93.0576,1.8,4.3,1.3655451399382186,13.397291187500002,0.8248059059666666,2.5175294125000005,0.8263541987239096,-0.5631507242749186,0.27181153920690154,0.0849411007946045,0.7191912983202149,-0.2718115392069016,2,0.3693552055067898,0.23192314445552764,0.21415626765838713,-0.061370691021821556,3
5263,US-Ro5,2017-05-07,US-Ro1,Croplands,44.691,-93.0576,1.8,4.0,1.3134704755126767,12.464373145833337,0.8478183531458333,1.5423560729166663,0.8165380514459161,-0.5772916165517272,0.14526694897952,0.16648506891851259,0.7419826171796723,-0.14526694897951997,2,0.2743007747894737,0.2041598493814143,-0.042659777232327944,-0.08849246599920958,3
5264,US-Ro5,2017-05-14,US-Ro1,Croplands,44.691,-93.0576,1.3,6.3,1.207142719645403,21.247079791666668,1.4086495270437498,2.3239923687500004,0.741222010848596,-0.6712599575675313,0.015612693868366667,0.15876770562198164,0.7323504733658602,-0.015612693868366667,2,-0.1570930680298352,0.04870466791719574,0.15522648171773945,-0.000527165367878571,3
5265,US-Ro5,2017-05-22,US-Ro1,Croplands,44.691,-93.0576,2.7,4.4,4.4823899804648475,12.5087235625,0.5586256957125001,2.5498922604166663,0.6420547132365637,-0.766658819300159,-0.0915812330128107,0.04937261102471932,0.7777217678644217,-0.09158123301281074,2,-0.03729217093611498,-0.13379818998472162,-0.1036533381175955,-0.061370691021821556,3
5266,US-Ro5,2017-05-31,US-Ro1,Croplands,44.691,-93.0576,2.0,5.6,1.9179025791536624,15.953928624999998,1.092568654085417,3.29149435,0.5160623910158528,-0.8565509959010036,0.02145396530805162,0.06663615316897434,0.7635271125988974,-0.021453965308051617,2,-0.0416310559861327,0.09114863153504832,0.01484432037523925,-0.06405099088870454,3
5267,US-Ro5,2017-06-07,US-Ro1,Croplands,44.691,-93.0576,1.3,6.2000003,0.9406964667895692,22.14008708333333,1.7981412787541668,2.3063657562499995,0.4093559588156213,-0.9123747579707272,-0.00014966235928495775,0.09350273334397685,0.7871242640599045,0.00014966235928493,2,-0.06310808339391652,-0.04463056676035504,0.10728966307641669,0.031168343039757015,3
5268,US-Ro5,2017-06-08,US-Ro1,Croplands,44.691,-93.0576,3.7,6.1,0.7006696503874931,22.948713125,1.509438892177083,2.86515311875,0.3935902766564667,-0.9192859697186104,-0.6002933112426089,0.19987662502935033,0.986826131123764,0.6002933112426088,2,-0.7557005294458291,-0.37481584575606164,-0.670363558525936,-0.08272146000641431,3
5269,US-Ro5,2017-06-15,US-Ro1,Croplands,44.691,-93.0576,4.2,6.9,5.746095064886098,22.8609025,1.3670788005083332,2.7241772187500004,0.2802306751992158,-0.9599326896597448,-0.6792738186018358,0.2092081707325919,0.7853711160973702,-0.6792738186018359,2,-0.850230812197472,-0.4459834871735202,-0.7416071564345151,-0.30600081211542446,3
5270,US-Ro5,2017-07-02,US-Ro1,Croplands,44.691,-93.0576,2.6,4.4,3.3829857809056008,20.23758645833333,0.9876079186645832,1.657999297916666,-0.008606996888688,-0.9999629591162656,-0.6388009731640516,0.12843398411610146,0.8626685378888721,-0.6388009731640516,2,-0.5070805211356563,-0.6456478094771703,-0.7636745888793282,-0.19726467151859223,3
5271,US-Ro5,2017-07-17,US-Ro1,Croplands,44.691,-93.0576,4.9,6.5,5.2517382799631696,23.75713083333333,0.7777400654750001,2.838704760416667,-0.2636654927280072,-0.9646141756912436,-0.46971268455185905,0.07592045796910837,0.9470251172398874,-0.4697126845518591,2,-0.5493938617318873,-0.39821615748826844,-0.46152803443542134,-0.05383865891411397,3
5272,US-Ro5,2017-08-11,US-Ro1,Croplands,44.691,-93.0576,3.2,4.1,4.8399323558622465,17.797787708333335,0.5443327944624997,1.35836084375,-0.6420547132365636,-0.7666588193001592,0.029226790550000586,0.18911082258948395,0.6631814331993529,0.029226790550000548,2,-0.1819318858709303,0.18299236382393347,0.08661989369699857,-0.08849246599920958,3
5273,US-Ro5,2017-08-19,US-Ro1,Croplands,44.691,-93.0576,3.6,4.1,5.2426075003708865,18.831563125,0.45108827600625,1.3638187562499997,-0.7412220108485957,-0.6712599575675315,0.11810097351231212,0.15579777498480546,0.6092884579296148,0.11810097351231219,2,-0.04866747989384562,0.25991600460489706,0.14305439582588492,-0.08849246599920958,3
5274,US-Ro5,2017-09-03,US-Ro1,Croplands,44.691,-93.0576,3.7,4.6,5.370619965955309,20.27301270833333,0.6995812524270831,1.9875030291666669,-0.888057322629493,-0.4597327394521046,-0.14745617553328813,0.23532023017918702,0.7334628648258252,-0.14745617553328816,2,-0.4174179573705,0.01428453586385936,-0.039235105093223754,-0.10287624816621056,3
5275,US-Ro5,2017-09-04,US-Ro1,Croplands,44.691,-93.0576,2.6,3.6000001000000004,5.473285996222922,16.863672291666663,0.5767488887687501,2.7941558875,-0.8958392907349089,-0.4443781781046134,0.2388188607784675,0.14085629696420457,0.5896384442624238,0.23881886077846737,2,0.13958476791358299,0.40003762092728057,0.17683419349453894,-0.07698303211024705,3
5276,US-Ro5,2017-09-11,US-Ro1,Croplands,44.691,-93.0576,3.3,4.2000003,3.270069113633665,19.310859166666663,0.6548203209020833,1.823899325,-0.9427611433904206,-0.333468778918187,-0.33082206712765044,0.08686483492579775,0.6105143733664761,-0.27096029439498087,2,-0.42023386296413295,-0.32548173310296313,-0.24675060531585535,-0.061370691021821556,3
5277,US-Ro5,2017-09-12,US-Ro1,Croplands,44.691,-93.0576,2.8,3.9,2.879269375436524,20.398495000000004,0.5670985317437499,0.9539768020833334,-0.9483615800121716,-0.3171912885891059,-0.491444009298955,0.09413731069058168,0.7192143460871826,-0.49144400929895493,2,-0.4482325410131431,-0.5994291971359733,-0.4266702897477485,-0.08943246386890506,3
5278,US-Ro5,2017-09-27,US-Ro1,Croplands,44.691,-93.0576,1.1,2.9,1.0242043486278374,11.64657945833333,0.3933919269291665,1.4991871937499994,-0.9979171608653922,-0.0645084494493162,-0.019321241835797403,0.09226457700850754,0.5952353459336394,0.019321241835797406,2,-0.08918640766062827,-0.054044212354249804,0.08526689450748587,0.04158424279520798,3
5279,US-Ro5,2017-11-07,US-Ro1,Croplands,44.691,-93.0576,0.3,0.90000004,0.5728199024729803,-1.7555933729166668,0.1686126103458334,2.20127236875,-0.8013610881746769,0.5981809144059159,0.003361012099321501,0.07035670156962036,0.4745646966408289,0.003361012099321492,2,0.05718903652426349,-0.07624999524226009,0.0291439950159611,0.04158424279520798,3
5280,US-Ro5,2017-11-23,US-Ro1,Croplands,44.691,-93.0576,0.1,1.1,0.3336530474145098,0.6353234187499995,0.2724637854395833,1.8372740520833333,-0.6084768701151264,0.7935716089521472,0.006797182858109448,0.04424563166670822,0.48267161281845966,0.006797182858109457,2,0.003378924181651033,-0.035640177497652026,0.05265280189032934,0.04158424279520798,3
5281,US-Ro5,2017-11-30,US-Ro1,Croplands,44.691,-93.0576,0.2,1.4,0.4062521346945097,3.578706268749998,0.3129339802145833,3.6198520958333336,-0.5086709438521042,0.8609610158889945,0.1742714741716076,0.0692662168596365,0.5652436413993607,0.1742714741716076,2,0.18404919009316023,0.10063593627962114,0.23812929614204148,-0.0390889313076186,3
5282,US-Ro6,2017-03-04,US-Ro1,Croplands,44.6946,-93.05776,1.0,1.7,1.1697043950769577,-0.5990491443749993,0.1581454342562499,4.435744645833334,0.8840675099433636,0.4673592171580022,0.07622923773709299,0.10480113373664762,0.5318064994530887,0.07622923773709299,2,0.15267634592638074,0.11924703622602073,-0.04323566894112252,-0.0390889313076186,3
5283,US-Ro6,2017-03-27,US-Ro1,Croplands,44.6946,-93.05776,1.5,2.1000001,1.7387811177720065,5.177200312499999,0.2132018257208333,1.4886990166666674,0.995918996147179,0.0902516100310411,-0.022212442140850674,0.06349947254616989,0.4706377017651239,-0.022212442140850663,2,0.04900848408028807,-0.04272761576118117,-0.07291819474165892,-0.046824531196186535,3
5284,US-Ro6,2017-03-28,US-Ro1,Croplands,44.6946,-93.05776,1.1,3.0,1.9673774147142764,7.499975196458334,0.48865481904375,0.8454219875000003,0.9973249731081556,0.0730951298980777,-0.0833929317217202,0.03259603873723537,0.8364014415556179,-0.08339293172172024,2,-0.050108779219748545,-0.08481575583837078,-0.11525426010704132,-0.033870204184425136,3
5285,US-Ro6,2017-04-21,US-Ro1,Croplands,44.6946,-93.05776,2.2,3.4,3.301582633440719,8.740674954166666,0.4982933183249999,1.751655760416667,0.9427611433904208,-0.3334687789181868,-0.13783241480026595,0.11952766576430712,0.6474219767565714,-0.13783241480026587,2,-0.03469913708829897,-0.109966641163907,-0.2688314661485919,-0.061370691021821556,3
5286,US-Ro6,2017-04-28,US-Ro1,Croplands,44.6946,-93.05776,1.9,2.8,3.323366686311044,4.746414040833333,0.3619012167479167,2.3110992833333333,0.895839290734909,-0.4443781781046132,0.18889361032189808,0.15498410477187755,0.7263716252014021,0.1888936103218981,2,0.3560997193622887,0.16053239281514814,0.05004871878825734,-0.08849246599920958,3
5287,US-Ro6,2017-05-06,US-Ro1,Croplands,44.6946,-93.05776,1.8,4.3,1.7045679776020148,13.637439166666669,0.8778727065291667,2.568213227083333,0.8263541987239096,-0.5631507242749186,0.2614373865175775,0.09723670832556157,0.7243735341407319,-0.2614373865175775,2,0.3725802607803518,0.2196653541359319,0.19206654463644873,-0.061370691021821556,3
5288,US-Ro6,2017-05-07,US-Ro1,Croplands,44.6946,-93.05776,1.7,4.0,1.3546341043774583,12.623056625000002,0.8911496858958335,1.6374000625,0.8165380514459161,-0.5772916165517272,0.2569950208114673,0.10058249435753595,0.7367442219239967,-0.2569950208114673,2,0.3541985373873371,0.2634427443117128,0.153343780735352,-0.061370691021821556,3
5289,US-Ro6,2017-05-14,US-Ro1,Croplands,44.6946,-93.05776,1.4,6.3,1.9462548726507571,21.417481458333334,1.5171325221229164,2.341088125,0.741222010848596,-0.6712599575675313,-0.006714566686375711,0.13990901139259562,0.7059181404648197,-0.006714566686375711,2,-0.1653906599498432,0.0463374658154832,0.09890949407523286,0.010982268521083909,3
5290,US-Ro6,2017-05-22,US-Ro1,Croplands,44.6946,-93.05776,2.9,4.4,5.022124431303441,12.6607583125,0.5850493747395833,2.5998478958333333,0.6420547132365637,-0.766658819300159,-0.19253825780658138,0.07489332977772126,0.7747993561914177,-0.1925382578065813,2,-0.12192286714214068,-0.18461273909941034,-0.2710791671781931,-0.061370691021821556,3
5291,US-Ro6,2017-05-31,US-Ro1,Croplands,44.6946,-93.05776,3.1,5.6,4.2980822501400215,15.928182645833331,1.1018530353895832,3.3653890541666667,0.5160623910158528,-0.8565509959010036,-0.2798471144758342,0.06955539682656042,0.8222877848918895,-0.2798471144758343,2,-0.34320725656352147,-0.20542277453344288,-0.29091131233053835,-0.06405099088870454,3
5292,US-Ro6,2017-06-07,US-Ro1,Croplands,44.6946,-93.05776,5.4,6.2000003,6.24218526662781,21.987457083333336,1.7682887721895832,2.3173780124999994,0.4093559588156213,-0.9123747579707272,-1.0106280409681012,0.0254106412806055,0.9390981427865895,-1.0106280409681012,2,-0.9890714256642927,-1.0041672957813392,-1.0386454014586715,-0.2774372793838232,3
5293,US-Ro6,2017-06-08,US-Ro1,Croplands,44.6946,-93.05776,5.1,6.1,6.383796829550454,22.678162708333332,1.4995138149416667,2.5641491833333325,0.3935902766564667,-0.9192859697186104,-0.9386638443862013,0.08048238202414142,0.8654507838667265,-0.9386638443862014,2,-0.9267090244827403,-0.8648275617339263,-1.0244549469419375,-0.22636435057816942,3
5294,US-Ro6,2017-06-15,US-Ro1,Croplands,44.6946,-93.05776,6.6,6.9,8.24049445124243,22.34164354166666,1.365236818222917,2.5768539166666677,0.2802306751992158,-0.9599326896597448,-0.8811935129321191,0.06016496750905265,0.8337791572315026,-0.8811935129321191,2,-0.8132209647241068,-0.9276145300148699,-0.9027450440573807,-0.9744429706939657,3
5295,US-Ro6,2017-07-02,US-Ro1,Croplands,44.6946,-93.05776,3.7,4.4,5.427168821739284,20.239156249999994,1.0216098677979168,1.4750258125,-0.008606996888688,-0.9999629591162656,-0.9065401438849673,0.25829169054980716,0.812395484005464,-0.9065401438849672,2,-0.7614951170491595,-1.2047528266716925,-0.7533724879340502,-0.25126124618366313,3
5296,US-Ro6,2017-07-17,US-Ro1,Croplands,44.6946,-93.05776,5.1,6.5,2.487593320990691,24.01607395833333,0.96326807205625,2.795079277083333,-0.2636654927280072,-0.9646141756912436,-0.449001100477773,0.12741496215110001,1.0015688169063495,0.4490011004777732,2,-0.5794166228465738,-0.3248152397654897,-0.44277143882125536,-0.019253852506621254,3
5297,US-Ro6,2017-09-03,US-Ro1,Croplands,44.6946,-93.05776,2.0,4.6,0.9438804273154616,20.84631437500001,0.9246060121041668,2.8493771708333338,-0.888057322629493,-0.4597327394521046,0.031678663918517556,0.2095323281074264,0.6638551099899406,-0.03167866391851759,2,-0.05588382975845127,-0.11986905227183633,0.27078887378584027,-0.10287624816621056,3
5298,US-Ro6,2017-09-04,US-Ro1,Croplands,44.6946,-93.05776,0.8,3.6000001000000004,1.2287560441371057,17.370091875000004,0.7392394039770833,3.5259712125,-0.8958392907349089,-0.4443781781046134,0.5329530043272567,0.17157809474021832,0.8451657788478861,0.32455908394695465,2,0.45767605883515994,0.7293021531562902,0.41188080099031976,-0.060991979161813134,3
5299,US-Ro6,2017-09-11,US-Ro1,Croplands,44.6946,-93.05776,1.7,4.2000003,0.9861056161029416,19.576670416666673,0.7945173952979167,2.635313824999999,-0.9427611433904206,-0.333468778918187,-0.07398227477245983,0.2313189137176375,0.5993645248505904,0.07398227477245989,2,-0.27804268667893445,-0.12121007049058272,0.17730593285213764,-0.10287624816621056,3
5300,US-Ro6,2017-09-12,US-Ro1,Croplands,44.6946,-93.05776,3.0,3.9,0.3730266439665271,20.597468958333337,0.7076136340604164,1.302403604166667,-0.9483615800121716,-0.3171912885891059,-0.38958725318043014,0.09028636893994323,0.6719888772200839,0.3895872531804301,2,-0.38130733995289434,-0.4837283803091858,-0.30372603927921027,-0.061370691021821556,3
5301,US-Ro6,2017-09-27,US-Ro1,Croplands,44.6946,-93.05776,2.0,2.9,2.420700574988475,11.621468041666668,0.411028264,1.8431884833333336,-0.9979171608653922,-0.0645084494493162,-0.3172167994054241,0.0655898001412938,0.6330071455721032,-0.317216799405424,2,-0.24154703825082502,-0.35229717137331384,-0.35780618859213337,-0.061370691021821556,3
5302,US-Ro6,2017-11-07,US-Ro1,Croplands,44.6946,-93.05776,0.6,0.90000004,0.8273965755515668,-1.9040211062499997,0.1658636865958333,2.0221964208333336,-0.8013610881746769,0.5981809144059159,-0.16542810348967052,0.08893973498527508,0.47127197220777245,-0.16542810348967052,2,-0.0780255704592043,-0.2558292027042256,-0.1624295373055816,-0.0390889313076186,3
5303,US-Ro6,2017-11-23,US-Ro1,Croplands,44.6946,-93.05776,0.5,1.1,0.2976642762047816,0.5125283437500007,0.2782659722437499,1.9107474041666668,-0.6084768701151264,0.7935716089521472,-0.17299160092519383,0.052061990434726986,0.47564195299979034,0.17299160092519383,2,-0.14833607904673837,-0.23280125081906783,-0.13783747290977535,-0.0390889313076186,3
5304,US-Ro6,2017-11-30,US-Ro1,Croplands,44.6946,-93.05776,0.5,1.4,0.4260880905141568,3.5270007666666663,0.3197383549354166,3.720146795833333,-0.5086709438521042,0.8609610158889945,0.061211697310830426,0.06788831176768194,0.5526527362776696,-0.061211697310830426,2,0.09091136517251341,-0.016465440965695577,0.10918916772567344,-0.0390889313076186,3
5827,US-SRS,2016-01-03,US-SRS,Shrublands,31.817294,-110.850801,0.3,2.5,0.4865844494842722,14.784814583333334,0.9521436236770834,4.2085349375000005,0.0516196672232537,0.998666816288476,0.25890634181671174,0.11452038537537342,1.0834980547051127,0.1142625571518327,2,0.19771364180729445,0.39102366879510864,0.18798171484773218,0.03641010791619383,3
5828,US-SRS,2016-01-11,US-SRS,Shrublands,31.817294,-110.850801,0.7,1.6,0.8318321976989685,5.863511875,0.3294782291833333,2.1378000208333336,0.1882267098432442,0.9821256058680006,-0.053205622841483585,0.07525106361291369,0.48206290416094594,-0.053205622841483585,2,0.033484241514134205,-0.09141507662110765,-0.10168603341747731,-0.0390889313076186,3
5829,US-SRS,2016-01-12,US-SRS,Shrublands,31.817294,-110.850801,0.4,2.6000001,0.9682307682914112,9.3888275,0.7504932607041667,1.8369385833333336,0.2051044998686192,0.9787400799669153,-0.01663078039791908,0.05396134328170327,0.5584692422184894,-0.016630780397919098,2,-0.07783213822088864,0.024100146251624932,0.0038396507755064646,0.04158424279520798,3
5830,US-SRS,2016-01-19,US-SRS,Shrublands,31.817294,-110.850801,0.4,2.6000001,0.6415982865063387,12.904798333333332,1.0333829862,1.932720104166668,0.3212696616923644,0.9469877530760752,0.06035012236996501,0.12406348636349004,0.7590454290257,0.06035012236996501,2,-0.04095216269522456,0.02327935242288237,0.19872317738223721,-0.0390889313076186,3
5831,US-SRS,2016-01-27,US-SRS,Shrublands,31.817294,-110.850801,0.5,3.0,0.5479736341115066,12.296772083333323,1.1372687985791663,2.3869674166666663,0.4482293417404106,0.893918596519257,0.07221051373439036,0.05965411504226578,0.9824575153734465,0.02373675448862278,2,0.003459287331316674,0.10290304500215774,0.11026920886969666,0.003758906944303018,3
5832,US-SRS,2016-03-23,US-SRS,Shrublands,31.817294,-110.850801,1.0,5.4,0.9319000475170418,12.988441458333336,1.193671778122917,2.639232,0.989932495087353,0.141540295217043,0.09425029681941355,0.3185569024227324,0.8933322442584084,-0.09425029681941355,2,-0.06238207099452939,-0.11566645648918467,0.46079941794195467,-0.04042695006696892,3
5833,US-SRS,2016-04-16,US-SRS,Shrublands,31.817294,-110.850801,1.5,6.0,1.332178379249157,13.809251250000004,1.21237226766875,2.5133302916666667,0.9634705485641488,-0.2678143051621742,-0.047564780185658906,0.3424915496562659,0.772688760445121,0.047564780185658906,2,-0.2600234836891506,-0.23020639628143136,0.34753553941360527,-0.09101038820745853,3
5834,US-SRS,2016-04-24,US-SRS,Shrublands,31.817294,-110.850801,1.3,7.1,1.570904300879518,20.45381458333333,1.7827153945395835,2.949964083333333,0.9175836260593936,-0.3975428142825559,-0.0038104379400344113,0.1708749122939314,0.8004019702210121,-0.003810437940034439,2,-0.10431651229925062,-0.10060206205125155,0.19348726053039894,-0.000527165367878571,3
5835,US-SRS,2016-05-10,US-SRS,Shrublands,31.817294,-110.850801,1.6,6.8,1.0992885780894446,21.54899791666667,2.12307332368125,2.3847334375,0.7748840413670407,-0.6321034111873487,-0.03531271397987749,0.1283500391645612,0.7457021139722626,0.03531271397987751,2,-0.17431560019376696,-0.010335205691193894,0.07871266394532839,-0.06862472431895218,3
5836,US-SRS,2016-05-18,US-SRS,Shrublands,31.817294,-110.850801,2.1,6.2000003,2.038083405311561,19.45108854166666,1.2586000684562502,2.0186705833333334,0.6807734094770161,-0.7324940716135789,-0.4304077391747649,0.1483786435876162,0.6233370790915613,-0.30657454979788684,2,-0.48424312347191956,-0.5443535817719979,-0.2626265122803773,-0.07966333197713006,3
5837,US-SRS,2016-05-26,US-SRS,Shrublands,31.817294,-110.850801,1.6,6.8,0.7975938340662828,18.453652083333328,1.74982948739375,2.3108802291666666,0.5737722679043246,-0.8190148866680801,-0.05353004436622438,0.20361369667635776,0.5600914577988952,0.05353004436622444,2,-0.2099182329618154,-0.12737406478001762,0.17670216464315985,-0.09574649929634024,3
5838,US-SRS,2016-06-03,US-SRS,Shrublands,31.817294,-110.850801,1.9,10.2,0.7369772100738241,29.519250000000003,3.871826784770833,2.5508575416666672,0.4559066935084588,-0.8900275764346767,-0.44435909508914034,0.2740105576113371,1.3840265816492257,0.4443590950891403,2,-0.7588116668635927,-0.25677707233389274,-0.31748854606993565,0.0016367666320026356,3
5839,US-SRS,2016-07-05,US-SRS,Shrublands,31.817294,-110.850801,2.4,7.7000003,3.223160505105608,31.941812500000008,3.3472326239583325,2.2858515625000004,-0.0773864792334632,-0.9970011699250152,-0.9715114134825954,0.29831191437439014,0.8956907816403266,-0.9715114134825953,2,-1.3011653749295302,-0.8932072478686156,-0.7201616176496404,-0.33702953057868457,3
5840,US-SRS,2016-07-13,US-SRS,Shrublands,31.817294,-110.850801,1.4,7.9,1.3227559008396272,32.319940625,3.167763749895832,1.9015849583333329,-0.2135209154397959,-0.9769384927771816,-0.8109815513446247,0.2583899106685275,0.536894796937437,-0.6564933530238793,2,-1.0385653089542197,-0.8642811770800414,-0.5300981679996128,-0.35763652166082355,3
5841,US-SRS,2016-07-21,US-SRS,Shrublands,31.817294,-110.850801,2.4,6.2000003,2.230667210519224,31.96817291666667,2.867354373833334,2.2440421458333333,-0.3456123126707333,-0.9383773917408642,-0.981528211249343,0.12717231298556597,1.0673509051985355,-0.6428626322877907,2,-1.0540824970844476,-1.0558164512295005,-0.8346856854340807,-0.2474095646385846,3
5842,US-SRS,2016-07-29,US-SRS,Shrublands,31.817294,-110.850801,1.8,6.4,2.9183197405246664,30.027268750000005,1.8886114921479171,2.057583708333333,-0.4711595076738639,-0.8820480249558535,-0.7795797824271485,0.16488765111890233,0.9396182397305439,-0.7795797824271486,2,-0.9671554650280113,-0.7140666641867967,-0.657517218066638,-0.29618213307634195,3
5843,US-SRS,2016-08-06,US-SRS,Shrublands,31.817294,-110.850801,3.4,5.4,5.004684641246313,29.85741875,1.8600423490062497,2.1687625833333324,-0.5877852522924734,-0.8090169943749472,-0.7856228119307437,0.1255213670511668,1.1381939987552543,-0.7856228119307436,2,-0.8119776389905932,-0.6490165488380939,-0.895874247963544,-0.16630528392643473,3
5844,US-SRS,2016-08-14,US-SRS,Shrublands,31.817294,-110.850801,2.9,5.4,3.83335484248364,29.13012291666667,2.3583780037666666,2.8797396041666667,-0.6932812268869771,-0.7206671495538615,-0.5486089726511169,0.16379461074615373,1.24752137648071,-0.5486089726511167,2,-0.7360312456309024,-0.4768829038846155,-0.4329127684378329,-0.08799319722090633,3
5845,US-SRS,2016-08-22,US-SRS,Shrublands,31.817294,-110.850801,3.8,5.5,4.427451919444742,26.50857812500001,1.73650481273125,2.097334291666667,-0.7856498550787144,-0.6186714032625032,-0.35544580963614186,0.2096762248947811,0.8527731847983512,-0.3554458096361419,2,-0.3532769970216866,-0.14686240373794443,-0.5661980281487944,-0.1003378209099001,3
5846,US-SRS,2016-08-30,US-SRS,Shrublands,31.817294,-110.850801,2.5,6.2000003,1.8180021213305713,30.42188541666668,2.7786639452708326,3.4564664583333338,-0.8631421280499115,-0.5049610547215202,-0.5240932882588522,0.3581896273472117,1.4208400952514677,0.5240932882588522,2,-0.9211501244675352,-0.4258604869784657,-0.22526925333055542,1.5140656069231149,3
5847,US-SRS,2016-09-23,US-SRS,Shrublands,31.817294,-110.850801,1.5,4.2000003,0.8314635546522067,22.81188125000001,1.1129530569416666,2.7159616458333335,-0.9932568492674144,-0.1159345995955006,0.025439360991817,0.23923596792727855,0.684320169301691,-0.025439360991816984,2,-0.1984395198222083,-0.002773021258588637,0.27753062405624795,-0.08833008834057553,3
5848,US-SRS,2016-10-17,US-SRS,Shrublands,31.817294,-110.850801,1.6,4.8,0.8476965228658112,23.679866666666666,2.2386373390625,2.8172424375000005,-0.9562348265919058,0.2926003356333479,0.011885196010862187,0.13049690510449188,1.1810413154975934,-0.011885196010862242,2,-0.13845652470191477,0.09585761882466604,0.0782544939098353,0.0718184376665762,3
5849,US-SRS,2016-10-25,US-SRS,Shrublands,31.817294,-110.850801,1.8,3.5,1.2941900308066463,23.62708541666667,1.4229036741437495,2.2485176458333327,-0.9070138128026362,0.4211008707960891,0.3890898269470522,0.10986683782798597,0.8021146109822102,-0.3890898269470522,2,0.28363883829834236,0.5028955046296635,0.3807351379131507,-0.061370691021821556,3
5850,US-SRS,2016-10-26,US-SRS,Shrublands,31.817294,-110.850801,1.1,3.6000001000000004,0.8953242832404703,26.177512499999995,2.1534098046875,2.499785895833333,-0.8996308696522434,0.4366512319560638,0.20204905069133036,0.3046538053984499,1.0514349869322301,-0.2020490506913304,2,0.2891272920220461,0.45368272019948896,-0.13666286014754403,-0.03774665020008591,3
5851,US-SRS,2016-11-02,US-SRS,Shrublands,31.817294,-110.850801,1.0,3.1000001,0.4806415859048482,18.914227083333333,1.2993824909458336,1.9441605208333324,-0.8406184056344783,0.5416278206559811,-0.17716998347250565,0.06743804199925067,0.6652034184917319,0.17716998347250568,2,-0.1333658453330314,-0.14331554960235157,-0.2548285554821339,-0.0390889313076186,3
5852,US-SRS,2016-11-10,US-SRS,Shrublands,31.817294,-110.850801,1.0,4.5,0.2648853660361714,17.436660416666665,1.150289610779167,5.193017083333332,-0.7583058084785625,0.6518989958787125,-0.016567762456817625,0.22960776032349442,1.0839765252298132,0.01656776245681768,2,-0.2768748339223214,0.15717355837177388,0.06999798818009462,0.06697842240339116,3
5853,US-SRS,2016-11-11,US-SRS,Shrublands,31.817294,-110.850801,0.2,3.8,0.377638102307916,19.47815625,1.4278739141666663,4.103942916666665,-0.7469720876965551,0.6648553979642867,0.19080441294151393,0.21635535504506856,1.2439046918928338,0.16447179167431805,2,0.04274712118069185,0.43909986123711753,0.09056625640673233,-0.033617059161164795,3
5854,US-SRS,2016-12-04,US-SRS,Shrublands,31.817294,-110.850801,0.4,2.1000001,0.1790784061032251,10.616571249999998,0.7439268711250001,1.9963281458333328,-0.4327755925504317,0.9015016841318838,-0.047895912602343084,0.029405582782467476,0.6854216407790445,0.04789591260234308,2,-0.015764534519367712,-0.07346787355469125,-0.05445532973297029,-0.0390889313076186,3
5855,US-SRS,2016-12-13,US-SRS,Shrublands,31.817294,-110.850801,0.2,2.3,0.1294871150180596,16.085083333333333,0.9559617939645836,2.39027375,-0.2884824328806098,0.9574851883550388,0.03138760829616479,0.03872835064533425,0.8622432077897603,-0.0313876082961648,2,0.07493393955278477,0.0008012185543703754,0.018427666781339225,-0.033870204184425136,3
5856,US-SRS,2017-01-05,US-SRS,Shrublands,31.817294,-110.850801,0.5,2.5,0.6340567555600609,15.260375833333333,0.8025954337458335,2.8096576875,0.0859647987374464,0.9962981749346078,0.0752149851408956,0.047353360655651267,0.8565388459696484,0.0752149851408956,2,0.11553008944835663,0.08704743203207105,0.02306743394225913,-0.033870204184425136,3
5857,US-SRS,2017-01-29,US-SRS,Shrublands,31.817294,-110.850801,0.4,3.9,0.8125119108933231,14.747693750000003,1.33843476331875,5.159205520833333,0.4787338401157884,0.8779600847008882,0.05943587717738064,0.35062517725251935,1.3221091225805863,0.059435877177380636,2,-0.18680922712313608,0.4608757417237265,-0.09575888306844846,-0.09938392480201441,3
5858,US-SRS,2017-02-22,US-SRS,Shrublands,31.817294,-110.850801,0.8,2.1000001,0.5743532039175774,19.085385416666664,1.4049223638291668,2.6323811875,0.7909456567567772,0.6118864012687243,0.5412183631210645,0.025222262584342455,1.1676258396136912,-0.5412183631210645,2,0.5191817720338618,0.5687276871291094,0.5357456302002224,0.03641010791619383,3
5859,US-SRS,2017-03-02,US-SRS,Shrublands,31.817294,-110.850801,1.1,4.7000003,0.4546114699837367,16.497528125000002,1.440984273475,3.56146025,0.8674563547295968,0.4975132889071806,0.10817798804038982,0.12650208506763452,0.8057666703609916,-0.1081779880403898,2,-0.01636747780809661,0.23654987170726105,0.10435157022200503,-0.0390889313076186,3
5860,US-SRS,2017-03-10,US-SRS,Shrublands,31.817294,-110.850801,0.9,5.4,0.5606003245122615,22.11650520833333,2.200749977708333,2.5025143958333333,0.9275416835791966,0.373719714790469,0.4507484458083241,0.3012095846586344,1.3190964998794406,-0.45074844580832407,2,0.2712429965009323,0.2825078388777704,0.7984945020462697,-0.10206422466889742,3
5861,US-SRS,2017-03-18,US-SRS,Shrublands,31.817294,-110.850801,1.5,6.4,0.5819593534109546,24.0357875,2.42646910975,2.7970006249999995,0.970063921851507,0.2428497220959356,0.35830393421147017,0.24322946155690187,1.4821190102582793,-0.3583039342114702,2,0.1903445896597074,0.2473404996521339,0.6372267133225692,1.915234717509708,3
5862,US-SRS,2017-04-03,US-SRS,Shrublands,31.817294,-110.850801,2.3,6.2000003,0.5508866283314925,18.434966666666664,1.5576694708708332,4.528978729166665,0.9995462806873572,-0.0301203048469081,-0.4317985220307649,0.08527362613519747,1.175320272078792,0.43179852203076496,2,-0.3637243076762207,-0.404223801453505,-0.5274474569625689,0.011448048335107916,3
5863,US-SRS,2017-04-11,US-SRS,Shrublands,31.817294,-110.850801,2.1,7.0,0.4381438122986302,21.71008125,2.3497498225,2.622794729166667,0.9859481499638304,-0.1670516255021192,0.05890237412863684,0.056013079093746684,1.09788188426732,-0.05890237412863675,2,-0.0017119615291307233,0.1087515931328179,0.06966749078222334,0.006874314904860279,3
5864,US-SRS,2017-04-19,US-SRS,Shrublands,31.817294,-110.850801,1.9,6.9,0.3526456143415969,23.174346875,2.245886993352083,2.2573977291666667,0.9536809966304456,-0.3008198076356673,0.14722325934244218,0.17167806776929262,0.8970754353717847,-0.14722325934244207,2,-0.016674170604144944,0.13259773709029604,0.32574621154117545,-0.05289866104441856,3
5865,US-SRS,2017-04-20,US-SRS,Shrublands,31.817294,-110.850801,1.0,7.1,0.4676767893077848,21.4990875,2.168587163260417,2.501281270833334,0.9483615800121716,-0.3171912885891061,0.14012423270457536,0.18905552054955763,0.9091095886688232,-0.1401242327045754,2,-0.04195431296637275,0.12686804899937093,0.3354589620807279,-0.03061690133021558,3
5866,US-SRS,2017-05-05,US-SRS,Shrublands,31.817294,-110.850801,1.8,8.6,0.4230662185628734,29.88736458333333,3.5880697511458344,2.6870331666666663,0.835925479418637,-0.548842958284719,-0.14150428130586692,0.10692228735606396,1.455325805452119,0.1415042813058669,2,-0.20168431650089638,-0.20477457677764557,-0.01805395063905879,1.7395817198406505,3
5867,US-SRS,2017-05-06,US-SRS,Shrublands,31.817294,-110.850801,1.1,8.7,0.7343916381529485,26.08505,2.7021686864791667,4.2214950625,0.8263541987239096,-0.5631507242749186,-0.09090633316825925,0.07092267120042024,0.92771456131404,0.09090633316825925,2,-0.08715882076728046,-0.02193171321723547,-0.16362846552026183,-0.003495126352827585,3
5868,US-SRS,2017-05-21,US-SRS,Shrublands,31.817294,-110.850801,1.7,7.6,0.5415137429098262,25.929304166666668,2.995891068708332,2.5630486041666667,0.6551563572090853,-0.7554933140726803,-0.22297444254923282,0.2557271574679376,1.129807062297988,0.22297444254923282,2,-0.48979279561624695,-0.1991205211000257,0.019989989068574132,-0.03463124223952875,3
5869,US-SRS,2017-05-29,US-SRS,Shrublands,31.817294,-110.850801,2.5,7.2000003,0.5782561146357521,27.83970416666667,3.3915089401875007,2.665374958333333,0.545240438540651,-0.8382797052177743,-0.531686441886321,0.46836639468199115,1.3694952545175973,0.531686441886321,2,-1.02391608520233,-0.47960657416227326,-0.09153666629435983,0.020845082461503125,3
5870,US-SRS,2017-06-06,US-SRS,Shrublands,31.817294,-110.850801,1.4,8.400001,0.460071069271682,30.73724583333333,3.55735142825,2.218596479166666,0.4250003399695541,-0.9051931898913974,-0.399050606296752,0.3898139976225027,0.9427462364999023,0.39905060629675204,2,-0.7640645500029284,-0.44464135126144516,0.011554082374117536,0.07450662448741328,3
5871,US-SRS,2017-06-07,US-SRS,Shrublands,31.817294,-110.850801,3.9,7.9,1.0470304319425865,29.83551458333333,3.1354566594375,2.9637854375,0.4093559588156213,-0.9123747579707272,-0.8096892730880777,0.4752097611957724,1.4859462682001023,0.8096892730880776,2,-1.2555893273486478,-0.30978406304265294,-0.8636944288729325,1.8855251235763433,3
5872,US-SRS,2017-06-14,US-SRS,Shrublands,31.817294,-110.850801,1.9,8.1,0.3585327696638447,27.559592708333337,3.471910585270834,2.413086541666667,0.2967128192734907,-0.9549667548552552,-0.48695564258326346,0.5145832505059114,1.0456900819010588,0.4869556425832635,2,-1.041829636137777,-0.3935894478330495,-0.025447843778963863,3.348205357182949,3
5873,US-SRS,2017-07-08,US-SRS,Shrublands,31.817294,-110.850801,1.4,7.4,0.2892530058877168,33.546543750000005,3.495096782010417,3.0786162708333347,-0.1116590071216944,-0.993746580436178,-0.3460196815355174,0.30142813764522386,1.0534287174074397,0.34601968153551743,2,-0.6933831315952268,-0.19138782097315546,-0.1532880920381699,-0.0527362833857845,3
5874,US-SRS,2017-07-09,US-SRS,Shrublands,31.817294,-110.850801,1.9,6.3,1.3779855707731188,29.80963958333334,2.0682805707520835,2.0350949375000007,-0.1287481774525806,-0.99167731989929,-0.8301076783947892,0.26953702445161143,0.8634763695700173,0.2139211800589731,2,-0.9536143127995832,-1.0157604868112398,-0.5209482355735446,-0.34819502637207117,3
5875,US-SRS,2017-07-16,US-SRS,Shrublands,31.817294,-110.850801,1.6,4.0,3.517424316213202,26.024781249999997,0.7962932898749996,1.804961125,-0.2470221804809352,-0.9690098257244064,0.4458087536727289,0.29581576488652006,1.1586728462938949,0.4458087536727289,2,0.2980860822329092,0.7863918095663232,0.25294836921895425,-0.02737720894239809,3
5876,US-SRS,2017-08-09,US-SRS,Shrublands,31.817294,-110.850801,3.2,6.2000003,2.7067040709482257,30.34517916666667,2.350214621083333,2.029356166666667,-0.6152845999633277,-0.7883050558305253,-1.1742067999691366,0.14833027518594155,1.1313441493488385,-0.1876149418655877,2,-1.284128143311209,-1.005492692107615,-1.2329995644885856,-0.29192767769108685,3
5877,US-SRS,2017-08-17,US-SRS,Shrublands,31.817294,-110.850801,2.9,6.2000003,2.753535126024264,27.868037500000003,2.682434304812499,2.3072195625000003,-0.7176769136759615,-0.6963762255968726,-1.0367398689675478,0.2049067735561694,1.0482813320566755,-0.7438101210160764,2,-1.273039766363662,-0.9081709607658406,-0.9290088797731405,-0.2885307702519805,3
5878,US-SRS,2017-08-26,US-SRS,Shrublands,31.817294,-110.850801,1.8,5.0,4.08820609627922,30.33415416666667,2.403739395408333,2.42838025,-0.8165380514459157,-0.5772916165517278,-0.2979038600757693,0.15785897464222418,1.132316805335592,-0.2979038600757695,2,-0.4601893736286763,-0.144879151856368,-0.2886430547422636,-0.012993426775397082,3
5879,US-SRS,2017-09-18,US-SRS,Shrublands,31.817294,-110.850801,2.0,6.1,0.8918796572189382,27.67616041666667,2.252890011445833,2.4319670625,-0.9760105506323682,-0.2177232303965322,-0.2910513952201726,0.2598656172101533,0.8832668463020932,0.29105139522017254,2,-0.5809169362700874,-0.0789351811105492,-0.21330206827988113,-0.0627087097811719,3
5880,US-SRS,2017-09-26,US-SRS,Shrublands,31.817294,-110.850801,1.7,5.3,0.7070263869704281,21.891025,2.108458310458333,2.4340748125,-0.99665890175417,-0.0816763953304228,-0.24119047745816238,0.2744215587389527,0.9411606886230555,0.24119047745816236,2,-0.5180794002273215,-0.2361873336499522,0.030695301502786543,-0.06002840991428889,3
5881,US-SRS,2017-10-04,US-SRS,Shrublands,31.817294,-110.850801,1.2,5.4,0.5895333319324952,27.854516666666665,2.474623245166667,1.952363333333334,-0.9984354211555644,0.055916990100603,-0.10845492143179802,0.2293438634714493,0.8198519391094201,0.10845492143179802,2,-0.31691871561774093,0.13721863358843123,-0.1456646822660844,-0.09101038820745853,3
5882,US-SRS,2017-10-12,US-SRS,Shrublands,31.817294,-110.850801,1.2,5.2000003,0.4787838924234556,26.33876041666667,2.117813389166667,2.5991150416666677,-0.9813064702716092,0.1924515819708299,0.07859529325655028,0.28224893459543254,1.0462048887510618,-0.07859529325655024,2,-0.1915015553423488,0.3716001367448517,0.05568729836714792,-0.04548225008865385,3
5883,US-SRS,2017-10-13,US-SRS,Shrublands,31.817294,-110.850801,1.0,4.7000003,0.3327068013732682,25.73276666666667,2.392169175083333,2.5119149375000007,-0.9778483415056568,0.2093146459630488,0.058823464138991526,0.17974258325513065,0.9174598120937411,-0.05882346413899153,2,-0.060433310914016686,0.26555984749915085,-0.028656144168159592,-0.02336286803308495,3
5884,US-SRS,2017-10-28,US-SRS,Shrublands,31.817294,-110.850801,1.1,4.0,0.4588658779325664,22.43326041666667,2.1654081321875,2.354397083333334,-0.8919813464595487,0.4520722039323037,0.0005287155045697508,0.08702147500371629,0.922330498819052,-0.0005287155045697878,2,-0.04865963228832859,0.1010051465029006,-0.050759367700862756,0.08443208104712964,3
5885,US-SRS,2017-10-29,US-SRS,Shrublands,31.817294,-110.850801,0.8,5.2000003,0.4503074426845758,24.08152291666666,2.3165778899375007,2.412561625,-0.8840675099433637,0.467359217158002,0.0993559969070122,0.10418542998379823,0.9553960445909044,-0.09935599690701219,2,-0.019256398108223327,0.17606703950073233,0.14125734932852763,0.003758906944303018,3
5886,US-SRS,2017-11-05,US-SRS,Shrublands,31.817294,-110.850801,0.8,3.4,0.4334925454579476,19.83081458333333,1.180529721870833,2.043391520833334,-0.8214765533024145,0.5702422926917867,-0.10082143940952847,0.08305726162505454,0.6627513206151958,0.10082143940952848,2,-0.13605030771288654,-0.005956090459374397,-0.16045792005632445,-0.0390889313076186,3
5887,US-SRS,2018-01-16,US-SRS,Shrublands,31.817294,-110.850801,0.2,3.3,0.2117251435156849,16.12505416666666,1.30718194221875,3.224478,0.2719581575341055,0.9623090774541486,0.2526047519000199,0.06121464022454143,1.363567074285499,-0.22915446486865015,2,0.22528666139374798,0.3227219553425478,0.20980563896376403,0.01499193545256464,3
5888,US-SRS,2018-01-17,US-SRS,Shrublands,31.817294,-110.850801,0.3,3.3,0.2219400348229547,14.044776875000004,1.1610480331062505,2.499424958333333,0.288482432880609,0.9574851883550392,0.0967775670168458,0.07629284169656479,1.1324295411232757,-0.09677756701684581,2,0.00898764846327893,0.13432466488952882,0.14702038769772963,0.03641010791619383,3
5889,US-SRS,2018-01-24,US-SRS,Shrublands,31.817294,-110.850801,0.3,5.0,0.5417147801617078,15.271216666666668,1.480802945291667,5.040351333333334,0.401487989205973,0.9158642882672872,0.005861063012939631,0.38539748935089024,1.6029259042236117,0.005861063012939621,2,-0.2722584614396709,0.4457835387593152,-0.1559418882808254,3.020677499975741,3
5890,US-SRS,2018-02-01,US-SRS,Shrublands,31.817294,-110.850801,0.3,3.9,0.2408954546536357,17.517395833333328,1.7258825192020837,2.299256770833334,0.5234156073655503,0.8520775211013093,0.4705687907958169,0.11481920655103628,1.3905107174290738,-0.470568790795817,2,0.3483709131891378,0.48712326614603096,0.576212193052282,-0.3980344602469724,3
5891,US-SRS,2018-02-02,US-SRS,Shrublands,31.817294,-110.850801,0.2,3.6000001000000004,0.1173360278616111,17.574925000000004,1.6366944099791665,2.358393916666666,0.5380051715382996,0.8429415373547828,0.4665160898828075,0.0706178481248394,1.324400009366053,-0.46651608988280746,2,0.3855214906337969,0.5151856990433015,0.4988410799713242,-0.05787836765762543,3
5892,US-SRS,2018-02-09,US-SRS,Shrublands,31.817294,-110.850801,0.5,4.1,0.2202602629786202,18.503622916666664,1.7970654188708333,2.6903112083333336,0.6354323008901774,0.7721565844991642,0.48262579506180714,0.1060132427436868,1.2988988796573888,-0.48262579506180714,2,0.38057468970684327,0.47510233785095346,0.5922003576276246,-0.05787836765762543,3
5893,US-SRS,2018-02-25,US-SRS,Shrublands,31.817294,-110.850801,1.2,2.7,0.8228930797982974,8.316984999999999,0.7511901862999998,1.913397166666667,0.8214765533024142,0.5702422926917871,-0.13658297380654807,0.09146743082710215,0.5940256892926655,0.13658297380654807,2,-0.1833775189709689,-0.1951856634758653,-0.031185738972810073,-0.046824531196186535,3
5894,US-SRS,2018-03-13,US-SRS,Shrublands,31.817294,-110.850801,1.2,4.5,0.6707870345372944,20.65949166666667,1.5584654688708337,1.6926565624999996,0.9455963874271426,0.3253420847119801,0.6045297794920795,0.39522336665599767,1.052176804776002,-0.6045297794920796,2,0.2852703554368996,0.4817474261526473,1.0465715568866918,0.09961978140992236,3
5895,US-SRS,2018-03-29,US-SRS,Shrublands,31.817294,-110.850801,1.2,5.2000003,0.547994489695666,17.914370833333336,1.67200695850625,2.389560625,0.9984354211555644,0.0559169901006034,0.2475854539793607,0.20549649972612227,0.8253527886055462,-0.24758545397936071,2,0.055463583728207366,0.2230408269277001,0.46425195128217456,-0.08833008834057553,3
5896,US-SRS,2018-04-06,US-SRS,Shrublands,31.817294,-110.850801,1.4,7.2000003,0.6533379985591027,23.096710416666664,2.2420972886875,3.1547417291666666,0.9966589017541702,-0.0816763953304224,0.12624114682130913,0.19769405452768996,1.239512312645348,-0.12624114682130916,2,0.06241228633902157,-0.03165313354574534,0.34796428767065113,0.004050296561170781,3
5897,US-SRS,2018-04-23,US-SRS,Shrublands,31.817294,-110.850801,1.2,6.6,0.8903135629840849,23.670648958333334,2.401711912625,2.1796639583333333,0.9307239310379796,-0.3657225234972689,0.16630667287855924,0.20895863467461467,0.8243370027079229,-0.16630667287855927,2,-0.038148023503057404,0.15757268162762872,0.37949536051110644,-0.09558412163770616,3
5898,US-SRS,2018-05-08,US-SRS,Shrublands,31.817294,-110.850801,1.5,7.9,0.7738043632360944,28.60699479166667,3.476101626791667,2.4220515104166664,0.8064799463209448,-0.5912614448635781,-0.1290276796323766,0.24209114109592494,1.3188271406130885,0.1290276796323766,2,-0.31966470391912566,-0.21077204989366394,0.14335371491565985,-0.0761003512466798,3
5899,US-SRS,2018-05-09,US-SRS,Shrublands,31.817294,-110.850801,1.7,7.8,0.8613652584930072,28.19762708333333,3.4554645065416665,2.1912330208333337,0.7961828637826158,-0.6050560696488488,-0.2006612988532123,0.3014538325402169,1.3380919540288745,0.20066129885321227,2,-0.45175254248950414,-0.2838961926012235,0.1336648385310908,0.007032158239857152,3
5900,US-SRS,2018-05-16,US-SRS,Shrublands,31.817294,-110.850801,1.9,7.5,0.7802978648076221,26.343493749999997,3.0014922767291665,2.3674449166666665,0.717676913675962,-0.6963762255968722,-0.24571221533408819,0.28521087386263605,1.158050344305423,0.24571221533408816,2,-0.5156667538818445,-0.2741015672151738,0.052631675094753694,-0.03463124223952875,3
5901,US-SRS,2018-06-01,US-SRS,Shrublands,31.817294,-110.850801,1.6,7.8,0.6391855370625171,27.33422916666667,3.2000020464791654,2.770388708333334,0.5012418134457758,-0.865307254363206,-0.24762274842101809,0.2958167674319582,1.0736273968888468,0.24762274842101806,2,-0.5686613027148895,-0.18813933068334882,0.013932388135183937,-0.05961777212057156,3
5902,US-SRS,2018-06-09,US-SRS,Shrublands,31.817294,-110.850801,1.7,8.5,0.6525252896194486,30.58567916666667,3.115906287833333,2.744465208333333,0.3777079652039649,-0.9259247771938498,-0.32919731346861153,0.24493927209201766,1.0228881974735153,0.3291973134686115,2,-0.5758284093364467,-0.3257778619108499,-0.085985669158538,-0.06728244321141956,3
5903,US-SRS,2018-06-10,US-SRS,Shrublands,31.817294,-110.850801,1.1,9.8,0.940345035529796,30.765625000000004,3.5127147858125016,3.264389166666668,0.3617137307297676,-0.9322892131745132,-0.0770381885182302,0.11639385389088451,0.9235428272868571,0.0770381885182302,2,-0.2025266078395282,-0.05597157098757513,0.027383613272412732,-0.003495126352827585,3
5904,US-SRS,2018-06-17,US-SRS,Shrublands,31.817294,-110.850801,1.7,7.2000003,4.074965852706386,26.24728333333334,2.0332465763041667,2.575587895833333,0.2470221804809355,-0.9690098257244062,-0.2458923317769304,0.21446689022142085,0.8893159459212289,-0.24589233177693037,2,-0.4542628624082935,-0.2576050322525004,-0.02580910066999731,-0.06728244321141956,3
5905,US-SRS,2018-06-25,US-SRS,Shrublands,31.817294,-110.850801,2.9,8.0,2.1602134854756354,29.86188958333333,2.9804820574583326,2.090576875,0.1116590071216951,-0.993746580436178,-1.2217812641354222,0.15624836088541308,0.8555976071603162,0.2577917649133068,2,-1.3995364969614639,-1.106148121534377,-1.1596591739104256,-0.4459798260367151,3
5906,US-SRS,2018-07-03,US-SRS,Shrublands,31.817294,-110.850801,2.1,8.3,1.556826252607956,31.27271875,3.5247052752499997,2.240780791666667,-0.0258184402271323,-0.9996666485105112,-0.8544125233455674,0.4120075718907256,0.8188593715844348,0.23193497143852093,2,-1.3190945310447817,-0.7104073168023862,-0.5337357221895345,-0.27717145512756247,3
5907,US-SRS,2018-07-19,US-SRS,Shrublands,31.817294,-110.850801,3.7,6.4,3.013566773512208,29.472991666666665,1.2936725722583335,1.3621516041666666,-0.2967128192734901,-0.9549667548552552,-1.346157204107903,0.1294500653407348,1.092483109842821,0.026709248867681223,2,-1.4810168058649065,-1.2228974356745357,-1.334557370784268,-0.29714335561498434,3
5908,US-SRS,2018-07-27,US-SRS,Shrublands,31.817294,-110.850801,2.8,5.6,2.5111783710332607,32.01673541666666,2.8144834885812493,2.6229300625000005,-0.4250003399695539,-0.9051931898913976,-0.7899476372677036,0.14292289174183595,1.340594825912767,-0.2123043793342253,2,-0.9540634350178436,-0.6928412607129841,-0.722938216072283,-0.1687384295472337,3
5909,US-SRS,2018-08-04,US-SRS,Shrublands,31.817294,-110.850801,3.8,7.2000003,3.3002534741772624,32.4055875,2.9706581252708326,2.0036188750000004,-0.5452404385406507,-0.8382797052177745,-1.4313631982249408,0.267620316393335,1.1527919138596363,-0.4318701465794661,2,-1.7347209824303422,-1.2286825922494633,-1.3306860199950172,-0.3724399008763127,3
5910,US-SRS,2018-08-13,US-SRS,Shrublands,31.817294,-110.850801,3.7,6.0,4.415452649495594,27.903295833333345,1.554332149777083,1.6151729166666668,-0.6680638642135333,-0.7441039398713608,-0.8001613136420125,0.11406779175837908,0.9306174357311147,-0.8001613136420125,2,-0.7920284215072093,-0.6903776250332722,-0.9180778943855562,-0.19895648489832557,3
5911,US-SRS,2018-08-20,US-SRS,Shrublands,31.817294,-110.850801,3.7,6.8,3.2699910741244427,30.73616041666667,2.0873588777479166,2.138297520833333,-0.7526668275320083,-0.6584015846980489,-0.5520334864742856,0.13981989147747662,0.9644598047800951,0.3079843652768294,2,-0.6142474818462736,-0.3919045288835374,-0.649948448693046,-0.0694510000025395,3
5912,US-SRS,2018-09-13,US-SRS,Shrublands,31.817294,-110.850801,2.5,5.9,1.3112809530944909,29.24886875,3.038454345604165,2.0479076875000004,-0.9536809966304456,-0.300819807635668,-0.8571421502678317,0.16527196545402034,1.0257151113555851,0.8571421502678317,2,-1.0296160396944356,-0.700163487561682,-0.8416469235473776,-0.23241301942087342,3
5913,US-SRS,2018-09-14,US-SRS,Shrublands,31.817294,-110.850801,2.0,5.6,0.9940851709877814,30.424439583333324,3.3634312383750005,2.1151453958333333,-0.9587178169872964,-0.2843591872810036,-0.6759806267902725,0.13393352771549374,1.12500982671558,0.6759806267902725,2,-0.8215922823028623,-0.6482982317544506,-0.5580513663135043,-0.12966465928485618,3
5914,US-SRS,2018-09-21,US-SRS,Shrublands,31.817294,-110.850801,2.6,5.1,2.682566896313451,26.06106250000001,1.5385941026791672,2.1650120625,-0.9859481499638304,-0.1670516255021195,0.11571740671780882,0.15404116189000236,0.9431381602682336,0.049416385909093044,2,-0.059903818948554455,0.1791032702584156,0.2279527688435653,-0.045644627747287905,3
5915,US-SRS,2018-09-29,US-SRS,Shrublands,31.817294,-110.850801,2.7,5.4,2.3076501406845944,27.51740625,2.309368955125,1.8933244374999996,-0.9995462806873572,-0.0301203048469083,-0.12829529635588158,0.27164613423580364,0.8302661415130848,0.12829529635588155,2,-0.4386175593017335,0.06644729650214715,-0.012715626268058333,-0.10555654803309356,3
5916,US-SRS,2018-10-07,US-SRS,Shrublands,31.817294,-110.850801,1.2,3.2,0.8215415590608369,18.674124999999997,0.8298427200645836,3.5979353125000006,-0.994217906893952,0.107381346664163,0.14397195901427465,0.23130146927528888,0.7086476717655105,-0.14397195901427462,2,0.11844766151186131,0.38697691952442337,-0.0735087039934608,-0.08833008834057553,3
5917,US-SRS,2018-11-08,US-SRS,Shrublands,31.817294,-110.850801,1.1,3.4,1.0529029781130923,18.096810416666663,1.3700087202750002,2.673630020833334,-0.7909456567567774,0.6118864012687242,-0.0913074427071836,0.07823670603578958,0.8203285996237278,0.0028866010666319664,2,-0.12232480798029383,-0.002317983945396951,-0.14927953619586,-0.0390889313076186,3
5918,US-SRS,2018-11-16,US-SRS,Shrublands,31.817294,-110.850801,0.7,3.2,0.7526504956505632,15.42362604166667,1.3427436805937498,2.2327238125,-0.6994583270516471,0.7146733860429608,-0.2245168842033647,0.06925034230105981,0.7440477979575331,-0.22451688420336469,2,-0.2617109167994563,-0.26722290912877383,-0.144616826681864,-0.0390889313076186,3
6297,US-Sne,2016-05-26,US-Sne,Wetland/Riparian,38.0369,-121.7547,5.1,6.8,4.043187861296413,20.111645625000005,0.7565394416666668,3.6306431666666654,0.5737722679043246,-0.8190148866680801,-1.0945079760124774,0.10417062788657964,0.8348562374852438,1.0191163013946951,1,-1.2088770456009388,-1.005054157752596,-1.069592724683898,-0.2901334642336379,3
6298,US-Sne,2016-06-11,US-Sne,Wetland/Riparian,38.0369,-121.7547,4.7,7.8,5.072164154829358,23.50318935416667,1.6230599187499992,3.9787795625000015,0.3294084822245304,-0.9441875088341992,-0.8315244999552854,0.16446479570307906,1.1118256151001804,-0.8315244999552855,1,-0.8138252180446697,-1.00412309690892,-0.6766251849122666,-0.282299860095645,3
6299,US-Sne,2016-06-19,US-Sne,Wetland/Riparian,38.0369,-121.7547,4.8,7.7000003,5.0336045905922155,24.018301999999995,1.5857894229166665,3.343068458333333,0.1966728897935764,-0.980469160361632,-0.8184181468819025,0.20754606243611942,0.9779969545160216,-0.8184181468819025,1,-0.836146140340186,-1.0165315806100328,-0.6025767196954888,-0.3293348432345369,3
6300,US-Sne,2016-06-27,US-Sne,Wetland/Riparian,38.0369,-121.7547,5.4,9.3,6.330648355951262,26.9732765625,1.813639625,5.166457458333333,0.060213277365793,-0.9981855344718586,-1.3749068594939067,0.2262467863016015,1.003992647971808,-1.3749068594939065,1,-1.2829380583961212,-1.6326550743035921,-1.2091274457820067,-0.4450975407293784,3
6301,US-Sne,2016-07-05,US-Sne,Wetland/Riparian,38.0369,-121.7547,5.9,7.2000003,4.133464611964966,21.05503802083333,0.6923462250000002,6.088004895833333,-0.0773864792334632,-0.9970011699250152,-0.6968160253846521,0.11551267917878931,1.1246700501966689,0.6968160253846523,1,-0.8275014393145332,-0.6083611789570045,-0.6545854578824184,-0.45546730813231545,3
6302,US-Sne,2016-07-13,US-Sne,Wetland/Riparian,38.0369,-121.7547,4.7,9.0,5.982878206664783,25.86075687500001,1.5987525333333334,3.832402520833333,-0.2135209154397959,-0.9769384927771816,-0.8363853770550542,0.14426298271649965,0.9775412636654739,-0.8363853770550542,1,-0.8519011957911722,-0.9722633013392286,-0.684991634034762,-0.3498736367141234,3
6303,US-Sne,2016-07-21,US-Sne,Wetland/Riparian,38.0369,-121.7547,4.7,7.7000003,4.971148786689397,22.37615154166667,1.018699716666667,5.411739937500001,-0.3456123126707333,-0.9383773917408642,-0.5299727848881907,0.09252953688365541,0.9898500225488046,-0.5299727848881907,1,-0.611909625466744,-0.5483885444190251,-0.4296201847788028,-0.05383865891411397,3
6304,US-Sne,2016-07-29,US-Sne,Wetland/Riparian,38.0369,-121.7547,5.6,9.900001,5.538728758123457,25.264887437500004,1.2678464520833332,5.410085770833334,-0.4711595076738639,-0.8820480249558535,-1.5782503072654388,0.2784151006885533,1.1443551332682158,-1.455707823512354,1,-1.7987769476313915,-1.2654012793977973,-1.6705726947671276,-0.7284936981962724,3
6305,US-Sne,2016-08-06,US-Sne,Wetland/Riparian,38.0369,-121.7547,5.1,6.8,4.412387587158869,21.81320585416667,0.7286131416666667,4.851281645833333,-0.5877852522924734,-0.8090169943749472,-0.6355607376736602,0.10896567980719235,0.70320559179224,0.6355607376736602,1,-0.7519156805768148,-0.6188521078064131,-0.5359144246377525,-0.24024456263284347,3
6306,US-Sne,2016-08-14,US-Sne,Wetland/Riparian,38.0369,-121.7547,5.4,8.3,5.15245448425409,24.216087770833337,1.0909271625,5.776717124999999,-0.6932812268869771,-0.7206671495538615,-1.6028894321768303,0.2505553173999697,1.2389490793837452,-1.1077984006850092,1,-1.5744554278607377,-1.3677641041413977,-1.8664487645283556,-0.6128332776703688,3
6307,US-Sne,2016-08-22,US-Sne,Wetland/Riparian,38.0369,-121.7547,4.4,6.5,3.648261208442954,21.99417427083333,0.7080995812499999,6.366393729166666,-0.7856498550787144,-0.6186714032625032,-0.7044880045142193,0.26941106983991414,1.1236510780130762,0.7044880045142193,1,-0.3934830945131022,-0.8662581559564433,-0.8537227630731126,-0.23050177289161183,3
6308,US-Sne,2016-08-30,US-Sne,Wetland/Riparian,38.0369,-121.7547,4.7,7.3,4.690163045300593,24.54959841666667,1.21950631875,4.638988729166665,-0.8631421280499115,-0.5049610547215202,-1.522859164325158,0.09402662748049345,0.944276053463755,-1.5031852549263431,1,-1.4224456803537515,-1.5373048121875192,-1.6088270004342036,-0.32846217084988905,3
6309,US-Sne,2016-09-07,US-Sne,Wetland/Riparian,38.0369,-121.7547,3.6,7.1,4.500670197367066,25.98248502083333,1.7682001770833329,2.283597729166667,-0.9242907221930934,-0.3816892202666586,-0.8927987081019855,0.027998661578495322,0.8785617440169219,-0.8927987081019855,1,-0.9249439726727042,-0.8737366737951542,-0.879715477838098,-0.27042028589794176,3
6310,US-Sne,2016-09-15,US-Sne,Wetland/Riparian,38.0369,-121.7547,3.6,5.8,3.8358710175094486,22.26439633333333,0.9562411395833332,4.444184770833334,-0.9679377830240642,-0.2511900638848195,-0.8038658054303994,0.3567884468310385,0.8569905980555518,-0.8038658054303993,1,-0.4354978604956281,-1.1478208286250828,-0.8282787271704877,-0.28442591271660267,3
6311,US-Sne,2016-09-23,US-Sne,Wetland/Riparian,38.0369,-121.7547,3.0,5.7000003,3.9169134919145217,21.263415124999987,1.0539426937500005,3.7396078124999983,-0.9932568492674144,-0.1159345995955006,-0.6446132941762303,0.1835449041722657,0.7797168376533378,-0.6446132941762301,1,-0.45285501229473235,-0.8186608612556587,-0.6623240089782997,-0.23862023303121654,3
6312,US-Sne,2016-10-01,US-Sne,Wetland/Riparian,38.0369,-121.7547,3.0,4.9,3.13215128199784,19.739273020833338,0.9144414104166664,4.462521208333333,-0.9997685019798908,0.0215160974362222,-0.7254571257974126,0.3796256890030155,0.8548366982663905,-0.7254571257974126,1,-0.2878454823749599,-0.9663468988498112,-0.9221789961674671,-0.10613047449067221,3
6313,US-Sne,2016-10-09,US-Sne,Wetland/Riparian,38.0369,-121.7547,2.8,4.8,2.8630838220923778,21.83596056249999,1.27478698125,1.880171458333333,-0.9873494423939864,0.1585593851031347,-0.4040963752175384,0.11798224919487978,0.6975163093889019,-0.4040963752175384,1,-0.4753948419726412,-0.46898175082545696,-0.26791253285451705,-0.061370691021821556,3
6314,US-Sne,2016-10-17,US-Sne,Wetland/Riparian,38.0369,-121.7547,2.0,2.6000001,2.8491124614330423,21.0187093125,0.5603773020833335,2.7569845416666667,-0.9562348265919058,0.2926003356333479,-0.033758434616962874,0.1683490711773988,0.7524050803439861,-0.03375843461696282,1,0.07359075117788755,0.05291840282452903,-0.2277844578533052,-0.08849246599920958,3
6315,US-Sne,2016-11-02,US-Sne,Wetland/Riparian,38.0369,-121.7547,0.7,1.8000001,1.5803838159102075,19.585597020833333,0.3817753,1.1768319999999997,-0.8406184056344783,0.5416278206559811,0.01854479871022628,0.09980288985020337,0.54786600617538,0.018544798710226296,1,-0.04059247981476061,0.13377383453347247,-0.03754695858803303,0.04158424279520798,3
6316,US-Sne,2016-11-18,US-Sne,Wetland/Riparian,38.0369,-121.7547,1.5,2.2,1.0961625002549062,15.270393083333332,0.3653629520833335,1.6327508958333332,-0.661634618242279,0.749826401204568,0.13901275448717926,0.025464648917887727,0.5669548248301476,-0.1390127544871793,1,0.1679806675176484,0.12015920353931564,0.12889839240457374,-0.046824531196186535,3
6317,US-Sne,2017-02-14,US-Sne,Wetland/Riparian,38.0369,-121.7547,2.2,1.4,1.039756320866494,15.496785020833334,0.3585250854166668,1.0462779166666667,0.6994583270516471,0.7146733860429609,-0.2820758074952036,0.3241050758531262,0.6586004162219086,0.28207580749520367,1,-0.11146659695655592,-0.6558478687336458,-0.07891295679540905,-0.10287624816621056,3
6318,US-Sne,2017-03-02,US-Sne,Wetland/Riparian,38.0369,-121.7547,2.6,2.6000001,1.6344916291560283,14.193259770833327,0.4443527229166668,1.00114225,0.8674563547295968,0.4975132889071806,-0.3601413759189815,0.05760419651860667,0.42621685172041446,0.36014137591898154,1,-0.3187167497612474,-0.3357843677546432,-0.42592301024105383,-0.061370691021821556,3
6319,US-Sne,2017-04-03,US-Sne,Wetland/Riparian,38.0369,-121.7547,5.3,5.1,6.531837440895465,19.759665604166663,1.075219075,4.9532647916666654,0.9995462806873572,-0.0301203048469081,-2.271015484474784,0.7654374106255452,1.351985521735536,-2.271015484474784,1,-1.4973601692522782,-3.0279613927926365,-2.287724891379438,-28.298837407843312,3
6320,US-Sne,2017-04-19,US-Sne,Wetland/Riparian,38.0369,-121.7547,4.8,4.2000003,4.429118408768828,18.5804001875,0.5900413729166667,3.006843562499999,0.9536809966304456,-0.3008198076356673,-1.8393017721663139,0.15046859221344272,0.711375384337089,-1.0975385897039693,1,-1.7057594592152925,-1.8098147589549667,-2.0023310983286824,-1.142468775284944,3
6321,US-Sne,2017-04-27,US-Sne,Wetland/Riparian,38.0369,-121.7547,6.0,5.0,5.566598893443184,19.4300575625,0.7163349666666665,6.431933687500003,0.9033558023246844,-0.4288919379124835,-1.8681500639441289,0.9436126106101629,1.6598648729782268,-1.0013478508304974,1,-1.3707033370229118,-2.9564059308309316,-1.277340923978543,-20.472891741768166,3
6322,US-Sne,2017-05-05,US-Sne,Wetland/Riparian,38.0369,-121.7547,6.7,5.2000003,7.237101602322046,19.505242583333334,0.6517061520833334,7.900903875,0.835925479418637,-0.548842958284719,-1.884068915788734,1.2427614616837872,1.8306516293429191,-1.8840689157887338,1,-1.5070005894058898,-3.2716946762218155,-0.8735114817384966,-34.935902588883245,3
6323,US-Sne,2017-05-13,US-Sne,Wetland/Riparian,38.0369,-121.7547,6.8,5.7000003,6.182578961073176,15.961885729166672,0.7082554541666667,6.473119041666667,0.7526668275320084,-0.6584015846980488,-2.5053451906285784,0.6993139354567941,1.2892359184229085,-1.2705031127749309,1,-2.529166709049007,-3.192444003433782,-1.7944248594029457,-40.08475638503029,3
6324,US-Sne,2017-05-21,US-Sne,Wetland/Riparian,38.0369,-121.7547,6.6,6.8,7.260462329064728,27.08691064583334,1.4630037750000005,3.932401895833333,0.6551563572090853,-0.7554933140726803,-2.047328218006207,0.30539458782820306,1.109273373694742,-2.047328218006207,1,-1.7896937138455535,-2.3846741275276124,-1.9676168126454556,-0.8287693037141385,3
6325,US-Sne,2017-05-29,US-Sne,Wetland/Riparian,38.0369,-121.7547,6.0,5.6,5.92207311138228,20.511389979166673,0.5630186583333333,7.097074895833335,0.545240438540651,-0.8382797052177743,-0.9751240673416417,0.8890580132232424,1.457149106992824,-0.8192702901062026,1,-0.43588910225813493,-2.001275349657074,-0.4882077501097162,-21.450245383769825,3
6326,US-Sne,2017-06-06,US-Sne,Wetland/Riparian,38.0369,-121.7547,7.2,7.3,6.626706005634914,23.13488341666667,0.91228896875,6.35710625,0.4250003399695541,-0.9051931898913974,-1.7156194407015055,0.577212684501671,1.616002508523886,-0.5690314519713338,1,-1.9170589800753277,-2.165118779308983,-1.0646805627202058,8.038660007570387,3
6327,US-Sne,2017-06-14,US-Sne,Wetland/Riparian,38.0369,-121.7547,7.3,8.2,6.63788576580596,24.977195333333334,1.1434098604166667,5.739231562499999,0.2967128192734907,-0.9549667548552552,-1.8017520900620898,0.34479617834194776,1.521949640818105,-0.47752362167400975,1,-2.144959060027055,-1.804908830602502,-1.4553883795567129,4.2019363147135005,3
6328,US-Sne,2017-06-22,US-Sne,Wetland/Riparian,38.0369,-121.7547,8.5,9.1,9.150886044792358,31.6454403125,1.7826156770833332,5.727161854166666,0.1628070129385171,-0.986657932891657,-2.7506429797566994,0.10278353493699977,2.177129779628748,-2.7506429797566994,1,-2.6908758144162985,-2.6917269593054587,-2.86932616554834,-26.206838294841944,3
6329,US-Sne,2017-06-30,US-Sne,Wetland/Riparian,38.0369,-121.7547,7.5,7.8,7.1232922062586335,24.671448916666662,0.9696991895833336,6.4407335,0.025818440227133,-0.9996666485105112,-1.720648233916111,0.36438342564733905,1.6875727538922773,-0.967232646433378,1,-2.1263703486472725,-1.6143141422132172,-1.4212602108878434,5.17928995671516,3
6330,US-Sne,2017-07-08,US-Sne,Wetland/Riparian,38.0369,-121.7547,9.1,10.2,8.753855901855053,31.58967004166667,2.1567960979166667,5.439499458333335,-0.1116590071216944,-0.993746580436178,-3.5141664956699326,0.24309372558617273,2.481443122477308,-2.8218782993800384,1,-3.6993022463016074,-3.2388744435249186,-3.6043227971832716,-26.206838294841944,3
6331,US-Sne,2017-07-16,US-Sne,Wetland/Riparian,38.0369,-121.7547,8.8,10.2,8.143070974063328,33.518371291666675,2.4747540916666666,5.116419125,-0.2470221804809352,-0.9690098257244064,-3.563927067575783,0.07626794707524331,2.3689286046045517,-2.2500690157024366,1,-3.476729605483554,-3.6182146575216034,-3.596836939722192,-26.206838294841944,3
6332,US-Sne,2017-07-24,US-Sne,Wetland/Riparian,38.0369,-121.7547,7.6,6.7000003,7.252904395365168,21.93398697916667,0.5106884979166667,8.954341583333333,-0.3777079652039646,-0.92592477719385,-1.4441348741001627,0.32793862668074836,2.3615300474005005,-0.7499436648304998,1,-1.1226845826819707,-1.7781979137609991,-1.4315221258575181,-9.408064645426817,3
6333,US-Sne,2017-08-01,US-Sne,Wetland/Riparian,38.0369,-121.7547,8.1,8.5,7.109250534835159,27.655495083333324,1.1455720479166671,7.44479341666667,-0.5012418134457756,-0.8653072543632061,-2.387244603365969,0.3621211320835533,2.3561980922968777,-0.40574567303628717,1,-2.445464651471804,-1.9995407508658938,-2.7167284077602103,-5.301110048060358,3
6334,US-Sne,2017-08-09,US-Sne,Wetland/Riparian,38.0369,-121.7547,6.4,6.6,6.2124500989028775,24.12505425,0.6418386541666666,6.5618869166666665,-0.6152845999633277,-0.7883050558305253,-1.0135862669350977,0.09368201588008618,1.4684045831133887,-0.6384864647408519,1,-0.948178657661215,-0.971673025354951,-1.120907117789127,1.4075434485594873,3
6335,US-Sne,2017-08-17,US-Sne,Wetland/Riparian,38.0369,-121.7547,6.8,6.5,6.514989008103147,24.75357833333333,0.7584251645833331,7.849310104166667,-0.7176769136759615,-0.6963762255968726,-1.502844479302964,0.39438775360728057,1.997755134208645,-0.9328224955092592,1,-1.1060559365192755,-1.5076907219471747,-1.8947867794424418,-9.347266925074173,3
6336,US-Sne,2017-08-25,US-Sne,Wetland/Riparian,38.0369,-121.7547,6.5,7.1,5.315572240251436,25.8837175625,0.9895503041666668,5.0226037083333335,-0.8064799463209447,-0.5912614448635782,-1.8492318807824046,0.06073685775431391,1.4082250230562863,0.5196236387147233,1,-1.7841193223688485,-1.8592219918940296,-1.9043543280843356,2.038829425243463,3
6337,US-Sne,2017-09-02,US-Sne,Wetland/Riparian,38.0369,-121.7547,5.4,7.7000003,4.6878944155672135,34.69722685416667,2.420524052083333,0.9326154791666664,-0.8800122039735356,-0.4749510720670502,-2.052262004782758,0.5329697475026992,1.383709579059346,-0.6280508359171844,1,-1.8062490141261587,-1.6867350231883005,-2.6638019770338146,3.2270923154109705,3
6338,US-Sne,2017-09-10,US-Sne,Wetland/Riparian,38.0369,-121.7547,5.8,6.4,4.233383857672182,30.67254891666667,1.5263707145833332,2.7827020208333333,-0.9368813462954316,-0.3496474552512282,-1.7682934947436,0.44132517923023545,1.2190375208099051,1.3649387899120355,1,-1.7519174572807878,-1.3353842647073881,-2.217578762242624,-1.0209130372663733,3
6339,US-Sne,2017-09-26,US-Sne,Wetland/Riparian,38.0369,-121.7547,4.2,5.7000003,4.3245072924624886,26.71148968750001,1.7111645020833337,1.5607171041666668,-0.99665890175417,-0.0816763953304228,-1.0040234683451468,0.17047638870852438,0.8886769378485975,-1.0040234683451468,1,-1.1846590885227735,-0.845954063076714,-0.9814572534359529,-0.2401077067650211,3
6340,US-Sne,2017-10-04,US-Sne,Wetland/Riparian,38.0369,-121.7547,3.8,4.2000003,2.811809823392496,21.36005787500001,0.9911263729166664,2.222635041666667,-0.9984354211555644,0.055916990100603,-0.9082374507932073,0.04639598425487491,0.6660842128490293,0.9082374507932073,1,-0.8912670312212112,-0.8727159451866493,-0.960729375971761,-0.2034209294941143,3
6341,US-Sne,2017-10-12,US-Sne,Wetland/Riparian,38.0369,-121.7547,3.9,4.9,4.233228309955573,19.685264416666666,1.2069814020833336,3.7409423125,-0.9813064702716092,0.1924515819708299,-1.5983892503711072,0.31046990524183626,1.006944593075676,-1.5983892503711072,1,-1.2403067033297135,-1.7624562396305894,-1.7924048081530195,-0.4312927609869581,3
6342,US-Sne,2017-10-28,US-Sne,Wetland/Riparian,38.0369,-121.7547,2.6,3.8,2.8711814765373997,22.65337125,0.7755432999999999,2.77814525,-0.8919813464595487,0.4520722039323037,-0.014977788750092563,0.26010158711641035,0.6021248734114162,-0.014977788750092591,1,0.28378301711288095,-0.13772510548122316,-0.19099127788193548,-0.007819291896382932,3
6343,US-Sne,2017-11-05,US-Sne,Wetland/Riparian,38.0369,-121.7547,2.0,1.9,2.343222968068538,15.071663833333336,0.5116038375,3.466071166666666,-0.8214765533024145,0.5702422926917867,-0.2653401556383046,0.052252519156781856,0.8939387872142734,-0.2653401556383046,1,-0.23066534715055653,-0.3254393301973018,-0.23991578956705542,-0.018522852769899893,3
6344,US-Sne,2017-11-13,US-Sne,Wetland/Riparian,38.0369,-121.7547,1.4,1.6,1.1890431259822156,18.7438948125,0.3657133458333333,2.0234685625,-0.7354170229639858,0.6776147890466887,0.08708170952671668,0.20218202644402372,0.793169570577497,-0.08708170952671668,1,-0.10737254045409783,0.29619373213655725,0.07242393689769061,-0.07394630617357453,3
6345,US-Sne,2017-11-29,US-Sne,Wetland/Riparian,38.0369,-121.7547,1.0,1.4,1.758596214705206,15.250393937499998,0.4329977374999999,1.4379353958333336,-0.5234156073655503,0.8520775211013093,0.10826040569546731,0.11673089685928867,0.48254915643727114,0.10826040569546735,1,0.10392281721098096,-0.006241238803979032,0.22709963867940003,-0.0390889313076186,3
6346,US-Sne,2018-02-09,US-Sne,Wetland/Riparian,38.0369,-121.7547,2.2,2.5,1.9225618274602647,19.498926500000003,0.6338219791666666,1.5652180624999996,0.6354323008901774,0.7721565844991642,-0.10048909394963157,0.035027800323471484,0.7178001429291296,0.10048909394963157,1,-0.131610505494515,-0.06255563458958946,-0.10730114176479028,-0.061370691021821556,3
6347,US-Sne,2018-02-17,US-Sne,Wetland/Riparian,38.0369,-121.7547,2.5,2.4,1.4788236474578318,14.840734541666665,0.5790553999999999,1.398665416666666,0.7354170229639855,0.6776147890466889,-0.3512569258143992,0.09554651588908333,0.5536812753869349,0.35125692581439916,1,-0.2959256176291311,-0.4615843694438139,-0.29626079037025266,-0.061370691021821556,3
6348,US-Sne,2018-02-25,US-Sne,Wetland/Riparian,38.0369,-121.7547,3.1,3.0,2.7622197526235435,12.881194374999998,0.53227584375,3.4741221875000003,0.8214765533024142,0.5702422926917871,-1.2599057771662812,0.2558235379601978,0.854510113782976,-0.5843452824133679,1,-1.031483891640102,-1.2119030822968595,-1.5363303575618816,-0.285315476021223,3
6349,US-Sne,2018-03-05,US-Sne,Wetland/Riparian,38.0369,-121.7547,2.8,2.7,2.6600991884909964,11.99478091666666,0.3555258000000001,1.6501825416666662,0.8919813464595485,0.4520722039323043,-0.7536415021064897,0.030362023594934725,0.5798991517141319,-0.4738398790884828,1,-0.7666250972652058,-0.7753529342951084,-0.7189464747591547,-0.22342031053836853,3
6350,US-Sne,2018-04-14,US-Sne,Wetland/Riparian,38.0369,-121.7547,5.4,5.0,5.398788944603881,20.694034979166663,0.9343291291666668,2.2371760208333336,0.9760105506323684,-0.2177232303965317,-1.954226723085199,0.10005424111898305,0.7130447720933353,-1.9518046122929604,1,-1.9571413281777543,-1.8527470231783234,-2.05279181789952,-1.7457622998829854,3
6351,US-Sne,2018-04-22,US-Sne,Wetland/Riparian,38.0369,-121.7547,6.0,5.9,4.339636242116054,23.64588885416666,0.8473728187500003,2.7044473749999987,0.9368813462954316,-0.3496474552512284,-2.2503007295812063,0.11688765434687134,0.7421126094112377,1.0704267861866859,1,-2.3852429537260176,-2.1804482637231763,-2.185210971294425,-2.7355198768848528,3
6352,US-Sne,2018-04-30,US-Sne,Wetland/Riparian,38.0369,-121.7547,5.8,5.3,4.616606322993506,17.90972027083333,0.5341439625000001,4.5610645,0.8800122039735357,-0.4749510720670499,-2.01213241934466,0.5276058057081352,1.0133373089607611,0.3546549346683281,1,-1.8985567867515212,-2.5872765975947916,-1.5505638736876686,2.635996173072124,3
6353,US-Sne,2018-05-08,US-Sne,Wetland/Riparian,38.0369,-121.7547,6.6,6.4,7.015972128914683,22.756357375000004,0.8737327375000001,5.713728166666668,0.8064799463209448,-0.5912614448635781,-1.9826389696843212,0.9282858642667956,1.4559736857899348,-1.982638969684321,1,-1.625697017584775,-3.036415022790703,-1.2858048686774857,-19.162750908534164,3
6354,US-Sne,2018-05-24,US-Sne,Wetland/Riparian,38.0369,-121.7547,5.2,5.3,5.238399569671472,17.67557945833334,0.4039619083333335,7.663763416666669,0.6152845999633276,-0.7883050558305255,-0.5215161162189185,0.7539321528015842,1.3581304336481048,-0.5215161162189185,1,0.10249574842422471,-1.3592316505228696,-0.3078124465581105,-23.49481794919992,3
6355,US-Sne,2018-08-12,US-Sne,Wetland/Riparian,38.0369,-121.7547,6.9,8.7,5.500847589562856,27.167420499999995,1.2615092166666664,4.005501458333336,-0.655156357209085,-0.7554933140726804,-2.467703587239358,0.11529545466112494,1.3167265699459156,0.33060123363493155,1,-2.339031666672227,-2.5616316834493817,-2.502447411596465,5.464179510749838,3
6356,US-Sne,2018-08-20,US-Sne,Wetland/Riparian,38.0369,-121.7547,6.4,6.7000003,4.993820660717628,22.53286254166667,0.6139703083333333,6.629662041666667,-0.7526668275320083,-0.6584015846980489,-1.397527713806128,0.21568736913058864,1.4667107784587412,1.397527713806128,1,-1.3289763031362403,-1.2244472779880997,-1.6391595602940432,1.3931596663924863,3
6357,US-Sne,2018-08-28,US-Sne,Wetland/Riparian,38.0369,-121.7547,5.4,4.9,4.625879350105542,21.73100979166667,0.6658484666666666,5.5559239375,-0.8359254794186365,-0.5488429582847199,-0.8147777654656663,0.13092801510000526,1.0920806960215412,0.7334635343232501,1,-0.7246794900022077,-0.754689513526022,-0.9649642928687692,-0.14259024658054478,3
6358,US-Sne,2018-09-05,US-Sne,Wetland/Riparian,38.0369,-121.7547,5.6,5.5,4.556577116536173,20.979186875,0.5694767666666667,7.531465625000003,-0.9033558023246842,-0.4288919379124841,-1.1610342918328695,0.37460076161950623,1.4611892686462664,0.9258114750947846,1,-0.8001577227730072,-1.1349494371420321,-1.5479957155835693,1.4976143519719374,3
6359,US-Sne,2018-09-13,US-Sne,Wetland/Riparian,38.0369,-121.7547,5.1,5.5,5.022301750366094,22.2137975625,1.0464161458333332,4.217221145833333,-0.9536809966304456,-0.300819807635668,-1.6080729104599165,0.14143987127647617,1.0455373137438773,-1.4526764111921058,1,-1.4798022594835811,-1.7597594624402728,-1.5846570094558956,-0.43356169313824316,3
6360,US-Sne,2018-09-21,US-Sne,Wetland/Riparian,38.0369,-121.7547,4.7,6.4,4.561833170841262,24.657892604166666,1.3136588895833332,3.0285610416666664,-0.9859481499638304,-0.1670516255021195,-1.5680356026325697,0.1122050507429226,1.1053703362095177,-1.2917019443150934,1,-1.5354126920472249,-1.4757570828311877,-1.6929370330192959,-0.29714335561498434,3
6361,US-Sne,2018-09-29,US-Sne,Wetland/Riparian,38.0369,-121.7547,3.8,4.1,2.6907678457114663,22.078115645833336,0.7325004750000002,3.8982205208333336,-0.9995462806873572,-0.0301203048469083,-0.5380901236082257,0.3684156296620734,0.900714286408579,0.5380901236082257,1,-0.17775007668309864,-0.914082423933765,-0.5224378702078135,0.05088433095609658,3
6362,US-Sne,2018-10-07,US-Sne,Wetland/Riparian,38.0369,-121.7547,5.3,5.8,7.8821543999119426,25.11294758333333,1.913447,7.160945854166669,-0.994217906893952,0.107381346664163,-2.7479744806640767,0.7284026757119357,2.2302379575254685,-2.7479744806640767,1,-2.2019216104212753,-2.466979115529382,-3.575022716041574,-65.88878237590079,3
6363,US-Sne,2018-10-15,US-Sne,Wetland/Riparian,38.0369,-121.7547,4.4,4.5,4.558415035393515,21.908846291666674,1.7358882312499997,3.589763458333332,-0.970063921851507,0.2428497220959358,-1.8956530663061901,0.2837290725679845,1.4008171354661116,-1.8956530663061901,1,-1.5832026899100975,-1.966536246455775,-2.137220262552698,-1.544163441850089,3
6364,US-Sne,2018-10-31,US-Sne,Wetland/Riparian,38.0369,-121.7547,2.5,3.2,3.6058920370530014,20.48554937499999,1.2412596000000002,1.7674178958333335,-0.867456354729597,0.4975132889071803,-0.0702059289120497,0.08214903308614198,0.7388059063241695,-0.0702059289120498,1,-0.16466469334466305,-0.015451920234177352,-0.030501173157308714,-0.061370691021821556,3
6365,US-Sne,2018-11-08,US-Sne,Wetland/Riparian,38.0369,-121.7547,3.0,3.5,6.58820112441344,18.97847525,1.551844222916667,4.898700854166667,-0.7909456567567774,0.6118864012687242,-1.1289920817129353,0.7773391885967784,1.4217572724578775,-1.1289920817129353,1,-0.3424564774810719,-1.1477234749378071,-1.8967962927199267,-21.450245383769825,3
6442,US-Srr,2016-02-12,US-Srr,Wetland/Riparian,38.200556,-122.026358,1.9,2.1000001,1.7674444903516364,15.318678291666671,0.4172036104166668,1.0929181666666667,0.6744436188329455,0.7383263540031065,-0.25763477651543576,0.15704255834977018,0.5414106525053471,0.00747624278129122,0,-0.375939780807225,-0.31750038056637475,-0.07946416817270753,-0.08849246599920958,3
6443,US-Srr,2016-02-20,US-Srr,Wetland/Riparian,38.200556,-122.026358,1.6,2.3,2.4650646226129003,10.329142937500002,0.34235415,0.7972088125000002,0.7694148268839378,0.6387494220515272,-0.00836711654553908,0.06852217571826293,0.49389437393477975,-0.008367116545539122,0,-0.05467363614376028,0.07034753494950699,-0.04077524844236395,0.01930248308100504,3
6444,US-Srr,2016-03-23,US-Srr,Wetland/Riparian,38.200556,-122.026358,2.7,3.3,2.905352645262167,13.734438104166664,0.5998291270833332,1.7168857083333335,0.989932495087353,0.141540295217043,-0.5748736185918443,0.027676156926588428,0.4861309740816358,-0.5748736185918443,0,-0.5636943894368801,-0.6063907916515814,-0.5545356746870717,-0.08943246386890506,3
6445,US-Srr,2016-03-31,US-Srr,Wetland/Riparian,38.200556,-122.026358,3.7,4.1,2.655983435846737,14.481126916666668,0.4747125375,4.3400390416666665,0.99999073973619,0.0043035382962442,-0.3413758762836454,0.267433196972023,0.6459995660831751,0.3413758762836454,0,-0.6312839533802092,-0.10430509133001933,-0.28853858414070777,-0.10287624816621056,3
6446,US-Srr,2016-04-16,US-Srr,Wetland/Riparian,38.200556,-122.026358,4.5,5.3,3.96794184389944,19.395405041666667,1.3711003416666667,2.5226339375000006,0.9634705485641488,-0.2678143051621742,-1.163625208663256,0.2643039073503048,0.8029788188054671,-0.09950889646213557,0,-1.387545702275254,-1.231251333406041,-0.872078590308473,-0.2807715713222633,3
6447,US-Srr,2016-05-02,US-Srr,Wetland/Riparian,38.200556,-122.026358,4.6,5.7000003,3.4346211071056825,17.738682270833333,0.6949748625000001,3.626690458333332,0.854322169749827,-0.5197438121555155,-0.3643045712925997,0.17110029688705586,0.7304715372444835,0.36430457129259963,0,-0.4193165910435596,-0.5011322763298809,-0.17246484650435862,-0.09117276586609259,3
6448,US-Srr,2016-05-10,US-Srr,Wetland/Riparian,38.200556,-122.026358,5.2,5.6,3.693329672830708,18.32516125,0.6295501874999999,3.7889989375,0.7748840413670407,-0.6321034111873487,-0.467562700498025,0.21194557298160718,0.7131140566446461,0.46756270049802495,0,-0.5877462428977641,-0.592099916753239,-0.22284194184307207,-0.11570238808714489,3
6449,US-Srr,2016-05-18,US-Srr,Wetland/Riparian,38.200556,-122.026358,5.0,8.6,5.3045143946383515,23.899971916666654,1.5503654916666667,2.4599698125,0.6807734094770161,-0.7324940716135789,-0.2531574271756465,0.3276353759096923,1.0564515094103304,-0.2531574271756465,0,-0.1217049313689477,-0.011662060349290137,-0.6261052898087016,-0.04936651041838748,3
6450,US-Srr,2016-05-26,US-Srr,Wetland/Riparian,38.200556,-122.026358,5.3,6.4,3.889289898128018,18.5636868125,0.7536573104166665,3.4777030625,0.5737722679043246,-0.8190148866680801,-0.39634123796904897,0.05616274555611455,0.7812445063983093,0.39634123796904897,0,-0.45648615825241967,-0.3872734299663803,-0.34526412568834686,-0.05070879152592013,3
6451,US-Srr,2016-06-11,US-Srr,Wetland/Riparian,38.200556,-122.026358,5.4,6.8,5.616590002468912,22.00056127083333,1.6176626125000002,2.4055471874999994,0.3294084822245304,-0.9441875088341992,-0.04263731187501782,0.09511421407691441,0.7671868675202562,-0.04263731187501785,0,-0.07429456897705977,-0.11788599813976486,0.06426863149177117,-0.09098776797334292,3
6452,US-Srr,2016-06-19,US-Srr,Wetland/Riparian,38.200556,-122.026358,5.0,6.7000003,5.660729559145168,22.40889752083334,1.7826489541666666,1.6111764999999998,0.1966728897935764,-0.980469160361632,0.17066897671963419,0.08292205092401789,0.544532559916488,0.1706689767196342,0,0.1022241706673589,0.26287886048769776,0.1469038990038459,-0.05070879152592013,3
6453,US-Srr,2016-06-27,US-Srr,Wetland/Riparian,38.200556,-122.026358,5.7,8.7,6.088376951529499,26.77759179166667,2.228602416666668,3.953092125,0.060213277365793,-0.9981855344718586,-0.4776149731036629,0.16389121656332067,1.0168801325157308,-0.47761497310366297,0,-0.6300341791538858,-0.30426310282649455,-0.4985476373306083,-0.3432904671931316,3
6454,US-Srr,2016-07-05,US-Srr,Wetland/Riparian,38.200556,-122.026358,6.3,6.4,4.557660454700566,17.4496435625,0.5842154979166666,5.287299479166665,-0.0773864792334632,-0.9970011699250152,0.10259110450357861,0.24393988952601345,0.6307955596429593,-0.10259110450357856,0,-0.17553409357130728,0.20303440332962758,0.28027300375241554,-0.505461084256948,3
6455,US-Srr,2016-07-13,US-Srr,Wetland/Riparian,38.200556,-122.026358,5.7,8.3,5.711194986529049,25.18368316666667,1.880154,2.7417035625,-0.2135209154397959,-0.9769384927771816,0.11021072754334504,0.24446544187449123,0.8366261975226914,-0.08782075448524829,0,0.10020320509542296,-0.12909727802203833,0.35952625555665046,-0.34611099037204474,3
6456,US-Srr,2016-07-21,US-Srr,Wetland/Riparian,38.200556,-122.026358,5.4,7.3,4.731782992592659,19.845876375,0.9635084083333334,4.328447083333333,-0.3456123126707333,-0.9383773917408642,0.2550795204498542,0.0718943366944856,0.922630757761295,-0.25507952044985416,0,0.2207245384900315,0.3377062059217167,0.20680781693781433,-0.048139929721421316,3
6457,US-Srr,2016-07-29,US-Srr,Wetland/Riparian,38.200556,-122.026358,5.6,9.5,5.797742658311843,24.03803700000001,1.5834590562499995,4.333730666666667,-0.4711595076738639,-0.8820480249558535,-0.36232615531654505,0.3095728383429185,1.0555124404090548,-0.3623261553165451,0,-0.5953084005190344,-0.011048326735178669,-0.4806217386954221,-0.3084818792433163,3
6458,US-Srr,2016-08-06,US-Srr,Wetland/Riparian,38.200556,-122.026358,5.3,6.1,3.642001477856281,18.160675166666675,0.6262350479166666,4.3760782916666665,-0.5877852522924734,-0.8090169943749472,0.23445346270174816,0.16922486679846263,0.8650089151902103,-0.23445346270174827,0,0.16298873842913514,0.4276870960438356,0.1126845536322737,-0.06803810594986706,3
6459,US-Srr,2016-08-14,US-Srr,Wetland/Riparian,38.200556,-122.026358,5.0,8.2,4.72428521234392,22.23202841666666,1.3470312416666674,4.379404291666668,-0.6932812268869771,-0.7206671495538615,-0.10297892206656263,0.16736820438742803,1.099557916229145,0.10297892206656262,0,-0.1826991652224681,0.08934636918382496,-0.2155839701610448,-0.0023315272794956435,3
6460,US-Srr,2016-08-22,US-Srr,Wetland/Riparian,38.200556,-122.026358,4.5,6.2000003,3.345046828188045,18.711958125,0.6644357666666666,5.111510687499999,-0.7856498550787144,-0.6186714032625032,0.22210495632748875,0.07450141417702943,0.8678943409244159,-0.22210495632748883,0,0.3081312072049756,0.17936355565767875,0.1788201061198119,-0.0212031526367829,3
6461,US-Srr,2016-08-30,US-Srr,Wetland/Riparian,38.200556,-122.026358,4.4,6.9,4.235838772111738,22.327420375,1.197025116666667,4.086318583333333,-0.8631421280499115,-0.5049610547215202,0.10912779185876605,0.059386511640347486,0.8470600711406556,-0.10912779185876603,0,0.06931544875778192,0.08068118926530368,0.17738673755321255,-0.06340599719575872,3
6462,US-Srr,2016-09-07,US-Srr,Wetland/Riparian,38.200556,-122.026358,3.8,6.5,4.060794629543252,25.018625625,1.94310656875,1.6496003333333336,-0.9242907221930934,-0.3816892202666586,-0.6605199742728199,0.09923033382870337,0.5719704494302646,-0.6605199742728199,0,-0.6608901821214346,-0.5611050544594991,-0.7595646862375263,-0.25816049542587566,3
6463,US-Srr,2016-09-15,US-Srr,Wetland/Riparian,38.200556,-122.026358,3.7,5.5,3.066862785266182,19.654599354166667,1.0160149833333334,3.0506272083333337,-0.9679377830240642,-0.2511900638848195,-0.20155295344915605,0.2066556613472306,0.6466859199923818,0.20155295344915602,0,-0.13385515155991343,-0.03723697839052372,-0.43356673039703103,-0.10555654803309356,3
6464,US-Srr,2016-09-23,US-Srr,Wetland/Riparian,38.200556,-122.026358,3.1,5.0,3.3087732823546276,19.2555489375,1.1822197354166668,1.850084125,-0.9932568492674144,-0.1159345995955006,-0.6227705575547289,0.18477982842555976,0.5205055266732158,-0.6227705575547289,0,-0.5297420076025338,-0.5029933665341516,-0.8355762985275013,-0.1988305294587168,3
6465,US-Srr,2016-10-01,US-Srr,Wetland/Riparian,38.200556,-122.026358,2.9,4.5,2.767549877483604,16.941847187500006,0.8959031645833333,3.0250968958333324,-0.9997685019798908,0.0215160974362222,-0.3351527454568039,0.07612019412090891,0.6498605986979162,-0.07025250042401171,0,-0.39766727703247945,-0.25038628457681156,-0.3574046747611205,-0.061370691021821556,3
6466,US-Srr,2016-10-09,US-Srr,Wetland/Riparian,38.200556,-122.026358,2.6,4.8,2.920641293636295,20.31535916666667,1.5041453416666668,1.5461813124999997,-0.9873494423939864,0.1585593851031347,-0.5803080093043641,0.2228749345437639,0.7015982878625597,-0.5803080093043641,0,-0.5008508891668249,-0.40805034106461,-0.8320227976816574,-0.13727278055845385,3
6467,US-Srr,2016-10-17,US-Srr,Wetland/Riparian,38.200556,-122.026358,1.6,2.2,2.8878007596424005,16.921044541666664,0.5044100395833332,2.1401677083333333,-0.9562348265919058,0.2926003356333479,-0.1717803936113477,0.07904599472305794,0.4860592517692039,-0.17178039361134778,0,-0.10187033602839185,-0.15591508033079163,-0.25755576447485967,-0.061370691021821556,3
6468,US-Srr,2016-11-02,US-Srr,Wetland/Riparian,38.200556,-122.026358,1.0,1.8000001,2.384010646192705,13.786348812499996,0.4255922895833333,1.1896030624999998,-0.8406184056344783,0.5416278206559811,-0.0576017971396584,0.02566568162864489,0.4247972666932148,-0.057601797139658295,0,-0.0641159746675439,-0.07938270613540788,-0.029306710616023406,-0.0390889313076186,3
6469,US-Srr,2016-11-18,US-Srr,Wetland/Riparian,38.200556,-122.026358,1.3,2.0,2.3240242235128004,10.012643479166668,0.4287523458333334,1.7809671041666668,-0.661634618242279,0.749826401204568,-0.038783042885841994,0.07147139892873566,0.5160510255411367,-0.038783042885842,0,-0.12130313167929063,0.0014834855464952793,0.0034705174752693857,-0.046824531196186535,3
6470,US-Srr,2017-02-14,US-Srr,Wetland/Riparian,38.200556,-122.026358,1.5,1.4,2.4223060716913056,12.637506083333331,0.4005979791666667,1.5839638333333337,0.6994583270516471,0.7146733860429609,-0.3535465763299885,0.16461141161369988,0.726561443493698,-0.35354657632998854,0,-0.3914555241825076,-0.4958964749048833,-0.17328772990257454,-0.07394630617357453,3
6471,US-Srr,2017-03-02,US-Srr,Wetland/Riparian,38.200556,-122.026358,2.0,2.5,2.698889681681461,11.746691208333337,0.4829139937500002,1.2140975937499998,0.8674563547295968,0.4975132889071806,-0.27643536810153724,0.09594492424146692,0.38916656961196017,-0.27643536810153724,0,-0.2781269050615626,-0.3715233398526626,-0.1796558593903865,-0.061370691021821556,3
6472,US-Srr,2017-04-03,US-Srr,Wetland/Riparian,38.200556,-122.026358,3.9,5.2000003,3.8059484479059673,16.59700633333334,1.1050396729166667,2.2389876250000005,0.9995462806873572,-0.0301203048469081,-1.0596903359807415,0.2349751755654966,0.6325721544205922,-0.8715872317926763,0,-1.27569920412272,-1.0938775324477412,-0.8094942713717632,-0.25126124618366313,3
6473,US-Srr,2017-04-19,US-Srr,Wetland/Riparian,38.200556,-122.026358,4.2,4.2000003,3.8882415705492814,15.545280500000002,0.5030463458333334,2.451340750000001,0.9536809966304456,-0.3008198076356673,-1.614742299571037,0.22580860689412507,0.6984879529797363,-0.9912254406695995,0,-1.6415297639032194,-1.8259623487351542,-1.3767347860747379,-0.4741405992388797,3
6474,US-Srr,2017-04-27,US-Srr,Wetland/Riparian,38.200556,-122.026358,5.1,4.9,4.805896673382512,16.531332541666668,0.70227953125,3.4911798750000003,0.9033558023246844,-0.4288919379124835,-1.3630079369391597,0.3577080103426765,0.7430779876004276,-0.7748012837041847,0,-1.5976567600059146,-1.540064177009036,-0.9513028738025281,-0.2726182703513845,3
6475,US-Srr,2017-05-05,US-Srr,Wetland/Riparian,38.200556,-122.026358,5.4,5.3,4.445367855361232,16.072585625,0.5192790145833331,4.846609854166667,0.835925479418637,-0.548842958284719,-0.27811810824450384,0.24160579242151473,0.7192750476045351,0.2781181082445039,0,-0.4561891721064203,-0.3750701594822668,-0.0030949931448243234,-0.12523929182060126,3
6476,US-Srr,2017-05-13,US-Srr,Wetland/Riparian,38.200556,-122.026358,5.3,5.3,4.601784444355956,13.627603645833332,0.6937887187500001,3.2272957499999992,0.7526668275320084,-0.6584015846980488,-1.790484702596827,0.2215665597862226,0.8790536153547869,-0.39405359130873907,0,-1.8898162988819702,-1.9450042758697552,-1.536633533038755,-0.9983469210667701,3
6477,US-Srr,2017-05-21,US-Srr,Wetland/Riparian,38.200556,-122.026358,5.4,6.7000003,5.824408684512871,24.19191497916667,1.7791012375000006,2.079018083333333,0.6551563572090853,-0.7554933140726803,-0.5041461605164602,0.14680054034170303,0.8982666473550944,-0.5041461605164602,0,-0.621094875244512,-0.3394049351398286,-0.5519386711650399,-0.09181404365693029,3
6478,US-Srr,2017-06-06,US-Srr,Wetland/Riparian,38.200556,-122.026358,6.1,7.1,5.42807252920153,19.117633687500003,0.8533733916666667,4.3222969791666666,0.4250003399695541,-0.9051931898913974,-0.3129331335667551,0.17970766628917742,0.7597369328965637,0.3129331335667551,0,-0.36945944274109044,-0.4575815968699072,-0.11175836108926768,-0.4910773020899472,3
6479,US-Srr,2017-06-14,US-Srr,Wetland/Riparian,38.200556,-122.026358,5.9,7.5,6.320382894734894,21.89786475,1.2882904645833333,2.7865287708333337,0.2967128192734907,-0.9549667548552552,-0.08812689417426689,0.059262183857664186,0.8397637782661851,-0.08812689417426689,0,-0.03714317155135132,-0.07409026631384007,-0.1531472446576093,-0.3046054332276559,3
6480,US-Srr,2017-06-22,US-Srr,Wetland/Riparian,38.200556,-122.026358,6.8,8.7,8.132226235411556,28.303817645833337,1.9907465833333344,2.7656889375000007,0.1628070129385171,-0.986657932891657,-0.19328147525655884,0.08219834416739186,0.6686640917457842,-0.1932814752565588,0,-0.09904385425598197,-0.2501993099416693,-0.23060126157202535,-0.8201305775236976,3
6481,US-Srr,2017-06-30,US-Srr,Wetland/Riparian,38.200556,-122.026358,6.6,7.2000003,5.8186853642942085,19.427568541666673,0.7965928749999999,4.674919458333334,0.025818440227133,-0.9996666485105112,0.05046723989902633,0.12594521727063726,0.6307128910570393,-0.05046723989902635,0,-0.09260126678489396,0.09940172444188558,0.14460126204008736,-0.7235349700982825,3
6482,US-Srr,2017-07-08,US-Srr,Wetland/Riparian,38.200556,-122.026358,6.7,10.0,8.636373482059973,26.70223566666667,2.2835238541666665,3.0437806666666667,-0.1116590071216944,-0.993746580436178,-0.15320837152791006,0.1272341765513634,0.892516356268148,-0.15320837152791,0,-0.2998897227819661,-0.07265856430153583,-0.08707682750022827,-0.8059955039682135,3
6483,US-Srr,2017-07-16,US-Srr,Wetland/Riparian,38.200556,-122.026358,6.5,9.5,8.485806279459172,28.668150937500005,2.602132410416667,2.729589166666667,-0.2470221804809352,-0.9690098257244064,-0.5419133960400631,0.24791297442616608,0.9850055231405797,-0.5419133960400631,0,-0.576204657308331,-0.7708956283944628,-0.2786399024173954,-0.7744735888385248,3
6484,US-Srr,2017-07-24,US-Srr,Wetland/Riparian,38.200556,-122.026358,6.2,6.8,5.873698980665054,19.055376104166672,0.6605174895833333,5.130726645833334,-0.3777079652039646,-0.92592477719385,0.32674937068106735,0.1847655962536122,0.6373163702084257,-0.32674937068106735,0,0.11340663589986122,0.43482917550719324,0.43201230063614765,-0.4910773020899472,3
6485,US-Srr,2017-08-01,US-Srr,Wetland/Riparian,38.200556,-122.026358,5.3,8.8,7.010269098870016,24.631609062499994,1.5773522875000003,3.422010562500001,-0.5012418134457756,-0.8653072543632061,-0.049785480880998684,0.1319291494289762,1.035199044911121,-0.04978548088099877,0,-0.1558664717896546,-0.09143087664036413,0.09794090578702266,-0.007860953273998474,3
6486,US-Srr,2017-08-09,US-Srr,Wetland/Riparian,38.200556,-122.026358,5.8,6.2000003,4.967255099380263,20.043828875,0.5900808916666666,4.5548985625,-0.6152845999633277,-0.7883050558305253,0.3386634042956591,0.0896248430289802,0.7149166544483897,-0.3386634042956591,0,0.2487834828715896,0.4280309722083035,0.3391757578070842,-0.3052504269206017,3
6487,US-Srr,2017-08-17,US-Srr,Wetland/Riparian,38.200556,-122.026358,5.1,6.6,5.4479258097780265,21.367464104166668,0.8456222416666668,4.691345750000001,-0.7176769136759615,-0.6963762255968726,0.21916722394625243,0.014814378704094334,0.7737559972922331,0.21916722394625243,0,0.23623515420840932,0.21162327589226687,0.2096432417380811,-0.05070879152592013,3
6488,US-Srr,2017-08-25,US-Srr,Wetland/Riparian,38.200556,-122.026358,4.9,6.9,5.048202406918179,22.14421502083333,1.1930258083333332,2.858374229166666,-0.8064799463209447,-0.5912614448635782,0.031238104317593468,0.15599772321520464,0.6432375981262229,0.031238104317593468,0,-0.12866083834967845,0.039357667195601,0.18301748410685786,-0.09574649929634024,3
6489,US-Srr,2017-09-02,US-Srr,Wetland/Riparian,38.200556,-122.026358,4.6,7.5,6.021814993300249,31.31297554166667,3.1832487104166667,1.1488653125,-0.8800122039735356,-0.4749510720670502,-1.4242502926130518,0.22668433619900552,1.4909304513800734,-1.4242502926130518,0,-1.3137203107541182,-1.2740326063877725,-1.6849979606972647,1.7695680799284528,3
6490,US-Srr,2017-09-10,US-Srr,Wetland/Riparian,38.200556,-122.026358,3.9,6.1,5.116733154632208,27.34578645833335,1.9802425729166675,1.4539446041666668,-0.9368813462954316,-0.3496474552512282,-0.8231308188301316,0.2212116388072098,0.5611181532894743,-0.8231308188301316,0,-0.7391962827696006,-0.6561702658647263,-1.0740259078560677,-0.2896446398397961,3
6491,US-Srr,2017-09-18,US-Srr,Wetland/Riparian,38.200556,-122.026358,3.3,5.6,4.3831295057484105,20.26504025,0.6918458354166668,4.064173125000001,-0.9760105506323682,-0.2177232303965322,0.12027280029248906,0.06594965594079352,0.6632791456532695,0.1202728002924891,0,0.060746666565216746,0.10890392492966072,0.1911678093825897,-0.06405099088870454,3
6492,US-Srr,2017-09-26,US-Srr,Wetland/Riparian,38.200556,-122.026358,3.4,6.1,3.946974649823749,24.129792125000005,2.1020312708333333,2.1542823125,-0.99665890175417,-0.0816763953304228,-0.7689086409160222,0.3471348341748933,0.6579105437118634,-0.7689086409160222,0,-0.729773422238494,-0.4429998847940976,-1.1339526157154747,-0.2896446398397961,3
6582,US-Tw3,2016-01-27,US-Bi1,Croplands,38.1159,-121.6467,0.5,1.3000001,1.0314572477148334,15.754571645833336,0.296507725,1.0954458125000002,0.4482293417404106,0.893918596519257,0.023174743890962118,0.046276067852902454,0.30344960468591975,0.02317474389096208,1,-0.02009703804543239,0.017660328747380938,0.0719609409709378,-0.0390889313076186,3
6583,US-Tw3,2016-02-04,US-Bi1,Croplands,38.1159,-121.6467,0.6,2.0,1.1130568691799336,14.64144360416667,0.2522916458333333,2.6363960833333326,0.5667017562911176,0.8239230057575542,0.10579056190669733,0.2158392075057678,0.7349775928950875,0.10579056190669733,1,0.2759337798385398,0.17843714320609094,-0.13699923732453875,-0.08059448845200758,3
6584,US-Tw3,2016-03-15,US-Bi1,Croplands,38.1159,-121.6467,1.6,2.9,2.866506855616388,17.6587341875,0.5572873020833334,2.5196292916666665,0.9611297838723007,0.2760969730974688,0.22883327689767943,0.10350362912777987,0.817571839061116,0.22883327689767952,1,0.20124454775385142,0.3433358723188759,0.14191941062031094,-0.061370691021821556,3
6585,US-Tw3,2016-03-23,US-Bi1,Croplands,38.1159,-121.6467,2.6,3.4,2.98498382821286,16.620422729166666,0.5922812125,2.5750696666666664,0.989932495087353,0.141540295217043,-0.2513476585766023,0.09189894606886038,0.6540529012392031,-0.25134765857660235,1,-0.15053191906620333,-0.3304357704645985,-0.27307528619900495,-0.061370691021821556,3
6586,US-Tw3,2016-03-31,US-Bi1,Croplands,38.1159,-121.6467,2.9,4.0,3.608569399911788,16.87237914583333,0.5807064166666667,4.640451854166665,0.99999073973619,0.0043035382962442,-0.5115146858272678,0.10017861266353986,1.0280363968743675,-0.5115146858272679,1,-0.4059819130447568,-0.60530399065222,-0.5232581537848264,-0.04658462561698333,3
6587,US-Tw3,2016-04-16,US-Bi1,Croplands,38.1159,-121.6467,4.0,5.0,3.8575520572358015,19.7133294375,1.2464595895833332,2.216347895833333,0.9634705485641488,-0.2678143051621742,-0.5431950389384469,0.01756284719586624,0.614146909896702,-0.25829915341004994,1,-0.5612313836028442,-0.5261474640764428,-0.5422062691360536,-0.08943246386890506,3
6588,US-Tw3,2016-04-24,US-Bi1,Croplands,38.1159,-121.6467,2.2,4.7000003,3.1165035565797443,17.4524538125,0.6702965895833334,5.393008979166668,0.9175836260593936,-0.3975428142825559,0.18456913968651856,0.1169970045139907,1.0460476818509863,0.18456913968651856,1,0.20348882919477723,0.05926529173442446,0.29095329813035403,-0.018522852769899893,3
6589,US-Tw3,2016-05-02,US-Bi1,Croplands,38.1159,-121.6467,3.3,5.5,4.8254849136481175,19.442150208333327,0.90338813125,2.546970229166668,0.854322169749827,-0.5197438121555155,0.14105385441970353,0.11083537982274433,0.6550792787818643,0.14105385441970353,1,0.2681828864537898,0.0902619000489866,0.0647167767563342,-0.06405099088870454,3
6590,US-Tw3,2016-05-10,US-Bi1,Croplands,38.1159,-121.6467,4.6,5.7000003,5.771713874829465,20.995440770833333,0.8467032749999999,3.525636333333334,0.7748840413670407,-0.6321034111873487,-0.9071074451127444,0.15428633918091955,0.5943294384534586,-0.9071074451127443,1,-0.7298925549865304,-1.0115400756728736,-0.9798897046788293,-0.28295554501694287,3
6591,US-Tw3,2016-05-18,US-Bi1,Croplands,38.1159,-121.6467,5.7,8.400001,7.572960114069737,25.800564500000004,1.95653121875,2.9336828124999994,0.6807734094770161,-0.7324940716135789,-1.5167546557561582,0.29159254899803844,1.17688882431978,-1.5167546557561584,1,-1.8104346850763933,-1.512533871619217,-1.2272954105728646,-0.7284936981962724,3
6592,US-Tw3,2016-05-26,US-Bi1,Croplands,38.1159,-121.6467,5.3,6.4,5.622845953090309,20.092816416666672,0.8807254541666668,2.672284812499999,0.5737722679043246,-0.8190148866680801,-1.4681805215915802,0.15060011118295621,0.6928840337071362,-1.4681805215915802,1,-1.633631952024791,-1.3390892845508644,-1.431820328199085,-0.3680816828401325,3
6593,US-Tw3,2016-06-11,US-Bi1,Croplands,38.1159,-121.6467,3.2,7.3,3.651729992529431,23.08374229166667,1.7319006458333328,3.9835789375,0.3294084822245304,-0.9441875088341992,-0.27067957865124137,0.10292196237773835,1.1858375019430405,-0.27067957865124137,1,-0.3444460427492283,-0.31449214525710284,-0.15310054794739295,0.006874314904860279,3
6594,US-Tw3,2016-06-19,US-Bi1,Croplands,38.1159,-121.6467,3.2,7.4,5.0602334435310095,23.75266991666666,1.8104823145833335,2.2814771041666666,0.1966728897935764,-0.980469160361632,-0.8288074239094824,0.2787871739817583,0.7984358916147736,-0.8288074239094825,1,-1.0852103878523423,-0.5320371772225141,-0.8691747066535906,-0.3721826814864586,3
6595,US-Tw3,2016-06-27,US-Bi1,Croplands,38.1159,-121.6467,5.5,8.900001,7.310006797589947,28.3339245625,2.5182757208333326,3.528553624999999,0.060213277365793,-0.9981855344718586,-1.7197804403464598,0.10038212355553029,1.1293260740883748,-1.7197804403464598,1,-1.8178647336931713,-1.7242282392565964,-1.617248348089612,-1.1102341350156326,3
6596,US-Tw3,2016-07-05,US-Bi1,Croplands,38.1159,-121.6467,4.5,7.0,2.5122719162739444,20.44094789583333,0.9478313270833336,5.526493374999999,-0.0773864792334632,-0.9970011699250152,-0.2503614846293692,0.0818028536402342,0.9307782994531226,0.25036148462936914,1,-0.1883655044612797,-0.343077224963516,-0.21964172446331204,-0.02577688606703054,3
6597,US-Tw3,2016-07-13,US-Bi1,Croplands,38.1159,-121.6467,2.5,8.900001,3.4622975034722328,26.52913089583333,2.186758106250001,2.4023421458333325,-0.2135209154397959,-0.9769384927771816,-0.9518588353013634,0.17890445069035718,0.9164012015889238,-0.9518588353013633,1,-1.1537714519881626,-0.8887214890515456,-0.8130835648643824,-0.3690777579472336,3
6598,US-Tw3,2016-07-21,US-Bi1,Croplands,38.1159,-121.6467,4.0,7.6,3.5833540136762467,21.826695666666662,1.3313827666666669,4.531357520833334,-0.3456123126707333,-0.9383773917408642,-0.47432539688047354,0.09103383080733472,0.993022681114223,0.358966575767033,1,-0.5394335942695146,-0.5132405246125814,-0.3703020717593245,-0.05383865891411397,3
6599,US-Tw3,2016-07-29,US-Bi1,Croplands,38.1159,-121.6467,5.7,9.8,6.3113256466468535,26.85752947916666,2.176181779166668,2.7603100625000003,-0.4711595076738639,-0.8820480249558535,-2.0667824196036877,0.20732799825445886,1.0257614223854918,-2.0667824196036877,1,-2.0833693876529993,-1.851659166859925,-2.2653187042981386,-2.151742620469834,3
6600,US-Tw3,2016-08-06,US-Bi1,Croplands,38.1159,-121.6467,2.2,6.6,1.9636208305984904,20.7744010625,1.028891177083333,3.4009853125,-0.5877852522924734,-0.8090169943749472,0.36091195464593384,0.24918036533086585,0.8464225060196068,-0.36091195464593384,1,0.20924876901809186,0.22499000425376153,0.6484970906659482,-0.10491155434014775,3
6601,US-Tw3,2016-08-14,US-Bi1,Croplands,38.1159,-121.6467,2.4,8.1,2.285361373825845,25.47794510416667,2.1122213041666664,3.1835718750000006,-0.6932812268869771,-0.7206671495538615,-0.3081710717738947,0.2770659662693432,0.8979672082906827,-0.07889381942558471,1,-0.5095151024996047,-0.4228150698264568,0.007816957004377456,-0.06728244321141956,3
6602,US-Tw3,2016-08-22,US-Bi1,Croplands,38.1159,-121.6467,3.1,6.3,2.715921816211685,21.193281104166672,0.97456591875,5.330633625,-0.7856498550787144,-0.6186714032625032,-0.2182786274809708,0.06873626853276933,1.0902132933839828,0.2182786274809708,1,-0.1646346453573073,-0.29576043494837223,-0.19444080213723283,0.006874314904860279,3
6603,US-Tw3,2016-08-30,US-Bi1,Croplands,38.1159,-121.6467,5.5,7.0,5.035455020480788,23.917002395833325,1.4531757770833331,4.509801562500001,-0.8631421280499115,-0.5049610547215202,-2.0207165659513993,0.09937921856342348,1.1524317489060667,-1.091626606912976,1,-1.979391247237977,-1.9486678850783292,-2.1340905655378917,-2.0889947708332,3
6604,US-Tw3,2016-09-07,US-Bi1,Croplands,38.1159,-121.6467,3.9,6.8,4.127497019332417,24.40166218749999,1.7156696749999998,1.7575643124999991,-0.9242907221930934,-0.3816892202666586,-1.117139244119899,0.16947120767613388,0.667928876871216,-1.117139244119899,1,-0.992307290960031,-1.0490438118731458,-1.3100666295265202,-0.34672465867241126,3
6605,US-Tw3,2016-09-15,US-Bi1,Croplands,38.1159,-121.6467,3.7,5.6,4.171008315869998,21.539189708333332,1.2760518208333334,2.6987739791666665,-0.9679377830240642,-0.2511900638848195,-0.8832034598637147,0.10265008877540979,0.741590942075832,-0.8832034598637146,1,-0.9825264026552176,-0.8895621232591828,-0.7775218536767439,-0.249499010494395,3
6606,US-Tw3,2016-09-23,US-Bi1,Croplands,38.1159,-121.6467,2.0,5.5,1.9514723633411597,20.267220875000007,1.3219308958333336,3.4259445625,-0.9932568492674144,-0.1159345995955006,-0.03285481745706553,0.212206704650104,0.7463705192625814,0.03285481745706553,1,-0.0742449585906115,-0.22131717004607093,0.1969976762654858,-0.10555654803309356,3
6607,US-Tw3,2016-10-01,US-Bi1,Croplands,38.1159,-121.6467,1.4,4.8,2.2716070031864337,18.107551333333326,0.9840054812500002,3.7377268541666666,-0.9997685019798908,0.0215160974362222,0.2573957726315648,0.16842449839615714,0.8634161606951398,0.25739577263156477,1,0.42936247964581137,0.0927523884925866,0.25007244975629644,-0.06872757905038107,3
6608,US-Tw3,2016-10-09,US-Bi1,Croplands,38.1159,-121.6467,2.0,4.7000003,2.4071247433829948,20.4875266875,1.4177158666666667,1.5057063333333331,-0.9873494423939864,0.1585593851031347,-0.5865238955813032,0.16834299169466752,0.6903664162836696,-0.5865238955813032,1,-0.7782027099134152,-0.46268829305073933,-0.5186806837797551,-0.12288899839145292,3
6609,US-Tw3,2016-11-02,US-Bi1,Croplands,38.1159,-121.6467,1.5,1.8000001,1.93428258562666,18.469922479166673,0.4094056250000001,1.4524634583333331,-0.8406184056344783,0.5416278206559811,-0.03721529976866595,0.024204964103400665,0.648149920606697,-0.037215299768665944,1,-0.06306568859096148,-0.03349327522170187,-0.015086935493334508,-0.046824531196186535,3
6610,US-Tw3,2016-11-18,US-Bi1,Croplands,38.1159,-121.6467,1.5,2.0,1.374291292294049,13.850326729166666,0.3900729354166667,1.4944074374999998,-0.661634618242279,0.749826401204568,0.12212811670707846,0.11622959550554796,0.4885616899277331,-0.12212811670707846,1,0.21225731404941417,-0.009057702991215,0.1631847390630362,-0.046824531196186535,3
6611,US-Tw3,2016-12-04,US-Bi1,Croplands,38.1159,-121.6467,0.7,1.1,0.7157335821431965,13.760891125,0.2754798791666666,0.9971826666666668,-0.4327755925504317,0.9015016841318838,0.17178883521804042,0.12166187839263906,0.3501910964153159,-0.14032167093164735,1,0.27868734429204983,0.03940198366706055,0.19727717769501085,-0.0390889313076186,3
6612,US-Tw3,2016-12-20,US-Bi1,Croplands,38.1159,-121.6467,0.3,1.3000001,0.7985287596032287,12.057642895833334,0.2938067729166666,1.0629075,-0.1712931441814778,0.9852201067560606,0.15465094638124735,0.05554653378314796,0.2640096879636852,0.15465094638124738,1,0.21751035294238713,0.13426382750870447,0.11217865869265048,-0.0390889313076186,3
6613,US-Tw3,2017-03-02,US-Bi1,Croplands,38.1159,-121.6467,1.4,2.4,2.013108487166337,14.863365104166665,0.3991721166666666,1.14118125,0.8674563547295968,0.4975132889071806,0.20734503371924143,0.15022544988311343,0.37427392779298685,0.2073450337192414,1,0.22730275571510689,0.3465940280035436,0.048138317439073874,-0.07394630617357453,3
6614,US-Tw3,2017-04-03,US-Bi1,Croplands,38.1159,-121.6467,3.9,4.9,5.215215239664651,17.507089020833334,0.9737737583333334,4.022259770833332,0.9995462806873572,-0.0301203048469081,-1.3315579845954335,0.2816161255967362,0.8851749543820716,-1.3315579845954333,1,-1.009490587169049,-1.453706135448743,-1.531477231168508,-0.2476863648924948,3
6615,US-Tw3,2017-04-19,US-Bi1,Croplands,38.1159,-121.6467,3.1,3.9,4.534168346097377,18.591247958333337,0.4973074416666666,2.1982678125,0.9536809966304456,-0.3008198076356673,-0.1570958174725777,0.10377274905251739,0.6906019293472493,-0.15709581747257761,1,-0.16936296589438554,-0.25418976501878443,-0.04773472150456315,-0.061370691021821556,3
6616,US-Tw3,2017-04-27,US-Bi1,Croplands,38.1159,-121.6467,4.7,4.7000003,6.692257954698216,19.000932541666675,0.6289450312499999,4.485746479166666,0.9033558023246844,-0.4288919379124835,-1.2740603347711656,0.3625672536832871,0.9367717827686265,-1.2740603347711659,1,-0.9802224072885837,-1.6792416994209063,-1.1627168976040072,-0.2476863648924948,3
6617,US-Tw3,2017-05-05,US-Bi1,Croplands,38.1159,-121.6467,5.5,4.6,5.869256720959369,18.651461854166666,0.6415124354166668,5.9652161875,0.835925479418637,-0.548842958284719,-1.4989952346204907,0.7005260918589776,1.4421054754504707,-1.4989952346204907,1,-1.0670934350924908,-2.3072572283617765,-1.1226350404072045,-21.450245383769825,3
6618,US-Tw3,2017-05-13,US-Bi1,Croplands,38.1159,-121.6467,5.5,5.3,5.763756376914466,15.897923395833336,0.7076145249999998,3.630745583333333,0.7526668275320084,-0.6584015846980488,-2.127079555079717,0.1411267341993813,0.8310748772492456,-2.127079555079717,1,-2.201508041392686,-2.2154123366775167,-1.9643182871689477,-1.8960003977361326,3
6619,US-Tw3,2017-05-21,US-Bi1,Croplands,38.1159,-121.6467,6.6,6.5,6.593835298295541,23.87973510416667,1.5119508833333335,1.8306163541666665,0.6551563572090853,-0.7554933140726803,-1.837362434123534,0.18388770369664842,0.690394283225833,-1.8250330307146159,1,-1.872563042726695,-1.638418876745635,-2.0011053828982717,-0.17385342350894673,3
6620,US-Tw3,2017-05-29,US-Bi1,Croplands,38.1159,-121.6467,3.0,5.3,1.4337559271693898,20.054573791666662,0.7176280812500001,5.6076829791666665,0.545240438540651,-0.8382797052177743,0.44685298791205047,0.21361418225309226,1.0595894850804513,-0.44685298791205064,1,0.5274343321813517,0.20466876938110817,0.6084558621736915,-0.06002840991428889,3
6621,US-Tw3,2017-06-06,US-Bi1,Croplands,38.1159,-121.6467,3.9,7.2000003,4.018049509592332,21.84818289583333,1.2756643354166664,3.508573333333333,0.4250003399695541,-0.9051931898913974,-0.2367286529336957,0.13826295731850746,0.8488969721491996,-0.23672865293369572,1,-0.19351075936877576,-0.3914383345875975,-0.1252368648447138,-0.06340599719575872,3
6622,US-Tw3,2017-06-14,US-Bi1,Croplands,38.1159,-121.6467,4.7,7.7000003,5.943426566439711,23.55869850000001,1.5335953083333334,3.3708268958333343,0.2967128192734907,-0.9549667548552552,-0.7743350973069557,0.22795164612475888,0.9634423298905828,-0.7743350973069556,1,-0.8101510725705765,-0.9822586063887881,-0.5305956129615025,-0.3293348432345369,3
6623,US-Tw3,2017-06-22,US-Bi1,Croplands,38.1159,-121.6467,4.0,9.0,4.177934935939546,30.58156277083333,2.8323838395833327,4.365496458333333,0.1628070129385171,-0.986657932891657,-1.4532741948345784,0.30876492116740156,1.3419471815154382,-1.4532741948345784,1,-1.6652448009249254,-1.0990206433991205,-1.595557140179689,-0.40571601809747554,3
6624,US-Tw3,2017-06-30,US-Bi1,Croplands,38.1159,-121.6467,3.7,7.5,2.81759258648927,23.35192422916667,1.2276256020833334,5.1598036458333345,0.025818440227133,-0.9996666485105112,-0.10947989079049482,0.09910922334452675,1.0488886892649325,0.1094798907904948,1,0.0028316018408288124,-0.18466809935223472,-0.14660317486007857,-0.02577688606703054,3
6625,US-Tw3,2017-07-08,US-Bi1,Croplands,38.1159,-121.6467,4.2,10.1,5.656469557169183,28.63340154166667,2.9156626875,3.8879569791666655,-0.1116590071216944,-0.993746580436178,-1.8730058653309254,0.3363370383187941,1.3681198935128493,-1.8730058653309252,1,-2.109941970926866,-1.4880447267993289,-2.0210308982665817,-1.5812465339112507,3
6626,US-Tw3,2017-07-16,US-Bi1,Croplands,38.1159,-121.6467,4.3,9.900001,5.906028309931204,29.8613694375,2.934399339583332,3.572229708333332,-0.2470221804809352,-0.9690098257244064,-1.7700962899549204,0.3284633009738613,1.3104813103784294,-1.7700962899549202,1,-1.9604249175093817,-1.3908203779692188,-1.9590435743861612,-1.1192306779354722,3
6627,US-Tw3,2017-07-24,US-Bi1,Croplands,38.1159,-121.6467,2.6,6.9,1.3933546474026948,22.492165291666662,1.00962745625,4.8548049791666665,-0.3777079652039646,-0.92592477719385,0.40531587173739264,0.16672480282391466,1.140861490183388,-0.4053158717373926,1,0.35119799158404136,0.2723729331924288,0.5923766904357077,-0.020247460072527756,3
6628,US-Tw3,2017-08-01,US-Bi1,Croplands,38.1159,-121.6467,3.1,8.7,3.326221052782659,27.747192604166656,2.1915767354166658,3.912039708333333,-0.5012418134457756,-0.8653072543632061,-0.5513210745175826,0.11493561040687324,1.1671859031345615,-0.5513210745175826,1,-0.6633696878259386,-0.5568924311146142,-0.4337011046121949,-0.042318055211955745,3
6629,US-Tw3,2017-08-09,US-Bi1,Croplands,38.1159,-121.6467,3.5,6.4,2.79594548738119,23.13475808333333,0.8250028833333335,4.421643729166667,-0.6152845999633277,-0.7883050558305253,0.2900992104333337,0.07242125326618118,0.9885894956617733,-0.29009921043333375,1,0.2709431131436811,0.22918172108378493,0.3701727970725351,-0.02577688606703054,3
6630,US-Tw3,2017-08-17,US-Bi1,Croplands,38.1159,-121.6467,4.1,6.5,2.4712604597102628,24.42879275,1.13464771875,4.881883208333335,-0.7176769136759615,-0.6963762255968726,-0.46073065596972995,0.09345501223838233,0.9407669090723786,0.46073065596972995,1,-0.3831997543697929,-0.4344918085633349,-0.5645004049760621,-0.037169785299653306,3
6631,US-Tw3,2017-08-25,US-Bi1,Croplands,38.1159,-121.6467,1.8,7.1,1.8471021308404965,24.574192,1.4337230020833331,2.1020870000000005,-0.8064799463209447,-0.5912614448635782,-0.41759352049288817,0.21278512891262788,0.652777924051472,-0.41759352049288817,1,-0.6603798301634557,-0.2635106583512653,-0.32889007296394335,-0.11013028146334121,3
6632,US-Tw3,2017-09-02,US-Bi1,Croplands,38.1159,-121.6467,2.7,7.3,2.6034900523248963,29.67291931250001,2.063408725,1.2185626354166668,-0.8800122039735356,-0.4749510720670502,-1.3852519738183409,0.30220224869625484,0.8103271993684057,-1.192232078468133,1,-1.341186942291165,-1.10750139488769,-1.7070675842761671,-0.41915032579135947,3
6633,US-Tw3,2017-09-10,US-Bi1,Croplands,38.1159,-121.6467,2.1,6.2000003,2.668477978911368,27.5260751875,1.656074970833333,1.4400499791666668,-0.9368813462954316,-0.3496474552512282,-0.6345826369266719,0.1446551845721206,0.6332327170537384,-0.6345826369266718,1,-0.6700426212384185,-0.4754947141193764,-0.7582105754222208,-0.2755338626292135,3
6634,US-Tw3,2017-09-26,US-Bi1,Croplands,38.1159,-121.6467,1.3,5.8,1.6370554821721697,23.3603125625,1.813853825,2.11681025,-0.99665890175417,-0.0816763953304228,-0.025313887528070938,0.11583333961221735,0.5652509161667677,-0.025313887528070955,1,-0.15790396409270407,0.05622143497593329,0.02574086653255797,-0.049504831063069535,3
6635,US-Tw3,2017-10-04,US-Bi1,Croplands,38.1159,-121.6467,1.4,4.1,1.5399365614452136,18.430187708333328,1.03004000625,1.7256627499999997,-0.9984354211555644,0.055916990100603,-0.3607977118730945,0.02233018012565563,0.5520853662368672,-0.3607977118730945,1,-0.33771528912386695,-0.38229072029465827,-0.3623871262007582,-0.046824531196186535,3
6636,US-Tw3,2017-10-12,US-Bi1,Croplands,38.1159,-121.6467,2.1,4.8,2.0052406014817734,18.487585020833325,1.3353716104166666,4.186657270833335,-0.9813064702716092,0.1924515819708299,-0.47333615909824567,0.24385023022363037,0.9346766724095662,-0.2838173620617923,1,-0.1920423808949434,-0.6248592855180635,-0.6031068108817301,-0.08809018276137233,3
6637,US-Tw3,2017-10-28,US-Bi1,Croplands,38.1159,-121.6467,1.3,3.5,1.7677056531637745,20.322201375,0.9367798833333332,1.5535685416666667,-0.8919813464595487,0.4520722039323037,-0.006611425771242657,0.09969957799648202,0.528472980189046,-0.006611425771242629,1,0.09127903171601176,-0.003086666880236011,-0.10802664214950372,0.03384864290664005,3
6638,US-Tw3,2017-11-05,US-Bi1,Croplands,38.1159,-121.6467,1.4,1.8000001,1.884222081526002,15.028792916666662,0.46468831875,2.4932273958333333,-0.8214765533024145,0.5702422926917867,-0.005549008298522247,0.1963140062777989,0.7230516244715542,-0.005549008298522229,1,-0.23115430481541333,0.1263815436214309,0.08812573629841569,0.006726867929252048,3
6639,US-Tw3,2017-11-13,US-Bi1,Croplands,38.1159,-121.6467,1.1,1.5,1.4799695366976482,19.652955,0.33226171875,1.6352926250000008,-0.7354170229639858,0.6776147890466887,0.1086031787562165,0.1500377243789435,0.7008152607531983,0.1086031787562165,1,-0.033117785687939216,0.26576368945207635,0.09316363250451237,-0.0662107062850066,3
6640,US-Tw3,2017-11-29,US-Bi1,Croplands,38.1159,-121.6467,0.3,1.3000001,0.9435095305380364,17.07776920833333,0.4091962562500001,1.8715990833333336,-0.5234156073655503,0.8520775211013093,0.14855037724678105,0.09008808050531651,0.5017518062471129,0.14855037724678105,1,0.050914904629500046,0.22845425378274015,0.16628197332810296,-0.0390889313076186,3
6641,US-Tw3,2017-12-07,US-Bi1,Croplands,38.1159,-121.6467,0.5,2.1000001,0.5961850667816495,13.136213520833335,0.3550029687499999,1.111733625,-0.4014879892059737,0.9158642882672868,0.1676777104877477,0.10599604797982393,0.4908167377145457,0.024692423075551306,1,0.09005785677102901,0.2884420815153376,0.1245331931768765,-0.0390889313076186,3
6642,US-Tw3,2018-02-01,US-Bi1,Croplands,38.1159,-121.6467,1.3,1.7,1.8603060915134195,18.747062145833333,0.438180325,1.2659660000000004,0.5234156073655503,0.8520775211013093,-0.03625638003991561,0.10266007266351512,0.5485769003296148,-0.0362563800399156,1,-0.045656851838245804,-0.1338929110759767,0.07078062279447567,-0.046824531196186535,3
6643,US-Tw3,2018-02-09,US-Bi1,Croplands,38.1159,-121.6467,1.0,2.3,2.05991401851172,18.994980958333333,0.5799305520833333,1.2095353958333332,0.6354323008901774,0.7721565844991642,0.11449241827547953,0.07607540418409435,0.4414682042298762,0.11449241827547951,1,0.027366181871484985,0.16776281824580724,0.14834825470914637,-0.0390889313076186,3
6644,US-Tw3,2018-02-17,US-Bi1,Croplands,38.1159,-121.6467,1.2,2.0,1.5810285295578403,14.8259395,0.52308738125,1.0883163333333334,0.7354170229639855,0.6776147890466889,0.058079689872088114,0.05497867521845863,0.34815167461152496,0.058079689872088114,1,0.05418348281868435,0.11490282785640571,0.005152758941174285,-0.046824531196186535,3
6645,US-Tw3,2018-02-25,US-Bi1,Croplands,38.1159,-121.6467,1.4,2.8,2.076304170110886,13.742548249999995,0.5443350124999998,3.0383546875,0.8214765533024142,0.5702422926917871,0.0354578880877017,0.2533679289934742,0.767826926302317,0.03545788808770167,1,0.2339313611565939,0.12237033314807483,-0.24992803004156364,-0.08833008834057553,3
6646,US-Tw3,2018-03-05,US-Bi1,Croplands,38.1159,-121.6467,1.4,2.6000001,2.1644812352470235,13.468198458333331,0.3468987187500001,2.159597416666666,0.8919813464595485,0.4520722039323043,0.16170631291391757,0.19206468843423719,0.6319358989251533,0.16170631291391757,1,0.309300737316693,0.23126445972380177,-0.05544625829874206,-0.07394630617357453,3
6647,US-Tw3,2018-03-29,US-Bi1,Croplands,38.1159,-121.6467,3.8,4.2000003,4.565127158026886,20.689337625000004,0.8233553104166668,1.6109321666666665,0.9984354211555644,0.0559169901006034,-0.6264213065308414,0.10806374144359521,0.5796924449902143,-0.6264213065308413,1,-0.7511118697691267,-0.5681954659268837,-0.5599565838965139,-0.2024833986417857,3
6648,US-Tw3,2018-04-14,US-Bi1,Croplands,38.1159,-121.6467,3.0,4.7000003,2.5941398629756214,19.521286145833336,0.8734312645833334,1.8364520208333333,0.9760105506323684,-0.2177232303965317,0.24904347455908016,0.0430591021890979,0.58170298988262,-0.24904347455908016,1,0.267071370808641,0.2801584748249874,0.199900578043612,-0.061370691021821556,3
6649,US-Tw3,2018-04-22,US-Bi1,Croplands,38.1159,-121.6467,4.1,5.7000003,3.5187499953666213,21.58388010416667,0.8651904687499999,1.6145883958333327,0.9368813462954316,-0.3496474552512284,-0.29633772392614627,0.11842340871161773,0.4685842126972818,0.29633772392614627,1,-0.428658952733151,-0.20030365916731868,-0.2600505598779691,-0.06405099088870454,3
6650,US-Tw3,2018-05-08,US-Bi1,Croplands,38.1159,-121.6467,4.7,5.9,5.773365396794911,21.423805520833326,0.9679747416666664,5.1762632916666655,0.8064799463209448,-0.5912614448635781,-0.8501948632497894,0.47938762901489795,1.1757694802769407,-0.8501948632497895,1,-0.3629066664623052,-1.3212706190842383,-0.8664073042028251,-0.5416734620271414,3
6651,US-Tw3,2018-05-24,US-Bi1,Croplands,38.1159,-121.6467,2.8,5.0,1.3900312351274158,18.82205454166666,0.5139584395833333,7.396883354166665,0.6152845999633276,-0.7883050558305255,0.3242542960546993,0.36616921522680834,1.1035194610909524,-0.32425429605469924,1,0.3248506021683473,-0.042212708072339095,0.6901249940680896,0.11159730477507084,3
6652,US-Tw3,2018-06-01,US-Bi1,Croplands,38.1159,-121.6467,2.7,7.0,3.0919108385812613,21.56055610416667,1.1815313416666666,3.4603569375,0.5012418134457758,-0.865307254363206,0.22331854076719646,0.22158999020618902,0.9655004334620267,0.22331854076719646,1,0.41910321993272853,-0.017239118051241564,0.26809152042010237,-0.06728244321141956,3
6816,US-Twt,2016-01-27,US-Bi1,Croplands,38.1087203999999,-121.6531,1.3,1.3000001,0.8720119486964417,14.809873375000002,0.2538251208333332,0.9874157916666664,0.4482293417404106,0.893918596519257,0.08482784322343705,0.13874429888631523,0.41620117434119075,-0.08482784322343706,1,0.01737956747286945,-0.007297246340948915,0.2444012085383906,-0.046824531196186535,3
6817,US-Twt,2016-02-04,US-Bi1,Croplands,38.1087203999999,-121.6531,1.6,2.0,1.0649147879160965,13.27002002083333,0.22943933125,2.8245793333333338,0.5667017562911176,0.8239230057575542,-0.13451137793686122,0.026643989217388316,0.7674468207101167,0.1345113779368612,1,-0.1618223138535982,-0.13312321391742818,-0.10858860603955733,-0.061370691021821556,3
6818,US-Twt,2016-03-15,US-Bi1,Croplands,38.1087203999999,-121.6531,2.6,2.9,3.270805108252222,16.733959020833336,0.5144206854166667,2.500846333333333,0.9611297838723007,0.2760969730974688,-0.3917540606907332,0.06009081587748176,0.7697963308105212,-0.39175406069073326,1,-0.3257826800670972,-0.4433606762421821,-0.40611882576292024,-0.061370691021821556,3
6819,US-Twt,2016-03-23,US-Bi1,Croplands,38.1087203999999,-121.6531,3.1,3.4,3.383882395171961,16.96517064583334,0.5976405791666667,2.570318541666667,0.989932495087353,0.141540295217043,-0.661852042730455,0.08026121946215098,0.6306664082895594,-0.661852042730455,1,-0.5751510366376555,-0.7335585858111019,-0.6768465057426075,-0.2024833986417857,3
6820,US-Twt,2016-03-31,US-Bi1,Croplands,38.1087203999999,-121.6531,3.5,4.0,4.533253264065628,17.785881750000012,0.5756469229166666,5.234998041666667,0.99999073973619,0.0043035382962442,-0.7778465289876683,0.3442406386633894,1.2356717803685746,-0.7778465289876682,1,-0.44466759713515214,-1.1321737557256248,-0.7566982341022278,-0.2123252173472456,3
6821,US-Twt,2016-04-16,US-Bi1,Croplands,38.1087203999999,-121.6531,3.0,5.0,2.7839575834161003,21.6340275,1.3175553812500005,2.1691638124999995,0.9634705485641488,-0.2678143051621742,0.3081192279403509,0.2242770555107732,0.7185251006583778,-0.30811922794035085,1,0.5660170673346152,0.15875644149999407,0.19958417498644349,-0.10287624816621056,3
6822,US-Twt,2016-04-24,US-Bi1,Croplands,38.1087203999999,-121.6531,1.9,4.7000003,1.0646896823775471,18.6068383125,0.7514966729166667,6.226441583333334,0.9175836260593936,-0.3975428142825559,0.13420968039380596,0.1789010943381238,1.1366670688385903,-0.13420968039380599,1,0.18992658338455487,-0.06591984120974967,0.2786222990066127,-0.012993426775397082,3
6823,US-Twt,2016-05-02,US-Bi1,Croplands,38.1087203999999,-121.6531,1.0,5.5,0.4378002980472,21.339423916666664,1.0748607645833337,3.031494499999998,0.854322169749827,-0.5197438121555155,0.39440996239668275,0.1214289990959334,0.9463747431687217,-0.3944099623966828,1,0.5198682907508816,0.385904019318737,0.27745757712042957,0.001078607077420025,3
6824,US-Twt,2016-05-10,US-Bi1,Croplands,38.1087203999999,-121.6531,0.9,5.7000003,0.7649478964261066,22.93029475,1.032184454166667,4.5753671875,0.7748840413670407,-0.6321034111873487,0.37605355932520057,0.36253746184050445,1.0440218777401848,-0.37605355932520057,1,0.62019627066329,0.5484803591904817,-0.04051595187817,-0.04042695006696892,3
6825,US-Twt,2016-05-18,US-Bi1,Croplands,38.1087203999999,-121.6531,0.8,8.400001,1.005303314198245,29.53726929166667,2.4264324729166664,3.720853625,0.6807734094770161,-0.7324940716135789,0.22778409561681068,0.14759905744419569,0.8864517355946712,0.1828225327796793,1,0.23122608473918121,0.07849414669334737,0.3736320554179034,-0.01910746744125309,3
6826,US-Twt,2016-05-26,US-Bi1,Croplands,38.1087203999999,-121.6531,1.9,6.4,0.6021396017190047,21.82214964583333,1.0827838875,3.3825806041666664,0.5737722679043246,-0.8190148866680801,0.42060186797382926,0.13046350690842448,0.95611660419364,-0.42060186797382926,1,0.5046371579259974,0.2703055124086557,0.4868629335868346,-0.02577688606703054,3
6827,US-Twt,2016-06-11,US-Bi1,Croplands,38.1087203999999,-121.6531,4.1,7.3,2.2340761511918523,25.52539527083333,1.88723651875,4.087582604166668,0.3294084822245304,-0.9441875088341992,-0.6520721459786786,0.20268277364322734,1.2753752133596656,0.6520721459786785,1,-0.6945970381042311,-0.8301185855532325,-0.4315008142785723,-0.22210248171512037,3
6828,US-Twt,2016-06-19,US-Bi1,Croplands,38.1087203999999,-121.6531,2.4,7.4,2.9765772669525288,26.602624020833336,1.9922272000000003,2.4409861875000005,0.1966728897935764,-0.980469160361632,-0.1930413574128892,0.23102495287264946,0.8213609117384065,-0.1930413574128892,1,-0.4597933131777914,-0.06191802719699585,-0.05741273186388032,-0.11013028146334121,3
6829,US-Twt,2016-06-27,US-Bi1,Croplands,38.1087203999999,-121.6531,8.4,8.900001,8.161782603334434,31.588401979166665,2.5175900270833336,3.792104416666666,0.060213277365793,-0.9981855344718586,-3.105216458924156,0.1307825395934836,1.9376114321191324,-2.6287816655930225,1,-3.001424195806854,-3.062115499736497,-3.252109681229117,-26.206838294841944,3
6830,US-Twt,2016-07-05,US-Bi1,Croplands,38.1087203999999,-121.6531,7.4,7.0,6.234217746420296,21.900679937500005,0.8004096895833333,5.334180874999999,-0.0773864792334632,-0.9970011699250152,-1.684093339728018,0.5398312921242745,1.3798970264378785,0.64747116743139,1,-2.3068354876161576,-1.3964285284441285,-1.3490160031237677,5.574391933146306,3
6831,US-Twt,2016-07-13,US-Bi1,Croplands,38.1087203999999,-121.6531,7.4,8.900001,6.675850433150015,29.378077125,1.8671176979166668,1.9642014166666664,-0.2135209154397959,-0.9769384927771816,-2.2415513086116103,0.31087708380582457,1.3077126488788078,-0.7932521749116397,1,-2.115185856885202,-2.013755700757166,-2.595712368192463,6.162485255983307,3
6832,US-Twt,2016-07-21,US-Bi1,Croplands,38.1087203999999,-121.6531,7.7,7.6,9.096805216186524,23.800474895833336,1.1225036333333331,3.6127561041666674,-0.3456123126707333,-0.9383773917408642,-2.5715515583869597,0.2200189021868212,1.423445270525462,-2.5715515583869597,1,-2.8247330788029723,-2.426721949274179,-2.4631996470837283,-11.385989958541302,3
6833,US-Twt,2016-07-29,US-Bi1,Croplands,38.1087203999999,-121.6531,8.3,9.8,8.813289081953819,29.09462172916667,1.7400295375,1.829098916666667,-0.4711595076738639,-0.8820480249558535,-3.2080401183164082,0.5547098457361025,1.7903316744081366,-3.2080401183164082,1,-2.9321826477126236,-2.845339245134511,-3.8465984621020897,-8.976114434294107,3
6834,US-Twt,2016-08-06,US-Bi1,Croplands,38.1087203999999,-121.6531,6.7,6.6,6.352112722949268,22.55968110416666,0.8306175125,2.5005718750000003,-0.5877852522924734,-0.8090169943749472,-1.756954398990768,0.04125920820417952,1.0106348905819522,-1.0611798448893046,1,-1.8045964058298818,-1.7330927767059037,-1.7331740144365189,-1.4930574806162151,3
6835,US-Twt,2016-08-14,US-Bi1,Croplands,38.1087203999999,-121.6531,7.6,8.1,7.94202119782899,27.067172437499995,1.5686041833333335,1.7670399583333325,-0.6932812268869771,-0.7206671495538615,-2.4894591494910574,0.46078046664544087,1.150429781665143,-2.4894591494910574,1,-2.358477810637137,-2.1083498244083705,-3.0015498134276632,3.049153202513941,3
6836,US-Twt,2016-08-22,US-Bi1,Croplands,38.1087203999999,-121.6531,5.7,6.3,5.5793042943615285,22.63387633333333,0.8489715166666668,3.690157229166666,-0.7856498550787144,-0.6186714032625032,-1.4404774887965364,0.18631588245123934,0.8623157217113576,-1.199086077519593,1,-1.421766795691087,-1.6354427502951479,-1.2642229204033744,-0.6877893641995699,3
6837,US-Twt,2016-08-30,US-Bi1,Croplands,38.1087203999999,-121.6531,6.2,7.0,6.794434445489606,26.113677145833336,1.3750088104166671,3.2469705625,-0.8631421280499115,-0.5049610547215202,-2.122656898246172,0.10710282194225496,1.121823937582075,-2.122656898246172,1,-2.136517448007898,-2.009298580358678,-2.222154666371941,-2.298331371385558,3
6838,US-Twt,2016-09-07,US-Bi1,Croplands,38.1087203999999,-121.6531,5.2,6.8,4.672410442612222,26.46028608333334,1.5996025645833336,1.2268103958333336,-0.9242907221930934,-0.3816892202666586,-1.265652221388928,0.234615123663526,0.8136134391757803,-0.21047310661337115,1,-1.3307108951727573,-1.0053734981624538,-1.4608722708315733,-0.3824654650071335,3
6839,US-Twt,2016-09-15,US-Bi1,Croplands,38.1087203999999,-121.6531,4.7,5.6,4.199812048187632,23.625657354166663,1.2630896687499995,1.951438791666667,-0.9679377830240642,-0.2511900638848195,-1.1681502342237822,0.24957577620164234,0.8848323212011694,-0.16777433059904623,1,-1.4453209154856177,-0.9612247285850908,-1.0979050586006378,-0.25449148893202206,3
6840,US-Twt,2016-09-23,US-Bi1,Croplands,38.1087203999999,-121.6531,3.9,5.5,3.5307440090112387,21.576250145833335,1.2156549645833337,1.9869707708333333,-0.9932568492674144,-0.1159345995955006,-1.0457297023601704,0.13560402841705074,0.7030679522009042,-0.30721772038264805,1,-1.1948102242624072,-0.9297201634439147,-1.0126587193741892,-0.249499010494395,3
6841,US-Twt,2016-10-01,US-Bi1,Croplands,38.1087203999999,-121.6531,3.8,4.8,2.896007581056377,19.705597583333333,0.9728092666666672,2.610386083333333,-0.9997685019798908,0.0215160974362222,-1.198531259124575,0.10496360317747831,0.6928791655985556,0.6094535787626711,1,-1.0818622252783612,-1.228429700403487,-1.285301851691877,-0.2034209294941143,3
6842,US-Twt,2016-10-09,US-Bi1,Croplands,38.1087203999999,-121.6531,3.0,4.7000003,1.6853625795480722,21.378984520833328,1.3260440104166669,0.9852435,-0.9873494423939864,0.1585593851031347,-0.5678440111036787,0.07314362786072767,0.7659877962721402,0.5678440111036787,1,-0.639381433365227,-0.49319357921933815,-0.5709570207264709,-0.08943246386890506,3
6843,US-Twt,2016-10-17,US-Bi1,Croplands,38.1087203999999,-121.6531,1.6,2.3,1.6322186405976995,20.204311333333333,0.5585196166666667,1.7716074166666662,-0.9562348265919058,0.2926003356333479,-0.10565279852751508,0.07046908869129534,0.623733684081362,-0.10565279852751508,1,-0.14737741183578376,-0.024291029527106656,-0.1452899542196548,-0.061370691021821556,3
6844,US-Twt,2016-11-02,US-Bi1,Croplands,38.1087203999999,-121.6531,0.9,1.8000001,0.7652663626451643,16.582712333333333,0.3729958,1.043774375,-0.8406184056344783,0.5416278206559811,-0.04158563318173502,0.10153305861708098,0.3872711245542798,0.04158563318173503,1,0.03890343102766347,-0.008005407249843999,-0.15565492332302452,-0.0390889313076186,3
6845,US-Twt,2016-11-18,US-Bi1,Croplands,38.1087203999999,-121.6531,1.7,2.0,1.0126960233854867,11.668193479166666,0.3604624333333334,1.3149459375,-0.661634618242279,0.749826401204568,0.18963398515742358,0.1536619133364456,0.5330675455369992,-0.18963398515742358,1,0.28329961684924393,0.012294289454371332,0.2733080491686554,-0.08849246599920958,3
6846,US-Twt,2016-12-04,US-Bi1,Croplands,38.1087203999999,-121.6531,1.0,1.1,0.6085323640189496,10.9322952,0.2424527395833333,0.8468681041666667,-0.4327755925504317,0.9015016841318838,0.27239992330704793,0.23223656128299797,0.44330126294262245,-0.2723999233070479,1,0.42878622719844134,0.00555016966678229,0.38286337305592016,-0.08059448845200758,3
6847,US-Twt,2017-01-29,US-Bi1,Croplands,38.1087203999999,-121.6531,1.6,1.7,0.5342638424771395,14.274283020833336,0.2646548291666666,0.8758155624999997,0.4787338401157884,0.8779600847008882,0.16897903131462885,0.08166238869777946,0.5954168091025939,-0.16897903131462888,1,0.10337357017531201,0.14312438102432717,0.26043914274424734,-0.061370691021821556,3
6848,US-Twt,2017-02-14,US-Bi1,Croplands,38.1087203999999,-121.6531,1.4,1.4,1.364372980894199,17.50494698958333,0.3478623625000001,0.9582981875,0.6994583270516471,0.7146733860429609,-0.046867031320068565,0.10760492213078339,0.585320305687783,0.024387006891533468,1,0.04088503131673754,-0.16692377472500636,-0.014562350551936887,-0.046824531196186535,3
6849,US-Twt,2017-04-03,US-Bi1,Croplands,38.1087203999999,-121.6531,4.4,4.9,4.279633559731296,18.6520245625,1.0752230604166666,3.478493124999998,0.9995462806873572,-0.0301203048469081,-1.590167528122474,0.37696686814871583,0.7982659694377832,-1.3494346475850663,1,-1.1833197971175435,-1.6595756762110636,-1.927607111038816,-0.1386586906875988,3
7454,US-Var,2016-01-12,US-Var,Grasslands,38.4133,-120.9507,0.7,1.2,0.4778835639022038,13.662862500000005,0.425843,1.3056606249999996,0.2051044998686192,0.9787400799669153,-0.15276200893685418,0.08729692589947315,0.45776496555624585,0.15276200893685418,0,-0.2519765593250258,-0.08772398473460849,-0.11858548275092831,-0.0390889313076186,3
7455,US-Var,2016-02-05,US-Var,Grasslands,38.4133,-120.9507,0.4,1.7,0.6213664713410569,13.516524999999994,0.3457959166666666,1.1836453958333333,0.5808002734538009,0.8140460935082178,0.17010359329190075,0.07062589247216015,0.6605755253339546,0.17010359329190075,0,0.1357520751426583,0.12322471484416275,0.25133398988888117,-0.0390889313076186,3
7456,US-Var,2016-02-12,US-Var,Grasslands,38.4133,-120.9507,0.9,1.5,1.0584513667654358,17.519875000000006,0.6442683333333333,1.3473643749999995,0.6744436188329455,0.7383263540031065,-0.08122235843800155,0.20856651198983073,0.754237964037285,-0.08122235843800155,0,-0.07869650816509514,-0.2910403242325586,0.12606975708364912,-0.08059448845200758,3
7457,US-Var,2016-02-13,US-Var,Grasslands,38.4133,-120.9507,1.6,2.1000001,1.1773184954011269,17.043958333333332,0.6532695833333335,1.5697904166666663,0.6870527672236669,0.7266075247685656,-0.20177428697180064,0.09107028214016318,0.6561981425474842,0.20177428697180064,0,-0.23150020566418383,-0.2742673440612804,-0.09955531118993761,-0.061370691021821556,3
7458,US-Var,2016-02-21,US-Var,Grasslands,38.4133,-120.9507,1.1,1.9,1.1956913842998926,14.26695833333334,0.3451069999999999,1.4380297916666664,0.7802958510707755,0.6254105729852463,0.058953144895824476,0.08889027109931388,0.5962688766583165,0.058953144895824476,0,0.029123416794158773,-0.011185625820735418,0.15892164371405007,-0.0390889313076186,3
7459,US-Var,2016-02-29,US-Var,Grasslands,38.4133,-120.9507,2.1,1.8000001,2.214693458664998,17.36554166666666,0.7993081250000001,1.3418479166666666,0.8587639582758029,0.5123714121284237,-0.40369558665904015,0.41210370761243403,0.6237809532545905,-0.40369558665904015,0,-0.44639367350392534,-0.7927879164712587,0.02809482999806378,0.017066278910408236,3
7460,US-Var,2016-03-15,US-Var,Grasslands,38.4133,-120.9507,2.0,2.5,2.6725736115441667,14.560547916666671,0.5800013541666668,1.5237122916666668,0.9611297838723007,0.2760969730974688,-0.12078362515356784,0.07642258775760229,0.5263502763314047,-0.12078362515356789,0,-0.11708479040256703,-0.19898846725895902,-0.046277617799177495,-0.061370691021821556,3
7461,US-Var,2016-03-16,US-Var,Grasslands,38.4133,-120.9507,2.8,2.8,2.2520777026178913,15.794687500000006,0.5410364583333334,1.2165268749999991,0.9657399376548548,0.2595117970697999,-0.4121408152123896,0.2704519721791913,0.6131004648279277,0.4121408152123896,0,-0.5222234974613101,-0.6101915947817125,-0.1040073533941463,-0.10287624816621056,3
7462,US-Var,2016-03-23,US-Var,Grasslands,38.4133,-120.9507,2.7,3.1000001,2.8551326425418107,14.543281249999998,0.5844954166666666,1.1234635208333337,0.989932495087353,0.141540295217043,-0.27733320034304476,0.18262971143313156,0.5639258040711064,-0.27733320034304476,0,-0.35375149194364147,-0.4093409603711145,-0.06890714871437832,-0.08849246599920958,3
7463,US-Var,2016-03-24,US-Var,Grasslands,38.4133,-120.9507,3.0,3.2,3.0346373188080715,16.59425,0.6376729166666667,1.34910875,0.9922222094179324,0.1244792638867891,-0.5101004656210474,0.23778402495787063,0.6760898765667607,-0.5101004656210474,0,-0.6183119301937304,-0.6745329490463782,-0.23745651762303338,-0.1309380210132939,3
7464,US-Var,2016-03-31,US-Var,Grasslands,38.4133,-120.9507,3.4,3.4,2.9986202219500213,16.13077083333333,0.4746766874999999,0.9233002083333334,0.99999073973619,0.0043035382962442,-0.4693270143577237,0.37637851497086783,0.7788703032924493,0.33343254174223347,0,-0.6163875766628802,-0.7499727908269788,-0.04162067558331218,0.008036492704174876,3
7465,US-Var,2016-04-01,US-Var,Grasslands,38.4133,-120.9507,3.4,3.4,3.2115933328603696,16.89802083333333,0.5225872708333333,1.0331864583333334,0.999916658654738,-0.0129102960750088,-0.5201385391767088,0.3860201785253145,0.7890759850430458,-0.14332520489744827,0,-0.6658240989908133,-0.8121153948088555,-0.08247612373045776,0.008036492704174876,3
7466,US-Var,2016-04-08,US-Var,Grasslands,38.4133,-120.9507,3.2,3.4,2.555473228630847,18.644145833333337,0.4107657916666667,0.9066104166666666,0.9911140639934548,-0.1330147065341959,-0.09625352595015335,0.2965975877149971,0.7778240036176493,0.09625352595015335,0,-0.34213093783157844,-0.17978116783209308,0.23315152781321144,-0.10287624816621056,3
7467,US-Var,2016-04-16,US-Var,Grasslands,38.4133,-120.9507,4.5,4.6,4.1198272839528425,18.540291666666672,0.9852391666666668,0.9614089583333336,0.9634705485641488,-0.2678143051621742,-0.9082015868932273,0.35380785578762497,0.8510918968511232,-0.14785615479891223,0,-1.0595881066120247,-1.1611290659603444,-0.5038875881073124,-0.24604251906046967,3
7468,US-Var,2016-04-17,US-Var,Grasslands,38.4133,-120.9507,4.1,4.6,4.57984551712517,21.256479166666665,1.182187916666667,1.1103170833333331,0.9587178169872964,-0.2843591872810034,-0.590430611252523,0.2788558461029512,0.8561130522850705,-0.590430611252523,0,-0.9054324357573463,-0.4907308306911706,-0.3751285673090521,-0.1320540534352604,3
7469,US-Var,2016-04-25,US-Var,Grasslands,38.4133,-120.9507,3.8,4.2000003,3.7286506479082,15.102477083333332,0.6965411958333333,1.391395625,0.9106046300942164,-0.4132786077829042,-0.8755017734780627,0.23554435997524362,0.48605832669778454,-0.732803069294463,0,-0.7633214929986932,-1.1461678537012987,-0.7170159737341959,-0.25126124618366313,3
7470,US-Var,2016-05-02,US-Var,Grasslands,38.4133,-120.9507,3.9,5.2000003,4.229134915861162,21.388583333333333,1.2176502083333334,1.0218520833333335,0.854322169749827,-0.5197438121555155,-0.1464777391127784,0.2847968999604442,0.7105146874075055,-0.1464777391127784,0,-0.36585745268665765,0.1753763940763428,-0.24895215872802037,-0.10287624816621056,3
7471,US-Var,2016-05-11,US-Var,Grasslands,38.4133,-120.9507,4.8,5.6,3.4348796529255443,22.24818749999999,1.3816572916666667,0.8715924999999999,0.7638886127905428,-0.6453481132295501,-0.38146494350483057,0.23145149588853106,0.8000473595989941,0.3814649435048305,0,-0.5907478710136783,-0.13287804863488467,-0.42076891086592866,-0.10555654803309356,3
7472,US-Var,2016-05-18,US-Var,Grasslands,38.4133,-120.9507,3.4,7.6,2.5366451333314988,25.949041666666663,2.272414166666666,1.0121820833333337,0.6807734094770161,-0.7324940716135789,-0.19516504483521332,0.3579641481116318,1.3176884013761552,0.19516504483521335,0,-0.16929293013508154,0.1491611356652858,-0.5653633400358442,-0.09064651107231482,3
7473,US-Var,2016-05-19,US-Var,Grasslands,38.4133,-120.9507,3.5,6.3,1.8382404602031333,21.01872916666667,1.209484375,1.5668693750000002,0.6680638642135335,-0.7441039398713607,0.18776751711914338,0.11796059220285691,0.6734611537226576,-0.1877675171191433,0,0.14137006083698145,0.32187232422236856,0.10006016629808018,-0.06862472431895218,3
7474,US-Var,2016-05-26,US-Var,Grasslands,38.4133,-120.9507,3.8,5.7000003,1.34930070807005,20.742395833333337,1.053035704166667,1.1855182083333338,0.5737722679043246,-0.8190148866680801,0.031063832863718097,0.08472175789885794,0.5547608870722843,-0.031063832863718055,0,0.08426685589224614,0.07555982494094549,-0.06663518224203734,-0.06405099088870454,3
7475,US-Var,2016-05-27,US-Var,Grasslands,38.4133,-120.9507,3.4,5.7000003,1.418154621526745,22.97372916666667,1.602109791666667,1.2800304166666667,0.5595892624101765,-0.8287700871745037,0.17059983546311316,0.09489600362287333,0.9229091870769505,-0.17059983546311308,0,0.13985787086867832,0.2770556694824928,0.09488596603816835,-0.0212031526367829,3
7476,US-Var,2016-06-11,US-Var,Grasslands,38.4133,-120.9507,2.3,5.8,0.2091040246742542,22.85039583333333,1.8516160416666667,1.30796375,0.3294084822245304,-0.9441875088341992,0.31314716268370263,0.21842554978024006,1.0731024797325888,-0.3131471626837028,0,0.12579300242270233,0.5530553433758538,0.2605931422525518,-0.05504403869032392,3
7477,US-Var,2016-06-19,US-Var,Grasslands,38.4133,-120.9507,1.3,5.9,0.1557116034489117,25.107916666666664,2.0785756250000005,1.243812916666666,0.1966728897935764,-0.980469160361632,0.43641313695593625,0.16495363958195156,1.0464301850494522,-0.4364131369559363,0,0.29388771841325245,0.6171042795216326,0.39824741293292365,-0.03377876778853588,3
7478,US-Var,2016-06-20,US-Var,Grasslands,38.4133,-120.9507,2.6,7.1,0.2278720354892114,26.574354166666662,2.6363950000000003,1.336863125,0.1797665857255624,-0.9837092937736096,-0.027944437469937206,0.23469612732725095,1.043489545481678,0.027944437469937355,0,-0.07177151594802061,0.2255757998079698,-0.2376375962697608,-0.06728244321141956,3
7479,US-Var,2016-06-27,US-Var,Grasslands,38.4133,-120.9507,1.8,6.8,0.1512455015638201,30.58629166666667,3.575708333333333,1.4305199999999998,0.060213277365793,-0.9981855344718586,-0.284891658639691,0.23020512853387576,1.0176019698198853,0.284891658639691,0,-0.1874813155168222,-0.11940574730360612,-0.5477879130986447,-0.06728244321141956,3
7480,US-Var,2016-06-28,US-Var,Grasslands,38.4133,-120.9507,2.4,7.8,0.0465756928593976,30.39470833333333,3.4231562499999995,1.2644593750000002,0.0430222330045305,-0.99907411510223,-0.5214244995410112,0.12424725487228049,1.1043771002760994,0.5214244995410113,0,-0.47899735323188736,-0.4239480002996663,-0.6613281450914797,-0.021187457942223202,3
7481,US-Var,2016-07-05,US-Var,Grasslands,38.4133,-120.9507,1.9,7.0,0.0428044818670041,22.29375000000001,1.4077389583333335,1.1752212083333329,-0.0773864792334632,-0.9970011699250152,0.28433766058901383,0.11750704212710304,1.0603003778131899,-0.2843376605890138,0,0.3061907157365984,0.15743812781574315,0.3893841382146999,-0.02577688606703054,3
7482,US-Var,2016-07-06,US-Var,Grasslands,38.4133,-120.9507,2.3,6.9,0.0878421178375732,22.483291666666663,1.4767766666666668,1.3223475,-0.0945367498171993,-0.9955213724144752,0.3207784337515032,0.020703034979425772,0.9235400215176423,-0.3207784337515034,0,0.2983048662070042,0.3249569083263276,0.3390735267211779,-0.02577688606703054,3
7483,US-Var,2016-07-13,US-Var,Grasslands,38.4133,-120.9507,1.5,7.1,0.136057551560776,27.67583333333333,2.9105256250000004,1.262811875,-0.2135209154397959,-0.9769384927771816,0.00935969167152581,0.22211915237096413,0.7790214829779917,-0.009359691671525727,0,0.12129320988704104,0.15324308511541945,-0.24645721998788303,-0.000527165367878571,3
7484,US-Var,2016-07-14,US-Var,Grasslands,38.4133,-120.9507,1.3,7.3,0.1057231731668172,29.79725,3.3663437500000004,1.2388147916666667,-0.2303056702306119,-0.973118337233262,-0.14238877456467186,0.22808018709887345,0.8573733520240095,0.14238877456467192,0,-0.019612628153248494,-0.0019970540562267436,-0.40555664148454035,-0.0903653945145127,3
7485,US-Var,2016-07-21,US-Var,Grasslands,38.4133,-120.9507,2.3,7.2000003,0.1478454660889497,24.098520833333332,2.168448125,1.2849366666666666,-0.3456123126707333,-0.9383773917408642,0.1440679836156813,0.13068448799529858,0.800831218418004,-0.14406798361568107,0,0.11145369711629513,0.28797084246623345,0.03277941126451534,-0.06862472431895218,3
7486,US-Var,2016-07-22,US-Var,Grasslands,38.4133,-120.9507,2.4,7.0,0.1580777082501569,25.50075,2.52163375,1.2656852083333334,-0.3617137307297674,-0.9322892131745134,-0.05925956840033302,0.08008466813167985,0.7729954666306965,0.059259568400332974,0,-0.012072433418400218,-0.013979448688500862,-0.151726823094098,-0.06862472431895218,3
7487,US-Var,2016-07-29,US-Var,Grasslands,38.4133,-120.9507,1.6,7.9,0.1367877736967304,30.29483333333333,3.4918333333333336,1.230306458333333,-0.4711595076738639,-0.8820480249558535,-0.4213578330614403,0.10234309525236192,0.9971247336585757,0.42135783306144026,0,-0.4170088752788094,-0.321258541754881,-0.5258060821506305,-0.02577688606703054,3
7488,US-Var,2016-07-30,US-Var,Grasslands,38.4133,-120.9507,1.6,8.2,0.0909814290299135,29.15616666666668,3.26023125,1.3537179166666666,-0.4862727071086902,-0.8738071036110807,-0.37226887032189143,0.059628773623590384,0.9454935464342867,0.3722688703218915,0,-0.35384627108027494,-0.324025435396794,-0.4389349044886053,-0.02577688606703054,3
7489,US-Var,2016-08-06,US-Var,Grasslands,38.4133,-120.9507,1.9,6.5,0.0871420932373798,22.866916666666665,1.6186827083333335,1.2252518750000003,-0.5877852522924734,-0.8090169943749472,0.1188823995282998,0.046690256988596315,0.7897848565924935,-0.11888239952829971,0,0.16950507069416962,0.10963309901833515,0.07750902887239464,-0.06862472431895218,3
7490,US-Var,2016-08-07,US-Var,Grasslands,38.4133,-120.9507,1.9,6.3,0.093018155364115,23.1843125,1.6863087499999996,1.194294375,-0.6016240632249227,-0.7987793728863648,0.09192157314599382,0.07374515712956843,0.7831474672806114,-0.09192157314599392,0,0.15266165054784156,0.11323644953620554,0.009866619353934326,-0.06862472431895218,3
7491,US-Var,2016-08-14,US-Var,Grasslands,38.4133,-120.9507,1.0,7.4,0.0700193873852291,29.320791666666675,3.3125770833333337,1.3028395833333335,-0.6932812268869771,-0.7206671495538615,-0.2366033051482909,0.13679693868550044,0.7479806116350474,0.23660330514829087,0,-0.21787770832928063,-0.11013379351503241,-0.3817984136005597,-0.04634296460474924,3
7492,US-Var,2016-08-15,US-Var,Grasslands,38.4133,-120.9507,1.6,6.9,0.0383544913955582,25.9281875,2.3807575,1.1392964583333334,-0.7055836101071774,-0.7086266782644601,-0.10252083469675628,0.09532363108406554,0.8043005744735912,0.10252083469675632,0,-0.01790941098114445,-0.08385708800633557,-0.20579600510278884,-0.06862472431895218,3
7493,US-Var,2016-08-23,US-Var,Grasslands,38.4133,-120.9507,2.0,5.7000003,0.0602838149603601,23.05204166666667,1.815439166666667,1.0910514583333333,-0.7961828637826154,-0.6050560696488494,-0.08600871148106463,0.0992907133588993,0.7627461340158413,0.08600871148106459,0,-0.06254494444575485,-0.0005514264319309709,-0.19492976356550804,-0.06405099088870454,3
7494,US-Var,2016-08-30,US-Var,Grasslands,38.4133,-120.9507,1.0,6.2000003,0.0543546110500383,24.33241666666667,1.8571493750000003,1.10886,-0.8631421280499115,-0.5049610547215202,0.0347215940339223,0.05528622065046247,0.7454307416518977,-0.034721594033922276,0,0.09793867744013979,0.010811524128523084,-0.0045854194668959805,-0.041769231174501605,3
7495,US-Var,2016-08-31,US-Var,Grasslands,38.4133,-120.9507,1.5,6.1,-0.0024703944818419,23.743583333333333,1.6687824999999998,1.18722125,-0.8717063187093218,-0.4900286664290594,-0.06314429064402538,0.020211145014134527,0.6994787926791416,0.06314429064402538,0,-0.04181984314944277,-0.08201878186567887,-0.06559424691695448,-0.049504831063069535,3
7496,US-Var,2016-09-07,US-Var,Grasslands,38.4133,-120.9507,1.3,5.1,0.0299643630906505,26.11800000000001,2.5704310416666662,1.2323943750000002,-0.9242907221930934,-0.3816892202666586,0.1233944545311219,0.1757118354029222,0.8574262785899485,-0.12339445453112186,0,0.10138028785596648,0.3090760392988239,-0.04027296356142465,-0.06872757905038107,3
7497,US-Var,2016-09-08,US-Var,Grasslands,38.4133,-120.9507,1.7,5.6,0.0198113633219626,24.1770625,1.7929691666666667,1.1483570833333332,-0.9307239310379792,-0.3657225234972692,-0.08739278249649844,0.09174724690133657,0.5471539820130116,0.0873927824964984,0,-0.11046556297848406,0.013688526163114813,-0.16540131067412606,-0.06405099088870454,3
7498,US-Var,2016-09-15,US-Var,Grasslands,38.4133,-120.9507,1.0,4.4,0.0403334755840191,22.120458333333332,1.6208237499999996,1.095705625,-0.9679377830240642,-0.2511900638848195,-0.021353027393557295,0.13312366540305612,0.7760471287786415,0.021353027393557267,0,-0.015480304984202001,0.1087370886120251,-0.157315865808495,-0.0390889313076186,3
7499,US-Var,2016-09-16,US-Var,Grasslands,38.4133,-120.9507,0.8,4.5,0.0294490674885026,22.99154166666667,1.7724472916666667,0.9710460416666667,-0.9721181966290612,-0.2344913895704105,0.00748817499763101,0.11586580255390735,0.7778600786928538,-0.007488174997630992,0,0.057874821033300265,0.08962971876323342,-0.12504001480364066,0.04158424279520798,3
7500,US-Var,2016-09-23,US-Var,Grasslands,38.4133,-120.9507,0.3,4.6,0.1320148606484985,20.2904375,1.5741814583333331,1.4294754166666668,-0.9932568492674144,-0.1159345995955006,-0.018577224725890587,0.07076813829796946,0.7544813311735912,0.018577224725890573,0,0.06302921053598329,-0.05571687973995797,-0.06304400497369708,0.04158424279520798,3
7501,US-Var,2016-09-24,US-Var,Grasslands,38.4133,-120.9507,1.1,4.9,0.0471744659494825,22.614750000000004,1.861668333333333,1.0736391666666665,-0.9951053111006974,-0.0988201387328721,-0.058172684706875054,0.06552760644071601,0.7023435140017457,0.05817268470687509,0,-0.05849324937942779,0.007514615984942255,-0.12353942072613963,-0.0390889313076186,3
7502,US-Var,2016-10-01,US-Var,Grasslands,38.4133,-120.9507,0.8,3.6000001000000004,0.0330152172434926,17.427604166666672,1.0349591666666669,1.206398125,-0.9997685019798908,0.0215160974362222,-0.26076585040508493,0.12059175684576351,0.6323930887458301,0.26076585040508493,0,-0.3990638026952713,-0.20567493648078716,-0.17755881203919638,-0.0390889313076186,3
7503,US-Var,2016-10-02,US-Var,Grasslands,38.4133,-120.9507,0.9,2.9,0.0735207341537319,16.98239583333333,0.7364987500000001,1.5813379166666666,-0.9992500112396836,0.0387222808921739,-0.07856811135313235,0.04223514150329338,0.6191881946177828,0.07856811135313235,0,-0.1175937333514305,-0.03372630908828783,-0.08438429161967873,-0.0390889313076186,3
7504,US-Var,2016-10-09,US-Var,Grasslands,38.4133,-120.9507,0.5,4.2000003,0.0977962772709906,23.329062500000006,2.238754166666666,1.2760625,-0.9873494423939864,0.1585593851031347,0.02015560896426871,0.1000759187648495,0.5879463535093639,-0.020155608964268712,0,0.07336927628703255,0.0823824329117876,-0.09528488230601402,-0.0390889313076186,3
7505,US-Var,2016-10-10,US-Var,Grasslands,38.4133,-120.9507,0.8,4.4,0.0420330696746606,21.3548125,1.6540768749999992,1.2100329166666668,-0.9844738167520924,0.1755314904214277,-0.19458292893304732,0.04202941359757181,0.6870667723733191,0.1945829289330473,0,-0.1461147655539166,-0.22096164610356794,-0.21667237514165744,-0.0390889313076186,3
7506,US-Var,2016-10-18,US-Var,Grasslands,38.4133,-120.9507,0.9,2.3,0.6666921937900481,17.422062500000006,0.6588447291666667,1.597294375,-0.9510565162951536,0.3090169943749472,-0.04886663012158254,0.09340493903995688,0.5282888442456363,0.048866630121582544,0,0.019101394976563192,-0.010326554877347478,-0.15537473046396333,-0.0390889313076186,3
7507,US-Var,2016-10-26,US-Var,Grasslands,38.4133,-120.9507,1.6,2.7,1.0375656305628378,20.428729166666667,1.0474479166666668,1.0566485416666664,-0.8996308696522434,0.4366512319560638,-0.2730407156178063,0.06209730053729492,0.598104247764564,0.2730407156178063,0,-0.33658184709883765,-0.2700445863027333,-0.21249571345184795,-0.061370691021821556,3
7508,US-Var,2016-11-02,US-Var,Grasslands,38.4133,-120.9507,0.8,1.8000001,0.8494179432283699,16.42285416666667,0.4012755666666665,1.1235295833333332,-0.8406184056344783,0.5416278206559811,0.14289366942770956,0.014798463973519398,0.5663923074406896,-0.04405778297096977,0,0.1511034733804476,0.12581017448951465,0.15176736041316644,-0.0390889313076186,3
7509,US-Var,2016-11-10,US-Var,Grasslands,38.4133,-120.9507,0.6,1.5,0.8118457974829913,20.433749999999996,0.8387758333333329,1.175472291666667,-0.7583058084785625,0.6518989958787125,0.03433523669694816,0.13290630787545143,0.7004891069403871,0.03433523669694816,0,0.0773572395577791,-0.11475286740266213,0.1404013379357275,-0.0390889313076186,3
7510,US-Var,2016-11-11,US-Var,Grasslands,38.4133,-120.9507,0.8,2.0,0.9200734418506276,20.9074375,0.8690450000000003,1.1591179166666667,-0.7469720876965551,0.6648553979642867,0.06399504689927497,0.046231452572862965,0.6185656358046216,0.06399504689927497,0,0.04994688978598776,0.026417172939384316,0.11562107797245283,-0.0390889313076186,3
7511,US-Var,2016-11-18,US-Var,Grasslands,38.4133,-120.9507,1.1,2.5,0.9047726689289788,16.203354166666667,0.8681635416666668,1.2507350000000004,-0.661634618242279,0.749826401204568,-0.15405740448967056,0.13710990811515272,0.5963165417696173,0.15405740448967056,0,-0.18212990314410732,-0.005083843725555287,-0.2749584665993491,-0.0390889313076186,3
7512,US-Var,2016-12-20,US-Var,Grasslands,38.4133,-120.9507,0.5,0.8,0.4406336066908455,11.55679583333333,0.2551881041666666,1.1613583333333335,-0.1712931441814778,0.9852201067560606,0.0055881804078706755,0.07373149154817954,0.47725543291864375,-0.00558818040787068,0,-0.053403549564241606,-0.01807904981404912,0.08824714060190275,0.04158424279520798,3
7513,US-Var,2016-12-28,US-Var,Grasslands,38.4133,-120.9507,0.2,0.8,0.3546920083784287,10.995598958333332,0.18863535625,1.1285754166666662,-0.0344216116227458,0.9994074007397048,0.08507409591132975,0.036522271160962044,0.5405999276278569,0.08507409591132975,0,0.1056839496430314,0.042905369246596846,0.10663296884436099,-0.0390889313076186,3
7514,US-Var,2016-12-29,US-Var,Grasslands,38.4133,-120.9507,0.4,1.0,0.4200488494264507,12.231650000000002,0.2664419375000001,1.1786197916666667,-0.0172133561558352,0.9998518392091162,0.02953394346064206,0.028660715554011628,0.5145099034871927,0.010563755392259316,0,0.0031336875137364315,0.025450944387134612,0.06001719848105514,-0.0390889313076186,3
7515,US-Var,2017-02-14,US-Var,Grasslands,38.4133,-120.9507,1.5,1.5,0.7813136267268961,15.157177083333332,0.3937979854166667,1.7753614583333337,0.6994583270516471,0.7146733860429609,-0.2695660393152896,0.12741127445160527,0.7872284590007794,0.2695660393152896,0,-0.3192068149691435,-0.3646851274824869,-0.1248061754942385,-0.046824531196186535,3
7516,US-Var,2017-03-02,US-Var,Grasslands,38.4133,-120.9507,1.8,2.2,0.9979034299032216,13.553243750000004,0.5527947916666668,2.2097606249999995,0.8674563547295968,0.4975132889071806,-0.24480572748427962,0.08020819512448717,0.7595564683885183,0.24480572748427964,0,-0.20861492704628762,-0.3367321783382956,-0.18907007706825563,-0.061370691021821556,3
7517,US-Var,2017-04-03,US-Var,Grasslands,38.4133,-120.9507,3.2,4.4,2.9482938386778508,15.279524999999998,0.8238951875000001,2.4763545833333342,0.9995462806873572,-0.0301203048469081,-0.8709098794341594,0.2335864716894811,0.6022402270034444,-0.3674975567898606,0,-1.0166100912703477,-0.9946334898657038,-0.6014860571664268,-0.25126124618366313,3
7518,US-Var,2017-04-04,US-Var,Grasslands,38.4133,-120.9507,3.4,3.3,2.6084065615962,15.977604166666673,0.8200118749999997,1.5941262708333337,0.9988797155850336,-0.0473213883224318,-0.9772639749809938,0.40464969496154846,0.7392875472111357,0.6059229018266056,0,-1.011138022168035,-1.3639118709866225,-0.5567420317883239,-0.08536106846902274,3
7519,US-Var,2017-04-19,US-Var,Grasslands,38.4133,-120.9507,3.6,3.6000001000000004,3.1136891880495288,14.954395833333333,0.5610477625,1.8569758333333333,0.9536809966304456,-0.3008198076356673,-1.2018936437959038,0.2309906655374312,0.601324353673169,-0.22927201989496115,0,-1.081282344778302,-1.4682244701093623,-1.0561741165000473,-0.25126124618366313,3
7520,US-Var,2017-04-20,US-Var,Grasslands,38.4133,-120.9507,4.6,3.7,3.2791050099290766,15.262937500000003,0.6169862500000001,2.4045420833333333,0.9483615800121716,-0.3171912885891061,-2.0835050298682702,0.34299883178544394,0.8418629361576162,0.5582849502735758,0,-2.0184716698686858,-2.4543650194983146,-1.7776784002378105,-1.8497758157902773,3
7521,US-Var,2017-04-28,US-Var,Grasslands,38.4133,-120.9507,3.9,5.3,3.9639169878666847,15.508427083333338,0.9905857291666664,4.2687389583333335,0.895839290734909,-0.4443781781046132,-0.32228653067612106,0.12858686683396534,0.7338352236654337,-0.32228653067612106,0,-0.32054409274152834,-0.45173576197332155,-0.19457973731351313,-0.061370691021821556,3
7522,US-Var,2017-05-14,US-Var,Grasslands,38.4133,-120.9507,4.1,4.8,2.2840538157093424,14.510760416666669,0.7907697083333333,1.1172507500000004,0.741222010848596,-0.6712599575675313,-0.6282728658760494,0.03451105809229428,0.428113669962793,0.6282728658760495,0,-0.5946118740498642,-0.6635754042481617,-0.6266313193301221,-0.2024833986417857,3
7523,US-Var,2017-05-21,US-Var,Grasslands,38.4133,-120.9507,3.9,6.0,3.22477321571589,26.122250000000005,2.2466356250000006,1.1130585416666667,0.6551563572090853,-0.7554933140726803,-0.401855054631257,0.17685921767496682,1.1859820923094144,0.401855054631257,0,-0.44157632433972277,-0.20851286909753022,-0.5554759704565179,-0.01567372664228009,3
7524,US-Var,2017-05-22,US-Var,Grasslands,38.4133,-120.9507,3.8,6.2000003,2.9165605847048997,27.11427083333334,2.3721985416666667,1.06858875,0.6420547132365637,-0.766658819300159,-0.452727383457813,0.16783477685911333,1.299198681729299,0.452727383457813,0,-0.46438521911045244,-0.2793676222793798,-0.6144293089836068,-0.08308189470768898,3
7525,US-Var,2017-05-30,US-Var,Grasslands,38.4133,-120.9507,3.8,5.8,0.8868411856374663,18.84160416666666,0.9147571041666672,1.1808666666666665,0.5307300481619334,-0.8475409228928311,-0.09048152006438624,0.09524419904624366,0.5270916836998099,0.09048152006438626,0,-0.033378888487518445,-0.03763305359139231,-0.20043261811424795,-0.06405099088870454,3
7526,US-Var,2017-06-06,US-Var,Grasslands,38.4133,-120.9507,2.9,6.9,1.084035678248042,24.165458333333333,2.044816458333333,1.2907041666666668,0.4250003399695541,-0.9051931898913974,0.16973396548754185,0.16978629904185533,1.1302355268791802,-0.16973396548754183,0,0.08266676968237649,0.3653920680016403,0.061143058778608865,-0.020247460072527756,3
7527,US-Var,2017-06-14,US-Var,Grasslands,38.4133,-120.9507,2.7,6.5,0.5998541606728552,23.945854166666663,1.9142360416666664,1.452350625,0.2967128192734907,-0.9549667548552552,0.30406430532454537,0.21361426436850825,0.9828931606523863,-0.30406430532454554,0,0.1299883664496974,0.5424437085146898,0.2397608410092489,-0.06728244321141956,3
7528,US-Var,2017-06-15,US-Var,Grasslands,38.4133,-120.9507,2.0,6.7000003,0.5286425796464764,25.244125,2.1180660416666672,1.448092083333333,0.2802306751992158,-0.9599326896597448,0.28631216272668364,0.1949817479479971,1.0434243030657795,-0.2863121627266836,0,0.09711569813039314,0.48660526420519506,0.2752155258444628,-0.05289866104441856,3
7529,US-Var,2017-06-22,US-Var,Grasslands,38.4133,-120.9507,1.6,7.9,0.2139500093601509,33.21147916666667,3.5523214583333327,1.129664791666667,0.1628070129385171,-0.986657932891657,-0.3985853815047882,0.27547406562776294,1.1334432153468534,0.39858538150478817,0,-0.38395936950430404,-0.13071568335520506,-0.6810810916548558,-0.03463124223952875,3
7530,US-Var,2017-06-23,US-Var,Grasslands,38.4133,-120.9507,2.9,7.8,0.2040435066563868,29.464604166666664,2.621110208333333,1.20379625,0.1457991969198751,-0.9893142039703664,-0.2972307928828993,0.13526549609064079,1.0637487542791917,0.2972307928828992,0,-0.4090974190359604,-0.1468986032373353,-0.3356963563754021,-0.018112214976182574,3
7531,US-Var,2017-06-30,US-Var,Grasslands,38.4133,-120.9507,2.8,7.0,0.130171054938397,24.61010416666667,1.8641964583333328,1.1042881249999998,0.025818440227133,-0.9996666485105112,0.2307962117303399,0.1003932944892272,0.8937086231993826,-0.2307962117303397,0,0.19290597137470952,0.34462052268645543,0.15486214112985475,-0.02577688606703054,3
7532,US-Var,2017-07-01,US-Var,Grasslands,38.4133,-120.9507,2.1,6.8,0.1089208911209129,23.47522916666668,1.7045772916666673,1.0600599999999998,0.0086069968886886,-0.9999629591162656,0.2539831601853891,0.04591234915154778,0.9649556582223635,-0.25398316018538925,0,0.23474617255779076,0.30638479945245467,0.2208185085459218,-0.02577688606703054,3
7533,US-Var,2017-07-08,US-Var,Grasslands,38.4133,-120.9507,2.1,8.2,0.1534593866422173,31.612375,3.7785333333333337,1.4306214583333334,-0.1116590071216944,-0.993746580436178,-0.656337925825191,0.1363734996102895,1.0812555203637078,0.6563379258251911,0,-0.6573131138311553,-0.5194794472748746,-0.7922212163695433,-0.22909346573761302,3
7534,US-Var,2017-07-09,US-Var,Grasslands,38.4133,-120.9507,1.9,8.0,0.1038009515055176,30.54695833333333,3.6282,1.3707845833333334,-0.1287481774525806,-0.99167731989929,-0.485315151065345,0.09900000047625869,1.00302620598264,0.48531515106534506,0,-0.4491418760183184,-0.4094889528123876,-0.5973146243653289,-0.07496925618384652,3
7535,US-Var,2017-07-16,US-Var,Grasslands,38.4133,-120.9507,1.2,8.0,0.1966620825168481,31.462375,3.527312708333333,1.456655833333334,-0.2470221804809352,-0.9690098257244064,-0.27150110743634165,0.14140431184822427,0.7955873186035675,0.2715011074363416,0,-0.24772719662990608,-0.14349067085888104,-0.4232854548202379,-0.0696909055817427,3
7536,US-Var,2017-07-17,US-Var,Grasslands,38.4133,-120.9507,1.2,8.8,0.199131998619721,29.88322916666668,3.3457729166666668,1.4223424999999998,-0.2636654927280072,-0.9646141756912436,-0.29203237634215734,0.1392748883085223,0.8416710220579136,0.2920323763421573,0,-0.25665085004468596,-0.17386068989205292,-0.4455855890897331,-0.06447217845854923,3
7537,US-Var,2017-07-25,US-Var,Grasslands,38.4133,-120.9507,1.9,7.2000003,0.090437514983736,24.609895833333344,1.952942083333333,1.222942145833333,-0.3935902766564664,-0.9192859697186104,0.15801065197247707,0.07823984060113244,0.7902605501635414,-0.1580106519724771,0,0.17533865331695342,0.22613387637280538,0.07255942622767242,-0.06862472431895218,3
7538,US-Var,2017-08-01,US-Var,Grasslands,38.4133,-120.9507,1.6,7.0,0.123242549546062,30.163625,3.1659397916666663,1.0608812500000002,-0.5012418134457756,-0.8653072543632061,-0.1990639576851708,0.17432450758374596,0.913347961179587,0.1990639576851707,0,-0.10281354650028648,-0.09408485992734447,-0.4002934666278814,-0.05289866104441856,3
7539,US-Var,2017-08-09,US-Var,Grasslands,38.4133,-120.9507,1.8,6.4,0.0182620878730971,23.715624999999992,1.4602045833333337,1.1365381250000002,-0.6152845999633277,-0.7883050558305253,0.14748218527372028,0.07658228235019614,0.8553092530462875,-0.14748218527372026,0,0.21553591116642554,0.06455375012303494,0.16235689453170038,-0.06340599719575872,3
7540,US-Var,2017-08-10,US-Var,Grasslands,38.4133,-120.9507,2.2,6.3,0.0222680899910785,24.23327083333333,1.520006104166666,1.1196991666666667,-0.6287628145958345,-0.7775971469736268,0.030662984089976603,0.059050154544351224,0.8085537937911893,-0.030662984089976586,0,0.08427452534685309,-0.03262939688744358,0.0403438238105203,-0.06862472431895218,3
7541,US-Var,2017-08-18,US-Var,Grasslands,38.4133,-120.9507,1.4,6.1,0.1205004049017505,25.96414583333333,1.9204408333333332,1.09735375,-0.7295575540864876,-0.6839194216246105,0.1068970373041111,0.12510311323933615,0.8067732693845888,-0.10689703730411115,0,0.13263247360361638,0.21713112430371337,-0.02907248599499648,-0.049504831063069535,3
7542,US-Var,2017-08-25,US-Var,Grasslands,38.4133,-120.9507,1.1,6.2000003,0.1824012504337469,26.096937499999992,2.356177708333333,1.1092433333333334,-0.8064799463209447,-0.5912614448635782,0.04570930642771145,0.08576548457756016,0.8844475021095766,-0.04570930642771143,0,0.10978567800064076,0.0790651746473996,-0.05172293336490603,0.001078607077420025,3
7543,US-Var,2017-08-26,US-Var,Grasslands,38.4133,-120.9507,1.5,6.4,0.1388689969568024,31.00879166666667,3.603635416666668,1.4952564583333332,-0.8165380514459157,-0.5772916165517278,-0.28259210671141016,0.3070850051692307,0.9186270312952125,0.2825921067114101,0,-0.30952485001142116,0.03707219259901936,-0.5753236627218287,-0.0527362833857845,3
7544,US-Var,2017-09-02,US-Var,Grasslands,38.4133,-120.9507,0.8,5.4,0.1027862671772692,34.06802083333334,4.404160416666667,1.1879522916666665,-0.8800122039735356,-0.4749510720670502,-0.32857603616617825,0.22834520786688467,1.6457237694810884,0.32857603616617825,0,-0.18268293656749987,-0.21131760029771654,-0.5917275716333183,2.8543151527703357,3
7545,US-Var,2017-09-03,US-Var,Grasslands,38.4133,-120.9507,0.9,6.4,0.0952304921136568,33.35858333333333,4.0414375,1.1998822916666667,-0.888057322629493,-0.4597327394521046,-0.340607693283542,0.3546672701542245,1.2574722173681097,0.340607693283542,0,-0.3758048388354689,0.030345861383715943,-0.676364102398873,-0.0025978857172622646,3
7546,US-Var,2017-09-10,US-Var,Grasslands,38.4133,-120.9507,0.7,4.8,0.1177540533876931,28.47414583333333,2.6585127083333333,1.3514833333333336,-0.9368813462954316,-0.3496474552512282,0.2462144150718414,0.15061695664757813,0.6683347270817972,-0.24621441507184139,0,0.31760965753827824,0.34785763679747284,0.07317595087977319,-0.0662107062850066,3
7547,US-Var,2017-09-19,US-Var,Grasslands,38.4133,-120.9507,1.1,3.8,0.1124252122148599,18.719,1.1700850000000005,1.4173218749999998,-0.97961369164549,-0.2008905551306352,-0.10644078450798523,0.181503742639929,0.6141407468963856,0.10644078450798522,0,-0.20120709834521855,0.10283158734967182,-0.220946842528409,-0.0662107062850066,3
7548,US-Var,2017-09-26,US-Var,Grasslands,38.4133,-120.9507,0.8,5.9,0.0784474601783852,23.38420833333333,2.2618568750000003,1.493177083333333,-0.99665890175417,-0.0816763953304228,-0.06939414555536008,0.060704097377655954,0.5805001594586238,0.06939414555536005,0,-0.007550957940949447,-0.12889112295933522,-0.07174035576579557,-0.041769231174501605,3
7549,US-Var,2017-09-27,US-Var,Grasslands,38.4133,-120.9507,0.9,4.3,0.0722303031672922,24.6633125,2.469208333333333,1.2284516666666672,-0.9979171608653922,-0.0645084494493162,0.09732609652253825,0.18003215082329768,0.7277719125494084,-0.09732609652253821,0,0.08521430112880946,0.28310832406374664,-0.07634433562494136,-0.0662107062850066,3
7550,US-Var,2017-10-04,US-Var,Grasslands,38.4133,-120.9507,0.8,3.7,0.0617414846468166,18.388791666666663,1.5155520833333336,1.33024375,-0.9984354211555644,0.055916990100603,-0.17675286928648115,0.1026945775931574,0.6672196541856018,0.17675286928648115,0,-0.20385541036734503,-0.06322527421240232,-0.26317792327969614,-0.0390889313076186,3
7551,US-Var,2017-10-05,US-Var,Grasslands,38.4133,-120.9507,0.6,3.5,0.071182371539619,19.301562500000006,1.6490085416666669,1.4238468750000004,-0.9973249731081556,0.0730951298980777,-0.06279303057458639,0.10333330247761557,0.5779039389437222,0.0627930305745864,0,-0.05083035288677336,0.034038286212190606,-0.17158702504917642,-0.0390889313076186,3
7552,US-Var,2017-10-12,US-Var,Grasslands,38.4133,-120.9507,0.7,3.8,0.0412937295064641,13.179064583333336,1.0421833333333337,1.1498335833333335,-0.9813064702716092,0.1924515819708299,-0.4662296377352928,0.2651616323442337,0.5364470611463468,0.4662296377352928,0,-0.7588573343711251,-0.24189358335612765,-0.39793799547862546,-0.10865626129909103,3
7553,US-Var,2017-10-13,US-Var,Grasslands,38.4133,-120.9507,0.9,3.9,0.0599578592328528,16.07901041666667,1.3638279166666665,1.4366395833333332,-0.9778483415056568,0.2093146459630488,-0.36220674934707014,0.10828461253458124,0.5953890248648801,0.36220674934707014,0,-0.46551522969392684,-0.24955188845481852,-0.371553129892465,-0.0390889313076186,3
7554,US-Var,2017-10-21,US-Var,Grasslands,38.4133,-120.9507,0.7,2.4,0.4713540750753832,13.605799999999997,0.7117119791666665,1.470552291666667,-0.9398560579418952,0.341570769167856,-0.11509147214038905,0.028373617516647194,0.49326034591282353,0.11509147214038905,0,-0.10032859711973541,-0.09714298047938952,-0.1478028388220422,-0.0390889313076186,3
7555,US-Var,2017-10-28,US-Var,Grasslands,38.4133,-120.9507,0.4,2.5,0.1734718398795326,21.621583333333326,1.6018662499999996,1.2107077083333335,-0.8919813464595487,0.4520722039323037,-0.0009010370378809973,0.1694233817941563,0.7251867716840474,0.0009010370378809973,0,0.18328854794096294,-0.1500916252355631,-0.03590003381904283,0.014462467817820006,3
7556,US-Var,2017-10-29,US-Var,Grasslands,38.4133,-120.9507,0.7,2.5,0.0983637870882028,19.128125,1.076341041666667,0.992780625,-0.8840675099433637,0.467359217158002,-0.06609604466908585,0.14477764894354986,0.6463167326824422,0.06609604466908581,0,0.005730379206223879,-0.23274292196721705,0.028724408753735643,-0.0547012723960441,3
7557,US-Var,2017-11-05,US-Var,Grasslands,38.4133,-120.9507,0.6,1.3000001,0.5532172121262494,10.95565,0.4878693124999999,0.8981852083333335,-0.8214765533024145,0.5702422926917867,-0.06749212027231034,0.1755934574958166,0.44331039678763345,0.026073455475190785,0,0.040437629391216055,-0.2701057057224692,0.02719171551432214,-0.0662107062850066,3
7558,US-Var,2017-11-06,US-Var,Grasslands,38.4133,-120.9507,0.5,1.3000001,0.1865376431783321,11.284,0.4857657916666665,1.1444989583333334,-0.8115390590073611,0.5842981736283683,-0.042414795866010484,0.17005299489822995,0.45305944263700076,0.04241479586601049,0,0.06640030528862814,-0.2383761397319123,0.0447314468452527,-0.0662107062850066,3
7559,US-Var,2017-11-22,US-Var,Grasslands,38.4133,-120.9507,0.3,1.3000001,0.4053712060133225,16.87613541666667,0.4492589687499999,0.9010985416666668,-0.622046748440868,0.7829801036770625,0.27225657195284364,0.1583801165105794,0.7476491221171717,-0.06151415992619863,0,0.20614349179307334,0.1576443720105238,0.4529818520549337,-0.0662107062850066,3
7560,US-Var,2017-11-30,US-Var,Grasslands,38.4133,-120.9507,0.6,0.90000004,0.3654511924078329,11.2809,0.2887623729166667,1.1271837499999997,-0.5086709438521042,0.8609610158889945,0.08114092202594432,0.11424852090696963,0.4627264911823694,-0.0811409220259443,0,0.05439553087018489,-0.017362374317474,0.2063896095251221,-0.0390889313076186,3
7561,US-Var,2017-12-07,US-Var,Grasslands,38.4133,-120.9507,0.6,1.3000001,0.4191018999398784,10.469754166666666,0.5724622916666668,1.2308797916666665,-0.4014879892059737,0.9158642882672868,-0.07938648780045039,0.08768502496545953,0.4473215662962454,0.07938648780045039,0,-0.16584219203123174,0.009478213545173114,-0.08179548491529257,-0.0390889313076186,3
7562,US-Var,2017-12-08,US-Var,Grasslands,38.4133,-120.9507,0.4,1.1,0.3611238452008108,11.019910416666669,0.5160706250000001,1.4088933333333336,-0.3856634062436074,0.9226395488404876,0.031006811737314243,0.05242020462154341,0.42584159414095824,-0.031006811737314247,0,-0.02839221000531085,0.07079071721508906,0.05062192800216451,-0.0390889313076186,3
7563,US-Var,2018-02-01,US-Var,Grasslands,38.4133,-120.9507,1.0,1.8000001,0.7977541055905832,13.902395833333326,0.4463949999999999,1.1307084583333336,0.5234156073655503,0.8520775211013093,-0.0950344048046563,0.05068078434091051,0.5694038175664489,0.0950344048046563,0,-0.1150977769111059,-0.13261193767170454,-0.03739349983115846,-0.0390889313076186,3
7564,US-Var,2018-02-02,US-Var,Grasslands,38.4133,-120.9507,1.1,1.6,0.8080451815163909,14.784085416666668,0.4762889374999999,1.1909271875000005,0.5380051715382996,0.8429415373547828,-0.15882387446149868,0.08514089701310215,0.5812026907078762,0.15882387446149868,0,-0.1821234797791755,-0.2298893584081362,-0.06445878519718429,-0.0390889313076186,3
7565,US-Var,2018-02-09,US-Var,Grasslands,38.4133,-120.9507,1.4,2.3,1.244224305151992,15.480083333333337,0.6280966666666666,1.282409375,0.6354323008901774,0.7721565844991642,-0.17412544235082386,0.07020156464764168,0.6180814715362893,0.13742594734519217,0,-0.23344418954006518,-0.19231190820856495,-0.09662022930384151,-0.046824531196186535,3
7566,US-Var,2018-02-10,US-Var,Grasslands,38.4133,-120.9507,1.5,2.5,1.4544811965172673,13.854443749999994,0.7541362500000002,1.6890210416666662,0.6486295610349814,0.7611042586607747,-0.2465588728958744,0.03277820782401725,0.5930913370334494,-0.1555212659304089,0,-0.2784952862720239,-0.2129991900430419,-0.2481821423725573,-0.046824531196186535,3
7567,US-Var,2018-02-17,US-Var,Grasslands,38.4133,-120.9507,1.3,1.9,1.4310829253764294,12.87528125,0.7042354166666667,1.376445625,0.7354170229639855,0.6776147890466889,-0.2909560064847344,0.13916535268475028,0.5641351567139934,-0.2909560064847344,0,-0.3006303272892137,-0.42503177213907145,-0.14720592002591806,-0.046824531196186535,3
7568,US-Var,2018-02-25,US-Var,Grasslands,38.4133,-120.9507,1.2,2.1000001,1.311068900047916,8.784233333333333,0.4954902083333334,1.233043875,0.8214765533024142,0.5702422926917871,-0.09191325975385882,0.010840872518113512,0.42401386552111575,-0.09191325975385883,0,-0.09964068764592396,-0.09657830073358706,-0.07952079088206546,-0.046824531196186535,3
7569,US-Var,2018-03-05,US-Var,Grasslands,38.4133,-120.9507,0.9,2.4,1.7848094284818434,9.19258125,0.4886643333333333,1.550401666666667,0.8919813464595485,0.4520722039323043,0.21690123486996557,0.030693408506888314,0.38125977123595095,0.2169012348699656,0,0.18182610086111736,0.2388418186205228,0.23003578512825654,-0.0390889313076186,3
7570,US-Var,2018-03-06,US-Var,Grasslands,38.4133,-120.9507,1.1,2.4,1.8354446199681,11.842743750000002,0.6684922916666666,1.319763125,0.8996308696522433,0.436651231956064,0.08789920571149534,0.03779610268532731,0.39455006653265917,0.08789920571149534,0,0.048188634900908627,0.09207494065694322,0.12343404157663415,-0.0390889313076186,3
7571,US-Var,2018-03-30,US-Var,Grasslands,38.4133,-120.9507,2.5,3.5,2.8580318803103606,19.021520833333337,0.9346560416666668,1.3493706249999995,0.9992500112396836,0.0387222808921744,-0.017103068385619476,0.17452601471606374,0.6635902093094743,-0.01710306838561948,0,-0.20244021345607743,0.1440997058705073,0.007031302428711701,-0.007819291896382932,3
7572,US-Var,2018-04-14,US-Var,Grasslands,38.4133,-120.9507,3.6,4.2000003,3.6537462209274016,16.856625,0.7922825000000001,1.1252645833333337,0.9760105506323684,-0.2177232303965317,-0.4947532018407717,0.2548749411825505,0.602541151445173,-0.49475320184077165,0,-0.5370127267912751,-0.7258571307234093,-0.2213897480076309,-0.1309380210132939,3
7573,US-Var,2018-04-15,US-Var,Grasslands,38.4133,-120.9507,1.7,3.1000001,3.5113533021027448,14.786645833333331,0.5041658541666667,1.7694129166666668,0.9721181966290612,-0.2344913895704098,0.5596215349053311,0.2509560162033592,0.6863088355558431,0.5596215349053311,0,0.5690861594913305,0.8057113462971157,0.3040670989275469,-0.1092110077113705,3
7574,US-Var,2018-04-22,US-Var,Grasslands,38.4133,-120.9507,3.6,4.6,4.127760420118826,20.340583333333328,1.01204375,1.20767625,0.9368813462954316,-0.3496474552512284,-0.24302535709598813,0.22575194533633391,0.6726129157010078,-0.24302535709598816,0,-0.5026875836376173,-0.1330836104244855,-0.09330487722586156,-0.10287624816621056,3
7575,US-Var,2018-04-23,US-Var,Grasslands,38.4133,-120.9507,4.4,4.6,4.592303709576852,20.6755625,1.184035208333333,1.1855795833333334,0.9307239310379796,-0.3657225234972689,-0.8132369824018463,0.3252901801462845,0.8452674020332331,-0.8132369824018464,0,-1.0955757811073055,-0.886607330785453,-0.4575278353127802,-0.23834783171632196,3
7576,US-Var,2018-05-08,US-Var,Grasslands,38.4133,-120.9507,4.3,5.8,3.341044270550672,20.89216666666666,1.1960315208333332,1.1680233333333332,0.8064799463209448,-0.5912614448635781,-0.29466609359856705,0.2638695892743903,0.5795833688790749,0.294666093598567,0,-0.4399847172948267,0.009917846844940965,-0.45393141034581536,-0.10555654803309356,3
7577,US-Var,2018-05-09,US-Var,Grasslands,38.4133,-120.9507,4.6,5.5,2.7439322732257296,18.84322916666667,0.8600547083333333,1.1735049999999998,0.7961828637826158,-0.6050560696488488,-0.7131119842028433,0.10723502383611012,0.5160743257809328,0.7131119842028433,0,-0.8359998293199767,-0.6385043433632713,-0.6648317799252818,-0.2051636985086687,3
7578,US-Var,2018-06-01,US-Var,Grasslands,38.4133,-120.9507,2.2,6.0,1.2479654847414392,19.614204166666667,1.3252857708333334,1.4075331249999998,0.5012418134457758,-0.865307254363206,0.31963732135697426,0.10434470406615423,0.9847079212598736,-0.3196373213569743,0,0.39162265741710384,0.19997027964603895,0.3673190270077801,-0.0212031526367829,3
7579,US-Var,2018-06-02,US-Var,Grasslands,38.4133,-120.9507,2.6,6.2000003,1.436150298586141,25.555666666666664,2.263301875,1.1280570833333332,0.48627270710869,-0.8738071036110808,0.0512505586593206,0.20099369036337852,1.2557289084165575,-0.0512505586593206,0,-0.084269468324503,0.28217982562938454,-0.044158681326919746,-0.005922129834216613,3
7580,US-Var,2018-06-10,US-Var,Grasslands,38.4133,-120.9507,3.0,6.6,0.6729946494246323,19.0647875,1.4931774583333337,1.702266145833334,0.3617137307297676,-0.9322892131745132,0.36867097910385765,0.11648007945672177,0.7724148544641111,-0.3686709791038578,0,0.29730672481487147,0.5030848960507083,0.30562131644599333,-0.06862472431895218,3
7581,US-Var,2018-06-17,US-Var,Grasslands,38.4133,-120.9507,1.9,5.1,0.1410954860937875,18.515666666666664,1.0079443145833331,1.116758625,0.2470221804809355,-0.9690098257244062,0.6004271389080259,0.16811115184480915,0.9468592100689669,-0.6004271389080258,0,0.7091783203556595,0.40679909838566386,0.6853039979827545,-0.05197938729244784,3
7582,US-Var,2018-06-18,US-Var,Grasslands,38.4133,-120.9507,2.0,6.5,0.2713118423563279,21.4653125,1.357415541666667,1.4054122916666665,0.2303056702306122,-0.973118337233262,0.3892752763572099,0.1905383208532655,1.0940872151669994,-0.3892752763572098,0,0.37060253133171994,0.20876079119875088,0.5884625065411587,-0.020247460072527756,3
7583,US-Var,2018-06-26,US-Var,Grasslands,38.4133,-120.9507,2.3,8.0,0.2227697206904212,24.7001875,2.1498025000000003,1.2534016666666667,0.0945367498171991,-0.9955213724144752,0.15245290872090955,0.1625970370926477,1.039061660361893,-0.15245290872090944,0,0.10873181740797344,0.3324404479683274,0.01618646078642784,-0.05289866104441856,3
7584,US-Var,2018-07-03,US-Var,Grasslands,38.4133,-120.9507,2.0,7.0,0.1667939949267125,22.06920833333333,1.3531379375,1.2632564583333334,-0.0258184402271323,-0.9996666485105112,0.3152519014934803,0.14629312626276497,1.0523672803890194,-0.3152519014934805,0,0.32938439647962015,0.16240539734391612,0.45396591065690467,-0.041389227155456045,3
7585,US-Var,2018-07-04,US-Var,Grasslands,38.4133,-120.9507,1.8,6.3,0.1324211959931542,19.97475,1.0594415916666666,1.3219095833333332,-0.0430222330045303,-0.99907411510223,0.4050994425333978,0.15413146342934264,1.107467458137813,-0.4050994425333978,0,0.4550023841673265,0.2321993984516624,0.5280965449812044,-0.020247460072527756,3
7586,US-Var,2018-07-11,US-Var,Grasslands,38.4133,-120.9507,1.3,7.5,0.1140689215899038,27.63533333333333,2.7468445833333326,1.338874583333333,-0.1628070129385164,-0.9866579328916572,0.10697481609233173,0.16701702293382523,0.7398161124733256,-0.10697481609233161,0,0.17373427499426672,0.23028607851715313,-0.08309590523442464,-0.08120033947070518,3
7587,US-Var,2018-07-12,US-Var,Grasslands,38.4133,-120.9507,2.0,7.8,0.0688238918097978,27.85322916666667,2.7286697916666665,1.3584845833333332,-0.1797665857255621,-0.9837092937736098,-0.08171945101213542,0.07683046543293558,0.7124607883554821,0.08171945101213551,0,-0.01381415279200042,-0.06622947404037544,-0.1651147262040304,-0.06862472431895218,3
7588,US-Var,2018-07-19,US-Var,Grasslands,38.4133,-120.9507,2.2,7.8,0.1652876767923293,29.10364583333333,2.9773812500000005,1.3977352083333334,-0.2967128192734901,-0.9549667548552552,-0.3140146329325492,0.033415433303033495,0.7786655170232416,0.3140146329325493,0,-0.28065022876698753,-0.31391280737482413,-0.347480862655836,-0.06862472431895218,3
7589,US-Var,2018-07-20,US-Var,Grasslands,38.4133,-120.9507,1.1,8.0,0.1789729980716876,27.56731249999999,2.567634791666667,1.559915625,-0.3131070409358267,-0.9497178427914316,0.15254529114341717,0.05445081692652794,0.7050517243431121,-0.15254529114341708,0,0.1466293237636607,0.20971252184372252,0.10129402782286823,-0.04634296460474924,3
7590,US-Var,2018-07-27,US-Var,Grasslands,38.4133,-120.9507,0.9,7.9,0.0990660711025909,26.723979166666663,2.3007699999999995,1.0296145833333334,-0.4250003399695539,-0.9051931898913976,0.07103476163352801,0.130452590844691,0.8553559316518016,-0.07103476163352807,0,0.20028162531406093,0.07341367773459609,-0.060591018148073,-0.04112423748155578,3
7591,US-Var,2018-07-28,US-Var,Grasslands,38.4133,-120.9507,1.9,7.6,0.092665772395255,26.902479166666662,2.3692241666666667,1.0135622916666664,-0.4405187843504952,-0.8977433935342336,-0.07723742605052539,0.0985510408677937,0.8222665158732718,0.0772374260505253,0,0.022315478234090233,-0.07927267908242995,-0.17475507730323644,-0.06862472431895218,3
7592,US-Var,2018-08-04,US-Var,Grasslands,38.4133,-120.9507,1.1,8.0,0.1151739468231111,27.09950000000001,2.7467666666666664,1.3772174999999998,-0.5452404385406507,-0.8382797052177745,-0.1191663796259319,0.12471174248226818,0.7999344937924635,0.1191663796259319,0,-0.0504133362767817,-0.043962871251067924,-0.26312293134994613,-0.04634296460474924,3
7593,US-Var,2018-08-05,US-Var,Grasslands,38.4133,-120.9507,1.5,6.9,0.0503947841709636,24.1891875,1.9599797916666668,1.2611997916666666,-0.5595892624101763,-0.828770087174504,0.10997746286318473,0.09528062758434377,0.7625277587140051,-0.10997746286318466,0,0.1778912977839159,0.1509817437832891,0.0010593470223492288,-0.05407856449331717,3
7594,US-Var,2018-08-12,US-Var,Grasslands,38.4133,-120.9507,0.9,7.2000003,0.19482078213551,27.401083333333336,2.9249229166666666,1.3540133333333328,-0.655156357209085,-0.7554933140726804,-0.08788821408091617,0.11733711748242955,0.7230987024189399,0.08788821408091618,0,-0.038464753075703184,-0.0033479868629164855,-0.22185190230412882,-0.04634296460474924,3
7595,US-Var,2018-08-13,US-Var,Grasslands,38.4133,-120.9507,1.8,7.2000003,0.0718770280866147,25.25529166666666,2.2815600000000007,1.2562047916666668,-0.6680638642135333,-0.7441039398713608,-0.13827723255390298,0.06343027108925295,0.7547639155263942,0.138277232553903,0,-0.06730344844693918,-0.1580975752869477,-0.189430673927822,-0.06862472431895218,3
7596,US-Var,2018-08-20,US-Var,Grasslands,38.4133,-120.9507,1.6,6.9,0.0329855325922964,24.28333333333332,2.0335039583333336,1.277551875,-0.7526668275320083,-0.6584015846980489,-0.09977388548807763,0.06361614190395413,0.7807650830558353,0.09977388548807764,0,-0.027207029239240038,-0.12618046991805454,-0.1459341573069383,-0.06862472431895218,3
7597,US-Var,2018-08-28,US-Var,Grasslands,38.4133,-120.9507,1.0,4.9,0.0167529531672695,19.657958333333333,0.8122121166666666,1.0872160416666663,-0.8359254794186365,-0.5488429582847199,0.19870038430676443,0.0764394587599115,0.9610695777712172,-0.1987003843067644,0,0.1104918083149995,0.24552977718814764,0.24007956741714623,0.003758906944303018,3
7598,US-Var,2018-08-29,US-Var,Grasslands,38.4133,-120.9507,1.6,5.0,0.0523474018421638,19.953499999999995,1.0044925416666666,1.2243889583333336,-0.8452490573530634,-0.5343725582809785,-0.007778118452355991,0.08098763015143753,0.7575214862150412,0.0077781184523559865,0,-0.0118560843991414,0.07517145642870154,-0.08664972738662811,0.01930248308100504,3
7599,US-Var,2018-09-05,US-Var,Grasslands,38.4133,-120.9507,1.2,6.0,0.0643967236476216,23.29010416666668,1.7289735416666667,1.2590260416666668,-0.9033558023246842,-0.4288919379124841,-0.00538161508966951,0.025026442507276387,0.6286109211354237,0.0053816150896695,0,0.015116097492307495,-0.033271493424462804,0.0020105506631467804,0.031168343039757015,3
7600,US-Var,2018-09-06,US-Var,Grasslands,38.4133,-120.9507,0.8,5.8,0.0562932179298936,22.93308333333333,1.7191940416666671,1.1685775000000005,-0.9106046300942162,-0.4132786077829044,0.09085867124280082,0.05126746138918052,0.7099031877292757,-0.09085867124280078,0,0.1355613621233738,0.03489773389308958,0.10211691771193904,-0.041769231174501605,3
7601,US-Var,2018-09-13,US-Var,Grasslands,38.4133,-120.9507,1.0,4.9,0.0552505195292817,19.614166666666673,1.2543016666666666,1.0897456250000002,-0.9536809966304456,-0.300819807635668,-0.12327127911754106,0.04193946292913254,0.8362890611669925,0.1232712791175411,0,-0.129213865725217,-0.07867748229587293,-0.16192248933153328,-0.033870204184425136,3
7602,US-Var,2018-09-14,US-Var,Grasslands,38.4133,-120.9507,0.6,4.4,0.031009103114528,19.686333333333337,1.4393056249999994,1.0129024583333337,-0.9587178169872964,-0.2843591872810036,-0.03518131315669765,0.05646465225522656,0.9047565021271158,0.03518131315669759,0,-0.04676023036139503,0.026175253176562628,-0.08495896228526054,0.003758906944303018,3
7603,US-Var,2018-09-21,US-Var,Grasslands,38.4133,-120.9507,0.8,5.2000003,0.1069268977569282,24.821375,2.463638125,1.2937822916666666,-0.9859481499638304,-0.1670516255021195,0.09543412198254515,0.08046952966377893,0.6513369520432069,-0.0954341219825452,0,0.11656671205401131,0.1632285660446749,0.006507087848949281,-0.0390889313076186,3
7604,US-Var,2018-09-22,US-Var,Grasslands,38.4133,-120.9507,0.4,5.4,0.092911837236433,23.97129166666667,2.357917708333333,1.2831310416666664,-0.9886775902323404,-0.1500553983446526,0.08197086734240293,0.07302267611174158,0.6118997931970367,-0.08197086734240294,0,0.16556784521553541,0.04971020805306569,0.030634548758607653,-0.041769231174501605,3
7605,US-Var,2018-09-29,US-Var,Grasslands,38.4133,-120.9507,0.9,3.8,-0.0329818334709726,17.70908333333333,0.7566443750000001,1.1343591666666668,-0.9995462806873572,-0.0301203048469083,-0.2513889216092582,0.18796601650656158,0.6125500303084274,0.2513889216092582,0,-0.46734965006078333,-0.12464832853734498,-0.16216878622964626,-0.0662107062850066,3
7606,US-Var,2018-09-30,US-Var,Grasslands,38.4133,-120.9507,0.8,3.4,0.0285195947682815,19.824645833333328,1.0634268749999998,1.10313,-0.999916658654738,-0.0129102960750088,-0.13315648544625627,0.047599871842374915,0.7306115029973995,0.13315648544625625,0,-0.17814174624979273,-0.13801330718230742,-0.0833144029066687,-0.0390889313076186,3
7607,US-Var,2018-10-24,US-Var,Grasslands,38.4133,-120.9507,0.4,2.5,0.0813615932437396,16.912835416666667,1.1538462500000002,1.1061779166666668,-0.9209712877166346,0.3896304495307877,-0.12432876073975757,0.1116155153800734,0.5729135006091155,0.12432876073975757,0,-0.04120541164127763,-0.2511893502853126,-0.08059152029268252,-0.0390889313076186,3
7608,US-Var,2018-10-31,US-Var,Grasslands,38.4133,-120.9507,0.2,2.8,0.0882337478120179,15.872489583333332,1.1956208333333334,1.0879857500000003,-0.867456354729597,0.4975132889071803,-0.15657377473484016,0.05601414446085329,0.49432714890357554,0.06695872964112407,0,-0.19065639479641286,-0.18713882601202608,-0.09192610339608148,-0.0390889313076186,3
7609,US-Var,2018-11-01,US-Var,Grasslands,38.4133,-120.9507,0.4,3.0,0.0631103240626983,18.58275,1.3489133333333332,1.1193656249999997,-0.858763958275803,0.5123714121284235,-0.16718490779961534,0.05865180913440213,0.5245236397802406,0.16718490779961534,0,-0.12462415454822762,-0.23408843016016842,-0.14284213869044995,-0.0390889313076186,3
7610,US-Var,2018-11-08,US-Var,Grasslands,38.4133,-120.9507,0.3,3.8,0.0700726412583382,12.995420833333334,1.1135102083333333,1.1500788124999997,-0.7909456567567774,0.6118864012687242,-0.27231601862391563,0.2690843907493852,0.760539811377544,0.18753869885940794,0,-0.57511501170336,-0.06057593302903269,-0.18125711113935425,-0.08059448845200758,3
7611,US-Var,2018-11-09,US-Var,Grasslands,38.4133,-120.9507,0.3,1.6,0.0482272771293779,13.523383333333337,1.1581852083333335,1.3092204166666668,-0.780295851070776,0.6254105729852457,-0.13747965604036427,0.20074347065836065,0.5303208578022229,0.13747965604036427,0,0.013752076860923786,-0.36522922432830407,-0.06096182065371255,-0.0662107062850066,3
7612,US-Var,2018-11-16,US-Var,Grasslands,38.4133,-120.9507,0.1,1.0,0.0568512448303651,12.65879375,0.9694235416666666,1.148605,-0.6994583270516471,0.7146733860429608,-0.11703388857412762,0.17140842122224936,0.6560446413074209,-0.0307363782348578,0,0.005011278930999709,-0.31299934795333606,-0.04311359670004653,-0.0662107062850066,3
7613,US-Var,2018-11-17,US-Var,Grasslands,38.4133,-120.9507,0.3,1.1,0.0331053952464873,12.635362499999996,0.9510347916666668,1.3001912500000004,-0.6870527672236675,0.726607524768565,-0.16607443922710818,0.13810993160791507,0.6035035379328331,0.16607443922710818,0,-0.05913115280759336,-0.32199950271207256,-0.11709266216165867,-0.0390889313076186,3
7614,US-Var,2018-12-02,US-Var,Grasslands,38.4133,-120.9507,0.2,0.8,0.3944121182915517,8.415122916666666,0.2351669791666666,1.0650631250000002,-0.4787338401157883,0.8779600847008883,0.15267419328493867,0.0743498573336435,0.48477924648400306,0.15267419328493867,0,0.21536513682175332,0.07053221096333409,0.1721252320697286,-0.0390889313076186,3
7615,US-Var,2018-12-03,US-Var,Grasslands,38.4133,-120.9507,0.2,1.1,0.5067325941555062,9.230058333333334,0.44142125,1.0716254166666672,-0.4635502709028512,0.8860706215341377,0.08765782811977312,0.0022254286439957745,0.45567508233632037,0.08765782811977313,0,0.0899140421356969,0.08546451860276486,0.0875949236208576,-0.0390889313076186,3
7616,US-Var,2018-12-11,US-Var,Grasslands,38.4133,-120.9507,1.0,0.7,0.3311594582701725,10.127246875,0.1924448958333332,0.8300290416666668,-0.3375228995941134,0.941317317512847,0.017192879220887126,0.19739817956097452,0.5183989696742439,-0.01719287922088708,0,-0.04546523976641366,-0.14127139991386822,0.23831527734294325,0.014462467817820006,3
7617,US-Var,2018-12-26,US-Var,Grasslands,38.4133,-120.9507,0.3,0.8,0.4533914254438337,8.180706249999998,0.2285178458333333,1.2206797916666672,-0.0859647987374467,0.9962981749346076,0.015429741320081944,0.024447816044092054,0.4249699241537934,0.015429741320081958,0,0.0085003215511011,-0.004805402499083865,0.042594304908228596,0.04158424279520798,3
7812,US-WCr,2016-06-22,US-WCr,Mixed Forests,45.8059,-90.0799,4.4,4.6,2.883174896757806,18.39182020833333,0.6854514645833333,1.5037431395833327,0.1457991969198751,-0.9893142039703664,-0.7776215062603674,0.03881723401421648,0.8072488751864293,0.7776215062603674,2,-0.8024257053739096,-0.7975511470877181,-0.7328876663194743,-0.1957262421499665,3
7813,US-WCr,2016-08-17,US-WCr,Mixed Forests,45.8059,-90.0799,4.1,4.0,3.1281152378081334,21.000121875,0.5342279303333334,1.7052763249999996,-0.7295575540864876,-0.6839194216246105,0.5572963551784734,0.20855269125022788,0.6913905821907438,-0.5572963551784733,2,0.3250746647898012,0.7286253125506412,0.618189088194978,-0.1092110077113705,3
7814,US-WCr,2016-08-25,US-WCr,Mixed Forests,45.8059,-90.0799,4.1,4.2000003,2.5801098701863507,17.255808749999996,0.4099209202416667,2.9316181458333337,-0.8165380514459157,-0.5772916165517278,0.4660257409161181,0.1846443070128819,0.6737635152610061,-0.46602574091611815,2,0.2879557414169336,0.6566079049345254,0.45351357639689516,-0.08849246599920958,3
7815,US-WCr,2016-09-02,US-WCr,Mixed Forests,45.8059,-90.0799,3.4,3.4,2.700867386332312,14.94754570833333,0.39026846375,1.6272989541666665,-0.888057322629493,-0.4597327394521046,0.026147590413804506,0.07149339959800535,0.5781234349166021,-0.026147590413804545,2,-0.03414438376776141,0.10512967658147027,0.007457478427704667,-0.061370691021821556,3
7816,US-WCr,2016-09-18,US-WCr,Mixed Forests,45.8059,-90.0799,2.8,3.4,2.137520965491835,16.788050208333335,0.4136069755,2.1227046104166667,-0.97961369164549,-0.2008905551306352,-0.21992259428604663,0.059922530889986766,0.5776046203555566,0.21992259428604666,2,-0.2648055804727909,-0.15187575203841616,-0.24308645034693277,-0.061370691021821556,3
7817,US-WCr,2016-11-05,US-WCr,Mixed Forests,45.8059,-90.0799,0.4,1.9,0.3628608107481541,14.132861020833332,0.7660957270833335,2.0741706270833333,-0.8115390590073611,0.5842981736283683,0.06668862985279862,0.05493371899784179,0.6238744304614988,-0.06668862985279862,2,0.11295543200657737,0.0811351535600432,0.005975303991775316,-0.0390889313076186,3
7818,US-WCr,2017-04-06,US-WCr,Mixed Forests,45.8059,-90.0799,1.2,2.7,0.6397939128626797,1.3847423460416666,0.294528699375,4.5786854375,0.9966589017541702,-0.0816763953304224,0.3297381231683195,0.1205513777049111,0.6560206480636636,-0.3297381231683195,2,0.38459329315464363,0.4131068260682126,0.19151425028210234,-0.046824531196186535,3
7819,US-WCr,2017-04-22,US-WCr,Mixed Forests,45.8059,-90.0799,1.0,4.5,0.9359247092539138,12.1069838125,0.9483209416666666,2.777581460416666,0.9368813462954316,-0.3496474552512284,0.31819005631759806,0.09726001127621405,0.6415891923451232,-0.31819005631759806,2,0.42953607782436387,0.27520788534771334,0.24982620578071701,-0.0390889313076186,3
7820,US-WCr,2017-06-01,US-WCr,Mixed Forests,45.8059,-90.0799,5.0,5.2000003,1.8839766762522805,17.102291250000004,1.0963403229166666,1.6706935916666663,0.5012418134457758,-0.865307254363206,-1.522087441141652,0.12688495518806206,0.6499428317079838,1.522087441141652,2,-1.4382638965525427,-1.4599319184657662,-1.6680665084066475,-0.22477795366183545,3
7821,US-WCr,2017-06-09,US-WCr,Mixed Forests,45.8059,-90.0799,5.3,5.0,2.9492945424482837,17.75304125,0.6974500111458332,1.3998286041666663,0.3777079652039649,-0.9259247771938498,-1.5954717534235145,0.10940222169656082,0.8770790619452867,1.5954717534235145,2,-1.5401825936174038,-1.5247487689666948,-1.7214838976864453,-0.18193011540991386,3
7822,US-WCr,2017-07-19,US-WCr,Mixed Forests,45.8059,-90.0799,4.8,4.8,5.253409131566565,20.41690250000001,0.7381914666666667,1.531300625,-0.2967128192734901,-0.9549667548552552,-0.42630228655114966,0.32135289892454727,0.7681951529852589,-0.42630228655114966,2,-0.7699926963942831,-0.37559899132067437,-0.13331517193849163,-0.10287624816621056,3
7823,US-WCr,2017-08-12,US-WCr,Mixed Forests,45.8059,-90.0799,4.2,4.0,3.387745657008504,17.594867500000007,0.6722337916666666,1.749380479166667,-0.655156357209085,-0.7554933140726804,0.06017196068497268,0.29747471515769064,0.6033312084345794,-0.06017196068497266,2,-0.27931255680770684,0.27523422544654963,0.18459421341607524,-0.10287624816621056,3
7824,US-WCr,2017-08-20,US-WCr,Mixed Forests,45.8059,-90.0799,3.8,3.6000001000000004,2.894515208789489,20.53204645833333,0.3301837602083333,2.5343954708333336,-0.7526668275320083,-0.6584015846980489,1.242418841228282,0.08966477771358897,0.5700535815095111,-1.242418841228282,2,1.1823159427391823,1.3454805880844294,1.1994599928612342,-0.10064364798257479,3
7825,US-WCr,2017-09-13,US-WCr,Mixed Forests,45.8059,-90.0799,2.9,3.4,2.7731128184911897,20.260662291666662,0.5468942270833332,2.0014099583333333,-0.9536809966304456,-0.300819807635668,0.17145084639319327,0.04336350078234773,0.6833598006676577,-0.1714508463931933,2,0.12141935825492672,0.19820752300080746,0.19472565792384566,-0.061370691021821556,3
7826,US-WCr,2017-12-02,US-WCr,Mixed Forests,45.8059,-90.0799,0.3,0.8,0.0544572371777028,2.8289050171041663,0.2860246833333332,2.5960805,-0.4787338401157883,0.8779600847008883,0.1229307643785168,0.0820361638175725,0.5063719308736336,-0.1229307643785168,2,0.17213332511039214,0.02822767813731525,0.168431289887843,-0.0390889313076186,3
7827,US-WCr,2018-06-20,US-WCr,Mixed Forests,45.8059,-90.0799,4.3,4.1,3.7089094952902473,19.26238208333333,0.5860226129166667,1.21806998125,0.1966728897935764,-0.980469160361632,-0.4278488350758746,0.1009704634765339,0.7785180145764159,0.4278488350758746,2,-0.5155832093488105,-0.45048010034898056,-0.31748319552983273,-0.061370691021821556,3
7828,US-WCr,2018-06-28,US-WCr,Mixed Forests,45.8059,-90.0799,5.7,5.6,4.285964022713462,22.97735083333333,0.7483815566562502,2.1324809104166658,0.060213277365793,-0.9981855344718586,-0.7914480446552362,0.18146105310005867,0.7598500453474067,0.7914480446552362,2,-0.8025330612691768,-0.604698594987887,-0.967112477708645,-0.5480667096030473,3
7829,US-WCr,2018-07-14,US-WCr,Mixed Forests,45.8059,-90.0799,5.4,5.0,4.923314092386613,23.61789,0.8076547993750002,1.384734135416667,-0.2135209154397959,-0.9769384927771816,-0.5314444731474878,0.24999909435949932,0.8868608133618036,0.42192734207928606,2,-0.8197097464920026,-0.3740115989480671,-0.4006120740023935,-0.11045322641576316,3
7830,US-WCr,2018-07-30,US-WCr,Mixed Forests,45.8059,-90.0799,4.6,4.2000003,5.464999364452754,20.21961437500001,0.5887523499999999,1.2317464750000002,-0.4711595076738639,-0.8820480249558535,0.07148560044449097,0.3711176361299227,0.744133983912273,0.07148560044449093,2,-0.3495478243611586,0.21289051035323536,0.35111411534139614,0.03609826555125838,3
7831,US-WCr,2018-10-18,US-WCr,Mixed Forests,45.8059,-90.0799,0.9,2.5,0.3863398483184857,7.257239102083335,0.4930205166666666,3.779148770833333,-0.9562348265919058,0.2926003356333479,0.032961808547403625,0.09332394989552496,0.5381875527116612,-0.032961808547403604,2,0.07984563022878793,0.09354840520573571,-0.07450860979231277,-0.0390889313076186,3
7843,US-xDC,2018-10-19,US-xDC,Grasslands,47.16165,-99.10656,0.6,2.0,0.9949480858262312,9.3486402643031,0.5525950000000001,6.687641263044356,-0.9510565162951536,0.3090169943749472,0.5478334933348751,0.14747854507269306,0.9009439152098396,0.24206267831758732,2,0.5629779065633824,0.6871554878237676,0.39336708561747546,-0.01185343414412247,3
7844,US-xDC,2018-10-20,US-xDC,Grasslands,47.16165,-99.10656,0.6,1.4,0.7712220093130842,0.1526629558823924,0.2651002083333333,3.783241450150652,-0.9455963874271428,0.3253420847119795,0.31885877078679964,0.10381755177161663,0.6875191646931097,0.023585247839368717,2,0.2112170282882534,0.41837455980336713,0.32698472426877845,-0.0390889313076186,3
7868,US-xSL,2017-07-04,US-xSL,Croplands,40.4619,-103.0293,0.9,6.9,1.1129637983427605,25.13990745017972,1.6921345833333332,2.4483002531283824,-0.0430222330045303,-0.99907411510223,0.5950773431976909,0.19963848927696304,0.7380210297075533,-0.16914974651216996,1,0.3646003617359194,0.7142903984318631,0.70634126942529,-0.07979949912729718,3
7869,US-xSL,2017-11-01,US-xSL,Croplands,40.4619,-103.0293,0.7,3.9,0.4406428834404512,12.363782558588502,0.9569822916666668,3.0319387943467335,-0.858763958275803,0.5123714121284235,-0.043187569888410625,0.2010678061199863,0.6105721037216884,0.04318756988841063,1,0.11913042295293613,0.0194168315287237,-0.2681099641468917,-0.0662107062850066,3
7870,US-xSL,2018-05-20,US-xSL,Croplands,40.4619,-103.0293,3.0,3.1000001,2.9832440612990454,10.707184492368636,0.3215270833333334,1.9761521298323024,0.6680638642135335,-0.7441039398713607,-0.5229127883113791,0.19330916113870328,0.5561457746112181,-0.4894009109094699,1,-0.6860168325921149,-0.573331349387878,-0.30939018295414433,-0.11655423884629301,3
7871,US-xSL,2018-11-04,US-xSL,Croplands,40.4619,-103.0293,0.7,2.0,0.3752160151946827,5.337249019942477,0.4603962499999999,2.4993435031020845,-0.8311706263658079,0.5560174366570446,-0.18322612271644165,0.061061716460380874,0.4338349423335422,0.18322612271644165,1,-0.15966632021300928,-0.13745400405063102,-0.25255804388568454,-0.0390889313076186,3
7872,US-xST,2018-09-16,US-xST,Mixed Forests,45.50894,-89.58637,3.2,3.7,3.5432762457539737,23.334965574188608,0.7571504166666667,0.9474799273633788,-0.9679377830240642,-0.2511900638848195,-0.09536039882664156,0.16361553318217437,0.6138339932656254,-0.09536039882664155,1,-0.018655454570577434,-0.2832364689032676,0.015810726993920332,-0.08849246599920958,3
7891,manilacotton,2016-05-15,manilacotton,Croplands,35.8872,-90.1371,2.9,4.9,3.6422317700002327,15.540208333333334,89.45530648981247,1.5828020083333334,0.717676913675962,-0.6963762255968722,-75.06758263347717,4.809082683913039,108.90053985517004,-75.06758263347717,1,-72.49672757723924,-80.61567417258435,-72.09034615060791,-65.88878237590079,3
7892,manilacotton,2016-06-08,manilacotton,Croplands,35.8872,-90.1371,3.2,6.2000003,4.053291908774174,23.441875,128.94208901870832,0.8296312229166668,0.3777079652039649,-0.9259247771938498,-108.11400517293305,6.298425900143654,159.36455147539832,-108.11400517293305,1,-104.4592510145263,-115.38677001159,-104.49599449268285,-65.88878237590079,3
7893,manilacotton,2016-06-16,manilacotton,Croplands,35.8872,-90.1371,1.6,7.5,1.5070456629946214,28.85145833333333,108.16669176027084,1.0348527547916664,0.2470221804809355,-0.9690098257244062,-88.75279245846774,5.148791405961519,132.78600727442816,-88.56688378445698,1,-85.00719735652282,-94.62408234297266,-86.62709767590772,-65.88878237590079,3
7894,manilacotton,2016-07-18,manilacotton,Croplands,35.8872,-90.1371,5.6,6.5,6.319578440706649,29.13666666666666,48.50538980709376,0.7565208333333331,-0.2967128192734901,-0.9549667548552552,-42.03097154920824,1.4715220712981523,56.59988400009206,-42.03097154920824,1,-41.58141034221393,-43.6748357468576,-40.83666855855317,-65.88878237590079,3
7895,manilacotton,2016-07-26,manilacotton,Croplands,35.8872,-90.1371,6.2,6.4,6.982233604557017,28.71708333333334,99.22230125695832,0.8553333333333334,-0.4250003399695539,-0.9051931898913976,-85.41201136609419,3.8828144397164106,121.40242376463831,-85.41201136609419,1,-84.05026045031052,-89.7922751255559,-82.39349852241617,-65.88878237590079,3
7896,manilacotton,2016-08-03,manilacotton,Croplands,35.8872,-90.1371,4.2,5.0,6.100321812592447,28.505,87.67244241069997,0.6780833333333334,-0.5452404385406507,-0.8382797052177745,-73.90508221588034,3.7493679288279282,106.62272493464289,-73.90508221588034,1,-72.1027036732525,-78.21527919582876,-71.39726377855973,-65.88878237590079,3
7897,manilacotton,2016-08-27,manilacotton,Croplands,35.8872,-90.1371,3.5,4.3,4.731678379279972,26.27958333333333,74.72309879817081,0.6853124999999998,-0.8359254794186365,-0.5488429582847199,-62.65347929608141,3.257651954262661,90.08024430348924,-62.65347929608141,1,-61.171502657400126,-66.38864616502686,-60.40028906581725,-65.88878237590079,3
7898,manilacotton,2016-09-12,manilacotton,Croplands,35.8872,-90.1371,4.5,5.6,3.36873122750255,22.086250000000003,106.70074975497916,0.8601666666666664,-0.9536809966304456,-0.300819807635668,-90.9347074493467,4.6624541312396035,130.95663204796253,-88.6721699043518,1,-89.27979151468129,-96.19887799051222,-87.3254528428466,-65.88878237590079,3
7899,manilacotton,2016-09-20,manilacotton,Croplands,35.8872,-90.1371,3.5,4.9,3.428374511699525,24.41770833333333,88.45670274700208,0.4299375000000001,-0.9859481499638304,-0.1670516255021195,-74.66182075350126,3.8480457988166434,107.63696903008217,-74.51856977690032,1,-72.88336087112395,-79.07741806138205,-72.02468332799775,-65.88878237590079,3
7900,manilacotton,2016-09-28,manilacotton,Croplands,35.8872,-90.1371,3.4,5.9,4.1392704816277455,19.792916666666667,113.05323934374998,2.103,-0.9995462806873572,-0.0301203048469083,-95.39180119308666,4.9639598133702885,139.06731237387302,-95.39180119308666,1,-93.48295692267337,-101.02683570192967,-91.66561095465691,-65.88878237590079,3
7901,manilacotton,2016-10-06,manilacotton,Croplands,35.8872,-90.1371,2.2,5.2000003,2.3644941387919145,24.50666666666666,142.16071503625,1.4576666666666669,-0.994217906893952,0.107381346664163,-118.76084115696499,6.510450369397029,176.27512268761143,-118.76084115696499,1,-115.18891668063019,-126.27541410488587,-114.81819268537893,-65.88878237590079,3
7902,manilacotton,2016-10-22,manilacotton,Croplands,35.8872,-90.1371,1.5,2.9,1.7731925080383268,12.748208333333334,62.850995037562505,0.8589999999999997,-0.9275416835791964,0.3737197147904692,-52.145286187827374,3.6308830444526192,74.97396306990815,-52.145286187827374,1,-50.51120977399675,-56.30607339665886,-49.618575392826536,-65.88878237590079,3
7903,manilacotton,2016-10-30,manilacotton,Croplands,35.8872,-90.1371,2.3,4.0,2.1269563356202417,21.33833333333333,86.77110727000002,1.3021041666666664,-0.867456354729597,0.4975132889071803,-72.68328232547626,3.943429813508918,105.49338855347443,-72.33719499671673,1,-70.52921614555804,-77.23459776773063,-70.28603306314008,-65.88878237590079,3
7904,manilacotton,2017-05-26,manilacotton,Croplands,35.8872,-90.1371,3.7,5.7000003,7.891940078884832,24.85520833333334,118.89511442,3.0142916666666664,0.5877852522924732,-0.8090169943749473,-99.7684514585191,5.385803556766507,146.5202496919021,-99.7684514585191,1,-96.81669985150084,-105.98481793177199,-96.50383659228447,-65.88878237590079,3
7905,manilacotton,2017-06-11,manilacotton,Croplands,35.8872,-90.1371,2.4,7.3,5.090500026527342,23.743541666666665,59.661638933864594,0.9793124999999998,0.3456123126707335,-0.938377391740864,-48.939801904309654,2.806799658590756,70.78401221804734,-48.939801904309654,1,-46.931291349118474,-52.14690496051578,-47.7412094032947,-65.88878237590079,3
7906,manilacotton,2017-06-19,manilacotton,Croplands,35.8872,-90.1371,2.2,6.4,5.8305606805498025,22.782708333333336,131.14878154624998,1.0212500000000004,0.2135209154397961,-0.9769384927771816,-108.97589229882868,6.568071532001289,162.17934343202032,-108.97589229882868,1,-105.03720738755229,-116.55813369590066,-105.3323358130331,-65.88878237590079,3
7907,manilacotton,2017-06-27,manilacotton,Croplands,35.8872,-90.1371,3.9,5.3,5.720298502633835,25.991041666666664,72.8592744084375,3.461958333333333,0.077386479233463,-0.9970011699250152,-60.7146899908392,2.9802561907384035,87.67345132454716,-60.7146899908392,1,-59.38455539734537,-64.12839029961734,-58.63112427555489,-65.88878237590079,3
7908,manilacotton,2017-07-13,manilacotton,Croplands,35.8872,-90.1371,4.1,5.7000003,1.5797855442581796,23.815625,23.810884745520827,2.535708333333333,-0.1966728897935762,-0.980469160361632,-19.77260680927647,0.6594846245023146,25.069079479434894,-14.732177897792832,1,-19.68061817039788,-20.4732564102899,-19.163945847141633,-65.88878237590079,3
7909,manilacotton,2017-07-21,manilacotton,Croplands,35.8872,-90.1371,5.7,6.3,6.80377370451807,27.52208333333333,107.97403506287502,1.6134166666666665,-0.3294084822245302,-0.9441875088341994,-92.23440304702802,4.407417645091943,132.57715963163992,-92.23440304702802,1,-90.56895480628538,-97.23186508428238,-88.90238925051631,-65.88878237590079,3
7910,manilacotton,2017-07-29,manilacotton,Croplands,35.8872,-90.1371,5.6,5.7000003,6.2552149457129005,28.967916666666657,111.15090764020836,0.8736458333333332,-0.455906693508459,-0.8900275764346766,-94.90101708183938,4.617189511471768,136.643308000523,-94.90101708183938,1,-92.9876901828146,-100.1673004818748,-91.54806058082876,-65.88878237590079,3
7911,manilacotton,2017-09-07,manilacotton,Croplands,35.8872,-90.1371,3.7,4.0,3.1575807159595395,22.07437500000001,29.346240972966665,1.2937083333333337,-0.9175836260593934,-0.3975428142825566,-24.857876198163922,1.1081419998290027,32.20499536576445,-23.773037630083003,1,-24.854435525218292,-25.96773452835064,-23.751458540922826,-65.88878237590079,3
7912,manilacotton,2017-09-15,manilacotton,Croplands,35.8872,-90.1371,4.4,4.7000003,3.993010112320248,21.495000000000005,49.30191215091665,2.0288125,-0.9634705485641486,-0.2678143051621748,-42.26368350520517,1.948303594859721,57.630757176412956,-41.44970372984567,1,-42.28615944724809,-44.200651894343046,-40.30423917402438,-65.88878237590079,3
7913,manilacotton,2017-10-09,manilacotton,Croplands,35.8872,-90.1371,2.8,4.2000003,5.259466641222276,19.235208333333336,92.77906514791664,2.1294166666666667,-0.989932495087353,0.141540295217043,-77.891842148006,4.2173077694557035,113.16426098658044,-77.891842148006,1,-76.23540367146201,-82.68589591413969,-74.75422685841633,-65.88878237590079,3
7914,manilacotton,2017-10-25,manilacotton,Croplands,35.8872,-90.1371,2.1,3.7,2.1128651305843142,18.689166666666665,37.672724824375,3.1438333333333337,-0.9141279881853336,0.4054257283599973,-30.8745482710649,1.4669894568040338,42.82163281347393,-30.8745482710649,1,-30.60636713635542,-32.45712674848781,-29.560150928351476,-65.88878237590079,3
7915,manilacotton,2017-11-10,manilacotton,Croplands,35.8872,-90.1371,0.7,2.2,2.106642068270061,9.659458333333337,35.42080606157318,1.1644645845833332,-0.7694148268839381,0.6387494220515268,-28.6950969362078,2.5178929257825904,40.07727563064825,-28.6950969362078,1,-27.529066827803614,-31.584638627027644,-26.971585353792136,-65.88878237590079,3
7916,manilacotton,2018-06-06,manilacotton,Croplands,35.8872,-90.1371,1.8,6.1,2.470669114928881,26.035833333333343,174.2308351325,0.8446041666666666,0.4250003399695541,-0.9051931898913974,-144.87471457298287,8.798738702339222,217.26395621044185,-144.87471457298287,1,-139.25832486575453,-155.01502561119526,-140.3507932419989,-65.88878237590079,3
7917,manilacotton,2018-06-14,manilacotton,Croplands,35.8872,-90.1371,5.3,6.3,5.564950706518849,28.06375000000001,108.55443921937496,1.4937291666666666,0.2967128192734907,-0.9549667548552552,-92.45879789006774,4.5593908185655705,133.3130952331964,-92.45879789006774,1,-90.19335667230993,-97.70720516134979,-89.47583183654353,-65.88878237590079,3
7918,manilacotton,2018-07-16,manilacotton,Croplands,35.8872,-90.1371,5.5,6.2000003,6.4750302852920045,27.59895833333333,70.25328387781248,1.1397291666666671,-0.2470221804809352,-0.9690098257244064,-60.321559874617485,2.639831565651954,84.36885219283886,-60.321559874617485,1,-59.42788474574995,-63.29222771623812,-58.24456716186439,-65.88878237590079,3
7919,manilacotton,2018-07-24,manilacotton,Croplands,35.8872,-90.1371,5.9,6.3,6.362528723997146,24.344791666666666,93.01448306831249,1.0240833333333337,-0.3777079652039646,-0.92592477719385,-80.0896237537974,3.894606339361711,113.46536967507059,-80.08962375379741,1,-78.92275758146658,-84.43427686018218,-76.91183681974346,-65.88878237590079,3
7920,manilacotton,2018-09-02,manilacotton,Croplands,35.8872,-90.1371,4.7,5.3,5.647297635518731,26.806875,92.83935186250004,1.5754791666666668,-0.8800122039735356,-0.4749510720670502,-78.9024638760609,3.703698041678225,113.2330140328127,-78.9024638760609,1,-77.60315458107151,-83.08074796016363,-76.02348908694756,-65.88878237590079,3
7921,manilacotton,2018-09-18,manilacotton,Croplands,35.8872,-90.1371,3.2,4.9,2.5636559363152966,26.41604166666667,117.71865651101878,0.6386458333333335,-0.9760105506323682,-0.2177232303965322,-98.86921363500488,5.251991727486141,145.03249354271242,-97.59652550763548,1,-96.16230980864084,-104.92244435805601,-95.52288673831781,-65.88878237590079,3
7922,manilacotton,2018-10-04,manilacotton,Croplands,35.8872,-90.1371,2.9,4.6,2.1482468186210557,27.008750000000006,120.16033037958334,1.6793541666666665,-0.9984354211555644,0.055916990100603,-100.67271820471395,5.184937353730775,148.1529229971264,-99.16921184195606,1,-97.98228099422579,-106.6498625514211,-97.38601106849495,-65.88878237590079,3
