row_id,station,date,group,landcover,latitude,longitude,openet,eto,y,t_avg,vpd,ws,doy_sin,doy_cos,OpenET,Affine,LandcoverAffine
145,Almond_High,2019-01-04,Almond_High,Croplands,36.169669,-120.201004,1.6,2.5,0.5657079002983887,7.837560729166667,0.5576000375,1.148180775520833,0.0688024268023198,0.9976303053065856,1.6,1.4920814626194905,1.876357571470158
146,Almond_High,2019-01-12,Almond_High,Croplands,36.169669,-120.201004,1.2,0.7,1.3646137096668003,12.44484375,0.4358704062500001,1.1409832258958337,0.2051044998686192,0.9787400799669153,1.2,1.1370056956490018,1.4829197621577792
147,Almond_High,2019-01-13,Almond_High,Croplands,36.169669,-120.201004,0.9,0.7,0.6175913486458401,10.1428,0.2411664708333333,1.09715212475,0.2219215130041655,0.9750645322571948,0.9,0.8706988704211354,1.187841405173495
148,Almond_High,2019-01-21,Almond_High,Croplands,36.169669,-120.201004,1.0,3.1000001,1.455408541840829,9.626681250000004,0.3393695083333334,1.659308369125,0.3536761221763716,0.9353679493131484,1.0,0.9594678121637574,1.2862008575015897
149,Almond_High,2019-02-05,Almond_High,Croplands,36.169669,-120.201004,1.1,0.4,1.741929004070058,6.5697270833333326,0.25718669375,1.8880259258541665,0.5808002734538009,0.8140460935082178,1.1,1.0482367539063797,1.3845603098296846
150,Almond_High,2019-02-06,Almond_High,Croplands,36.169669,-120.201004,1.5,0.4,1.083380831533297,5.1946821875000015,0.2369136520833333,1.3276221462916669,0.5947266869607634,0.8039279618328213,1.5,1.4033125208768684,1.777998119142063
151,Almond_High,2019-02-22,Almond_High,Croplands,36.169669,-120.201004,1.9,2.3,1.6268213848533646,6.867954166666666,0.46926138125,1.7901229872916662,0.7909456567567772,0.6118864012687243,1.9,1.758388287847357,2.1714359284544416
152,Almond_High,2019-03-09,Almond_High,Croplands,36.169669,-120.201004,2.0,4.2000003,1.9125719288354823,8.116429166666665,0.3271810375,1.3526368737708332,0.9209712877166346,0.3896304495307879,2.0,1.8471572295899792,2.2697953807825364
153,Almond_High,2019-03-10,Almond_High,Croplands,36.169669,-120.201004,2.5,2.4,1.2906366341295397,8.228785416666666,0.3261017604166666,1.0765096824999998,0.9275416835791966,0.373719714790469,2.5,2.29100193830309,2.7615926424230093
154,Almond_High,2019-03-17,Almond_High,Croplands,36.169669,-120.201004,3.3,3.8,2.3753879410999925,15.300804166666666,0.9240655083333332,1.3145689834166665,0.9657399376548548,0.2595117970697999,3.3,3.001153472244067,3.5484682610477662
155,Almond_High,2019-03-18,Almond_High,Croplands,36.169669,-120.201004,3.6,3.8,3.4235631427972963,17.727920833333332,1.1495711895833334,1.3147514127083335,0.970063921851507,0.2428497220959356,3.6,3.267460297471934,3.8435466180320508
156,Almond_High,2019-03-26,Almond_High,Croplands,36.169669,-120.201004,3.8,3.8,3.077299366968373,15.263912499999996,0.6533818270833333,1.1369700340625002,0.994217906893952,0.107381346664163,3.8,3.444998180957178,4.04026552268824
157,Almond_High,2019-04-02,Almond_High,Croplands,36.169669,-120.201004,4.2,4.8,5.3652586653614325,16.234875000000002,0.6705711020833333,1.2678504086249998,0.999916658654738,-0.0129102960750088,4.2,3.8000739479276664,4.4337033320006185
158,Almond_High,2019-04-18,Almond_High,Croplands,36.169669,-120.201004,5.4,5.3,5.336477808562401,19.738395833333332,1.1248048895833336,1.1376089402708331,0.9587178169872964,-0.2843591872810034,5.4,4.865301248839133,5.614016759937755
159,Almond_High,2019-04-19,Almond_High,Croplands,36.169669,-120.201004,5.2,4.8,6.923782693520382,22.55672916666667,1.5967566854166666,1.3102561865000002,0.9536809966304456,-0.3008198076356673,5.2,4.687763365353888,5.417297855281564
160,Almond_High,2019-04-26,Almond_High,Croplands,36.169669,-120.201004,5.9,5.5,7.567374618531701,24.47172916666666,1.8595441229166667,1.27329577675,0.9106046300942164,-0.4132786077829042,5.9,5.309145957552243,6.105814021578228
161,Almond_High,2019-04-27,Almond_High,Croplands,36.169669,-120.201004,5.8,5.6,6.482815057765819,22.57533333333333,1.6504921250000002,1.2168267018541667,0.9033558023246844,-0.4288919379124835,5.8,5.220377015809621,6.007454569250132
162,Almond_High,2019-05-04,Almond_High,Croplands,36.169669,-120.201004,6.2,4.1,6.559937697784512,20.837354166666668,1.6388317895833329,1.212139022083333,0.8452490573530633,-0.5343725582809787,6.2,5.5754527827801095,6.400892378562512
163,Almond_High,2019-05-05,Almond_High,Croplands,36.169669,-120.201004,5.6,4.5,4.935977720795703,17.751479166666666,1.0947649312500003,1.7788572486874996,0.835925479418637,-0.548842958284719,5.6,5.042839132324376,5.810735664593944
164,Almond_High,2019-05-12,Almond_High,Croplands,36.169669,-120.201004,6.7,5.1,7.132804093608396,22.2355625,1.2931423875,1.2863745353333336,0.7638886127905428,-0.6453481132295501,6.7,6.019297491493221,6.892689640202985
165,Almond_High,2019-05-13,Almond_High,Croplands,36.169669,-120.201004,6.3,5.3,7.941737971530907,21.159770833333337,1.5506621125000002,1.1475798406041664,0.7526668275320084,-0.6584015846980488,6.3,5.664221724522731,6.499251830890605
166,Almond_High,2019-06-05,Almond_High,Croplands,36.169669,-120.201004,7.0,5.6,9.08666714336506,29.35682408333333,2.2897874854166664,1.2004376741354166,0.440518784350495,-0.8977433935342337,7.0,6.285604316721086,7.187767997187268
167,Almond_High,2019-06-06,Almond_High,Croplands,36.169669,-120.201004,7.6,4.0,10.07536162437612,25.72975,2.053576827083333,1.5157997613125005,0.4250003399695541,-0.9051931898913974,7.6,6.818217967176819,7.777924711155835
168,Almond_High,2019-06-13,Almond_High,Croplands,36.169669,-120.201004,7.2,6.5,10.462812691902734,27.19545833333333,2.109974095833333,1.2559720616875,0.3131070409358269,-0.9497178427914316,7.2,6.463142200206332,7.384486901843458
169,Almond_High,2019-06-14,Almond_High,Croplands,36.169669,-120.201004,7.1,7.5,8.576311393789192,24.976687499999983,1.84529164375,1.1368727772708331,0.2967128192734907,-0.9549667548552552,7.1,6.3743732584637085,7.286127449515362
170,Almond_High,2019-06-21,Almond_High,Croplands,36.169669,-120.201004,7.0,10.3,8.825924926878578,22.43968749999999,1.485184185416667,1.3055399985833336,0.1797665857255624,-0.9837092937736096,7.0,6.285604316721086,7.187767997187268
171,Almond_High,2019-06-22,Almond_High,Croplands,36.169669,-120.201004,7.0,5.2000003,8.769234431064866,23.93995833333333,1.9127322333333332,1.30110555325,0.1628070129385171,-0.986657932891657,7.0,6.285604316721086,7.187767997187268
172,Almond_High,2019-06-29,Almond_High,Croplands,36.169669,-120.201004,7.0,7.6,7.3407478896124605,22.74014583333333,1.7311610916666664,1.0874667087499998,0.0430222330045305,-0.99907411510223,7.0,6.285604316721086,7.187767997187268
173,Almond_High,2019-06-30,Almond_High,Croplands,36.169669,-120.201004,7.1,7.1,7.638375450414082,24.589541666666666,1.9849049125,1.2676964542499998,0.025818440227133,-0.9996666485105112,7.1,6.3743732584637085,7.286127449515362
174,Almond_High,2019-07-08,Almond_High,Croplands,36.169669,-120.201004,7.1,6.2000003,8.32428100010107,23.018312499999997,1.7283827270833332,1.1091889079791668,-0.1116590071216944,-0.993746580436178,7.1,6.3743732584637085,7.286127449515362
175,Almond_High,2019-07-15,Almond_High,Croplands,36.169669,-120.201004,7.2,6.6,8.755813183054162,26.97141666666667,2.4617921312499997,1.2272810831666667,-0.2303056702306119,-0.973118337233262,7.2,6.463142200206332,7.384486901843458
176,Almond_High,2019-07-16,Almond_High,Croplands,36.169669,-120.201004,8.0,8.6,8.119102107913621,26.760562499999995,2.2864022229166667,1.3452416034791668,-0.2470221804809352,-0.9690098257244064,8.0,7.1732937341473075,8.171362520468215
177,Almond_High,2019-07-23,Almond_High,Croplands,36.169669,-120.201004,6.9,6.0,8.373742786392825,29.27577083333333,2.495309535416667,1.0123814224583334,-0.3617137307297674,-0.9322892131745134,6.9,6.196835374978464,7.089408544859174
178,Almond_High,2019-07-24,Almond_High,Croplands,36.169669,-120.201004,6.8,6.8,8.578703696804132,29.909562500000003,2.8793498166666662,1.053463130895833,-0.3777079652039646,-0.92592477719385,6.8,6.108066433235843,6.991049092531078
179,Almond_High,2019-07-31,Almond_High,Croplands,36.169669,-120.201004,7.0,9.400001,5.851249292140643,26.346375000000005,2.3389832604166663,1.04275549525,-0.4862727071086902,-0.8738071036110807,7.0,6.285604316721086,7.187767997187268
180,Almond_High,2019-08-01,Almond_High,Croplands,36.169669,-120.201004,6.9,9.2,7.1457172626044,26.438854166666665,2.3351100666666667,1.2727733770625,-0.5012418134457756,-0.8653072543632061,6.9,6.196835374978464,7.089408544859174
181,Almond_High,2019-08-08,Almond_High,Croplands,36.169669,-120.201004,6.5,4.4,3.4022466793717903,25.290124999999996,2.13728069375,1.1325299682291663,-0.6016240632249227,-0.7987793728863648,6.5,5.841759608007976,6.695970735546795
182,Almond_High,2019-08-09,Almond_High,Croplands,36.169669,-120.201004,6.1,5.3,3.4401615197187154,23.328249999999993,1.845132591666666,1.0310482023541667,-0.6152845999633277,-0.7883050558305253,6.1,5.486683841037488,6.3025329262344165
183,Almond_High,2019-08-16,Almond_High,Croplands,36.169669,-120.201004,6.6,10.2,5.888034951632812,31.402604166666663,3.5401962000000005,1.3974476571041663,-0.7055836101071774,-0.7086266782644601,6.6,5.930528549750598,6.794330187874889
184,Almond_High,2019-08-17,Almond_High,Croplands,36.169669,-120.201004,6.5,9.6,4.328370369361669,29.08489583333333,2.9795128791666663,1.362725928979167,-0.7176769136759615,-0.6963762255968726,6.5,5.841759608007976,6.695970735546795
185,Almond_High,2019-08-24,Almond_High,Croplands,36.169669,-120.201004,6.1,5.9,3.122651735755693,29.355354166666668,2.5381033958333337,1.0926286450208331,-0.7961828637826154,-0.6050560696488494,6.1,5.486683841037488,6.3025329262344165
186,Almond_High,2019-08-25,Almond_High,Croplands,36.169669,-120.201004,6.2,5.9,4.460997506405191,29.76902083333333,2.73221713125,0.91698561975,-0.8064799463209447,-0.5912614448635782,6.2,5.5754527827801095,6.400892378562512
187,Almond_High,2019-09-01,Almond_High,Croplands,36.169669,-120.201004,5.5,5.6,5.271366576594421,28.29125,2.7707831166666663,1.0621440779375,-0.8717063187093218,-0.4900286664290594,5.5,4.954070190581755,5.712376212265848
188,Almond_High,2019-09-02,Almond_High,Croplands,36.169669,-120.201004,5.2,6.9,4.522364411969014,29.292791666666673,2.860548602083333,1.2612709586458328,-0.8800122039735356,-0.4749510720670502,5.2,4.687763365353888,5.417297855281564
189,Almond_High,2019-09-09,Almond_High,Croplands,36.169669,-120.201004,4.6,8.0,2.2993614706939978,22.087479166666668,1.5535081083333333,1.3275893511666668,-0.9307239310379792,-0.3657225234972692,4.6,4.155149714898155,4.827141141312996
190,Almond_High,2019-09-10,Almond_High,Croplands,36.169669,-120.201004,4.3,7.9,2.672772123423905,20.596645833333326,1.3536909916666666,1.0060338558958335,-0.9368813462954316,-0.3496474552512282,4.3,3.888842889670289,4.532062784328713
191,Almond_High,2019-09-18,Almond_High,Croplands,36.169669,-120.201004,4.3,6.8,3.656634996534631,19.987291666666668,1.3321622624999998,1.1402074532500002,-0.9760105506323682,-0.2177232303965322,4.3,3.888842889670289,4.532062784328713
192,Almond_High,2019-09-25,Almond_High,Croplands,36.169669,-120.201004,4.0,5.4,5.468041002988417,26.037250000000004,2.346937833333333,1.024367391333333,-0.9951053111006974,-0.0988201387328721,4.0,3.6225360644424223,4.23698442734443
326,Almond_Low,2019-02-06,Almond_Low,Croplands,36.946608,-120.10237,1.3,0.4,1.8916104378351573,5.661873416666666,0.3551032291666667,0.8387170037083332,0.5947266869607634,0.8039279618328213,1.3,1.3331374064309538,1.4545109042785496
327,Almond_Low,2019-02-22,Almond_Low,Croplands,36.946608,-120.10237,1.5,2.3,1.6557630003442778,6.407439583333335,0.3977815520833333,0.7103595134583335,0.7909456567567772,0.6118864012687243,1.5,1.5080918247888337,1.651507167903814
328,Almond_Low,2019-03-10,Almond_Low,Croplands,36.946608,-120.10237,2.0,2.4,2.29361171811958,10.397898604166668,0.3987153958333334,0.94209642225,0.9275416835791966,0.373719714790469,2.0,1.9454778706835332,2.1439978269669755
329,Almond_Low,2019-03-17,Almond_Low,Croplands,36.946608,-120.10237,2.9,3.8,2.524041628086273,15.8386950625,0.7495445583333332,0.8923081649166664,0.9657399376548548,0.2595117970697999,2.9,2.7327727532939923,3.030481013280665
330,Almond_Low,2019-03-18,Almond_Low,Croplands,36.946608,-120.10237,3.0,3.8,2.8838645862980563,18.115967458333326,0.9806002937499998,0.8315088097708334,0.970063921851507,0.2428497220959356,3.0,2.820249962472932,3.1289791450932976
331,Almond_Low,2019-03-26,Almond_Low,Croplands,36.946608,-120.10237,2.8,3.8,3.0326500211025853,15.952093354166664,0.4175505770833334,1.1613704548333337,0.994217906893952,0.107381346664163,2.8,2.645295544115052,2.931982881468033
332,Almond_Low,2019-04-10,Almond_Low,Croplands,36.946608,-120.10237,4.9,7.8,5.704806558352876,14.49127333333334,0.7260157791666665,2.3447545333124995,0.9886775902323404,-0.1500553983446526,4.9,4.48231693687279,5.00044364953331
333,Almond_Low,2019-04-18,Almond_Low,Croplands,36.946608,-120.10237,4.9,5.3,5.3467152136162825,21.1858336875,1.0004493395833334,0.8580438943750001,0.9587178169872964,-0.2843591872810034,4.9,4.48231693687279,5.00044364953331
334,Almond_Low,2019-04-19,Almond_Low,Croplands,36.946608,-120.10237,4.6,4.8,6.3199115003830215,22.65304508333334,1.1103304895833337,1.1580305953541667,0.9536809966304456,-0.3008198076356673,4.6,4.21988530933597,4.704949254095412
335,Almond_Low,2019-04-26,Almond_Low,Croplands,36.946608,-120.10237,5.6,5.5,8.029802020374753,23.91012402083332,1.5301104541666664,1.449476814333333,0.9106046300942164,-0.4132786077829042,5.6,5.094657401125369,5.689930572221735
336,Almond_Low,2019-05-04,Almond_Low,Croplands,36.946608,-120.10237,5.2,4.1,6.961226061843447,20.181915666666665,1.26209908125,1.3703530395833334,0.8452490573530633,-0.5343725582809787,5.2,4.74474856440961,5.295938044971207
337,Almond_Low,2019-05-05,Almond_Low,Croplands,36.946608,-120.10237,5.7,4.5,7.127940882260551,17.540463270833335,0.8928197874999998,1.9051225912500005,0.835925479418637,-0.548842958284719,5.7,5.18213461030431,5.788428704034368
338,Almond_Low,2019-05-12,Almond_Low,Croplands,36.946608,-120.10237,6.2,5.1,7.522209078404701,22.1876030625,1.1686254395833335,1.3524520074166666,0.7638886127905428,-0.6453481132295501,6.2,5.619520656199009,6.280919363097529
339,Almond_Low,2019-05-13,Almond_Low,Croplands,36.946608,-120.10237,5.5,5.3,7.973218843316537,21.31819664583333,1.4232596687500003,2.00876494475,0.7526668275320084,-0.6584015846980488,5.5,5.00718019194643,5.591432440409104
340,Almond_Low,2019-05-29,Almond_Low,Croplands,36.946608,-120.10237,5.3,4.7000003,7.392407289385437,22.647652166666663,0.9500450583333332,1.1139323658541664,0.545240438540651,-0.8382797052177743,5.3,4.83222577358855,5.394436176783838
341,Almond_Low,2019-08-01,Almond_Low,Croplands,36.946608,-120.10237,4.7,9.2,6.648672675544519,26.50460895833333,1.8675169479166664,1.6544935247083332,-0.5012418134457756,-0.8653072543632061,4.7,4.3073625185149105,4.803447385908045
342,Almond_Low,2019-08-08,Almond_Low,Croplands,36.946608,-120.10237,6.1,4.4,7.2335499704908655,24.7692899375,1.7674347479166668,1.8288829218333331,-0.6016240632249227,-0.7987793728863648,6.1,5.532043447020069,6.182421231284897
343,Almond_Low,2019-08-09,Almond_Low,Croplands,36.946608,-120.10237,5.6,5.3,6.799555617257397,23.47849885416667,1.50173118125,1.7391302048750006,-0.6152845999633277,-0.7883050558305253,5.6,5.094657401125369,5.689930572221735
344,Almond_Low,2019-08-16,Almond_Low,Croplands,36.946608,-120.10237,6.0,10.2,5.69642270257109,30.87081233333333,2.9405996625,1.1200960508958333,-0.7055836101071774,-0.7086266782644601,6.0,5.44456623784113,6.083923099472264
345,Almond_Low,2019-08-17,Almond_Low,Croplands,36.946608,-120.10237,5.7,9.6,7.086318906410789,27.55138625000001,2.0043302666666665,1.4280659874999997,-0.7176769136759615,-0.6963762255968726,5.7,5.18213461030431,5.788428704034368
346,Almond_Low,2019-08-24,Almond_Low,Croplands,36.946608,-120.10237,5.1,5.9,3.5407425045609524,29.40284808333331,2.152034179166665,1.4312444027083338,-0.7961828637826154,-0.6050560696488494,5.1,4.6572713552306695,5.197439913158574
347,Almond_Low,2019-08-25,Almond_Low,Croplands,36.946608,-120.10237,5.3,5.9,3.1437296243920243,30.043662479166674,2.5730156541666664,1.4057649057708337,-0.8064799463209447,-0.5912614448635782,5.3,4.83222577358855,5.394436176783838
348,Almond_Low,2019-09-01,Almond_Low,Croplands,36.946608,-120.10237,4.9,5.6,4.550065609532261,28.53131735416667,2.41042161875,1.1387773785416666,-0.8717063187093218,-0.4900286664290594,4.9,4.48231693687279,5.00044364953331
349,Almond_Low,2019-09-02,Almond_Low,Croplands,36.946608,-120.10237,4.7,6.9,4.548655047673432,29.339762020833327,2.4440903916666668,1.3080966727499994,-0.8800122039735356,-0.4749510720670502,4.7,4.3073625185149105,4.803447385908045
350,Almond_Low,2019-09-09,Almond_Low,Croplands,36.946608,-120.10237,4.4,8.0,4.468492508518388,22.046893,1.2095451687499998,1.5707096098749993,-0.9307239310379792,-0.3657225234972692,4.4,4.044930890978091,4.507952990470149
351,Almond_Low,2019-09-10,Almond_Low,Croplands,36.946608,-120.10237,4.2,7.9,3.797136659405417,21.2013255625,1.118097891666667,1.6242599378958331,-0.9368813462954316,-0.3496474552512282,4.2,3.869976472620211,4.310956726844885
352,Almond_Low,2019-09-18,Almond_Low,Croplands,36.946608,-120.10237,3.9,6.8,3.728166855289929,20.64360725,0.9662223916666668,1.3581152215208332,-0.9760105506323682,-0.2177232303965322,3.9,3.607544845083391,4.0154623314069875
353,Almond_Low,2019-09-25,Almond_Low,Croplands,36.946608,-120.10237,3.3,5.4,3.4695325006346898,27.38949491666667,2.0275214583333336,0.9722431486458336,-0.9951053111006974,-0.0988201387328721,3.3,3.0826815900097517,3.424473540531194
493,Almond_Med,2019-01-04,Almond_High,Croplands,36.177669,-120.202644999999,1.6,2.5,0.4967579554620914,7.660625666666667,0.4878744354166666,1.2595058887708332,0.0688024268023198,0.9976303053065856,1.6,1.4920814626194905,1.876357571470158
494,Almond_Med,2019-01-12,Almond_High,Croplands,36.177669,-120.202644999999,1.2,0.7,1.3200913956787974,12.35515833333333,0.3845137083333333,1.0931301675833331,0.2051044998686192,0.9787400799669153,1.2,1.1370056956490018,1.4829197621577792
495,Almond_Med,2019-01-13,Almond_High,Croplands,36.177669,-120.202644999999,0.9,0.7,0.5927960755455799,9.969252083333334,0.2591526541666667,1.0955660710416664,0.2219215130041655,0.9750645322571948,0.9,0.8706988704211354,1.187841405173495
496,Almond_Med,2019-02-05,Almond_High,Croplands,36.177669,-120.202644999999,1.1,0.4,1.7376999281630885,6.493308333333332,0.2140663333333333,1.6844255604374991,0.5808002734538009,0.8140460935082178,1.1,1.0482367539063797,1.3845603098296846
497,Almond_Med,2019-02-06,Almond_High,Croplands,36.177669,-120.202644999999,1.5,0.4,1.3035744443468351,5.822326895833334,0.2419708458333334,1.2650887441250005,0.5947266869607634,0.8039279618328213,1.5,1.4033125208768684,1.777998119142063
498,Almond_Med,2019-02-22,Almond_High,Croplands,36.177669,-120.202644999999,1.9,2.3,1.884147348579491,6.8743500000000015,0.41587675,1.9663993702291664,0.7909456567567772,0.6118864012687243,1.9,1.758388287847357,2.1714359284544416
499,Almond_Med,2019-03-09,Almond_High,Croplands,36.177669,-120.202644999999,2.0,4.2000003,1.2100260298915615,8.130858333333334,0.2986599708333333,1.2682278787083336,0.9209712877166346,0.3896304495307879,2.0,1.8471572295899792,2.2697953807825364
500,Almond_Med,2019-03-10,Almond_High,Croplands,36.177669,-120.202644999999,2.5,2.4,1.088446013897186,8.18315,0.2909610583333333,0.9945202288333334,0.9275416835791966,0.373719714790469,2.5,2.29100193830309,2.7615926424230093
501,Almond_Med,2019-03-17,Almond_High,Croplands,36.177669,-120.202644999999,3.3,3.8,2.2185804301029424,15.227447916666666,0.8241914520833333,1.2810232907916668,0.9657399376548548,0.2595117970697999,3.3,3.001153472244067,3.5484682610477662
502,Almond_Med,2019-03-18,Almond_High,Croplands,36.177669,-120.202644999999,3.6,3.8,2.657472395453224,17.5167875,1.0533893395833338,1.2828536198749998,0.970063921851507,0.2428497220959356,3.6,3.267460297471934,3.8435466180320508
503,Almond_Med,2019-03-26,Almond_High,Croplands,36.177669,-120.202644999999,3.8,3.8,3.095517031870532,15.13465416666667,0.5635031729166666,1.0371748335,0.994217906893952,0.107381346664163,3.8,3.444998180957178,4.04026552268824
504,Almond_Med,2019-04-02,Almond_High,Croplands,36.177669,-120.202644999999,4.2,4.8,4.014294125621669,16.06308333333333,0.57721340625,1.0988751221458333,0.999916658654738,-0.0129102960750088,4.2,3.8000739479276664,4.4337033320006185
505,Almond_Med,2019-04-10,Almond_High,Croplands,36.177669,-120.202644999999,5.3,7.8,6.5229726559248284,15.710895833333336,1.07860169375,2.644520285052084,0.9886775902323404,-0.1500553983446526,5.3,4.77653230709651,5.5156573076096596
506,Almond_Med,2019-04-18,Almond_High,Croplands,36.177669,-120.202644999999,5.4,5.3,5.684689199295068,19.26431250000001,0.94129301875,1.0011849076875,0.9587178169872964,-0.2843591872810034,5.4,4.865301248839133,5.614016759937755
507,Almond_Med,2019-04-19,Almond_High,Croplands,36.177669,-120.202644999999,5.2,4.8,6.879776452786238,21.88933333333333,1.31680455625,1.0936691565208332,0.9536809966304456,-0.3008198076356673,5.2,4.687763365353888,5.417297855281564
508,Almond_Med,2019-04-26,Almond_High,Croplands,36.177669,-120.202644999999,6.1,5.5,7.531990005989967,24.087000000000003,1.7385346354166666,1.2145266160624997,0.9106046300942164,-0.4132786077829042,6.1,5.486683841037488,6.3025329262344165
509,Almond_Med,2019-04-27,Almond_High,Croplands,36.177669,-120.202644999999,5.8,5.6,6.699277334922902,21.924875,1.44415545,1.1553381400625002,0.9033558023246844,-0.4288919379124835,5.8,5.220377015809621,6.007454569250132
510,Almond_Med,2019-05-04,Almond_High,Croplands,36.177669,-120.202644999999,6.2,4.1,7.083874796515891,20.164791666666662,1.4308945062499998,1.026813369125,0.8452490573530633,-0.5343725582809787,6.2,5.5754527827801095,6.400892378562512
511,Almond_Med,2019-05-05,Almond_High,Croplands,36.177669,-120.202644999999,5.6,4.5,5.437040758714623,17.506583333333335,0.9841369041666668,1.5297313753750004,0.835925479418637,-0.548842958284719,5.6,5.042839132324376,5.810735664593944
512,Almond_Med,2019-05-12,Almond_High,Croplands,36.177669,-120.202644999999,6.7,5.1,7.598497850217846,21.78520833333333,1.1278306,1.1944759062708332,0.7638886127905428,-0.6453481132295501,6.7,6.019297491493221,6.892689640202985
513,Almond_Med,2019-05-13,Almond_High,Croplands,36.177669,-120.202644999999,6.3,5.3,7.985414679669988,20.80747916666667,1.3989133145833332,1.0751165088333332,0.7526668275320084,-0.6584015846980488,6.3,5.664221724522731,6.499251830890605
514,Almond_Med,2019-06-05,Almond_High,Croplands,36.177669,-120.202644999999,7.0,5.6,8.188849664747655,28.772854166666654,1.9589752354166672,1.109418691614583,0.440518784350495,-0.8977433935342337,7.0,6.285604316721086,7.187767997187268
515,Almond_Med,2019-06-06,Almond_High,Croplands,36.177669,-120.202644999999,7.6,4.0,9.651086759706612,25.5023125,1.8677736270833325,1.6075235452083338,0.4250003399695541,-0.9051931898913974,7.6,6.818217967176819,7.777924711155835
516,Almond_Med,2019-06-13,Almond_High,Croplands,36.177669,-120.202644999999,7.2,6.5,9.67240908249464,26.609520833333324,1.8875901375,1.2761165292291663,0.3131070409358269,-0.9497178427914316,7.2,6.463142200206332,7.384486901843458
517,Almond_Med,2019-06-14,Almond_High,Croplands,36.177669,-120.202644999999,7.1,7.5,9.340427331282118,24.48710416666667,1.6033128124999998,1.1135197341458334,0.2967128192734907,-0.9549667548552552,7.1,6.3743732584637085,7.286127449515362
518,Almond_Med,2019-06-21,Almond_High,Croplands,36.177669,-120.202644999999,6.9,10.3,9.261909827872207,21.987333333333336,1.2854449479166663,1.2904832141458331,0.1797665857255624,-0.9837092937736096,6.9,6.196835374978464,7.089408544859174
519,Almond_Med,2019-06-22,Almond_High,Croplands,36.177669,-120.202644999999,7.0,5.2000003,9.605850717802094,23.27735416666667,1.6624916958333331,1.2811016262083337,0.1628070129385171,-0.986657932891657,7.0,6.285604316721086,7.187767997187268
520,Almond_Med,2019-06-29,Almond_High,Croplands,36.177669,-120.202644999999,7.0,7.6,8.64183187739102,22.13808333333333,1.2943149708333332,1.0140801116458331,0.0430222330045305,-0.99907411510223,7.0,6.285604316721086,7.187767997187268
521,Almond_Med,2019-06-30,Almond_High,Croplands,36.177669,-120.202644999999,7.1,7.1,8.29205132435783,23.968583333333324,1.5751397395833333,1.2070461863541668,0.025818440227133,-0.9996666485105112,7.1,6.3743732584637085,7.286127449515362
522,Almond_Med,2019-07-08,Almond_High,Croplands,36.177669,-120.202644999999,7.1,6.2000003,8.707458789912966,22.625125,1.4910677583333334,1.0982344480416666,-0.1116590071216944,-0.993746580436178,7.1,6.3743732584637085,7.286127449515362
523,Almond_Med,2019-07-15,Almond_High,Croplands,36.177669,-120.202644999999,7.2,6.6,8.321812441225267,26.4671875,2.191667731250001,1.27144303325,-0.2303056702306119,-0.973118337233262,7.2,6.463142200206332,7.384486901843458
524,Almond_Med,2019-07-16,Almond_High,Croplands,36.177669,-120.202644999999,8.0,8.6,9.596924605958392,26.267125,1.9786042145833331,1.3759297488749995,-0.2470221804809352,-0.9690098257244064,8.0,7.1732937341473075,8.171362520468215
525,Almond_Med,2019-07-23,Almond_High,Croplands,36.177669,-120.202644999999,6.9,6.0,8.144803960753983,29.22156249999999,2.33682509375,0.9672652875416664,-0.3617137307297674,-0.9322892131745134,6.9,6.196835374978464,7.089408544859174
526,Almond_Med,2019-07-24,Almond_High,Croplands,36.177669,-120.202644999999,6.8,6.8,7.460663775410389,29.44002083333334,2.53357405,1.0657764940625,-0.3777079652039646,-0.92592477719385,6.8,6.108066433235843,6.991049092531078
527,Almond_Med,2019-07-31,Almond_High,Croplands,36.177669,-120.202644999999,7.0,9.400001,8.013704888914111,25.659666666666663,1.9240179166666664,1.1064007100416664,-0.4862727071086902,-0.8738071036110807,7.0,6.285604316721086,7.187767997187268
528,Almond_Med,2019-08-01,Almond_High,Croplands,36.177669,-120.202644999999,6.9,9.2,8.180203299352456,25.82654166666666,1.9581599458333336,1.2953341641458331,-0.5012418134457756,-0.8653072543632061,6.9,6.196835374978464,7.089408544859174
529,Almond_Med,2019-08-08,Almond_High,Croplands,36.177669,-120.202644999999,6.4,4.4,8.17136946298246,24.33258333333333,1.6121893874999995,1.0853018307708335,-0.6016240632249227,-0.7987793728863648,6.4,5.7529906662653545,6.597611283218701
530,Almond_Med,2019-08-09,Almond_High,Croplands,36.177669,-120.202644999999,6.2,5.3,7.334680704434199,22.542145833333336,1.4491903166666669,0.9406666126666664,-0.6152845999633277,-0.7883050558305253,6.2,5.5754527827801095,6.400892378562512
531,Almond_Med,2019-08-16,Almond_High,Croplands,36.177669,-120.202644999999,6.5,10.2,8.925722590973495,29.7223125,2.7264708875,1.3512527673541674,-0.7055836101071774,-0.7086266782644601,6.5,5.841759608007976,6.695970735546795
532,Almond_Med,2019-08-17,Almond_High,Croplands,36.177669,-120.202644999999,6.5,9.6,7.504259306753411,27.73220833333333,2.40870208125,1.2872965028958336,-0.7176769136759615,-0.6963762255968726,6.5,5.841759608007976,6.695970735546795
533,Almond_Med,2019-08-24,Almond_High,Croplands,36.177669,-120.202644999999,6.1,5.9,7.46723377837976,28.07164583333333,1.8589662229166668,1.0091025187500002,-0.7961828637826154,-0.6050560696488494,6.1,5.486683841037488,6.3025329262344165
534,Almond_Med,2019-08-25,Almond_High,Croplands,36.177669,-120.202644999999,6.2,5.9,6.448146273865162,28.840083333333336,2.1670410625000005,0.8387522069166672,-0.8064799463209447,-0.5912614448635782,6.2,5.5754527827801095,6.400892378562512
535,Almond_Med,2019-09-01,Almond_High,Croplands,36.177669,-120.202644999999,5.5,5.6,6.937614219485134,27.840895833333335,2.5207825833333337,1.1946421927916664,-0.8717063187093218,-0.4900286664290594,5.5,4.954070190581755,5.712376212265848
536,Almond_Med,2019-09-02,Almond_High,Croplands,36.177669,-120.202644999999,5.2,6.9,6.331364604210387,28.736,2.5599961333333328,1.2559535131666668,-0.8800122039735356,-0.4749510720670502,5.2,4.687763365353888,5.417297855281564
537,Almond_Med,2019-09-09,Almond_High,Croplands,36.177669,-120.202644999999,4.6,8.0,4.285578539070611,21.7470625,1.32100669375,1.3867764085416667,-0.9307239310379792,-0.3657225234972692,4.6,4.155149714898155,4.827141141312996
538,Almond_Med,2019-09-10,Almond_High,Croplands,36.177669,-120.202644999999,4.3,7.9,3.630705329402749,20.478041666666673,1.1924168562499995,1.0581685772708338,-0.9368813462954316,-0.3496474552512282,4.3,3.888842889670289,4.532062784328713
539,Almond_Med,2019-09-18,Almond_High,Croplands,36.177669,-120.202644999999,4.3,6.8,3.6734642462900142,19.789687500000007,1.0953331020833332,1.2087863942083332,-0.9760105506323682,-0.2177232303965322,4.3,3.888842889670289,4.532062784328713
540,Almond_Med,2019-09-25,Almond_High,Croplands,36.177669,-120.202644999999,3.9,5.4,3.873233841783467,25.75347916666666,2.11965135,1.1500419289583337,-0.9951053111006974,-0.0988201387328721,3.9,3.5337671226998,4.138624975016334
589,BAR012,2020-01-05,BAR012,Croplands,38.751,-122.975,0.2,1.5,0.7254405226503055,8.109583333333333,0.2954166666666666,2.27125,0.0859647987374464,0.9962981749346078,0.2,0.21265210593005435,0.4522866720581211
590,BAR012,2020-02-06,BAR012,Croplands,38.751,-122.975,1.1,3.0,1.3141222680272608,11.083055555555555,0.5547916666666667,2.4575,0.5947266869607634,0.8039279618328213,1.1,1.0451805331788828,1.3554537531078368
591,BAR012,2020-02-14,BAR012,Croplands,38.751,-122.975,0.4,3.1000001,1.155534055079498,9.656250000000002,0.37125,1.375,0.6994583270516471,0.7146733860429609,0.4,0.3976584230964608,0.6529904678469469
592,BAR012,2020-02-22,BAR012,Croplands,38.751,-122.975,1.3,4.2000003,1.882591757530954,11.295833333333334,0.7441666666666666,2.619583333333334,0.7909456567567772,0.6118864012687243,1.3,1.2301868503452893,1.5561575488966626
593,BAR012,2020-03-10,BAR012,Croplands,38.751,-122.975,2.1,4.6,2.1300962597059017,11.58777777777778,0.9189583333333332,2.688333333333333,0.9338372288229252,0.3576982388331254,2.1,1.9702121190109143,2.3589727320519653
594,BAR012,2020-03-26,BAR012,Croplands,38.751,-122.975,1.6,3.3,2.023915707135139,7.303750000000001,0.4585416666666666,2.7325,0.995918996147179,0.0902516100310411,1.6,1.5076963260948988,1.857213242579901
595,BAR012,2020-04-02,BAR012,Croplands,38.751,-122.975,2.2,5.2000003,2.9288385557127037,8.801388888888889,0.7191666666666666,3.995416666666667,0.9995462806873572,-0.0301203048469081,2.2,2.0627152775941178,2.4593246299463782
596,BAR012,2020-04-26,BAR012,Croplands,38.751,-122.975,2.9,6.8,3.1502394373716487,15.205833333333333,1.5179166666666668,3.214583333333333,0.9033558023246844,-0.4288919379124835,2.9,2.7102373876765395,3.1617879152072677
597,BAR012,2020-04-27,BAR012,Croplands,38.751,-122.975,3.9,6.7000003,2.9399728354895163,15.93902777777778,1.289791666666667,4.307083333333332,0.895839290734909,-0.4443781781046132,3.9,3.635268973508571,4.165306894151396
598,BAR012,2020-05-04,BAR012,Croplands,38.751,-122.975,2.8,6.8,3.15297334263413,13.127083333333331,1.4591666666666667,2.23625,0.835925479418637,-0.548842958284719,2.8,2.6177342290933363,3.0614360173128548
599,BAR012,2020-05-20,BAR012,Croplands,38.751,-122.975,2.4,6.2000003,3.486755571283213,14.40305555555556,0.7945833333333333,1.8354166666666671,0.6551563572090853,-0.7554933140726803,2.4,2.247721594760524,2.660028425735203
600,BAR012,2020-05-28,BAR012,Croplands,38.751,-122.975,3.4,7.9,4.252691269180311,17.803055555555556,1.359375,1.48125,0.545240438540651,-0.8382797052177743,3.4,3.1727531805925553,3.6635474046793317
601,BAR012,2020-06-05,BAR012,Croplands,38.751,-122.975,5.7,6.4,4.064103328223466,14.599861111111109,1.0125,2.809166666666666,0.4250003399695541,-0.9051931898913974,5.7,5.300325828006228,5.971641056250827
602,BAR012,2020-06-13,BAR012,Croplands,38.751,-122.975,1.9,4.4,3.415206460681792,14.414027777777774,0.906875,2.1008333333333336,0.2967128192734907,-0.9549667548552552,1.9,1.7852058018445078,2.158268936263139
603,BAR012,2020-06-14,BAR012,Croplands,38.751,-122.975,3.3,7.1,3.6313585525592136,16.56430555555556,1.1181250000000005,1.6370833333333337,0.2802306751992158,-0.9599326896597448,3.3,3.080250022009352,3.563195506784919
604,BAR012,2020-06-21,BAR012,Croplands,38.751,-122.975,4.0,8.2,5.388641661274392,21.008333333333336,1.798541666666667,2.40875,0.1628070129385171,-0.986657932891657,4.0,3.727772132091774,4.265658792045809
605,BAR012,2020-06-29,BAR012,Croplands,38.751,-122.975,3.9,8.8,5.129784729737472,17.667361111111113,1.78,2.1804166666666664,0.025818440227133,-0.9996666485105112,3.9,3.635268973508571,4.165306894151396
606,BAR012,2020-06-30,BAR012,Croplands,38.751,-122.975,3.7,8.400001,4.888147909050718,18.542777777777776,1.6756249999999997,1.39375,0.0086069968886886,-0.9999629591162656,3.7,3.450262656342165,3.9646030983625704
607,BAR012,2020-07-07,BAR012,Croplands,38.751,-122.975,3.2,9.400001,4.767062223635426,17.616388888888892,1.725833333333333,3.12125,-0.1116590071216944,-0.993746580436178,3.2,2.987746863426149,3.4628436088905064
608,BAR012,2020-07-15,BAR012,Croplands,38.751,-122.975,3.0,6.7000003,3.0813389738712287,16.571666666666665,0.9616666666666666,1.7391666666666667,-0.2470221804809352,-0.9690098257244064,3.0,2.802740546259743,3.2621398131016806
609,BAR012,2020-07-16,BAR012,Croplands,38.751,-122.975,3.1,6.5,3.048240067459392,16.628055555555555,0.8220833333333334,1.669583333333334,-0.2636654927280072,-0.9646141756912436,3.1,2.8952437048429456,3.3624917109960935
610,BAR012,2020-08-08,BAR012,Croplands,38.751,-122.975,2.9,8.0,2.996506095057456,18.09736111111111,1.2275,1.4587500000000002,-0.6152845999633277,-0.7883050558305253,2.9,2.7102373876765395,3.1617879152072677
611,BAR012,2020-09-01,BAR012,Croplands,38.751,-122.975,3.2,4.4,1.4879211474277854,15.414166666666668,0.5187499999999999,1.236666666666667,-0.8800122039735356,-0.4749510720670502,3.2,2.987746863426149,3.4628436088905064
612,BAR012,2020-09-09,BAR012,Croplands,38.751,-122.975,0.1,3.7,0.1110293150778697,13.52222222222222,0.2758333333333333,0.5250000000000001,-0.9368813462954316,-0.3496474552512282,0.1,0.12014894734685155,0.35193477416370866
613,BAR012,2020-09-18,BAR012,Croplands,38.751,-122.975,1.8,3.6000001000000004,1.6615225317833375,16.68805555555556,0.7368749999999998,1.6654166666666663,-0.97961369164549,-0.2008905551306352,1.8,1.6927026432613048,2.0579170383687266
614,BAR012,2020-09-25,BAR012,Croplands,38.751,-122.975,1.8,6.5,1.921529337437436,17.665,1.5254166666666669,3.088333333333334,-0.99665890175417,-0.0816763953304228,1.8,1.6927026432613048,2.0579170383687266
615,BAR012,2020-10-03,BAR012,Croplands,38.751,-122.975,1.3,9.5,1.250038987133199,20.484583333333333,3.107291666666667,2.6670833333333337,-0.9984354211555644,0.055916990100603,1.3,1.2301868503452893,1.5561575488966626
616,BAR012,2020-10-11,BAR012,Croplands,38.751,-122.975,0.8,5.8,0.9021883161273646,16.169305555555553,1.2410416666666666,2.72625,-0.9813064702716092,0.1924515819708299,0.8,0.7676710574292733,1.054398059424598
617,BAR012,2020-10-19,BAR012,Croplands,38.751,-122.975,1.0,4.9,0.7316133927272778,16.105694444444445,1.520833333333333,1.2891666666666668,-0.9455963874271428,0.3253420847119795,1.0,0.9526773745956796,1.2551018552134239
618,BAR012,2020-10-27,BAR012,Croplands,38.751,-122.975,1.2,3.9,0.5968839831148129,13.354861111111116,1.9008333333333336,1.9812500000000004,-0.8919813464595487,0.4520722039323037,1.2,1.1376836917620858,1.4558056510022495
619,BAR012,2020-11-12,BAR012,Croplands,38.751,-122.975,0.2,2.5,0.2173970946050288,8.265555555555556,0.5279166666666667,1.20375,-0.7354170229639858,0.6776147890466887,0.2,0.21265210593005435,0.4522866720581211
620,BAR012,2020-11-20,BAR012,Croplands,38.751,-122.975,0.7,2.5,0.6743028116931756,8.403055555555559,0.3514583333333333,2.012083333333333,-0.6354323008901775,0.7721565844991641,0.7,0.6751678988460701,0.9540461615301856
621,BAR012,2020-11-21,BAR012,Croplands,38.751,-122.975,0.8,2.1000001,0.6203287363045951,8.337083333333334,0.4589583333333334,1.8145833333333328,-0.622046748440868,0.7829801036770625,0.8,0.7676710574292733,1.054398059424598
622,BAR012,2020-11-28,BAR012,Croplands,38.751,-122.975,0.7,1.7,0.4225271385446118,7.031527777777778,0.5443749999999999,1.5437500000000002,-0.5234156073655503,0.8520775211013093,0.7,0.6751678988460701,0.9540461615301856
623,BAR012,2020-12-06,BAR012,Croplands,38.751,-122.975,0.5,2.5,0.3660268373755696,9.8925,0.5370833333333332,2.4179166666666663,-0.4014879892059737,0.9158642882672868,0.5,0.49016158167966384,0.7533423657413598
624,BAR012,2020-12-07,BAR012,Croplands,38.751,-122.975,0.5,3.8,0.5877942079940678,12.765694444444447,1.4414583333333333,2.89125,-0.3856634062436074,0.9226395488404876,0.5,0.49016158167966384,0.7533423657413598
625,BAR012,2020-12-22,BAR012,Croplands,38.751,-122.975,0.5,2.2,0.7584149244420486,9.028194444444445,0.4139583333333334,2.871666666666666,-0.1372787721132651,0.9905324521322229,0.5,0.49016158167966384,0.7533423657413598
626,BAR012,2020-12-23,BAR012,Croplands,38.751,-122.975,0.7,2.1000001,0.6640439967172959,6.9558333333333335,0.38625,2.239583333333333,-0.1202080448993527,0.9927487224577402,0.7,0.6751678988460701,0.9540461615301856
632,Ellendale,2019-01-09,Ellendale,Croplands,29.633321,-90.827662,1.1,2.8,3.1224418929569726,15.471689166666662,0.90851495625,3.48808273125,0.1543088206642811,0.9880226656636976,1.1,1.0482367539063797,1.3845603098296846
633,Ellendale,2019-03-22,Ellendale,Croplands,29.633321,-90.827662,1.8,3.9,2.3313635725334807,21.75887208333333,1.34952241875,1.8313006250000008,0.9844738167520922,0.1755314904214282,1.8,1.6696193461047348,2.0730764761263467
634,Ellendale,2019-04-15,Ellendale,Croplands,29.633321,-90.827662,2.6,4.2000003,4.2959367681062375,22.42703687500001,1.4035312520833332,1.7822688541666671,0.9721181966290612,-0.2344913895704098,2.6,2.379770880045712,2.859952094751104
635,Ellendale,2019-05-17,Ellendale,Croplands,29.633321,-90.827662,4.0,6.2000003,3.5158548010977606,30.824150416666654,1.7342008374999995,2.3618574125,0.705583610107178,-0.7086266782644596,4.0,3.6225360644424223,4.23698442734443
636,Ellendale,2019-05-25,Ellendale,Croplands,29.633321,-90.827662,4.3,6.4,4.678887138142453,33.83063833333333,2.1308980166666665,1.9078099354166669,0.6016240632249226,-0.7987793728863649,4.3,3.888842889670289,4.532062784328713
637,Ellendale,2019-06-02,Ellendale,Croplands,29.633321,-90.827662,2.7,5.5,2.8093017071088497,36.07078729166667,2.4014457499999997,1.38806446875,0.48627270710869,-0.8738071036110808,2.7,2.4685398217883345,2.958311547079199
638,Ellendale,2019-07-04,Ellendale,Croplands,29.633321,-90.827662,5.8,6.7000003,4.764942267197895,35.64829500000001,2.20619030625,1.3724050124999998,-0.0430222330045303,-0.99907411510223,5.8,5.220377015809621,6.007454569250132
639,Ellendale,2019-08-29,Ellendale,Croplands,29.633321,-90.827662,4.5,5.2000003,4.999308942866495,35.24390125,2.1138747791666668,1.1705541020833332,-0.8452490573530634,-0.5343725582809785,4.5,4.066380773155533,4.728781688984903
640,Ellendale,2019-09-06,Ellendale,Croplands,29.633321,-90.827662,5.1,6.3,5.342157859468816,36.86190958333334,2.6273919583333334,0.9199746395833334,-0.9106046300942162,-0.4132786077829044,5.1,4.598994423611265,5.31893840295347
641,Ellendale,2019-10-08,Ellendale,Croplands,29.633321,-90.827662,2.9,3.5,2.6208706296256543,31.170511249999997,1.8726507500000005,1.585509497916666,-0.9922222094179324,0.1244792638867886,2.9,2.646077705273578,3.1550304517353878
642,Ellendale,2019-11-01,Ellendale,Croplands,29.633321,-90.827662,1.9,2.8,2.6718648829962817,15.172444791666663,0.9810036395833333,2.040441904166667,-0.858763958275803,0.5123714121284235,1.9,1.758388287847357,2.1714359284544416
643,Ellendale,2019-11-09,Ellendale,Croplands,29.633321,-90.827662,1.7,3.0,2.3208593591294955,16.61581875,1.083401795833333,1.5925389625000006,-0.780295851070776,0.6254105729852457,1.7,1.5808504043621125,1.9747170237982523
644,Ellendale,2019-12-03,Ellendale,Croplands,29.633321,-90.827662,0.7,1.8000001,0.8191255594564749,14.449212374999997,1.0672994625,1.1422316687499998,-0.4635502709028512,0.8860706215341377,0.7,0.693160986935891,0.9911225005173057
645,Ellendale,2020-01-20,Ellendale,Croplands,29.633321,-90.827662,0.9,2.9,2.530330441365654,12.986993958333334,1.0504847458333333,4.625683666666666,0.3375228995941133,0.9413173175128472,0.9,0.8706988704211354,1.187841405173495
646,Ellendale,2020-01-28,Ellendale,Croplands,29.633321,-90.827662,0.7,2.7,2.2496788891493584,19.22394604166666,1.1648083958333333,3.0084785354166663,0.4635502709028509,0.886070621534138,0.7,0.693160986935891,0.9911225005173057
647,Ellendale,2020-02-21,Ellendale,Croplands,29.633321,-90.827662,1.7,2.7,4.145461959110067,13.88259208333333,0.9395383270833336,5.4820610000000025,0.7802958510707755,0.6254105729852463,1.7,1.5808504043621125,1.9747170237982523
648,Ellendale,2020-03-08,Ellendale,Croplands,29.633321,-90.827662,1.5,3.6000001000000004,1.637072059972117,21.439509166666667,1.408514029166667,3.0693041687499987,0.9209712877166346,0.3896304495307879,1.5,1.4033125208768684,1.777998119142063
649,Ellendale,2020-04-01,Ellendale,Croplands,29.633321,-90.827662,1.5,4.2000003,1.8409297564796208,22.54537479166667,1.6520353395833336,2.609710477083333,0.999916658654738,-0.0129102960750088,1.5,1.4033125208768684,1.777998119142063
650,Ellendale,2020-04-25,Ellendale,Croplands,29.633321,-90.827662,2.4,5.6,3.716848919264984,31.54374604166666,2.2335300625000003,3.293239020833333,0.9106046300942164,-0.4132786077829042,2.4,2.202232996560468,2.663233190094915
651,Ellendale,2020-05-11,Ellendale,Croplands,29.633321,-90.827662,3.6,5.6,6.523605354513945,27.95655958333333,2.1905745291666667,2.0110054833333337,0.7638886127905428,-0.6453481132295501,3.6,3.267460297471934,3.8435466180320508
652,Ellendale,2020-05-27,Ellendale,Croplands,29.633321,-90.827662,3.4,4.5,5.512191981895759,41.15059770833333,4.312099229166665,2.051621252083333,0.5595892624101765,-0.8287700871745037,3.4,3.089922413986689,3.646827713375861
653,Ellendale,2020-06-20,Ellendale,Croplands,29.633321,-90.827662,4.0,6.1,4.535638571252592,42.00415354166668,4.720487479166667,1.4721147062500002,0.1797665857255624,-0.9837092937736096,4.0,3.6225360644424223,4.23698442734443
654,Ellendale,2020-12-21,Ellendale,Croplands,29.633321,-90.827662,0.5,1.6,1.4795952357791828,12.040611708333332,0.5128088229166667,1.15498635,-0.154308820664281,0.9880226656636976,0.5,0.5156231034506467,0.7944035958611169
735,RIP760,2019-04-10,RIP760,Croplands,36.839,-120.21,3.4,6.0,2.3162575122995173,11.899444444444445,0.956875,4.1324999999999985,0.9886775902323404,-0.1500553983446526,3.4,3.135717029598659,3.6814915483620503
736,RIP760,2019-04-18,RIP760,Croplands,36.839,-120.21,3.5,5.3,2.2779603519420784,16.6925,0.9445833333333334,1.050833333333333,0.9587178169872964,-0.2843591872810034,3.5,3.2264879767764105,3.782315375416184
737,RIP760,2019-04-19,RIP760,Croplands,36.839,-120.21,2.9,5.2000003,3.1882881995544587,18.269722222222224,1.0216666666666667,1.8795833333333332,0.9536809966304456,-0.3008198076356673,2.9,2.6818622937099055,3.177372413091384
738,RIP760,2019-04-26,RIP760,Croplands,36.839,-120.21,4.3,7.1,5.029053653236585,18.184305555555557,1.6710416666666663,2.0300000000000007,0.9106046300942164,-0.4132786077829042,4.3,3.952655554198417,4.58890599184925
739,RIP760,2019-05-05,RIP760,Croplands,36.839,-120.21,4.2,6.7000003,3.815111419578781,14.085694444444444,1.065625,2.8991666666666664,0.835925479418637,-0.548842958284719,4.2,3.8618846070206665,4.4880821647951175
740,RIP760,2019-05-12,RIP760,Croplands,36.839,-120.21,5.3,7.5,4.913188420694102,17.27625,1.28125,1.9641666666666664,0.7638886127905428,-0.6453481132295501,5.3,4.860365025975925,5.597144262390584
741,RIP760,2019-05-13,RIP760,Croplands,36.839,-120.21,5.0,7.8,4.9147616854305545,16.202638888888885,1.498125,2.648333333333333,0.7526668275320084,-0.6584015846980488,5.0,4.588052184442673,5.294672781228185
742,RIP760,2019-05-29,RIP760,Croplands,36.839,-120.21,4.1,6.5,4.277618930245978,18.61513888888889,0.7991666666666667,1.4974999999999998,0.545240438540651,-0.8382797052177743,4.1,3.771113659842915,4.387258337740984
743,RIP760,2019-06-21,RIP760,Croplands,36.839,-120.21,5.1,7.9,5.091012651213704,17.605277777777786,1.2616666666666667,2.6250000000000004,0.1797665857255624,-0.9837092937736096,5.1,4.678823131620423,5.3954966082823175
744,RIP760,2019-06-22,RIP760,Croplands,36.839,-120.21,5.6,8.400001,5.507064407880765,18.64611111111111,1.5414583333333336,1.9120833333333327,0.1628070129385171,-0.986657932891657,5.6,5.1326778675091775,5.8996157435529835
745,RIP760,2019-06-29,RIP760,Croplands,36.839,-120.21,5.2,8.900001,5.950386580795455,17.912222222222226,1.6362499999999998,1.9595833333333332,0.0430222330045305,-0.99907411510223,5.2,4.769594078798175,5.496320435336451
746,RIP760,2019-06-30,RIP760,Croplands,36.839,-120.21,5.5,9.1,5.794965552192532,18.387083333333333,1.898125,2.28375,0.025818440227133,-0.9996666485105112,5.5,5.041906920331427,5.7987919164988515
747,RIP760,2019-07-08,RIP760,Croplands,36.839,-120.21,5.4,8.6,5.54215529267828,17.79125,1.5252083333333333,2.400833333333334,-0.1116590071216944,-0.993746580436178,5.4,4.951135973153677,5.697968089444718
748,RIP760,2019-07-15,RIP760,Croplands,36.839,-120.21,5.8,10.2,6.294705376963665,20.667083333333338,2.025625,2.335833333333333,-0.2303056702306119,-0.973118337233262,5.8,5.314219761864679,6.101263397661251
749,RIP760,2019-07-16,RIP760,Croplands,36.839,-120.21,5.6,9.400001,6.48039352709466,20.39486111111111,1.7510416666666666,2.31,-0.2470221804809352,-0.9690098257244064,5.6,5.1326778675091775,5.8996157435529835
750,RIP760,2019-07-23,RIP760,Croplands,36.839,-120.21,5.3,8.5,6.2185900109489305,23.0473611111111,2.1629166666666664,1.617916666666667,-0.3617137307297674,-0.9322892131745134,5.3,4.860365025975925,5.597144262390584
751,RIP760,2019-07-24,RIP760,Croplands,36.839,-120.21,5.6,9.0,6.209508685585454,22.324027777777783,2.383125,1.8470833333333332,-0.3777079652039646,-0.92592477719385,5.6,5.1326778675091775,5.8996157435529835
752,RIP760,2019-07-31,RIP760,Croplands,36.839,-120.21,5.2,7.7000003,5.731783424405091,19.47236111111111,1.6302083333333333,1.7716666666666665,-0.4862727071086902,-0.8738071036110807,5.2,4.769594078798175,5.496320435336451
753,RIP760,2019-08-01,RIP760,Croplands,36.839,-120.21,5.2,8.1,6.125248118239287,20.049166666666668,1.6520833333333331,2.004166666666667,-0.5012418134457756,-0.8653072543632061,5.2,4.769594078798175,5.496320435336451
754,RIP760,2019-08-08,RIP760,Croplands,36.839,-120.21,5.0,8.400001,5.79479940377257,18.565277777777773,1.6741666666666668,2.4775,-0.6016240632249227,-0.7987793728863648,5.0,4.588052184442673,5.294672781228185
755,RIP760,2019-08-09,RIP760,Croplands,36.839,-120.21,4.7,7.9,4.962051100383131,18.175972222222224,1.4700000000000004,2.2695833333333333,-0.6152845999633277,-0.7883050558305253,4.7,4.315739342909421,4.992201300065784
756,RIP760,2019-08-16,RIP760,Croplands,36.839,-120.21,5.7,8.900001,5.316127973678153,22.662916666666664,2.258958333333333,1.2929166666666665,-0.7055836101071774,-0.7086266782644601,5.7,5.223448814686929,6.000439570607117
757,RIP760,2019-08-17,RIP760,Croplands,36.839,-120.21,5.0,7.5,5.160797418228476,20.22111111111111,1.6075,1.9695833333333328,-0.7176769136759615,-0.6963762255968726,5.0,4.588052184442673,5.294672781228185
758,RIP760,2019-08-24,RIP760,Croplands,36.839,-120.21,4.2,6.8,4.064166500369688,22.98916666666666,1.7441666666666669,1.8229166666666672,-0.7961828637826154,-0.6050560696488494,4.2,3.8618846070206665,4.4880821647951175
759,RIP760,2019-08-25,RIP760,Croplands,36.839,-120.21,4.7,8.1,4.722332783187028,22.84833333333333,2.0889583333333333,1.7479166666666668,-0.8064799463209447,-0.5912614448635782,4.7,4.315739342909421,4.992201300065784
760,RIP760,2019-09-01,RIP760,Croplands,36.839,-120.21,4.4,8.5,4.754878283208054,21.408611111111114,2.0337500000000004,1.5200000000000002,-0.8717063187093218,-0.4900286664290594,4.4,4.043426501376168,4.689729818903384
761,RIP760,2019-09-09,RIP760,Croplands,36.839,-120.21,4.3,6.3,4.025621676152672,17.10027777777778,1.1160416666666666,2.1420833333333333,-0.9307239310379792,-0.3657225234972692,4.3,3.952655554198417,4.58890599184925
762,RIP760,2019-09-10,RIP760,Croplands,36.839,-120.21,4.1,6.0,4.266889081830692,16.29097222222222,1.0052083333333333,2.160833333333333,-0.9368813462954316,-0.3496474552512282,4.1,3.771113659842915,4.387258337740984
763,RIP760,2019-09-25,RIP760,Croplands,36.839,-120.21,4.5,5.3,2.530413943343549,19.961805555555557,1.524375,0.94875,-0.9951053111006974,-0.0988201387328721,4.5,4.134197448553919,4.790553645957518
764,RIP760,2019-10-04,RIP760,Croplands,36.839,-120.21,3.5,5.4,2.5425186019112216,12.061944444444444,0.8658333333333332,2.26625,-0.9984354211555644,0.055916990100603,3.5,3.2264879767764105,3.782315375416184
765,RIP760,2020-02-08,RIP760,Croplands,36.839,-120.21,1.5,1.9,0.8779019082684582,9.175,0.4083333333333334,1.6495833333333334,0.6220467484408675,0.7829801036770629,1.5,1.4110690332213938,1.7658388343335167
766,RIP760,2020-02-16,RIP760,Croplands,36.839,-120.21,1.9,3.2,1.47128105203092,10.859305555555556,0.5806250000000001,1.8654166666666665,0.7236440382959124,0.6901733882429719,1.9,1.774152821932397,2.1691341425500505
767,RIP760,2020-02-17,RIP760,Croplands,36.839,-120.21,1.5,2.5,1.2084549369176478,10.414722222222222,0.3714583333333334,1.9274999999999995,0.7354170229639855,0.6776147890466889,1.5,1.4110690332213938,1.7658388343335167
768,RIP760,2020-03-03,RIP760,Croplands,36.839,-120.21,2.3,2.8,1.2932353978407891,10.15,0.739375,1.2066666666666668,0.8840675099433636,0.4673592171580022,2.3,2.1372366106434004,2.5724294507665837
769,RIP760,2020-03-04,RIP760,Croplands,36.839,-120.21,2.5,3.0,1.4520639091219345,11.96125,0.8289583333333334,1.0358333333333334,0.8919813464595485,0.4520722039323043,2.5,2.3187785049989023,2.7740771048748503
770,RIP760,2020-04-21,RIP760,Croplands,36.839,-120.21,4.1,5.3,3.757352498286332,14.268194444444443,0.5991666666666666,2.391666666666667,0.9368813462954316,-0.3496474552512284,4.1,3.771113659842915,4.387258337740984
771,RIP760,2020-04-28,RIP760,Croplands,36.839,-120.21,5.5,6.9,4.508258833114493,19.384722222222223,1.0741666666666667,1.8604166666666664,0.8880573226294932,-0.4597327394521039,5.5,5.041906920331427,5.7987919164988515
772,RIP760,2020-05-06,RIP760,Croplands,36.839,-120.21,5.3,8.0,5.045296714180613,15.42597222222222,1.2410416666666666,3.2537500000000006,0.8165380514459161,-0.5772916165517272,5.3,4.860365025975925,5.597144262390584
773,RIP760,2020-05-07,RIP760,Croplands,36.839,-120.21,5.9,7.8,4.502798826288901,16.42083333333333,1.3729166666666666,1.2420833333333334,0.8064799463209448,-0.5912614448635781,5.9,5.404990709042431,6.202087224715385
774,RIP760,2020-05-14,RIP760,Croplands,36.839,-120.21,6.4,6.8,4.81396970212018,15.57847222222222,0.8158333333333331,3.139583333333333,0.7295575540864875,-0.6839194216246106,6.4,5.858845444931186,6.7062063599860515
775,RIP760,2020-05-22,RIP760,Croplands,36.839,-120.21,5.6,7.8,5.743306888326753,15.525694444444447,1.1927083333333333,2.8545833333333337,0.6287628145958344,-0.777597146973627,5.6,5.1326778675091775,5.8996157435529835
776,RIP760,2020-05-23,RIP760,Croplands,36.839,-120.21,6.3,8.5,5.585247373862012,15.173194444444444,1.210625,1.5708333333333335,0.6152845999633276,-0.7883050558305255,6.3,5.7680744977534335,6.605382532931918
777,RIP760,2020-05-30,RIP760,Croplands,36.839,-120.21,5.6,5.8,4.989928257010717,17.346388888888885,0.93875,2.4779166666666668,0.5160623910158528,-0.8565509959010036,5.6,5.1326778675091775,5.8996157435529835
778,RIP760,2020-05-31,RIP760,Croplands,36.839,-120.21,5.0,5.9,3.9747189809981567,17.793888888888887,0.7710416666666667,1.4416666666666669,0.5012418134457758,-0.865307254363206,5.0,4.588052184442673,5.294672781228185
779,RIP760,2020-06-07,RIP760,Croplands,36.839,-120.21,5.7,8.0,5.438391707773559,13.320555555555554,1.0045833333333332,3.86125,0.3935902766564667,-0.9192859697186104,5.7,5.223448814686929,6.000439570607117
780,RIP760,2020-06-08,RIP760,Croplands,36.839,-120.21,6.1,8.6,5.8924838305334015,14.595833333333331,1.2447916666666667,2.7529166666666667,0.3777079652039649,-0.9259247771938498,6.1,5.586532603397932,6.40373487882365
781,RIP760,2020-06-16,RIP760,Croplands,36.839,-120.21,5.9,9.0,6.424868688256706,16.489166666666666,1.1929166666666666,2.9370833333333337,0.2470221804809355,-0.9690098257244062,5.9,5.404990709042431,6.202087224715385
782,RIP760,2020-06-23,RIP760,Croplands,36.839,-120.21,6.2,8.8,6.749766759938889,23.12333333333333,1.8181250000000004,1.8812499999999996,0.1287481774525813,-0.99167731989929,6.2,5.677303550575683,6.504558705877784
783,RIP760,2020-07-01,RIP760,Croplands,36.839,-120.21,6.1,8.900001,6.0837675652342185,19.593611111111112,1.7041666666666673,1.534166666666667,-0.008606996888688,-0.9999629591162656,6.1,5.586532603397932,6.40373487882365
784,RIP760,2020-07-02,RIP760,Croplands,36.839,-120.21,5.7,7.7000003,5.6030814176895785,18.775694444444444,1.3404166666666668,1.528333333333333,-0.0258184402271323,-0.9996666485105112,5.7,5.223448814686929,6.000439570607117
785,RIP760,2020-07-09,RIP760,Croplands,36.839,-120.21,5.8,9.5,6.511878593442559,20.450694444444444,1.788541666666667,1.9104166666666664,-0.1457991969198744,-0.9893142039703664,5.8,5.314219761864679,6.101263397661251
786,RIP760,2020-07-10,RIP760,Croplands,36.839,-120.21,6.2,9.8,6.1289190508761076,21.49319444444445,1.8708333333333336,1.6949999999999994,-0.1628070129385164,-0.9866579328916572,6.2,5.677303550575683,6.504558705877784
787,RIP760,2020-07-17,RIP760,Croplands,36.839,-120.21,6.2,8.3,6.392409631665893,21.073750000000004,1.5354166666666669,1.8116666666666663,-0.2802306751992161,-0.9599326896597444,6.2,5.677303550575683,6.504558705877784
788,RIP760,2020-07-18,RIP760,Croplands,36.839,-120.21,5.8,8.2,6.211643063172294,21.905972222222218,1.4052083333333334,1.7820833333333337,-0.2967128192734901,-0.9549667548552552,5.8,5.314219761864679,6.101263397661251
789,RIP760,2020-07-26,RIP760,Croplands,36.839,-120.21,6.1,8.7,6.529084298564099,21.467916666666664,1.7720833333333332,2.0683333333333342,-0.4250003399695539,-0.9051931898913976,6.1,5.586532603397932,6.40373487882365
790,RIP760,2020-08-02,RIP760,Croplands,36.839,-120.21,5.8,10.3,5.62233123045915,20.55069444444444,1.96875,1.89,-0.5307300481619331,-0.8475409228928312,5.8,5.314219761864679,6.101263397661251
791,RIP760,2020-08-03,RIP760,Croplands,36.839,-120.21,5.4,10.400001,6.250903420863731,20.853472222222223,1.933125,2.2625,-0.5452404385406507,-0.8382797052177745,5.4,4.951135973153677,5.697968089444718
792,RIP760,2020-08-10,RIP760,Croplands,36.839,-120.21,5.6,8.900001,6.0342332051917955,22.44652777777777,1.9489583333333331,1.9854166666666664,-0.6420547132365636,-0.7666588193001592,5.6,5.1326778675091775,5.8996157435529835
793,RIP760,2020-08-11,RIP760,Croplands,36.839,-120.21,5.6,8.1,5.9119179528248855,21.752777777777773,1.7641666666666669,1.9158333333333328,-0.655156357209085,-0.7554933140726804,5.6,5.1326778675091775,5.8996157435529835
794,RIP760,2020-08-18,RIP760,Croplands,36.839,-120.21,6.5,10.400001,5.520398279540727,25.59861111111111,1.8741666666666663,1.9841666666666669,-0.7412220108485957,-0.6712599575675315,6.5,5.949616392108936,6.807030187040185
795,RIP760,2020-08-26,RIP760,Croplands,36.839,-120.21,5.0,6.9,5.595694688378693,22.549027777777773,1.5610416666666669,1.8641666666666663,-0.8263541987239095,-0.5631507242749187,5.0,4.588052184442673,5.294672781228185
796,RIP760,2020-08-27,RIP760,Croplands,36.839,-120.21,5.5,7.4,5.170023159133423,19.67430555555556,1.5820833333333333,1.9725000000000004,-0.8359254794186365,-0.5488429582847199,5.5,5.041906920331427,5.7987919164988515
797,RIP760,2020-09-03,RIP760,Croplands,36.839,-120.21,5.5,7.9,4.695372315591609,20.307916666666664,1.1983333333333337,1.8016666666666667,-0.8958392907349089,-0.4443781781046134,5.5,5.041906920331427,5.7987919164988515
798,RIP760,2020-09-04,RIP760,Croplands,36.839,-120.21,5.1,8.900001,5.0003984781282504,20.73680555555556,1.48125,1.7937500000000002,-0.9033558023246842,-0.4288919379124841,5.1,4.678823131620423,5.3954966082823175
799,RIP760,2020-09-12,RIP760,Croplands,36.839,-120.21,3.5,5.5,1.479993202469554,18.170833333333327,0.7545833333333333,0.8104166666666669,-0.9536809966304456,-0.300819807635668,3.5,3.2264879767764105,3.782315375416184
800,RIP760,2020-09-19,RIP760,Croplands,36.839,-120.21,4.5,5.5,3.3599594527602124,17.922500000000007,0.9500000000000004,2.085,-0.9829265519799822,-0.1839983516576798,4.5,4.134197448553919,4.790553645957518
801,RIP760,2020-09-20,RIP760,Croplands,36.839,-120.21,3.6,5.4,2.7377265855709925,18.405138888888892,1.0962500000000002,1.0933333333333335,-0.9859481499638304,-0.1670516255021195,3.6,3.317258923954161,3.8831392024703173
802,RIP760,2020-09-27,RIP760,Croplands,36.839,-120.21,3.7,5.2000003,3.3075482345565765,19.245,1.1035416666666669,1.2162500000000005,-0.9988797155850336,-0.0473213883224323,3.7,3.4080298711319124,3.9839630295244506
803,RIP760,2020-09-28,RIP760,Croplands,36.839,-120.21,4.0,6.0,3.1112358777627405,19.850972222222214,1.2835416666666666,0.8245833333333333,-0.9995462806873572,-0.0301203048469083,4.0,3.6803427126651647,4.286434510686851
804,RIP760,2020-10-13,RIP760,Croplands,36.839,-120.21,3.4,5.6,3.32112215066275,16.59930555555556,1.1639583333333332,1.1933333333333331,-0.9741004551724206,0.226115685508288,3.4,3.135717029598659,3.6814915483620503
805,RIP760,2020-10-14,RIP760,Croplands,36.839,-120.21,3.6,5.9,3.2820655700365644,17.008472222222224,1.0416666666666667,1.1395833333333334,-0.970063921851507,0.2428497220959358,3.6,3.317258923954161,3.8831392024703173
806,RIP760,2020-12-09,RIP760,Croplands,36.839,-120.21,0.6,1.5,0.2413289691498234,8.112638888888887,0.4235416666666665,1.1437500000000005,-0.3536761221763721,0.935367949313148,0.6,0.5941305086216362,0.8584243908463165
1002,SLM001,2020-01-30,SLM001,Croplands,38.289,-121.118,0.9,1.8000001,0.6745670728666958,10.052222222222223,0.3687499999999999,1.346666666666667,0.4937755501599772,0.869589389346611,0.9,0.8690351074087397,1.1993704830744463
1003,SLM001,2020-02-07,SLM001,Croplands,38.289,-121.118,0.8,1.5,0.5125599227383789,8.313888888888886,0.5495833333333334,1.1424999999999998,0.6084768701151261,0.7935716089521474,0.8,0.7785481517229547,1.0987088096557436
1004,SLM001,2020-02-08,SLM001,Croplands,38.289,-121.118,0.9,1.7,0.5957009790875225,8.273888888888889,0.4191666666666666,1.2708333333333333,0.6220467484408675,0.7829801036770629,0.9,0.8690351074087397,1.1993704830744463
1005,SLM001,2020-02-16,SLM001,Croplands,38.289,-121.118,1.3,2.3,0.7285148304424358,10.45902777777778,0.64375,1.3866666666666667,0.7236440382959124,0.6901733882429719,1.3,1.2309829301518806,1.6020171767492593
1006,SLM001,2020-03-02,SLM001,Croplands,38.289,-121.118,1.6,4.9,1.0825729269377589,9.964305555555551,1.2233333333333332,5.207916666666667,0.8758917051442429,0.4825077417612184,1.6,1.5024437972092364,1.9040021970053693
1007,SLM001,2020-03-03,SLM001,Croplands,38.289,-121.118,1.1,3.5,0.6463659303866858,10.400694444444444,0.92375,1.3,0.8840675099433636,0.4673592171580022,1.1,1.0500090187803102,1.400693829911853
1008,SLM001,2020-03-11,SLM001,Croplands,38.289,-121.118,1.5,3.4,1.360401625613895,12.725694444444446,0.7616666666666666,1.335416666666667,0.9398560579418954,0.3415707691678556,1.5,1.411956841523451,1.803340523586666
1009,SLM001,2020-03-27,SLM001,Croplands,38.289,-121.118,1.3,3.1000001,1.4415180228735662,8.20222222222222,0.5216666666666666,1.9979166666666668,0.9973249731081556,0.0730951298980777,1.3,1.2309829301518806,1.6020171767492593
1010,SLM001,2020-04-03,SLM001,Croplands,38.289,-121.118,2.1,4.1,1.7451350143529858,8.877777777777778,0.6770833333333334,1.2412499999999995,0.9988797155850336,-0.0473213883224318,2.1,1.9548785756381621,2.4073105640988857
1011,SLM001,2020-04-27,SLM001,Croplands,38.289,-121.118,2.3,6.0,2.691005487680325,15.626666666666663,1.4233333333333331,1.8925,0.895839290734909,-0.4443781781046132,2.3,2.1358524870097324,2.608633910936292
1012,SLM001,2020-04-28,SLM001,Croplands,38.289,-121.118,3.0,6.5,2.706225662750154,18.147777777777783,1.4725,1.36875,0.8880573226294932,-0.4597327394521039,3.0,2.769261176810229,3.3132656248672148
1013,SLM001,2020-05-05,SLM001,Croplands,38.289,-121.118,1.9,6.5,1.6620751850312732,14.24194444444445,1.4495833333333332,1.7887499999999996,0.8263541987239096,-0.5631507242749186,1.9,1.7739046642665917,2.2059872172614785
1014,SLM001,2020-05-06,SLM001,Croplands,38.289,-121.118,1.8,7.3,2.5781321169633964,14.52486111111111,1.5883333333333336,3.24,0.8165380514459161,-0.5772916165517272,1.8,1.6834177085808066,2.105325543842776
1015,SLM001,2020-05-21,SLM001,Croplands,38.289,-121.118,2.1,6.6,2.62551556928034,15.78652777777778,1.2574999999999996,1.4308333333333332,0.6420547132365637,-0.766658819300159,2.1,1.9548785756381621,2.4073105640988857
1016,SLM001,2020-05-22,SLM001,Croplands,38.289,-121.118,2.0,6.6,2.3996259316953727,14.192916666666664,1.3641666666666667,2.5066666666666677,0.6287628145958344,-0.777597146973627,2.0,1.864391619952377,2.306648890680182
1017,SLM001,2020-06-06,SLM001,Croplands,38.289,-121.118,2.1,6.5,1.924401391607696,13.801111111111108,1.07875,3.174583333333333,0.4093559588156213,-0.9123747579707272,2.1,1.9548785756381621,2.4073105640988857
1018,SLM001,2020-06-14,SLM001,Croplands,38.289,-121.118,2.4,6.7000003,1.2688173293325458,16.05027777777778,1.35,1.8158333333333332,0.2802306751992158,-0.9599326896597448,2.4,2.226339442695518,2.709295584354995
1019,SLM001,2020-06-22,SLM001,Croplands,38.289,-121.118,2.1,7.5,1.9945560836009772,20.60125,2.09375,1.5787499999999997,0.1457991969198751,-0.9893142039703664,2.1,1.9548785756381621,2.4073105640988857
1020,SLM001,2020-06-23,SLM001,Croplands,38.289,-121.118,1.9,7.7000003,1.6689900538712297,20.36986111111111,1.9958333333333331,1.5620833333333328,0.1287481774525813,-0.99167731989929,1.9,1.7739046642665917,2.2059872172614785
1021,SLM001,2020-06-30,SLM001,Croplands,38.289,-121.118,1.9,7.6,2.0890994612580776,18.424722222222226,2.17125,1.4354166666666668,0.0086069968886886,-0.9999629591162656,1.9,1.7739046642665917,2.2059872172614785
1022,SLM001,2020-07-01,SLM001,Croplands,38.289,-121.118,2.6,7.9,2.507800805219861,18.442916666666665,1.8679166666666664,1.6395833333333327,-0.008606996888688,-0.9999629591162656,2.6,2.4073133540670884,2.910618931192402
1023,SLM001,2020-07-08,SLM001,Croplands,38.289,-121.118,2.8,8.2,2.0767156959093684,18.85805555555556,2.07375,1.260416666666667,-0.1287481774525806,-0.99167731989929,2.8,2.5882872654386584,3.111942278029808
1024,SLM001,2020-07-09,SLM001,Croplands,38.289,-121.118,2.1,8.2,1.7500768383265817,19.29486111111111,2.164166666666667,1.3158333333333332,-0.1457991969198744,-0.9893142039703664,2.1,1.9548785756381621,2.4073105640988857
1025,SLM001,2020-07-17,SLM001,Croplands,38.289,-121.118,2.3,7.3,1.9253062597636752,18.25958333333333,1.5891666666666666,1.399166666666667,-0.2802306751992161,-0.9599326896597444,2.3,2.1358524870097324,2.608633910936292
1026,SLM001,2020-07-24,SLM001,Croplands,38.289,-121.118,2.4,7.0,1.9916841485907983,18.358888888888885,1.5704166666666666,1.5554166666666671,-0.3935902766564664,-0.9192859697186104,2.4,2.226339442695518,2.709295584354995
1027,SLM001,2020-07-25,SLM001,Croplands,38.289,-121.118,2.1,7.4,2.318928149874904,18.554027777777783,1.7995833333333329,1.5541666666666671,-0.4093559588156211,-0.9123747579707274,2.1,1.9548785756381621,2.4073105640988857
1028,SLM001,2020-08-01,SLM001,Croplands,38.289,-121.118,2.5,7.7000003,2.6349701743037697,17.848194444444445,1.7445833333333332,1.227083333333333,-0.5160623910158526,-0.8565509959010037,2.5,2.316826398381303,2.809957257773698
1029,SLM001,2020-08-02,SLM001,Croplands,38.289,-121.118,3.0,7.9,2.051109622057982,18.634027777777774,1.91125,1.3333333333333333,-0.5307300481619331,-0.8475409228928312,3.0,2.769261176810229,3.3132656248672148
1030,SLM001,2020-08-09,SLM001,Croplands,38.289,-121.118,2.9,7.6,2.842476851516615,20.991388888888892,2.282083333333333,1.225833333333333,-0.6287628145958345,-0.7775971469736268,2.9,2.678774221124444,3.212603951448511
1031,SLM001,2020-08-10,SLM001,Croplands,38.289,-121.118,2.9,7.5,2.7925879799485953,19.73944444444444,2.0504166666666666,1.4545833333333331,-0.6420547132365636,-0.7666588193001592,2.9,2.678774221124444,3.212603951448511
1032,SLM001,2020-08-18,SLM001,Croplands,38.289,-121.118,3.2,8.900001,3.690929085770248,24.43611111111111,2.5379166666666677,1.1870833333333335,-0.7412220108485957,-0.6712599575675315,3.2,2.9502350881817994,3.5145889717046215
1033,SLM001,2020-08-25,SLM001,Croplands,38.289,-121.118,3.8,6.0,3.109216553207619,20.591805555555556,1.4662500000000005,1.2320833333333334,-0.8165380514459157,-0.5772916165517278,3.8,3.4931568222965104,4.11855901221684
1034,SLM001,2020-09-02,SLM001,Croplands,38.289,-121.118,2.8,5.2000003,2.6536269946047555,17.15541666666667,0.9991666666666666,0.8975000000000001,-0.888057322629493,-0.4597327394521046,2.8,2.5882872654386584,3.111942278029808
1035,SLM001,2020-09-03,SLM001,Croplands,38.289,-121.118,3.5,6.1,2.93887220107121,17.775972222222222,1.1816666666666666,0.9958333333333336,-0.8958392907349089,-0.4443781781046134,3.5,3.221695955239155,3.816573991960731
1036,SLM001,2020-09-27,SLM001,Croplands,38.289,-121.118,2.0,6.2000003,1.6288756573507408,17.94875,1.5595833333333335,0.8770833333333333,-0.9988797155850336,-0.0473213883224323,2.0,1.864391619952377,2.306648890680182
1037,SLM001,2020-10-04,SLM001,Croplands,38.289,-121.118,1.9,6.0,1.9155446634723228,17.010277777777773,1.9108333333333332,0.9875,-0.9973249731081556,0.0730951298980777,1.9,1.7739046642665917,2.2059872172614785
1038,SLM001,2020-10-05,SLM001,Croplands,38.289,-121.118,2.0,4.1,1.9683255450186936,15.710833333333332,1.9825,0.9233333333333332,-0.9959189961471792,0.0902516100310407,2.0,1.864391619952377,2.306648890680182
1039,SLM001,2020-10-12,SLM001,Croplands,38.289,-121.118,1.6,5.2000003,1.5617347310590444,13.719861111111117,1.3320833333333335,1.0729166666666667,-0.9778483415056568,0.2093146459630488,1.6,1.5024437972092364,1.9040021970053693
1040,SLM001,2020-10-13,SLM001,Croplands,38.289,-121.118,2.1,4.8,1.5812055270766563,15.289166666666668,1.6025000000000005,1.04,-0.9741004551724206,0.226115685508288,2.1,1.9548785756381621,2.4073105640988857
1041,SLM001,2020-10-20,SLM001,Croplands,38.289,-121.118,1.7,3.8,1.443020948338276,14.957083333333332,1.4624999999999997,0.8595833333333333,-0.9398560579418952,0.341570769167856,1.7,1.5929307528950214,2.0046638704240722
1042,SLM001,2020-10-21,SLM001,Croplands,38.289,-121.118,1.5,3.5,1.486307113395417,15.008611111111106,1.4529166666666669,0.9854166666666668,-0.9338372288229252,0.3576982388331254,1.5,1.411956841523451,1.803340523586666
1043,SLM001,2020-10-28,SLM001,Croplands,38.289,-121.118,1.0,2.1000001,0.6756747410321309,10.35875,1.10625,0.95,-0.8840675099433637,0.467359217158002,1.0,0.9595220630945251,1.3000321564931498
1044,SLM001,2020-10-29,SLM001,Croplands,38.289,-121.118,0.9,1.7,0.7581567088830867,9.994583333333331,1.0991666666666668,0.7433333333333332,-0.8758917051442433,0.4825077417612176,0.9,0.8690351074087397,1.1993704830744463
1045,SLM001,2020-11-05,SLM001,Croplands,38.289,-121.118,1.2,2.6000001,0.5373100776177023,12.199305555555556,1.1258333333333332,0.9137499999999998,-0.8115390590073611,0.5842981736283683,1.2,1.1404959744660954,1.5013555033305561
1046,SLM001,2020-11-29,SLM001,Croplands,38.289,-121.118,0.5,1.1,0.1533963458159134,5.889305555555557,0.4975000000000001,0.8866666666666667,-0.5086709438521042,0.8609610158889945,0.5,0.5070872846655992,0.7967237893996333
1047,SLM001,2020-12-07,SLM001,Croplands,38.289,-121.118,0.8,3.5,0.308524391349531,7.7041666666666675,0.777083333333333,1.5141666666666662,-0.3856634062436074,0.9226395488404876,0.8,0.7785481517229547,1.0987088096557436
1048,SLM001,2020-12-08,SLM001,Croplands,38.289,-121.118,0.6,1.4,0.1449522506081386,7.144861111111112,0.59375,1.6395833333333334,-0.3697245428906732,0.9291414114031744,0.6,0.5975742403513844,0.8973854628183369
1914,US-Bi1,2019-03-08,US-Bi1,Croplands,38.0991537999999,-121.49933,1.4,2.3,3.1050126153167086,16.91053475,0.4373900354166666,4.344032458333333,0.9141279881853336,0.4054257283599973,1.4,1.2735322274724756,1.6096578700813744
1915,US-Bi1,2019-03-16,US-Bi1,Croplands,38.0991537999999,-121.49933,1.7,2.8,2.561636538188403,17.906884458333334,0.690644275,1.1757349375,0.9611297838723007,0.2760969730974688,1.7,1.541058829250004,1.9192044594584576
1916,US-Bi1,2019-03-17,US-Bi1,Croplands,38.0991537999999,-121.49933,1.6,2.8,2.3005012828781086,18.89554477083334,0.6555354458333336,0.9409568125,0.9657399376548548,0.2595117970697999,1.6,1.4518832953241614,1.81602226299943
1917,US-Bi1,2019-03-24,US-Bi1,Croplands,38.0991537999999,-121.49933,2.7,2.7,2.6358370269122338,17.50831960416667,0.4132763916666669,1.1161769583333334,0.989932495087353,0.141540295217043,2.7,2.432814168508432,2.9510264240487354
1918,US-Bi1,2019-04-09,US-Bi1,Croplands,38.0991537999999,-121.49933,4.8,4.3,6.713610754775972,19.956250041666667,0.7176810270833335,4.771298041666667,0.9911140639934548,-0.1330147065341959,4.8,4.3055003809511305,5.117852549688318
1919,US-Bi1,2019-04-17,US-Bi1,Croplands,38.0991537999999,-121.49933,4.5,4.5,5.1283425306205315,20.526943958333337,0.6456047833333334,1.4809786666666662,0.9634705485641488,-0.2678143051621742,4.5,4.037973779173602,4.808305960311235
1920,US-Bi1,2019-04-18,US-Bi1,Croplands,38.0991537999999,-121.49933,4.9,4.5,5.253263649224463,22.745688375,0.8550710708333336,0.9973842291666664,0.9587178169872964,-0.2843591872810034,4.9,4.394675914876974,5.221034746147346
1921,US-Bi1,2019-05-03,US-Bi1,Croplands,38.0991537999999,-121.49933,3.4,5.4,2.2356888487538265,21.382971916666666,1.1075462562500002,2.0368380208333328,0.854322169749827,-0.5197438121555155,3.4,3.057042905989331,3.6733017992619295
1922,US-Bi1,2019-05-04,US-Bi1,Croplands,38.0991537999999,-121.49933,3.7,5.2000003,2.478308569159524,19.88781589583333,0.8471455270833333,3.437848166666668,0.8452490573530633,-0.5343725582809787,3.7,3.32456950776686,3.9828483886390127
1923,US-Bi1,2019-05-11,US-Bi1,Croplands,38.0991537999999,-121.49933,4.7,5.8,4.923007495173488,21.372308291666673,0.71139951875,2.793049499999998,0.7748840413670407,-0.6321034111873487,4.7,4.216324847025287,5.01467035322929
1924,US-Bi1,2019-05-27,US-Bi1,Croplands,38.0991537999999,-121.49933,4.5,3.7,5.196944569192593,20.029794708333338,0.49181165625,1.7041009999999996,0.5737722679043246,-0.8190148866680801,4.5,4.037973779173602,4.808305960311235
1925,US-Bi1,2019-06-04,US-Bi1,Croplands,38.0991537999999,-121.49933,7.1,7.2000003,7.282786428869955,27.547065229166662,1.2628726979166671,1.5628046875,0.4559066935084588,-0.8900275764346767,7.1,6.356537661245515,7.491043068245956
1926,US-Bi1,2019-06-05,US-Bi1,Croplands,38.0991537999999,-121.49933,7.5,7.5,8.586547059572071,28.57999452083334,1.4519106104166666,2.2712376875,0.440518784350495,-0.8977433935342337,7.5,6.713239796948885,7.903771854082068
1927,US-Bi1,2019-06-12,US-Bi1,Croplands,38.0991537999999,-121.49933,3.8,8.400001,4.1230446983274165,31.16314045833333,2.4706819125,3.401243145833333,0.3294084822245304,-0.9441875088341992,3.8,3.413745041692702,4.08603058509804
1928,US-Bi1,2019-06-20,US-Bi1,Croplands,38.0991537999999,-121.49933,5.8,6.2000003,6.256088921922351,23.58783733333334,0.8863639104166668,4.781279062500002,0.1966728897935764,-0.980469160361632,5.8,5.197255720209558,6.149674514278595
1929,US-Bi1,2019-06-21,US-Bi1,Croplands,38.0991537999999,-121.49933,6.3,7.4,7.219814023812852,24.327444,1.2973127187499998,3.982436979166668,0.1797665857255624,-0.9837092937736096,6.3,5.643133389838772,6.665585496573733
1930,US-Bi1,2019-07-06,US-Bi1,Croplands,38.0991537999999,-121.49933,6.9,7.6,6.985582983293677,25.64277195833333,1.32408265625,1.8478388125,-0.0773864792334632,-0.9970011699250152,6.9,6.17818659339383,7.284678675327902
1931,US-Bi1,2019-07-14,US-Bi1,Croplands,38.0991537999999,-121.49933,7.3,8.0,6.227371456258334,27.231391416666664,1.652597316666666,2.8348150208333336,-0.2135209154397959,-0.9769384927771816,7.3,6.534888729097199,7.697407461164011
1932,US-Bi1,2019-07-22,US-Bi1,Croplands,38.0991537999999,-121.49933,6.7,8.400001,6.3299764623538355,28.23563287500001,1.7013713395833332,1.8577241666666664,-0.3456123126707333,-0.9383773917408642,6.7,5.999835525542143,7.0783142824098455
1933,US-Bi1,2019-07-23,US-Bi1,Croplands,38.0991537999999,-121.49933,7.1,8.2,6.022125566480986,27.38634064583334,1.6061312854166667,2.2296086875000003,-0.3617137307297674,-0.9322892131745134,7.1,6.356537661245515,7.491043068245956
1934,US-Bi1,2019-07-30,US-Bi1,Croplands,38.0991537999999,-121.49933,2.6,7.1,2.412007260449602,24.716751708333327,1.2040799333333336,2.172901979166667,-0.4711595076738639,-0.8820480249558535,2.6,2.343638634582589,2.8478442275897073
1935,US-Bi1,2019-08-15,US-Bi1,Croplands,38.0991537999999,-121.49933,2.5,9.0,2.223562894731137,31.1594765625,2.1387997874999995,1.4387065833333332,-0.6932812268869771,-0.7206671495538615,2.5,2.2544631006567464,2.7446620311306797
1936,US-Bi1,2019-08-23,US-Bi1,Croplands,38.0991537999999,-121.49933,3.5,7.1,4.614382268226426,28.763908125,1.477923654166667,2.8787186875000006,-0.7856498550787144,-0.6186714032625032,3.5,3.146218439915174,3.776483995720957
1937,US-Bi1,2019-08-24,US-Bi1,Croplands,38.0991537999999,-121.49933,3.6,6.8,4.799962146296355,27.66487858333333,1.3602575520833338,3.15768975,-0.7961828637826154,-0.6050560696488494,3.6,3.235393973841017,3.879666192179985
1938,US-Bi1,2019-08-31,US-Bi1,Croplands,38.0991537999999,-121.49933,5.3,7.0,5.877614245243874,27.71674220833333,1.3927678666666663,1.259753479166667,-0.8631421280499115,-0.5049610547215202,5.3,4.751378050580344,5.6337635319834565
1939,US-Bi1,2019-09-08,US-Bi1,Croplands,38.0991537999999,-121.49933,4.9,5.5,5.516997683443441,24.385867750000006,0.8163183666666668,1.993115520833333,-0.9242907221930934,-0.3816892202666586,4.9,4.394675914876974,5.221034746147346
1940,US-Bi1,2019-09-09,US-Bi1,Croplands,38.0991537999999,-121.49933,5.3,5.7000003,6.2468259131972586,24.769214229166675,0.9098353104166668,3.2582560000000003,-0.9307239310379792,-0.3657225234972692,5.3,4.751378050580344,5.6337635319834565
1941,US-Bi1,2019-09-24,US-Bi1,Croplands,38.0991537999999,-121.49933,2.1,6.1,2.212787134489796,27.81702229166666,2.123774975,1.9624768125000005,-0.9932568492674144,-0.1159345995955006,2.1,1.8977609649533753,2.331933245294569
1942,US-Bi1,2019-09-25,US-Bi1,Croplands,38.0991537999999,-121.49933,1.9,5.6,2.09468285502449,28.3506666875,1.9547905979166664,0.9925219166666668,-0.9951053111006974,-0.0988201387328721,1.9,1.7194098971016896,2.125568852376513
1943,US-Bi1,2019-10-02,US-Bi1,Croplands,38.0991537999999,-121.49933,2.2,3.7,2.8290160958716424,19.670664833333326,0.9939338125000002,1.3952516458333335,-0.9997685019798908,0.0215160974362222,2.2,1.9869364988792182,2.4351154417535965
1944,US-Bi1,2019-10-10,US-Bi1,Croplands,38.0991537999999,-121.49933,3.9,4.6,4.853817233803653,19.9189626875,1.32923334375,3.540356833333336,-0.9873494423939864,0.1585593851031347,3.9,3.5029205756185453,4.189212781557068
1945,US-Bi1,2019-10-11,US-Bi1,Croplands,38.0991537999999,-121.49933,3.0,2.9,3.260367680144596,18.643549875,0.9161541916666666,0.8158110833333333,-0.9844738167520924,0.1755314904214277,3.0,2.70034077028596,3.2605730134258186
1946,US-Bi1,2019-10-26,US-Bi1,Croplands,38.0991537999999,-121.49933,1.1,3.3,1.1624429626558277,20.751953083333333,1.0109918229166668,1.2516103958333331,-0.9070138128026362,0.4211008707960891,1.1,1.0060056256949474,1.3001112807042916
1947,US-Bi1,2019-10-27,US-Bi1,Croplands,38.0991537999999,-121.49933,2.1,5.5,2.306873990240795,20.254381645833327,1.4235842479166667,9.772644104166671,-0.8996308696522434,0.4366512319560638,2.1,1.8977609649533753,2.331933245294569
1948,US-Bi1,2019-11-03,US-Bi1,Croplands,38.0991537999999,-121.49933,1.0,1.8000001,1.3890007457312754,18.101381062500003,0.922659822916667,0.6628515833333332,-0.8406184056344783,0.5416278206559811,1.0,0.9168300917691046,1.1969290842452636
1949,US-Bi1,2019-11-11,US-Bi1,Croplands,38.0991537999999,-121.49933,1.5,1.9,2.0491595611175923,19.92861577083333,0.7647484104166665,0.7301441666666667,-0.7583058084785625,0.6518989958787125,1.5,1.3627077613983185,1.712840066540402
1950,US-Bi1,2019-11-19,US-Bi1,Croplands,38.0991537999999,-121.49933,1.5,2.8,2.5502288793034897,20.98982479166667,0.4596354624999999,3.2975941041666665,-0.661634618242279,0.749826401204568,1.5,1.3627077613983185,1.712840066540402
1951,US-Bi1,2019-12-14,US-Bi1,Croplands,38.0991537999999,-121.49933,0.9,0.90000004,2.953429646282381,21.70543593750001,0.2795744041666667,4.007012729166667,-0.2884824328806098,0.9574851883550388,0.9,0.8276545578432617,1.0937468877862355
1952,US-Bi1,2019-12-30,US-Bi1,Croplands,38.0991537999999,-121.49933,0.9,1.0,1.8399812377263265,17.9593984375,0.2253583,2.100268,-0.0172133561558352,0.9998518392091162,0.9,0.8276545578432617,1.0937468877862355
2027,US-Bi2,2019-01-12,US-Bi1,Croplands,38.109,-121.535,1.0,0.90000004,0.5433923134609235,13.599353249999998,0.1141288895833333,1.5445165625,0.2051044998686192,0.9787400799669153,1.0,0.9168300917691046,1.1969290842452636
2028,US-Bi2,2019-03-08,US-Bi1,Croplands,38.109,-121.535,1.9,2.3,4.550265201096988,13.853356791666664,0.4154986875000001,4.7330546875,0.9141279881853336,0.4054257283599973,1.9,1.7194098971016896,2.125568852376513
2029,US-Bi2,2019-03-16,US-Bi1,Croplands,38.109,-121.535,2.1,2.8,2.840772162151006,16.81112025,0.6093511874999998,1.2011247916666667,0.9611297838723007,0.2760969730974688,2.1,1.8977609649533753,2.331933245294569
2030,US-Bi2,2019-03-17,US-Bi1,Croplands,38.109,-121.535,2.4,2.8,2.35794741671672,17.903426645833335,0.6295178458333334,0.927909208333333,0.9657399376548548,0.2595117970697999,2.4,2.1652875667309033,2.6414798346716517
2031,US-Bi2,2019-03-24,US-Bi1,Croplands,38.109,-121.535,2.4,2.7,2.228543135471229,15.426978854166665,0.4039051125,1.1806111875,0.989932495087353,0.141540295217043,2.4,2.1652875667309033,2.6414798346716517
2032,US-Bi2,2019-04-17,US-Bi1,Croplands,38.109,-121.535,3.2,4.5,4.792166255358122,19.6975004375,0.74536383125,1.8556748333333335,0.9634705485641488,-0.2678143051621742,3.2,2.878691838137646,3.4669374063438743
2033,US-Bi2,2019-04-18,US-Bi1,Croplands,38.109,-121.535,3.7,4.5,4.182655886438639,22.29110145833333,0.9996039979166664,1.0897838333333334,0.9587178169872964,-0.2843591872810034,3.7,3.32456950776686,3.9828483886390127
2034,US-Bi2,2019-04-25,US-Bi1,Croplands,38.109,-121.535,3.3,5.3,3.8025245205835545,24.172345604166665,1.3155644770833332,2.8055467083333334,0.9175836260593936,-0.3975428142825559,3.3,2.9678673720634885,3.5701196028029014
2035,US-Bi2,2019-05-03,US-Bi1,Croplands,38.109,-121.535,3.0,5.4,2.482045036531578,20.624903875,1.2147015354166666,2.3781798125,0.854322169749827,-0.5197438121555155,3.0,2.70034077028596,3.2605730134258186
2036,US-Bi2,2019-05-04,US-Bi1,Croplands,38.109,-121.535,3.9,5.2000003,2.7870134162126585,18.549793708333336,0.8921595354166669,3.664159166666668,0.8452490573530633,-0.5343725582809787,3.9,3.5029205756185453,4.189212781557068
2037,US-Bi2,2019-05-11,US-Bi1,Croplands,38.109,-121.535,2.4,5.8,2.9408364293330314,20.444349875000004,0.7602186416666666,3.9953413958333335,0.7748840413670407,-0.6321034111873487,2.4,2.1652875667309033,2.6414798346716517
2038,US-Bi2,2019-05-27,US-Bi1,Croplands,38.109,-121.535,0.4,3.7,1.4517755042852545,18.49466045833333,0.5990858229166668,2.3469367916666664,0.5737722679043246,-0.8190148866680801,0.4,0.38177688821404754,0.5778359054910966
2039,US-Bi2,2019-06-04,US-Bi1,Croplands,38.109,-121.535,1.4,7.2000003,1.4437158857332366,28.067208833333336,1.6074828187500003,2.287045083333333,0.4559066935084588,-0.8900275764346767,1.4,1.2735322274724756,1.6096578700813744
2040,US-Bi2,2019-06-05,US-Bi1,Croplands,38.109,-121.535,1.6,7.5,1.7790310707940835,29.2576774375,1.813422239583333,3.4801862291666668,0.440518784350495,-0.8977433935342337,1.6,1.4518832953241614,1.81602226299943
2041,US-Bi2,2019-06-12,US-Bi1,Croplands,38.109,-121.535,1.5,8.400001,2.225636470874148,30.928513812500004,2.50930305625,3.840964416666667,0.3294084822245304,-0.9441875088341992,1.5,1.3627077613983185,1.712840066540402
2042,US-Bi2,2019-06-21,US-Bi1,Croplands,38.109,-121.535,2.2,7.4,2.800935640300215,23.92626429166666,1.3857868458333336,4.624644250000001,0.1797665857255624,-0.9837092937736096,2.2,1.9869364988792182,2.4351154417535965
2043,US-Bi2,2019-07-06,US-Bi1,Croplands,38.109,-121.535,5.2,7.6,5.901164107816405,24.97755510416667,1.3990196479166668,2.201797833333333,-0.0773864792334632,-0.9970011699250152,5.2,4.662202516654501,5.530581335524429
2044,US-Bi2,2019-07-07,US-Bi1,Croplands,38.109,-121.535,4.9,6.6,4.885441598580682,22.7412546875,1.1199027499999998,2.2927015416666667,-0.0945367498171993,-0.9955213724144752,4.9,4.394675914876974,5.221034746147346
2045,US-Bi2,2019-07-14,US-Bi1,Croplands,38.109,-121.535,5.9,8.0,6.831559930022444,27.07574558333333,1.65107710625,3.4091876875,-0.2135209154397959,-0.9769384927771816,5.9,5.286431254135401,6.252856710737623
2046,US-Bi2,2019-07-22,US-Bi1,Croplands,38.109,-121.535,6.7,8.400001,7.520474270103621,27.942725,1.6636665020833334,1.721854125,-0.3456123126707333,-0.9383773917408642,6.7,5.999835525542143,7.0783142824098455
2047,US-Bi2,2019-07-23,US-Bi1,Croplands,38.109,-121.535,6.7,8.2,7.454650620472876,26.46881358333334,1.55205965625,2.069492458333333,-0.3617137307297674,-0.9322892131745134,6.7,5.999835525542143,7.0783142824098455
2048,US-Bi2,2019-07-30,US-Bi1,Croplands,38.109,-121.535,5.9,7.1,6.479645008207957,22.976549833333333,1.1026195958333334,1.6793813333333336,-0.4711595076738639,-0.8820480249558535,5.9,5.286431254135401,6.252856710737623
2049,US-Bi2,2019-08-07,US-Bi1,Croplands,38.109,-121.535,6.1,7.3,6.429890944878018,23.947613916666665,1.03264320625,1.9467265833333331,-0.5877852522924734,-0.8090169943749472,6.1,5.464782321987086,6.459221103655678
2050,US-Bi2,2019-08-08,US-Bi1,Croplands,38.109,-121.535,5.4,6.5,5.701954706229256,22.30531185416667,0.9004351583333333,2.1272597291666666,-0.6016240632249227,-0.7987793728863648,5.4,4.840553584506187,5.7369457284424845
2051,US-Bi2,2019-08-15,US-Bi1,Croplands,38.109,-121.535,5.9,9.0,6.882692957761867,29.303260395833348,1.8214818645833333,0.9147707916666667,-0.6932812268869771,-0.7206671495538615,5.9,5.286431254135401,6.252856710737623
2052,US-Bi2,2019-08-23,US-Bi1,Croplands,38.109,-121.535,5.7,7.1,6.202316761618498,27.19789468750001,1.3451733083333333,1.9828626666666669,-0.7856498550787144,-0.6186714032625032,5.7,5.108080186283716,6.046492317819568
2053,US-Bi2,2019-08-24,US-Bi1,Croplands,38.109,-121.535,5.7,6.8,5.868231037286444,26.30513902083333,1.27649060625,2.3682483541666666,-0.7961828637826154,-0.6050560696488494,5.7,5.108080186283716,6.046492317819568
2054,US-Bi2,2019-08-31,US-Bi1,Croplands,38.109,-121.535,4.7,7.0,4.939308296939326,26.08543927083333,1.4735663270833337,0.9780708125,-0.8631421280499115,-0.5049610547215202,4.7,4.216324847025287,5.01467035322929
2055,US-Bi2,2019-09-08,US-Bi1,Croplands,38.109,-121.535,4.1,5.5,3.3946787985112565,23.175269125,0.9645139625,1.783421666666667,-0.9242907221930934,-0.3816892202666586,4.1,3.6812716434702306,4.3955771744751235
2056,US-Bi2,2019-09-09,US-Bi1,Croplands,38.109,-121.535,3.9,5.7000003,3.81832141930537,23.80051635416667,1.052149725,3.069799708333333,-0.9307239310379792,-0.3657225234972692,3.9,3.5029205756185453,4.189212781557068
2057,US-Bi2,2019-09-16,US-Bi1,Croplands,38.109,-121.535,2.2,3.5,4.037001346884499,22.543839854166652,0.7556324041666667,3.2196654166666665,-0.9679377830240642,-0.2511900638848195,2.2,1.9869364988792182,2.4351154417535965
2058,US-Bi2,2019-09-24,US-Bi1,Croplands,38.109,-121.535,1.0,6.1,1.3335333413682908,27.85044189583333,2.1267412895833333,2.2709755208333333,-0.9932568492674144,-0.1159345995955006,1.0,0.9168300917691046,1.1969290842452636
2059,US-Bi2,2019-09-25,US-Bi1,Croplands,38.109,-121.535,0.9,5.6,1.0025762486443737,28.103943479166674,1.9444469708333325,1.2356612083333334,-0.9951053111006974,-0.0988201387328721,0.9,0.8276545578432617,1.0937468877862355
2060,US-Bi2,2019-10-02,US-Bi1,Croplands,38.109,-121.535,0.6,3.7,0.4783526802194179,18.210466437500006,1.0695319541666668,1.6783141875,-0.9997685019798908,0.0215160974362222,0.6,0.5601279560657335,0.7842002984091527
2061,US-Bi2,2019-10-11,US-Bi1,Croplands,38.109,-121.535,0.3,2.9,0.2161281562815424,17.152158541666658,0.96784234375,1.0811013125,-0.9844738167520924,0.1755314904214277,0.3,0.2926013542882049,0.4746537090320686
2062,US-Bi2,2019-10-26,US-Bi1,Croplands,38.109,-121.535,0.4,3.3,0.2572567525595362,19.091891791666665,1.0472978000000002,1.4205426666666665,-0.9070138128026362,0.4211008707960891,0.4,0.38177688821404754,0.5778359054910966
2063,US-Bi2,2019-11-11,US-Bi1,Croplands,38.109,-121.535,0.4,1.9,0.1961296334386315,17.89643172916667,0.8419082041666667,0.7997587083333331,-0.7583058084785625,0.6518989958787125,0.4,0.38177688821404754,0.5778359054910966
2064,US-Bi2,2019-11-19,US-Bi1,Croplands,38.109,-121.535,0.4,2.8,0.1076586094597068,17.957779249999994,0.53959121875,4.137975895833333,-0.661634618242279,0.749826401204568,0.4,0.38177688821404754,0.5778359054910966
2065,US-Bi2,2019-12-14,US-Bi1,Croplands,38.109,-121.535,0.4,0.90000004,2.3572869519801563,16.27634570833333,0.31404084375,4.77198325,-0.2884824328806098,0.9574851883550388,0.4,0.38177688821404754,0.5778359054910966
2066,US-Bi2,2019-12-30,US-Bi1,Croplands,38.109,-121.535,1.1,1.0,1.448327121877982,15.85192583333333,0.23996246875,2.5297626250000005,-0.0172133561558352,0.9998518392091162,1.1,1.0060056256949474,1.3001112807042916
2067,US-Bi2,2020-01-06,US-Bi1,Croplands,38.109,-121.535,0.8,0.8,0.9705524324908776,16.45346608333333,0.3487962916666667,1.1852567083333334,0.1031016974474348,0.9946708199115212,0.8,0.738479023917419,0.9905646913272079
2068,US-Bi2,2020-01-14,US-Bi1,Croplands,38.109,-121.535,1.1,1.1,2.3970156817762343,16.484803500000005,0.3350603333333333,3.7752529791666674,0.2386727660059501,0.9711000518829505,1.1,1.0060056256949474,1.3001112807042916
2069,US-Bi2,2020-01-31,US-Bi1,Croplands,38.109,-121.535,1.0,1.3000001,0.3694873658077332,19.978218145833328,0.3038692229166665,1.1176627291666663,0.5086709438521044,0.8609610158889943,1.0,0.9168300917691046,1.1969290842452636
2070,US-Bi2,2020-02-07,US-Bi1,Croplands,38.109,-121.535,1.5,1.5,1.0949939270591542,17.131999166666667,0.4650775020833333,0.9456604583333332,0.6084768701151261,0.7935716089521474,1.5,1.3627077613983185,1.712840066540402
2071,US-Bi2,2020-02-16,US-Bi1,Croplands,38.109,-121.535,2.1,2.5,3.622321825586596,18.698944354166667,0.5472501270833333,4.150033270833334,0.7236440382959124,0.6901733882429719,2.1,1.8977609649533753,2.331933245294569
2072,US-Bi2,2020-02-23,US-Bi1,Croplands,38.109,-121.535,1.1,2.6000001,2.163400225756811,16.288445499999998,0.4239078937500001,1.6572159375,0.8013610881746766,0.5981809144059164,1.1,1.0060056256949474,1.3001112807042916
2073,US-Bi2,2020-03-02,US-Bi1,Croplands,38.109,-121.535,2.6,4.4,5.695958686511573,17.772019250000003,1.0766870770833334,7.048004416666667,0.8758917051442429,0.4825077417612184,2.6,2.343638634582589,2.8478442275897073
2074,US-Bi2,2020-03-03,US-Bi1,Croplands,38.109,-121.535,1.8,2.9,1.6808995347287137,17.256578625000003,0.8197209250000003,1.133424375,0.8840675099433636,0.4673592171580022,1.8,1.630234363175847,2.0223866559174857
2075,US-Bi2,2020-03-10,US-Bi1,Croplands,38.109,-121.535,2.3,3.2,2.4585405268259666,19.422734604166667,0.7919120166666667,2.773772020833334,0.9338372288229252,0.3576982388331254,2.3,2.0761120328050606,2.538297638212624
2076,US-Bi2,2020-03-26,US-Bi1,Croplands,38.109,-121.535,1.5,3.1000001,3.205640751812751,15.540943125000004,0.4687463958333333,2.4065512708333325,0.995918996147179,0.0902516100310411,1.5,1.3627077613983185,1.712840066540402
2077,US-Bi2,2020-04-03,US-Bi1,Croplands,38.109,-121.535,3.6,4.4,5.824929508302174,17.913581291666674,0.7103488270833335,3.8559965416666655,0.9988797155850336,-0.0473213883224318,3.6,3.235393973841017,3.879666192179985
2078,US-Bi2,2020-04-19,US-Bi1,Croplands,38.109,-121.535,3.1,4.4,3.893584752842641,19.03504879166667,0.5616465479166669,2.7093895625,0.9483615800121716,-0.3171912885891061,3.1,2.789516304211803,3.363755209884846
2079,US-Bi2,2020-04-27,US-Bi1,Croplands,38.109,-121.535,2.8,6.5,2.352483661395188,23.843841625,1.4355662916666665,4.972159729166667,0.895839290734909,-0.4443781781046132,2.8,2.5219897024342743,3.0542086205077625
2080,US-Bi2,2020-05-05,US-Bi1,Croplands,38.109,-121.535,1.7,6.9,1.700231751493014,21.994816062500004,1.3593186083333333,5.0838003333333335,0.8263541987239096,-0.5631507242749186,1.7,1.541058829250004,1.9192044594584576
2081,US-Bi2,2020-05-21,US-Bi1,Croplands,38.109,-121.535,1.3,7.0,2.0816272490461936,23.66606885416667,1.2797116208333332,3.4362047499999995,0.6420547132365637,-0.766658819300159,1.3,1.184356693546633,1.5064756736223466
2082,US-Bi2,2020-05-22,US-Bi1,Croplands,38.109,-121.535,2.3,7.3,2.1224274566957813,22.465780916666667,1.3880132833333334,5.1899413124999985,0.6287628145958344,-0.777597146973627,2.3,2.0761120328050606,2.538297638212624
2083,US-Bi2,2020-06-14,US-Bi1,Croplands,38.109,-121.535,4.1,7.1,5.173890927218605,23.40516112500001,1.0352994541666665,3.65604325,0.2802306751992158,-0.9599326896597448,4.1,3.6812716434702306,4.3955771744751235
2084,US-Bi2,2020-06-22,US-Bi1,Croplands,38.109,-121.535,6.6,8.5,6.753661390023861,26.652828770833334,1.4765210395833337,2.660473520833333,0.1457991969198751,-0.9893142039703664,6.6,5.910659991616301,6.975132085950817
2085,US-Bi2,2020-06-23,US-Bi1,Croplands,38.109,-121.535,6.5,8.5,7.1981505902934435,26.091129812500004,1.374915422916667,3.8280019791666655,0.1287481774525813,-0.99167731989929,6.5,5.821484457690458,6.871949889491789
2086,US-Bi2,2020-06-30,US-Bi1,Croplands,38.109,-121.535,5.7,8.1,6.513195378118142,25.384792250000004,1.6557269729166668,1.2892081458333335,0.0086069968886886,-0.9999629591162656,5.7,5.108080186283716,6.046492317819568
4416,US-Jo2,2019-01-22,US-Jo2,Shrublands,32.58494,-106.60322,0.4,2.1000001,0.3830346443769277,4.731096229166668,0.4880604166666666,3.204982166666668,0.3697245428906731,0.9291414114031744,0.4,0.39363711789628253,0.653050435731998
4417,US-Jo2,2019-02-07,US-Jo2,Shrublands,32.58494,-106.60322,0.6,2.3,0.3843876942073755,2.1069065625000003,0.5186952083333334,2.973452333333333,0.6084768701151261,0.7935716089521474,0.6,0.5787573437977285,0.7924767901585439
4418,US-Jo2,2019-02-23,US-Jo2,Shrublands,32.58494,-106.60322,1.0,4.0,1.3882127012797505,3.003705895833334,0.4012508333333333,3.931426666666667,0.8013610881746766,0.5981809144059164,1.0,0.9489977956006199,1.0713294990116362
4419,US-Jo2,2019-03-03,US-Jo2,Shrublands,32.58494,-106.60322,1.1,4.8,0.2279305647355017,15.411029166666664,1.0458410416666666,4.7631804166666685,0.8758917051442429,0.4825077417612184,1.1,1.0415579085513427,1.1410426762249093
4420,US-Jo2,2019-03-19,US-Jo2,Shrublands,32.58494,-106.60322,1.0,3.8,1.2517590407596009,12.640465625000004,0.88719875,2.5077607500000005,0.9741004551724204,0.2261156855082882,1.0,0.9489977956006199,1.0713294990116362
4421,US-Jo2,2019-03-27,US-Jo2,Shrublands,32.58494,-106.60322,2.7,5.6,0.6034473261226022,21.48555208333333,1.5151256250000005,3.0336796458333346,0.995918996147179,0.0902516100310411,2.7,2.5225197157629085,2.256453511637278
4422,US-Jo2,2019-04-04,US-Jo2,Shrublands,32.58494,-106.60322,1.3,5.2000003,0.8418560844297773,16.907262499999998,1.342933333333333,3.0153573333333337,0.9988797155850336,-0.0473213883224318,1.3,1.2266781344527884,1.2804690306514552
4423,US-Jo2,2019-04-28,US-Jo2,Shrublands,32.58494,-106.60322,1.2,7.7000003,1.1692484700436547,23.9889875,2.155972916666667,3.7026439791666665,0.895839290734909,-0.4443781781046132,1.2,1.1341180215020656,1.2107558534381822
4424,US-Jo2,2019-05-14,US-Jo2,Shrublands,32.58494,-106.60322,0.7,5.9,0.7803258564577374,22.26200625,1.705354166666667,3.0871739791666672,0.741222010848596,-0.6712599575675313,0.7,0.6713174567484512,0.862189967371817
4425,US-Jo2,2019-05-22,US-Jo2,Shrublands,32.58494,-106.60322,0.5,8.900001,0.6907294979151579,20.57321458333333,1.8908545833333332,5.929424874999998,0.6420547132365637,-0.766658819300159,0.5,0.4861972308470055,0.7227636129452709
4426,US-Jo2,2019-05-30,US-Jo2,Shrublands,32.58494,-106.60322,0.5,6.3,0.16991472911154,22.60823333333333,1.74580875,5.0863563125,0.5307300481619334,-0.8475409228928311,0.5,0.4861972308470055,0.7227636129452709
4427,US-Jo2,2019-06-07,US-Jo2,Shrublands,32.58494,-106.60322,0.9,8.5,1.2417739374019163,28.889475000000004,2.6092687500000005,3.1784247291666663,0.4093559588156213,-0.9123747579707272,0.9,0.856437682649897,1.0016163217983631
4428,US-Jo2,2019-06-15,US-Jo2,Shrublands,32.58494,-106.60322,0.5,8.5,2.403041352293936,26.15709166666667,2.4016479166666667,4.558041874999999,0.2802306751992158,-0.9599326896597448,0.5,0.4861972308470055,0.7227636129452709
4429,US-Jo2,2019-06-23,US-Jo2,Shrublands,32.58494,-106.60322,0.7,7.9,0.9989591030639404,24.61877708333333,2.220225833333334,3.272127750000001,0.1457991969198751,-0.9893142039703664,0.7,0.6713174567484512,0.862189967371817
4430,US-Jo2,2019-07-01,US-Jo2,Shrublands,32.58494,-106.60322,0.3,6.8,1.479267484133425,28.66443958333333,2.483014583333333,2.3171805625000004,0.0086069968886886,-0.9999629591162656,0.3,0.3010770049455598,0.583337258518725
4431,US-Jo2,2019-07-09,US-Jo2,Shrublands,32.58494,-106.60322,0.5,7.5,0.8966539110711165,29.250183333333336,2.80495625,2.4262307083333337,-0.1287481774525806,-0.99167731989929,0.5,0.4861972308470055,0.7227636129452709
4432,US-Jo2,2019-07-17,US-Jo2,Shrublands,32.58494,-106.60322,0.4,6.1,0.6269288987113818,30.28598541666668,2.4356291666666667,2.448912916666667,-0.2636654927280072,-0.9646141756912436,0.4,0.39363711789628253,0.653050435731998
4433,US-Jo2,2019-07-25,US-Jo2,Shrublands,32.58494,-106.60322,0.7,7.0,1.3892932596817538,29.2087625,2.3781562499999995,2.582265708333334,-0.3935902766564664,-0.9192859697186104,0.7,0.6713174567484512,0.862189967371817
4434,US-Jo2,2019-08-10,US-Jo2,Shrublands,32.58494,-106.60322,1.0,5.5,3.1380117530691867,25.962429166666663,1.1943611875,3.3678260624999994,-0.6287628145958345,-0.7775971469736268,1.0,0.9489977956006199,1.0713294990116362
4435,US-Jo2,2019-08-18,US-Jo2,Shrublands,32.58494,-106.60322,1.0,6.8,0.5781058606678683,30.4731,2.8811249999999986,2.2208480416666667,-0.7295575540864876,-0.6839194216246105,1.0,0.9489977956006199,1.0713294990116362
4436,US-Jo2,2019-08-26,US-Jo2,Shrublands,32.58494,-106.60322,0.8,7.1,1.4473741710909158,31.544225,2.6202791666666667,2.7063641250000003,-0.8165380514459157,-0.5772916165517278,0.8,0.7638775696991742,0.93190314458509
4437,US-Jo2,2019-09-03,US-Jo2,Shrublands,32.58494,-106.60322,0.4,6.1,1.3308521171637242,28.875727083333334,2.3830250000000004,2.8490646875,-0.888057322629493,-0.4597327394521046,0.4,0.39363711789628253,0.653050435731998
4438,US-Jo2,2019-09-11,US-Jo2,Shrublands,32.58494,-106.60322,0.2,5.5,0.3908304698283267,26.77604166666667,1.5682689583333334,3.652836250000001,-0.9427611433904206,-0.333468778918187,0.2,0.20851689199483703,0.5136240813054518
4439,US-Jo2,2019-09-19,US-Jo2,Shrublands,32.58494,-106.60322,0.5,5.2000003,0.7265914032562195,26.798831249999992,1.7735039583333327,2.8799729166666665,-0.97961369164549,-0.2008905551306352,0.5,0.4861972308470055,0.7227636129452709
4440,US-Jo2,2019-10-05,US-Jo2,Shrublands,32.58494,-106.60322,0.5,4.1,3.4581693230859036,23.27077500000001,0.9929691666666666,2.4217336041666653,-0.9973249731081556,0.0730951298980777,0.5,0.4861972308470055,0.7227636129452709
4441,US-Jo2,2019-10-13,US-Jo2,Shrublands,32.58494,-106.60322,0.7,3.8,1.1376631455470558,19.894402083333333,1.2286137500000005,2.778857604166667,-0.9778483415056568,0.2093146459630488,0.7,0.6713174567484512,0.862189967371817
4442,US-Jo2,2019-10-21,US-Jo2,Shrublands,32.58494,-106.60322,0.1,4.4,0.5994396582562839,14.64742395833334,1.2646899999999992,2.502590979166667,-0.9398560579418952,0.341570769167856,0.1,0.11595677904411428,0.4439109040921787
4443,US-Jo2,2019-10-29,US-Jo2,Shrublands,32.58494,-106.60322,0.4,4.4,0.4754665481277228,15.362579166666665,1.2107379166666667,4.881072499999998,-0.8840675099433637,0.467359217158002,0.4,0.39363711789628253,0.653050435731998
4444,US-Jo2,2019-11-14,US-Jo2,Shrublands,32.58494,-106.60322,0.6,2.4,0.3034393216844465,11.626460416666664,0.891189583333333,3.613871020833334,-0.7236440382959123,0.690173388242972,0.6,0.5787573437977285,0.7924767901585439
4686,US-NC2,2019-03-30,US-NC2,Evergreen Forests,35.803,-76.6685,3.6,5.2000003,3.541882514058699,17.12044785416666,0.8332232291666668,1.446566354166667,0.9992500112396836,0.0387222808921744,3.6,3.317258923954161,2.6506173861670437
4687,US-NC2,2019-04-23,US-NC2,Evergreen Forests,35.803,-76.6685,5.6,5.9,4.827964062398928,19.79826666666667,1.0322289604166668,1.113797041666667,0.9307239310379796,-0.3657225234972689,5.6,5.1326778675091775,3.997293852368369
4688,US-NC2,2019-05-25,US-NC2,Evergreen Forests,35.803,-76.6685,5.7,5.8,3.915629455419512,25.90768143750001,1.2722690291666667,0.9097826875,0.6016240632249226,-0.7987793728863649,5.7,5.223448814686929,4.064627675678436
4689,US-NC2,2019-06-02,US-NC2,Evergreen Forests,35.803,-76.6685,6.5,6.2000003,4.693363965911651,25.257873895833324,0.9490516729166668,1.038126,0.48627270710869,-0.8738071036110808,6.5,5.949616392108936,4.603298262158966
4690,US-NC2,2019-06-26,US-NC2,Evergreen Forests,35.803,-76.6685,6.4,6.0,5.5162224223300935,27.85383230208333,1.1933386541666668,0.7630001458333332,0.0945367498171991,-0.9955213724144752,6.4,5.858845444931186,4.5359644388489
4691,US-NC2,2019-08-29,US-NC2,Evergreen Forests,35.803,-76.6685,1.8,4.7000003,4.11048116491275,25.498354875,1.0161602854166665,1.1921264791666666,-0.8452490573530634,-0.5343725582809785,1.8,1.6833818747546463,1.4386085665858506
4692,US-NC2,2019-09-22,US-NC2,Evergreen Forests,35.803,-76.6685,1.2,4.3,1.8319642044326512,23.13206845833333,0.8461062020833331,1.5035669999999997,-0.9886775902323404,-0.1500553983446526,1.2,1.1387561916881412,1.0346056267254526
4693,US-NC2,2019-11-01,US-NC2,Evergreen Forests,35.803,-76.6685,0.5,2.3,2.392157921279084,11.567270291666668,0.4941197625,1.8820278958333336,-0.858763958275803,0.5123714121284235,0.5,0.5033595614438855,0.5632688635549885
4694,US-NC2,2019-11-09,US-NC2,Evergreen Forests,35.803,-76.6685,0.2,1.8000001,0.9141597178916516,6.528163208333333,0.3371421458333334,1.6628831458333335,-0.780295851070776,0.6254105729852457,0.2,0.23104671991063297,0.3612673936247899
4695,US-NC2,2019-11-25,US-NC2,Evergreen Forests,35.803,-76.6685,0.2,1.7,0.7252275677714017,9.621518729166665,0.3873346458333333,1.040848604166667,-0.5808002734538014,0.8140460935082175,0.2,0.23104671991063297,0.3612673936247899
4696,US-NC2,2019-12-03,US-NC2,Evergreen Forests,35.803,-76.6685,0.2,1.9,0.9560009374401204,6.483401541666666,0.32204813125,1.7636417291666666,-0.4635502709028512,0.8860706215341377,0.2,0.23104671991063297,0.3612673936247899
4697,US-NC2,2019-12-19,US-NC2,Evergreen Forests,35.803,-76.6685,0.4,1.4,0.4695875448621806,0.5842550208333336,0.2988395312500001,1.4672380416666673,-0.2051044998686192,0.9787400799669153,0.4,0.41258861426613436,0.4959350402449223
4758,US-NC3,2019-01-09,US-NC2,Evergreen Forests,35.799,-76.656,0.8,2.1000001,1.90227006792063,8.750625000000003,0.5715783916666668,2.417728416666666,0.1543088206642811,0.9880226656636976,0.8,0.775672402977138,0.7652703334851876
4759,US-NC3,2019-01-25,US-NC2,Evergreen Forests,35.799,-76.656,1.1,1.6,0.9790668055064292,2.6460625,0.2705510666666665,1.4298491458333331,0.4171936026123168,0.9088176373395028,1.1,1.0479852445103905,0.9672718034153864
4760,US-NC3,2019-02-02,US-NC2,Evergreen Forests,35.799,-76.656,1.4,1.8000001,0.4125257477466572,4.511583333333333,0.2561804958333333,0.9503294166666668,0.5380051715382996,0.8429415373547828,1.4,1.320298086043643,1.1692732733455853
4761,US-NC3,2019-03-30,US-NC2,Evergreen Forests,35.799,-76.656,2.4,5.1,1.934065635674138,15.863583333333333,0.7793796166666668,2.0489931458333333,0.9992500112396836,0.0387222808921744,2.4,2.2280075578211513,1.842611506446248
4828,US-NC4,2019-02-02,US-NC4,Wetland/Riparian,35.7879,-75.9038,1.1,1.8000001,0.7667879791480557,7.902620812499999,0.2771806166666668,2.137642458333333,0.5380051715382996,0.8429415373547828,1.1,1.0526272842593305,1.6406968983394226
4829,US-NC4,2019-04-23,US-NC4,Wetland/Riparian,35.7879,-75.9038,5.1,5.9,4.7290879624792845,22.7957565,1.0886480020833336,2.4600385625,0.9307239310379796,-0.3657225234972689,5.1,4.746628211470019,4.911821155883427
4830,US-NC4,2019-05-01,US-NC4,Wetland/Riparian,35.7879,-75.9038,5.7,6.0,3.10871217805749,26.24862808333334,0.6590770208333333,2.6003397500000007,0.8717063187093218,-0.4900286664290592,5.7,5.300728350551623,5.402489794515027
4831,US-NC4,2019-06-02,US-NC4,Wetland/Riparian,35.7879,-75.9038,6.4,6.1,5.81474612205992,27.598297125,0.8736969749999997,2.102677083333333,0.48627270710869,-0.8738071036110808,6.4,5.947178512813493,5.9749365395852285
4832,US-NC4,2019-06-10,US-NC4,Wetland/Riparian,35.7879,-75.9038,6.3,5.8,6.011572343858299,29.633104520833346,0.4589769625,2.0590986875,0.3617137307297676,-0.9322892131745132,6.3,5.854828489633226,5.893158433146628
4833,US-NC4,2019-07-28,US-NC4,Wetland/Riparian,35.7879,-75.9038,6.2,5.7000003,5.815120570500312,28.396721750000008,1.2145780520833336,2.0923921458333323,-0.4405187843504952,-0.8977433935342336,6.2,5.762478466452959,5.811380326708028
4834,US-NC4,2019-08-13,US-NC4,Wetland/Riparian,35.7879,-75.9038,5.6,6.1,4.568767593604241,31.2409205625,0.2925020083333332,2.3377552083333337,-0.6680638642135333,-0.7441039398713608,5.6,5.208378327371355,5.320711688076427
4835,US-NC4,2019-08-29,US-NC4,Wetland/Riparian,35.7879,-75.9038,5.2,4.8,6.065739456361736,28.09854081250002,0.7512076979166666,2.6622711666666667,-0.8452490573530634,-0.5343725582809785,5.2,4.838978234650286,4.993599262322027
4836,US-NC4,2019-09-22,US-NC4,Wetland/Riparian,35.7879,-75.9038,4.3,4.8,3.0212398764285617,26.10254166666667,0.8175025416666665,2.0194341666666675,-0.9886775902323404,-0.1500553983446526,4.3,4.007828026027881,4.257596304374625
4837,US-NC4,2019-10-24,US-NC4,Wetland/Riparian,35.7879,-75.9038,2.7,3.1000001,1.7520784359527355,21.27008333333333,0.7036552916666666,2.23268875,-0.9209712877166346,0.3896304495307877,2.7,2.530227655143606,2.9491466013570244
4838,US-NC4,2019-11-01,US-NC4,Wetland/Riparian,35.7879,-75.9038,1.4,2.4,3.2411052467850863,16.614458333333335,0.5526399583333335,4.015864843750001,-0.858763958275803,0.5123714121284235,1.4,1.3296773538001319,1.8860312176552227
4839,US-NC4,2019-11-09,US-NC4,Wetland/Riparian,35.7879,-75.9038,1.2,1.6,1.3923272740901154,10.800958333333329,0.4171825624999999,2.8278813125000006,-0.780295851070776,0.6254105729852457,1.2,1.1449773074395975,1.7224750047780226
4840,US-NC4,2019-12-03,US-NC4,Wetland/Riparian,35.7879,-75.9038,1.1,2.1000001,0.6797899532757663,9.614533104166666,0.4149347895833333,3.4240711666666663,-0.4635502709028512,0.8860706215341377,1.1,1.0526272842593305,1.6406968983394226
5068,US-NR1,2019-01-05,US-NR1,Evergreen Forests,40.0329,-105.5464,1.4,1.7,0.3046588401262119,0.4435069444444445,0.4364444444444446,2.4435833333333337,0.0859647987374464,0.9962981749346078,1.4,1.3226900089284923,1.2106810280649642
5069,US-NR1,2019-04-27,US-NR1,Evergreen Forests,40.0329,-105.5464,4.6,3.5,5.156309028531952,3.4036597222222227,0.3325659722222222,8.910416666666666,0.9033558023246844,-0.4288919379124835,4.6,4.282791083590993,3.515647068601874
5070,US-NR1,2019-06-30,US-NR1,Evergreen Forests,40.0329,-105.5464,4.2,5.0,2.805414776616922,12.384166666666664,0.5934388888888887,3.7727083333333336,0.025818440227133,-0.9996666485105112,4.2,3.9127784492581803,3.2275263135347605
5071,US-NR1,2019-07-01,US-NR1,Evergreen Forests,40.0329,-105.5464,4.7,4.7000003,4.744873027993808,11.841874999999996,0.4378208333333333,2.830833333333332,0.0086069968886886,-0.9999629591162656,4.7,4.3752942421741965,3.587677257368653
5072,US-NR1,2019-07-16,US-NR1,Evergreen Forests,40.0329,-105.5464,5.4,5.5,3.9468202318075134,14.593611111111116,0.9017895833333336,3.736875,-0.2470221804809352,-0.9690098257244064,5.4,5.022816352256619,4.091888578736102
5073,US-NR1,2019-07-17,US-NR1,Evergreen Forests,40.0329,-105.5464,5.4,6.8,3.853993725614338,17.210555555555555,1.3812708333333337,4.347499999999998,-0.2636654927280072,-0.9646141756912436,5.4,5.022816352256619,4.091888578736102
5074,US-NR1,2019-07-24,US-NR1,Evergreen Forests,40.0329,-105.5464,5.0,5.3,3.6305462622083433,14.494166666666665,0.8268256944444446,3.405333333333333,-0.3777079652039646,-0.92592477719385,5.0,4.652803717923806,3.803767823668988
5075,US-NR1,2019-08-09,US-NR1,Evergreen Forests,40.0329,-105.5464,5.0,4.8,5.347351457251173,13.250138888888891,0.626679861111111,3.016875000000002,-0.6152845999633277,-0.7883050558305253,5.0,4.652803717923806,3.803767823668988
5076,US-NR1,2019-08-17,US-NR1,Evergreen Forests,40.0329,-105.5464,4.6,5.5,3.4826162403519976,12.573888888888886,0.9099166666666664,3.5004166666666667,-0.7176769136759615,-0.6963762255968726,4.6,4.282791083590993,3.515647068601874
5077,US-NR1,2019-08-18,US-NR1,Evergreen Forests,40.0329,-105.5464,4.4,6.0,3.4075797106305297,14.183194444444444,1.1028958333333334,2.5033333333333325,-0.7295575540864876,-0.6839194216246105,4.4,4.097784766424587,3.3715866910683174
5078,US-NR1,2019-08-25,US-NR1,Evergreen Forests,40.0329,-105.5464,5.4,6.7000003,3.0263117134996684,16.470000000000002,1.3558819444444443,4.14,-0.8064799463209447,-0.5912614448635782,5.4,5.022816352256619,4.091888578736102
5079,US-NR1,2019-09-02,US-NR1,Evergreen Forests,40.0329,-105.5464,4.6,5.4,1.95999574535495,16.221041666666668,1.4950486111111108,3.5758333333333336,-0.8800122039735356,-0.4749510720670502,4.6,4.282791083590993,3.515647068601874
5080,US-NR1,2019-09-03,US-NR1,Evergreen Forests,40.0329,-105.5464,3.6,4.7000003,1.7170710030303782,13.6725,0.7613999999999997,2.325791666666667,-0.888057322629493,-0.4597327394521046,3.6,3.3577594977589618,2.7953451809340897
5081,US-NR1,2019-09-19,US-NR1,Evergreen Forests,40.0329,-105.5464,3.3,3.8,1.568055663065652,10.156388888888891,0.7017611111111112,2.471625,-0.97961369164549,-0.2008905551306352,3.3,3.080250022009352,2.5792546146337543
5082,US-NR1,2019-09-26,US-NR1,Evergreen Forests,40.0329,-105.5464,2.8,4.7000003,1.1422773417209489,12.005694444444444,0.9182083333333332,6.356249999999998,-0.99665890175417,-0.0816763953304228,2.8,2.6177342290933363,2.219103670799862
5083,US-NR1,2019-10-04,US-NR1,Evergreen Forests,40.0329,-105.5464,2.7,4.2000003,2.1372653834105124,8.248451388888887,0.7846388888888886,3.8977083333333336,-0.9984354211555644,0.055916990100603,2.7,2.5252310705101335,2.147073482033084
5084,US-NR1,2019-10-05,US-NR1,Evergreen Forests,40.0329,-105.5464,2.7,3.4,0.2687718603659195,2.916125,0.6099166666666668,9.6425,-0.9973249731081556,0.0730951298980777,2.7,2.5252310705101335,2.147073482033084
5085,US-NR1,2019-10-12,US-NR1,Evergreen Forests,40.0329,-105.5464,2.9,3.1000001,0.8004140725679892,1.2503194444444443,0.5261527777777777,8.449583333333331,-0.9813064702716092,0.1924515819708299,2.9,2.7102373876765395,2.2911338595666404
5086,US-NR1,2019-11-13,US-NR1,Evergreen Forests,40.0329,-105.5464,0.8,2.0,0.3568879584775779,-1.5890972222222224,0.2726493055555554,7.110416666666663,-0.7354170229639858,0.6776147890466887,0.8,0.7676710574292733,0.7784998954642937
5240,US-Ro4,2019-03-25,US-Ro1,Grasslands,44.6781,-93.0723,1.3,1.8000001,0.7630801996164767,0.852964764583333,0.2769822134395834,1.11868875625,0.9922222094179324,0.1244792638867891,1.3,1.184356693546633,1.0356999287392803
5241,US-Ro4,2019-04-03,US-Ro1,Grasslands,44.6781,-93.0723,1.3,2.8,0.4528885613816549,2.2659057020833333,0.3706637961020833,1.3782233083333333,0.9995462806873572,-0.0301203048469081,1.3,1.184356693546633,1.0356999287392803
5242,US-Ro4,2019-04-26,US-Ro1,Grasslands,44.6781,-93.0723,2.5,4.4,1.5463980313824286,9.926893979166662,0.7496101072291665,3.2320439708333337,0.9106046300942164,-0.4132786077829042,2.5,2.2544631006567464,2.060420697218408
5243,US-Ro4,2019-05-05,US-Ro1,Grasslands,44.6781,-93.0723,2.1,3.7,0.6010225215172583,12.568068541666662,0.7052613692541668,1.5736621708333332,0.835925479418637,-0.548842958284719,2.1,1.8977609649533753,1.7188471077253658
5244,US-Ro4,2019-06-05,US-Ro1,Grasslands,44.6781,-93.0723,2.0,4.9,2.531227401629253,22.20344479166666,0.8301565646270835,1.425437045833334,0.440518784350495,-0.8977433935342337,2.0,1.8085854310275324,1.633453710352105
5245,US-Ro4,2019-08-24,US-Ro1,Grasslands,44.6781,-93.0723,3.3,4.3,2.8026793285603184,18.034451875,0.5442275136229168,1.7623377041666677,-0.7961828637826154,-0.6050560696488494,3.3,2.9678673720634885,2.7435678762044935
5246,US-Ro4,2019-09-25,US-Ro1,Grasslands,44.6781,-93.0723,1.8,2.6000001,2.155197350194575,15.822386833333338,0.6171769833833333,2.5051906187500004,-0.9951053111006974,-0.0988201387328721,1.8,1.630234363175847,1.4626669156055836
5247,US-Ro4,2019-11-12,US-Ro1,Grasslands,44.6781,-93.0723,0.4,0.8,0.4488723360308261,-11.8225448125,0.1006959807,2.202526189583333,-0.7469720876965551,0.6648553979642867,0.4,0.38177688821404754,0.2671593523799346
5248,US-Ro4,2020-03-20,US-Ro1,Grasslands,44.6781,-93.0723,0.5,1.9,1.7684507962758294,-2.941492085979167,0.2164843842916666,2.984569518749999,0.9813064702716092,0.1924515819708299,0.5,0.47095242213989086,0.35255274975319517
5249,US-Ro4,2020-04-04,US-Ro1,Grasslands,44.6781,-93.0723,1.7,2.3,1.5602023426661529,-1.4681451208333327,0.20121736930625,1.2610528,0.9979171608653922,-0.0645084494493162,1.7,1.541058829250004,1.377273518232323
5250,US-Ro4,2020-04-05,US-Ro1,Grasslands,44.6781,-93.0723,1.1,3.2,0.7233982032483762,4.209333591666666,0.4320576078937501,1.6139322229166668,0.9966589017541702,-0.0816763953304224,1.1,1.0060056256949474,0.8649131339927592
5251,US-Ro4,2020-04-21,US-Ro1,Grasslands,44.6781,-93.0723,1.1,2.9,0.4718352312722417,4.052242563541667,0.5003357213520835,2.257566704166667,0.9368813462954316,-0.3496474552512284,1.1,1.0060056256949474,0.8649131339927592
5252,US-Ro4,2020-05-15,US-Ro1,Grasslands,44.6781,-93.0723,3.2,4.7000003,0.4501674313085945,13.729280812499995,0.774412540804167,1.6091841,0.717676913675962,-0.6963762255968722,3.2,2.878691838137646,2.6581744788312327
5253,US-Ro4,2020-05-31,US-Ro1,Grasslands,44.6781,-93.0723,2.8,5.3,1.6799612294898638,16.89612329166667,1.1273229239708331,1.61193491875,0.5012418134457758,-0.865307254363206,2.8,2.5219897024342743,2.31660088933819
5254,US-Ro4,2020-06-07,US-Ro1,Grasslands,44.6781,-93.0723,4.7,7.1,4.099247234635499,23.252175,1.0580588638416668,4.201330250000002,0.3935902766564667,-0.9192859697186104,4.7,4.216324847025287,3.939075439430143
5255,US-Ro4,2020-06-08,US-Ro1,Grasslands,44.6781,-93.0723,4.5,8.1,4.90081988980565,28.11311104166667,1.914831580989583,3.638913820833333,0.3777079652039649,-0.9259247771938498,4.5,4.037973779173602,3.7682886446836212
5256,US-Ro4,2020-06-16,US-Ro1,Grasslands,44.6781,-93.0723,4.6,7.3,5.259788743495305,25.38197229166667,1.7575085353666664,3.4084443541666656,0.2470221804809355,-0.9690098257244062,4.6,4.127149313099444,3.8536820420568816
6366,US-Sne,2019-03-08,US-Sne,Wetland/Riparian,38.0369,-121.7547,3.2,2.8,4.5697110303984365,13.490286958333336,0.4840489229166667,5.2932073750000015,0.9141279881853336,0.4054257283599973,3.2,2.9123845305014453,3.071725072868859
6367,US-Sne,2019-03-16,US-Sne,Wetland/Riparian,38.0369,-121.7547,3.6,3.1000001,2.2407551501084133,16.7047893125,0.6072588395833333,0.9500157916666668,0.9611297838723007,0.2760969730974688,3.6,3.267460297471934,3.3679040423640005
6368,US-Sne,2019-04-09,US-Sne,Wetland/Riparian,38.0369,-121.7547,5.7,5.1,5.860658147685804,18.809345354166663,0.6340029979166669,5.5759659999999975,0.9911140639934548,-0.1330147065341959,5.7,5.131608074067,4.922843632213493
6369,US-Sne,2019-04-17,US-Sne,Wetland/Riparian,38.0369,-121.7547,5.7,5.0,4.452488575990203,20.165814020833334,0.6907032750000001,2.8157290625000013,0.9634705485641488,-0.2678143051621742,5.7,5.131608074067,4.922843632213493
6370,US-Sne,2019-04-25,US-Sne,Wetland/Riparian,38.0369,-121.7547,6.1,5.7000003,6.6775310409894475,23.08297185416666,0.7761299187500001,4.443385145833333,0.9175836260593936,-0.3975428142825559,6.1,5.486683841037488,5.219022601708634
6371,US-Sne,2019-05-03,US-Sne,Wetland/Riparian,38.0369,-121.7547,6.2,5.9,5.7340291294269,20.654132416666663,0.8483858354166668,3.621178708333333,0.854322169749827,-0.5197438121555155,6.2,5.5754527827801095,5.29306734408242
6372,US-Sne,2019-05-11,US-Sne,Wetland/Riparian,38.0369,-121.7547,6.3,5.9,5.660057627799969,19.833542520833333,0.50303596875,5.5301680625,0.7748840413670407,-0.6321034111873487,6.3,5.664221724522731,5.3671120864562045
6373,US-Sne,2019-05-27,US-Sne,Wetland/Riparian,38.0369,-121.7547,5.3,4.7000003,4.093398815602477,18.4788208125,0.5128749770833331,2.1523707083333337,0.5737722679043246,-0.8190148866680801,5.3,4.77653230709651,4.626664662718351
6374,US-Sne,2019-06-04,US-Sne,Wetland/Riparian,38.0369,-121.7547,7.6,7.5,6.41792242783096,27.446678499999997,1.0399212145833334,3.978942333333332,0.4559066935084588,-0.8900275764346767,7.6,6.818217967176819,6.329693737315415
6375,US-Sne,2019-06-12,US-Sne,Wetland/Riparian,38.0369,-121.7547,8.5,8.400001,9.962814422752,30.08651133333333,1.7417068249999996,4.014350020833333,0.3294084822245304,-0.9441875088341992,8.5,7.617138442860419,6.996096418679484
6376,US-Sne,2019-06-20,US-Sne,Wetland/Riparian,38.0369,-121.7547,7.3,6.6,6.648121881169312,22.470927354166665,0.6450092395833332,6.758211177083336,0.1966728897935764,-0.980469160361632,7.3,6.5519111419489535,6.107559510194058
6377,US-Sne,2019-07-06,US-Sne,Wetland/Riparian,38.0369,-121.7547,7.2,7.8,6.870982291002032,25.0579429375,1.0541913541666663,4.1888117083333345,-0.0773864792334632,-0.9970011699250152,7.2,6.463142200206332,6.033514767820273
6378,US-Sne,2019-07-14,US-Sne,Wetland/Riparian,38.0369,-121.7547,7.1,8.3,7.178970700960348,27.35746977083333,1.3893775562499997,4.713123437499998,-0.2135209154397959,-0.9769384927771816,7.1,6.3743732584637085,5.959470025446487
6379,US-Sne,2019-07-22,US-Sne,Wetland/Riparian,38.0369,-121.7547,6.8,8.5,5.4091126533089895,27.453946125000005,1.2230727749999997,4.464420916666667,-0.3456123126707333,-0.9383773917408642,6.8,6.108066433235843,5.737335798325132
6380,US-Sne,2019-07-30,US-Sne,Wetland/Riparian,38.0369,-121.7547,6.7,7.4,6.146563402084327,24.042450229166658,0.9477072895833336,4.4068425416666654,-0.4711595076738639,-0.8820480249558535,6.7,6.019297491493221,5.663291055951347
6381,US-Sne,2019-08-07,US-Sne,Wetland/Riparian,38.0369,-121.7547,6.9,7.6,6.254381271678147,25.451762625,1.0194187,4.463494666666667,-0.5877852522924734,-0.8090169943749472,6.9,6.196835374978464,5.811380540698917
6382,US-Sne,2019-08-15,US-Sne,Wetland/Riparian,38.0369,-121.7547,7.4,9.5,6.849029845978714,32.376621229166666,2.103637264583333,2.481630166666666,-0.6932812268869771,-0.7206671495538615,7.4,6.640680083691576,6.181604252567844
6383,US-Sne,2019-08-23,US-Sne,Wetland/Riparian,38.0369,-121.7547,6.5,7.8,6.075373251408607,26.58077208333334,0.8642726062500002,4.817212291666666,-0.7856498550787144,-0.6186714032625032,6.5,5.841759608007976,5.515201571203775
6384,US-Sne,2019-08-31,US-Sne,Wetland/Riparian,38.0369,-121.7547,6.3,7.7000003,5.4894479810419785,27.922295729166667,1.2990427041666668,3.4087553750000006,-0.8631421280499115,-0.5049610547215202,6.3,5.664221724522731,5.3671120864562045
6385,US-Sne,2019-09-08,US-Sne,Wetland/Riparian,38.0369,-121.7547,5.6,6.5,5.3319081537630035,24.4143555,0.9739815854166668,3.830221916666668,-0.9242907221930934,-0.3816892202666586,5.6,5.042839132324376,4.848798889839707
6386,US-Sne,2019-09-16,US-Sne,Wetland/Riparian,38.0369,-121.7547,4.0,4.2000003,5.71247443186178,22.956879104166664,0.7497699062500001,4.492602354166668,-0.9679377830240642,-0.2511900638848195,4.0,3.6225360644424223,3.664083011859142
6387,US-Sne,2019-09-24,US-Sne,Wetland/Riparian,38.0369,-121.7547,5.8,6.1,6.113646981871527,30.19447864583334,2.214213170833333,1.9042990416666663,-0.9932568492674144,-0.1159345995955006,5.8,5.220377015809621,4.996888374587279
6388,US-Sne,2019-10-02,US-Sne,Wetland/Riparian,38.0369,-121.7547,3.9,4.3,3.4497861480426217,19.33758306250001,0.9428785,1.881413125,-0.9997685019798908,0.0215160974362222,3.9,3.5337671226998,3.5900382694853565
6389,US-Sne,2019-10-10,US-Sne,Wetland/Riparian,38.0369,-121.7547,4.9,4.5,6.719127448564702,19.09747785416666,1.3892174062499996,3.770349166666666,-0.9873494423939864,0.1585593851031347,4.9,4.421456540126022,4.330485693223211
6390,US-Sne,2019-10-18,US-Sne,Wetland/Riparian,38.0369,-121.7547,2.7,3.8,3.5042572357532897,18.377446104166673,0.5590701083333331,3.3508666875000004,-0.9562348265919058,0.2926003356333479,2.7,2.4685398217883345,2.7015013609999325
6391,US-Sne,2019-10-26,US-Sne,Wetland/Riparian,38.0369,-121.7547,3.3,3.8,3.0779236329295,20.002330979166672,0.9351802250000002,1.0578134166666666,-0.9070138128026362,0.4211008707960891,3.3,3.001153472244067,3.1457698152426445
6392,US-Sne,2019-11-03,US-Sne,Wetland/Riparian,38.0369,-121.7547,2.3,2.6000001,1.9973917624467972,15.36841239583333,0.7836434104166669,0.5647070208333334,-0.8406184056344783,0.5416278206559811,2.3,2.1134640548178454,2.4053223915047908
6393,US-Sne,2019-11-19,US-Sne,Wetland/Riparian,38.0369,-121.7547,2.3,3.4,4.890980972419055,18.57933875,0.5164386312499999,5.693392958333331,-0.661634618242279,0.749826401204568,2.3,2.1134640548178454,2.4053223915047908
7618,US-Var,2019-01-03,US-Var,Grasslands,38.4133,-120.9507,0.1,0.7,0.3990202061405314,7.72469375,0.3212197916666666,1.2143699583333332,0.0516196672232537,0.998666816288476,0.1,0.2834108962836752,0.5746003531476225
7619,US-Var,2019-01-12,US-Var,Grasslands,38.4133,-120.9507,0.3,1.0,0.7494696661286594,11.997095833333336,0.470455,1.452975,0.2051044998686192,0.9787400799669153,0.3,0.4583653146415547,0.7454819253972174
7620,US-Var,2019-01-27,US-Var,Grasslands,38.4133,-120.9507,0.7,1.5,0.7865084648237849,13.125822916666666,0.5431535416666667,1.271329166666667,0.4482293417404106,0.893918596519257,0.7,0.8082741513573144,1.0872450698964076
7621,US-Var,2019-03-16,US-Var,Grasslands,38.4133,-120.9507,2.2,2.8,2.4676767929864427,14.091724999999997,0.7738289583333332,1.5148189583333334,0.9611297838723007,0.2760969730974688,2.2,2.120432289041413,2.36885686176837
7622,US-Var,2019-03-17,US-Var,Grasslands,38.4133,-120.9507,2.8,2.8,2.3847443868576392,15.625416666666672,0.7892110416666668,1.5818737500000004,0.9657399376548548,0.2595117970697999,2.8,2.645295544115052,2.8815015785171547
7623,US-Var,2019-03-24,US-Var,Grasslands,38.4133,-120.9507,1.3,2.7,2.3012784179848302,12.179243749999996,0.5333891874999998,1.0522827083333337,0.989932495087353,0.141540295217043,1.3,1.3331374064309538,1.5998897866451924
7624,US-Var,2019-04-18,US-Var,Grasslands,38.4133,-120.9507,3.9,4.5,3.822410840678351,19.7759375,0.8401712500000001,1.0944489583333332,0.9587178169872964,-0.2843591872810034,3.9,3.607544845083391,3.821350225889927
7625,US-Var,2019-04-25,US-Var,Grasslands,38.4133,-120.9507,4.9,5.3,4.42996993405822,23.07222916666667,1.1429314583333332,1.0051556250000002,0.9175836260593936,-0.3975428142825559,4.9,4.48231693687279,4.675758087137902
7626,US-Var,2019-04-26,US-Var,Grasslands,38.4133,-120.9507,4.4,5.1,4.350735004490739,20.56029166666666,1.0392927083333332,0.9331721666666666,0.9106046300942164,-0.4132786077829042,4.4,4.044930890978091,4.248554156513915
7627,US-Var,2019-05-04,US-Var,Grasslands,38.4133,-120.9507,4.0,5.4,3.5146683455950165,17.997687499999994,1.1826565,1.1639056458333332,0.8452490573530633,-0.5343725582809787,4.0,3.6950220542623313,3.906791012014725
7628,US-Var,2019-06-04,US-Var,Grasslands,38.4133,-120.9507,4.8,6.5,3.412656492913412,26.534843750000004,1.7480427583333336,1.0302991666666663,0.4559066935084588,-0.8900275764346767,4.8,4.39483972769385,4.590317301013105
7629,US-Var,2019-06-05,US-Var,Grasslands,38.4133,-120.9507,3.9,7.0,3.6444241608408654,27.62712500000001,1.980856875,1.1150377083333336,0.440518784350495,-0.8977433935342337,3.9,3.607544845083391,3.821350225889927
7630,US-Var,2019-06-12,US-Var,Grasslands,38.4133,-120.9507,3.6,7.6,2.9104370865403233,30.55983333333334,3.132269583333333,1.062418291666667,0.3294084822245304,-0.9441875088341992,3.6,3.3451132175465714,3.5650278675155347
7631,US-Var,2019-06-13,US-Var,Grasslands,38.4133,-120.9507,3.4,6.7000003,1.709466094096015,24.122145833333324,1.538293541666666,1.0778439583333337,0.3131070409358269,-0.9497178427914316,3.4,3.170158799188692,3.39414629526594
7632,US-Var,2019-06-29,US-Var,Grasslands,38.4133,-120.9507,2.5,6.3,0.5097241528108498,22.8649375,1.9458531250000004,1.287930416666667,0.0430222330045305,-0.99907411510223,2.5,2.382863916578233,2.6251792201427624
7633,US-Var,2019-07-06,US-Var,Grasslands,38.4133,-120.9507,2.1,7.0,0.5076054975877697,25.651625,2.1803325,1.1836614583333336,-0.0773864792334632,-0.9970011699250152,2.1,2.0329550798624734,2.2834160756435726
7634,US-Var,2019-07-14,US-Var,Grasslands,38.4133,-120.9507,1.2,7.8,0.3111827454123445,27.07425000000001,2.50465125,1.3566481250000002,-0.2135209154397959,-0.9769384927771816,1.2,1.245660197252014,1.5144490005203948
7635,US-Var,2019-07-15,US-Var,Grasslands,38.4133,-120.9507,2.3,7.2000003,0.2621159108136844,26.367854166666675,2.2647802083333333,1.4004793749999995,-0.2303056702306119,-0.973118337233262,2.3,2.207909498220353,2.454297647893167
7636,US-Var,2019-07-22,US-Var,Grasslands,38.4133,-120.9507,2.0,8.0,0.2100747052992674,28.64397916666667,2.66943125,1.3194447916666665,-0.3456123126707333,-0.9383773917408642,2.0,1.9454778706835332,2.1979752895187747
7637,US-Var,2019-07-23,US-Var,Grasslands,38.4133,-120.9507,1.1,8.1,0.2171111138584169,28.08858333333333,2.7737468749999987,1.2512675000000002,-0.3617137307297674,-0.9322892131745134,1.1,1.1581829880730743,1.4290082143955976
7638,US-Var,2019-07-30,US-Var,Grasslands,38.4133,-120.9507,1.6,7.2000003,0.1994770019438621,23.31341666666667,1.8066902083333332,1.3678281250000002,-0.4711595076738639,-0.8820480249558535,1.6,1.5955690339677737,1.856212145019585
7639,US-Var,2019-07-31,US-Var,Grasslands,38.4133,-120.9507,2.3,7.3,0.1422652352536888,24.83916666666667,2.138965,1.2815935416666668,-0.4862727071086902,-0.8738071036110807,2.3,2.207909498220353,2.454297647893167
7640,US-Var,2019-08-07,US-Var,Grasslands,38.4133,-120.9507,1.8,7.2000003,0.1164840673666207,25.39164583333334,2.1413783333333334,1.3706306249999998,-0.5877852522924734,-0.8090169943749472,1.8,1.7705234523256534,2.02709371726918
7641,US-Var,2019-08-08,US-Var,Grasslands,38.4133,-120.9507,2.6,6.6,0.1107718655623621,22.040541666666662,1.5047989583333332,1.4158704166666665,-0.6016240632249227,-0.7987793728863648,2.6,2.4703411257571726,2.7106200062675603
7642,US-Var,2019-08-15,US-Var,Grasslands,38.4133,-120.9507,1.0,7.1,0.047928077390741,31.236395833333336,3.5499625,1.285669375,-0.6932812268869771,-0.7206671495538615,1.0,1.070705778894134,1.3435674282708
7643,US-Var,2019-08-16,US-Var,Grasslands,38.4133,-120.9507,1.6,7.3,0.124210680241983,30.472875,3.3295354166666677,1.477630625,-0.7055836101071774,-0.7086266782644601,1.6,1.5955690339677737,1.856212145019585
7644,US-Var,2019-08-23,US-Var,Grasslands,38.4133,-120.9507,1.2,6.8,0.1302108755161512,28.548229166666676,2.444870416666667,1.3716443750000005,-0.7856498550787144,-0.6186714032625032,1.2,1.245660197252014,1.5144490005203948
7645,US-Var,2019-08-24,US-Var,Grasslands,38.4133,-120.9507,1.8,6.7000003,0.1244210514443617,26.715354166666675,2.1991060416666666,1.3796783333333331,-0.7961828637826154,-0.6050560696488494,1.8,1.7705234523256534,2.02709371726918
7646,US-Var,2019-08-31,US-Var,Grasslands,38.4133,-120.9507,1.1,6.4,0.0744159457823587,26.755249999999997,2.475731875,1.3079516666666666,-0.8631421280499115,-0.5049610547215202,1.1,1.1581829880730743,1.4290082143955976
7647,US-Var,2019-09-01,US-Var,Grasslands,38.4133,-120.9507,1.0,7.1,0.0880997551352042,28.197666666666667,2.916140625,1.3449162499999998,-0.8717063187093218,-0.4900286664290594,1.0,1.070705778894134,1.3435674282708
7648,US-Var,2019-09-08,US-Var,Grasslands,38.4133,-120.9507,1.5,4.6,0.0693219535765939,20.35664583333333,1.0689558333333335,1.2540881250000002,-0.9242907221930934,-0.3816892202666586,1.5,1.5080918247888337,1.7707713588947875
7649,US-Var,2019-09-09,US-Var,Grasslands,38.4133,-120.9507,1.0,5.0,0.0844721175260984,20.84093750000001,1.1759054166666667,1.3408268750000003,-0.9307239310379792,-0.3657225234972692,1.0,1.070705778894134,1.3435674282708
7650,US-Var,2019-09-24,US-Var,Grasslands,38.4133,-120.9507,0.8,5.8,0.4743772345607801,25.42870833333333,2.3446979166666666,1.1514397916666668,-0.9932568492674144,-0.1159345995955006,0.8,0.8957513605362546,1.172685856021205
7651,US-Var,2019-09-25,US-Var,Grasslands,38.4133,-120.9507,0.4,5.2000003,0.4147244545672596,27.63177083333333,2.5760487500000004,1.2145614583333333,-0.9951053111006974,-0.0988201387328721,0.4,0.5458425238204947,0.8309227115220148
7652,US-Var,2019-10-02,US-Var,Grasslands,38.4133,-120.9507,0.6,2.9,0.2387255522127448,16.718045833333324,1.1728739583333336,1.288204375,-0.9997685019798908,0.0215160974362222,0.6,0.7207969421783746,1.00180428377161
7653,US-Var,2019-10-10,US-Var,Grasslands,38.4133,-120.9507,0.5,5.1,0.1628085979566367,15.550599999999998,1.2068093749999995,1.211018958333333,-0.9873494423939864,0.1585593851031347,0.5,0.6333197329994349,0.9163634976468125
7654,US-Var,2019-10-11,US-Var,Grasslands,38.4133,-120.9507,0.3,2.5,0.1653144625132258,18.4176875,1.5974927083333337,1.354515,-0.9844738167520924,0.1755314904214277,0.3,0.4583653146415547,0.7454819253972174
7655,US-Var,2019-10-18,US-Var,Grasslands,38.4133,-120.9507,0.8,2.7,0.0970723955345522,14.946806249999996,0.8377587499999998,1.1752158333333331,-0.9562348265919058,0.2926003356333479,0.8,0.8957513605362546,1.172685856021205
7656,US-Var,2019-10-27,US-Var,Grasslands,38.4133,-120.9507,0.2,5.3,0.1486857590720452,15.51310833333333,1.36410125,1.906729791666666,-0.8996308696522434,0.4366512319560638,0.2,0.3708881054626154,0.6600411392724201
7657,US-Var,2019-11-11,US-Var,Grasslands,38.4133,-120.9507,0.1,1.7,0.0466100503875316,17.612104166666665,1.1728366666666663,1.2372722916666663,-0.7583058084785625,0.6518989958787125,0.1,0.2834108962836752,0.5746003531476225
7658,US-Var,2019-11-12,US-Var,Grasslands,38.4133,-120.9507,0.6,1.9,0.0576914332866848,18.034541666666673,1.246854791666667,1.2727408333333334,-0.7469720876965551,0.6648553979642867,0.6,0.7207969421783746,1.00180428377161
7659,US-Var,2019-12-06,US-Var,Grasslands,38.4133,-120.9507,0.2,1.2,0.6217833899950987,15.698229166666666,0.6473901666666665,1.9230564583333336,-0.4171936026123169,0.9088176373395028,0.2,0.3708881054626154,0.6600411392724201
7660,US-Var,2020-01-30,US-Var,Grasslands,38.4133,-120.9507,0.3,1.5,0.8099996184766594,12.486868750000005,0.3401116666666666,1.14360125,0.4937755501599772,0.869589389346611,0.3,0.4583653146415547,0.7454819253972174
7661,US-Var,2020-02-07,US-Var,Grasslands,38.4133,-120.9507,0.7,1.4,0.9672058321076856,11.660097916666665,0.5504647916666666,1.4566114583333334,0.6084768701151261,0.7935716089521474,0.7,0.8082741513573144,1.0872450698964076
7662,US-Var,2020-02-08,US-Var,Grasslands,38.4133,-120.9507,1.5,1.7,1.0611241614041274,11.378560416666666,0.4901820833333334,1.4462772916666669,0.6220467484408675,0.7829801036770629,1.5,1.5080918247888337,1.7707713588947875
7663,US-Var,2020-02-16,US-Var,Grasslands,38.4133,-120.9507,1.0,2.0,1.2035679983883136,13.3203625,0.6054827083333333,1.2325268749999998,0.7236440382959124,0.6901733882429719,1.0,1.070705778894134,1.3435674282708
7664,US-Var,2020-02-23,US-Var,Grasslands,38.4133,-120.9507,0.7,2.1000001,1.2262422377078923,11.994429166666668,0.3259971458333333,1.112619166666667,0.8013610881746766,0.5981809144059164,0.7,0.8082741513573144,1.0872450698964076
7665,US-Var,2020-02-24,US-Var,Grasslands,38.4133,-120.9507,1.8,2.8,1.6748458602910634,12.940333333333331,0.7195081875000003,1.5918462500000004,0.8115390590073611,0.5842981736283683,1.8,1.7705234523256534,2.02709371726918
7666,US-Var,2020-03-02,US-Var,Grasslands,38.4133,-120.9507,1.8,4.5,2.7316330867245484,13.577522916666664,1.0988375,2.6361554166666665,0.8758917051442429,0.4825077417612184,1.8,1.7705234523256534,2.02709371726918
7667,US-Var,2020-03-03,US-Var,Grasslands,38.4133,-120.9507,1.4,3.1000001,2.248001839754665,14.472193750000002,0.8851087500000002,1.2397285416666666,0.8840675099433636,0.4673592171580022,1.4,1.4206146156098938,1.6853305727699899
7668,US-Var,2020-03-10,US-Var,Grasslands,38.4133,-120.9507,2.0,2.9,2.59282927594879,15.41297083333333,0.7180059375000001,1.279975833333333,0.9338372288229252,0.3576982388331254,2.0,1.9454778706835332,2.1979752895187747
7669,US-Var,2020-03-11,US-Var,Grasslands,38.4133,-120.9507,2.1,2.9,2.7353538502802976,16.340145833333334,0.7378987499999999,1.2749970833333333,0.9398560579418954,0.3415707691678556,2.1,2.0329550798624734,2.2834160756435726
7670,US-Var,2020-03-26,US-Var,Grasslands,38.4133,-120.9507,1.5,2.4,2.1318063115103008,8.430591666666666,0.2498590166666668,1.172256875,0.995918996147179,0.0902516100310411,1.5,1.5080918247888337,1.7707713588947875
7671,US-Var,2020-03-27,US-Var,Grasslands,38.4133,-120.9507,2.1,2.8,2.7686782293419103,10.406820833333333,0.4567661458333335,1.5073500208333332,0.9973249731081556,0.0730951298980777,2.1,2.0329550798624734,2.2834160756435726
7672,US-Var,2020-04-03,US-Var,Grasslands,38.4133,-120.9507,2.9,3.5,2.865737496463152,11.610789583333334,0.6089908333333335,1.2265997916666664,0.9988797155850336,-0.0473213883224318,2.9,2.7327727532939923,2.9669423646419526
7673,US-Var,2020-04-19,US-Var,Grasslands,38.4133,-120.9507,3.7,4.0,3.0411123546467222,14.306120833333331,0.41234705625,1.0411910416666663,0.9483615800121716,-0.3171912885891061,3.7,3.4325904267255116,3.6504686536403326
7674,US-Var,2020-04-28,US-Var,Grasslands,38.4133,-120.9507,4.6,5.5,4.417449471698056,22.087229166666663,1.281607875,1.0059152083333334,0.8880573226294932,-0.4597327394521039,4.6,4.21988530933597,4.41943572876351
7675,US-Var,2020-05-05,US-Var,Grasslands,38.4133,-120.9507,3.5,6.3,3.3122290369285494,19.483500000000006,1.3977033333333333,1.3919870833333334,0.8263541987239096,-0.5631507242749186,3.5,3.2576360083676317,3.4795870813907372
7676,US-Var,2020-05-21,US-Var,Grasslands,38.4133,-120.9507,3.3,5.9,2.5322209419588884,20.108208333333337,1.2326027291666668,1.2013597916666665,0.6420547132365637,-0.766658819300159,3.3,3.0826815900097517,3.3087055091411424
7677,US-Var,2020-05-22,US-Var,Grasslands,38.4133,-120.9507,2.6,6.2000003,2.50633784647048,18.744770833333337,1.2368993750000004,1.5239943750000002,0.6287628145958344,-0.777597146973627,2.6,2.4703411257571726,2.7106200062675603
7678,US-Var,2020-05-29,US-Var,Grasslands,38.4133,-120.9507,1.4,6.2000003,1.1571851874455334,21.9113125,1.2627633333333337,1.5553554166666663,0.5307300481619334,-0.8475409228928311,1.4,1.4206146156098938,1.6853305727699899
7679,US-Var,2020-05-30,US-Var,Grasslands,38.4133,-120.9507,0.2,4.8,0.7937355446513594,20.07508333333334,0.9526864583333337,1.1443512500000004,0.5160623910158528,-0.8565509959010036,0.2,0.3708881054626154,0.6600411392724201
7680,US-Var,2020-06-06,US-Var,Grasslands,38.4133,-120.9507,1.3,6.2000003,0.4827699106045494,18.126812500000003,1.0644606249999995,2.085952083333333,0.4093559588156213,-0.9123747579707272,1.3,1.3331374064309538,1.5998897866451924
7681,US-Var,2020-06-07,US-Var,Grasslands,38.4133,-120.9507,1.4,6.0,0.4558105749360734,16.541464583333337,1.0817887083333335,1.398756875,0.3935902766564667,-0.9192859697186104,1.4,1.4206146156098938,1.6853305727699899
7682,US-Var,2020-06-14,US-Var,Grasslands,38.4133,-120.9507,1.7,6.0,0.4455031904596479,20.776041666666668,1.4226729166666665,1.4624710416666669,0.2802306751992158,-0.9599326896597448,1.7,1.6830462431467135,1.9416529311443824
7683,US-Var,2020-06-22,US-Var,Grasslands,38.4133,-120.9507,1.1,7.5,0.3413528868620973,27.25877083333333,2.347293333333333,1.2376593541666672,0.1457991969198751,-0.9893142039703664,1.1,1.1581829880730743,1.4290082143955976
7684,US-Var,2020-06-23,US-Var,Grasslands,38.4133,-120.9507,0.9,7.8,0.2847508308408184,27.31929166666666,2.34723625,1.286285208333333,0.1287481774525813,-0.99167731989929,0.9,0.9832285697151941,1.2581266421460024
7685,US-Var,2020-06-30,US-Var,Grasslands,38.4133,-120.9507,0.7,6.8,0.2205626189975555,25.451125000000008,2.4307822916666666,1.409047291666666,0.0086069968886886,-0.9999629591162656,0.7,0.8082741513573144,1.0872450698964076
7686,US-Var,2020-07-01,US-Var,Grasslands,38.4133,-120.9507,1.2,7.4,0.2422496477779489,25.24102083333333,2.232805416666667,1.515372916666667,-0.008606996888688,-0.9999629591162656,1.2,1.245660197252014,1.5144490005203948
7687,US-Var,2020-07-08,US-Var,Grasslands,38.4133,-120.9507,1.2,7.8,0.2203973158333073,26.1346875,2.507703958333334,1.3949258124999997,-0.1287481774525806,-0.99167731989929,1.2,1.245660197252014,1.5144490005203948
7688,US-Var,2020-07-09,US-Var,Grasslands,38.4133,-120.9507,0.7,8.2,0.2476411400658731,26.726541666666673,2.5815954166666666,1.3439089583333332,-0.1457991969198744,-0.9893142039703664,0.7,0.8082741513573144,1.0872450698964076
7689,US-Var,2020-07-16,US-Var,Grasslands,38.4133,-120.9507,1.5,7.4,0.1909197492874368,24.26510416666667,1.8842820833333336,1.2540193750000002,-0.2636654927280072,-0.9646141756912436,1.5,1.5080918247888337,1.7707713588947875
7690,US-Var,2020-07-17,US-Var,Grasslands,38.4133,-120.9507,1.7,7.4,0.092748186474201,24.53687500000001,2.0483297916666667,1.3564526666666663,-0.2802306751992161,-0.9599326896597444,1.7,1.6830462431467135,1.9416529311443824
7691,US-Var,2020-07-24,US-Var,Grasslands,38.4133,-120.9507,1.1,7.1,0.1286483981256188,24.16477083333332,1.8258504166666665,1.2853029166666663,-0.3935902766564664,-0.9192859697186104,1.1,1.1581829880730743,1.4290082143955976
7692,US-Var,2020-07-25,US-Var,Grasslands,38.4133,-120.9507,0.8,7.1,0.198185372065853,25.01158333333333,2.165895625,1.312613541666667,-0.4093559588156211,-0.9123747579707274,0.8,0.8957513605362546,1.172685856021205
7693,US-Var,2020-08-01,US-Var,Grasslands,38.4133,-120.9507,1.1,7.6,0.1497889082529159,25.20883333333333,2.3174489583333333,1.3185514583333335,-0.5160623910158526,-0.8565509959010037,1.1,1.1581829880730743,1.4290082143955976
7694,US-Var,2020-08-02,US-Var,Grasslands,38.4133,-120.9507,1.1,8.1,0.1832008849350828,26.245979166666668,2.4836829166666665,1.2354718750000002,-0.5307300481619331,-0.8475409228928312,1.1,1.1581829880730743,1.4290082143955976
7695,US-Var,2020-08-09,US-Var,Grasslands,38.4133,-120.9507,0.8,7.1,0.2156036191981611,28.488583333333334,2.7158995833333326,1.2769664583333329,-0.6287628145958345,-0.7775971469736268,0.8,0.8957513605362546,1.172685856021205
7696,US-Var,2020-08-10,US-Var,Grasslands,38.4133,-120.9507,0.7,7.4,0.1642446054232157,27.54883333333335,2.6088666666666662,1.3265210416666664,-0.6420547132365636,-0.7666588193001592,0.7,0.8082741513573144,1.0872450698964076
7697,US-Var,2020-08-17,US-Var,Grasslands,38.4133,-120.9507,0.1,7.1,0.1925996299058209,31.92183333333332,3.3584520833333333,1.7606028750000002,-0.7295575540864876,-0.6839194216246105,0.1,0.2834108962836752,0.5746003531476225
7698,US-Var,2020-08-18,US-Var,Grasslands,38.4133,-120.9507,1.3,8.1,0.1319990876560296,31.491437500000004,3.235656250000001,1.212587,-0.7412220108485957,-0.6712599575675315,1.3,1.3331374064309538,1.5998897866451924
7832,US-WCr,2019-05-06,US-WCr,Mixed Forests,45.8059,-90.0799,1.5,2.8,1.055946123895209,6.884086541666668,0.4761562437499999,2.357640008333333,0.8263541987239096,-0.5631507242749186,1.5,1.41892752153597,1.3450083691904915
7833,US-WCr,2019-05-30,US-WCr,Mixed Forests,45.8059,-90.0799,4.3,4.6,3.0323569850516785,18.245545416666666,0.9765301625,2.110334547916667,0.5307300481619334,-0.8475409228928311,4.3,3.997979862029795,3.7597076290777975
7834,US-WCr,2019-06-07,US-WCr,Mixed Forests,45.8059,-90.0799,5.8,5.7000003,4.846937845972423,22.296642499999994,1.1554477458333332,2.1988108125,0.4093559588156213,-0.9123747579707272,5.8,5.379615044437202,5.05329651830314
7835,US-WCr,2019-06-15,US-WCr,Mixed Forests,45.8059,-90.0799,4.9,4.1,4.136922927303227,14.531584999999998,0.4382195374999999,1.4880398333333342,0.2802306751992158,-0.9599326896597448,4.9,4.550633934992758,4.277143184767935
7836,US-WCr,2019-08-02,US-WCr,Mixed Forests,45.8059,-90.0799,4.5,4.7000003,5.600870941062602,22.18611145833334,0.5048254520833333,2.072212416666666,-0.5160623910158526,-0.8565509959010037,4.5,4.1821978863507825,3.9321861476411764
7837,US-WCr,2019-08-10,US-WCr,Mixed Forests,45.8059,-90.0799,4.2,4.2000003,6.010628318170924,18.87454104166666,0.47410282375,1.6181793749999998,-0.6287628145958345,-0.7775971469736268,4.2,3.9058708498693013,3.673468369796108
7838,US-xAE,2019-06-11,US-xAE,Grasslands,35.41059,-99.05879,5.1,6.4,6.024529999786616,21.23766655316664,1.3343964583333336,2.9166800063740155,0.3456123126707335,-0.938377391740864,5.1,4.669487246211718,4.185280528530768
7839,US-xAE,2019-06-12,US-xAE,Grasslands,35.41059,-99.05879,3.8,5.8,5.868546455657757,21.42846189410332,1.2681985416666668,2.8437664989909663,0.3294084822245304,-0.9441875088341992,3.8,3.4931568222965104,3.094747263101092
7840,US-xAE,2019-07-29,US-xAE,Grasslands,35.41059,-99.05879,3.4,8.1,2.3957653751984624,31.005359780786566,2.5275029166666667,2.7346423933997586,-0.455906693508459,-0.8900275764346766,3.4,3.1312089995533694,2.759198566045807
7841,US-xAE,2019-08-06,US-xAE,Grasslands,35.41059,-99.05879,1.8,7.2000003,1.5229450531168154,31.609501634368016,2.2000558333333324,1.7895547420303552,-0.5737722679043243,-0.8190148866680802,1.8,1.6834177085808066,1.4170037778246682
7842,US-xAE,2019-09-07,US-xAE,Grasslands,35.41059,-99.05879,3.2,7.2000003,2.7303752487860224,30.23424023050633,2.523843958333333,2.6019319190691528,-0.9175836260593934,-0.3975428142825566,3.2,2.9502350881817994,2.591424217518165
7845,US-xDC,2019-04-22,US-xDC,Grasslands,47.16165,-99.10656,1.6,4.0,2.4814692476470244,11.847423398437982,0.8406095833333332,2.8171162813288064,0.9368813462954316,-0.3496474552512284,1.6,1.4560723990895779,1.1532176729196324
7846,US-xDC,2019-07-02,US-xDC,Grasslands,47.16165,-99.10656,4.9,5.8,4.938916937753824,23.13274120317309,0.8362320833333335,2.849462131047509,-0.008606996888688,-0.9999629591162656,4.9,4.477003923365546,3.8638643035597267
7847,US-xDC,2019-08-19,US-xDC,Grasslands,47.16165,-99.10656,4.1,5.3,8.158945861525144,21.697626492275067,0.8472762499999998,3.3326876703716235,-0.7412220108485957,-0.6712599575675315,4.1,3.744656887177432,3.206737847646976
7848,US-xDC,2019-08-20,US-xDC,Grasslands,47.16165,-99.10656,3.3,4.1,4.944152354208804,19.583972521624283,0.6189352083333334,3.7555613739146296,-0.7526668275320083,-0.6584015846980489,3.3,3.0123098509893182,2.549611391734226
7849,US-xDC,2019-09-04,US-xDC,Grasslands,47.16165,-99.10656,3.2,3.8,5.225402940861777,16.315499635997295,0.471919375,3.6608311967444567,-0.8958392907349089,-0.4443781781046134,3.2,2.9207664714658046,2.467470584745133
7850,US-xDC,2020-05-17,US-xDC,Grasslands,47.16165,-99.10656,4.3,4.9,3.4877330862062177,15.084790869749687,0.8570172916666668,2.8770643088990515,0.6932812268869777,-0.7206671495538609,4.3,3.92774364622446,3.371019461625164
7851,US-xDC,2020-05-18,US-xDC,Grasslands,47.16165,-99.10656,3.2,6.2000003,4.9009525661314965,15.384438773959127,0.8612552083333332,5.583094015741336,0.6807734094770161,-0.7324940716135789,3.2,2.9207664714658046,2.467470584745133
7852,US-xDL,2019-07-29,US-xDL,Mixed Forests,32.54172,-87.80389,6.6,6.3,6.1406428315477815,28.94403632058715,1.5474424999999998,0.6147840474462641,-0.455906693508459,-0.8900275764346766,6.6,6.033241375265286,5.294445087611797
7853,US-xDS,2019-11-23,US-xDS,Grasslands,28.12504,-81.4362,2.4,3.2,1.7606437238751942,20.576979723392128,0.6225135416666667,1.0529085694727929,-0.6084768701151264,0.7935716089521472,2.4,2.2280075578211513,1.992265389118765
7854,US-xDS,2019-12-09,US-xDS,Grasslands,28.12504,-81.4362,2.3,2.7,1.7885496332805852,21.154969274781593,0.6255400000000001,0.8822753476448536,-0.3697245428906732,0.9291414114031744,2.3,2.1372366106434004,1.905551708891716
7855,US-xDS,2019-12-25,US-xDS,Grasslands,28.12504,-81.4362,1.8,3.4,2.195016304359622,21.78985270731005,0.5737431249999999,2.562970670762593,-0.1031016974474354,0.9946708199115212,1.8,1.6833818747546463,1.4719833077564728
7856,US-xNG,2019-04-13,US-xNG,Grasslands,46.76972,-100.91535,0.6,3.1000001,1.188565469332981,2.348275951644988,0.4053068750000001,2.3260643505084757,0.97961369164549,-0.200890555130635,0.6,0.5601279560657335,0.43794614712645574
7857,US-xNG,2019-04-20,US-xNG,Grasslands,46.76972,-100.91535,2.2,4.8,1.1892406612287765,17.002931035445034,0.941201041666667,2.857838924626531,0.9483615800121716,-0.3171912885891061,2.2,1.9869364988792182,1.8042405050986265
7858,US-xNG,2019-06-16,US-xNG,Grasslands,46.76972,-100.91535,3.6,4.1,4.295781747722351,14.671280345545476,0.4401760416666666,3.13172303701704,0.263665492728007,-0.9646141756912436,3.6,3.235393973841017,2.9997480683242754
7859,US-xNG,2019-06-24,US-xNG,Grasslands,46.76972,-100.91535,3.5,6.0,6.743209208452443,18.80620109532371,0.8922427083333334,2.489883088556492,0.1287481774525813,-0.99167731989929,3.5,3.146218439915174,2.9143546709510146
7860,US-xNG,2019-07-02,US-xNG,Grasslands,46.76972,-100.91535,3.7,5.8,5.236787400566419,23.19449486421503,0.7706633333333334,2.420406272298796,-0.008606996888688,-0.9999629591162656,3.7,3.32456950776686,3.0851414656975362
7861,US-xNG,2019-07-17,US-xNG,Grasslands,46.76972,-100.91535,4.4,5.9,5.449875047881004,23.300719134846872,0.7822052083333332,2.3478585887605545,-0.2636654927280072,-0.9646141756912436,4.4,3.94879824524776,3.682895247310361
7862,US-xNG,2019-10-22,US-xNG,Grasslands,46.76972,-100.91535,0.7,1.4,0.8214596923442203,3.312775238260875,0.2614070833333333,2.6843372298056054,-0.9338372288229252,0.3576982388331254,0.7,0.6493034899915762,0.5233395444997164
7863,US-xNG,2019-11-22,US-xNG,Grasslands,46.76972,-100.91535,0.2,1.5,0.1548410517445421,0.3117853735373426,0.2553779166666667,3.3920233665005965,-0.622046748440868,0.7829801036770625,0.2,0.20342582036236245,0.09637255763341313
7864,US-xRM,2019-04-19,US-xRM,Evergreen Forests,40.2759099999999,-105.54592,4.7,4.1,2.9030207361183007,8.609432471986223,0.8233349999999998,2.1845629293088424,0.9536809966304456,-0.3008198076356673,4.7,4.293917164318517,3.433666920471463
7865,US-xSB,2019-10-13,US-xSB,Evergreen Forests,29.68927,-81.99343,2.9,3.8,2.170263755159868,25.95065146985879,0.903,0.8789427503142827,-0.9778483415056568,0.2093146459630488,2.9,2.7084536917828825,2.2407284352308254
7866,US-xSB,2020-03-21,US-xSB,Evergreen Forests,29.68927,-81.99343,1.9,4.2000003,1.6012468881475188,25.831141127213588,1.0922270833333332,1.0795894357300824,0.9844738167520922,0.1755314904214282,1.9,1.787363570177945,1.544577687665678
7867,US-xSB,2020-03-22,US-xSB,Evergreen Forests,29.68927,-81.99343,1.5,4.8,1.0955823239830185,25.04861033357966,0.8029752083333334,1.0757901556176712,0.9873494423939864,0.1585593851031347,1.5,1.41892752153597,1.2661173886396193
7873,US-xST,2019-05-07,US-xST,Mixed Forests,45.50894,-89.58637,2.4,3.5,1.6992189628679657,7.612815377218008,0.6531052083333335,1.1058936911135715,0.8165380514459161,-0.5772916165517272,2.4,2.188419435277691,1.9499718894106344
7874,US-xST,2019-07-10,US-xST,Mixed Forests,45.50894,-89.58637,4.9,4.6,6.139610759070875,23.590207177214516,0.7881697916666665,1.3025339529226438,-0.1457991969198744,-0.9893142039703664,4.9,4.477003923365546,3.9407297454827557
7884,US-xUN,2019-05-06,US-xUN,Mixed Forests,46.23388,-89.53725,2.2,2.7,0.8872748110235379,5.569834711678786,0.4788770833333334,1.5982952298623978,0.8263541987239096,-0.5631507242749186,2.2,2.04646566346565,1.7564126255537282
7885,US-xUN,2019-06-08,US-xUN,Mixed Forests,46.23388,-89.53725,5.9,6.7000003,5.385245925037599,22.6594929285438,1.537848125,1.6409811930477591,0.3935902766564667,-0.9192859697186104,5.9,5.404990709042431,4.517718128826735
7886,US-xUN,2019-07-09,US-xUN,Mixed Forests,46.23388,-89.53725,5.2,5.6,5.031766376824885,23.01674886603601,0.8585041666666667,1.4317147995972137,-0.1287481774525806,-0.99167731989929,5.2,4.769594078798175,3.995308979558869
7887,US-xUN,2019-07-10,US-xUN,Mixed Forests,46.23388,-89.53725,4.5,4.4,5.151989973203498,22.78529018992887,0.7042897916666665,1.5270419819128598,-0.1457991969198744,-0.9893142039703664,4.5,4.134197448553919,3.472899830291003
7888,US-xUN,2019-08-02,US-xUN,Mixed Forests,46.23388,-89.53725,3.7,4.5,4.508915967822969,23.472170948491048,0.8631064583333332,0.9560271990874178,-0.5160623910158526,-0.8565509959010037,3.7,3.4080298711319124,2.8758608025562986
7889,US-xUN,2020-04-30,US-xUN,Mixed Forests,46.23388,-89.53725,2.4,4.1,1.6484598172580076,8.337951130313519,0.6348120833333333,2.189159165464758,0.8717063187093218,-0.4900286664290592,2.4,2.2280075578211513,1.9056723824874042
7890,US-xUN,2020-05-01,US-xUN,Mixed Forests,46.23388,-89.53725,1.7,4.3,1.8893142570449568,11.395591494756324,0.8265145833333329,1.984866646735224,0.8631421280499114,-0.5049610547215204,1.7,1.5926109275768954,1.383263233219538
