row_id,station,date,group,landcover,latitude,longitude,openet,eto,y,t_avg,vpd,ws,doy_sin,doy_cos,correction,spread,distance,gain,inner_fold,correction_20260713,correction_20260714,correction_20260715,predicted_gain,outer_fold
0,Almond_High,2016-10-18,Almond_High,Croplands,36.169669,-120.201004,2.8,4.7000003,3.2692028299273965,15.92115416666667,0.8792485312499999,1.981040947125,-0.9510565162951536,0.3090169943749472,-0.6746967277476448,0.09798970146891413,0.795072658321246,-0.6746967277476448,0,-0.5615494703330262,-0.7317755283360408,-0.7307651845738673,-0.020415634801069452,9
1,Almond_High,2016-10-19,Almond_High,Croplands,36.169669,-120.201004,2.7,4.1,3.3010889439100146,17.11445833333333,1.1666514708333335,1.650064305041666,-0.9455963874271428,0.3253420847119795,-0.3859121077151236,0.10645355824127874,0.7152033535228981,-0.3859121077151235,0,-0.3888407210698012,-0.2780244601764238,-0.49087114189914577,-0.020415634801069452,9
2,Almond_High,2016-10-26,Almond_High,Croplands,36.169669,-120.201004,2.6,3.7,3.4350545255037304,19.530833333333337,1.3863679250000005,1.0243062465624997,-0.8996308696522434,0.4366512319560638,0.028032736108983203,0.23319448111697527,0.7558300475254889,0.02803273610898316,0,-0.23783175016098815,0.19793418573692062,0.12399577275101714,-0.01839780438051935,9
3,Almond_High,2016-11-03,Almond_High,Croplands,36.169669,-120.201004,1.9,2.9,2.334877953351536,14.920789583333333,0.4930906729166667,0.9247025995833332,-0.8311706263658079,0.5560174366570446,0.28970532952521305,0.08023792823203879,0.6449881148353679,0.28970532952521305,0,0.20829283661571152,0.29210844783531914,0.3687147041246086,-0.01964776470711022,9
4,Almond_High,2016-11-11,Almond_High,Croplands,36.169669,-120.201004,2.5,2.2,2.7000762496688107,19.603416666666664,1.1845941458333331,1.089986917208333,-0.7469720876965551,0.6648553979642867,0.13216081942268335,0.261491421124855,1.026968525709772,0.13216081942268335,0,-0.14982329323297927,0.3666487766191902,0.17965697488183915,0.08968225960397272,9
5,Almond_High,2016-11-12,Almond_High,Croplands,36.169669,-120.201004,1.9,2.0,2.7264139166428487,18.873187500000004,0.8960911145833333,1.1228501896875,-0.7354170229639858,0.6776147890466887,0.3428122574288274,0.13750417662335504,0.8609733990302152,0.3428122574288274,0,0.19529139649353947,0.3657239388405665,0.4674214369523763,-0.00755885177116019,9
6,Almond_High,2016-11-19,Almond_High,Croplands,36.169669,-120.201004,1.5,2.2,2.7975236141092656,16.410229166666667,1.0027266416666667,2.169221181020833,-0.6486295610349818,0.7611042586607742,0.07878243938141108,0.12965349079656244,0.8031880134413502,0.07878243938141116,0,0.14151759061549485,0.16513594630892353,-0.07030621878018514,-0.00755885177116019,9
7,Almond_High,2016-11-27,Almond_High,Croplands,36.169669,-120.201004,0.6,3.3,2.3380649992034033,10.393670833333331,0.3336782104166667,1.2914638640833334,-0.5380051715382992,0.8429415373547832,-0.07360103370845876,0.13300731113025324,0.5073462865445468,-0.07360103370845872,0,-0.22709848418399847,0.007602389861624554,-0.0013070068030023568,0.015159528783692732,9
8,Almond_High,2016-12-13,Almond_High,Croplands,36.169669,-120.201004,0.8,0.7,0.6193984978949034,12.30406666666667,0.3672009604166666,0.7228942865000001,-0.2884824328806098,0.9574851883550388,0.6525850169190466,0.09147336548412581,0.8161761694588862,-0.6525850169190466,0,0.6593040498450181,0.5579373986004672,0.7405136023116545,-0.00755885177116019,9
9,Almond_High,2016-12-14,Almond_High,Croplands,36.169669,-120.201004,1.0,1.2,0.4734243753850046,13.690118750000003,0.4505191416666665,1.2998963814166666,-0.2719581575341052,0.9623090774541488,0.47270815115947906,0.08079922464788003,0.7385059936001426,-0.47270815115947906,0,0.4244664219899749,0.4276692992992459,0.5659887321892162,-0.01964776470711022,9
10,Almond_High,2016-12-22,Almond_High,Croplands,36.169669,-120.201004,1.0,1.3000001,0.7460636892627982,7.364753124999999,0.2989272229166667,1.2174083991666669,-0.1372787721132651,0.9905324521322229,0.42070458707847597,0.1276779607518898,0.3978599485357918,-0.4207045870784759,0,0.3483876773649468,0.34560046921253623,0.5681256146579449,0.015159528783692732,9
11,Almond_High,2016-12-29,Almond_High,Croplands,36.169669,-120.201004,1.1,1.9,0.6345462802719719,7.125991666666668,0.2821633208333333,1.0897363956666668,-0.0172133561558352,0.9998518392091162,0.29105184951128754,0.07490362787896293,0.45062644990033435,-0.2910518495112875,0,0.26369865049174607,0.233669281090536,0.3757876169515806,0.0030706158477427034,9
12,Almond_High,2017-01-06,Almond_High,Croplands,36.169669,-120.201004,1.2,0.6,0.7745127715090868,5.961993395833335,0.2252230208333333,0.9938399749791664,0.1031016974474348,0.9946708199115212,0.3830636281532087,0.2431672192739221,0.6428418424934395,-0.3830636281532087,0,0.378250747406613,0.14233857393232405,0.628601563120689,-0.01839780438051935,9
13,Almond_High,2017-01-31,Almond_High,Croplands,36.169669,-120.201004,1.1,3.9,0.730425230674694,9.705908333333335,0.2349611666666666,1.0808359443125002,0.5086709438521044,0.8609610158889943,-0.38427646410487776,0.08740185151750296,0.7374748565947685,0.3548730745457344,0,-0.319708432402077,-0.3493867454299976,-0.48373421448255877,-0.020415634801069452,9
14,Almond_High,2017-02-23,Almond_High,Croplands,36.169669,-120.201004,1.8,1.8000001,1.3835112860232868,6.723454166666667,0.3864496083333333,1.5265613006041667,0.8013610881746766,0.5981809144059164,-0.13219273941320986,0.1461915112827611,0.6640905011341062,0.13219273941320986,0,-0.090598125387854,-0.011305982275402195,-0.2946741105763734,-0.00755885177116019,9
15,Almond_High,2017-02-24,Almond_High,Croplands,36.169669,-120.201004,1.9,4.3,1.1086171742527675,5.946418125,0.3494167583333335,1.3325013221041666,0.8115390590073611,0.5842981736283683,-0.7519687575554537,0.0926451876634104,0.8460928461900604,0.7519687575554537,0,-0.6563949849379683,-0.8413774084583896,-0.7581338792700029,-0.020415634801069452,9
16,Almond_High,2017-03-03,Almond_High,Croplands,36.169669,-120.201004,2.7,5.8,1.0078822036738566,12.01881875,0.5572786208333333,1.2927860154166664,0.8758917051442429,0.4825077417612184,-0.8541927043500194,0.14251369464483335,1.0301134041147288,0.8541927043500194,0,-0.690042187897287,-0.9262126593712727,-0.9463232657814982,-0.12662351257869908,9
17,Almond_High,2017-03-11,Almond_High,Croplands,36.169669,-120.201004,3.0,1.7,1.9809003588611809,16.372262500000005,0.6599561083333333,1.5581869491458331,0.9338372288229252,0.3576982388331254,-0.2762417724948998,0.18426860758757027,0.9906280196210501,0.2762417724948998,0,-0.09060549263149284,-0.2790082692371639,-0.4591115556160426,0.1081357066477487,9
18,Almond_High,2017-03-12,Almond_High,Croplands,36.169669,-120.201004,3.1,1.9,2.4953248847498704,16.399347916666667,0.813547325,1.732685695979166,0.9398560579418954,0.3415707691678556,-0.46361939082966047,0.2535441110101551,0.9787020283453796,0.46361939082966047,0,-0.24432899339078729,-0.4052812349533049,-0.7412479441448893,-0.01839780438051935,9
19,Almond_High,2017-03-27,Almond_High,Croplands,36.169669,-120.201004,3.4,4.2000003,4.112729388671909,13.74519583333334,0.6225635895833332,2.060644960374999,0.995918996147179,0.0902516100310411,-0.9957055896952974,0.10118933388418495,0.6316450434079559,-0.9957055896952975,0,-0.9414110723312485,-0.9332517304709093,-1.112453966283734,0.1245614582659756,9
20,Almond_High,2017-03-28,Almond_High,Croplands,36.169669,-120.201004,3.6,1.7,4.323831949820361,14.392479166666668,0.8418673729166666,2.0895961094791664,0.9973249731081556,0.0730951298980777,-0.835017563451458,0.2796260041231669,1.2392009736528196,-0.8350175634514581,0,-0.5294890934776616,-0.897338624519632,-1.0782249723570805,0.12258207394844843,9
21,Almond_High,2017-04-04,Almond_High,Croplands,36.169669,-120.201004,4.7,1.0,4.234829542600416,16.76101041666666,1.314392175,1.3375048921875,0.9988797155850336,-0.0473213883224318,-1.1875627846460333,0.10318214353105584,1.8045391535639799,-0.25722186984686424,0,-1.0822136482899627,-1.288432003413485,-1.1920427022346523,2.5514278044821923,9
22,Almond_High,2017-04-12,Almond_High,Croplands,36.169669,-120.201004,4.5,5.2000003,4.4568310151623685,17.912104166666666,0.9484973541666668,2.2777046603541664,0.9829265519799822,-0.18399835165768,-1.3541380009049646,0.09649846624384086,0.5798414384533244,-1.2678000312297015,0,-1.3204833571733492,-1.2789735964912459,-1.4629570490502979,-0.23192191358938147,9
23,Almond_High,2017-04-13,Almond_High,Croplands,36.169669,-120.201004,3.8,3.3,4.580849250362876,15.213375,0.7698915729166664,1.839295051625,0.97961369164549,-0.200890555130635,-0.8973804081938445,0.14744260417483995,0.8135222399498738,-0.8973804081938446,0,-0.7311799217296501,-0.9485061264074613,-1.0124551764444216,-0.00755885177116019,9
24,Almond_High,2017-04-20,Almond_High,Croplands,36.169669,-120.201004,5.1,4.5,5.092514950837415,15.788579166666665,0.8741434291666667,2.48424922975,0.9483615800121716,-0.3171912885891061,-1.8433991120338258,0.21939698604488833,0.7973465505882704,-1.8284290137086556,0,-1.7270426931517937,-2.0964642767188826,-1.706690366230801,2.160838643376497,9
25,Almond_High,2017-04-21,Almond_High,Croplands,36.169669,-120.201004,5.2,1.4,5.212780127587736,18.122145833333327,1.3428588208333332,1.9726368895208335,0.9427611433904208,-0.3334687789181868,-1.5540553288138692,0.09130038189939223,1.7232445354363641,-1.5540553288138692,0,-1.4506410351768562,-1.6235071266191692,-1.588017824645582,2.7348687097406312,9
26,Almond_High,2017-04-28,Almond_High,Croplands,36.169669,-120.201004,5.7,4.4,5.8389761077746485,18.067729166666673,1.5139129937499998,3.166481213458333,0.895839290734909,-0.4443781781046132,-2.179379889294861,0.2151189493199094,1.2458725801408712,-2.179379889294861,0,-2.005361486145882,-2.419895960033604,-2.1128822217050964,-13.89752595552859,9
27,Almond_High,2017-04-29,Almond_High,Croplands,36.169669,-120.201004,5.5,0.6,4.804347010170913,17.974414583333335,1.5596780583333332,1.820829631520833,0.8880573226294932,-0.4597327394521039,-1.4724613248696539,0.13080149080387343,2.1907992784148553,-0.08115534521147971,0,-1.3217949555280857,-1.5386422497873273,-1.5569467692935486,-12.312275777547821,9
28,Almond_High,2017-05-07,Almond_High,Croplands,36.169669,-120.201004,3.8,7.3,4.610114852557269,14.985812500000002,0.5853433479166666,1.0857692293125,0.8165380514459161,-0.5772916165517272,-1.0919131419325516,0.2663009280749056,1.0748787846620145,-1.0919131419325516,0,-0.8133086443890531,-1.1185174104430862,-1.3439133709655153,-0.257008710718473,9
29,Almond_High,2017-05-14,Almond_High,Croplands,36.169669,-120.201004,5.4,7.8,4.348433996266273,14.56464375,0.8776667791666665,1.1392122352500005,0.741222010848596,-0.6712599575675313,-1.252665745735221,0.21237054316358506,1.0310790554856761,0.8504662617322336,0,-1.0997831884968232,-1.4951535249883754,-1.1630605237204645,-0.6491188473708566,9
30,Almond_High,2017-05-15,Almond_High,Croplands,36.169669,-120.201004,4.3,7.9,4.252254777922115,15.340058333333332,0.9104983791666664,1.3283745080000002,0.7295575540864875,-0.6839194216246106,-0.8859248596760775,0.13786738818945718,0.9457605208836611,-0.7904344155203077,0,-0.7267327410204963,-0.9646160739104764,-0.9664257640972593,-0.30819516239982125,9
31,Almond_High,2017-05-22,Almond_High,Croplands,36.169669,-120.201004,7.0,2.6000001,7.446954466196363,26.98979166666666,2.4627760041666664,1.3479692899375,0.6420547132365637,-0.766658819300159,-1.892616692328404,0.33808201506237795,2.3864434951439444,-1.8926166923284038,0,-2.095486386631744,-2.0800284554365565,-1.502335234916911,-15.075036671434038,9
32,Almond_High,2017-05-23,Almond_High,Croplands,36.169669,-120.201004,6.6,4.4,8.028342460820438,27.85502083333333,2.646727052083333,1.4622052201250002,0.6287628145958344,-0.777597146973627,-1.5964667948032918,0.3987638558994602,1.939350629413335,-1.596466794803292,0,-1.952242675403654,-1.6717196352143247,-1.1654380737918963,2.442551306366733,9
33,Almond_High,2017-05-30,Almond_High,Croplands,36.169669,-120.201004,6.7,6.4,6.843169517447456,22.187875,1.5130753291666668,1.2537134820416669,0.5307300481619334,-0.8475409228928311,-1.2424612640005075,0.04951048716514484,0.8892869466583166,-1.2424612640005075,0,-1.298238760449429,-1.2254326035633474,-1.203712427988746,-0.8240342665947141,9
34,Almond_High,2017-06-07,Almond_High,Croplands,36.169669,-120.201004,6.8,5.5,8.426678737686293,24.307500000000005,2.0270201562500008,1.316591644395833,0.4093559588156213,-0.9123747579707272,-1.3086501159379151,0.297968042935735,1.3625499895022177,-1.3086501159379154,0,-1.3917804662248885,-1.5562249817033722,-0.9779448998854842,-0.5222372260159284,9
35,Almond_High,2017-06-15,Almond_High,Croplands,36.169669,-120.201004,7.4,7.6,7.383518981720705,24.97529166666667,2.1388914729166664,1.7453193667291664,0.2802306751992158,-0.9599326896597448,-1.3248623257141778,0.15805308771812457,1.2280849704652415,-1.2919002891555875,0,-1.3153008362259935,-1.487479099223279,-1.1718070416932613,-0.5147100343268385,9
36,Almond_High,2017-06-16,Almond_High,Croplands,36.169669,-120.201004,6.7,7.9,8.509641270596134,26.43239583333333,2.03082104375,1.5060985791875003,0.263665492728007,-0.9646141756912436,-0.6463612638597515,0.07594668210286334,1.016442498372892,-0.6463612638597516,0,-0.6676724057677573,-0.7093757339357765,-0.5620356518757205,-0.3674090693536603,9
37,Almond_High,2017-06-23,Almond_High,Croplands,36.169669,-120.201004,7.0,7.0,8.435072647304706,31.32466666666667,2.926988304166668,1.2531234217916667,0.1457991969198751,-0.9893142039703664,-1.2156592830103146,0.30854058976451043,1.6832835837080704,-1.2156592830103143,0,-1.4286983439063508,-1.3564413183309612,-0.8618381867936319,4.6073647507847655,9
38,Almond_High,2017-07-01,Almond_High,Croplands,36.169669,-120.201004,7.0,7.1,6.701810390342505,25.526125,2.111050325,1.2819467873750003,0.0086069968886886,-0.9999629591162656,-0.8161264246580903,0.19196805911963957,1.1930902047014587,-0.21974720534310033,0,-0.7693037138704549,-1.0271742931244827,-0.6519012669793331,-0.3421918397113664,9
39,Almond_High,2017-07-02,Almond_High,Croplands,36.169669,-120.201004,6.6,6.9,6.723902870981468,26.869145833333324,2.255718027083333,1.3590524775833337,-0.008606996888688,-0.9999629591162656,-0.7406270467424433,0.2565424644310495,1.1923182483849057,-0.7406270467424433,0,-0.7501328852183349,-0.9922844731080027,-0.47946378190099226,-0.26623316604649727,9
40,Almond_High,2017-07-09,Almond_High,Croplands,36.169669,-120.201004,6.5,7.5,5.7924162043227545,30.03183333333333,3.25096554375,1.1158817400416672,-0.1287481774525806,-0.99167731989929,-0.880350690573278,0.2023201427290589,1.5577625877413683,0.534816900781213,0,-1.0394721156708309,-0.9489241037690432,-0.6526558522799599,-0.5335422232277459,9
41,Almond_High,2017-07-17,Almond_High,Croplands,36.169669,-120.201004,6.9,8.1,9.838696324291115,30.07264583333333,3.13569355,1.475286185,-0.2636654927280072,-0.9646141756912436,-1.084597001967947,0.09170194522110389,1.4423696246539146,-1.0845970019679472,0,-1.0715264138030924,-1.1821329364387965,-1.0001316556619524,-0.49771174196763807,9
42,Almond_High,2017-07-18,Almond_High,Croplands,36.169669,-120.201004,7.1,8.3,9.298965357016645,28.60427083333333,2.916980204166668,1.7235637356250002,-0.2802306751992161,-0.9599326896597444,-1.099682751890594,0.11146218820028277,1.3044007207227737,-1.0996827518905938,0,-1.0167385802677724,-1.2263840445136853,-1.0559256308903247,-0.5592005753753777,9
43,Almond_High,2017-07-25,Almond_High,Croplands,36.169669,-120.201004,6.9,9.2,7.587214331625698,26.9096875,2.4879937770833336,1.5783625347291668,-0.3935902766564664,-0.9192859697186104,-0.6992041488691888,0.31257038434675716,1.1857880802167005,-0.6992041488691889,0,-0.3410472162634658,-0.8396438536685525,-0.916921376675548,-0.11551157618430372,9
44,Almond_High,2017-07-26,Almond_High,Croplands,36.169669,-120.201004,6.1,9.2,6.040292139162711,27.68864583333333,2.287282704166667,1.3036626466041668,-0.4093559588156211,-0.9123747579707274,-0.4187368901327684,0.16964854934235085,1.0309511981042854,-0.29932116845819046,0,-0.22369019675528076,-0.5005052107712226,-0.5320152628718018,-0.19343028812035898,9
45,Almond_High,2017-08-10,Almond_High,Croplands,36.169669,-120.201004,6.3,5.4,3.336528944384955,27.82427083333333,2.261608920833334,1.1735954651666665,-0.6287628145958345,-0.7775971469736268,-0.9777308722244493,0.11289495675409293,1.4463354392791032,0.9777308722244493,0,-1.0680065531209924,-0.8511498163466058,-1.0140362472057496,-0.4983169019671393,9
46,Almond_High,2017-08-11,Almond_High,Croplands,36.169669,-120.201004,5.8,4.9,4.373488881854336,28.17533333333333,2.5400254,1.2366304901041665,-0.6420547132365636,-0.7666588193001592,-0.8987176210417044,0.19719427625975075,1.6295108968142533,0.8987176210417044,0,-1.0768938237528147,-0.6868471382945429,-0.9324119010777557,-0.5775981717561386,9
47,Almond_High,2017-08-18,Almond_High,Croplands,36.169669,-120.201004,5.4,5.8,2.4242323417405554,28.714625,2.388462720833333,0.9569183757500004,-0.7295575540864876,-0.6839194216246105,-0.6927404443866761,0.12893155937665654,1.2950500639647466,0.692740444386676,0,-0.7586699797396917,-0.5441758528374743,-0.7753755005828626,-0.15636263925336646,9
48,Almond_High,2017-08-19,Almond_High,Croplands,36.169669,-120.201004,5.8,6.6,2.3169371176672966,29.473854166666666,2.6640571104166666,1.0526854109583332,-0.7412220108485957,-0.6712599575675315,-0.9195289634899219,0.15409179771532402,1.4409714361853663,0.9195289634899217,0,-0.9436394942266989,-0.7548031578924719,-1.0601442383505952,-0.46588518805914597,9
49,Almond_High,2017-08-26,Almond_High,Croplands,36.169669,-120.201004,5.4,4.8,5.057897341914867,29.372312500000003,2.970250629166667,1.1328545134166668,-0.8165380514459157,-0.5772916165517278,-1.0299367256979561,0.4020314547869529,1.7514457785488244,-0.3457314095276889,0,-1.348429797608499,-0.578199312967266,-1.1631810665181033,2.7020319390830227,9
50,Almond_High,2017-08-27,Almond_High,Croplands,36.169669,-120.201004,4.8,5.2000003,5.821775022583513,31.11397916666668,3.2877244104166654,1.328262854,-0.8263541987239095,-0.5631507242749187,-1.0462344713128635,0.35462183376078704,1.7639685781448737,-1.0462344713128635,0,-1.3461595076301998,-0.6548379571586093,-1.1377059491497812,2.724486006211655,9
51,Almond_High,2017-09-03,Almond_High,Croplands,36.169669,-120.201004,3.7,5.9,2.2158639887256992,35.02710416666667,4.155421745833333,1.9814850525833336,-0.888057322629493,-0.4597327394521046,-1.0291636328939695,0.5185321957683313,1.9464651466828244,1.0291636328939695,0,-1.3685551375511749,-0.43228443873596306,-1.2866513223947709,-12.321481793111008,9
52,Almond_High,2017-09-12,Almond_High,Croplands,36.169669,-120.201004,4.4,4.9,4.6809537855603525,28.131937500000006,2.146243558333333,1.3202980400208333,-0.9483615800121716,-0.3171912885891059,-0.523248375599861,0.25656270085096555,1.101466991160668,-0.523248375599861,0,-0.6126987628616033,-0.23393497572840827,-0.7231113882095714,0.047948054186071266,9
53,Almond_High,2017-09-19,Almond_High,Croplands,36.169669,-120.201004,3.9,8.0,4.1168782751281885,20.075375,1.2053462354166664,1.813532029125,-0.97961369164549,-0.2008905551306352,-0.6714718010883157,0.1615386459297184,1.1136792737725576,-0.6714718010883157,0,-0.623072721368832,-0.8516773694871407,-0.5396653124089744,-0.006334516614915674,9
54,Almond_High,2017-09-20,Almond_High,Croplands,36.169669,-120.201004,4.0,5.5,3.6288542557003782,20.083958333333328,1.2297496562499997,1.008084117770833,-0.9829265519799822,-0.1839983516576798,-0.3875909605485961,0.09000564565626042,0.6548617775343016,0.35470052805064745,0,-0.36513950961307823,-0.48669709061924604,-0.3109362814134639,-0.07801174409520077,9
55,Almond_High,2017-09-27,Almond_High,Croplands,36.169669,-120.201004,4.1,1.5,4.4031760566070615,23.888562499999995,2.150459170833334,1.4123247364166671,-0.9979171608653922,-0.0645084494493162,-0.5121184251292541,0.3051849292867901,1.7702482042358354,-0.5121184251292541,0,-0.4387137351120088,-0.2503301426863817,-0.8473113975893717,2.6698789313255062,9
56,Almond_High,2017-09-28,Almond_High,Croplands,36.169669,-120.201004,4.0,2.5,4.387783606101824,24.48279166666667,2.192002997916666,1.348984480229167,-0.9988797155850336,-0.0473213883224323,-0.4923496919544928,0.3069470511601384,1.5025035597729446,-0.49234969195449274,0,-0.6107640998496706,-0.1438329423330177,-0.7224520336807901,0.013662283239486456,9
57,Almond_High,2017-10-05,Almond_High,Croplands,36.169669,-120.201004,3.7,2.4,3.8562508747666704,17.9680625,1.4220458750000002,1.6702097233749995,-0.9973249731081556,0.0730951298980777,-0.45055534934374036,0.1561987927354421,1.1288873253122405,-0.4505553493437404,0,-0.3089629701085399,-0.6181077349329474,-0.42459534298973367,0.1917540059587256,9
58,Almond_High,2017-10-06,Almond_High,Croplands,36.169669,-120.201004,3.4,3.8,3.611048113845912,19.1284375,1.5924973062499996,1.4444451816666668,-0.9959189961471792,0.0902516100310407,-0.3047018399904734,0.03898978751713588,0.8750820931656061,-0.3047018399904734,0,-0.31332380895664425,-0.26212272556887134,-0.33865898544590467,-0.0644457351284007,9
59,Almond_High,2017-10-13,Almond_High,Croplands,36.169669,-120.201004,2.9,3.8,3.725846356484483,14.434654166666665,1.119678210416667,1.5775275522083334,-0.9778483415056568,0.2093146459630488,-0.6481314306345999,0.08551638944869346,0.6770879790301468,-0.6481314306345998,0,-0.5502370326243659,-0.6858729171232802,-0.7082843421561535,-0.0130085665622311,9
60,Almond_High,2017-10-14,Almond_High,Croplands,36.169669,-120.201004,2.9,5.0,3.641501572801634,14.528316666666669,0.9647833083333331,1.6561347657708332,-0.9741004551724206,0.226115685508288,-0.9011294084817587,0.1574339202386834,0.8097191993768258,-0.9011294084817587,0,-0.7218788436951005,-1.0169723473200902,-0.9645370344300852,-0.020415634801069452,9
61,Almond_High,2017-10-21,Almond_High,Croplands,36.169669,-120.201004,2.5,3.6000001000000004,2.727149867288826,13.0853375,0.5687769354166666,1.3389368581666667,-0.9398560579418952,0.341570769167856,-0.3269228044738452,0.04203339228820995,0.6145739148855512,-0.32692280447384525,0,-0.35109496147120517,-0.35128650219979773,-0.27838694975053274,0.0030706158477427034,9
62,Almond_High,2017-10-22,Almond_High,Croplands,36.169669,-120.201004,2.6,4.1,2.9440680351488497,15.002458333333337,0.6903073729166667,1.3275881566249996,-0.9338372288229252,0.3576982388331254,-0.4420137020794424,0.06442541960937048,0.6777133296187832,-0.44201370207944235,0,-0.4934016895968943,-0.4629039411256379,-0.36973547551579505,-0.05787812378829107,9
63,Almond_High,2017-11-06,Almond_High,Croplands,36.169669,-120.201004,1.7,1.4,2.048595629887922,10.33560625,0.3273295270833333,0.9892895319999998,-0.8115390590073611,0.5842981736283683,0.5022232601226922,0.21557919222630545,0.7131921150593097,0.1949679996531518,0,0.306624944610897,0.46667939276044773,0.7333654429967321,-0.004158088312679588,9
64,Almond_High,2017-11-07,Almond_High,Croplands,36.169669,-120.201004,1.8,2.2,2.114045639890427,11.370408333333332,0.3995809770833333,1.2080553101875002,-0.8013610881746769,0.5981809144059159,0.3189774995647136,0.17520895285232788,0.6027728887010119,0.30911378021613994,0,0.15028110602586955,0.3066079509879488,0.5000434416803224,0.02277402321810951,9
65,Almond_High,2017-11-14,Almond_High,Croplands,36.169669,-120.201004,1.8,2.5,1.7844511251077844,14.31204791666667,0.3254273916666666,0.9874864367083336,-0.7236440382959123,0.690173388242972,0.5435971422016616,0.12894015256893068,0.5882121506647817,-0.5435971422016616,0,0.46919013687389516,0.46911688994516954,0.6924843997859199,0.015159528783692732,9
66,Almond_High,2017-11-15,Almond_High,Croplands,36.169669,-120.201004,1.4,2.3,2.041846222652334,15.267072916666663,0.5166340208333334,1.1235568988333335,-0.7116566222817751,0.7025274741691566,0.4394012549451607,0.0954380695885349,0.5587089794981528,0.4394012549451607,0,0.3724712143915366,0.39704607751447735,0.5486864729294683,0.015159528783692732,9
67,Almond_High,2017-11-22,Almond_High,Croplands,36.169669,-120.201004,1.8,2.3,1.6420705333874477,14.847329166666668,0.5082417770833332,1.0036453771458336,-0.622046748440868,0.7829801036770625,0.6287567336969492,0.144905245547482,0.5850637201789832,-0.6287567336969492,0,0.536198745608796,0.5543199693746012,0.7957514861074504,0.015159528783692732,9
68,Almond_High,2017-11-23,Almond_High,Croplands,36.169669,-120.201004,1.7,3.4,1.79516844447407,15.723352083333335,0.5032021687500001,1.0238377635208338,-0.6084768701151264,0.7935716089521472,0.3576557186721286,0.228799311111173,0.5734847475470413,-0.16731882972398832,0,0.25124350716355603,0.20144249462054795,0.6202811542322817,0.0043205761743335645,9
69,Almond_High,2017-11-30,Almond_High,Croplands,36.169669,-120.201004,1.3,2.1000001,1.1314167966870996,8.808610416666664,0.2885761354166668,1.1421030096875,-0.5086709438521042,0.8609610158889945,0.5994774773353654,0.23131791776351895,0.41132862187381836,-0.5994774773353654,0,0.34332776124153924,0.6619896075009642,0.7931150632635929,-0.021261719072102468,9
70,Almond_High,2017-12-01,Almond_High,Croplands,36.169669,-120.201004,1.8,3.0,0.959930432558152,9.828341666666669,0.2719040333333334,1.1626209454791667,-0.4937755501599774,0.8695893893466109,0.5183123262923739,0.24227811556073656,0.6024631825321054,-0.5183123262923738,0,0.30147618819492494,0.4736446279069582,0.7798161627752386,-0.012448371408772222,9
71,Almond_High,2017-12-08,Almond_High,Croplands,36.169669,-120.201004,1.3,2.4,0.7724317620872441,8.412583333333334,0.7539112791666666,1.0278061688750002,-0.3856634062436074,0.9226395488404876,0.23623955869891222,0.2188786121700891,0.7824808789330132,-0.23623955869891222,0,-0.016231327339179678,0.35239107178663287,0.3725589316492835,-0.008732486804903107,9
72,Almond_High,2017-12-16,Almond_High,Croplands,36.169669,-120.201004,1.2,3.7,0.7508664297095755,11.060229166666666,0.8684016312500001,2.3948140059791663,-0.2553532951161881,0.9668478136052772,-0.0048999435877287905,0.061296214193464295,0.7852982327579131,0.004899943587728772,0,0.01131236340178238,0.046660448829018146,-0.0726726429939869,-0.01964776470711022,9
73,Almond_High,2017-12-17,Almond_High,Croplands,36.169669,-120.201004,1.0,0.90000004,0.3359942798022836,9.005979166666666,0.745659975,1.7480291230208336,-0.2386727660059499,0.9711000518829505,0.21960830555016467,0.1516565191967282,0.6584530031532947,-0.21960830555016464,0,0.060578477890975084,0.2356264852048121,0.3626199535547069,-0.00755885177116019,9
74,Almond_High,2018-01-01,Almond_High,Croplands,36.169669,-120.201004,1.1,0.6,0.1678812995481222,9.530414583333334,0.4349331520833333,1.081423093854167,0.0172133561558346,0.9998518392091162,0.384904196090734,0.17333419239476014,0.5916295563440315,-0.384904196090734,0,0.38335424073314256,0.21235017884388024,0.5590081686951792,0.02277402321810951,9
75,Almond_High,2018-01-10,Almond_High,Croplands,36.169669,-120.201004,1.1,2.9,1.5188532715344083,12.166199999999998,0.2670981999999999,0.9788068946875,0.1712931441814776,0.9852201067560606,0.14462268467266276,0.0715281691161797,0.5675635877426125,0.14462268467266276,0,0.1864950969056576,0.18534120098239484,0.06203175612993581,0.0030706158477427034,9
76,Almond_High,2018-01-25,Almond_High,Croplands,36.169669,-120.201004,1.0,5.7000003,1.579114161965716,9.935462499999998,0.265060625,1.2086589799166667,0.4171936026123168,0.9088176373395028,-0.9386805967886409,0.2179715063462909,1.1907724760175455,-0.9386805967886409,0,-0.8171147989183486,-0.8086025642317959,-1.1903244272157782,-0.1372097948975082,9
77,Almond_High,2018-01-26,Almond_High,Croplands,36.169669,-120.201004,1.2,4.6,0.864932031388282,7.414708333333332,0.2471288895833333,1.4913369582500005,0.4327755925504312,0.901501684131884,-0.6591070592032229,0.20260657562147993,0.8105814792309353,0.011028878020213018,0,-0.44449163215723114,-0.6857637445835941,-0.8470658008688433,-0.024629365777005637,9
78,Almond_High,2018-02-03,Almond_High,Croplands,36.169669,-120.201004,1.4,2.9,0.7643381687469415,14.495518749999995,0.5921825666666667,1.319641726208333,0.5524353131676196,0.8335557718385699,-0.09520487178300686,0.10581092912254765,0.7111014221445058,0.09520487178300685,0,-0.21106832296453645,-0.07085436463359387,-0.0036919277508902816,-0.00755885177116019,9
79,Almond_High,2018-02-10,Almond_High,Croplands,36.169669,-120.201004,2.2,0.8,1.2282243108709758,15.155466666666667,1.0415865812499996,2.2311902382708326,0.6486295610349814,0.7611042586607747,-0.34705136659774144,0.17955048435753554,1.3777184448223996,0.3470513665977415,0,-0.14324666394926822,-0.4159975528416599,-0.48190988300229615,0.04665877949731951,9
80,Almond_High,2018-02-11,Almond_High,Croplands,36.169669,-120.201004,2.1,1.9,0.8142707075778072,11.584054166666668,0.9286430833333332,1.3059696900833333,0.6616346182422783,0.7498264012045686,-0.27655374268751803,0.025490643964837162,0.7390581872086578,0.276553742687518,0,-0.28325435073077876,-0.2980247867080475,-0.24838209062372785,-0.033622444286058185,9
81,Almond_High,2018-02-18,Almond_High,Croplands,36.169669,-120.201004,2.2,4.7000003,0.7572731667550026,11.820993749999998,0.7531752500000003,2.0861904645833333,0.7469720876965552,0.6648553979642865,-0.6689039000144427,0.08864012348078064,0.7704378345317251,0.6689039000144427,0,-0.7072206442132608,-0.5675509914409479,-0.7319400643891191,-0.020415634801069452,9
82,Almond_High,2018-03-06,Almond_High,Croplands,36.169669,-120.201004,2.7,4.7000003,1.3576451266031562,11.314397916666666,0.7454395333333332,1.3089340613333336,0.8996308696522433,0.436651231956064,-0.6314909888202017,0.10105051395655576,0.7591287598158811,0.6314909888202017,0,-0.5711472573264664,-0.7481508995382853,-0.5751748095958537,-0.020415634801069452,9
83,Almond_High,2018-03-15,Almond_High,Croplands,36.169669,-120.201004,2.7,7.7000003,3.3114330854309486,10.355758333333332,0.47616336875,1.3964518079583337,0.9562348265919056,0.2926003356333483,-1.3226966821348507,0.3383461421539768,1.5493221917736832,-1.3226966821348507,0,-1.0516019025966625,-1.2146074012428252,-1.7018807425650646,-0.3903012007847998,9
84,Almond_High,2018-03-23,Almond_High,Croplands,36.169669,-120.201004,2.8,6.3,3.4732275656441174,9.809272916666666,0.3110626104166666,0.7225181955625003,0.9873494423939864,0.1585593851031347,-1.0678357793082136,0.25449815170906065,1.235295973005313,-1.0678357793082136,0,-0.7777988580191759,-1.171887821507737,-1.2538206583977278,-0.17425736582945167,9
85,Almond_High,2018-03-30,Almond_High,Croplands,36.169669,-120.201004,3.9,4.4,4.7587916660287535,19.296104166666662,1.0821963916666668,1.2711728899375,0.9992500112396836,0.0387222808921744,-0.7706713014440006,0.12125591555784215,0.8236933489534033,-0.7706713014440005,0,-0.7487759652467255,-0.6618548566065138,-0.9013830824787626,-0.020415634801069452,9
86,Almond_High,2018-03-31,Almond_High,Croplands,36.169669,-120.201004,4.0,5.2000003,5.477783079051745,19.749020833333336,1.2705825541666669,1.2078010533541663,0.9997685019798908,0.0215160974362222,-0.619991160676183,0.14985451870342115,0.8801336326965339,-0.6199911606761832,0,-0.7443839950347358,-0.45362567973026696,-0.6619638072635461,-0.14594834910006532,9
87,Almond_High,2018-04-08,Almond_High,Croplands,36.169669,-120.201004,4.5,4.2000003,4.849236720107668,14.328795833333334,0.6568251874999999,1.7207617305833338,0.9932568492674144,-0.1159345995955004,-1.3502855130539386,0.1723037394842101,0.6905156382310531,-1.3502855130539386,0,-1.2004657664625786,-1.5385713595040664,-1.3118194131951715,0.051927975560934835,9
88,Almond_High,2018-04-23,Almond_High,Croplands,36.169669,-120.201004,6.1,4.5,6.046898524308925,23.0774375,1.5425528979166667,1.2862231263958337,0.9307239310379796,-0.3657225234972689,-1.8096949753130211,0.10935405638985847,1.1107999249324734,-1.7034920239308715,0,-1.91922830811627,-1.8093355363970527,-1.700521081425741,2.0411274041731176,9
89,Almond_High,2018-04-24,Almond_High,Croplands,36.169669,-120.201004,5.9,4.3,6.4456396073230895,22.93402083333334,1.6230398812500004,1.3353416087708334,0.9242907221930934,-0.3816892202666588,-1.6598826862571847,0.1395336931028826,1.137551033060482,-1.659882686257185,0,-1.768719119736273,-1.7083509339898602,-1.5025780050454203,-0.6355855058531857,9
90,Almond_High,2018-05-02,Almond_High,Croplands,36.169669,-120.201004,5.7,6.5,5.165305255986445,16.71995,0.9085168083333334,1.1738856728125,0.8631421280499114,-0.5049610547215204,-1.495170119661094,0.23699832418302488,0.7454997095059174,-0.4257806316339845,0,-1.2340505286242431,-1.5548030158526558,-1.6966568145063827,-0.6897116926266234,9
91,Almond_High,2018-05-09,Almond_High,Croplands,36.169669,-120.201004,6.5,8.5,7.04809572272659,22.064041666666668,1.4675621895833335,1.7628371971458332,0.7961828637826158,-0.6050560696488488,-1.1820248019776038,0.13150686857027505,0.8880588805402876,-1.1820248019776038,0,-1.1228971145428566,-1.090460639374706,-1.332716652015249,-0.8834587721424836,9
92,Almond_High,2018-05-10,Almond_High,Croplands,36.169669,-120.201004,6.3,10.0,6.291597919957459,20.10964583333334,1.3221808916666664,1.089498008375,0.7856498550787145,-0.6186714032625031,-0.9447094662206049,0.17976907333578598,1.5524118903031354,-0.9279053061355232,0,-1.1512660280124511,-0.8236067691054717,-0.8592556015438922,-0.6246953801757824,9
93,Almond_High,2018-05-17,Almond_High,Croplands,36.169669,-120.201004,6.8,7.3,5.287556504371224,17.565708333333333,1.0034262625,0.9807693917083338,0.705583610107178,-0.7086266782644596,-1.6495719185621904,0.20536416660034668,1.0343051381388726,1.3753150726953607,0,-1.414857936727847,-1.796194093094977,-1.7376637258637468,-1.0699334167457055,9
94,Almond_High,2018-05-18,Almond_High,Croplands,36.169669,-120.201004,6.4,8.6,6.271976024967933,20.176,1.1076259104166664,1.1048408081666667,0.6932812268869777,-0.7206671495538609,-1.2589543905271716,0.08597844836385375,1.1239591654181897,-1.002906440463037,0,-1.1678698956465168,-1.3387019690915773,-1.2702913068434205,-0.5536440412948946,9
95,Almond_High,2018-05-26,Almond_High,Croplands,36.169669,-120.201004,5.7,8.1,6.641848303968085,18.19283333333333,0.9463832770833336,1.2145951338124998,0.5877852522924732,-0.8090169943749473,-1.0552176224093737,0.12342248765308775,0.9278097581162253,-1.0552176224093737,0,-0.9712091066736827,-1.1969216165927743,-0.9975221439616642,-0.8522452386197922,9
96,Almond_High,2018-06-02,Almond_High,Croplands,36.169669,-120.201004,6.8,7.5,8.442793780044799,23.680791666666675,1.8938776979166667,1.0674340509374998,0.48627270710869,-0.8738071036110808,-0.8134317776250107,0.11018213261093032,1.1128457702272139,-0.8134317776250106,0,-0.8957697729919771,-0.8562594658041537,-0.6882660940789014,-0.4468698122061244,9
97,Almond_High,2018-06-03,Almond_High,Croplands,36.169669,-120.201004,7.1,6.5,9.296766554588936,28.030729166666664,2.5113457041666662,1.2289818336874998,0.4711595076738638,-0.8820480249558537,-1.3825392573099844,0.32965423983681597,1.6178548607388783,-1.3825392573099844,0,-1.5783070097493406,-1.5673710654288682,-1.0019396967517449,-0.6258256538985465,9
98,Almond_High,2018-06-10,Almond_High,Croplands,36.169669,-120.201004,6.4,11.1,7.511614763700518,19.096125,1.61628490625,2.1121173124166672,0.3617137307297676,-0.9322892131745132,-0.31351312786475805,0.17163575981131834,1.6174284444756828,-0.31351312786475805,0,-0.5035101351636383,-0.2673478809069465,-0.1696813675236893,-0.45354516075747037,9
99,Almond_High,2018-06-11,Almond_High,Croplands,36.169669,-120.201004,6.5,8.7,7.480387797469112,20.91014583333333,1.6728210833333332,1.2490530787291665,0.3456123126707335,-0.938377391740864,-0.40894993458447654,0.06985244267900363,0.9015003556570218,-0.4089499345844765,0,-0.36927354354909997,-0.48960508287052873,-0.3679711773338009,-0.2999330622275585,9
100,Almond_High,2018-06-18,Almond_High,Croplands,36.169669,-120.201004,7.2,8.7,7.008171416590535,21.43233333333333,1.3538281916666668,1.0907000063125,0.2303056702306122,-0.973118337233262,-0.9184233857861099,0.2559704364627453,1.1575701729902799,-0.5347662189671802,0,-0.6535899876849539,-1.1644988626788515,-0.9371813069945243,-0.5076069110704728,9
101,Almond_High,2018-06-19,Almond_High,Croplands,36.169669,-120.201004,6.4,7.9,7.994581111161381,24.49422916666666,1.7387610916666665,0.9370750232916668,0.2135209154397961,-0.9769384927771816,-0.3393105642114957,0.015168314441526576,0.9623164585278321,-0.33931056421149575,0,-0.3258171988204756,-0.3363864361439239,-0.3557280576700876,-0.29411719562135535,9
102,Almond_High,2018-06-26,Almond_High,Croplands,36.169669,-120.201004,7.4,8.3,9.055781581553816,26.272854166666654,2.02130951875,1.1714881133541668,0.0945367498171991,-0.9955213724144752,-0.809680506704391,0.08928217737587303,1.2148937292955344,-0.8096805067043911,0,-0.7170448321794675,-0.8951810065992107,-0.8168156813344944,-0.5110177575432567,9
103,Almond_High,2018-06-27,Almond_High,Croplands,36.169669,-120.201004,7.6,8.900001,8.775869195541025,24.84985416666667,2.0827368187500004,1.142143573104167,0.077386479233463,-0.9970011699250152,-0.7052980780047488,0.09998837897775147,1.3132309014146606,-0.7052980780047489,0,-0.5910423811404817,-0.7480418125905591,-0.7768100402832054,-0.1955426041500201,9
104,Almond_High,2018-07-04,Almond_High,Croplands,36.169669,-120.201004,7.0,8.3,8.022879477872749,24.24289583333333,1.7550741833333332,1.0015098121249997,-0.0430222330045303,-0.99907411510223,-0.44569115778659735,0.10623877761138302,1.0316067840363317,-0.4456911577865974,0,-0.39394160655493077,-0.37524269721898557,-0.5678891695858757,-0.19343028812035898,9
105,Almond_High,2018-07-05,Almond_High,Croplands,36.169669,-120.201004,6.4,5.9,7.282507410847878,25.038291666666662,1.6805042229166671,1.1241822946875002,-0.0602132773657927,-0.9981855344718586,-0.476548467520221,0.19691912755218513,0.9723963646120662,-0.47654846752022095,0,-0.32852393501900523,-0.700038812863588,-0.40108265467806997,-0.35896981212399925,9
106,Almond_High,2018-07-12,Almond_High,Croplands,36.169669,-120.201004,7.1,7.9,8.054370202560508,29.79964583333333,3.043565547916668,1.0638701617708333,-0.1797665857255621,-0.9837092937736098,-1.0120494759125636,0.14642028409288796,1.565273318378701,-1.0120494759125636,0,-1.0182171509798548,-1.1552884644589259,-0.8626428122989099,-0.443570616170798,9
107,Almond_High,2018-07-13,Almond_High,Croplands,36.169669,-120.201004,7.2,6.9,7.831687441155594,29.876687499999992,2.655674847916667,1.20177941925,-0.1966728897935762,-0.980469160361632,-1.2469211143756667,0.1599845781756543,1.5923095318141531,-1.2469211143756667,0,-1.2960167450573234,-1.3766045524824448,-1.068142045587232,-0.3923979830994792,9
108,Almond_High,2018-07-20,Almond_High,Croplands,36.169669,-120.201004,7.0,9.5,8.959369130540404,30.600125000000013,2.965252410416667,1.1293565698958334,-0.3131070409358267,-0.9497178427914316,-0.8410426274903567,0.26918216160243597,1.505694507538406,-0.8410426274903569,0,-0.5472611830710948,-1.0758445737340043,-0.9000221256659707,-0.6229746434666817,9
109,Almond_High,2018-07-21,Almond_High,Croplands,36.169669,-120.201004,6.8,8.0,8.209524406787517,29.5968125,2.196617375,1.0716541669166666,-0.3294084822245302,-0.9441875088341994,-0.8738470032732625,0.23099898067717725,1.2316988867656147,-0.8738470032732626,0,-0.6087731234072363,-1.0321212261528803,-0.9806466602596705,-0.42277401403537684,9
110,Almond_High,2018-07-28,Almond_High,Croplands,36.169669,-120.201004,6.7,5.9,7.102769847181821,28.4610625,2.62329711875,1.1197976144166666,-0.4405187843504952,-0.8977433935342336,-1.111253278549909,0.1466485166984078,1.6035573358678747,-1.111253278549909,0,-1.2799947387048496,-1.0391514998712819,-1.0146135970735959,-0.4295569362604748,9
111,Almond_High,2018-07-29,Almond_High,Croplands,36.169669,-120.201004,6.1,5.6,7.571287720033543,29.195333333333338,2.65838045,1.2252184511041666,-0.455906693508459,-0.8900275764346766,-0.9695792477231766,0.14157734573874833,1.5927844387176635,-0.9695792477231766,0,-1.1325358165830364,-0.8994152164942065,-0.876786710092287,-0.5128026201864792,9
112,Almond_High,2018-08-05,Almond_High,Croplands,36.169669,-120.201004,6.5,8.6,4.1023927993081335,26.56639583333333,2.6991423125,1.3455133488958335,-0.5595892624101763,-0.828770087174504,-0.6783280157052554,0.22926823508231148,1.1915850719442314,0.6783280157052554,0,-0.41359626081607836,-0.8093721205784344,-0.8120156657212536,-0.21778480366495892,9
113,Almond_High,2018-08-06,Almond_High,Croplands,36.169669,-120.201004,6.5,8.2,3.513105247742234,26.51770833333333,2.639197277083334,1.5228687911875,-0.5737722679043243,-0.8190148866680802,-0.7655759040942155,0.18103527131303176,1.1644885858670084,0.7655759040942156,0,-0.5568349602406442,-0.879651180435474,-0.8602415716065283,-0.2546144355364103,9
114,Almond_High,2018-08-13,Almond_High,Croplands,36.169669,-120.201004,6.0,3.9,6.110138469531767,28.055416666666673,2.8112741770833334,1.2949619356666668,-0.6680638642135333,-0.7441039398713608,-1.1868996329537527,0.3795295865330406,2.0540792976834394,-1.1868996329537527,0,-1.4954620924720647,-0.7631103077949439,-1.3021264985942491,-12.312275777547821,9
115,Almond_High,2018-08-14,Almond_High,Croplands,36.169669,-120.201004,6.1,3.6000001000000004,6.5510382441939425,27.029062499999995,2.4953366854166665,1.2150263124583334,-0.6807734094770159,-0.7324940716135792,-1.1131140301861133,0.29556855929679865,1.9893164319054748,-1.1131140301861133,0,-1.3445530962571766,-0.7801670995532697,-1.2146218947478937,-12.312275777547821,9
116,Almond_High,2018-08-21,Almond_High,Croplands,36.169669,-120.201004,6.0,4.9,5.439563701496521,24.21318750000001,1.8253232479166677,1.181391309875,-0.7638886127905429,-0.64534811322955,-0.7476483893209478,0.22154048557572817,1.2239457076229456,0.37322420768601017,0,-0.7532181773097757,-0.5233755276049236,-0.966351463048144,-0.058708858561555645,9
117,Almond_High,2018-08-22,Almond_High,Croplands,36.169669,-120.201004,5.8,4.3,4.791370963509952,23.719479166666673,1.5574100395833337,1.209898984041667,-0.7748840413670406,-0.6321034111873488,-0.6161762092945029,0.19108871936644473,1.2037246442982212,0.6161762092945029,0,-0.5301508349335619,-0.4832212150853135,-0.8351565778646332,-0.05494532428556329,9
118,Almond_High,2018-08-29,Almond_High,Croplands,36.169669,-120.201004,5.4,4.6,3.7409888599488745,23.03364583333333,1.4729427229166665,1.1108452995,-0.8452490573530634,-0.5343725582809785,-0.3868597854540378,0.20521718130935687,1.0289406561281247,0.3868597854540379,0,-0.3171878976991452,-0.2255491959768014,-0.6178422626861669,-0.07006706276104972,9
119,Almond_High,2018-08-30,Almond_High,Croplands,36.169669,-120.201004,4.8,7.6,3.718893288225879,21.65833333333333,1.2742333499999998,1.3567736686458327,-0.8543221697498269,-0.5197438121555157,-0.30187070399988725,0.15200536559762648,0.6845138857371562,0.30187070399988725,0,-0.2714669357058885,-0.46678010073597387,-0.16736507555779942,-0.1165876953334202,9
120,Almond_High,2018-09-06,Almond_High,Croplands,36.169669,-120.201004,5.1,2.3,6.345610368756166,25.87429166666667,2.1852057604166677,1.1504331962708336,-0.9106046300942162,-0.4132786077829044,-0.6535932562801825,0.22990766481363387,1.907167814354382,-0.6535932562801825,0,-0.8511352477077495,-0.40123057603503676,-0.7084139450977613,2.431134709713448,9
121,Almond_High,2018-09-07,Almond_High,Croplands,36.169669,-120.201004,5.1,2.1000001,6.619891921173501,26.20954166666667,2.349482210416666,1.013634650979167,-0.9175836260593934,-0.3975428142825566,-0.6481381361628232,0.2919841610901493,2.041000447816642,-0.6481381361628231,0,-0.9278957271111574,-0.34529763335344615,-0.6712210480238664,-12.419018663665586,9
122,Almond_High,2018-09-14,Almond_High,Croplands,36.169669,-120.201004,4.1,5.9,3.9109593479700338,20.183354166666664,1.537249295833333,0.9331970282083336,-0.9587178169872964,-0.2843591872810036,-0.2265238531001329,0.11350558653259905,0.6705596451504681,0.1515574509597989,0,-0.2564302660468481,-0.3220818362077618,-0.10105945704578881,-0.07801174409520077,9
123,Almond_High,2018-09-15,Almond_High,Croplands,36.169669,-120.201004,4.6,4.5,3.9585804526951898,20.64141666666667,1.6220664979166663,1.2288828079374998,-0.9634705485641486,-0.2678143051621748,-0.3761597234008089,0.09312833499173678,0.976900319205803,0.3761597234008089,0,-0.47313487964161366,-0.28742601400811185,-0.36791827655270115,-0.03681660448580186,9
124,Almond_High,2018-09-22,Almond_High,Croplands,36.169669,-120.201004,4.3,3.8,5.159249869187351,24.78,2.3930330645833333,1.141249102916667,-0.9886775902323404,-0.1500553983446526,-0.4544306394786843,0.470616881774543,1.3157848257769824,-0.45443063947868434,0,-0.8213023319835255,0.07618544863690618,-0.6181750350894336,1.4507299447712918,9
125,Almond_High,2018-09-23,Almond_High,Croplands,36.169669,-120.201004,4.9,3.6000001000000004,5.731216447771902,24.00610416666667,2.2773540333333333,1.0772957478958334,-0.9911140639934546,-0.1330147065341963,-0.6657127208697037,0.554458594953031,1.5069839406045773,-0.6657127208697036,0,-1.117708666174597,-0.04703283803009149,-0.8323966584044227,-6.7266314355425525,9
126,Almond_High,2018-09-30,Almond_High,Croplands,36.169669,-120.201004,3.1,5.4,3.525559434118044,19.435291666666668,1.0983561666666666,0.7745781383333336,-0.999916658654738,-0.0129102960750088,-0.39265674836899117,0.06548693235409317,0.7319535646772437,-0.3926567483689911,0,-0.4532957959599731,-0.40146161261463825,-0.32321283653236216,-0.11547423308242231,9
127,Almond_High,2018-10-01,Almond_High,Croplands,36.169669,-120.201004,3.8,5.5,4.425718503421926,21.55079166666667,1.5472242270833334,0.9871091405833332,-0.99999073973619,0.0043035382962438,-0.21830424347050872,0.13288534553852738,0.9277722374094237,-0.2183042434705087,0,-0.3260651474080786,-0.06982354971655605,-0.2590240332868915,-0.07801174409520077,9
128,Almond_High,2018-10-08,Almond_High,Croplands,36.169669,-120.201004,3.6,1.0,4.6490048622803455,17.673958333333335,1.2985965395833334,1.0228458595,-0.9922222094179324,0.1244792638867886,-0.11423880019660766,0.12109560464616623,1.5271177176092015,-0.1142388001966077,0,0.02462913434430101,-0.1978473232582332,-0.16949821167589077,-0.0015485342813599634,9
129,Almond_High,2018-10-09,Almond_High,Croplands,36.169669,-120.201004,3.5,1.0,4.562286262694731,18.954,1.3482886687500002,1.1023429137083334,-0.989932495087353,0.141540295217043,-0.14180911213516517,0.11630235973853628,1.5100723733259038,-0.14180911213516523,0,-0.018637981641724224,-0.15704930716567406,-0.24974004759809723,-0.0015485342813599634,9
130,Almond_High,2018-10-16,Almond_High,Croplands,36.169669,-120.201004,3.3,2.4,4.42575449347762,17.13106458333333,1.4534936437499997,1.228063547625,-0.965739937654855,0.2595117970697994,-0.2949046000054765,0.05928508333892925,1.0147151948764461,-0.29490460000547647,0,-0.33498454091086244,-0.22680300391164065,-0.3229262551939265,0.09246700031240111,9
131,Almond_High,2018-10-17,Almond_High,Croplands,36.169669,-120.201004,3.1,2.8,4.065057468311172,17.750491666666665,1.4831123395833332,1.2302316208125,-0.9611297838723007,0.2760969730974688,-0.2635817927669079,0.09929187912426295,0.8743118509454929,-0.26358179276690796,0,-0.3286830391100421,-0.14929838514836896,-0.31276395404231266,-0.00755885177116019,9
132,Almond_High,2018-10-24,Almond_High,Croplands,36.169669,-120.201004,2.8,1.4,3.5697963420171392,15.303695833333329,0.8709581395833331,0.8602374505208336,-0.9209712877166346,0.3896304495307877,0.18152951229510328,0.059917193490470026,1.1447205189363263,0.18152951229510328,0,0.187944439837264,0.11866296200532031,0.23798113504272556,0.1534608465405068,9
133,Almond_High,2018-10-25,Almond_High,Croplands,36.169669,-120.201004,3.1,1.4,3.407222094661768,17.099714583333334,1.01430458125,1.0693689775000002,-0.9141279881853336,0.4054257283599973,0.01772600946463733,0.0528251227496572,1.242287044537799,0.017726009464637316,0,0.042795101144550624,0.05334900794822802,-0.04296608069886666,0.1534608465405068,9
134,Almond_High,2018-11-02,Almond_High,Croplands,36.169669,-120.201004,2.5,2.7,2.866876654532181,17.237583333333333,1.0447736854166667,1.054370017,-0.8498170915275277,0.5270777086423724,0.11692824120812573,0.14203350627295325,0.8023326274739411,0.11692824120812573,0,-0.03300254081970361,0.1343255216521972,0.2494617427918836,-0.00755885177116019,9
135,Almond_High,2018-11-09,Almond_High,Croplands,36.169669,-120.201004,2.1,1.5,2.413154705668579,11.435825,0.9016698458333332,1.129648275145833,-0.780295851070776,0.6254105729852457,0.10076271999171084,0.12586655261406443,0.8419507366899938,0.10076271999171083,0,0.07716297102122305,0.23675872144292143,-0.011633532489011967,-0.00755885177116019,9
136,Almond_High,2018-11-10,Almond_High,Croplands,36.169669,-120.201004,1.6,2.7,2.112449191087712,10.439422916666668,0.7916942562499999,1.0865331698541667,-0.7694148268839381,0.6387494220515268,-0.009945744088715522,0.16657206809563055,0.6155653210769745,-0.009945744088715514,0,-0.13648232565996643,0.1787722338740887,-0.07212714048026883,0.02277402321810951,9
137,Almond_High,2018-11-18,Almond_High,Croplands,36.169669,-120.201004,1.6,0.8,1.7063638735497475,10.761983333333337,0.6590537562499998,0.9434190581458336,-0.6744436188329457,0.7383263540031063,0.40377337054241097,0.09020267656892152,0.895138557307692,-0.19104562344291615,0,0.43872321232702366,0.47127141170051434,0.3013254875996949,-0.00755885177116019,9
138,Almond_High,2018-11-25,Almond_High,Croplands,36.169669,-120.201004,0.9,1.5,1.4018013467449966,13.624297916666665,0.2667875604166667,0.8378150750208332,-0.5808002734538014,0.8140460935082175,0.687154585947873,0.0697033540499203,0.6767462510246844,0.31644810754212005,0,0.676196264665217,0.6235794638704002,0.7616880293080023,-0.01964776470711022,9
139,Almond_High,2018-11-26,Almond_High,Croplands,36.169669,-120.201004,1.3,1.6,1.2795266844963211,12.951524999999998,0.3557469666666666,0.9644392308541666,-0.5667017562911184,0.8239230057575536,0.6870294574531709,0.10870956677586857,0.606353009455778,-0.6870294574531709,0,0.6144485840250792,0.634625009771844,0.8120147785625894,0.015159528783692732,9
140,Almond_High,2018-12-03,Almond_High,Croplands,36.169669,-120.201004,0.8,0.5,0.8087258827705074,8.481016666666667,0.1674810541666666,0.8284856740624997,-0.4635502709028512,0.8860706215341377,0.7469148698076511,0.15066838044005956,0.7099921896210004,-0.7294631042666364,0,0.7055873984643994,0.6212229053897005,0.9139343055688535,-0.00755885177116019,9
141,Almond_High,2018-12-11,Almond_High,Croplands,36.169669,-120.201004,0.6,2.3,0.8193826116800691,9.346264583333337,0.2526456479166666,0.719025519625,-0.3375228995941134,0.941317317512847,0.33688249990701086,0.09731291761138611,0.6044557437555446,0.10188272345312738,0,0.29963470498619177,0.44731737309577696,0.2636954216390639,0.015159528783692732,9
142,Almond_High,2018-12-20,Almond_High,Croplands,36.169669,-120.201004,0.8,2.8,0.1451995449804737,8.801712499999997,0.2523210333333333,0.8577444013124998,-0.1882267098432439,0.9821256058680006,0.20207744220736748,0.09386015024661248,0.6089303078336353,-0.20207744220736745,0,0.23166765772023454,0.27757653229189844,0.09698813660996952,0.015159528783692732,9
143,Almond_High,2018-12-27,Almond_High,Croplands,36.169669,-120.201004,1.2,0.4,1.4399654099263466,7.804639583333333,0.5094559874999999,2.461252670250001,-0.0688024268023206,0.9976303053065856,0.3506578395245905,0.10730276030481124,0.7590423267454807,0.12927298032810275,0,0.23471387397094007,0.44646670916862796,0.3707929354342034,-0.00755885177116019,9
144,Almond_High,2018-12-28,Almond_High,Croplands,36.169669,-120.201004,1.0,1.1,1.0064992940574573,7.285502083333335,0.59747778125,2.260920376125,-0.0516196672232541,0.998666816288476,0.2565943624411667,0.12104145525539867,0.45803651718710087,-0.24359577432625207,0,0.1695313640905359,0.20543658223917766,0.3948151409937866,0.015159528783692732,9
193,Almond_Low,2016-10-18,Almond_Low,Croplands,36.946608,-120.10237,1.9,4.7000003,2.585293774850289,15.660858437500002,0.6259611645833334,2.0131857102604167,-0.9510565162951536,0.3090169943749472,-0.38688067790456326,0.2001360796853589,0.7479343729768341,-0.38688067790456326,1,-0.6152413523780548,-0.24199200047604918,-0.30340868085958594,-0.024629365777005637,9
194,Almond_Low,2016-10-19,Almond_Low,Croplands,36.946608,-120.10237,2.3,4.1,2.7369247965399808,15.259315229166663,0.6104710395833334,0.8990852083333333,-0.9455963874271428,0.3253420847119795,-0.24414336604758388,0.23798979012851515,0.6169650205247277,-0.2441433660475839,1,-0.47326834790965233,0.001817173652999382,-0.2609789238860987,-0.01615070128999246,9
195,Almond_Low,2016-10-26,Almond_Low,Croplands,36.946608,-120.10237,1.6,3.7,2.569978604237418,20.002721729166662,1.1841408520833332,0.7715305,-0.8996308696522434,0.4366512319560638,-0.3929551895989596,0.19464307032583078,0.6177999751138656,-0.3929551895989596,1,-0.4606544710803872,-0.1735023961613152,-0.5447087015551764,0.01856029224217332,9
196,Almond_Low,2017-02-23,Almond_Low,Croplands,36.946608,-120.10237,1.7,1.8000001,1.3629244461188084,6.962118604166669,0.3530215833333334,1.7503499583333335,0.8013610881746766,0.5981809144059164,-0.3833641740184248,0.13310801075280032,0.5896149769726449,0.29078693374395836,1,-0.25125893515591713,-0.3813807961734025,-0.5174527907259547,0.015159528783692732,9
197,Almond_Low,2017-02-24,Almond_Low,Croplands,36.946608,-120.10237,1.6,4.3,1.441027886957699,6.832306312499997,0.4216969729166668,0.8337975833333333,0.8115390590073611,0.5842981736283683,-0.4882008877070801,0.2966388232034573,0.9242071788180068,-0.1702566616224777,1,-0.7362779694842749,-0.15961916664809608,-0.5687055269888693,-0.03886908184484539,9
198,Almond_Low,2017-03-03,Almond_Low,Croplands,36.946608,-120.10237,1.7,5.8,1.4444377984533388,12.528973958333331,0.5798017854166666,0.7219932291666665,0.8758917051442429,0.4825077417612184,-0.42164429682142046,0.33785923742094154,1.2203964832670489,0.08948010627190195,1,-0.7668468121294055,-0.0916413813634506,-0.40644469697140534,0.024662359846660896,9
199,Almond_Low,2017-03-04,Almond_Low,Croplands,36.946608,-120.10237,2.3,5.7000003,1.3813069002818632,12.823029291666666,0.5010542187499999,1.1469878958333335,0.8840675099433636,0.4673592171580022,-0.4780750659890878,0.16057150237162893,1.0215750197816995,0.4780750659890878,1,-0.660413780611912,-0.4160201764927365,-0.3577912408626147,-0.033209747102400274,9
200,Almond_Low,2017-03-11,Almond_Low,Croplands,36.946608,-120.10237,2.6,1.7,2.103030710597184,17.243319291666666,0.5108568541666666,0.9324155000000002,0.9338372288229252,0.3576982388331254,-0.1942418851755513,0.3406921382418672,0.6078349300505105,0.1942418851755513,1,0.13807636090218775,-0.542731945119481,-0.17807007130936067,0.0043205761743335645,9
201,Almond_Low,2017-03-12,Almond_Low,Croplands,36.946608,-120.10237,3.2,1.9,2.3301763400261533,16.882735375000006,0.61401196875,0.9004727291666669,0.9398560579418954,0.3415707691678556,-0.41335981465098665,0.3680273816491391,0.7250366880588232,0.41335981465098665,1,-0.012748965340877688,-0.7364551582928862,-0.4908753203191961,-0.01839780438051935,9
202,Almond_Low,2017-03-27,Almond_Low,Croplands,36.946608,-120.10237,3.5,4.2000003,5.641309009561009,13.85679475,0.4252717333333333,2.6972626458333337,0.995918996147179,0.0902516100310411,-0.9809981032534992,0.06128283932483272,0.6212527166807389,-0.9809981032534991,1,-1.0193969271046661,-1.0132742597157303,-0.9103231229401014,0.08709896927875398,9
203,Almond_Low,2017-03-28,Almond_Low,Croplands,36.946608,-120.10237,3.6,1.7,3.733831169097588,13.241614104166665,0.4219870000000001,1.0173646666666667,0.9973249731081556,0.0730951298980777,-0.43567649703999994,0.2644622264876052,0.8672511447500302,-0.43567649704,1,-0.13400385435274237,-0.6275674372388326,-0.5454581995284249,-0.01839780438051935,9
204,Almond_Low,2017-04-05,Almond_Low,Croplands,36.946608,-120.10237,3.4,4.3,4.070743364297207,19.130156041666673,1.19242800625,1.0911737916666666,0.9979171608653922,-0.0645084494493162,-0.1736046152122064,0.08553329620260645,0.4832549639783584,-0.17360461521220638,1,-0.07574270091075108,-0.23407806153224983,-0.21099308319361829,0.0023027457537834807,9
205,Almond_Low,2017-04-12,Almond_Low,Croplands,36.946608,-120.10237,3.2,5.2000003,5.550121455585238,18.58826245833333,0.8405181999999997,1.94110725,0.9829265519799822,-0.18399835165768,-0.1612331878956221,0.15909008886878837,0.5451892211915059,-0.1612331878956219,1,-0.2046017820701286,-0.29414200241355715,0.015044220796819413,-0.05529336354034783,9
206,Almond_Low,2017-04-13,Almond_Low,Croplands,36.946608,-120.10237,3.2,3.3,4.9958689527408895,14.610526229166664,0.3934500791666667,1.747885145833333,0.97961369164549,-0.200890555130635,-0.19163595321982566,0.07519118990736809,0.5680790270855338,-0.19163595321982574,1,-0.2459822243023522,-0.1058234353979287,-0.22310219995919608,-0.022302960203528874,9
207,Almond_Low,2017-04-20,Almond_Low,Croplands,36.946608,-120.10237,4.8,4.5,6.290786316907113,15.678978875,0.5939754916666666,2.561004229166667,0.9483615800121716,-0.3171912885891061,-1.6189846041845908,0.2252196975350826,0.6647105652262161,-1.6189846041845906,1,-1.8579666750958317,-1.410670207528073,-1.5883169299298678,-0.4457708001052118,9
208,Almond_Low,2017-04-21,Almond_Low,Croplands,36.946608,-120.10237,4.9,1.4,4.864496260106487,16.204051624999995,0.62622094375,1.0447032916666668,0.9427611433904208,-0.3334687789181868,-0.7271112267378621,0.24066252704329452,1.3204476597409887,-0.6561037469508362,1,-0.45521719819126605,-0.9127943431241279,-0.8133221388981925,0.11181500464942883,9
209,Almond_Low,2017-04-28,Almond_Low,Croplands,36.946608,-120.10237,5.3,4.4,8.162924281792804,17.026796520833333,0.95239233125,3.6146106250000014,0.895839290734909,-0.4443781781046132,-1.4146825637460145,0.12839076934465635,0.9776374193560443,-1.4146825637460143,1,-1.3109172105993558,-1.3748659858639525,-1.5582644947747355,-0.15431179755691704,9
210,Almond_Low,2017-04-29,Almond_Low,Croplands,36.946608,-120.10237,5.3,0.6,6.2274092513283525,17.040748937499995,0.9905601145833334,1.0842832291666669,0.8880573226294932,-0.4597327394521039,-0.536999289884915,0.4925786773572135,1.8335983876250537,-0.536999289884915,1,0.008346945544925988,-0.9496076283766548,-0.6697371868230161,2.6466917794963463,9
211,Almond_Low,2017-05-06,Almond_Low,Croplands,36.946608,-120.10237,5.1,6.4,6.8445548905627644,14.498466333333331,0.5505327,2.2132526458333333,0.8263541987239096,-0.5631507242749186,-1.7794569772660658,0.4448833976655473,0.8327650538202291,-1.779456977266066,1,-2.0547935770983625,-1.2662043923844335,-2.017372962315401,0.567466468494918,9
212,Almond_Low,2017-05-07,Almond_Low,Croplands,36.946608,-120.10237,2.5,7.3,4.286860563634516,15.787454020833332,0.4809142895833334,1.4685863541666662,0.8165380514459161,-0.5772916165517272,-0.7869491177342152,0.5456300963557562,0.9582883571976882,-0.7869491177342152,1,-1.1972295482600517,-0.1677259659780836,-0.9958918389645104,0.9741027669148261,9
213,Almond_Low,2017-05-14,Almond_Low,Croplands,36.946608,-120.10237,5.4,7.8,6.66869074185508,14.674415000000002,0.600220425,1.8981578958333327,0.741222010848596,-0.6712599575675313,-2.0234260197136256,0.6805168968182856,1.123237672664586,-2.0234260197136256,1,-2.3251040064276,-1.2442192669160848,-2.5009547857971923,-6.532949796425076,9
214,Almond_Low,2017-05-22,Almond_Low,Croplands,36.946608,-120.10237,7.3,2.6000001,7.392860302925483,26.461722895833343,1.9272309791666664,1.3715375833333334,0.6420547132365637,-0.766658819300159,-1.1323941459233444,0.2594134751012286,2.044260983370936,-1.1323941459233444,1,-0.860954555271403,-1.3778215642028984,-1.1584063182957323,-12.312275777547821,9
215,Almond_Low,2017-05-23,Almond_Low,Croplands,36.946608,-120.10237,6.8,4.4,7.836069708873872,27.017933770833334,1.7593469895833336,1.4244429374999996,0.6287628145958344,-0.777597146973627,-1.1544904301418744,0.12885477203027537,1.3581512606606356,-1.1544904301418741,1,-1.019665820777508,-1.2764031550727468,-1.1674023145753687,-0.2613263552608273,9
216,Almond_Low,2017-05-30,Almond_Low,Croplands,36.946608,-120.10237,6.5,6.4,9.459107518808178,21.506028729166665,0.9930720999999996,2.053064729166667,0.5307300481619334,-0.8475409228928311,-1.52110371917734,0.23360200384479984,0.5761496989200794,-1.52110371917734,1,-1.767974310639997,-1.3035351163572646,-1.491801730534759,-0.6904497759094942,9
217,Almond_Low,2017-06-07,Almond_Low,Croplands,36.946608,-120.10237,7.1,5.5,9.431587221669034,23.1380365625,1.5971504687499998,1.963840270833333,0.4093559588156213,-0.9123747579707272,-1.173262561846591,0.18238086384903401,0.9841501002127753,-1.1732625618465908,1,-1.1318999854378773,-1.37277235016473,-1.0151153499371663,-0.6502263908034457,9
218,Almond_Low,2017-06-08,Almond_Low,Croplands,36.946608,-120.10237,4.4,4.9,8.794380579150259,20.608479875000004,1.0851758875,1.9119916458333328,0.3935902766564667,-0.9192859697186104,-0.11757882725750761,0.16661341363756865,0.65411014941884,-0.11757882725750779,1,-0.15377274047388018,-0.26312028328073195,0.06415654198208934,-0.020415634801069452,9
219,Almond_Low,2017-06-15,Almond_Low,Croplands,36.946608,-120.10237,7.7,7.6,10.003035872115005,24.36800443749999,1.5718998229166663,2.0826608124999995,0.2802306751992158,-0.9599326896597448,-1.000274240805598,0.05808194606583133,0.8858872241987331,-1.0002742408055978,1,-0.9807760109702689,-0.9544501901326591,-1.0655965213138663,-0.82197964220203,9
220,Almond_Low,2017-06-16,Almond_Low,Croplands,36.946608,-120.10237,7.0,7.9,8.963545191045393,26.67777204166667,1.644489047916667,1.642433125,0.263665492728007,-0.9646141756912436,-0.8406354927099926,0.2881813687161769,0.8226130547885099,-0.8406354927099926,1,-0.5959733696161535,-0.7676364863781024,-1.158296622135722,-0.7580623504756521,9
221,Almond_Low,2017-06-23,Almond_Low,Croplands,36.946608,-120.10237,7.7,7.0,9.931236760651492,30.18546691666667,2.13599634375,1.7935905416666669,0.1457991969198751,-0.9893142039703664,-0.6745867816299,0.2994541845228511,1.1623723516557158,-0.6745867816299,1,-0.505389605182483,-0.4980301569247607,-1.0203405827824568,-0.16652801805731862,9
222,Almond_Low,2017-07-01,Almond_Low,Croplands,36.946608,-120.10237,7.2,7.1,10.154775771648152,24.27794764583333,1.4746941291666669,1.915249229166667,0.0086069968886886,-0.9999629591162656,-0.5317591099509628,0.02867102177080217,0.7315063262823166,-0.5317591099509626,1,-0.506370703052708,-0.5628543754824348,-0.5260522513177457,-0.5070677507956943,9
223,Almond_Low,2017-07-02,Almond_Low,Croplands,36.946608,-120.10237,6.5,6.9,8.739276070875839,25.44462964583333,1.6083948916666666,1.2979871666666667,-0.008606996888688,-0.9999629591162656,-0.2900189483830748,0.045138533351091505,0.819851233659435,-0.2900189483830746,1,-0.23934988525709244,-0.3259351492160353,-0.3047718106760966,-0.30182142161874137,9
224,Almond_Low,2017-07-09,Almond_Low,Croplands,36.946608,-120.10237,6.8,7.5,7.590919316202411,29.612223354166662,2.6314825416666667,1.3608110416666666,-0.1287481774525806,-0.99167731989929,-0.8620323986037371,0.41023244952630816,1.2850578743048395,-0.8620323986037373,1,-0.4466588893665005,-0.8725154552034987,-1.2669228512412123,0.2901331324642101,9
225,Almond_Low,2017-07-10,Almond_Low,Croplands,36.946608,-120.10237,3.2,8.6,7.791335100787102,30.36957327083333,2.6760218229166663,1.5041746666666669,-0.1457991969198744,-0.9893142039703664,-1.968943634298886,0.23605399099446264,0.712813125631704,-1.9689436342988857,1,-2.1734603580190193,-1.710636661571882,-2.022733883305757,1.9411204009998366,9
226,Almond_Low,2017-07-17,Almond_Low,Croplands,36.946608,-120.10237,7.8,8.1,10.2133581835766,30.10469543750001,2.7716624062500004,1.6640643125,-0.2636654927280072,-0.9646141756912436,-0.7856129317921953,0.48456454082160205,1.2948514205089645,-0.7856129317921954,1,-0.26191233107318074,-0.8768582649715009,-1.2180681993319038,1.0980070250554412,9
227,Almond_Low,2017-07-18,Almond_Low,Croplands,36.946608,-120.10237,7.6,8.3,11.691712331518849,27.51143591666667,2.5194480458333337,2.202469020833333,-0.2802306751992161,-0.9599326896597444,-0.4855553083010884,0.25461350818880096,0.9888457238379456,-0.4855553083010884,1,-0.19419077026920958,-0.6652679760115922,-0.5972071786224635,-0.3297485543559685,9
228,Almond_Low,2017-07-25,Almond_Low,Croplands,36.946608,-120.10237,6.1,9.2,8.595151589680901,26.11592489583333,1.7396994458333337,1.2296108125000005,-0.3935902766564664,-0.9192859697186104,-0.9589372557258088,0.2563738550144913,0.931441647698348,-0.9589372557258087,1,-0.7520050621352207,-1.2457387118406622,-0.8790679932015438,-0.8220375661226688,9
229,Almond_Low,2017-08-10,Almond_Low,Croplands,36.946608,-120.10237,6.2,5.4,7.3359649927211,26.61519658333333,1.56292925625,1.5777171562500003,-0.6287628145958345,-0.7775971469736268,0.24323359180375337,0.31832469266182406,0.9585987816902242,0.24323359180375337,1,0.036749331848767414,0.08312462960318825,0.6098268139593045,-0.251130978024069,9
230,Almond_Low,2017-08-11,Almond_Low,Croplands,36.946608,-120.10237,6.1,4.9,8.070376787349394,27.04435366666667,1.8254587958333333,1.5636206875,-0.6420547132365636,-0.7666588193001592,0.19902765440922876,0.3803523694591536,1.0662148324218002,0.19902765440922865,1,0.08895940906184632,-0.11415237389148757,0.6222759280573276,-0.0895297724431856,9
231,Almond_Low,2017-08-18,Almond_Low,Croplands,36.946608,-120.10237,5.5,5.8,6.263706780568126,27.881159541666676,1.9213243000000004,1.4439096666666666,-0.7295575540864876,-0.6839194216246105,-0.020984525121094555,0.1460629383612111,0.7040024009323759,-0.0209845251210945,1,-0.11913658565418099,-0.09068985586099441,0.14687286615189174,-0.23689126195622923,9
232,Almond_Low,2017-08-19,Almond_Low,Croplands,36.946608,-120.10237,5.5,6.6,6.344115425248955,28.07497247916667,1.88051374375,1.3935798124999996,-0.7412220108485957,-0.6712599575675315,-0.1683930589720731,0.12047339464886729,0.6838360588725495,-0.16839305897207302,1,-0.2830107089864909,-0.17935527136068125,-0.04281319656904714,-0.2513368719997594,9
233,Almond_Low,2017-08-26,Almond_Low,Croplands,36.946608,-120.10237,5.1,4.8,3.895438579419096,29.3215530625,2.3739153166666664,1.1428120000000002,-0.8165380514459157,-0.5772916165517278,-0.2560811953202059,0.09798477377346643,1.1128386324364063,0.2560811953202059,1,-0.14302376685079835,-0.316421640441395,-0.3087981786684244,0.08832049969343367,9
234,Almond_Low,2017-08-27,Almond_Low,Croplands,36.946608,-120.10237,5.1,5.2000003,5.178027492285416,30.65497191666668,2.4951047229166665,1.0529365416666665,-0.8263541987239095,-0.5631507242749187,-0.4055765966029434,0.15267084588851337,1.1535469271165035,-0.4055765966029434,1,-0.252781984389906,-0.40582443098893817,-0.5581233744299858,0.03521440208564106,9
235,Almond_Low,2017-09-03,Almond_Low,Croplands,36.946608,-120.10237,3.6,5.9,6.1421697749826105,32.99239939583333,2.8919269375,1.3148195416666666,-0.888057322629493,-0.4597327394521046,-1.018150401179478,0.20148463184594234,1.0759623544093488,-1.018150401179478,1,-1.0974820787375577,-0.7890751630244817,-1.1678939617763946,-0.13983519152321325,9
236,Almond_Low,2017-09-04,Almond_Low,Croplands,36.946608,-120.10237,4.2,6.1,6.269340220521988,32.22069910416668,2.4394114875,1.4005156458333337,-0.8958392907349089,-0.4443781781046134,-0.6242288398097379,0.2170209272488362,0.8819417991805499,-0.6242288398097378,1,-0.7887982615571815,-0.37828056569352553,-0.7056076921785064,-0.1547364785682251,9
237,Almond_Low,2017-09-11,Almond_Low,Croplands,36.946608,-120.10237,3.6,5.7000003,4.180215023493648,27.879058541666662,1.7841354666666662,1.0613834166666665,-0.9427611433904206,-0.333468778918187,-0.3200068940579915,0.1461615178067071,0.7051801728651557,-0.32000689405799143,1,-0.39414982053579395,-0.4142377884808655,-0.15163307315731506,-0.07801174409520077,9
238,Almond_Low,2017-09-12,Almond_Low,Croplands,36.946608,-120.10237,4.2,4.9,5.483142110693704,27.68804564583333,1.4636356458333335,1.2418301041666668,-0.9483615800121716,-0.3171912885891059,0.11047844127418667,0.1718767529129406,0.7693790894293088,0.1104784412741866,1,-0.0851919109335171,0.1795655193178032,0.2370617154382739,-0.020415634801069452,9
239,Almond_Low,2017-09-19,Almond_Low,Croplands,36.946608,-120.10237,4.3,8.0,4.6439555056161295,19.28244945833333,0.9155629520833336,2.1772581875,-0.97961369164549,-0.2008905551306352,-0.7479250409547689,0.36478238118728207,1.0879349608828301,-0.7479250409547689,1,-0.42533227108493954,-1.1437776328965479,-0.6746652188828188,-0.18661578058855466,9
240,Almond_Low,2017-09-20,Almond_Low,Croplands,36.946608,-120.10237,3.9,5.5,4.079612672275098,20.068773125,0.8682446770833332,1.6036482500000002,-0.9829265519799822,-0.1839983516576798,-0.6041580559924872,0.06345599052036387,0.4671916822154268,-0.6041580559924872,1,-0.654297834599133,-0.6253608874204755,-0.5328154459578531,-0.16069245753243408,9
241,Almond_Low,2017-09-27,Almond_Low,Croplands,36.946608,-120.10237,3.0,1.5,3.618802854554023,23.66965145833333,1.8429507604166664,0.9392876041666666,-0.9979171608653922,-0.0645084494493162,-0.21722599910117638,0.2630810771932806,1.4431186377275609,-0.21722599910117635,1,-0.02475254777651481,-0.5169992843260505,-0.1099261652009639,0.026559085404523473,9
242,Almond_Low,2017-09-28,Almond_Low,Croplands,36.946608,-120.10237,3.1,2.5,3.0612601676712776,24.457221354166673,2.02676139375,1.1257924166666669,-0.9988797155850336,-0.0473213883224323,-0.40980179143300566,0.12250778834214159,1.1603996132621301,-0.3323221267755607,1,-0.2723678028378448,-0.44950013158188606,-0.507537439879286,0.1615150584414376,9
243,Almond_Low,2017-10-05,Almond_Low,Croplands,36.946608,-120.10237,2.8,2.4,1.8364884310475167,18.116620375,1.1236648375,0.9935105833333336,-0.9973249731081556,0.0730951298980777,-0.551384390392874,0.24661167672978776,0.7626519928740517,0.551384390392874,1,-0.78937332671949,-0.5678087862739515,-0.29697105818518044,-0.0272111520438496,9
244,Almond_Low,2017-10-06,Almond_Low,Croplands,36.946608,-120.10237,2.8,3.8,2.02541893049512,19.27030712500001,1.2480663208333334,0.8785138124999997,-0.9959189961471792,0.0902516100310407,-0.7442347812627311,0.1342975497019071,0.5407101308104384,0.7442347812627311,1,-0.8992647810342225,-0.6698988117440524,-0.6635407510099183,0.025798765275754806,9
245,Almond_Low,2017-10-13,Almond_Low,Croplands,36.946608,-120.10237,2.5,3.8,2.2122690175847555,14.783904833333333,0.7777750770833333,0.8774116249999997,-0.9778483415056568,0.2093146459630488,-0.5129593272027239,0.1635760675596546,0.5103209233891491,0.0625026376277652,1,-0.6975597567154344,-0.38603049789029975,-0.4552877270024374,0.009709813992621807,9
246,Almond_Low,2017-10-14,Almond_Low,Croplands,36.946608,-120.10237,2.2,5.0,2.1931975926400424,14.962885291666666,0.7209449062500001,0.7875872291666668,-0.9741004551724206,0.226115685508288,-0.5459881288543422,0.15538066243653148,0.7591274612874048,-0.5323833141344267,1,-0.6608400949382385,-0.36918911839743324,-0.6079351732273551,-0.020415634801069452,9
247,Almond_Low,2017-10-21,Almond_Low,Croplands,36.946608,-120.10237,1.3,3.6000001000000004,2.067599814429585,13.6807085,0.5367215729166667,1.098776291666667,-0.9398560579418952,0.341570769167856,0.043476505453290216,0.17562263578365744,0.6053967196540386,0.04347650545329018,1,-0.14671359100792486,0.19951501605398694,0.07762809131380857,0.02277402321810951,9
248,Almond_Low,2017-10-22,Almond_Low,Croplands,36.946608,-120.10237,2.2,4.1,2.226063990147121,15.25950204166667,0.5943415291666665,0.93017825,-0.9338372288229252,0.3576982388331254,-0.16788035938111825,0.26774953832245313,0.6449671334923845,-0.16788035938111825,1,-0.4327367087252213,0.10267149512524923,-0.17357586454338272,-0.03886908184484539,9
249,Almond_Low,2017-10-29,Almond_Low,Croplands,36.946608,-120.10237,1.9,4.3,2.7208334870087385,18.820234291666672,0.7556581291666665,0.814917125,-0.8840675099433637,0.467359217158002,-0.04086936661774048,0.27525609331236384,0.6638752342170533,-0.04086936661774043,1,-0.23380204189033685,0.2743403229511454,-0.16314638091403,-0.03886908184484539,9
250,Almond_Low,2017-10-30,Almond_Low,Croplands,36.946608,-120.10237,1.7,3.1000001,2.539294051158965,16.814061499999998,0.5527710895833332,1.1273124791666664,-0.8758917051442433,0.4825077417612176,0.054416194170513736,0.1654951642283856,0.5283160068724835,0.05441619417051369,1,-0.09424882823335361,0.23273275567932636,0.024764655065568436,0.02277402321810951,9
251,Almond_Low,2017-11-06,Almond_Low,Croplands,36.946608,-120.10237,1.5,1.4,1.5411087102696577,10.371843479166666,0.3575934479166666,0.8926923749999999,-0.8115390590073611,0.5842981736283683,-0.1277266760558067,0.1873288162043114,0.5258992727311947,-0.1277266760558067,1,-0.08233008764932329,-0.3335818639357483,0.03273192341765138,0.02277402321810951,9
252,Almond_Low,2017-11-07,Almond_Low,Croplands,36.946608,-120.10237,1.0,2.2,1.569562687586974,11.798662812499998,0.45344546875,0.7350165208333334,-0.8013610881746769,0.5981809144059159,0.24751703568105154,0.056771237931260606,0.41877121873753287,0.24751703568105154,1,0.2349101314508266,0.3095320030380353,0.19810897255429274,0.0030706158477427034,9
253,Almond_Low,2017-11-14,Almond_Low,Croplands,36.946608,-120.10237,1.3,2.5,1.8681763495190185,15.553777437499996,0.5075800645833334,1.0682082083333333,-0.7236440382959123,0.690173388242972,0.2393557965742451,0.10810926498310232,0.46043733812081405,0.2393557965742451,1,0.19278243326042185,0.3629460402188329,0.16233891624348054,0.015159528783692732,9
254,Almond_Low,2017-11-15,Almond_Low,Croplands,36.946608,-120.10237,0.7,2.3,1.331905751655365,15.903647958333332,0.4487879895833333,1.170292916666667,-0.7116566222817751,0.7025274741691566,0.2061680209633551,0.060281960926936815,0.3300138331662705,0.20616802096335507,1,0.17045534318046016,0.27576765214837506,0.1722810675612301,0.0030706158477427034,9
255,Almond_Low,2017-11-22,Almond_Low,Croplands,36.946608,-120.10237,1.0,2.3,1.4796893204114276,14.953664895833334,0.4753299062499999,0.6757911874999999,-0.622046748440868,0.7829801036770625,0.36438849272517554,0.0869182457662926,0.48134082645707166,0.36438849272517554,1,0.38920868262611097,0.4361968641407654,0.2677599314086503,0.015159528783692732,9
256,Almond_Low,2017-11-23,Almond_Low,Croplands,36.946608,-120.10237,1.2,3.4,1.5752264372025058,16.307909479166668,0.4553959520833333,0.892436354166667,-0.6084768701151264,0.7935716089521472,0.5251902238910348,0.15899231335219693,0.6381218373855232,0.22526265051397687,1,0.48538638016152547,0.7003026358115545,0.3898816557000241,5.564266325658925e-05,9
257,Almond_Low,2017-11-30,Almond_Low,Croplands,36.946608,-120.10237,0.8,2.1000001,0.9937917696647148,9.114307395833332,0.3160376979166667,0.6972695624999999,-0.5086709438521042,0.8609610158889945,0.38954964060320246,0.1136152062289407,0.5065998862676413,-0.001966101273772891,1,0.36641520875815414,0.512951616926283,0.2892820961251704,0.015159528783692732,9
258,Almond_Low,2017-12-01,Almond_Low,Croplands,36.946608,-120.10237,0.9,3.0,0.8080188800224366,10.584584541666668,0.2780712791666666,0.7341823541666664,-0.4937755501599774,0.8695893893466109,0.5295214603436155,0.10492545690495444,0.6256646704053443,-0.5295214603436155,1,0.4734155850702526,0.6505714386674653,0.46457735729312866,-0.00755885177116019,9
259,Almond_Low,2017-12-08,Almond_Low,Croplands,36.946608,-120.10237,0.7,2.4,0.6634007016446466,9.051396291666668,0.5279562625000002,1.0221006727708333,-0.3856634062436074,0.9226395488404876,0.18529159933407344,0.13637255166039203,0.5860007175461676,-0.18529159933407344,1,0.13597486600784905,0.33946200291611006,0.08043792907826122,0.015159528783692732,9
260,Almond_Low,2017-12-16,Almond_Low,Croplands,36.946608,-120.10237,0.9,3.7,0.4811195938348646,9.791952770833335,0.3599987645833335,1.3167793263124998,-0.2553532951161881,0.9668478136052772,0.36449557611901895,0.13049647826826294,0.7837315397574122,-0.36449557611901895,1,0.2907602927553661,0.5151685859997163,0.2875578496019744,-0.00755885177116019,9
261,Almond_Low,2017-12-17,Almond_Low,Croplands,36.946608,-120.10237,0.3,0.90000004,0.3988589672763137,7.9965043125,0.5200715958333333,0.8047223829166669,-0.2386727660059499,0.9711000518829505,0.023480465237298964,0.11398004313778483,0.4424377397258244,0.023480465237298964,1,-0.045384507518710065,0.15504513927303562,-0.03921923604242866,0.015159528783692732,9
262,Almond_Low,2018-02-02,Almond_Low,Croplands,36.946608,-120.10237,1.4,2.7,0.7806496235318799,14.495703333333337,0.5652611645833332,0.9443113877083332,0.5380051715382996,0.8429415373547828,-0.013233891837485504,0.020750516488642158,0.6151512490642107,0.013233891837485467,1,0.009858923492185173,-0.030314316547623954,-0.019246282457017733,-0.01090406373120529,9
263,Almond_Low,2018-02-03,Almond_Low,Croplands,36.946608,-120.10237,1.1,2.9,0.8377620881238934,14.954859812500002,0.593984383333333,0.7655962364791667,0.5524353131676196,0.8335557718385699,0.029253712890239942,0.08424007429983298,0.6544808217232296,-0.029253712890239925,1,-0.06774017102155772,0.07138433873555175,0.0841169709567258,-0.00755885177116019,9
264,Almond_Low,2018-02-10,Almond_Low,Croplands,36.946608,-120.10237,1.9,0.8,1.4611421181605448,14.864937020833333,0.5524037770833331,1.5077054112291666,0.6486295610349814,0.7611042586607747,-0.2798688592908718,0.36358488503574693,0.6553726840962006,0.2798688592908718,1,0.06511264219729199,-0.6595667318953916,-0.2451524881745157,-0.01839780438051935,9
265,Almond_Low,2018-02-11,Almond_Low,Croplands,36.946608,-120.10237,1.3,1.9,1.356688508440253,11.431384354166664,0.5532085333333332,1.2722064306666665,0.6616346182422783,0.7498264012045686,-0.10635443693557849,0.12110897081372948,0.35595745067576284,-0.1063544369355785,1,0.03282066687464388,-0.1877784017737176,-0.16410557590766173,0.015159528783692732,9
266,Almond_Low,2018-02-18,Almond_Low,Croplands,36.946608,-120.10237,2.0,4.7000003,1.1119656247432717,11.448680062500005,0.5569229770833334,2.175270704395834,0.7469720876965552,0.6648553979642865,-0.476749691679099,0.16940132725910606,0.782252838937507,0.476749691679099,1,-0.6677062961865821,-0.41799319593560813,-0.3445495829151069,-0.020415634801069452,9
267,Almond_Low,2018-02-19,Almond_Low,Croplands,36.946608,-120.10237,1.9,0.90000004,1.1031209262099808,6.109546166666665,0.5774514312500001,1.9140440789583333,0.7583058084785625,0.6518989958787126,-0.6031108564210084,0.23623806182443807,0.8390639355288162,0.6031108564210084,1,-0.3882807649619639,-0.5649427791336749,-0.8561090251673864,-0.0272111520438496,9
268,Almond_Low,2018-03-06,Almond_Low,Croplands,36.946608,-120.10237,2.1,4.7000003,2.273323697170086,11.800806645833331,0.7902440187499998,0.7955580881458335,0.8996308696522433,0.436651231956064,-0.35880628228153527,0.28786825156161366,0.8098315299463682,-0.3588062822815352,1,-0.5509384543476048,-0.02783159359627499,-0.497648798900726,-0.03886908184484539,9
269,Almond_Low,2018-03-14,Almond_Low,Croplands,36.946608,-120.10237,2.2,6.2000003,2.7399138882775382,14.352737604166668,0.4227828416666665,1.0863698746041668,0.9510565162951536,0.3090169943749474,-0.36495026123984525,0.31030394309725734,1.1144342397940683,-0.3649502612398452,1,-0.7031034927855948,-0.2984788651104219,-0.09326842582351896,-0.00593596636659567,9
270,Almond_Low,2018-03-15,Almond_Low,Croplands,36.946608,-120.10237,2.2,7.7000003,3.630965085731949,11.2537038125,0.64452620625,1.3007676215625006,0.9562348265919056,0.2926003356333483,-0.8611457284244795,0.20272372710925726,1.6504533597667421,-0.8611457284244795,1,-1.0938261765413058,-0.7669813094514131,-0.7226296992807196,0.008845961063500843,9
271,Almond_Low,2018-03-23,Almond_Low,Croplands,36.946608,-120.10237,3.0,6.3,4.005115057651033,10.396783500000002,0.3886643958333333,1.5402597154375,0.9873494423939864,0.1585593851031347,-1.0743090109509148,0.1812376140445271,1.069736644916354,-1.0743090109509148,1,-1.2414438270956618,-1.09981285330114,-0.8816703524559429,-0.18783677870819585,9
272,Almond_Low,2018-03-31,Almond_Low,Croplands,36.946608,-120.10237,3.7,5.2000003,4.683757711928956,19.99607,0.8591308083333336,0.8951145815000001,0.9997685019798908,0.0215160974362222,-0.489786184583149,0.17843945334829964,0.642250798711376,-0.48978618458314904,1,-0.6954786175404222,-0.3765185584432301,-0.3973613777657947,-0.14594834910006532,9
273,Almond_Low,2018-04-08,Almond_Low,Croplands,36.946608,-120.10237,4.4,4.2000003,5.756787212236165,14.886712458333337,0.4759165916666666,2.3699532733125004,0.9932568492674144,-0.1159345995955004,-1.5287392416586087,0.17489023909666895,0.599417880953313,-1.5287392416586085,1,-1.7286079319048935,-1.4037853896315309,-1.4538244034394023,0.10713627708365324,9
274,Almond_Low,2018-04-16,Almond_Low,Croplands,36.946608,-120.10237,2.2,7.2000003,3.5143408892847976,10.4652914375,0.2781747208333333,1.3313519524999995,0.9679377830240642,-0.2511900638848193,-0.7956071773361244,0.32689260281092425,1.3144332153647036,-0.7956071773361244,1,-1.0850139365370568,-0.4410429639216499,-0.8607646315496664,-0.1049621148373921,9
275,Almond_Low,2018-04-24,Almond_Low,Croplands,36.946608,-120.10237,5.4,4.3,6.307370503698946,21.99682610416666,1.2572545395833332,1.2614090542083336,0.9242907221930934,-0.3816892202666588,-1.20483155465125,0.11449341413552377,0.7060918502326409,-1.2048315546512498,1,-1.175376766305183,-1.3311745994429347,-1.1079432982056319,-0.33611520962136626,9
276,Almond_Low,2018-05-02,Almond_Low,Croplands,36.946608,-120.10237,5.0,6.5,5.536614000794632,16.752981250000005,0.7415449166666668,1.229140554729167,0.8631421280499114,-0.5049610547215204,-1.3216902623293205,0.31389223649090225,0.6780781606621886,-1.3216902623293205,1,-1.4433102290721205,-0.9651865625952447,-1.5565739953205968,-0.5040671127977833,9
277,Almond_Low,2018-05-09,Almond_Low,Croplands,36.946608,-120.10237,6.3,8.5,8.283606617240403,21.579087125,1.2099914937499998,2.4150240029375003,0.7961828637826158,-0.6050560696488488,-1.4400007052747357,0.17834834368513616,0.9015374906042334,-1.440000705274736,1,-1.631855371178029,-1.2792507522465817,-1.408895992399596,-0.9066807947859585,9
278,Almond_Low,2018-05-10,Almond_Low,Croplands,36.946608,-120.10237,6.2,10.0,7.242231683239098,19.61483139583333,1.013197089583333,1.7029110183750007,0.7856498550787145,-0.6186714032625031,-1.7778490556765518,0.4622214085053308,1.54244046596517,-1.777849055676552,1,-2.117520089048953,-1.2514797786022982,-1.9645472993784048,0.6394580299729229,9
279,Almond_Low,2018-05-17,Almond_Low,Croplands,36.946608,-120.10237,6.7,7.3,7.286541245802896,18.260481187499995,0.81100853125,1.869601451093749,0.705583610107178,-0.7086266782644596,-2.108148711753889,0.5930839829537511,0.8604387501885646,-2.108148711753889,1,-2.473165003115136,-1.4238229287617157,-2.4274582033848153,-7.521718230496184,9
280,Almond_Low,2018-05-18,Almond_Low,Croplands,36.946608,-120.10237,6.1,8.6,7.019021209157663,19.838794416666673,0.8572938041666666,1.6638746438333334,0.6932812268869777,-0.7206671495538609,-1.7793614842143928,0.4349661708165883,1.0826097533218177,-1.7793614842143928,1,-2.1170935521451044,-1.2885508005446515,-1.9324400999534217,0.4399924318737022,9
281,Almond_Low,2018-05-26,Almond_Low,Croplands,36.946608,-120.10237,2.4,8.1,6.876217723642862,17.603385562499994,0.6173062770833332,1.8577479055625,0.5877852522924732,-0.8090169943749473,-0.8505079687505191,0.2116154970225031,1.0234290062457225,-0.8505079687505193,1,-0.7962830535286861,-0.6712812335090601,-1.083959619213811,-0.25743106961246653,9
282,Almond_Low,2018-06-02,Almond_Low,Croplands,36.946608,-120.10237,6.8,7.5,7.485040407867872,24.40880683333333,1.6095211062499997,0.9497848740624998,0.48627270710869,-0.8738071036110808,-1.0120100403664092,0.1497154473763482,1.0040227758234948,-1.0120100403664092,1,-0.9157353765824251,-0.9357966303303341,-1.184498114186468,-0.6660936868621932,9
283,Almond_Low,2018-06-03,Almond_Low,Croplands,36.946608,-120.10237,7.1,6.5,8.136226671688688,28.1970253125,2.193809314583333,1.138185526666667,0.4711595076738638,-0.8820480249558537,-0.8324627202348857,0.2048984048610001,1.4153216168306804,-0.8324627202348855,1,-0.599505440173935,-0.9131428188909537,-0.9847399016397684,-0.46123039945579813,9
284,Almond_Low,2018-06-10,Almond_Low,Croplands,36.946608,-120.10237,7.0,11.1,9.300630508837084,18.400096541666667,1.1586704916666666,2.0674881766875,0.3617137307297676,-0.9322892131745132,-1.8575076393360972,0.21642613642859093,1.6702756628469122,-1.857507639336097,1,-2.0404626934572314,-1.6185992516728167,-1.9134609728782432,2.030525484926333,9
285,Almond_Low,2018-06-11,Almond_Low,Croplands,36.946608,-120.10237,7.0,8.7,8.9775354393792,21.446327041666667,1.3318636708333338,1.5562945511249997,0.3456123126707335,-0.938377391740864,-1.2983405522075604,0.2381816509661167,1.0479846784811557,-1.2983405522075602,1,-1.4392464592599032,-1.0233401888340325,-1.4324350085287456,-0.8095809606025262,9
286,Almond_Low,2018-06-18,Almond_Low,Croplands,36.946608,-120.10237,7.1,8.7,8.418778566859627,21.3154121875,1.0246693354166665,1.504884688479167,0.2303056702306122,-0.973118337233262,-1.4756578567638183,0.18886197289994497,1.0763633240358808,-1.475657856763818,1,-1.663857974259019,-1.2861409146110572,-1.4769746814213793,-0.7026817205573231,9
287,Almond_Low,2018-06-19,Almond_Low,Croplands,36.946608,-120.10237,6.7,7.9,9.602015256533086,24.594709458333337,1.4674652770833332,1.490875696791666,0.2135209154397961,-0.9769384927771816,-0.8147887470372016,0.10952851047698432,0.7993255592677644,-0.8147887470372015,1,-0.7084190257836924,-0.808723237136466,-0.9272239781914469,-0.7457635058318186,9
288,Almond_Low,2018-06-26,Almond_Low,Croplands,36.946608,-120.10237,7.4,8.3,9.093905069750186,25.672067625,1.7701541020833331,1.2912053796250005,0.0945367498171991,-0.9955213724144752,-0.6927471219176401,0.198834103065366,0.8583859500668407,-0.6927471219176402,1,-0.478091040321325,-0.7295267714010719,-0.8706235540305234,-0.4887070340051155,9
289,Almond_Low,2018-06-27,Almond_Low,Croplands,36.946608,-120.10237,7.8,8.900001,9.307820496207697,24.450912895833333,1.7334999562500002,1.4728572773124995,0.077386479233463,-0.9970011699250152,-0.8598316037048076,0.10163805339845139,0.8896725885159988,-0.8598316037048077,1,-0.7451023358381211,-0.8957908593488743,-0.9386016159274274,-0.8408324883908459,9
290,Almond_Low,2018-07-04,Almond_Low,Croplands,36.946608,-120.10237,6.8,8.3,7.967021155004206,23.3367460625,1.2802386875000002,1.2524641354375,-0.0430222330045303,-0.99907411510223,-0.7678277774187953,0.14063239980682277,0.7790459801775579,-0.7678277774187952,1,-0.7481994776241371,-0.9172432140609261,-0.638040640571323,-0.5737349901080288,9
291,Almond_Low,2018-07-05,Almond_Low,Croplands,36.946608,-120.10237,6.6,5.9,8.172654946618257,24.54693947916667,1.4360461958333337,1.2896811176666667,-0.0602132773657927,-0.9981855344718586,-0.14721307500855027,0.10102350031613268,0.8111020757964992,-0.1472130750085503,1,-0.18948428610524332,-0.22023481729051264,-0.03192012162989488,-0.23689126195622923,9
292,Almond_Low,2018-07-13,Almond_Low,Croplands,36.946608,-120.10237,7.3,6.9,9.539194954825785,29.16154904166668,2.2456430020833333,1.5687855749374997,-0.1966728897935762,-0.980469160361632,-0.2480913303994106,0.23656068503435268,1.180145338815527,-0.24809133039941056,1,0.0019604180294161,-0.4683356378853669,-0.27789877134228097,-0.08359403324174854,9
293,Almond_Low,2018-07-20,Almond_Low,Croplands,36.946608,-120.10237,7.0,9.5,10.02378503263257,29.50195225,2.38608374375,1.5117613988125005,-0.3131070409358267,-0.9497178427914316,-1.1498034773194277,0.4915341014005333,0.9686442024000655,-1.149803477319428,1,-0.6871349961746825,-1.096428778348201,-1.6658466574353992,0.4694650554324718,9
294,Almond_Low,2018-07-21,Almond_Low,Croplands,36.946608,-120.10237,6.7,8.0,10.046310366437744,29.02435450000001,1.8669632416666664,1.43990376475,-0.3294084822245302,-0.9441875088341994,-0.2983976154054147,0.1498166772328577,0.829840898016555,-0.29839761540541465,1,-0.1300195746744185,-0.3482113055646808,-0.41696196597714485,-0.25906624350971624,9
295,Almond_Low,2018-07-28,Almond_Low,Croplands,36.946608,-120.10237,6.4,5.9,6.830733397744251,27.567976833333336,1.8132193166666668,1.2602901918333331,-0.4405187843504952,-0.8977433935342336,0.09039010277114641,0.2544358895100945,0.9744784228369516,0.0903901027711464,1,0.09150608323552037,-0.16460194141509638,0.3442661664930152,-0.251130978024069,9
296,Almond_Low,2018-07-29,Almond_Low,Croplands,36.946608,-120.10237,3.5,5.6,7.974541644961428,28.50539602083333,1.9762070291666671,1.2738357006458332,-0.455906693508459,-0.8900275764346766,-0.5448666846314433,0.16508516511958424,0.7933889540068718,-0.5448666846314429,1,-0.6015984453112158,-0.35889610182303877,-0.6741055067600752,-0.14594834910006532,9
297,Almond_Low,2018-08-05,Almond_Low,Croplands,36.946608,-120.10237,7.1,8.6,9.667222344038796,25.82193,2.1347301500000007,1.7270902337708336,-0.5595892624101763,-0.828770087174504,-0.49813201721962636,0.3260725687317209,0.8801521483457467,-0.4981320172196262,1,-0.2089306926877553,-0.8515274722751844,-0.43393788669593947,-0.5029467500729555,9
298,Almond_Low,2018-08-06,Almond_Low,Croplands,36.946608,-120.10237,6.4,8.2,7.529686224936016,25.256254791666667,1.728516285416667,1.555474503729167,-0.5737722679043243,-0.8190148866680802,-0.29366765318702415,0.2720716378363981,0.7833105852726491,-0.29366765318702415,1,-0.24405446976844267,-0.5871317873891432,-0.049816702403486623,-0.2857189757584276,9
299,Almond_Low,2018-08-13,Almond_Low,Croplands,36.946608,-120.10237,5.7,3.9,5.924483566923707,27.244804875,2.304223904166667,1.2937403850416664,-0.6680638642135333,-0.7441039398713608,-0.15084084249866958,0.3294643083420392,1.4062170080728043,-0.15084084249866958,1,-0.05270804248835187,-0.5182218598918766,0.11840737488421985,-0.06575918573870543,9
300,Almond_Low,2018-08-14,Almond_Low,Croplands,36.946608,-120.10237,6.1,3.6000001000000004,5.862594195025397,26.13754514583333,2.046774789583333,1.5225250753750004,-0.6807734094770159,-0.7324940716135792,0.0873954137172468,0.5750710514492189,1.5028354892570053,-0.0873954137172468,1,0.06224371114722213,-0.47468711882963266,0.6746296488341509,-6.82242809293659,9
301,Almond_Low,2018-08-21,Almond_Low,Croplands,36.946608,-120.10237,5.7,4.9,4.091438042492976,24.009733812500013,1.5489004729166669,1.3379749497291666,-0.7638886127905429,-0.64534811322955,0.30144998590398137,0.45132564904859906,0.8628206466004238,-0.3014499859039814,1,-0.018223127241433185,0.10484346562138133,0.8177296193319958,1.0352554643480023,9
302,Almond_Low,2018-08-22,Almond_Low,Croplands,36.946608,-120.10237,5.0,4.3,4.665743194059194,23.28257389583333,1.265669425,1.300098933,-0.7748840413670406,-0.6321034111873488,0.43319097292885544,0.3720511536705074,0.8262637080544492,-0.43319097292885544,1,0.24000476484614594,0.19747190791448097,0.8620962460259394,-0.05936158214142894,9
303,Almond_Low,2018-08-29,Almond_Low,Croplands,36.946608,-120.10237,4.2,4.6,3.375245426910314,22.873276500000003,1.2185949854166669,1.4638211745833336,-0.8452490573530634,-0.5343725582809785,0.2710934821169037,0.31143727588703707,0.6321599695757882,-0.27109348211690376,1,0.0010589992452574581,0.20043085006696162,0.611790597038492,-0.03886908184484539,9
304,Almond_Low,2018-08-30,Almond_Low,Croplands,36.946608,-120.10237,5.2,7.6,3.9099869402574967,22.11252727083334,1.127781429166667,1.6272889047083332,-0.8543221697498269,-0.5197438121555157,-0.3094638117155913,0.19491465154265514,0.7729200562759345,0.30946381171559123,1,-0.3646174381214852,-0.4708586352910349,-0.09291536173425369,-0.13787801900863791,9
305,Almond_Low,2018-09-06,Almond_Low,Croplands,36.946608,-120.10237,4.9,2.3,6.6238382750873335,24.85841797916667,1.6179198666666663,1.4031962006458334,-0.9106046300942162,-0.4132786077829044,0.20459980700646288,0.48875899580728377,1.4655126884444045,0.20459980700646296,1,0.17642786398768515,-0.2694639036539255,0.706835460685629,1.281232984936586,9
306,Almond_Low,2018-09-07,Almond_Low,Croplands,36.946608,-120.10237,4.9,2.1000001,5.8312675103772085,25.93201729166667,1.9021404270833333,1.1133203773333331,-0.9175836260593934,-0.3975428142825566,0.20682495167600135,0.5185469860074513,1.652296319277406,0.20682495167600135,1,0.16922455497767983,-0.29189840917142995,0.7431487092217541,1.5025838334557513,9
307,Almond_Low,2018-09-14,Almond_Low,Croplands,36.946608,-120.10237,3.2,5.9,3.631885311820864,20.38831560416666,1.3365914395833336,1.2270161267708328,-0.9587178169872964,-0.2843591872810036,-0.9707670049548397,0.11607906351696824,0.6770429444904578,-0.9707670049548396,1,-1.1047164491589503,-0.8996079328394901,-0.9079766328660788,-0.2069971968776677,9
308,Almond_Low,2018-09-15,Almond_Low,Croplands,36.946608,-120.10237,4.3,4.5,4.199197902738797,20.868025645833328,1.38883906875,1.6006943453125002,-0.9634705485641486,-0.2678143051621748,-0.261726645179142,0.2606595370426943,0.7123911947277981,-0.06012245065673705,1,-0.5007330408922384,-0.3006543513706609,0.016207456725473163,-0.03886908184484539,9
309,Almond_Low,2018-09-22,Almond_Low,Croplands,36.946608,-120.10237,3.7,3.8,2.5093995297564664,24.29899831250001,1.9068424104166664,0.8778207191874999,-0.9886775902323404,-0.1500553983446526,-0.42997693717242597,0.13645784382614068,0.9257990461223791,0.429976937172426,1,-0.3271531380191573,-0.5847870615280457,-0.3779906119700748,-0.0130085665622311,9
310,Almond_Low,2018-09-23,Almond_Low,Croplands,36.946608,-120.10237,3.9,3.6000001000000004,3.216053030886384,24.04666633333333,1.907887975,1.1042162107916669,-0.9911140639934546,-0.1330147065341963,-0.3300946378657163,0.13986254520920915,0.9560424025612893,0.3300946378657163,1,-0.30647492763775785,-0.4802631339059439,-0.20354585205344716,-0.00755885177116019,9
311,Almond_Low,2018-09-30,Almond_Low,Croplands,36.946608,-120.10237,2.9,5.4,1.4493558116692111,19.804676125,0.8268551833333335,0.8848050171874998,-0.999916658654738,-0.0129102960750088,-0.6160240686252885,0.08688773503361455,0.6133176863997488,0.6160240686252885,1,-0.6949766065656509,-0.5229348248835715,-0.6301607744266432,-0.12322996854521251,9
312,Almond_Low,2018-10-01,Almond_Low,Croplands,36.946608,-120.10237,3.0,5.5,1.8774148533101016,22.60156639583334,1.3352563229166667,0.9000338898124998,-0.99999073973619,0.0043035382962438,-0.620757213157152,0.07202765291027786,0.795517769417969,0.620757213157152,1,-0.6968820154636969,-0.6117076305347562,-0.5536819934730033,-0.18341083808728698,9
313,Almond_Low,2018-10-08,Almond_Low,Croplands,36.946608,-120.10237,2.5,1.0,3.5163160113235943,18.50154325,0.9680199854166665,0.9278372055625,-0.9922222094179324,0.1244792638867886,-0.3738940616986077,0.34904740270587525,1.0762167289499849,-0.3738940616986077,1,-0.2728307989248567,-0.762321759981593,-0.08652962618937354,0.06732867231493574,9
314,Almond_Low,2018-10-09,Almond_Low,Croplands,36.946608,-120.10237,2.7,1.0,3.665742693213072,19.8475195,1.053044470833333,0.8685650217499999,-0.989932495087353,0.141540295217043,-0.292169696160662,0.3799148837442089,1.1750672381561043,-0.2921696961606619,1,-0.26650406125550685,-0.6842666369877848,0.07426160976130555,0.3487843474263963,9
315,Almond_Low,2018-10-16,Almond_Low,Croplands,36.946608,-120.10237,2.5,2.4,3.3149218445078703,17.569568354166673,1.1075579833333336,0.7159378492708331,-0.965739937654855,0.2595117970697994,-0.512386479594338,0.192310953775736,0.7412281024480565,-0.512386479594338,1,-0.6544785230497385,-0.5891270991172417,-0.29355381661603386,-0.004158088312679588,9
316,Almond_Low,2018-10-17,Almond_Low,Croplands,36.946608,-120.10237,2.3,2.8,3.75534862433468,18.405193666666666,1.2733980979166668,0.8043582784791666,-0.9611297838723007,0.2760969730974688,-0.6518977678270453,0.12008440080304769,0.6612762695628089,-0.6518977678270454,1,-0.7903965165189695,-0.5768315408694532,-0.5884652460927132,-0.00755885177116019,9
317,Almond_Low,2018-10-24,Almond_Low,Croplands,36.946608,-120.10237,2.2,1.4,2.746650930887996,16.03943929166667,0.7036547854166666,0.7958468458749998,-0.9209712877166346,0.3896304495307877,-0.36563700046717185,0.30536412596283263,0.6094312388107769,-0.36563700046717185,1,-0.23373711495256513,-0.714781336841245,-0.14839254960770548,0.0043205761743335645,9
318,Almond_Low,2018-10-25,Almond_Low,Croplands,36.946608,-120.10237,2.2,1.4,3.448882252785868,17.57604029166667,0.7796857833333334,0.6406307894583334,-0.9141279881853336,0.4054257283599973,-0.29972098724237367,0.3546489792442418,0.6797504394731885,-0.2997209872423736,1,-0.17428732153836488,-0.7000406860626988,-0.024834954126057407,-0.01839780438051935,9
319,Almond_Low,2018-11-02,Almond_Low,Croplands,36.946608,-120.10237,1.8,2.7,2.6116774873428543,17.861253416666667,0.92236316875,0.8114274574583331,-0.8498170915275277,0.5270777086423724,-0.22400144672981506,0.060484874639993316,0.5356718823440471,-0.22400144672981503,1,-0.26145006390478254,-0.25633221491220565,-0.1542220613724571,0.0030706158477427034,9
320,Almond_Low,2018-11-09,Almond_Low,Croplands,36.946608,-120.10237,1.1,1.5,1.9111486899885235,12.8218785,0.6929198874999999,0.5777249209583332,-0.780295851070776,0.6254105729852457,-0.1646697898339314,0.15941952678741436,0.4908134728168084,-0.16466978983393143,1,-0.07928435440514442,-0.3485948731151469,-0.06613014198150283,0.02277402321810951,9
321,Almond_Low,2018-11-10,Almond_Low,Croplands,36.946608,-120.10237,1.3,2.7,1.2063313028558684,10.393304895833332,0.4091254708333333,0.7047781562916667,-0.7694148268839381,0.6387494220515268,0.2988824819058738,0.1933892151297252,0.5843342207083196,-0.2988824819058738,1,0.14701261519084893,0.5165955737239247,0.23303925680284773,0.01856029224217332,9
322,Almond_Low,2018-11-17,Almond_Low,Croplands,36.946608,-120.10237,1.1,0.6,1.3559749031084505,10.7491550625,0.5371811416666665,0.7360776506666667,-0.6870527672236675,0.726607524768565,-0.3088508491652288,0.3320599825690499,0.5576408486868638,-0.30885084916522887,1,-0.15939230880568522,-0.6893748880362811,-0.07778535065372014,0.0043205761743335645,9
323,Almond_Low,2018-11-18,Almond_Low,Croplands,36.946608,-120.10237,1.0,0.8,1.3256514148412646,10.418796520833334,0.4872921583333334,0.677556874375,-0.6744436188329457,0.7383263540031063,-0.17867634571565028,0.2776329635367689,0.48497988062289077,-0.17867634571565028,1,-0.03957833191707244,-0.4983630534122737,0.001912348182395357,0.0043205761743335645,9
324,Almond_Low,2018-12-03,Almond_Low,Croplands,36.946608,-120.10237,0.6,0.5,0.7392664811000149,9.506730895833334,0.2982501916666666,0.6871051462291665,-0.4635502709028512,0.8860706215341377,0.008147475705713383,0.2219087889255495,0.43681948821565897,0.008147475705713392,1,0.09390172501984026,-0.24384245856814998,0.17438316066544987,0.013985893749949798,9
325,Almond_Low,2018-12-12,Almond_Low,Croplands,36.946608,-120.10237,0.5,1.4,0.6125128371892367,9.415422291666667,0.2610768541666666,0.8042072487916668,-0.3212696616923651,0.946987753076075,0.2623021581005789,0.02877399258047853,0.3629392653931416,-0.03727648372210557,1,0.2512080195722264,0.29497177733257207,0.24072667739693818,-0.01090406373120529,9
354,Almond_Med,2016-10-02,Almond_High,Croplands,36.177669,-120.202644999999,3.3,4.9,2.3532111982088386,15.122431250000004,0.9458245916666664,1.3263985466875,-0.9992500112396836,0.0387222808921739,-0.9018609288361233,0.1977868887965103,0.6485975523815457,0.9018609288361233,0,-0.6763028837674189,-1.0456613892544826,-0.983618513486469,-0.024629365777005637,9
355,Almond_Med,2016-10-03,Almond_High,Croplands,36.177669,-120.202644999999,2.5,6.5,2.3492144255406635,14.005154166666664,0.7232853395833333,0.9510833790208334,-0.9984354211555644,0.055916990100603,-0.9464173935919312,0.23887409217272526,1.210597330264633,-0.6448462446732582,0,-0.7797852676137539,-0.8393755493238264,-1.2200913638382134,-0.16432036042085066,9
356,Almond_Med,2016-10-10,Almond_High,Croplands,36.177669,-120.202644999999,3.0,6.2000003,4.2132652474452055,21.908416666666657,1.81723599375,1.3170379095624998,-0.9844738167520924,0.1755314904214277,-0.11473477890379309,0.028513461321111076,0.8758954497388782,-0.11473477890379313,0,-0.14699217305454287,-0.10431684959316559,-0.09289531406367083,-0.12944891266137032,9
357,Almond_Med,2016-10-11,Almond_High,Croplands,36.177669,-120.202644999999,3.0,6.6,2.9883490675003483,19.065583333333333,1.0194391645833334,1.132056909125,-0.9813064702716092,0.1924515819708299,-0.7451556246338532,0.06416392782954956,1.0560286419099671,-0.7218537596345499,0,-0.8116698061986366,-0.7401634833930922,-0.683633584309831,-0.1491233345231601,9
358,Almond_Med,2016-10-19,Almond_High,Croplands,36.177669,-120.202644999999,2.7,4.1,3.651498225521556,16.991250000000004,1.1562458208333333,1.5749524247916664,-0.9455963874271428,0.3253420847119795,-0.38550529694504293,0.1070536588556324,0.6874197476761658,-0.385505296945043,0,-0.39276905823789143,-0.2750047389263946,-0.48874209367084265,-0.020415634801069452,9
359,Almond_Med,2016-10-26,Almond_High,Croplands,36.177669,-120.202644999999,2.6,3.7,3.534907779876439,19.050916666666662,1.3194555499999998,1.0050537502708334,-0.8996308696522434,0.4366512319560638,0.015206367848050887,0.2257577844897392,0.7199550855407009,0.01520636784805085,0,-0.24214971334521468,0.17983524796686312,0.10793356892250422,-0.008732486804903107,9
360,Almond_Med,2016-11-03,Almond_High,Croplands,36.177669,-120.202644999999,1.9,2.9,2.4481100630396333,14.570222916666664,0.4373688624999999,0.8709489956875002,-0.8311706263658079,0.5560174366570446,0.29846338357928265,0.06791565264064278,0.649329519817883,0.29846338357928265,0,0.22464397165164637,0.3124480663021547,0.3582981127840468,-0.01964776470711022,9
361,Almond_Med,2016-11-11,Almond_High,Croplands,36.177669,-120.202644999999,2.5,2.2,2.6905669674958275,19.226270833333334,1.0879152416666669,1.0557899444791667,-0.7469720876965551,0.6648553979642867,0.2073853783301187,0.23525570042712768,0.9982136323601412,0.17374855666153624,0,-0.0634226429033132,0.3612963149526108,0.32428246294105845,0.08968225960397272,9
362,Almond_Med,2016-11-12,Almond_High,Croplands,36.177669,-120.202644999999,1.9,2.0,2.392748160618085,18.662979166666663,0.8338173562499999,1.0511995894583337,-0.7354170229639858,0.6776147890466887,0.4154503409459931,0.1310456722216792,0.8353324158215962,0.4154503409459931,0,0.28788606574853653,0.4087449975424722,0.5497199595469707,-0.00755885177116019,9
363,Almond_Med,2016-11-19,Almond_High,Croplands,36.177669,-120.202644999999,1.4,2.2,1.7572095551253502,16.453195833333346,0.9877371000000004,2.0165562272499997,-0.6486295610349818,0.7611042586607742,0.08591585438434046,0.06830409055045263,0.7891083603857179,0.08591585438434046,0,0.10995401872542518,0.13895116312830658,0.00884238129928961,-0.01964776470711022,9
364,Almond_Med,2016-11-27,Almond_High,Croplands,36.177669,-120.202644999999,0.6,3.3,1.720218085994034,10.36811875,0.3220909645833333,1.2341645265208334,-0.5380051715382992,0.8429415373547832,-0.07051454394810572,0.12592293162796858,0.523299190899163,-0.07051454394810563,0,-0.21571338793846767,0.008759942666908212,-0.004590186572757707,0.015159528783692732,9
365,Almond_Med,2016-12-13,Almond_High,Croplands,36.177669,-120.202644999999,0.8,0.7,0.513280783242487,12.291474999999998,0.3540800750000001,0.7532514645416667,-0.2884824328806098,0.9574851883550388,0.654826930236922,0.09460893980945184,0.8063506410976367,-0.654826930236922,0,0.6655838658415316,0.5552992842960524,0.7435976405731818,-0.00755885177116019,9
366,Almond_Med,2016-12-14,Almond_High,Croplands,36.177669,-120.202644999999,1.0,1.2,0.3816200772453002,13.61941875,0.4492581208333333,1.4104061043958334,-0.2719581575341052,0.9623090774541488,0.4461591415729915,0.07227892088624195,0.7364532780742803,-0.4461591415729915,0,0.4032895626124495,0.40557867644369877,0.5296091856628262,-0.01964776470711022,9
367,Almond_Med,2016-12-22,Almond_High,Croplands,36.177669,-120.202644999999,1.0,1.3000001,0.6821626780905424,7.227746458333333,0.2832353479166666,1.2260750009375,-0.1372787721132651,0.9905324521322229,0.42416556804631206,0.12751290766452256,0.401039609207077,-0.424165568046312,0,0.3503767809943841,0.35071526165372546,0.5714046614908266,0.015159528783692732,9
368,Almond_Med,2016-12-29,Almond_High,Croplands,36.177669,-120.202644999999,1.1,1.9,0.5195928772140239,7.115345833333336,0.27348161875,1.183611057375,-0.0172133561558352,0.9998518392091162,0.2885736889221236,0.07320990457470658,0.4550726794542966,-0.28857368892212354,0,0.25079494177434325,0.24197058334156663,0.372955541650461,0.0030706158477427034,9
369,Almond_Med,2017-01-06,Almond_High,Croplands,36.177669,-120.202644999999,1.2,0.6,0.946645098428704,5.735699083333333,0.2044691916666666,1.0480855302291665,0.1031016974474348,0.9946708199115212,0.3839669327702174,0.2403295528428833,0.6517067816917864,-0.3839669327702173,0,0.37009206376025483,0.15087538990553295,0.6309333446448645,-0.01839780438051935,9
370,Almond_Med,2017-03-28,Almond_High,Croplands,36.177669,-120.202644999999,3.6,1.7,4.637513346298092,14.32876458333334,0.7424956541666666,2.1067460001041667,0.9973249731081556,0.0730951298980777,-0.7913699793916313,0.2624169672254308,1.2368645315837719,-0.7913699793916313,0,-0.49231101244453224,-0.8986446950372395,-0.9831542306931224,0.12258207394844843,9
371,Almond_Med,2017-04-04,Almond_High,Croplands,36.177669,-120.202644999999,4.7,1.0,4.453280790644629,16.390275,1.1667973854166669,1.3158464532916667,0.9988797155850336,-0.0473213883224318,-1.1020491415124576,0.12121851904651128,1.78231726382947,-0.6086107228017157,0,-0.986916336453361,-1.2285521617371573,-1.0906789263468548,2.795750899003149,9
372,Almond_Med,2017-04-12,Almond_High,Croplands,36.177669,-120.202644999999,4.5,5.2000003,4.182885111995423,17.711916666666664,0.7842788416666671,2.0649347896875,0.9829265519799822,-0.18399835165768,-1.343423474769785,0.07428099278510786,0.5443866928202283,-0.7091936987606318,0,-1.3449007496474854,-1.2684148626888025,-1.416954811973068,-0.28240646320836343,9
373,Almond_Med,2017-04-13,Almond_High,Croplands,36.177669,-120.202644999999,3.8,3.3,4.589310490175087,15.081277083333331,0.6258669416666666,1.7008265571249994,0.97961369164549,-0.200890555130635,-0.8380101432598098,0.1386274086849639,0.8210910048843628,-0.8380101432598099,0,-0.683482864493248,-0.8790999174022985,-0.9514476478838828,-0.00755885177116019,9
374,Almond_Med,2017-04-20,Almond_High,Croplands,36.177669,-120.202644999999,5.1,4.5,5.6528909802469895,15.670954166666665,0.7513237729166667,2.5033779323541667,0.9483615800121716,-0.3171912885891061,-1.8777102140311153,0.23827731978459052,0.7701172280309824,-1.877710214031115,0,-1.7683563590669802,-2.1510361340265036,-1.7137381489998622,2.160838643376497,9
375,Almond_Med,2017-04-21,Almond_High,Croplands,36.177669,-120.202644999999,5.2,1.4,6.238023154551418,18.179791666666667,1.233858625,2.067786999041666,0.9427611433904208,-0.3334687789181868,-1.583764320650772,0.12242745002963888,1.6923748001337984,-1.583764320650772,0,-1.4512085704045696,-1.6925887623599039,-1.6074956291878424,4.730101419975844,9
376,Almond_Med,2017-04-28,Almond_High,Croplands,36.177669,-120.202644999999,5.7,4.4,6.373834735729795,17.976395833333328,1.386261770833334,3.3313820619375,0.895839290734909,-0.4443781781046132,-2.2154948646689565,0.22732145768536366,1.2069595543998126,-2.2154948646689565,0,-2.017368987734658,-2.4636706724363777,-2.1654449338358344,-13.89752595552859,9
377,Almond_Med,2017-04-29,Almond_High,Croplands,36.177669,-120.202644999999,5.6,0.6,5.44885183666927,17.902283333333337,1.4275795145833332,1.8006147204583336,0.8880573226294932,-0.4597327394521039,-1.523153586544465,0.14013368924314434,2.172626875790977,-1.220857259883006,0,-1.3702728082277917,-1.645507498513193,-1.5536804528924095,-12.312275777547821,9
378,Almond_Med,2017-05-14,Almond_High,Croplands,36.177669,-120.202644999999,5.4,7.8,4.826054985980734,14.592677083333331,0.7803527458333334,1.0753168092916665,0.741222010848596,-0.6712599575675313,-1.3323199666951469,0.24050688567020673,1.093342576104255,-0.18442993865661328,0,-1.1398939172128297,-1.6019478802586136,-1.255118102613997,-0.5759137689542058,9
379,Almond_Med,2017-05-15,Almond_High,Croplands,36.177669,-120.202644999999,4.3,7.9,4.350444093866254,15.148322916666665,0.7831089062499998,1.1656309176249997,0.7295575540864875,-0.6839194216246106,-1.0295652987598345,0.18025815987530516,1.033008803150499,-1.0295652987598345,0,-0.8220015137575909,-1.119895032761746,-1.1467993497601665,-0.23282528757954013,9
380,Almond_Med,2017-05-22,Almond_High,Croplands,36.177669,-120.202644999999,6.9,2.6000001,8.197318139941363,26.1434375,2.0672972729166665,1.2771917762708331,0.6420547132365637,-0.766658819300159,-1.7638671951148028,0.27315364961529764,2.147184326294871,-1.7638671951148028,0,-1.8134002884282308,-2.0088649359356183,-1.4693363609805592,-12.312275777547821,9
381,Almond_Med,2017-05-23,Almond_High,Croplands,36.177669,-120.202644999999,6.6,4.4,8.451088528999518,27.16402083333334,2.2722973604166667,1.348816540625,0.6287628145958344,-0.777597146973627,-1.5659350669961671,0.3209769792826013,1.7008733835109908,-1.5659350669961674,0,-1.7520576188436652,-1.7504436345347705,-1.195303947610065,2.6697926589632504,9
382,Almond_Med,2017-05-30,Almond_High,Croplands,36.177669,-120.202644999999,6.9,6.4,7.160238752821356,22.210916666666673,1.3470357520833334,1.288784201635417,0.5307300481619334,-0.8475409228928311,-1.50421588029622,0.04472048982088797,0.852579689295639,-1.50421588029622,0,-1.4529814479196765,-1.5242476767052637,-1.5354185162637197,-0.8240342665947141,9
383,Almond_Med,2017-06-07,Almond_High,Croplands,36.177669,-120.202644999999,6.8,5.5,8.596665880221849,23.8560625,1.8351353916666668,1.2317539994791669,0.4093559588156213,-0.9123747579707272,-1.2794909766745608,0.2387448334626839,1.2338577567475153,-1.2794909766745608,0,-1.3170099026367965,-1.497254965281451,-1.0242080621054346,-0.3832590199940038,9
384,Almond_Med,2017-06-15,Almond_High,Croplands,36.177669,-120.202644999999,7.5,7.6,8.107489421042137,24.40025,1.8691728604166664,1.708286958458333,0.2802306751992158,-0.9599326896597448,-1.4441530030986225,0.14663280831599404,1.1423935070724958,-1.4441530030986227,0,-1.3950618529718175,-1.609032910059304,-1.3283642462647458,-0.527169801691511,9
385,Almond_Med,2017-06-16,Almond_High,Croplands,36.177669,-120.202644999999,6.8,7.9,7.350127014509772,25.976458333333333,1.78421045,1.5735143849791673,0.263665492728007,-0.9646141756912436,-0.77076832706441,0.026217318131976534,0.9512745091309187,-0.7707683270644101,0,-0.7815600407577373,-0.7408775328488897,-0.7898674075866027,-0.5547167235781493,9
386,Almond_Med,2017-06-23,Almond_High,Croplands,36.177669,-120.202644999999,7.0,7.0,5.779038799364655,31.128437500000004,2.657704545833333,1.2127948192916669,0.1457991969198751,-0.9893142039703664,-1.1701442395510728,0.28778328262033515,1.6241527209417277,1.1701442395510728,0,-1.2833178570210497,-1.3841364710008428,-0.8429783906313257,-0.6640095093535232,9
387,Almond_Med,2017-07-01,Almond_High,Croplands,36.177669,-120.202644999999,7.0,7.1,7.129592959397497,24.94802083333333,1.7794619958333333,1.2589227883333332,0.0086069968886886,-0.9999629591162656,-0.8226928868813245,0.026187812440550545,0.9951332967282601,-0.8226928868813245,0,-0.799194878457738,-0.8509247373435457,-0.8179590448426898,-0.636237702297752,9
388,Almond_Med,2017-07-02,Almond_High,Croplands,36.177669,-120.202644999999,6.6,6.9,5.917977432585778,26.47564583333333,1.9578551208333328,1.2069017485000002,-0.008606996888688,-0.9999629591162656,-0.5841820801039018,0.13805220663476786,1.0744526760753534,0.5841820801039018,0,-0.5462815202927159,-0.7372258812222203,-0.46903883879676916,-0.27722861770707824,9
389,Almond_Med,2017-07-09,Almond_High,Croplands,36.177669,-120.202644999999,6.5,7.5,6.784504975357086,29.20495833333333,2.726818220833333,0.9859329355000004,-0.1287481774525806,-0.99167731989929,-0.7224448293377117,0.19540409412152648,1.3699634899650506,-0.7224448293377117,0,-0.7081272781843136,-0.924613901555849,-0.5345933082729725,-0.28862503917792887,9
390,Almond_Med,2017-07-17,Almond_High,Croplands,36.177669,-120.202644999999,6.9,8.1,7.599820256842222,29.671708333333324,2.8877852666666666,1.4631804349166668,-0.2636654927280072,-0.9646141756912436,-1.0184962625844785,0.1301049151645418,1.3198706409104906,-1.0184962625844785,0,-0.9252533843263118,-1.1671305106670071,-0.9631048927601162,-0.4852559867464357,9
391,Almond_Med,2017-07-18,Almond_High,Croplands,36.177669,-120.202644999999,7.1,8.3,6.5737788624256135,28.5093125,2.750995266666667,1.6854761121250004,-0.2802306751992161,-0.9599326896597444,-1.07006543993678,0.17427711536075552,1.2421448457891482,-0.017623164788007628,0,-0.9165774272981511,-1.2595196295611053,-1.0340992629510835,-0.533500391003881,9
392,Almond_Med,2017-07-25,Almond_High,Croplands,36.177669,-120.202644999999,6.9,9.2,4.007733347441056,26.65064583333333,2.2767042375,1.5597460155208331,-0.3935902766564664,-0.9192859697186104,-0.6496452782465859,0.343862099666095,1.1523099815762832,0.6496452782465858,0,-0.2704717133745936,-0.7371943256848167,-0.9412697956803475,-0.08814500600140998,9
393,Almond_Med,2017-07-26,Almond_High,Croplands,36.177669,-120.202644999999,6.1,9.2,3.6462394849647297,27.545708333333337,2.1137498312500003,1.289100360854167,-0.4093559588156211,-0.9123747579707274,-0.41063960928471294,0.1613324907798174,1.0180958433296912,0.4106396092847131,0,-0.23519993054749583,-0.44410208118441086,-0.5526168161222321,-0.19343028812035898,9
394,Almond_Med,2017-08-10,Almond_High,Croplands,36.177669,-120.202644999999,6.3,5.4,5.058503018126889,27.026041666666657,1.8569893291666668,1.0379326181875,-0.6287628145958345,-0.7775971469736268,-0.7968091870252061,0.06441025715840937,1.1835458083600336,0.7968091870252061,0,-0.7236497321597819,-0.8217935770304045,-0.8449842518854318,-0.27872556488981237,9
395,Almond_Med,2017-08-11,Almond_High,Croplands,36.177669,-120.202644999999,5.8,4.9,5.231918102063978,27.42360416666667,2.1621644604166663,1.1506372721874998,-0.6420547132365636,-0.7666588193001592,-0.7320975710118843,0.07079182532171939,1.4147459610415798,0.4040662248601593,0,-0.8032188038713064,-0.6616398170233745,-0.7314340921409719,-0.20343624630320364,9
396,Almond_Med,2017-08-18,Almond_High,Croplands,36.177669,-120.202644999999,5.4,5.8,3.9901461707330017,28.024916666666662,1.9777641000000008,0.8865341383958336,-0.7295575540864876,-0.6839194216246105,-0.5787641014349059,0.06336664884553958,1.0844203785580078,0.5787641014349059,0,-0.5256398832471041,-0.5617521899733767,-0.6489002310842369,-0.2188386052621611,9
397,Almond_Med,2017-08-19,Almond_High,Croplands,36.177669,-120.202644999999,5.7,6.6,5.785609628468166,28.32614583333333,2.0805508791666667,0.9448961946875002,-0.7412220108485957,-0.6712599575675315,-0.7428614234620369,0.13409168039816846,1.1716485529649283,-0.7428614234620369,0,-0.6388545368571183,-0.6955295537782863,-0.894200179750706,-0.23335256060041748,9
398,Almond_Med,2017-08-26,Almond_High,Croplands,36.177669,-120.202644999999,5.4,4.8,2.2140721740739933,29.030375,2.874957377083333,1.1580227164791663,-0.8165380514459157,-0.5772916165517278,-0.9961764033262076,0.38904142901861555,1.6849768165566779,0.9961764033262077,0,-1.2978070483145032,-0.557060111364725,-1.1336620502993944,4.698013845472429,9
399,Almond_Med,2017-08-27,Almond_High,Croplands,36.177669,-120.202644999999,4.8,5.2000003,2.1558603340419875,30.77516666666667,3.1248150625,1.3367433276458327,-0.8263541987239095,-0.5631507242749187,-0.9860470435482874,0.3058597475066701,1.6314303548525673,0.9860470435482873,0,-1.2369273176872773,-0.6453291761377213,-1.075884636819864,-0.33206149309235333,9
400,Almond_Med,2017-09-03,Almond_High,Croplands,36.177669,-120.202644999999,3.7,5.9,1.009315325188211,34.25762500000001,3.7728378916666663,1.7541361999791667,-0.888057322629493,-0.4597327394521046,-0.9340379840529649,0.4136776739598834,1.7003413509093293,0.9340379840529649,0,-1.1987161544488834,-0.4573323535580482,-1.146065444151963,2.6655199134752467,9
401,Almond_Med,2017-09-12,Almond_High,Croplands,36.177669,-120.202644999999,4.3,4.9,3.9567950681934017,27.56827083333334,1.8949360541666664,1.3122524812291665,-0.9483615800121716,-0.3171912885891059,-0.400075899761193,0.16913452335037882,1.0211246058477754,0.2863339638520033,0,-0.44143392249259295,-0.2140983026309088,-0.5446954741600771,0.06267528288721733,9
402,Almond_Med,2017-09-19,Almond_High,Croplands,36.177669,-120.202644999999,3.9,8.0,3.3876135093705755,19.902062500000007,1.1243761604166664,1.8088828186666668,-0.97961369164549,-0.2008905551306352,-0.7239967414556928,0.14689345436134982,1.1268156713761546,0.30077623980315604,0,-0.6599196856246468,-0.892043670292735,-0.6200268684496965,0.03165242705026035,9
403,Almond_Med,2017-09-20,Almond_High,Croplands,36.177669,-120.202644999999,3.9,5.5,3.065664253013629,19.73733333333333,1.0997710708333337,0.9689003342708334,-0.9829265519799822,-0.1839983516576798,-0.4449233951423513,0.10674616670764489,0.6123067326069256,0.4449233951423513,0,-0.40162017899631774,-0.566516824843422,-0.3666331815873143,-0.05529336354034783,9
404,Almond_Med,2017-09-27,Almond_High,Croplands,36.177669,-120.202644999999,4.1,1.5,3.9843109773477887,23.10795833333334,1.8915587020833329,1.3474920833333333,-0.9979171608653922,-0.0645084494493162,-0.4184244885918549,0.22936476453354399,1.6404118144335726,-0.18704644328743303,0,-0.29938349036454065,-0.27305446629148594,-0.6828355091195382,-0.29503028606048987,9
405,Almond_Med,2017-09-28,Almond_High,Croplands,36.177669,-120.202644999999,4.0,2.5,4.345524653950736,23.67289583333333,1.9208419187500008,1.2192433749999998,-0.9988797155850336,-0.0473213883224323,-0.3388594848211337,0.20106796369614724,1.3705165541610476,-0.3388594848211337,0,-0.43360375207124136,-0.10792273343888428,-0.4750519689532754,0.023630486459578742,9
406,Almond_Med,2017-10-05,Almond_High,Croplands,36.177669,-120.202644999999,3.8,2.4,4.1790083834373295,17.437499999999996,1.2531447458333336,1.6323106458333336,-0.9973249731081556,0.0730951298980777,-0.4444203355628375,0.1506567525459197,1.1001324546833888,-0.44442033556283755,0,-0.31187602129629904,-0.6082704648742182,-0.4131145205179951,0.14615256785913278,9
407,Almond_Med,2017-10-06,Almond_High,Croplands,36.177669,-120.202644999999,3.4,3.8,4.063079132773659,18.44977083333333,1.377307125,1.3626804999999995,-0.9959189961471792,0.0902516100310407,-0.3700708164420317,0.04664768374881313,0.7565280712994868,-0.37007081644203166,0,-0.3341022443514901,-0.3533318715682921,-0.4227783334063129,-0.05047105554945271,9
408,Almond_Med,2017-10-13,Almond_High,Croplands,36.177669,-120.202644999999,3.0,3.8,3.4994581728704146,13.8287375,0.9689268020833328,1.5656932708333338,-0.9778483415056568,0.2093146459630488,-0.64807460702333,0.09075652575788119,0.6825001446149817,-0.6480746070233301,0,-0.5944672717409528,-0.752861844540378,-0.596894704788659,-0.0130085665622311,9
409,Almond_Med,2017-10-14,Almond_High,Croplands,36.177669,-120.202644999999,2.9,5.0,3.7171165437218088,14.000837499999998,0.81761690625,1.6579008958333332,-0.9741004551724206,0.226115685508288,-0.9393432451332245,0.1583844099465994,0.8286491280150102,-0.9393432451332244,0,-0.8078274566325758,-1.1151616652110314,-0.8950406135560667,0.024963299123157107,9
410,Almond_Med,2017-10-21,Almond_High,Croplands,36.177669,-120.202644999999,2.5,3.6000001000000004,2.7578071575969028,12.8531375,0.5031183604166667,1.304926895833333,-0.9398560579418952,0.341570769167856,-0.31949025419995697,0.04963888525067365,0.6324374933886532,-0.3194902541999569,0,-0.33026261701992304,-0.36285841699011473,-0.2653497285898331,-0.01964776470711022,9
411,Almond_Med,2017-10-22,Almond_High,Croplands,36.177669,-120.202644999999,2.6,4.1,2.9100235150485245,14.583085416666671,0.5848466312499999,1.3203346875,-0.9338372288229252,0.3576982388331254,-0.4601566333335099,0.07487258582663554,0.7017482645655095,-0.46015663333350987,0,-0.49946174052227255,-0.507191676187245,-0.37381648329101236,-0.05787812378829107,9
412,Almond_Med,2017-11-06,Almond_High,Croplands,36.177669,-120.202644999999,1.7,1.4,2.138374810259524,10.018522916666663,0.3360746895833333,0.9093192916666668,-0.8115390590073611,0.5842981736283683,0.49226256899173815,0.2108392232070626,0.7113540082576464,0.3844870515273102,0,0.2900903179916032,0.475883960478948,0.7108134285046632,-0.004158088312679588,9
413,Almond_Med,2017-11-07,Almond_High,Croplands,36.177669,-120.202644999999,1.8,2.2,2.3928833527370665,11.012554166666664,0.3671640625,1.158994833333333,-0.8013610881746769,0.5981809144059159,0.3326358601511446,0.18425991490475924,0.5980377911037733,0.3326358601511446,0,0.15043984765589039,0.3285751778105455,0.5188925549869978,0.02277402321810951,9
414,Almond_Med,2017-11-14,Almond_High,Croplands,36.177669,-120.202644999999,1.8,2.5,2.072447352974117,13.975866666666668,0.2905285270833333,0.9340845833333334,-0.7236440382959123,0.690173388242972,0.5602438072078035,0.1276869756626917,0.5851772323877218,-0.015349101259569675,0,0.4793010634825423,0.49399044935630065,0.7074399087845675,0.015159528783692732,9
415,Almond_Med,2017-11-15,Almond_High,Croplands,36.177669,-120.202644999999,1.4,2.3,2.311273317808165,14.850004166666665,0.4626189041666666,1.1070074166666666,-0.7116566222817751,0.7025274741691566,0.46540788779956666,0.10146082091609122,0.5470443963616489,0.46540788779956666,0,0.3964044089537931,0.4179145779124324,0.5819046765324746,0.015159528783692732,9
416,Almond_Med,2017-11-22,Almond_High,Croplands,36.177669,-120.202644999999,1.8,2.3,2.1318218675397502,14.472224999999996,0.4141771770833333,0.93860475,-0.622046748440868,0.7829801036770625,0.685494801999042,0.15229636244417208,0.5729848912914685,-0.02185106691954164,0,0.6089174700403613,0.5866845395132257,0.860882396443539,0.015159528783692732,9
417,Almond_Med,2017-11-23,Almond_High,Croplands,36.177669,-120.202644999999,1.7,3.4,2.0971552725954687,15.481747916666668,0.4179987854166667,1.0215577291666669,-0.6084768701151264,0.7935716089521472,0.35811096427101513,0.21567277161069476,0.5599086746356262,0.35811096427101513,0,0.29269242575293564,0.1827215657595528,0.598918901300557,0.013985893749949798,9
418,Almond_Med,2017-11-30,Almond_High,Croplands,36.177669,-120.202644999999,1.3,2.1000001,1.2530364863030294,8.59478125,0.2953174208333334,1.1247138124999998,-0.5086709438521042,0.8609610158889945,0.5910907175384795,0.23231676195116507,0.4181049048611568,-0.5910907175384795,0,0.33182751396391086,0.6610731672977332,0.7803714713537946,-0.021261719072102468,9
419,Almond_Med,2017-12-01,Almond_High,Croplands,36.177669,-120.202644999999,1.8,3.0,1.2284250351354595,9.540929166666666,0.2849775083333334,1.1056309375000002,-0.4937755501599774,0.8695893893466109,0.5164957826054327,0.23291028714930107,0.6053449109283451,-0.5164957826054326,0,0.30198822017584626,0.4832608414779764,0.7642382861624755,-0.012448371408772222,9
420,Almond_Med,2017-12-08,Almond_High,Croplands,36.177669,-120.202644999999,1.3,2.4,0.9344801892772902,8.121102083333334,0.6903920395833333,1.1004407708333332,-0.3856634062436074,0.9226395488404876,0.27751518353517673,0.2233538077816027,0.7301579323743728,-0.2775151835351767,0,0.02055502940365126,0.3868763473978277,0.42511417380405125,-0.008732486804903107,9
421,Almond_Med,2017-12-16,Almond_High,Croplands,36.177669,-120.202644999999,1.2,3.7,0.6983600412183395,10.827677083333333,0.8017013937500002,2.6225616041666675,-0.2553532951161881,0.9668478136052772,0.007573507900760748,0.058168446670817775,0.7958201897873568,-0.007573507900760723,0,0.034801297569686154,0.04713436074227994,-0.05921513460968384,-0.01964776470711022,9
422,Almond_Med,2017-12-17,Almond_High,Croplands,36.177669,-120.202644999999,1.0,0.90000004,0.3447044742298221,8.839866666666673,0.6661691416666667,1.848901895833334,-0.2386727660059499,0.9711000518829505,0.2932046270104141,0.187633053493547,0.6262582565580666,-0.29320462701041416,0,0.10267286668215128,0.2991430254403541,0.4777979889087371,5.564266325658925e-05,9
423,Almond_Med,2018-01-01,Almond_High,Croplands,36.177669,-120.202644999999,1.1,0.6,0.1730372916376601,9.508181249999998,0.3746583854166666,1.1905231458333334,0.0172133561558346,0.9998518392091162,0.4245931816123849,0.18847281775359406,0.5826833657786323,-0.4245931816123849,0,0.4217495046093034,0.2375582925667083,0.6144717476611429,0.02277402321810951,9
424,Almond_Med,2018-01-25,Almond_High,Croplands,36.177669,-120.202644999999,1.1,5.7000003,1.3937038478400443,10.011141666666663,0.3700880062500001,1.1892128541666669,0.4171936026123168,0.9088176373395028,-0.9185161753479246,0.1929640423958153,1.2323003834855002,-0.9185161753479245,0,-0.8000514083677958,-0.814317546187416,-1.1411795714885624,-0.13799757656606584,9
425,Almond_Med,2018-01-26,Almond_High,Croplands,36.177669,-120.202644999999,1.1,4.6,0.91587034548299,7.254860416666667,0.2021556437499999,1.4079838333333334,0.4327755925504312,0.901501684131884,-0.6759110437069737,0.21485596091926165,0.8015919568746066,-0.3076517346729535,0,-0.46667455258506685,-0.6650816733125362,-0.8959769052233181,-0.024629365777005637,9
426,Almond_Med,2018-02-03,Almond_High,Croplands,36.177669,-120.202644999999,1.4,2.9,0.6321370994232144,14.37432708333334,0.5535828,1.337272625,0.5524353131676196,0.8335557718385699,-0.0846332081046834,0.10803501922899693,0.6989395704837685,0.08463320810468344,0,-0.20370868392578037,-0.05730321263743959,0.007112272249169757,-0.00755885177116019,9
427,Almond_Med,2018-02-10,Almond_High,Croplands,36.177669,-120.202644999999,2.0,0.8,1.3749649550704917,14.865618750000005,0.966899325,2.2753691666666667,0.6486295610349814,0.7611042586607747,-0.24730860724146594,0.118449391476813,1.310138274265675,0.24730860724146597,0,-0.1120355420237551,-0.29744780544816146,-0.3324424742524813,0.10573520485703429,9
428,Almond_Med,2018-02-11,Almond_High,Croplands,36.177669,-120.202644999999,2.1,1.9,0.7331964405057333,11.450077083333332,0.8791436208333333,1.3155153750000002,0.6616346182422783,0.7498264012045686,-0.2540441940380996,0.047195598413440454,0.7155368990415537,0.2540441940380995,0,-0.2673021047512125,-0.2931929118666787,-0.2016375654964074,-0.01964776470711022,9
429,Almond_Med,2018-02-18,Almond_High,Croplands,36.177669,-120.202644999999,2.2,4.7000003,0.6694165725145875,11.590929166666667,0.69736903125,2.1872611666666675,0.7469720876965552,0.6648553979642865,-0.6885747104868377,0.09066457495856857,0.7632526707204212,0.6885747104868377,0,-0.7270753725823957,-0.5850134108995463,-0.753635347978571,-0.020415634801069452,9
430,Almond_Med,2018-03-06,Almond_High,Croplands,36.177669,-120.202644999999,2.7,4.7000003,1.3621315761654191,11.012591666666664,0.6726167166666666,1.2257639166666665,0.8996308696522433,0.436651231956064,-0.6109374495080843,0.13092054658674068,0.805412814302515,0.6109374495080843,0,-0.5244867188359851,-0.7615634335260859,-0.5467621961621818,-0.020415634801069452,9
431,Almond_Med,2018-03-15,Almond_High,Croplands,36.177669,-120.202644999999,2.7,7.7000003,3.2571109142100125,10.538999999999998,0.4640770291666666,1.2721188333333333,0.9562348265919056,0.2926003356333483,-1.3069417869726287,0.36929442072097757,1.5694682466500345,-1.3069417869726287,0,-1.0406962622947524,-1.1515972901340406,-1.7285318084890933,-0.3629346306019061,9
432,Almond_Med,2018-03-23,Almond_High,Croplands,36.177669,-120.202644999999,2.8,6.3,3.3454099721528787,9.743766666666666,0.2665896041666667,0.7118139583333334,0.9873494423939864,0.1585593851031347,-1.0831776898011958,0.24108673770167227,1.2392098109599128,-1.0831776898011958,0,-0.8088201492517773,-1.1795058780312082,-1.261207042120602,-0.16361895989831066,9
433,Almond_Med,2018-03-30,Almond_High,Croplands,36.177669,-120.202644999999,3.9,4.4,4.592846390313562,18.944145833333337,0.9712436791666668,1.2847546145833335,0.9992500112396836,0.0387222808921744,-0.8365877050198828,0.1458106319937673,0.796398500371304,-0.8365877050198827,0,-0.7664423682257503,-0.739106745790429,-1.004214001043469,-0.020415634801069452,9
434,Almond_Med,2018-03-31,Almond_High,Croplands,36.177669,-120.202644999999,4.0,5.2000003,5.597668711352794,19.341041666666676,1.14696518125,1.2070836666666669,0.9997685019798908,0.0215160974362222,-0.6753001519189589,0.16787425585272286,0.8334987141576097,-0.6753001519189588,0,-0.7194157651979208,-0.48977331066780816,-0.8167113798911475,-0.14594834910006532,9
435,Almond_Med,2018-04-08,Almond_High,Croplands,36.177669,-120.202644999999,4.5,4.2000003,5.3118700119126085,14.17409583333333,0.5828720333333333,1.7181186458333333,0.9932568492674144,-0.1159345995955004,-1.3834171949180607,0.18581259734208974,0.6989023454191563,-1.383417194918061,0,-1.2573183617226296,-1.5968016857036607,-1.2961315373278919,0.051927975560934835,9
436,Almond_Med,2018-04-23,Almond_High,Croplands,36.177669,-120.202644999999,6.1,4.5,6.906553283875345,22.323291666666663,1.2605405395833331,1.1424666874999998,0.9307239310379796,-0.3657225234972689,-1.8558412424666504,0.03161121828329728,1.0152014053872496,-1.8558412424666502,0,-1.8386686935529128,-1.8365331304952746,-1.8923219033517638,1.97705174517692,9
437,Almond_Med,2018-04-24,Almond_High,Croplands,36.177669,-120.202644999999,5.9,4.3,7.235727235352773,22.132041666666662,1.3398259125,1.318382,0.9242907221930934,-0.3816892202666588,-1.7913526241361175,0.018500643205681247,0.9792032889843254,-1.7913526241361177,0,-1.7808301018643136,-1.8127145434201655,-1.7805132271238733,-0.8884946345763016,9
438,Almond_Med,2018-05-02,Almond_High,Croplands,36.177669,-120.202644999999,5.6,6.5,5.613210198388113,16.272877083333334,0.7748306020833332,1.1001990833333333,0.8631421280499114,-0.5049610547215204,-1.5382805043805152,0.2456214622378552,0.7735251658258656,-1.5382805043805152,0,-1.2546649086667239,-1.6788440704279777,-1.681332534046844,-0.6897116926266234,9
439,Almond_Med,2018-05-09,Almond_High,Croplands,36.177669,-120.202644999999,6.6,8.5,8.168704680879756,21.643291666666663,1.2466272145833337,1.7545150416666668,0.7961828637826158,-0.6050560696488488,-1.424950594812673,0.17632669944284945,0.9117739707602341,-1.4249505948126728,0,-1.2849809060007409,-1.3668828344156636,-1.6229880440216151,-0.9066807947859585,9
440,Almond_Med,2018-05-10,Almond_High,Croplands,36.177669,-120.202644999999,6.3,10.0,7.286931970640259,19.671458333333337,1.1224598520833329,1.0260112708333338,0.7856498550787145,-0.6186714032625031,-1.1928681282509983,0.14529286318077841,1.6198427599555125,-1.192868128250998,0,-1.346690499716457,-1.0579567302874053,-1.173957154749133,-0.8220250652679899,9
441,Almond_Med,2018-05-17,Almond_High,Croplands,36.177669,-120.202644999999,6.8,7.3,6.017027244749209,17.265793749999997,0.8327077270833331,0.9344940625000004,0.705583610107178,-0.7086266782644596,-1.789318096019085,0.26768656462079693,1.079641100419035,-0.2233725855175035,0,-1.4893714715383854,-2.0039452072619657,-1.8746376092569048,-0.9886983040018241,9
442,Almond_Med,2018-05-18,Almond_High,Croplands,36.177669,-120.202644999999,6.4,8.6,6.40940667653058,19.85095833333333,0.9257475437499996,1.046424166666667,0.6932812268869777,-0.7206671495538609,-1.4516667100472322,0.11466176657964296,1.1878063191147714,-1.4516667100472322,0,-1.3211260988074416,-1.5360859667616624,-1.4977880645725932,-0.6081227823903493,9
443,Almond_Med,2018-05-26,Almond_High,Croplands,36.177669,-120.202644999999,5.6,8.1,6.567429106731253,17.913520833333337,0.7075124270833334,1.2571394583333326,0.5877852522924732,-0.8090169943749473,-1.3009059394677285,0.227572070935217,1.027165085443076,-1.3009059394677287,0,-1.1366380671930723,-1.5606661604660292,-1.2054135907440844,-0.7783674270798346,9
444,Almond_Med,2018-06-02,Almond_High,Croplands,36.177669,-120.202644999999,7.0,7.5,8.377075351791586,22.85108333333333,1.4460227895833333,1.0096901041666666,0.48627270710869,-0.8738071036110808,-1.1132090564002795,0.10408406095675782,1.0383166696119175,-1.1132090564002795,0,-1.0097257903151167,-1.2178836845924896,-1.112017694293232,-0.7101162800479337,9
445,Almond_Med,2018-06-03,Almond_High,Croplands,36.177669,-120.202644999999,7.1,6.5,10.109018349857662,27.074583333333337,1.9298753708333327,1.1329220833333336,0.4711595076738638,-0.8820480249558537,-1.4602696131113067,0.23014439959772917,1.246119544060302,-1.4602696131113069,0,-1.6201782392861654,-1.5641314258734642,-1.1964991741742903,-0.4016981428171619,9
446,Almond_Med,2018-06-10,Almond_High,Croplands,36.177669,-120.202644999999,6.4,11.1,8.694396756296106,18.909479166666667,1.3840006166666667,2.129833125,0.3617137307297676,-0.9322892131745132,-0.5364789795347732,0.09497542008875479,1.6858547975969191,-0.5364789795347731,0,-0.6413454179387337,-0.4562500233685259,-0.5118414972970602,4.620778203465909,9
447,Almond_Med,2018-06-11,Almond_High,Croplands,36.177669,-120.202644999999,6.6,8.7,8.161722746427925,20.54495625,1.3635310416666673,1.2744270208333333,0.3456123126707335,-0.938377391740864,-0.7193569088563402,0.14485563907497237,1.0118782077928388,-0.7193569088563403,0,-0.5915835406589025,-0.8767242377775578,-0.6897629481325601,-0.38470193771836364,9
448,Almond_Med,2018-06-18,Almond_High,Croplands,36.177669,-120.202644999999,7.2,8.7,8.976445701444186,20.937479166666673,1.0091588375000002,1.0451065208333332,0.2303056702306122,-0.973118337233262,-1.2547610052248253,0.3167257072697556,1.216787772603062,-1.2547610052248253,0,-0.9257128949340405,-1.5575264415882688,-1.2810436791521667,-0.43732156141031425,9
449,Almond_Med,2018-06-19,Almond_High,Croplands,36.177669,-120.202644999999,6.4,7.9,8.63927188731694,23.82897916666666,1.34465060625,0.9143350208333332,0.2135209154397961,-0.9769384927771816,-0.5740442270138583,0.0588969803326202,0.8869247550767219,-0.5740442270138582,0,-0.5071286400125709,-0.5969862012641581,-0.6180178397648458,-0.500822442726703,9
450,Almond_Med,2018-06-26,Almond_High,Croplands,36.177669,-120.202644999999,7.4,8.3,9.892319567659143,25.831229166666667,1.6579963104166662,1.108070875,0.0945367498171991,-0.9955213724144752,-0.859709763042846,0.1601177733815892,1.0588479594389795,-0.8597097630428459,0,-0.7922361416316865,-0.7443721488361507,-1.0425209986607011,-0.7111272077325971,9
451,Almond_Med,2018-06-27,Almond_High,Croplands,36.177669,-120.202644999999,7.6,8.900001,9.894216624365232,24.34870833333333,1.7168674937499997,1.0149101458333332,0.077386479233463,-0.9970011699250152,-0.8047221653516711,0.15255373052812254,1.2575568132113997,-0.804722165351671,0,-0.6579311142427362,-0.7937854243422805,-0.9624499574699964,-0.5027182148249648,9
452,Almond_Med,2018-07-04,Almond_High,Croplands,36.177669,-120.202644999999,7.0,8.3,10.434261773016768,23.946229166666665,1.4893904166666665,0.9708526666666666,-0.0430222330045303,-0.99907411510223,-0.5532941738855974,0.10637837068290631,0.9482853254809334,-0.5532941738855977,0,-0.4921824596934204,-0.4915712330889952,-0.6761288288743768,-0.4887070340051155,9
453,Almond_Med,2018-07-05,Almond_High,Croplands,36.177669,-120.202644999999,6.4,5.9,10.843651323458076,24.87525,1.4093664604166662,1.0748594583333335,-0.0602132773657927,-0.9981855344718586,-0.445624448448501,0.11721330547604208,0.8046650860579723,-0.445624448448501,0,-0.31463103034341117,-0.5406084817350078,-0.48163383326708425,-0.23689126195622923,9
454,Almond_Med,2018-07-12,Almond_High,Croplands,36.177669,-120.202644999999,7.2,7.9,9.601542839115965,28.320083333333343,2.2410535,0.8851222116875004,-0.1797665857255621,-0.9837092937736098,-0.8211602590771259,0.20896428014197987,1.3454912095582485,-0.8211602590771259,0,-0.585348391041488,-0.983345336553384,-0.8947870496365055,-0.5195703742648694,9
455,Almond_Med,2018-07-13,Almond_High,Croplands,36.177669,-120.202644999999,7.1,6.9,10.310976929162264,28.97091666666667,2.17379933125,1.1685598975,-0.1966728897935762,-0.980469160361632,-1.1161039138281412,0.2413867313478965,1.2588992565367003,-1.116103913828141,0,-0.9548810355846388,-1.3936238132023206,-0.9998068926974638,-0.4016981428171619,9
456,Almond_Med,2018-07-20,Almond_High,Croplands,36.177669,-120.202644999999,7.0,9.5,8.91984241095848,29.948291666666663,2.537235177083333,1.0520072056041665,-0.3131070409358267,-0.9497178427914316,-0.7698138128004425,0.2364909653001045,1.4310837997462067,-0.7698138128004426,0,-0.4971894032651375,-0.892527298410762,-0.9197247367254276,-0.3901253219121169,9
457,Almond_Med,2018-07-21,Almond_High,Croplands,36.177669,-120.202644999999,6.8,8.0,8.548504528492078,29.042375000000003,1.8538213541666664,0.9852503684583336,-0.3294084822245302,-0.9441875088341994,-0.8400755924575259,0.18623559887595365,1.020901864209594,-0.8400755924575258,0,-0.637203208786275,-0.8797396607555587,-1.0032839078307445,-0.6310041904577297,9
458,Almond_Med,2018-07-28,Almond_High,Croplands,36.177669,-120.202644999999,6.7,5.9,8.17689502919949,27.611875,2.17179400625,1.02838991225,-0.4405187843504952,-0.8977433935342336,-0.9810917865948178,0.09915655677753099,1.3459298781351858,-0.9810917865948179,0,-0.9399919037392364,-1.094189674914578,-0.9090937811306387,-0.5224648867805949,9
459,Almond_Med,2018-07-29,Almond_High,Croplands,36.177669,-120.202644999999,6.2,5.6,7.127980187208923,28.894874999999995,2.459883595833334,1.2650766404374998,-0.455906693508459,-0.8900275764346766,-0.97580890411874,0.0803768649742009,1.503288791993381,-0.9758089041187401,0,-1.0579950731124972,-0.9720590337668448,-0.8973726054768777,-0.5381343171429979,9
460,Almond_Med,2018-08-05,Almond_High,Croplands,36.177669,-120.202644999999,6.6,8.6,9.104777686677435,25.50825,2.1501594416666667,1.249291621875,-0.5595892624101763,-0.828770087174504,-0.5478671848773607,0.2585614425040354,1.0538964800308952,-0.5478671848773606,0,-0.292985147430179,-0.5406591048670659,-0.8099573023348372,-0.40775500144953364,9
461,Almond_Med,2018-08-06,Almond_High,Croplands,36.177669,-120.202644999999,6.5,8.2,9.514537013480794,25.4320625,2.122511502083334,1.4908264660624997,-0.5737722679043243,-0.8190148866680802,-0.6214023637618803,0.2594385105385449,0.9532982868881408,-0.6214023637618804,0,-0.32747836569779654,-0.718216050040879,-0.8185126755469654,-0.4858039730197628,9
462,Almond_Med,2018-08-13,Almond_High,Croplands,36.177669,-120.202644999999,6.0,3.9,8.533099108757382,27.384666666666675,2.3898292875,1.2167162369166664,-0.6680638642135333,-0.7441039398713608,-1.0015517654934178,0.23959642582199173,1.8296451550492177,-1.001551765493418,0,-1.191730689342167,-0.732449574266064,-1.0804750328720225,2.442551306366733,9
463,Almond_Med,2018-08-14,Almond_High,Croplands,36.177669,-120.202644999999,6.1,3.6000001000000004,9.686226935412948,26.356020833333343,2.0848133208333333,1.1901465503125,-0.6807734094770159,-0.7324940716135792,-0.9533242062732228,0.13776003091435002,1.7032305505930925,-0.9533242062732228,0,-1.0720979354364109,-0.8022998653894907,-0.9855748179937668,2.519616816348213,9
464,Almond_Med,2018-08-21,Almond_High,Croplands,36.177669,-120.202644999999,6.0,4.9,7.401536585480832,23.623666666666665,1.456832102083333,1.160925502979167,-0.7638886127905429,-0.64534811322955,-0.6580683523847698,0.3176001963404924,1.0761962656597375,-0.6580683523847699,0,-0.4463742451863033,-0.5045718337702263,-1.02325897819778,-0.13096537392118654,9
465,Almond_Med,2018-08-22,Almond_High,Croplands,36.177669,-120.202644999999,5.8,4.3,7.685068174732176,23.273479166666664,1.2288003916666663,1.2382033044375,-0.7748840413670406,-0.6321034111873488,-0.5445754288967005,0.2706534287749842,1.0307888890977297,-0.5445754288967004,0,-0.3228733745474863,-0.4646663244120457,-0.8461865877305698,-0.18213274957879966,9
466,Almond_Med,2018-08-29,Almond_High,Croplands,36.177669,-120.202644999999,5.4,4.6,5.6753569876813845,22.6834375,1.1780510020833332,1.082739604291667,-0.8452490573530634,-0.5343725582809785,-0.3062447669666305,0.23702170126648378,0.891423268176684,-0.3062447669666305,0,-0.11717802680447517,-0.2294024891434615,-0.5721537849519548,-0.1883118751156414,9
467,Almond_Med,2018-08-30,Almond_High,Croplands,36.177669,-120.202644999999,4.8,7.6,4.6423564738679035,21.488104166666663,1.0505953625,1.306714435125,-0.8543221697498269,-0.5197438121555157,-0.41733863511596,0.16590173094182237,0.7726490449932729,-0.10205158285176735,0,-0.36329264061704114,-0.6035239934576699,-0.28519927127316885,-0.1165876953334202,9
468,Almond_Med,2018-09-06,Almond_High,Croplands,36.177669,-120.202644999999,5.1,2.3,2.7835803611017327,25.9923125,2.103266135416667,1.1907974528749998,-0.9106046300942162,-0.4132786077829044,-0.6634119957453909,0.2032797886621869,1.8697569036770272,0.663411995745391,0,-0.812094149350046,-0.43177220509531855,-0.746369632790808,2.431134709713448,9
469,Almond_Med,2018-09-07,Almond_High,Croplands,36.177669,-120.202644999999,5.1,2.1000001,3.1366303050185107,26.32247916666667,2.258310541666667,1.0187127846041666,-0.9175836260593934,-0.3975428142825566,-0.6291705288381085,0.2569533471576433,2.0008991990821583,0.6291705288381086,0,-0.8812656416866891,-0.3676199718052988,-0.6386259730223376,-12.419018663665586,9
470,Almond_Med,2018-09-14,Almond_High,Croplands,36.177669,-120.202644999999,4.1,5.9,3.3752706537988653,20.00725,1.320067075,0.9015666611458336,-0.9587178169872964,-0.2843591872810036,-0.3087079354192724,0.13479672633663636,0.671471462021568,0.3087079354192724,0,-0.27804216356452344,-0.4561955233382461,-0.19188611935504762,-0.07801174409520077,9
471,Almond_Med,2018-09-15,Almond_High,Croplands,36.177669,-120.202644999999,4.6,4.5,3.4846748078326124,20.3305,1.3743074875,1.2264388027083333,-0.9634705485641486,-0.2678143051621748,-0.3574605916836875,0.015213374891546243,0.8879102156962407,0.3574605916836875,0,-0.3629218195791818,-0.3691895080877822,-0.3402704473840985,-0.1012758336837317,9
472,Almond_Med,2018-09-22,Almond_High,Croplands,36.177669,-120.202644999999,4.3,3.8,6.094367895817231,24.163958333333333,2.0591192416666675,1.0502104872083335,-0.9886775902323404,-0.1500553983446526,-0.30100972353916555,0.3485253428774557,1.2406064413772857,-0.30100972353916555,0,-0.635564578003476,0.05998063987336228,-0.32744523248738305,0.25860941598098086,9
473,Almond_Med,2018-09-23,Almond_High,Croplands,36.177669,-120.202644999999,4.9,3.6000001000000004,5.920124576990969,23.374250000000004,1.9672471166666663,1.0609334756041666,-0.9911140639934546,-0.1330147065341963,-0.5664267383480616,0.4289538825172214,1.4144039011518321,-0.5664267383480617,0,-0.9546464247773658,-0.10592331482760012,-0.6387104754392184,1.261815140995623,9
474,Almond_Med,2018-09-30,Almond_High,Croplands,36.177669,-120.202644999999,3.1,5.4,4.042045641620483,19.17633333333333,0.8319099041666668,0.7336046076458334,-0.999916658654738,-0.0129102960750088,-0.5135471150134198,0.015222975200450024,0.7062489762902752,-0.5135471150134197,0,-0.5306996789554431,-0.5082996671648322,-0.5016419989199838,-0.19738551766623497,9
475,Almond_Med,2018-10-01,Almond_High,Croplands,36.177669,-120.202644999999,3.8,5.5,5.09508630600874,21.166687499999995,1.2561565729166666,0.8617617282916665,-0.99999073973619,0.0043035382962438,-0.2596614668798321,0.09624804547382938,0.7581940396596234,-0.25966146687983205,0,-0.3615645248040032,-0.24712232324864739,-0.17029755258684576,-0.07801174409520077,9
476,Almond_Med,2018-10-08,Almond_High,Croplands,36.177669,-120.202644999999,3.6,1.0,5.09413515128437,17.19147916666666,1.1272764208333337,0.978352937375,-0.9922222094179324,0.1244792638867886,-0.01368585603257818,0.17180879642497254,1.4993496694655843,-0.013685856032578103,0,0.17341991446561072,-0.16435122252445314,-0.050126260038892125,0.027448135128494276,9
477,Almond_Med,2018-10-09,Almond_High,Croplands,36.177669,-120.202644999999,3.6,1.0,5.21299657145578,18.3914375,1.1648777916666668,1.1168726015,-0.989932495087353,0.141540295217043,-0.07915769819561103,0.1341901080523678,1.4763319516342837,-0.07915769819561103,0,0.07406370443844301,-0.1357837446433147,-0.1757530543819614,0.07091429831409123,9
478,Almond_Med,2018-10-16,Almond_High,Croplands,36.177669,-120.202644999999,3.3,2.4,5.0733979313174835,16.55985208333333,1.2853339812500002,1.143198245125,-0.965739937654855,0.2595117970697994,-0.24963962328996817,0.035852625583034044,0.9714832940524906,-0.24963962328996825,0,-0.27670986083690025,-0.2632303674624386,-0.20897864157056567,-0.02958774325103893,9
479,Almond_Med,2018-10-17,Almond_High,Croplands,36.177669,-120.202644999999,3.1,2.8,4.766306876705051,17.260700000000003,1.3218457395833334,1.1650638154166668,-0.9611297838723007,0.2760969730974688,-0.23759684526714395,0.06813967278563862,0.8177923013994232,-0.23759684526714397,0,-0.3150564177112759,-0.18690771186753086,-0.21082640622262502,-0.04502134075838179,9
480,Almond_Med,2018-10-24,Almond_High,Croplands,36.177669,-120.202644999999,2.8,1.4,4.135084666599524,14.861122916666671,0.7358907437500001,0.8745950585000002,-0.9209712877166346,0.3896304495307877,0.22828734467564202,0.09010181783281987,1.0950629204206537,0.22828734467564193,0,0.2749313668452972,0.12442597070746284,0.28550469647416604,0.11863409754910986,9
481,Almond_Med,2018-10-25,Almond_High,Croplands,36.177669,-120.202644999999,3.1,1.4,3.905481658727264,16.669575,0.8820387625,1.0458289605208333,-0.9141279881853336,0.4054257283599973,0.09389721790743229,0.07578815544794136,1.2228653783354178,0.09389721790743233,0,0.17596890785295966,0.07916769894791567,0.026555046921421528,0.1534608465405068,9
482,Almond_Med,2018-11-02,Almond_High,Croplands,36.177669,-120.202644999999,2.5,2.7,3.5455970335025104,16.8620625,0.8631275791666666,1.064503406041667,-0.8498170915275277,0.5270777086423724,0.20163686415315127,0.14444641317778,0.7942347984303677,0.2016368641531513,0,0.12165106433552855,0.11487618363688218,0.368383344487043,-0.00755885177116019,9
483,Almond_Med,2018-11-09,Almond_High,Croplands,36.177669,-120.202644999999,2.1,1.5,3.2349765145640466,11.096970833333332,0.7747670583333335,1.0870775193750004,-0.780295851070776,0.6254105729852457,0.18857956622886052,0.08079358231374029,0.8224915225500145,0.18857956622886052,0,0.14367537850808912,0.28185053742389776,0.14021278275459476,-0.01964776470711022,9
484,Almond_Med,2018-11-10,Almond_High,Croplands,36.177669,-120.202644999999,1.6,2.7,2.766299892682448,10.096941666666666,0.6670125145833334,1.0587175968333336,-0.7694148268839381,0.6387494220515268,0.05761030249146188,0.1548369972584197,0.6253379246596208,0.05761030249146182,0,-0.0976927221047533,0.21197702601559956,0.05854660356353938,-0.00755885177116019,9
485,Almond_Med,2018-11-18,Almond_High,Croplands,36.177669,-120.202644999999,1.6,0.8,2.012244838100511,10.494745833333331,0.5421666791666667,0.9161203734375002,-0.6744436188329457,0.7383263540031063,0.5141095659155869,0.023248386291788076,0.8685518568352757,0.3103801102854352,0,0.5021222350694321,0.5409050435087811,0.49930141916854753,-0.033622444286058185,9
486,Almond_Med,2018-11-25,Almond_High,Croplands,36.177669,-120.202644999999,0.9,1.5,1.576115237086417,13.40985,0.2287387916666667,0.7895155549166666,-0.5808002734538014,0.8140460935082175,0.7209086476591976,0.07939332437035812,0.6934164536933971,0.6313218265136366,0,0.7188704814993883,0.6425540300341104,0.8013014314440945,-0.01964776470711022,9
487,Almond_Med,2018-11-26,Almond_High,Croplands,36.177669,-120.202644999999,1.3,1.6,1.2453265040092518,12.60640416666667,0.3120938166666667,0.8882016457291667,-0.5667017562911184,0.8239230057575536,0.7374788616651221,0.12128553326592,0.620214236584221,-0.7374788616651221,0,0.661624453851898,0.673451359005154,0.8773607721383139,-0.00755885177116019,9
488,Almond_Med,2018-12-03,Almond_High,Croplands,36.177669,-120.202644999999,0.8,0.5,0.8982931202530874,8.309204166666664,0.1584242354166667,0.8175469025416667,-0.4635502709028512,0.8860706215341377,0.7486221808705276,0.1540173769330866,0.7105080325557805,-0.5520359403643529,0,0.7063258638818154,0.6201721489538989,0.9193685297758685,-0.00755885177116019,9
489,Almond_Med,2018-12-11,Almond_High,Croplands,36.177669,-120.202644999999,0.6,2.3,0.768803124073105,9.298575000000003,0.2140363875,0.7355804750208333,-0.3375228995941134,0.941317317512847,0.3556347695719606,0.0945594980097159,0.5922728006355973,-0.01802852142575051,0,0.327991642473516,0.46093524766991323,0.27797741857245273,0.015159528783692732,9
490,Almond_Med,2018-12-20,Almond_High,Croplands,36.177669,-120.202644999999,0.8,2.8,0.3288655111701439,8.673947916666664,0.2038919562500001,0.8997536808750001,-0.1882267098432439,0.9821256058680006,0.21847037424745266,0.0918721952752777,0.5977359313057808,-0.2184703742474527,0,0.24661638609602754,0.2929770035530738,0.11581773309325658,0.015159528783692732,9
491,Almond_Med,2018-12-27,Almond_High,Croplands,36.177669,-120.202644999999,1.2,0.4,1.2248636054880695,7.623227083333332,0.4411086916666666,2.4753941836666677,-0.0688024268023206,0.9976303053065856,0.38744864924925154,0.12379013194938204,0.758819509490931,-0.33772143827311246,0,0.2517715838470229,0.49424609891330196,0.4163282649874298,-0.00755885177116019,9
492,Almond_Med,2018-12-28,Almond_High,Croplands,36.177669,-120.202644999999,1.0,1.1,0.9607500777339232,7.224847916666663,0.5356382958333333,2.207940114395833,-0.0516196672232541,0.998666816288476,0.27906790977993323,0.1401687404516803,0.44324659850661374,-0.27906790977993323,0,0.1678010253273471,0.23290726515452528,0.4364954388579273,0.015159528783692732,9
541,BAR012,2017-05-20,BAR012,Croplands,38.751,-122.975,3.9,7.7000003,3.7755301476067937,17.924861111111113,1.685625,1.6750000000000005,0.6680638642135335,-0.7441039398713607,-0.9097147862934513,0.2752470818989596,0.7451823560685156,-0.6607750815070389,2,-1.1259810301012554,-0.5998822842818252,-1.003281044497273,-0.33546195710692744,9
542,BAR012,2017-06-05,BAR012,Croplands,38.751,-122.975,3.5,9.3,3.464920411083154,17.01972222222222,1.5947916666666664,1.6966666666666663,0.440518784350495,-0.8977433935342337,-1.077485090682939,0.4395786605962745,0.9784582136985206,-1.0073259128492469,2,-1.5790797660290798,-0.759371446665013,-0.8940040593547245,0.8384772049423245,9
543,BAR012,2017-06-13,BAR012,Croplands,38.751,-122.975,3.2,7.5,3.722202295083104,15.59111111111111,1.174791666666667,2.345833333333333,0.3131070409358269,-0.9497178427914316,-1.0721654942519099,0.18186551335713258,0.8140284006529092,-1.0721654942519099,2,-1.2809913388140588,-0.9485460644582175,-0.9869590794834529,-0.3188923025439952,9
544,BAR012,2017-06-21,BAR012,Croplands,38.751,-122.975,4.5,10.0,5.134927172678292,21.59944444444444,1.6716666666666669,1.49875,0.1797665857255624,-0.9837092937736096,-0.24867805226326067,0.23774018414044296,0.9617937174887519,-0.24867805226326067,2,-0.5025764067163911,-0.03132912747274419,-0.2121286226006467,-0.1734102832745907,9
545,BAR012,2017-07-07,BAR012,Croplands,38.751,-122.975,4.8,13.2,6.699811131550387,21.621111111111112,3.400833333333334,2.98375,-0.0945367498171993,-0.9955213724144752,-1.4791612800940943,1.2413451612056334,2.584203979970083,-1.479161280094094,2,-2.905952185043774,-0.6468600060069574,-0.8846716492315518,-21.09861172407882,9
546,BAR012,2017-07-15,BAR012,Croplands,38.751,-122.975,4.0,12.0,5.781000842509751,20.36986111111111,2.380833333333334,2.397083333333334,-0.2303056702306119,-0.973118337233262,-0.6687195638264359,0.8874084357041786,1.779368644286294,-0.668719563826436,2,-1.6674567034506802,-0.3678121393559753,0.029110151327347955,-5.741827888996974,9
547,BAR012,2017-07-23,BAR012,Croplands,38.751,-122.975,4.0,9.5,4.307665041926838,19.405277777777773,1.7889583333333337,1.5466666666666666,-0.3617137307297674,-0.9322892131745134,-0.25393572523493385,0.30193811828192446,0.8470962219621001,-0.2539357252349339,2,-0.5540490487189441,-0.2575528155528227,0.04979468856696523,-0.1384307188776148,9
548,BAR012,2017-07-31,BAR012,Croplands,38.751,-122.975,3.7,7.2000003,3.389404270907464,22.06333333333333,1.1408333333333334,1.535,-0.4862727071086902,-0.8738071036110807,-0.42483092642528986,0.015346096712218307,0.7441672979153087,0.19636053175978274,2,-0.44204981880842864,-0.41259725712742973,-0.41984570334001126,-0.15162389421485736,9
549,BAR012,2017-08-08,BAR012,Croplands,38.751,-122.975,3.6,7.2000003,2.8333872087353527,21.07083333333333,0.8266666666666665,1.5549999999999995,-0.6016240632249227,-0.7987793728863648,-0.26666675792450384,0.15487527918366836,0.8061026692923381,0.26666675792450384,2,-0.35360760388013696,-0.35853782555695196,-0.08785484433642254,-0.10018672564868783,9
550,BAR012,2017-08-16,BAR012,Croplands,38.751,-122.975,3.3,6.4,2.577509638832697,19.55125,0.7566666666666667,1.75625,-0.7055836101071774,-0.7086266782644601,-0.3042211816509459,0.17325951551965116,0.7639459093321858,0.3042211816509459,2,-0.504283900206224,-0.20439280342639185,-0.20398684132022177,-0.092457354138731,9
551,BAR012,2017-08-24,BAR012,Croplands,38.751,-122.975,2.9,6.5,2.6377860416190937,19.784166666666664,0.7700000000000001,1.366666666666667,-0.7961828637826154,-0.6050560696488494,-0.4562090406958183,0.2306778460215262,0.9424269407701598,0.06821887606599414,2,-0.7018959238611426,-0.42247640219287336,-0.24425479603343886,-0.1109108011825069,9
552,BAR012,2017-09-01,BAR012,Croplands,38.751,-122.975,3.5,8.0,4.015303288998043,31.2675,3.5737500000000013,2.2045833333333333,-0.8717063187093218,-0.4900286664290594,-2.1562334311789213,0.036004393242756706,1.2649792909207564,-2.1562334311789213,2,-2.1256458026564364,-2.1471425357062563,-2.195911955174071,1.122367701496173,9
553,BAR012,2017-09-09,BAR012,Croplands,38.751,-122.975,3.1,7.7000003,2.8376559300800586,22.5925,0.9254166666666668,1.2866666666666666,-0.9307239310379792,-0.3657225234972692,-0.44680765322993127,0.35163488410261023,1.2402990397630846,0.07788048660995178,2,-0.2408263047063015,-0.8528261393558494,-0.24677051562764302,0.13799179250309995,9
554,BAR012,2017-09-17,BAR012,Croplands,38.751,-122.975,2.2,7.7000003,2.35299140553555,19.0825,1.0395833333333333,2.017916666666667,-0.9721181966290612,-0.2344913895704105,-0.6790581784819261,0.19088038362174223,1.1770422741513615,-0.6790581784819261,2,-0.7873867259761489,-0.791128724191893,-0.4586590852777364,-0.04675187961701421,9
555,BAR012,2017-09-25,BAR012,Croplands,38.751,-122.975,2.5,7.2000003,2.723949027204783,22.93375,1.92375,2.57875,-0.9951053111006974,-0.0988201387328721,-0.6286992272136483,0.41954185526628335,1.0612611938987926,-0.6286992272136483,2,-1.0579055003285287,-0.6086516088493477,-0.2195405724630685,1.0378688480817466,9
556,BAR012,2017-10-03,BAR012,Croplands,38.751,-122.975,2.1,6.4,1.994809143016396,17.445416666666667,1.31125,2.20375,-0.9992500112396836,0.0387222808921739,-0.8048964902241691,0.1367035404179936,0.8469892476143766,-0.5945147762569607,2,-0.89191307094621,-0.8754449575428118,-0.6473314421834854,-0.224160040310516,9
557,BAR012,2017-10-11,BAR012,Croplands,38.751,-122.975,1.8,6.1,1.2735686075471198,12.29777777777778,1.1110416666666667,3.4637499999999988,-0.9844738167520924,0.1755314904214277,-1.1063135483754538,0.15416876074680938,1.0469007941388349,-0.05345076346969324,2,-1.268021608812002,-1.0899256657277787,-0.960993370586581,-0.16653256294101904,9
558,BAR012,2017-10-27,BAR012,Croplands,38.751,-122.975,1.0,6.0,0.6033662650357106,17.402638888888887,1.6264583333333336,1.6050000000000002,-0.8996308696522434,0.4366512319560638,-0.6136872613855004,0.025463802314969194,0.9471888635274401,0.17958020854307843,2,-0.6422610313155814,-0.5933953799739223,-0.6054053728669975,-0.1595163563858561,9
559,BAR012,2017-11-28,BAR012,Croplands,38.751,-122.975,0.5,1.8000001,0.8650574727999348,9.530694444444444,0.2766666666666667,2.7929166666666667,-0.5380051715382992,0.8429415373547832,0.1067948950445159,0.12417703580711817,0.61171786330249,0.10679489504451589,2,-0.030087042729448454,0.21221474378575705,0.13825698407723913,0.015159528783692732,9
560,BAR012,2017-12-06,BAR012,Croplands,38.751,-122.975,0.8,2.0,0.937593279551298,8.037916666666666,0.5087500000000001,2.2470833333333333,-0.4171936026123169,0.9088176373395028,-0.18779624389726637,0.12432767973309543,0.5074245930807612,-0.18779624389726635,2,-0.29987800840603795,-0.20944468199172486,-0.054066041294036304,0.015159528783692732,9
561,BAR012,2017-12-14,BAR012,Croplands,38.751,-122.975,0.4,2.3,0.7076087862627247,9.05472222222222,0.43,1.7225,-0.2884824328806098,0.9574851883550388,-0.07632237496198291,0.0945447775377072,0.6047098554972272,-0.07632237496198291,2,-0.18290841949626785,-0.0025775485554469513,-0.043481156834233925,0.015159528783692732,9
562,BAR012,2018-01-31,BAR012,Croplands,38.751,-122.975,1.1,3.2,1.635577001784808,11.091805555555556,0.6654166666666667,3.1,0.5086709438521044,0.8609610158889943,-0.2941399339655273,0.1548562453074449,0.8311288981649785,-0.2941399339655273,2,-0.3806031914926359,-0.11535928995630537,-0.3864573204476406,-0.00755885177116019,9
563,BAR012,2018-02-08,BAR012,Croplands,38.751,-122.975,1.3,2.6000001,2.0642566148162858,13.015,0.815,2.324583333333333,0.6220467484408675,0.7829801036770629,-0.132760693516468,0.0681376798827877,0.7449759070397898,-0.13276069351646802,2,-0.12448025814559541,-0.06914163720667282,-0.20466018519713577,-0.01964776470711022,9
564,BAR012,2018-02-16,BAR012,Croplands,38.751,-122.975,1.3,3.7,1.7799427982732798,9.484444444444444,0.729375,2.4845833333333336,0.7236440382959124,0.6901733882429719,-0.38604605886547955,0.11779493676174722,0.8949793066127414,-0.3860460588654795,2,-0.5085789795786511,-0.2736434113922467,-0.375915785625541,-0.00755885177116019,9
565,BAR012,2018-03-04,BAR012,Croplands,38.751,-122.975,1.7,2.2,1.8523668027017433,5.970416666666665,0.2727083333333333,1.5970833333333336,0.8840675099433636,0.4673592171580022,-0.5515230274833329,0.029771409805336352,0.5614403185973521,-0.5515230274833329,2,-0.5284688105903748,-0.5851343872050219,-0.540965884654602,-0.01090406373120529,9
566,BAR012,2018-03-28,BAR012,Croplands,38.751,-122.975,2.5,5.5,3.2949196263228338,15.472361111111107,1.1856250000000002,2.994166666666667,0.9973249731081556,0.0730951298980777,-0.10221045385854298,0.09194478304492901,0.7545649909318451,-0.102210453858543,2,-0.048028808779988,-0.20837153080246487,-0.05023102199317603,-0.07801174409520077,9
567,BAR012,2018-04-13,BAR012,Croplands,38.751,-122.975,3.2,5.2000003,3.2824021412956825,11.22291666666667,0.6739583333333335,3.6766666666666654,0.97961369164549,-0.200890555130635,-1.0577143245932932,0.2222495877629941,0.643632836522358,-1.0577143245932932,2,-1.2327353172579418,-1.1327480325742312,-0.8076596239477065,-0.2068838921904867,9
568,BAR012,2018-04-21,BAR012,Croplands,38.751,-122.975,3.7,7.1,3.819032693840823,15.275833333333331,1.2454166666666666,2.5662499999999997,0.9427611433904208,-0.3334687789181868,-0.897852717326535,0.23089875036444454,0.8424853113008872,-0.8978527173265349,2,-1.1324129421238962,-0.8903467304179744,-0.6707984794377344,-0.2825206019296326,9
569,BAR012,2018-05-07,BAR012,Croplands,38.751,-122.975,3.2,6.9,3.1074909742876016,15.746944444444445,1.5275,3.1466666666666665,0.8165380514459161,-0.5772916165517272,-0.6596472584136442,0.15126974497626067,0.8046871988658351,-0.47462920698884703,2,-0.6062759216476791,-0.8303682039131839,-0.5422976496800698,-0.16039395914359555,9
570,BAR012,2018-05-31,BAR012,Croplands,38.751,-122.975,2.2,5.8,2.5152574084025097,12.687916666666665,0.820625,3.5700000000000007,0.5160623910158528,-0.8565509959010036,-0.05232792990365331,0.1536666310427088,0.977437325181463,-0.052327929903653314,2,-0.030202119242319303,-0.2158581099950049,0.08907643952636429,-0.07801174409520077,9
571,BAR012,2018-06-08,BAR012,Croplands,38.751,-122.975,3.9,8.3,4.147562284799665,16.769861111111116,1.561875,3.47625,0.3935902766564667,-0.9192859697186104,-1.0246454801475122,0.3879938052975636,0.8692907869868787,-1.0246454801475122,2,-1.439974090773743,-0.9624658882779309,-0.6714964613908627,-0.3710507419775589,9
572,BAR012,2018-06-16,BAR012,Croplands,38.751,-122.975,3.6,6.4,2.9240395039470912,13.867361111111109,0.5714583333333333,2.1129166666666666,0.263665492728007,-0.9646141756912436,-1.0769789076652352,0.17639314770893844,0.8377441031789697,0.27494208444058255,2,-1.1731966665156857,-0.8733992923441034,-1.1843407641359172,-0.3056011338421696,9
573,BAR012,2018-06-24,BAR012,Croplands,38.751,-122.975,4.2,7.8,3.236709062531548,16.471527777777773,0.7908333333333335,2.307916666666667,0.1287481774525813,-0.99167731989929,-0.7045226993226393,0.06285157226687509,0.9032450648594084,0.7045226993226393,2,-0.7662730267028852,-0.6406249231110552,-0.7066701481539774,-0.2158277290299523,9
574,BAR012,2018-07-02,BAR012,Croplands,38.751,-122.975,4.2,9.3,3.610083517197436,16.559027777777775,0.7366666666666667,1.7925000000000004,-0.008606996888688,-0.9999629591162656,-0.621045506727281,0.35116056789459815,1.24208258235766,0.5587874588778475,2,-0.9126372939956597,-0.7192668597013614,-0.23123236648482198,0.0953811686303936,9
575,BAR012,2018-07-10,BAR012,Croplands,38.751,-122.975,4.3,9.6,4.420373217568313,19.959861111111113,2.105208333333333,3.103333333333333,-0.1457991969198744,-0.9893142039703664,-0.7345046798958433,0.6407447425444728,1.1161293597418882,-0.7345046798958433,2,-1.47324932249594,-0.400432356763277,-0.32983236042831293,-6.5849079601830915,9
576,BAR012,2018-07-18,BAR012,Croplands,38.751,-122.975,3.9,11.6,3.5293723804923407,18.53736111111111,1.25375,1.7012500000000002,-0.2802306751992161,-0.9599326896597444,-0.47140388347647,0.47405595760664204,1.757843943164469,0.2698513555388484,2,-0.9267770766881229,-0.5067866543776138,0.019352080636326707,2.920185352885675,9
577,BAR012,2018-07-26,BAR012,Croplands,38.751,-122.975,3.2,12.0,2.663372024078689,17.945972222222217,1.371875,1.6395833333333332,-0.4093559588156211,-0.9123747579707274,-0.6790308088623496,0.5476235802326825,1.9945501121980054,0.39422514298027256,2,-1.2166355506198399,-0.6985467375359531,-0.12191013843125573,-21.07939774581034,9
578,BAR012,2018-08-03,BAR012,Croplands,38.751,-122.975,4.1,10.0,3.0878564370272525,17.93305555555556,1.973125,2.2041666666666666,-0.5307300481619331,-0.8475409228928312,-0.20539910661577232,0.6116473108823957,1.1585065988952803,0.20539910661577232,2,-0.7557725250466844,-0.3135259219767002,0.4531011271760677,-6.57415268159061,9
579,BAR012,2018-08-11,BAR012,Croplands,38.751,-122.975,3.6,9.3,3.699944681105309,20.122916666666665,2.4850000000000003,2.5291666666666672,-0.6420547132365636,-0.7666588193001592,-1.203997168004084,0.6880268943065715,1.2891399421101002,-1.203997168004084,2,-1.9615454507826107,-1.0325186047963755,-0.6179274484332656,-6.806655644338601,9
580,BAR012,2018-08-27,BAR012,Croplands,38.751,-122.975,3.0,5.1,1.7340659083145455,14.795138888888886,0.4922916666666666,1.600833333333333,-0.8263541987239095,-0.5631507242749187,-0.5685847671097366,0.29956809665644424,0.7263792948731922,0.5685847671097366,2,-0.7521895589044679,-0.22289656054766535,-0.7306681818770766,-0.13509616186095424,9
581,BAR012,2018-09-04,BAR012,Croplands,38.751,-122.975,3.3,6.4,1.7804879826253277,15.308750000000002,0.73,1.51625,-0.8958392907349089,-0.4443781781046134,-0.5164854216396828,0.21540879740361335,0.8912585563192081,0.5164854216396828,2,-0.7645628783474515,-0.4080714046087253,-0.3768219819628716,-0.1646076901195318,9
582,BAR012,2018-09-12,BAR012,Croplands,38.751,-122.975,2.2,5.4,1.8690471615454411,14.785416666666668,1.0158333333333331,3.2470833333333338,-0.9483615800121716,-0.3171912885891059,-0.7365739711032157,0.22908534167638064,0.683439081063528,-0.0746682941940976,2,-0.8714467533832322,-0.8662088696555914,-0.47206629027082353,-0.17321514380717162,9
583,BAR012,2018-09-20,BAR012,Croplands,38.751,-122.975,2.8,8.2,2.2820076187419267,16.49263888888889,2.0112499999999995,2.18125,-0.9829265519799822,-0.1839983516576798,-0.9449428565313159,0.7227249037196748,1.2121084583093698,0.09104190598483031,2,-1.6536855962764978,-0.9721394139016777,-0.20900355941577223,-6.661254381373681,9
584,BAR012,2018-09-28,BAR012,Croplands,38.751,-122.975,2.6,4.9,1.207502081866118,13.847361111111114,0.4741666666666666,1.5599999999999998,-0.9988797155850336,-0.0473213883224323,-0.9413844485198944,0.12160188525879718,0.7494936225801515,0.9413844485198944,2,-1.077570381922427,-0.8436762466185759,-0.9029067170186806,0.1245614582659756,9
585,BAR012,2018-10-06,BAR012,Croplands,38.751,-122.975,2.6,5.0,2.8367195744277502,15.442222222222226,0.7297916666666664,3.0375,-0.9959189961471792,0.0902516100310407,-0.9231970106258944,0.0595139196279275,0.7666974335328891,-0.9231970106258944,2,-0.8745253944663083,-0.9895472443805655,-0.9055183930308095,-0.05787812378829107,9
586,BAR012,2018-10-14,BAR012,Croplands,38.751,-122.975,2.7,4.2000003,1.7693943909842649,13.578194444444444,1.2445833333333336,1.3566666666666665,-0.9741004551724206,0.226115685508288,-1.0448767160162775,0.04511579583916198,0.49371835824158444,0.8163345020151931,2,-1.0794036265957054,-1.06139719727311,-0.9938293241800169,0.1259063011167399,9
587,BAR012,2018-10-30,BAR012,Croplands,38.751,-122.975,1.4,5.6,0.8572753983766659,12.89555555555556,1.0533333333333337,3.2704166666666663,-0.8758917051442433,0.4825077417612176,-0.9169814161413719,0.11871363873594304,1.1462239970337704,0.1684677871052962,2,-0.9801021689449461,-0.9908001455721005,-0.780041933907069,-0.10251711421809971,9
588,BAR012,2018-11-07,BAR012,Croplands,38.751,-122.975,0.9,5.4,0.703346397314843,12.144166666666663,1.304375,2.1562500000000004,-0.8013610881746769,0.5981809144059159,-0.44785577909719243,0.19955548014151536,0.947140856205456,-0.05454857372687849,2,-0.3079554498987512,-0.6763723747975026,-0.3592395125953236,-0.08222547507113696,9
627,Ellendale,2018-09-19,Ellendale,Croplands,29.633321,-90.827662,3.0,4.5,4.0466768052087065,29.7998925,0.6622369166666667,1.1898928541666671,-0.97961369164549,-0.2008905551306352,-0.0502448297540492,0.21489425457322342,0.8126261194274254,-0.0502448297540492,1,-0.298377342331518,0.07531568222751636,0.07232717084185405,-0.024629365777005637,9
628,Ellendale,2018-10-13,Ellendale,Croplands,29.633321,-90.827662,0.8,4.1,2.129380187623018,24.141555416666662,1.2928547979166665,1.7125467166666668,-0.9778483415056568,0.2093146459630488,0.07319269721411525,0.13967880539965957,0.4802525432005746,0.07319269721411525,1,-0.08806577010778782,0.15645797253236307,0.1511858892177705,0.0023027457537834807,9
629,Ellendale,2018-10-29,Ellendale,Croplands,29.633321,-90.827662,1.1,3.4,2.7238768197055228,25.42515437500001,1.1496543937500003,1.3747872791666664,-0.8840675099433637,0.467359217158002,0.1411933379369223,0.11020978282527734,0.6626134492227455,0.14119333793692235,1,0.019259175312941246,0.17061297530671357,0.23370786319111206,-0.00755885177116019,9
630,Ellendale,2018-11-06,Ellendale,Croplands,29.633321,-90.827662,1.0,2.3,2.73223019433804,27.948690000000003,0.7445188374999999,1.7154910833333332,-0.8115390590073611,0.5842981736283683,0.38232586873269936,0.169493194083638,1.0084901355994453,0.38232586873269936,1,0.47887831879106646,0.18661775728992933,0.4814815301171024,0.1081357066477487,9
631,Ellendale,2018-11-30,Ellendale,Croplands,29.633321,-90.827662,1.0,3.5,2.3501537289531105,24.49742687499999,0.7294421041666667,4.069403895833332,-0.5086709438521042,0.8609610158889945,0.6820150633034308,0.18954697587179936,1.0901643546451907,0.6820150633034308,1,0.7916072031305934,0.46314514346786384,0.7912928433118347,0.12624859198352664,9
655,RIP760,2017-05-22,RIP760,Croplands,36.839,-120.21,5.8,7.9,5.891165505190557,20.35958333333333,2.21375,1.7512500000000004,0.6420547132365637,-0.766658819300159,-1.6676166156298349,0.26633003441355385,1.0827150492364095,-1.6676166156298349,1,-1.8535535726075447,-1.3625107447436784,-1.7867855295382817,-1.134477932558724,9
656,RIP760,2017-05-23,RIP760,Croplands,36.839,-120.21,5.7,8.3,6.902436520432134,21.425,2.1454166666666663,1.9779166666666663,0.6287628145958344,-0.777597146973627,-1.521046860949611,0.3264851493391419,1.0883466701612234,-1.5210468609496113,1,-1.7154139149099918,-1.144115878234657,-1.7036107897041846,-0.6977760803632963,9
657,RIP760,2017-05-30,RIP760,Croplands,36.839,-120.21,5.6,7.6,5.439920141804992,17.104722222222225,1.356666666666667,2.9029166666666675,0.5307300481619334,-0.8475409228928311,-1.4290290471966332,0.19619670522490193,0.9375882622458626,-1.108869330806617,1,-1.6339517142204036,-1.242912632870695,-1.410222794498801,-0.8213003687049225,9
658,RIP760,2017-06-07,RIP760,Croplands,36.839,-120.21,5.5,7.9,6.507912709774816,17.880000000000006,1.8525,2.6958333333333333,0.4093559588156213,-0.9123747579707272,-1.5822760714929478,0.24723225817628966,0.9878861944019427,-1.5822760714929478,1,-1.7498684770351376,-1.2983339752181784,-1.6986257622255272,-1.1898482086458562,9
659,RIP760,2017-06-08,RIP760,Croplands,36.839,-120.21,3.5,5.5,5.161662804463249,16.164861111111108,1.2241666666666666,2.490833333333333,0.3935902766564667,-0.9192859697186104,-0.5825483199915343,0.06877470832912898,0.6023171282371547,-0.5825483199915342,1,-0.637933325886052,-0.6041441153239376,-0.5055675187646134,-0.16069245753243408,9
660,RIP760,2017-06-15,RIP760,Croplands,36.839,-120.21,6.4,9.1,6.646356805924925,18.772916666666664,1.7333333333333327,2.7570833333333336,0.2802306751992158,-0.9599326896597448,-1.1633794713394987,0.2641895060449937,1.1643353330457533,-1.1633794713394987,1,-1.4311918678346174,-0.9029683905104605,-1.1559781556734177,-0.5502331948221105,9
661,RIP760,2017-06-16,RIP760,Croplands,36.839,-120.21,5.8,9.1,5.9487903536487465,21.79958333333333,1.7262500000000005,2.462916666666667,0.263665492728007,-0.9646141756912436,-0.9960850879809463,0.13199837879789558,1.0570499026928115,-0.9960850879809464,1,-1.0255014666437106,-0.8518601834926032,-1.1108936138065253,-0.7369321634587064,9
662,RIP760,2017-06-23,RIP760,Croplands,36.839,-120.21,6.3,8.7,7.565450213249877,24.144444444444453,2.161666666666666,2.287083333333334,0.1457991969198751,-0.9893142039703664,-0.9147612643150302,0.29158061941847907,0.9043316519291267,-0.9147612643150302,1,-0.7701160237438269,-0.7237825868341036,-1.2503851823671601,-0.8220375661226688,9
663,RIP760,2017-07-01,RIP760,Croplands,36.839,-120.21,6.0,7.8,6.563581495761291,18.812083333333337,1.4887500000000002,2.5245833333333336,0.0086069968886886,-0.9999629591162656,-0.7451536099794013,0.1662308743736942,0.9067695066285669,-0.7451536099794014,1,-0.6038972517867088,-0.7032309803374436,-0.9283325978140512,-0.5197705428211227,9
664,RIP760,2017-07-02,RIP760,Croplands,36.839,-120.21,5.6,7.7000003,5.997392501953143,20.122361111111108,1.6570833333333337,1.592083333333333,-0.008606996888688,-0.9999629591162656,-1.0237853372353842,0.12780804977521026,0.6896187963918216,-1.0237853372353842,1,-0.9025029393926426,-1.1572470866042683,-1.0116059857092417,-0.7715998639376604,9
665,RIP760,2017-07-09,RIP760,Croplands,36.839,-120.21,5.7,9.8,7.475757971911409,22.72486111111111,2.5391666666666666,1.7929166666666667,-0.1287481774525806,-0.99167731989929,-2.351190121169836,0.2773467198990869,1.3698792637942945,-2.351190121169836,1,-2.477534798065422,-2.0331669047484815,-2.542868660695604,-13.954821253435975,9
666,RIP760,2017-07-10,RIP760,Croplands,36.839,-120.21,5.7,9.0,6.853804009082904,22.86208333333333,2.395,1.4775,-0.1457991969198744,-0.9893142039703664,-2.0691272875345454,0.13002611613821985,1.1835320463423655,-2.0691272875345454,1,-2.2036765184466884,-1.9441537186763285,-2.059551625480619,0.9856661296772529,9
667,RIP760,2017-07-17,RIP760,Croplands,36.839,-120.21,6.4,11.1,7.910234279493968,22.25083333333333,2.8225,2.2979166666666666,-0.2636654927280072,-0.9646141756912436,-2.405721118319343,0.242938697397877,1.629240286705618,-2.405721118319343,1,-2.4938419911116028,-2.1310197390550285,-2.592301624791397,-13.804801300944877,9
668,RIP760,2017-07-18,RIP760,Croplands,36.839,-120.21,6.5,9.8,8.352542271372505,20.733888888888885,2.775833333333334,3.3541666666666665,-0.2802306751992161,-0.9599326896597444,-2.2639712213839687,0.29872006426166026,1.555216908720275,-2.2639712213839687,1,-2.575837596101062,-1.9804128012808606,-2.2356632667699823,-13.804801300944877,9
669,RIP760,2017-07-25,RIP760,Croplands,36.839,-120.21,5.7,7.3,5.2412262269848044,20.676527777777785,1.7550000000000006,1.6283333333333336,-0.3935902766564664,-0.9192859697186104,-0.9077905301357737,0.1723928413130648,0.68648782812561,0.009757015894617749,1,-0.708904996059894,-0.999973821469119,-1.0144927728783082,-0.6532716984424041,9
670,RIP760,2017-08-10,RIP760,Croplands,36.839,-120.21,4.9,8.5,5.743888189442665,21.48375,1.4195833333333332,2.192916666666666,-0.6287628145958345,-0.7775971469736268,-0.8144527709302679,0.3796914794384796,1.0089518525724672,-0.8144527709302678,1,-0.4835588018741104,-1.2289931224713573,-0.7308063884453363,-0.3132488367887385,9
671,RIP760,2017-08-18,RIP760,Croplands,36.839,-120.21,5.6,7.8,5.565787531037081,22.05611111111111,1.695833333333333,1.725833333333333,-0.7295575540864876,-0.6839194216246105,-0.6641395132724267,0.20621425471985766,0.7788341577920542,-0.5957145753465899,1,-0.4504285272147015,-0.8619347098324887,-0.6800553027700899,-0.45044266446233355,9
672,RIP760,2017-08-19,RIP760,Croplands,36.839,-120.21,5.4,7.9,5.713513400975058,21.804027777777772,1.67125,1.90125,-0.7412220108485957,-0.6712599575675315,-0.702150152454001,0.2589314203827856,0.8302615235806835,-0.702150152454001,1,-0.4185824005439207,-0.9260161703093606,-0.761851886508722,-0.4682727345792076,9
673,RIP760,2017-08-26,RIP760,Croplands,36.839,-120.21,5.5,7.4,5.781476742255497,22.511527777777772,1.9516666666666664,1.8108333333333333,-0.8165380514459157,-0.5772916165517278,-0.8717203410320776,0.251265189410334,0.7521289222659047,-0.8717203410320775,1,-0.6010756582390661,-1.0975843146554967,-0.9165010502016704,-0.6601769605457236,9
674,RIP760,2017-08-27,RIP760,Croplands,36.839,-120.21,5.2,7.7000003,4.591917334296742,23.35805555555556,2.0075000000000007,1.3441666666666665,-0.8263541987239095,-0.5631507242749187,-1.097971607888279,0.1875425613610789,0.7985313752757328,0.11819372351823754,1,-1.0757247697798251,-1.2956453444643645,-0.9225447094206475,-0.4098380972631274,9
675,RIP760,2017-09-03,RIP760,Croplands,36.839,-120.21,4.7,6.3,4.470103626012962,25.39333333333333,2.384583333333333,1.6304166666666668,-0.888057322629493,-0.4597327394521046,-1.0920569020053132,0.06023062208177025,0.7304214200436513,-0.6322641540312375,1,-1.026076086141315,-1.14409007207409,-1.1060045478005347,-0.372486653145884,9
676,RIP760,2017-09-04,RIP760,Croplands,36.839,-120.21,3.6,8.5,4.311033975671486,25.211111111111126,2.014583333333333,1.9566666666666663,-0.8958392907349089,-0.4443781781046134,-1.4770762248760017,0.36013298208040007,1.087143271561135,-1.4770762248760017,1,-1.6503887429083823,-1.7177849656720678,-1.0630549660475552,-0.5167648120254215,9
677,RIP760,2017-09-12,RIP760,Croplands,36.839,-120.21,4.6,5.5,5.351202495306459,22.351388888888888,1.3045833333333334,1.632083333333333,-0.9483615800121716,-0.3171912885891059,-0.19377801663129887,0.3331918714053722,0.5913300467640903,-0.1937780166312989,1,-0.5636599638401818,-0.10052854763517947,0.08285446158146473,-0.09014778026885625,9
678,RIP760,2017-09-19,RIP760,Croplands,36.839,-120.21,4.4,5.0,4.857122876473769,14.87027777777778,1.011666666666667,3.026250000000001,-0.97961369164549,-0.2008905551306352,-0.9885233320798035,0.18618158161587403,0.6829199639515678,-0.9885233320798035,1,-0.7904801611514382,-1.0151035055652906,-1.1599863295226815,0.1245614582659756,9
679,RIP760,2017-09-20,RIP760,Croplands,36.839,-120.21,4.7,5.2000003,4.346394985312012,16.40611111111111,0.96,2.3833333333333337,-0.9829265519799822,-0.1839983516576798,-0.7680582068422543,0.09766648215910091,0.8033621389797322,-0.06084817746627724,1,-0.6721180700712416,-0.8673640264602449,-0.7646925239952765,-0.2261153999517182,9
680,RIP760,2017-10-05,RIP760,Croplands,36.839,-120.21,3.8,5.8,3.1507361398162685,12.841805555555556,1.09875,1.4958333333333331,-0.9973249731081556,0.0730951298980777,-1.5724670031983337,0.13147517627925148,0.8921447223553768,-0.2739392828308711,1,-1.4550297631552984,-1.714504846487751,-1.547866399951951,-0.7464294798877984,9
681,RIP760,2017-10-06,RIP760,Croplands,36.839,-120.21,3.6,4.6,2.9473217444152415,13.484444444444447,1.1933333333333334,1.1429166666666666,-0.9959189961471792,0.0902516100310407,-1.3935052112235595,0.04810840191376269,0.6104474334113356,-0.0881487000540424,1,-1.411507737255378,-1.4300160359102752,-1.3389918605050257,0.06967378809643161,9
682,RIP760,2017-10-13,RIP760,Croplands,36.839,-120.21,2.9,5.5,1.9351055750202144,10.546527777777776,0.9583333333333334,1.51375,-0.9778483415056568,0.2093146459630488,-1.1677068237702233,0.04936575961918956,0.8574013548160593,0.7620820261893477,1,-1.1112815148966793,-1.188911153751502,-1.2029278026624888,-0.2870859696165272,9
683,RIP760,2017-11-14,RIP760,Croplands,36.839,-120.21,1.5,2.4,1.2115097294073556,12.724444444444444,0.4791666666666668,1.6854166666666666,-0.7236440382959123,0.690173388242972,0.06176991496965259,0.17411764142010866,0.5161329018413294,-0.06176991496965256,1,-0.1104006895944969,0.23777137401297346,0.057939060490481226,0.02277402321810951,9
684,RIP760,2017-11-15,RIP760,Croplands,36.839,-120.21,1.2,2.2,0.6100716216121393,12.613472222222226,0.475,1.6475000000000002,-0.7116566222817751,0.7025274741691566,0.07054116290318821,0.12224604937725919,0.451635789912528,-0.07054116290318824,1,-0.04140930158323339,0.20097723528605319,0.05205555500674483,0.015159528783692732,9
685,RIP760,2017-12-16,RIP760,Croplands,36.839,-120.21,0.8,3.4,0.4526133942942124,8.067083333333334,0.5291666666666668,2.567916666666666,-0.2553532951161881,0.9668478136052772,0.08920610149296666,0.13609990511729556,0.7299397484342321,-0.08920610149296665,1,-0.04180348562833752,0.07954075314430806,0.22988103696292947,-0.00755885177116019,9
686,RIP760,2017-12-17,RIP760,Croplands,36.839,-120.21,0.4,1.7,0.3216881389211738,5.419305555555553,0.4316666666666667,1.0929166666666668,-0.2386727660059499,0.9711000518829505,0.10811147136344294,0.13510856214211728,0.39308172885929854,-0.10811147136344296,1,-0.003008053596464555,0.25850615327513204,0.06883631441166135,0.015159528783692732,9
687,RIP760,2018-02-11,RIP760,Croplands,36.839,-120.21,1.5,2.8,0.7980195963103474,8.93652777777778,0.7529166666666666,2.080833333333333,0.6616346182422783,0.7498264012045686,-0.3626021894080136,0.0510212490121561,0.5349686188506759,0.3626021894080136,1,-0.36439754230856036,-0.41270206566110346,-0.31070696025437694,0.0030706158477427034,9
688,RIP760,2018-02-18,RIP760,Croplands,36.839,-120.21,1.8,3.4,1.5332217552197458,8.501388888888886,0.5027083333333333,4.035000000000001,0.7469720876965552,0.6648553979642865,-0.5817967736650027,0.13818221900773775,0.7017028651662292,-0.04824028410449421,1,-0.45526358920033977,-0.5608829609813082,-0.7292437708133601,-0.00755885177116019,9
689,RIP760,2018-02-19,RIP760,Croplands,36.839,-120.21,1.3,2.5,1.0652229110929876,4.827361111111111,0.4147916666666666,2.9487500000000004,0.7583058084785625,0.6518989958787126,-0.44366312762858406,0.1566300019376321,0.44656821832321236,0.0258910501854408,1,-0.3939222394049907,-0.31794359685483725,-0.6191235466259243,0.02277402321810951,9
690,RIP760,2018-03-15,RIP760,Croplands,36.839,-120.21,1.8,3.1000001,2.2744606123970224,9.60277777777778,0.4862500000000001,2.04125,0.9562348265919056,0.2926003356333483,-0.10864734258234125,0.05731486974134391,0.5122227657463222,-0.10864734258234121,1,-0.0537330427028527,-0.16809369452880057,-0.10411529051537044,0.0030706158477427034,9
691,RIP760,2018-03-23,RIP760,Croplands,36.839,-120.21,1.8,3.1000001,2.799131260597437,8.92513888888889,0.3824999999999999,2.1775,0.9873494423939864,0.1585593851031347,-0.09414383103316315,0.07814674751868599,0.4788550532344996,-0.09414383103316326,1,-0.00471070053163089,-0.1284584481841174,-0.14926234438374114,0.0030706158477427034,9
692,RIP760,2018-03-31,RIP760,Croplands,36.839,-120.21,3.4,5.0,2.409303596016352,16.050833333333333,0.7160416666666668,1.424583333333333,0.9997685019798908,0.0215160974362222,-0.5892261786321882,0.06139722441435461,0.5853478871228232,0.5892261786321882,1,-0.6593458124665104,-0.5451083884874193,-0.563224334942635,-0.03515974323343813,9
693,RIP760,2018-04-23,RIP760,Croplands,36.839,-120.21,4.6,6.1,3.714019066082072,17.877361111111114,1.2145833333333336,1.49875,0.9307239310379796,-0.3657225234972689,-0.9307889646043863,0.0947576681515525,0.5287505112035372,0.8411729032314685,1,-1.0316653672080853,-0.9170519788385658,-0.8436495477665077,-0.18730806811373224,9
694,RIP760,2018-04-24,RIP760,Croplands,36.839,-120.21,4.5,6.5,3.369913181977149,17.47277777777778,1.3358333333333334,2.012083333333333,0.9242907221930934,-0.3816892202666588,-0.9999499798414334,0.2628768176899154,0.589529889638908,0.9999499798414334,1,-1.2991152195215723,-0.8948571431444724,-0.8058775768582555,-0.26783528264438444,9
695,RIP760,2018-05-02,RIP760,Croplands,36.839,-120.21,4.0,5.7000003,2.9482455774529774,13.574861111111112,0.7702083333333333,2.043333333333333,0.8631421280499114,-0.5049610547215204,-1.1727731848548315,0.3209992764954192,0.5586467552287725,0.9307356602392136,1,-1.4346501977189636,-0.8146654505097359,-1.2690039063357954,-0.23808294349842574,9
696,RIP760,2018-05-09,RIP760,Croplands,36.839,-120.21,5.3,7.3,4.897767851236897,17.022638888888892,1.2675,3.331666666666667,0.7961828637826158,-0.6050560696488488,-1.5180288778329618,0.3917862085262326,0.9438227065172817,-0.7135645803067561,1,-1.970266193646012,-1.3022779984260087,-1.2815424414268646,-0.6005590310975413,9
697,RIP760,2018-05-10,RIP760,Croplands,36.839,-120.21,5.7,7.4,4.27224874726765,15.692916666666669,1.18375,2.277083333333334,0.7856498550787145,-0.6186714032625031,-1.7526407182399062,0.4175467894172609,0.9242272757750689,1.1028617872247946,1,-1.9929468524831746,-1.2705000232406682,-1.9944752789958762,0.4371002055045635,9
698,RIP760,2018-05-17,RIP760,Croplands,36.839,-120.21,6.0,7.0,4.149567452086818,15.05388888888889,0.9214583333333332,2.501666666666667,0.705583610107178,-0.7086266782644596,-2.051886217971413,0.5607034884473743,0.9429453855093243,1.648978877854951,1,-2.3650408317544698,-1.404555365135647,-2.386062457024123,-6.467212311955738,9
699,RIP760,2018-05-18,RIP760,Croplands,36.839,-120.21,5.7,7.1,4.469912965939868,16.660833333333333,0.964375,2.224166666666666,0.6932812268869777,-0.7206671495538609,-1.6519187848939538,0.49237819197580446,0.8266055624443943,0.8082552832263097,1,-2.01351176791465,-1.0911562818694074,-1.8510883048978048,0.47913444619271356,9
700,RIP760,2018-06-02,RIP760,Croplands,36.839,-120.21,6.1,8.2,5.1627670256283285,19.216111111111108,1.566041666666666,1.086666666666667,0.48627270710869,-0.8738071036110808,-1.4710305145410525,0.21866265092214757,1.0450093347010365,0.4034354342022899,1,-1.6643249138340932,-1.2337017194040136,-1.5150649103850504,-0.7597839904862754,9
701,RIP760,2018-06-03,RIP760,Croplands,36.839,-120.21,6.7,9.2,4.7480565263093055,21.45944444444445,2.124791666666667,1.3854166666666667,0.4711595076738638,-0.8820480249558537,-1.7433078672756572,0.3073510938715539,1.2629808705314165,1.7433078672756572,1,-1.8072352888289993,-1.4090203921598314,-2.0136679208381407,-0.9536911460356158,9
702,RIP760,2018-06-10,RIP760,Croplands,36.839,-120.21,6.8,9.0,4.957015926460714,14.47736111111111,1.4845833333333331,3.4266666666666663,0.3617137307297676,-0.9322892131745132,-2.0480970296734493,0.28308500076754667,1.3254256390066488,1.637871117405123,1,-2.3673202333770624,-1.9493913168838928,-1.827579538759393,1.8805055324352349,9
703,RIP760,2018-06-11,RIP760,Croplands,36.839,-120.21,5.9,8.8,5.035503218996769,16.918611111111108,1.4785416666666666,2.38375,0.3456123126707335,-0.938377391740864,-1.6840210264608153,0.37183990887903423,1.1744588895207666,0.044972535545648284,1,-1.9058976083386754,-1.2547385748312634,-1.891426896212507,-0.8436484159392442,9
704,RIP760,2018-06-18,RIP760,Croplands,36.839,-120.21,5.0,8.2,4.958112498204586,17.771527777777774,1.2666666666666666,2.199583333333333,0.2303056702306122,-0.973118337233262,-1.4978579894546282,0.21878250802587576,0.7915102639775896,-1.4140829858638,1,-1.6028221593067713,-1.2463716882326945,-1.6443801208244184,-0.641062790636174,9
705,RIP760,2018-06-19,RIP760,Croplands,36.839,-120.21,5.4,8.900001,5.367157228405929,19.692083333333333,1.6102083333333337,1.9766666666666672,0.2135209154397961,-0.9769384927771816,-1.5043120670697039,0.1294300853306064,0.970149355269205,-1.4386265238815603,1,-1.6304384973574608,-1.3718137046599144,-1.510683999191736,-0.9132315324797252,9
706,RIP760,2018-06-26,RIP760,Croplands,36.839,-120.21,5.6,9.7,6.13230573045689,19.656111111111112,1.9027083333333337,1.60875,0.0945367498171991,-0.9955213724144752,-2.089171093958699,0.22725408726228202,1.282613383178272,-2.089171093958699,1,-2.3436792315429678,-2.0172670577316225,-1.906566992601506,1.0032102407392056,9
707,RIP760,2018-07-04,RIP760,Croplands,36.839,-120.21,5.4,7.2000003,5.283817820110031,18.76736111111111,1.2783333333333335,1.842083333333333,-0.0430222330045303,-0.99907411510223,-0.8884720941009805,0.1456312418084468,0.4937497437927586,-0.6561077343210426,1,-0.7230189441346674,-0.9451717605981322,-0.9972255775701415,-0.6195140235094697,9
708,RIP760,2018-07-05,RIP760,Croplands,36.839,-120.21,5.6,7.5,5.2660351712020494,20.109861111111115,1.495208333333333,2.00125,-0.0602132773657927,-0.9981855344718586,-0.7362111116618073,0.12275563375310593,0.649993231034585,-0.06828145406590691,1,-0.5962431491609058,-0.8255773714969953,-0.7868128143275207,-0.4107924779868647,9
709,RIP760,2018-07-12,RIP760,Croplands,36.839,-120.21,5.4,7.3,5.166702558970631,22.66861111111111,2.351875,1.5025000000000004,-0.1797665857255621,-0.9837092937736098,-1.5155869460771008,0.07836590881003418,0.8626851438145181,-1.0489920640183612,1,-1.478577505641739,-1.4625798375346484,-1.6056034950549152,-0.7729640049514721,9
710,RIP760,2018-07-13,RIP760,Croplands,36.839,-120.21,5.7,8.6,6.195749853125856,23.02541666666667,2.273333333333333,2.310416666666667,-0.1966728897935762,-0.980469160361632,-1.3418373654899185,0.2350578301510297,1.1352277586846469,-1.3418373654899185,1,-1.2557521543516552,-1.1619580433965369,-1.6078018987215634,-0.5885169959059413,9
711,RIP760,2018-07-20,RIP760,Croplands,36.839,-120.21,5.4,8.6,6.206974937736821,22.926944444444448,2.209583333333333,2.0970833333333334,-0.3131070409358267,-0.9497178427914316,-1.4655996225265533,0.15876193569801206,1.0083878529247083,-1.465599622526553,1,-1.4105262684605697,-1.3417079452776546,-1.644564653841436,-0.7835262518214767,9
712,RIP760,2018-07-21,RIP760,Croplands,36.839,-120.21,5.5,8.0,6.549454052062725,23.49347222222222,1.8685416666666663,2.212083333333333,-0.3294084822245302,-0.9441875088341994,-0.6350024291627535,0.1952390462975536,0.8502136419771686,-0.6350024291627534,1,-0.41337139081826885,-0.7100681604903464,-0.7815677361796454,-0.45044266446233355,9
713,RIP760,2018-07-28,RIP760,Croplands,36.839,-120.21,5.2,10.400001,4.947212672627981,21.50277777777778,1.648125,1.5949999999999998,-0.4405187843504952,-0.8977433935342336,-1.952082494348448,0.25393839830087417,1.3681366285659735,-1.4465078396044102,1,-1.9100442040708954,-2.224416773819637,-1.7217865051548118,1.9278250029724093,9
714,RIP760,2018-07-29,RIP760,Croplands,36.839,-120.21,5.7,10.6,5.052468950424767,21.87805555555556,1.9527083333333335,1.895833333333333,-0.455906693508459,-0.8900275764346766,-1.8825045006580823,0.1359471856991133,1.401191563252473,-0.5874424015076152,1,-1.7893467648850983,-2.038503953896451,-1.8196627831926975,1.8643577308073844,9
715,RIP760,2018-08-05,RIP760,Croplands,36.839,-120.21,5.2,9.900001,4.3553253900523226,19.25291666666666,2.0968749999999994,2.4266666666666667,-0.5595892624101763,-0.828770087174504,-2.056481586654063,0.206189681249282,1.4180416796292656,-0.36713236675870764,1,-1.8625695512462956,-2.033801587428708,-2.2730736212871854,1.9278250029724093,9
716,RIP760,2018-08-06,RIP760,Croplands,36.839,-120.21,5.3,10.5,3.6279470802764617,19.503472222222214,1.7052083333333334,2.1766666666666667,-0.5737722679043243,-0.8190148866680802,-1.8569370893251822,0.31018141033463087,1.4851281565835879,1.487168750121894,1,-1.5878913166102764,-2.19621174357576,-1.7867082077895104,2.0731148145910145,9
717,RIP760,2018-08-13,RIP760,Croplands,36.839,-120.21,4.7,8.0,3.981352944135345,20.3625,2.031875,1.8108333333333335,-0.6680638642135333,-0.7441039398713608,-1.886208284003372,0.0856204974489489,0.743228924285878,-0.4489141722740613,1,-1.797070818654086,-1.8937398220389219,-1.9678142113171084,1.9116865486840195,9
718,RIP760,2018-08-21,RIP760,Croplands,36.839,-120.21,3.5,6.6,2.0951833859921,18.60513888888889,1.3208333333333335,2.02375,-0.7638886127905429,-0.64534811322955,-1.10877119832698,0.13755742324971745,0.728767232043125,1.10877119832698,1,-1.1627001016311242,-0.9524205042361883,-1.2111929891136273,-0.3056011338421696,9
719,RIP760,2018-08-22,RIP760,Croplands,36.839,-120.21,4.1,6.4,2.944530701350612,18.696666666666665,1.0602083333333334,2.1700000000000004,-0.7748840413670406,-0.6321034111873488,-0.5250011772356088,0.1731816592155143,0.6586717691980344,0.5250011772356088,1,-0.5483830624987769,-0.34131647695627304,-0.6853039922517765,-0.16039395914359555,9
720,RIP760,2018-08-29,RIP760,Croplands,36.839,-120.21,4.8,5.9,3.6114749920046583,18.16180555555556,1.0341666666666665,2.144166666666667,-0.8452490573530634,-0.5343725582809785,-0.39074402033172273,0.14653448787796133,0.6399638143230622,0.39074402033172273,1,-0.5505004140227402,-0.2625877006583029,-0.35914394631412505,-0.09441271377993317,9
721,RIP760,2018-09-06,RIP760,Croplands,36.839,-120.21,4.4,7.9,4.966915561177312,19.387222222222224,1.46375,2.1991666666666667,-0.9106046300942162,-0.4132786077829044,-1.0969829162242368,0.3373967570978976,0.9471473311475214,-1.0969829162242368,1,-0.8817476875801246,-1.4858333859580768,-0.9233676751345093,-0.38580928372657064,9
722,RIP760,2018-09-07,RIP760,Croplands,36.839,-120.21,4.9,8.3,4.4553287498780305,20.014027777777773,1.7162500000000005,1.68375,-0.9175836260593934,-0.3975428142825566,-1.3419510459891715,0.2610790357625705,1.0336046137267985,-0.4526085457452318,1,-1.1690890944248666,-1.6422776088944542,-1.2144864346481943,-0.5942774195197087,9
723,RIP760,2018-09-14,RIP760,Croplands,36.839,-120.21,3.5,5.7000003,3.846096619259282,15.601944444444449,1.2391666666666667,1.8883333333333336,-0.9587178169872964,-0.2843591872810036,-1.3756737438731417,0.08773557609146151,0.5826933296023054,-1.3756737438731417,1,-1.2788471827184822,-1.3982801628953958,-1.4498938860055475,-0.2670486618116276,9
724,RIP760,2018-09-15,RIP760,Croplands,36.839,-120.21,4.3,7.2000003,4.6784490178655584,15.40569444444444,1.3339583333333336,2.5845833333333332,-0.9634705485641486,-0.2678143051621748,-1.3863435608370258,0.3456889930630753,0.9965410489439614,-1.3863435608370258,1,-1.0407460205929409,-1.7321239341944745,-1.386160727723662,-0.4029076453358651,9
725,RIP760,2018-09-22,RIP760,Croplands,36.839,-120.21,4.2,6.3,3.873498363910961,17.89305555555556,1.6381249999999998,1.375,-0.9886775902323404,-0.1500553983446526,-1.4656438671543413,0.10274552587396132,0.7156995514849729,-0.812640594976263,1,-1.4033910848949054,-1.584235030694649,-1.409305485873469,-0.45100239680708876,9
726,RIP760,2018-09-23,RIP760,Croplands,36.839,-120.21,4.3,6.9,4.142970665446729,17.405416666666667,1.6454166666666667,1.7704166666666667,-0.9911140639934546,-0.1330147065341963,-1.550951856389038,0.1415193092520544,0.8644632380351862,-1.2368931872824962,1,-1.418965259264693,-1.7003859634673706,-1.53350434643505,-0.45100239680708876,9
727,RIP760,2018-09-30,RIP760,Croplands,36.839,-120.21,3.2,4.2000003,2.2329031122094105,16.531666666666666,0.7110416666666667,1.3912499999999997,-0.999916658654738,-0.0129102960750088,-0.7170129674762221,0.1507420318702243,0.5499107139864752,0.7170129674762221,1,-0.8688168385142124,-0.7148663621088479,-0.5673557018056059,0.01839169703691648,9
728,RIP760,2018-10-01,RIP760,Croplands,36.839,-120.21,3.7,4.4,2.5788684481216344,17.404305555555556,1.07875,1.2,-0.99999073973619,0.0043035382962438,-0.8006622197710557,0.1890941489331627,0.5856037995246293,0.8006622197710557,1,-0.8954344689097957,-0.9236294419714088,-0.5829227484319625,0.01839169703691648,9
729,RIP760,2018-10-08,RIP760,Croplands,36.839,-120.21,3.9,4.4,3.0816341876713502,13.431388888888891,0.8804166666666667,1.1820833333333334,-0.9922222094179324,0.1244792638867886,-1.03779308308019,0.11075158790278261,0.6805908270807132,0.5989385415771094,1,-1.1617979563434833,-1.002864762836779,-0.9487165300603079,0.1245614582659756,9
730,RIP760,2018-10-09,RIP760,Croplands,36.839,-120.21,3.7,4.8,2.5543257303256484,14.684999999999995,0.9831250000000004,0.9204166666666664,-0.989932495087353,0.141540295217043,-0.9743675124394634,0.12232429616560658,0.7043427820162461,0.9743675124394634,1,-1.0960574268195817,-0.9756265566183228,-0.8514185538804857,0.1245614582659756,9
731,RIP760,2018-10-16,RIP760,Croplands,36.839,-120.21,3.2,4.1,1.7758619404881062,12.245694444444444,1.06125,0.9258333333333334,-0.965739937654855,0.2595117970697994,-1.0569462874058575,0.09900559936511497,0.7021270808815653,1.0569462874058575,1,-1.1508277829988125,-0.9535094574924037,-1.066501621726356,0.1245614582659756,9
732,RIP760,2018-10-17,RIP760,Croplands,36.839,-120.21,2.6,3.6000001000000004,1.6104120386707927,13.126805555555556,1.1735416666666667,1.0420833333333333,-0.9611297838723007,0.2760969730974688,-0.9975592356765208,0.1194294885295629,0.5512458792572452,0.9816166869818939,1,-1.132917846584661,-0.9070339771848329,-0.9527258832600687,0.17622557313387083,9
733,RIP760,2018-11-09,RIP760,Croplands,36.839,-120.21,1.4,1.7,0.75328908635603,8.564722222222219,0.7595833333333335,0.9845833333333333,-0.780295851070776,0.6254105729852457,-0.3338573903541831,0.09117385206811005,0.5635438711426988,0.3338573903541831,1,-0.3638541406124687,-0.4062536233618937,-0.23146440708818705,0.015159528783692732,9
734,RIP760,2018-11-10,RIP760,Croplands,36.839,-120.21,1.1,1.8000001,0.4801855920981186,7.318472222222222,0.4927083333333333,0.9499999999999998,-0.7694148268839381,0.6387494220515268,-0.010213169903823288,0.0647475507746005,0.3867452295271221,0.01021316990382326,1,-0.08335124248010767,0.039785761625127286,0.012925971143510517,0.0030706158477427034,9
924,SLM001,2016-02-12,SLM001,Croplands,38.289,-121.118,0.8,1.6,0.9365172051003802,11.832638888888884,0.46625,1.1987500000000002,0.6744436188329455,0.7383263540031065,0.0533207151555094,0.033491059904228355,0.2828124059074849,0.0533207151555094,1,0.09124168523831169,0.02779127932322678,0.04092918090498973,-0.01090406373120529,9
925,SLM001,2016-03-15,SLM001,Croplands,38.289,-121.118,1.9,2.7,2.3167650843079164,10.09659722222222,0.5666666666666668,2.1420833333333333,0.9611297838723007,0.2760969730974688,-0.030631324758725154,0.12102566222963229,0.6532180164586033,-0.030631324758725154,1,0.10342664879684652,-0.06347616736481523,-0.13184445570820674,-0.00755885177116019,9
926,SLM001,2016-03-16,SLM001,Croplands,38.289,-121.118,2.9,2.9,1.7511624125354657,11.03722222222222,0.55125,1.0566666666666666,0.9657399376548548,0.2595117970697999,-0.4091225435126087,0.1883780314306025,0.5060799850215509,0.4091225435126087,1,-0.23161331261451643,-0.3890004514657681,-0.6067538664575416,0.02277402321810951,9
927,SLM001,2016-03-23,SLM001,Croplands,38.289,-121.118,2.1,3.4,2.1725794853575233,10.40152777777778,0.6383333333333332,1.6033333333333333,0.989932495087353,0.141540295217043,-0.06806650926795305,0.02193523377138884,0.5126377961062916,-0.06806650926795305,1,-0.08731793404856925,-0.07269532119600383,-0.04418627255928606,-0.01090406373120529,9
928,SLM001,2016-04-01,SLM001,Croplands,38.289,-121.118,2.7,3.6000001000000004,1.2903833646224248,12.49138888888889,0.6541666666666666,1.1775,0.999916658654738,-0.0129102960750088,-0.13011044184053014,0.11741341746188112,0.3977605590301373,0.1301104418405301,1,-0.12451480405517037,-0.015594888825275904,-0.2502216326411441,0.015159528783692732,9
929,SLM001,2016-04-08,SLM001,Croplands,38.289,-121.118,2.2,3.5,1.9063565621481855,14.738194444444444,0.5983333333333333,1.7641666666666664,0.9911140639934548,-0.1330147065341959,0.35204595654013254,0.1216369465197405,0.45126002798697346,-0.3520459565401326,1,0.48912337438141096,0.3100191863852999,0.2569953088536867,0.015159528783692732,9
930,SLM001,2016-04-16,SLM001,Croplands,38.289,-121.118,4.0,5.1,2.3673419267412696,13.071944444444444,1.0166666666666664,1.2854166666666664,0.9634705485641488,-0.2678143051621742,-1.0202217235721458,0.1495335461112636,0.5403221964756765,1.0202217235721458,1,-1.1117493754715257,-0.8476616117306804,-1.1012541835142313,-0.03502528808932745,9
931,SLM001,2016-04-17,SLM001,Croplands,38.289,-121.118,3.9,4.7000003,2.0614825761594298,15.854861111111108,1.2133333333333334,1.2795833333333333,0.9587178169872964,-0.2843591872810034,-0.6179267413399164,0.04910138890739224,0.5434011679640539,0.6179267413399163,1,-0.6320814391039905,-0.5633027859434208,-0.6583959989723382,-0.03515974323343813,9
932,SLM001,2016-04-24,SLM001,Croplands,38.289,-121.118,3.6,4.3,3.45931469743223,12.994861111111112,0.6383333333333333,1.997083333333333,0.9175836260593936,-0.3975428142825559,-0.7755505629514786,0.20600582100004386,0.5923109810834791,-0.4941799578159388,1,-0.978379288868485,-0.5665082331671312,-0.7817641668188197,0.014177966060980289,9
933,SLM001,2016-04-25,SLM001,Croplands,38.289,-121.118,3.8,5.0,3.068230156002723,10.457916666666666,0.83875,2.2645833333333334,0.9106046300942164,-0.4132786077829042,-1.45581632873034,0.2421626248889502,0.45977341894299695,0.007723359264213636,1,-1.6129867929164705,-1.176941753975855,-1.5775204392986946,0.07986948237654704,9
934,SLM001,2016-05-02,SLM001,Croplands,38.289,-121.118,4.0,5.1,3.69929419691325,15.412638888888884,1.1983333333333333,1.3241666666666667,0.854322169749827,-0.5197438121555155,-0.8252022157091159,0.011918673562663937,0.4993077189382368,-0.22379060953561547,1,-0.8379017520366624,-0.823445497979677,-0.8142593971110083,-0.17554375013662823,9
935,SLM001,2016-05-11,SLM001,Croplands,38.289,-121.118,4.9,5.7000003,3.779702396551391,16.45875,1.2358333333333331,1.0229166666666667,0.7638886127905428,-0.6453481132295501,-0.9866710655774127,0.05355437801869087,0.5547627139440904,0.9866710655774127,1,-0.9640554358682056,-0.9481344085759431,-1.0478233522880893,-0.27136633233642976,9
936,SLM001,2016-05-18,SLM001,Croplands,38.289,-121.118,4.9,7.8,3.8847291002100586,18.601666666666674,1.915,1.3579166666666669,0.6807734094770161,-0.7324940716135789,-1.951190844197045,0.42931222847955014,0.8667123555850716,0.07935095538283865,1,-2.3928835032007254,-1.5354350850650011,-1.9252539443254078,2.738090684570333,9
937,SLM001,2016-05-19,SLM001,Croplands,38.289,-121.118,5.0,6.1,3.971675345540697,15.202083333333334,1.1829166666666668,2.2616666666666663,0.6680638642135335,-0.7441039398713607,-1.476019773157755,0.1429291308242074,0.511969307826632,0.5806295357608515,1,-1.5555160066751967,-1.3110159256695832,-1.5615273871284847,-0.38201533303982677,9
938,SLM001,2016-05-26,SLM001,Croplands,38.289,-121.118,4.3,6.1,3.785263229550428,15.380277777777776,1.0133333333333334,1.4545833333333336,0.5737722679043246,-0.8190148866680801,-1.2549254640677339,0.19159203636839744,0.5287240644782301,-0.2254519231685903,1,-1.404054607284095,-1.038840991447523,-1.3218807934715837,-0.3562174117562387,9
939,SLM001,2016-05-27,SLM001,Croplands,38.289,-121.118,4.9,6.2000003,4.178048896592238,16.384583333333335,1.4183333333333332,1.44375,0.5595892624101765,-0.8287700871745037,-1.1981128602242437,0.16066396529457666,0.5367917128852291,0.2457893465912806,1,-1.330980473286703,-1.019551636022355,-1.2438064713636727,-0.38201533303982677,9
940,SLM001,2016-06-11,SLM001,Croplands,38.289,-121.118,5.3,6.4,5.061308834539209,16.12875,1.5966666666666671,1.6425000000000003,0.3294084822245304,-0.9441875088341992,-1.4024454267340014,0.09938609036245676,0.5357727182440488,-0.9250630958124193,1,-1.301978226233451,-1.4046441315933105,-1.5007139223752428,-0.5833080898647087,9
941,SLM001,2016-06-19,SLM001,Croplands,38.289,-121.118,4.7,6.4,5.5793458769012485,17.545694444444443,1.7720833333333337,1.5095833333333333,0.1966728897935764,-0.980469160361632,-1.4901240464187486,0.13078540994318114,0.5977595841457777,-1.4901240464187486,1,-1.61055301895089,-1.508823883219821,-1.3509952370855345,-0.42859603465383517,9
942,SLM001,2016-06-20,SLM001,Croplands,38.289,-121.118,4.9,7.5,5.974858236933264,17.736250000000005,2.0975,1.5225,0.1797665857255624,-0.9837092937736096,-2.236944708899987,0.30916332706964145,0.7511291412186575,-2.236944708899987,1,-2.593588269179466,-2.072260780062902,-2.044985077457593,-13.959939755745495,9
943,SLM001,2016-06-27,SLM001,Croplands,38.289,-121.118,5.5,7.8,6.816620439813738,21.10388888888889,2.4325,1.559583333333333,0.060213277365793,-0.9981855344718586,-2.0710637815362496,0.17912855601824573,1.0529619070081089,-2.0710637815362496,1,-2.2559390327082665,-1.8982962380538275,-2.0589560738466552,0.8969824765660992,9
944,SLM001,2016-06-28,SLM001,Croplands,38.289,-121.118,5.7,8.5,6.20454398680126,20.99694444444445,2.289166666666667,1.2666666666666666,0.0430222330045305,-0.99907411510223,-2.0613868480309927,0.13513878415497152,1.1423356875796482,-2.0613868480309927,1,-2.2169266893704394,-1.9727537188132027,-1.9944801359093358,1.8643577308073844,9
945,SLM001,2016-07-05,SLM001,Croplands,38.289,-121.118,5.1,6.6,5.230821243033192,16.408055555555556,1.0658333333333332,1.5095833333333335,-0.0773864792334632,-0.9970011699250152,-1.2146244304572649,0.09877186606595803,0.5302034977982444,-1.2146244304572649,1,-1.1652725160028554,-1.150254484180069,-1.3283462911888704,-0.46488698264686856,9
946,SLM001,2016-07-06,SLM001,Croplands,38.289,-121.118,4.9,6.6,5.337619355622664,16.425,1.1525,1.5741666666666665,-0.0945367498171993,-0.9955213724144752,-1.2324866007467847,0.09855288830893723,0.4541830085895541,-1.2324866007467847,1,-1.1737348012433082,-1.1774596490338873,-1.3462653519631584,-0.46488698264686856,9
947,SLM001,2016-07-13,SLM001,Croplands,38.289,-121.118,5.0,7.6,6.355588872783346,19.306666666666672,2.056666666666667,1.3629166666666668,-0.2135209154397959,-0.9769384927771816,-1.927827670956791,0.1657431725291901,0.5680632354023202,-1.9278276709567912,1,-2.1192001671197005,-1.8339372581472144,-1.8303455876034576,1.8692824107800439,9
948,SLM001,2016-07-14,SLM001,Croplands,38.289,-121.118,5.4,7.9,6.263783100185707,20.307777777777773,2.4241666666666664,1.2070833333333335,-0.2303056702306119,-0.973118337233262,-2.2088493493752037,0.1713113621609029,0.9712097773591359,-2.2088493493752037,1,-2.397809455899879,-2.1650461292031618,-2.063692463022571,-14.054807212986729,9
949,SLM001,2016-07-21,SLM001,Croplands,38.289,-121.118,5.1,6.8,5.534956060703981,16.664722222222224,1.6375,1.5066666666666666,-0.3456123126707333,-0.9383773917408642,-1.5671260808358518,0.12686873895498757,0.6501693238718836,-1.5671260808358518,1,-1.5910425312997596,-1.430001248747539,-1.6803344624602574,-0.9707921068985534,9
950,SLM001,2016-07-22,SLM001,Croplands,38.289,-121.118,4.8,7.5,5.498965396858346,17.705694444444443,1.75375,1.3570833333333334,-0.3617137307297674,-0.9322892131745134,-1.8926962235243734,0.17536826284293897,0.5562308932523482,-1.8926962235243732,1,-2.071725842114428,-1.7212343315285272,-1.8851284969301652,1.9513367351594884,9
951,SLM001,2016-08-06,SLM001,Croplands,38.289,-121.118,4.9,6.2000003,4.177755718134904,16.498611111111117,1.175,1.29625,-0.5877852522924734,-0.8090169943749472,-0.9124423168020627,0.22151813113056568,0.7076193355624966,0.5320462469281303,1,-1.1439758639394555,-0.7025243625075729,-0.8908267239591593,-0.2573837040475202,9
952,SLM001,2016-08-07,SLM001,Croplands,38.289,-121.118,4.2,6.2000003,4.213717515566197,16.64819444444445,1.2924999999999998,1.3816666666666668,-0.6016240632249227,-0.7987793728863648,-1.264033354618866,0.3587878372958214,0.6436602154793303,-1.264033354618866,1,-1.6364591952432963,-0.9206486902881962,-1.2349921783251052,-0.4222915383013309,9
953,SLM001,2016-08-14,SLM001,Croplands,38.289,-121.118,4.8,7.2000003,5.006198239909005,19.690694444444443,2.3475000000000006,1.3295833333333331,-0.6932812268869771,-0.7206671495538615,-2.348865899932029,0.031176024947706278,0.7127327449940993,-2.348865899932029,1,-2.3700849508458988,-2.31307188638667,-2.3634408625635173,-13.917535617841517,9
954,SLM001,2016-08-15,SLM001,Croplands,38.289,-121.118,5.3,6.6,3.7352424244325513,18.11986111111111,1.6641666666666668,1.2875,-0.7055836101071774,-0.7086266782644601,-1.3215415029949,0.12435391935058919,0.5134815879999903,1.3215415029949,1,-1.299779536304192,-1.209504994248334,-1.455339978432174,-0.5833080898647087,9
955,SLM001,2016-09-07,SLM001,Croplands,38.289,-121.118,3.9,5.9,3.2662002185688186,17.867916666666673,1.877916666666667,1.15,-0.9242907221930934,-0.3816892202666586,-1.8807026122404793,0.064010941476546,0.6161053758357664,-0.6131030493781167,1,-1.9317266500742818,-1.808878485823867,-1.9015027008232899,2.1244233416267577,9
956,SLM001,2016-09-08,SLM001,Croplands,38.289,-121.118,3.5,5.9,3.1789372769641133,17.437361111111112,1.3304166666666668,1.4320833333333332,-0.9307239310379792,-0.3657225234972692,-1.3030518163927838,0.14264656543299992,0.5854296827665276,-0.6609263703210104,1,-1.441296266783288,-1.1563770504138688,-1.3114821319811945,-0.2670486618116276,9
957,SLM001,2016-09-15,SLM001,Croplands,38.289,-121.118,3.1,4.8,2.447906109380578,15.551666666666666,1.2412499999999995,0.9870833333333334,-0.9679377830240642,-0.2511900638848195,-1.3982823187537041,0.12118371080369991,0.5849545798623652,-0.09409453751486008,1,-1.331166581733854,-1.3255053380966388,-1.538175036430619,0.10713627708365324,9
958,SLM001,2016-09-23,SLM001,Croplands,38.289,-121.118,2.9,5.1,2.1683774321930143,13.575833333333335,1.2687500000000005,1.71125,-0.9932568492674144,-0.1159345995955006,-1.5328666596552576,0.20720621335056777,0.5269416050432729,-0.0696215240412863,1,-1.354581998932503,-1.7601949142792392,-1.4838230657540308,-0.11530563637562118,9
959,SLM001,2016-09-24,SLM001,Croplands,38.289,-121.118,2.9,5.5,1.517424781276744,15.771388888888884,1.455,1.0145833333333336,-0.9951053111006974,-0.0988201387328721,-1.7124675604894108,0.17168775563624739,0.7005735530156463,1.0526828769571008,1,-1.5613287563536706,-1.6769312388130673,-1.8991426863014949,-0.7554591802958937,9
960,SLM001,2016-10-02,SLM001,Croplands,38.289,-121.118,2.6,3.5,1.231510812489752,12.482083333333335,0.6829166666666665,1.9841666666666669,-0.9992500112396836,0.0387222808921739,-0.9088037000378314,0.15668477857370117,0.49351025802589177,0.9088037000378314,1,-1.035694578905003,-0.9570459881392228,-0.7336705330692681,0.0388629745012425,9
961,SLM001,2017-03-02,SLM001,Croplands,38.289,-121.118,1.4,2.1000001,1.0965808058917983,9.065555555555555,0.5350000000000001,1.2054166666666666,0.8674563547295968,0.4975132889071806,0.01471486915479131,0.048680245654789366,0.42440266141168337,-0.01471486915479131,1,0.0571659426150615,0.025398517443451313,-0.03841985259413888,0.0030706158477427034,9
962,SLM001,2017-03-03,SLM001,Croplands,38.289,-121.118,2.0,2.3,0.953837904964118,9.431805555555558,0.4908333333333332,0.9466666666666668,0.8758917051442429,0.4825077417612184,-0.2016562879273239,0.15262881035135795,0.5496184326149897,0.20165628792732393,1,-0.04429946831986628,-0.21159841006914648,-0.34907098539295894,0.015159528783692732,9
963,SLM001,2017-04-03,SLM001,Croplands,38.289,-121.118,2.7,4.8,1.9528814898248088,11.997500000000002,1.0454166666666669,2.4883333333333333,0.9995462806873572,-0.0301203048469081,-0.45382426396731096,0.2255853910855063,0.4408030072808997,0.45382426396731096,1,-0.6450591635376852,-0.5113756052622015,-0.20503802310204622,-0.006485383714376229,9
964,SLM001,2017-04-04,SLM001,Croplands,38.289,-121.118,2.7,3.4,1.9508874725583067,13.295694444444443,0.9404166666666668,1.0566666666666669,0.9988797155850336,-0.0473213883224318,-0.0211705798483522,0.16918055977860516,0.5020367344138472,0.021170579848352244,1,0.07683475023286376,0.07617660397927786,-0.21652309375719822,0.02277402321810951,9
965,SLM001,2017-04-27,SLM001,Croplands,38.289,-121.118,4.0,4.3,2.9878912360284526,13.583055555555555,0.7791666666666667,2.1066666666666665,0.9033558023246844,-0.4288919379124835,-1.006994954966694,0.2064502622366672,0.5629882213006026,1.006994954966694,1,-1.2071754398183505,-0.7947996685374604,-1.019009756544271,0.15915505912802536,9
966,SLM001,2017-04-28,SLM001,Croplands,38.289,-121.118,4.2,5.9,3.4051082018025807,12.010277777777777,1.1083333333333334,3.9045833333333335,0.895839290734909,-0.4443781781046132,-1.4728587369440103,0.22551953516729195,0.7633900077753607,0.11692485945082876,1,-1.5150475954763305,-1.674304497090631,-1.2292241182650694,-0.3146441231177733,9
967,SLM001,2017-05-05,SLM001,Croplands,38.289,-121.118,4.0,4.9,3.070835573363808,14.521388888888886,0.8566666666666666,1.9175,0.835925479418637,-0.548842958284719,-0.8629892719171469,0.16107558320224544,0.4365360307516216,0.8629892719171469,1,-0.9574969308241065,-0.6770034335043509,-0.9544674514229837,0.01839169703691648,9
968,SLM001,2017-05-13,SLM001,Croplands,38.289,-121.118,4.1,5.1,2.720762658463828,10.633055555555558,0.8554166666666666,1.8858333333333333,0.7526668275320084,-0.6584015846980488,-1.5127751413127075,0.19140554534848153,0.5568165879600626,1.2456995417596357,1,-1.5979924514021155,-1.2935607379584033,-1.646772234577604,-0.11109190539968498,9
969,SLM001,2017-05-14,SLM001,Croplands,38.289,-121.118,3.8,5.1,2.598066669350225,11.402499999999998,0.8633333333333334,1.4025000000000003,0.741222010848596,-0.6712599575675313,-1.2409648015550208,0.18455671689847858,0.562409875409704,1.1629018597445293,1,-1.3565576058631914,-1.0281203118716953,-1.3382164869301754,-0.11109190539968498,9
970,SLM001,2017-05-22,SLM001,Croplands,38.289,-121.118,4.8,6.8,4.9471792425134185,19.730277777777776,1.9975,1.0191666666666666,0.6420547132365637,-0.766658819300159,-1.678948787467924,0.16840999143817922,0.8201088655274825,-1.678948787467924,1,-1.8544475915421224,-1.5186593789337048,-1.6637393919279455,-0.9819435346918605,9
971,SLM001,2017-05-29,SLM001,Croplands,38.289,-121.118,5.1,5.9,3.836934413251965,15.935416666666669,0.8908333333333333,1.3433333333333335,0.545240438540651,-0.8382797052177743,-1.1501714531673115,0.15173149477266934,0.5283087615202878,1.1501714531673115,1,-1.2090619024665228,-0.9778228249824809,-1.2636296320529308,-0.2366140700749077,9
972,SLM001,2017-05-30,SLM001,Croplands,38.289,-121.118,4.8,5.5,3.639892097863967,14.840694444444445,0.8975,1.8770833333333328,0.5307300481619334,-0.8475409228928311,-1.1606370735519895,0.17369513501842207,0.4923337986565353,1.1595787307200764,1,-1.06938776106617,-1.0515840903080722,-1.3609393692817262,-0.22721711847605208,9
973,SLM001,2017-06-06,SLM001,Croplands,38.289,-121.118,6.0,6.7000003,5.131293928760631,16.89375,1.5866666666666671,1.4016666666666673,0.4250003399695541,-0.9051931898913974,-1.2939902535147092,0.11684896936617706,0.686309136272608,0.443421888964028,1,-1.2021137509253599,-1.2543556537063631,-1.4255013559124046,-0.7340043018548754,9
974,SLM001,2017-06-14,SLM001,Croplands,38.289,-121.118,5.3,6.9,5.4361534900534805,17.184722222222227,1.5566666666666664,1.5645833333333332,0.2967128192734907,-0.9549667548552552,-1.335328649665519,0.08662599253994259,0.5017737671602189,-1.335328649665519,1,-1.3418172081623736,-1.245640825024709,-1.4185279158094737,-0.596330150496469,9
975,SLM001,2017-06-15,SLM001,Croplands,38.289,-121.118,5.8,7.2000003,5.7188079847201205,17.9375,1.7054166666666666,1.7458333333333336,0.2802306751992158,-0.9599326896597448,-1.2957659748455028,0.16557929578359384,0.6873967589135703,-1.1333819442857442,1,-1.2112736021990946,-1.1894783858325018,-1.4865459365049118,-0.6905358020332607,9
976,SLM001,2017-06-22,SLM001,Croplands,38.289,-121.118,5.9,8.7,6.647973082154,24.45583333333333,2.57875,1.2587499999999998,0.1628070129385171,-0.986657932891657,-2.0801526854723034,0.19367130916810174,1.3472606709894914,-2.0801526854723034,1,-2.1578955067748415,-1.859689379911521,-2.2228731697305473,1.0032102407392056,9
977,SLM001,2017-06-23,SLM001,Croplands,38.289,-121.118,6.5,7.9,6.139755571097868,21.502916666666664,1.87875,1.3783333333333332,0.1457991969198751,-0.9893142039703664,-1.0067450947555328,0.25180402615164066,1.0277830998906203,-0.28625623695126823,1,-0.7181658907893596,-1.120264583562626,-1.181804809914613,-0.6486950740281189,9
978,SLM001,2017-06-30,SLM001,Croplands,38.289,-121.118,5.6,7.1,5.521213649567434,18.02208333333333,1.4279166666666665,1.44125,0.025818440227133,-0.9996666485105112,-1.1009914128805118,0.10181052712050573,0.5266478886619985,-0.9434187120153805,1,-0.9860564766710395,-1.1370613633383664,-1.1798563986321298,-0.6951969700168895,9
979,SLM001,2017-07-01,SLM001,Croplands,38.289,-121.118,5.2,6.6,4.481694053720007,17.2475,1.25875,1.2049999999999998,0.0086069968886886,-0.9999629591162656,-1.1144751540821698,0.020311752265437293,0.528303794323364,0.3221367384778162,1,-1.1056913398654642,-1.1377005615541644,-1.1000335608268808,-0.3893071290406608,9
980,SLM001,2017-07-08,SLM001,Croplands,38.289,-121.118,5.9,9.400001,6.511845794815336,20.817222222222217,2.6404166666666664,1.342083333333333,-0.1116590071216944,-0.993746580436178,-2.6777356349392236,0.2012416460684558,1.425253513175564,-2.6777356349392236,1,-2.8997205897384424,-2.626242821357432,-2.507243493721797,-13.804801300944877,9
981,SLM001,2017-07-09,SLM001,Croplands,38.289,-121.118,5.7,7.9,5.860522465968236,20.20625,2.563333333333333,1.367916666666667,-0.1287481774525806,-0.99167731989929,-2.299660873704753,0.15846181639453377,1.1722390856296467,-2.299660873704753,1,-2.480544325734934,-2.18532291699759,-2.233115378381734,-13.954821253435975,9
982,SLM001,2017-07-16,SLM001,Croplands,38.289,-121.118,5.5,9.2,6.538699985182957,21.81875,2.581681177352084,1.61,-0.2470221804809352,-0.9690098257244064,-2.4643459413701563,0.1316114400555786,1.273955274590001,-2.4643459413701563,1,-2.616200332367224,-2.38324630885554,-2.393591182887704,-13.956217562870076,9
983,SLM001,2017-07-25,SLM001,Croplands,38.289,-121.118,5.0,6.9,5.359242921529597,18.304166666666667,1.4750000000000003,1.3091666666666666,-0.3935902766564664,-0.9192859697186104,-1.1483380169436108,0.09933039260191115,0.566621610070069,-1.1483380169436108,1,-1.260368222070984,-1.1136173208940496,-1.0710285078657988,-0.3194857196819496,9
984,SLM001,2017-08-01,SLM001,Croplands,38.289,-121.118,5.3,7.8,4.8501746224083355,21.384305555555557,2.308333333333333,1.0595833333333335,-0.5012418134457756,-0.8653072543632061,-1.9721501530766747,0.16111335383240752,0.8695128104921925,-1.0724993978933461,1,-2.087731859144886,-2.0406057443485284,-1.7881128557366095,1.8231089025491625,9
985,SLM001,2017-08-09,SLM001,Croplands,38.289,-121.118,5.0,6.3,4.210316224175246,18.33555555555555,1.0954166666666667,1.4633333333333332,-0.6152845999633277,-0.7883050558305253,-0.45623533790711074,0.18843070884802507,0.6681013282243197,0.45623533790711074,1,-0.6199148060193274,-0.25024687922668104,-0.49854432847532393,-0.12593491652274486,9
986,SLM001,2017-08-10,SLM001,Croplands,38.289,-121.118,5.1,6.5,4.128116269982391,18.952083333333327,1.16125,1.4058333333333335,-0.6287628145958345,-0.7775971469736268,-0.45739997086489037,0.16276732884297765,0.6250829195772043,0.45739997086489037,1,-0.6088605060570554,-0.2852955207915737,-0.47804388574604195,-0.12593491652274486,9
987,SLM001,2017-08-17,SLM001,Croplands,38.289,-121.118,5.0,6.1,4.241279054510272,19.12444444444445,1.2625,1.2912499999999998,-0.7176769136759615,-0.6963762255968726,-0.49692226863099825,0.1776609219819588,0.5440966013030991,0.49692226863099825,1,-0.6809368242817351,-0.3263822862744853,-0.48344769533677434,-0.15670753092922646,9
988,SLM001,2017-08-18,SLM001,Croplands,38.289,-121.118,5.1,6.6,3.8359523210242714,19.441527777777775,1.4195833333333336,1.2,-0.7295575540864876,-0.6839194216246105,-0.7970362654448259,0.1359223593862506,0.5045066485882921,0.7970362654448259,1,-0.947506427768972,-0.6831497228778602,-0.7604526456876451,-0.22423385278490482,9
989,SLM001,2017-08-26,SLM001,Croplands,38.289,-121.118,4.6,7.1,4.578423336489616,21.166527777777773,2.5075000000000003,1.46875,-0.8165380514459157,-0.5772916165517278,-2.269520092241499,0.06939964643929646,0.7556696541443074,-2.226366765220731,1,-2.259573611329697,-2.3433563239481634,-2.2056303414466365,-13.917535617841517,9
990,SLM001,2017-09-02,SLM001,Croplands,38.289,-121.118,3.3,6.3,2.2709368608247953,23.152638888888887,3.068333333333334,1.10375,-0.8800122039735356,-0.4749510720670502,-2.4061098792272104,0.18089035336578946,1.0103742833580962,-0.34798360087680136,1,-2.2020162366057203,-2.546636029039358,-2.469677372036552,-13.917535617841517,9
991,SLM001,2017-09-10,SLM001,Croplands,38.289,-121.118,3.0,5.6,3.2880524792396297,20.652916666666663,1.9975000000000005,1.4887500000000002,-0.9368813462954316,-0.3496474552512282,-1.3647657471660182,0.021798170898593164,0.4747275769774827,-1.3647657471660182,1,-1.3427907645916393,-1.3651237812626411,-1.386382695643774,-0.32384801053857853,9
992,SLM001,2017-09-18,SLM001,Croplands,38.289,-121.118,2.8,5.0,1.4137217856387618,15.925694444444444,0.9245833333333334,2.036249999999999,-0.9760105506323682,-0.2177232303965322,-0.9092845789642255,0.18573225511574676,0.5334788872040741,0.9092845789642255,1,-1.1062448771295483,-0.8842989963497816,-0.7373098634133469,0.01839169703691648,9
993,SLM001,2017-09-19,SLM001,Croplands,38.289,-121.118,3.5,4.0,1.690586601235012,14.409305555555555,1.0924999999999998,2.0154166666666664,-0.97961369164549,-0.2008905551306352,-1.2310198959887795,0.09902701601353364,0.6032501605255225,1.2310198959887795,1,-1.2590473075808548,-1.3130124298343973,-1.1209999505510866,0.10713627708365324,9
994,SLM001,2017-09-26,SLM001,Croplands,38.289,-121.118,2.4,6.4,1.3587118585838165,15.904583333333331,1.9475,1.37,-0.99665890175417,-0.0816763953304228,-1.8045504233901688,0.393098895819555,0.8635791537182754,0.27802585944219804,1,-1.6503983792964243,-2.25136230029946,-1.5118905905746225,2.0352545916821456,9
995,SLM001,2017-09-27,SLM001,Croplands,38.289,-121.118,2.6,4.7000003,1.0270226426405835,16.339166666666664,1.9820833333333332,1.143333333333333,-0.9979171608653922,-0.0645084494493162,-1.7027421074379425,0.15868931764556266,0.7957847420778186,1.4432126072808906,1,-1.5348821865639588,-1.7230357201014395,-1.8503084156484295,-0.4457135015390821,9
996,SLM001,2017-10-04,SLM001,Croplands,38.289,-121.118,2.5,4.5,0.848002535444695,11.83375,1.2500000000000002,1.3245833333333332,-0.9984354211555644,0.055916990100603,-1.322127056776336,0.17830398918986634,0.55740463951012,1.322127056776336,1,-1.170936274520802,-1.5187527047894775,-1.276692191018728,0.10713627708365324,9
997,SLM001,2017-10-12,SLM001,Croplands,38.289,-121.118,2.2,4.8,0.826652192937756,8.906805555555557,1.0495833333333338,1.5175,-0.9813064702716092,0.1924515819708299,-1.1339038762689924,0.20172714656534071,0.7575958086784543,1.1339038762689924,1,-0.9855163623942249,-1.3635958677813826,-1.05259939863137,0.12034772729003941,9
998,SLM001,2017-10-13,SLM001,Croplands,38.289,-121.118,1.9,4.8,0.9222447653268032,9.741111111111111,1.10875,1.308333333333333,-0.9778483415056568,0.2093146459630488,-0.9411437525666543,0.054643737734408844,0.7695203070097582,0.9411437525666543,1,-0.9430217218918895,-0.9948242973509018,-0.8855852384571716,0.11247254533002556,9
999,SLM001,2017-10-28,SLM001,Croplands,38.289,-121.118,1.2,2.6000001,0.6508366530402263,14.33513888888889,1.1975000000000002,0.9333333333333332,-0.8919813464595487,0.4520722039323037,-0.4698118030667648,0.06942410441485056,0.6102197130922014,0.4698118030667648,1,-0.5481032599844269,-0.44558391976353384,-0.41574822945233353,0.0030706158477427034,9
1000,SLM001,2017-10-29,SLM001,Croplands,38.289,-121.118,1.4,2.6000001,0.4418150610491184,13.387638888888883,0.8054166666666666,0.9854166666666666,-0.8840675099433637,0.467359217158002,-0.24622058479130807,0.08872531220971012,0.533184104700964,0.24622058479130804,1,-0.30873872498447125,-0.2852522867548023,-0.14467074263465068,0.015159528783692732,9
1001,SLM001,2017-11-05,SLM001,Croplands,38.289,-121.118,0.7,1.5,0.52622032007273,8.295555555555557,0.5545833333333333,1.2145833333333338,-0.8214765533024145,0.5702422926917867,0.015398971558179986,0.044553235864064615,0.44915969406685113,-0.015398971558179986,1,0.020952673982929798,-0.03167074722891816,0.05691498792052832,0.0030706158477427034,9
1230,US-ADR,2016-02-23,US-ADR,Shrublands,36.765277778,-116.69333333,1.7,2.6000001,0.4597588534762487,9.119596152229164,0.88226657439375,1.952546210875,0.8013610881746766,0.5981809144059164,-0.3221547566388924,0.1610971839564016,0.6741011956225819,0.3221547566388925,2,-0.4708350060607591,-0.15100068534704889,-0.3446285785088692,5.564266325658925e-05,9
1231,US-ADR,2016-02-24,US-ADR,Shrublands,36.765277778,-116.69333333,0.2,2.1000001,0.4531860798937883,8.503421721708332,0.8916699921354164,1.3668358556666664,0.8115390590073611,0.5842981736283683,0.616185899134884,0.21561852797475675,0.815905911641785,-0.10981373934730743,2,0.40593631105609834,0.6058218078193358,0.8367995785292177,-0.008732486804903107,9
1232,US-ADR,2016-03-02,US-ADR,Shrublands,36.765277778,-116.69333333,0.3,3.3,0.4336903012174213,14.978314400374998,1.33054318555,1.6548974604791666,0.8758917051442429,0.4825077417612184,0.7369949635710954,0.13188315448911786,1.0560815904550844,-0.46961436113625277,2,0.5879812978332053,0.838693008357088,0.784310584522993,-0.02638862990913635,9
1233,US-ADR,2016-03-10,US-ADR,Shrublands,36.765277778,-116.69333333,1.1,4.3,0.5194953510264141,14.78474470960417,1.2520948622854164,2.289121842375,0.9338372288229252,0.3576982388331254,0.5371298863309143,0.054517344043957576,0.8566996639370414,-0.5371298863309143,2,0.5905062047425542,0.5393444480389054,0.48153900621128315,-0.03250454773701949,9
1234,US-ADR,2016-03-18,US-ADR,Shrublands,36.765277778,-116.69333333,0.3,3.8,0.4932373586663361,17.891904945208335,1.7002749267708337,2.0537757815625,0.9741004551724204,0.2261156855082882,0.988373655179441,0.17358337297829618,1.4033002657998446,-0.6018989378467687,2,0.934400190569082,1.1825319646530734,0.8481888103161674,-0.1878521255659349,9
1235,US-ADR,2016-03-19,US-ADR,Shrublands,36.765277778,-116.69333333,1.1,4.4,0.4409993333108481,16.439043371354167,1.5196350102875,1.7200755711041669,0.9778483415056568,0.2093146459630484,0.5985885362988342,0.13482515954800567,1.0017269394605681,-0.5985885362988344,2,0.5399892083389897,0.7527978184798227,0.5029785820776904,0.045502340247347305,9
1236,US-ADR,2016-03-26,US-ADR,Shrublands,36.765277778,-116.69333333,0.2,4.9,0.2591735984526466,14.314559980145836,1.4411875721624998,2.7117815187499987,0.995918996147179,0.0902516100310411,1.2025310850185127,0.261476843157081,1.050310691367271,-1.0841838881132198,2,1.4990389695368491,1.1035969696166885,1.0049573159020004,-0.250802350383997,9
1237,US-ADR,2016-04-03,US-ADR,Shrublands,36.765277778,-116.69333333,0.2,5.0,0.2555205906178372,17.532473940604163,1.671480717075,1.7965521806875009,0.9988797155850336,-0.0473213883224318,1.1843571954707408,0.1442233939131187,1.2896215158837843,-1.0733160142350662,2,1.247715158026328,1.28605630005199,1.0193001283339043,-0.20155261545008257,9
1238,US-ADR,2016-04-04,US-ADR,Shrublands,36.765277778,-116.69333333,0.8,4.1,0.2397454702691329,18.222400476458336,1.7196300898374997,1.744452242624999,0.9979171608653922,-0.0645084494493162,0.8111049319784097,0.2542627887057582,1.265063151726786,-0.8111049319784098,2,0.7733586886437018,1.0821307485669498,0.5778253587245774,-0.15841556782855545,9
1239,US-ADR,2016-04-12,US-ADR,Shrublands,36.765277778,-116.69333333,0.4,4.5,0.9532466907285072,16.88911298002083,0.9848306949291668,1.7457388965208331,0.97961369164549,-0.200890555130635,1.0382711178870836,0.19529094592544227,0.8765582481837356,0.06822226356993077,2,0.8299331981148514,1.0677069729990218,1.2171731825473775,-0.10244145297900113,9
1240,US-ADR,2016-04-20,US-ADR,Shrublands,36.765277778,-116.69333333,0.3,7.2000003,0.3495731579735444,20.669681647291668,2.281190832758333,2.1581172013125003,0.9427611433904208,-0.3334687789181868,1.1863759073245463,0.28029008228060937,1.0196012864147401,-1.0872295913774577,2,1.5083035010095944,0.9965244220492888,1.0542997989147556,-0.6651816817751055,9
1241,US-ADR,2016-05-13,US-ADR,Shrublands,36.765277778,-116.69333333,0.2,8.1,0.2445310507298219,24.68884497145833,2.884266602645834,2.328026915666668,0.741222010848596,-0.6712599575675313,1.1143923890530203,0.2719459077446683,1.276771406606358,-1.0253302875933765,2,1.4092684305098035,0.8734628346429378,1.0604459020063195,-0.5135731307890875,9
1242,US-ADR,2016-05-14,US-ADR,Shrublands,36.765277778,-116.69333333,0.0,8.8,0.2417768606647032,25.728875169375005,2.911328021354166,3.8188698992708336,0.7295575540864875,-0.6839194216246106,1.614485845092845,0.4156052375969669,1.972173474891949,-1.1309321237634384,2,2.0607623941626043,1.2385220333240943,1.5441731077918361,-12.447353760788651,9
1243,US-ADR,2016-05-21,US-ADR,Shrublands,36.765277778,-116.69333333,0.2,6.5,0.1508213484232793,15.713835712291669,1.2738040916104167,2.7912828275624992,0.6420547132365637,-0.766658819300159,0.9748138388623687,0.1666021077658039,0.8673428942363064,-0.9748138388623686,2,0.8018769612508083,1.134260970335815,0.9883035850004827,-0.37308264818796727,9
1244,US-ADR,2016-05-22,US-ADR,Shrublands,36.765277778,-116.69333333,0.1,5.9,0.1900635946740512,16.916373469979167,1.3921258745479166,3.4461962686458314,0.6287628145958344,-0.777597146973627,1.2822715997503218,0.16509602893071812,1.112765916575875,-1.1021444104022196,2,1.176212422818667,1.4724882393912782,1.19811413704102,-0.4492613021051831,9
1245,US-ADR,2016-05-29,US-ADR,Shrublands,36.765277778,-116.69333333,0.2,6.7000003,0.1628179112274497,23.82438624708334,2.4423237517729164,1.445777686291667,0.5307300481619334,-0.8475409228928311,0.5509328526855454,0.04886370058424923,0.8502269102665458,-0.5509328526855455,2,0.5298557836653146,0.6067977493475529,0.5161450250437687,-0.17248287207954563,9
1246,US-ADR,2016-05-30,US-ADR,Shrublands,36.765277778,-116.69333333,0.1,7.0,0.1425743066702605,26.705073220833324,3.064756843708333,2.4091134548541664,0.5160623910158528,-0.8565509959010036,1.0568452414769485,0.2508971294860066,1.234512121127179,-0.9716966281364275,2,1.3465475387811332,0.9100437628973113,0.913944422752401,-0.48167284992195325,9
1247,US-ADR,2016-06-06,US-ADR,Shrublands,36.765277778,-116.69333333,0.2,7.5,0.1398416585554769,30.84916450916667,3.8177154257708334,2.5227776047500003,0.4093559588156213,-0.9123747579707272,0.5956792614334298,0.3145997469890684,1.2872655115803977,-0.5956792614334298,2,0.955710839907383,0.3737594427750354,0.4575675016178707,-0.19336227201227613,9
1248,US-ADR,2016-06-14,US-ADR,Shrublands,36.765277778,-116.69333333,0.0,9.1,0.1648863409157029,26.521318103125008,2.7555254298958336,3.731782333124998,0.2802306751992158,-0.9599326896597448,1.3632764836998443,0.4398552898534092,1.74141436277568,-1.0335038018684386,2,1.753533265456177,0.8866389291485939,1.4496572564947612,2.751015374788637,9
1249,US-ADR,2016-06-22,US-ADR,Shrublands,36.765277778,-116.69333333,0.2,8.0,0.1499379703834208,33.047898242916666,4.274532167583335,2.2058250995208337,0.1457991969198751,-0.9893142039703664,0.123141603035035,0.2479851376143731,1.0301391987583606,-0.12314160303503499,2,0.37456400173153465,0.11611785691118187,-0.12125704953761154,-0.15377360312300545,9
1250,US-ADR,2016-06-23,US-ADR,Shrublands,36.765277778,-116.69333333,0.1,7.4,0.167992971506738,32.409109436666675,4.418979724270833,2.1046645813541667,0.1287481774525813,-0.99167731989929,0.10690482406676123,0.3274530060140434,1.1821007350608719,0.029081118946714765,2,0.41834835511196417,0.13686468492438336,-0.2344985678360638,-0.10156283483800216,9
1251,US-ADR,2016-06-30,US-ADR,Shrublands,36.765277778,-116.69333333,0.0,8.5,0.3260198154501278,32.43647050250001,3.456483629733333,3.1797092455,0.0086069968886886,-0.9999629591162656,0.8244288026048512,0.45349996802526465,1.4498726731569627,-0.17238917170459556,2,1.0948695267787345,0.30086763397017485,1.0775492470656445,0.9610895369675886,9
1252,US-ADR,2016-07-01,US-ADR,Shrublands,36.765277778,-116.69333333,1.1,7.8,2.117821811316788,28.163689696875,1.6485281217729166,3.058508375270834,-0.008606996888688,-0.9999629591162656,0.008190969125043968,0.39198570307809816,1.1696749057723608,0.008190969125043912,2,-0.21757517144552205,-0.21866855248320421,0.46081663130385814,0.27405730770253084,9
1253,US-ADR,2016-07-08,US-ADR,Shrublands,36.765277778,-116.69333333,0.2,9.6,0.1788009437700871,30.380928956875,3.518157967333332,3.0103701488750008,-0.1287481774525806,-0.99167731989929,0.6367158630601034,0.3866110271990687,1.4041525595640607,-0.6367158630601034,2,0.8145819196086341,0.19318329192399902,0.9023823776476769,-0.1464609398715906,9
1254,US-ADR,2016-07-16,US-ADR,Shrublands,36.765277778,-116.69333333,0.1,9.0,0.1800011204829943,31.55718750104165,3.9166171388958335,2.903179500270833,-0.2636654927280072,-0.9646141756912436,0.4426951513886277,0.2590995877286313,1.2658177393542984,-0.2826929104226391,2,0.6128791010163759,0.14450539660515432,0.5707009565443528,-0.18366814279910115,9
1255,US-ADR,2016-07-17,US-ADR,Shrublands,36.765277778,-116.69333333,0.0,10.5,0.1336605319656198,30.49313363583333,3.935540303020834,3.2562465659375,-0.2802306751992161,-0.9599326896597444,0.5365315948948901,0.30844953481955245,1.7269979749200144,-0.26921053096365055,2,0.7113730612782883,0.18038430597213645,0.7178374174342457,2.632514346524972,9
1256,US-ADR,2016-07-24,US-ADR,Shrublands,36.765277778,-116.69333333,0.2,8.900001,0.1452381948473021,32.54796226520832,4.555859798750001,2.1993824827291677,-0.3935902766564664,-0.9192859697186104,-0.18967519657785217,0.09209871043968802,1.2800484635029126,-0.08015158627245636,2,-0.18076927895105846,-0.1023529630020632,-0.28590334778043486,-0.12330955845215424,9
1257,US-ADR,2016-07-25,US-ADR,Shrublands,36.765277778,-116.69333333,0.2,9.1,0.1557578919413139,32.14503864208333,4.281148692666666,1.9650397843125005,-0.4093559588156211,-0.9123747579707274,-0.16818051961926753,0.08490746967399339,1.01071149544489,-0.0796963035018953,2,-0.24134232148537274,-0.07507713230054114,-0.18812210507188876,-0.1551107022643806,9
1258,US-ADR,2016-08-01,US-ADR,Shrublands,36.765277778,-116.69333333,0.0,7.9,0.1458786433373202,33.72556426645833,3.767165149645834,2.746610714833333,-0.5160623910158526,-0.8565509959010037,0.25160040117461835,0.25153936007111943,1.2498627485393043,0.040156885500022055,2,0.2794651859105112,-0.012711133682683728,0.48804715129602755,-0.16565220686368065,9
1259,US-ADR,2016-08-02,US-ADR,Shrublands,36.765277778,-116.69333333,0.3,7.9,0.0413094109436623,34.66576615479167,3.668693537187501,3.2215529518124995,-0.5307300481619331,-0.8475409228928312,0.10357292667216052,0.1913329037568991,1.4040868660188646,-0.1035729266721605,2,0.1574741996848808,-0.10892896861665291,0.2621735489482537,-0.16574369510892326,9
1260,US-ADR,2016-08-09,US-ADR,Shrublands,36.765277778,-116.69333333,0.1,9.3,0.0595291029099377,28.52730759791668,3.5169758427083337,2.5259281463125003,-0.6287628145958345,-0.7775971469736268,0.2586119147586849,0.13168882478253982,1.226587466525487,-0.2586119147586849,2,0.3874239580650836,0.12422346890462405,0.2641883173063469,-0.12330955845215424,9
1261,US-ADR,2016-08-10,US-ADR,Shrublands,36.765277778,-116.69333333,0.1,9.2,0.1688300730125349,27.50618967437499,3.2556537743124987,2.7094148578125004,-0.6420547132365636,-0.7666588193001592,0.38961880011502475,0.17901537764572006,1.282786173962402,-0.251958654089955,2,0.5492278237675006,0.19605917802921508,0.42356939854835857,-0.12330955845215424,9
1262,US-ADR,2016-08-17,US-ADR,Shrublands,36.765277778,-116.69333333,0.2,8.3,0.0545883004178069,27.26926625604166,3.538137413125,2.1283881563958325,-0.7295575540864876,-0.6839194216246105,0.03725665406302068,0.057045914655133034,1.036508525933486,-0.03725665406302067,2,0.03135430333079714,0.09702427133388469,-0.01660861247561979,-0.15470402997122334,9
1263,US-ADR,2016-08-18,US-ADR,Shrublands,36.765277778,-116.69333333,0.0,7.8,0.0375696500002718,27.999552136875,3.4288389980833323,2.092278267125,-0.7412220108485957,-0.6712599575675315,0.22098896281127414,0.030428756798670797,0.9945148588338426,-0.14584966281073056,2,0.2108862018397481,0.196896563413899,0.2551841231801754,-0.14888816336502023,9
1264,US-ADR,2016-08-25,US-ADR,Shrublands,36.765277778,-116.69333333,0.4,7.2000003,0.0779634586649027,27.624892023750004,2.990854079333333,2.0649740286666667,-0.8165380514459157,-0.5772916165517278,-0.020143790796012417,0.07533085378549631,0.8176588432728955,0.020143790796012417,2,-0.07944999643064499,-0.04559801972292804,0.06461664376553578,-0.11227563858463785,9
1265,US-ADR,2016-08-26,US-ADR,Shrublands,36.765277778,-116.69333333,0.0,7.0,-0.1527006428012259,27.174395822291658,2.7315049462291667,2.191455091125,-0.8263541987239095,-0.5631507242749187,0.40027257810181077,0.16658377808299143,0.7995328275324418,-0.4002725781018108,2,0.4195103376662674,0.22490513399515616,0.5564022626440086,-0.092457354138731,9
1266,US-ADR,2016-09-02,US-ADR,Shrublands,36.765277778,-116.69333333,0.0,8.400001,0.1823991899103616,28.13507934750001,3.2739597130208344,2.8301535170000007,-0.888057322629493,-0.4597327394521046,0.2781060968610706,0.18830708202472374,1.4490198127427454,0.08669228295965264,2,0.38438105775670867,0.060685989043103294,0.38925124378339976,-0.15370338117223972,9
1267,US-ADR,2016-09-03,US-ADR,Shrublands,36.765277778,-116.69333333,0.2,8.5,0.1247548130735643,25.76915819354167,2.6129687148541665,2.7929878236874996,-0.8958392907349089,-0.4443781781046134,0.401998844132307,0.29588616957075625,1.2731009796724901,-0.401998844132307,2,0.4187155390542718,0.09810870578171693,0.6891722875609323,-0.14772907597684268,9
1268,US-ADR,2016-09-10,US-ADR,Shrublands,36.765277778,-116.69333333,0.0,6.3,0.0386670547830967,27.72903282895834,2.909864000937501,1.4946700494583334,-0.9427611433904206,-0.333468778918187,0.021663567615366808,0.09800869612112208,0.5916875203810639,0.021663567615366808,2,-0.07684466190240252,0.02267039174235891,0.11916497300614404,-0.06973897358387805,9
1269,US-ADR,2016-09-11,US-ADR,Shrublands,36.765277778,-116.69333333,0.1,7.3,0.0516429027735447,26.74659951104167,2.6886964158333333,2.4850590616249995,-0.9483615800121716,-0.3171912885891059,0.3513318821339309,0.20292010212678568,0.9982341337133412,-0.3513318821339309,2,0.441700894145102,0.11892651965599949,0.49336823260069135,-0.1395338870551657,9
1270,US-ADR,2016-09-18,US-ADR,Shrublands,36.765277778,-116.69333333,0.1,4.8,0.0832404898386421,23.58186286562501,2.533533942085417,1.6247353932083328,-0.97961369164549,-0.2008905551306352,0.22475029490044496,0.08580270026924797,0.571817630931877,-0.22475029490044496,2,0.1611142242743127,0.1908040446175751,0.3223326158094471,0.0023027457537834807,9
1271,US-ADR,2016-09-19,US-ADR,Shrublands,36.765277778,-116.69333333,0.1,5.5,0.023636095518791,26.058829135416676,2.828978573270833,2.200797252,-0.9829265519799822,-0.1839983516576798,0.22620048218267183,0.08791903219123404,0.7770186962379322,-0.22620048218267186,2,0.2042257220059484,0.1513532034330975,0.3230225211089695,-0.07801174409520077,9
1272,US-ADR,2016-09-26,US-ADR,Shrublands,36.765277778,-116.69333333,0.1,4.9,-0.0243232098830769,23.6067881125,2.132261988954167,1.4397342633750003,-0.9979171608653922,-0.0645084494493162,0.05633600480167252,0.09279203971804705,0.45749019942892916,-0.05633600480167253,2,0.03303235345187644,-0.02258295681359812,0.15855861776673924,0.0023027457537834807,9
1273,US-ADR,2016-09-27,US-ADR,Shrublands,36.765277778,-116.69333333,0.0,4.7000003,0.1504107580722462,24.038922569999997,2.1499668258,1.690195815875,-0.9988797155850336,-0.0473213883224323,0.2964084970633474,0.25084692138376014,0.5364267997267149,0.004413019081144998,2,0.22452839805679375,0.08934830686958939,0.575348786263659,-0.01615070128999246,9
1274,US-ADR,2016-10-04,US-ADR,Shrublands,36.765277778,-116.69333333,0.0,3.5,0.0192521831041617,15.243691104791669,1.0486429625270832,1.5778784202083334,-0.9973249731081556,0.0730951298980777,0.13775056250226775,0.16189545668443098,0.4923925117572171,-0.09924619629394435,2,-0.03101207867475425,0.1524934087947601,0.2917703573867974,0.02277402321810951,9
1275,US-ADR,2016-10-05,US-ADR,Shrublands,36.765277778,-116.69333333,0.1,3.1000001,0.0423347767045707,17.1316714694375,1.3036528913625,2.9762330833541664,-0.9959189961471792,0.0902516100310407,0.503284251092343,0.32740464353834997,1.0680710996404834,-0.503284251092343,2,0.44126080390625894,0.21132752481784717,0.8572644245529228,-0.0372275825184955,9
1276,US-ADR,2016-10-20,US-ADR,Shrublands,36.765277778,-116.69333333,0.2,3.7,0.0583424751973921,15.568504998895836,1.2720861778687496,1.4141487999791664,-0.9398560579418952,0.341570769167856,-0.17880694778672734,0.03602800785208078,0.5577432373020577,0.10450810181848846,2,-0.1372113081838025,-0.19899696473587056,-0.200212570440509,-0.01090406373120529,9
1277,US-ADR,2016-10-21,US-ADR,Shrublands,36.765277778,-116.69333333,0.3,3.7,0.0596095442343819,16.59723754285417,1.4139789287916669,1.8984492880208328,-0.9338372288229252,0.3576982388331254,-0.09072643788980188,0.08191848547291443,0.5853224867136886,0.09072643788980189,2,0.003498718135764911,-0.14503993536778464,-0.13063809643738591,0.015159528783692732,9
1278,US-ADR,2016-11-05,US-ADR,Shrublands,36.765277778,-116.69333333,0.1,2.6000001,0.0566167575401851,16.486583159958332,0.8308879284083335,1.4307892828541664,-0.8115390590073611,0.5842981736283683,-0.11986978179842096,0.0565533337207904,0.44618988235960566,-0.03310329687879115,2,-0.15950860521624544,-0.055107603002100936,-0.14499313717691653,0.0030706158477427034,9
1279,US-ADR,2016-11-13,US-ADR,Shrublands,36.765277778,-116.69333333,0.2,1.5,0.0148092528751611,13.390351789416664,0.7717927438291666,1.2538038831875,-0.7236440382959123,0.690173388242972,0.041577438487244565,0.15273198627667095,0.38693065038971786,-0.04157743848724457,2,-0.07064416086605851,0.21550926392312658,-0.020132787595334378,0.015159528783692732,9
1280,US-ADR,2016-11-14,US-ADR,Shrublands,36.765277778,-116.69333333,0.2,1.6,0.0673861391084922,13.546095269999997,0.8771808815166668,1.6157563448958332,-0.7116566222817751,0.7025274741691566,0.06899870210575541,0.1601455325290561,0.5304348755850758,-0.0689987021057554,2,-0.07598985608785691,0.24089283071813222,0.042093131686990914,0.02277402321810951,9
1281,US-ADR,2016-11-22,US-ADR,Shrublands,36.765277778,-116.69333333,0.2,1.8000001,0.0119259202536906,8.906036502166666,0.4322870558895833,2.0731143822500004,-0.6084768701151264,0.7935716089521472,0.1751255173342535,0.13495403704775888,0.6563973784285879,-0.17512551733425352,2,0.02665254767300157,0.2903427912673919,0.20838121306236695,-0.00755885177116019,9
1282,US-ADR,2016-11-29,US-ADR,Shrublands,36.765277778,-116.69333333,0.1,1.6,0.069309473534277,5.728669204562499,0.34078461605,3.813400088791667,-0.5086709438521042,0.8609610158889945,0.28003954689929955,0.13886190206974697,0.6543383674851994,-0.28003954689929955,2,0.1592247230657275,0.4317457080023434,0.2491482096298278,-0.00755885177116019,9
1283,US-ADR,2016-11-30,US-ADR,Shrublands,36.765277778,-116.69333333,0.0,1.0,0.0336422532431103,2.5691930017916667,0.2614183148979165,1.3596703673125,-0.4937755501599774,0.8695893893466109,0.1664463030337162,0.10628350279417867,0.5787322311139882,-0.0991617965474956,2,0.044041616742048095,0.23532995769379889,0.21996733466530155,0.015159528783692732,9
1284,US-ADR,2016-12-07,US-ADR,Shrublands,36.765277778,-116.69333333,0.1,1.7,0.0094870504523497,3.679861051687499,0.390386842275,2.771317762166667,-0.3856634062436074,0.9226395488404876,0.14943747406800958,0.09967207470846154,0.5736206125429998,-0.14943747406800956,2,0.042968748233160825,0.16481909215739016,0.24052458181347774,0.015159528783692732,9
1285,US-ADR,2016-12-08,US-ADR,Shrublands,36.765277778,-116.69333333,0.3,1.4,0.0125086495523182,2.5317207067916674,0.3867403422604166,1.7614189367708335,-0.3697245428906732,0.9291414114031744,-0.03734997367658343,0.09743156937325541,0.583132607398821,0.03734997367658344,2,-0.13636044589694304,-0.03411141567885867,0.05842194054605143,0.015159528783692732,9
1286,US-ADR,2017-01-16,US-ADR,Shrublands,36.765277778,-116.69333333,0.5,1.9,0.1915172267162578,6.312984135562498,0.4857775574854168,7.469466308895832,0.2719581575341055,0.9623090774541486,0.897769907180307,0.256297841511568,1.1698902306112284,-0.897769907180307,2,0.6130051466024427,1.109940229932551,0.9703643450059274,-0.01710820893791149,9
1287,US-ADR,2017-01-17,US-ADR,Shrublands,36.765277778,-116.69333333,0.3,1.6,0.2425617530570303,3.6831507649374986,0.4126378812729167,1.4529324649166673,0.288482432880609,0.9574851883550392,-0.009937605221307247,0.12845139708264738,0.5938526686149455,0.009937605221307245,2,-0.15820405283017963,0.06065206139181961,0.06773917577443828,0.015159528783692732,9
1288,US-ADR,2017-01-24,US-ADR,Shrublands,36.765277778,-116.69333333,0.4,1.1,0.8075705483218275,2.4241360285416658,0.1381672004916666,3.325074280625,0.401487989205973,0.9158642882672872,0.12631064272815287,0.030887332813416275,0.42717666325740994,0.12631064272815284,2,0.11373329258077158,0.10369628983279905,0.161502345770888,-0.01090406373120529,9
1289,US-ADR,2017-01-25,US-ADR,Shrublands,36.765277778,-116.69333333,0.3,1.3000001,0.8004252095176081,1.6851484493125006,0.1636534407,2.638931717291667,0.4171936026123168,0.9088176373395028,0.14060221145484936,0.07852416672452887,0.5070281709590085,0.14060221145484936,2,0.17524306437921017,0.19584936205905729,0.05071420792628062,0.0030706158477427034,9
1290,US-ADR,2017-02-01,US-ADR,Shrublands,36.765277778,-116.69333333,0.1,2.6000001,0.5980287771729449,7.936475524874999,0.3903198183770834,1.8410080248541665,0.5234156073655503,0.8520775211013093,0.10802564867835052,0.144745909778014,0.642290155802318,0.10802564867835052,2,-0.05894961455915637,0.1979026853976535,0.18512387519655443,-0.00755885177116019,9
1291,US-ADR,2017-02-02,US-ADR,Shrublands,36.765277778,-116.69333333,1.2,3.2,0.3980822446567469,8.82321098139583,0.4569053996249999,1.7591071445000006,0.5380051715382996,0.8429415373547828,-0.6883231968262636,0.12382333629882478,0.702265718917662,0.6883231968262636,2,-0.8009709611212577,-0.5557426460413519,-0.708255983316181,-0.00755885177116019,9
1292,US-ADR,2017-02-09,US-ADR,Shrublands,36.765277778,-116.69333333,0.4,3.4,0.4641206485195326,15.292897115541669,0.6417824499791667,3.2061756021875,0.6354323008901774,0.7721565844991642,0.26929999873743665,0.11492977231045239,0.8772228868893824,-0.14105870169837148,2,0.19253164085808744,0.4014328682531057,0.21393548710111682,-0.00755885177116019,9
1293,US-ADR,2017-02-25,US-ADR,Shrublands,36.765277778,-116.69333333,0.2,2.2,1.0914758618845264,3.3892175181041675,0.3208242184104167,1.736857305645833,0.8214765533024142,0.5702422926917871,0.27879807008735424,0.19504172483996995,0.6708397196433611,0.27879807008735424,2,0.06972515460515899,0.3108247944309163,0.4558442612259875,-0.004158088312679588,9
1294,US-ADR,2017-02-26,US-ADR,Shrublands,36.765277778,-116.69333333,0.8,3.0,0.7481068225485445,5.2516006791875,0.3069731271291666,2.011984083708333,0.8311706263658079,0.5560174366570446,-0.33021189075971996,0.058280776150272356,0.5453622477450548,-0.22642553585680897,2,-0.3974565191746589,-0.29429418319146483,-0.298884969913036,0.0030706158477427034,9
1295,US-ADR,2017-03-05,US-ADR,Shrublands,36.765277778,-116.69333333,0.2,4.3,0.6337471754012817,9.6111537159375,0.8025292974541665,5.420619882770833,0.8919813464595485,0.4520722039323043,0.4670373372269907,0.2746308862502511,1.0290258630854159,0.4004570135755726,2,0.7341199858235126,0.481557715595552,0.18543431026190754,-0.09117545491525703,9
1296,US-ADR,2017-03-06,US-ADR,Shrublands,36.765277778,-116.69333333,0.1,2.5,0.7544896287274552,3.9119546210208345,0.5255663399041667,1.6521727272499993,0.8996308696522433,0.436651231956064,0.5505286246913031,0.19982016796397256,0.9034048909084623,0.5505286246913031,2,0.38024898467063034,0.5008287892920651,0.770508100111214,-0.004158088312679588,9
1297,US-ADR,2017-03-14,US-ADR,Shrublands,36.765277778,-116.69333333,0.2,4.0,0.9073746077665512,17.068995531270833,1.4042674304458336,1.7557921252708335,0.9510565162951536,0.3090169943749474,0.9395776621641804,0.0539438268006555,1.2389035194299836,0.47517155336892214,2,0.8879750393274941,0.995591776120192,0.9351661710448551,-0.14491343013661712,9
1298,US-ADR,2017-03-21,US-ADR,Shrublands,36.765277778,-116.69333333,1.5,5.3,0.6541540603983221,17.783602999583334,0.9442797248666664,2.7562781778125007,0.9813064702716092,0.1924515819708299,0.28054379608706026,0.08431501751477126,0.9101836165619817,-0.28054379608706015,2,0.22311056565345583,0.24117891447846534,0.37734190812925955,-0.07801174409520077,9
1299,US-ADR,2017-03-29,US-ADR,Shrublands,36.765277778,-116.69333333,0.1,4.4,0.5441610100830824,16.168071773749997,1.1997282760104166,2.5042097692916663,0.9984354211555644,0.0559169901006034,1.10946794238027,0.0485643954738333,1.045248548922385,-0.22114592221410523,2,1.0590735478903086,1.1133624576173093,1.1559678216331926,-0.15012742278031949,9
1300,US-ADR,2017-03-30,US-ADR,Shrublands,36.765277778,-116.69333333,0.6,6.0,0.7794127975166418,10.987745709145834,0.7122307112812502,8.064875111083332,0.9992500112396836,0.0387222808921744,0.23871342710223753,0.16392989372833006,1.5678983123581889,0.12011216793104618,2,0.13056742666187543,0.42732765520200383,0.15824519944283327,-0.08597435010766084,9
1301,US-ADR,2017-04-06,US-ADR,Shrublands,36.765277778,-116.69333333,0.0,7.3,0.4093331257582257,18.255419905229168,1.8323253635604169,3.1054166190833343,0.9966589017541702,-0.0816763953304224,1.268094542605279,0.2543141031889231,1.3886658674974979,-0.4494282910888275,2,1.5406931084328264,1.2263636450661086,1.037226874316902,-0.732167550686125,9
1302,US-ADR,2017-04-14,US-ADR,Shrublands,36.765277778,-116.69333333,0.3,4.5,0.3663932589507566,14.548313371145838,1.37678478663125,4.007369560124999,0.9760105506323684,-0.2177232303965317,1.4023179019530005,0.42673561854728476,0.9218720327725833,-1.2695313840514875,2,1.6687940481563621,1.6280312681371756,0.9101283895654644,1.071935891893467,9
1303,US-ADR,2017-04-15,US-ADR,Shrublands,36.765277778,-116.69333333,0.2,5.4,0.3307409607256033,16.292786587625002,1.6591417081604165,1.8158566638125,0.9721181966290612,-0.2344913895704098,1.2173572820485694,0.17142446126162975,1.1360137379751998,-0.955875360597363,2,1.2935895408002147,1.3374430109521507,1.0210392943933426,-0.454602042714185,9
1304,US-ADR,2017-04-22,US-ADR,Shrublands,36.765277778,-116.69333333,0.1,6.2000003,0.3337741877781389,19.826013037479164,2.025261408045833,2.2956277502083333,0.9368813462954316,-0.3496474552512284,1.3557943188682027,0.22182021510298167,0.9792736813946495,-0.8882459433119249,2,1.5993661655963214,1.3026289058448821,1.1653878851634045,-0.5243589474171437,9
1305,US-ADR,2017-04-23,US-ADR,Shrublands,36.765277778,-116.69333333,0.0,7.5,0.3737763267564939,21.998396472291667,2.2293014952041665,2.574978696104167,0.9307239310379796,-0.3657225234972689,1.3963211078183602,0.23311482916671583,1.1080248285231034,-0.6487684543053722,2,1.6013796386290529,1.142776039320267,1.4448076455057604,-0.62729516946974,9
1306,US-ADR,2017-04-30,US-ADR,Shrublands,36.765277778,-116.69333333,0.0,5.1,0.2522065070159554,18.014277994374996,1.9416134517083328,1.9452121733125,0.8800122039735357,-0.4749510720670499,1.3404111495157638,0.3143078293102697,1.164764061044903,-0.835998135483853,2,1.5099839005966056,1.5335154415658359,0.9777341063848501,-0.4058956842510765,9
1307,US-ADR,2017-05-01,US-ADR,Shrublands,36.765277778,-116.69333333,0.9,6.9,0.2504974419306252,22.64149242104167,2.3399710810000003,4.4078757407083335,0.8717063187093218,-0.4900286664290592,1.056344135706053,0.22940868329976394,1.5623824855934572,-1.0563441357060532,2,1.2192708739071463,1.1557660961866965,0.7939954370243165,-0.5003352084451548,9
1308,US-ADR,2017-05-09,US-ADR,Shrublands,36.765277778,-116.69333333,0.7,6.2000003,0.5866497064622689,21.302847158958333,1.560636483266667,5.2022966432291655,0.7961828637826158,-0.6050560696488488,0.7835713040139257,0.3990081905786128,1.3974134143427634,-0.7835713040139257,2,1.0251581593031633,1.0025342297498012,0.32302152298881265,-0.2905102678783665,9
1309,US-ADR,2017-05-17,US-ADR,Shrublands,36.765277778,-116.69333333,0.8,6.0,0.1596052890253633,17.02187146035417,1.4260997217979163,5.776817527312499,0.705583610107178,-0.7086266782644596,0.769164645182213,0.48616556542865613,1.189070485978083,-0.7691646451822128,2,1.0679952031118132,1.0313100303292515,0.208188702105574,1.2046426052417007,9
1801,US-Bi1,2016-08-14,US-Bi1,Croplands,38.0991537999999,-121.49933,6.7,7.9,5.498392753842379,24.832992812499995,1.5266970124999997,2.1073372916666666,-0.6932812268869771,-0.7206671495538615,-1.1087255210228337,0.35912190600542726,0.8414901752047556,1.1087255210228337,0,-0.7054126445121893,-1.2268799467065823,-1.3938839718497293,-0.7953264540665087,9
1802,US-Bi1,2016-08-22,US-Bi1,Croplands,38.0991537999999,-121.49933,2.6,6.2000003,2.6014070477219744,21.516518500000004,0.9392607270833332,3.640797875000001,-0.7856498550787144,-0.6186714032625032,0.010462376741553517,0.08475200497723029,1.0036096177899876,-0.007648281297604901,0,0.08140227385716409,0.03337522184404174,-0.08339036547654527,0.005079173593085875,9
1803,US-Bi1,2016-08-30,US-Bi1,Croplands,38.0991537999999,-121.49933,3.9,6.6,4.502668127407176,23.87836302083333,1.3093159270833332,3.1701639375000004,-0.8631421280499115,-0.5049610547215202,-0.48609743944082,0.055776353392799155,0.7717111775011577,-0.48609743944081996,0,-0.4936797908646778,-0.5376947332686994,-0.42691779418908304,-0.16820876382143873,9
1804,US-Bi1,2016-08-31,US-Bi1,Croplands,38.0991537999999,-121.49933,3.6,6.4,4.1911298393230325,23.12614616666667,1.0941579291666668,3.3093780000000006,-0.8717063187093218,-0.4900286664290594,-0.43204308306815437,0.033397446036782776,0.8384183570399077,-0.4320430830681543,0,-0.39493688043728425,-0.44150021293918484,-0.459692155827994,-0.14389452270490055,9
1805,US-Bi1,2016-09-07,US-Bi1,Croplands,38.0991537999999,-121.49933,4.1,6.5,4.461179603913123,24.6650389375,1.43608581875,1.0627555,-0.9242907221930934,-0.3816892202666586,-0.21019151178352669,0.09356413542264727,0.715718120504648,-0.21019151178352669,0,-0.3101754054407408,-0.1956490105675756,-0.12475011934226368,-0.092457354138731,9
1806,US-Bi1,2016-09-15,US-Bi1,Croplands,38.0991537999999,-121.49933,3.6,5.2000003,4.571204558072046,21.73857385416666,1.1271488729166663,1.8212609791666663,-0.9679377830240642,-0.2511900638848195,-0.39276930129412674,0.14097665196828071,0.5781780573923406,-0.3927693012941267,0,-0.23700356554833213,-0.42969862138585857,-0.5116057169481896,-0.05529336354034783,9
1807,US-Bi1,2016-09-16,US-Bi1,Croplands,38.0991537999999,-121.49933,3.9,5.5,4.093535563276611,21.612907145833336,1.040020322916667,1.4438148958333332,-0.9721181966290612,-0.2344913895704105,-0.47065400555546155,0.03873342540809501,0.5580991365882704,-0.47065400555546155,0,-0.426107750169379,-0.48946280183351204,-0.4963914646634937,-0.14501945280200357,9
1808,US-Bi1,2016-09-23,US-Bi1,Croplands,38.0991537999999,-121.49933,3.3,5.4,4.32607795393433,19.03486539583333,1.0460447041666665,2.5967738958333317,-0.9932568492674144,-0.1159345995955006,-0.7515192152976304,0.2173303852056672,0.761045016979325,-0.7515192152976304,0,-0.5047146840022295,-0.9142678763671072,-0.8355750855235548,-0.21850255973514549,9
1809,US-Bi1,2016-10-01,US-Bi1,Croplands,38.0991537999999,-121.49933,1.6,4.4,2.0977142051962945,18.180760916666667,0.9037571979166664,3.703003937500001,-0.9997685019798908,0.0215160974362222,-0.18139759820359325,0.22225940913024936,0.8923576440897676,-0.18139759820359325,0,-0.23693226433900688,0.06336321538795023,-0.37062374565972306,-0.029203764269229156,9
1810,US-Bi1,2016-10-09,US-Bi1,Croplands,38.0991537999999,-121.49933,2.1,4.4,2.68099128970776,20.226091229166663,1.333922389583333,0.874067416666667,-0.9873494423939864,0.1585593851031347,-0.09107957735651383,0.1692255334644292,0.7166558657494959,-0.09107957735651384,0,-0.2682391631631055,0.06890149035296675,-0.07390105925940274,-0.020415634801069452,9
1811,US-Bi1,2016-10-18,US-Bi1,Croplands,38.0991537999999,-121.49933,2.2,3.0,3.3990208160106965,18.538226729166663,0.4590899062500001,2.294488375,-0.9510565162951536,0.3090169943749472,0.038355862637303,0.1597501202943713,0.6826355914518609,0.03835586263730306,0,-0.0005786603817771983,0.21397426286194704,-0.09832801456826085,5.564266325658925e-05,9
1812,US-Bi1,2016-11-02,US-Bi1,Croplands,38.0991537999999,-121.49933,1.4,1.8000001,2.3694705896629875,17.907754062500004,0.2999367291666667,0.9374472708333336,-0.8406184056344783,0.5416278206559811,0.5892671705198335,0.1189629874794953,0.7881740699044391,0.5892671705198335,0,0.660929092704286,0.4519442438753102,0.6549281749799044,-0.00755885177116019,9
1813,US-Bi1,2016-11-18,US-Bi1,Croplands,38.0991537999999,-121.49933,1.0,1.9,1.2382307524849647,14.744861687499997,0.4464722999999999,1.7921314374999997,-0.661634618242279,0.749826401204568,0.28850098251946754,0.06677711583703269,0.6791188802569876,0.1879605224504619,0,0.2593047887042998,0.36490417549155774,0.24129398336254515,-0.01964776470711022,9
1814,US-Bi1,2016-12-04,US-Bi1,Croplands,38.0991537999999,-121.49933,0.5,1.0,0.7412457660443595,14.012973687500002,0.2347529,0.9849377916666668,-0.4327755925504317,0.9015016841318838,0.6556143876364166,0.01693545330227619,0.8438608440696198,-0.17312285554769746,0,0.6401363803015709,0.6530028818835051,0.6737039007241735,-0.033622444286058185,9
1815,US-Bi1,2016-12-20,US-Bi1,Croplands,38.0991537999999,-121.49933,0.6,0.90000004,0.5815223853727537,13.336000604166667,0.1934218854166667,1.0094344791666667,-0.1712931441814778,0.9852201067560606,0.5824687982307878,0.031160676813284494,0.7816995389697476,-0.5824687982307878,0,0.5976827823813401,0.5466237326701971,0.6030998796408262,-0.033622444286058185,9
1816,US-Bi1,2016-12-21,US-Bi1,Croplands,38.0991537999999,-121.49933,0.5,0.8,0.5117059103085462,14.617943604166667,0.2457559291666666,1.1562925416666667,-0.154308820664281,0.9880226656636976,0.5147411977894851,0.059396939024868416,0.8861955840460836,-0.4913293771723928,0,0.44633091916560486,0.553191534326083,0.5447011398767674,-0.01964776470711022,9
1817,US-Bi1,2016-12-28,US-Bi1,Croplands,38.0991537999999,-121.49933,0.6,0.8,0.6089164062423037,13.007986249999997,0.2115180770833333,1.1234730208333337,-0.0344216116227458,0.9994074007397048,0.4879882881369147,0.053529335721833445,0.746724603359062,-0.47015547565230725,0,0.4518846503005818,0.46259145593611156,0.5494887581740507,-0.01964776470711022,9
1818,US-Bi1,2017-01-05,US-Bi1,Croplands,38.0991537999999,-121.49933,0.6,0.6,1.6912473029448185,14.15491979166667,0.2258640229166666,2.9591569583333333,0.0859647987374464,0.9962981749346078,0.4275268264410907,0.30413189433300036,1.0502365133418359,0.42752682644109075,0,0.09349861747644836,0.5006522954956658,0.6884295663511579,0.08968225960397272,9
1819,US-Bi1,2017-01-06,US-Bi1,Croplands,38.0991537999999,-121.49933,0.5,0.7,0.683099558760221,12.16524514583333,0.17857724375,1.345445625,0.1031016974474348,0.9946708199115212,0.416413210908493,0.09488283688502627,0.7022586631977188,-0.050214093388050995,0,0.323097160186206,0.41335364638891936,0.5127888261503535,-0.00755885177116019,9
1820,US-Bi1,2017-01-13,US-Bi1,Croplands,38.0991537999999,-121.49933,0.7,1.2,1.3466683680517066,15.816686916666674,0.1975403145833332,1.9401604583333332,0.2219215130041655,0.9750645322571948,0.28587682643854945,0.2024989355671602,0.9115987900944644,0.28587682643854945,0,0.05325751010650819,0.4227293460835166,0.38164362312562367,-0.004158088312679588,9
1821,US-Bi1,2017-02-14,US-Bi1,Croplands,38.0991537999999,-121.49933,1.2,1.4,1.4944272962676202,17.3327220625,0.25911940625,0.9515681458333334,0.6994583270516471,0.7146733860429609,0.44195294251926226,0.15475319278876107,0.9803181751041308,0.14690165001597816,0,0.31792971107817886,0.39255437367169965,0.6153747428079082,-0.00755885177116019,9
1822,US-Bi1,2017-02-22,US-Bi1,Croplands,38.0991537999999,-121.49933,2.1,1.6,3.184345570930763,16.237314604166666,0.2743204916666667,4.091003958333333,0.7909456567567772,0.6118864012687243,0.06925233444152791,0.2889251163572871,1.0570948677549636,0.0692523344415279,0,-0.049393317427327325,-0.14146211451685017,0.3986124352687612,0.08968225960397272,9
1823,US-Bi1,2017-03-02,US-Bi1,Croplands,38.0991537999999,-121.49933,2.0,2.1000001,1.95652068628956,14.88341825,0.3607701916666667,1.0308311666666663,0.8674563547295968,0.4975132889071806,0.25880221833456063,0.10844711162307132,0.593832258023291,-0.25880221833456063,0,0.19388068172186812,0.19852857241257413,0.38399740086923967,0.015159528783692732,9
1824,US-Bi1,2017-03-27,US-Bi1,Croplands,38.0991537999999,-121.49933,3.3,3.2,4.7570962152579455,17.02094929166667,0.4096281145833332,3.2553040624999987,0.995918996147179,0.0902516100310411,-0.5713341845898592,0.13648800723019916,0.7760454065664609,-0.5713341845898592,0,-0.4920559539811802,-0.7289359962491851,-0.4930106035392123,-0.00755885177116019,9
1825,US-Bi1,2017-04-03,US-Bi1,Croplands,38.0991537999999,-121.49933,4.7,4.9,6.366404587954102,17.519997875000005,0.8698041291666665,3.3807609375,0.9995462806873572,-0.0301203048469081,-1.6515923136452006,0.20560062789003672,0.8359332573894547,-1.6515923136452004,0,-1.5480148911205267,-1.8883821231370785,-1.518379926677997,-0.4411964016129883,9
1826,US-Bi1,2017-04-19,US-Bi1,Croplands,38.0991537999999,-121.49933,3.7,3.9,5.235732943613134,18.327581291666664,0.4741456250000002,2.211378666666667,0.9536809966304456,-0.3008198076356673,-0.6043066241174128,0.03962273186909561,0.785193993393898,-0.6043066241174126,0,-0.5789998520038357,-0.5839503699964614,-0.6499696503519411,-0.07185280336723905,9
1827,US-Bi1,2017-04-27,US-Bi1,Croplands,38.0991537999999,-121.49933,2.8,4.6,2.617792942847261,19.0622425,0.6980894333333332,4.422963791666668,0.9033558023246844,-0.4288919379124835,0.5197264425695312,0.10763035107356125,1.0073504605789982,-0.5197264425695312,0,0.4391668999450394,0.6419629862762386,0.47804944148731565,0.045502340247347305,9
1828,US-Bi1,2017-04-28,US-Bi1,Croplands,38.0991537999999,-121.49933,4.1,5.8,3.211408338589946,18.58745625,1.1629799791666666,6.613216020833333,0.895839290734909,-0.4443781781046132,-0.4138430612364353,0.23308911160630993,1.7009238685591115,0.4138430612364353,0,-0.6750859031666279,-0.22714430880312336,-0.33929897173955476,2.643269625117453,9
1829,US-Bi1,2017-05-05,US-Bi1,Croplands,38.0991537999999,-121.49933,5.4,4.8,6.168864035068685,19.088671229166668,0.6309093062500001,4.8451456041666665,0.835925479418637,-0.548842958284719,-0.7202669583721885,0.1075511464827925,1.0657956637639305,-0.7202669583721883,0,-0.7731604490654244,-0.7911287845466679,-0.5965116415044732,-0.1538566922333336,9
1830,US-Bi1,2017-05-13,US-Bi1,Croplands,38.0991537999999,-121.49933,5.8,5.2000003,6.405572002083192,16.1538670625,0.6716448291666667,3.674711604166667,0.7526668275320084,-0.6584015846980488,-1.7307407923998703,0.14421730443096425,1.0471097314329252,-1.73074079239987,0,-1.8413579342542867,-1.7832353607743698,-1.5676290821709546,-1.0080004930313555,9
1831,US-Bi1,2017-05-14,US-Bi1,Croplands,38.0991537999999,-121.49933,5.0,5.2000003,6.425272319278425,16.992830770833336,0.6345506416666665,3.1720238958333336,0.741222010848596,-0.6712599575675313,-1.061003284505241,0.10596489578413557,0.769317177785191,-1.061003284505241,0,-1.0289587544786671,-0.9747591317164231,-1.1792919673206332,-0.3023153983070715,9
1832,US-Bi1,2017-05-21,US-Bi1,Croplands,38.0991537999999,-121.49933,7.1,6.4,7.228444158353463,24.847056729166663,1.3714050520833334,1.3386990624999997,0.6551563572090853,-0.7554933140726803,-1.9517662827352016,0.05698185387782215,0.8583881507494366,-1.9517662827352016,0,-1.9906357654312905,-1.9783076673391913,-1.886355415435123,1.8547507250466064,9
1833,US-Bi1,2017-05-29,US-Bi1,Croplands,38.0991537999999,-121.49933,4.0,5.4,1.7986677900952124,20.724969604166667,0.7323048000000001,3.8269408125000006,0.545240438540651,-0.8382797052177743,0.6426601754082754,0.27988520851887105,0.9072402332277368,-0.6426601754082752,0,0.8709671081802597,0.7266043826175033,0.330409035427063,-0.18998409139027744,9
1834,US-Bi1,2017-05-30,US-Bi1,Croplands,38.0991537999999,-121.49933,3.3,5.3,1.9031277801745297,20.4633969375,0.8135706999999998,4.17165025,0.5307300481619334,-0.8475409228928311,0.8709078290019344,0.20916440208315934,1.0149882954584741,-0.8709078290019343,0,1.0245803680779497,0.9554354654319389,0.6327076534959146,-0.2712012073207274,9
1835,US-Bi1,2017-06-06,US-Bi1,Croplands,38.0991537999999,-121.49933,5.3,6.9,5.533477007947097,23.23442583333333,1.2233222708333336,2.676113645833333,0.4250003399695541,-0.9051931898913974,-0.68120899099294,0.13048413003976625,0.7166664801128306,-0.68120899099294,0,-0.6343897178618036,-0.5805941342523927,-0.8286431208646236,-0.2897382476223781,9
1836,US-Bi1,2017-06-14,US-Bi1,Croplands,38.0991537999999,-121.49933,6.8,7.4,8.364614985510368,24.39281864583333,1.3228408145833332,2.4021808958333337,0.2967128192734907,-0.9549667548552552,-1.4384466762808208,0.07572188998935864,0.8336161491736979,-1.4384466762808206,0,-1.4100551979101512,-1.5242611810971438,-1.381023649835168,-0.831763638104671,9
1837,US-Bi1,2017-06-15,US-Bi1,Croplands,38.0991537999999,-121.49933,7.2,7.5,8.54298397615364,25.12517572916666,1.3352869979166673,4.133813479166667,0.2802306751992158,-0.9599326896597448,-2.1082695198163077,0.15873440744576037,1.1972665471166066,-2.1082695198163077,0,-2.016494377626393,-2.2915601642545216,-2.016754017568008,1.0196007277546628,9
1838,US-Bi1,2017-06-22,US-Bi1,Croplands,38.0991537999999,-121.49933,8.7,8.7,9.195385241876984,31.204772791666674,2.088231158333333,3.082445916666668,0.1628070129385171,-0.986657932891657,-2.7082988782065196,0.3800317746084518,1.6254928755066302,-2.7082988782065196,0,-2.6004210091792728,-3.1306070890484685,-2.3938685363918175,-13.804801300944877,9
1839,US-Bi1,2017-06-30,US-Bi1,Croplands,38.0991537999999,-121.49933,3.6,7.2000003,2.956434014111041,24.12417033333334,1.1389493000000002,3.1364979374999984,0.025818440227133,-0.9996666485105112,0.22517900935057453,0.2825177413340968,1.0725985780150116,-0.22517900935057455,0,0.03749365789689152,0.5500994442966889,0.08794392585814312,-0.04979358055184617,9
1840,US-Bi1,2017-07-01,US-Bi1,Croplands,38.0991537999999,-121.49933,3.3,6.7000003,3.3152368848148046,23.39288258333333,1.03046166875,2.175298520833334,0.0086069968886886,-0.9999629591162656,0.4032777471767888,0.21106818404820152,0.8944667843880769,-0.37280397754717925,0,0.43522253115219145,0.5965526404760874,0.1780580699020876,-0.0966710851146672,9
1841,US-Bi1,2017-07-08,US-Bi1,Croplands,38.0991537999999,-121.49933,6.2,9.8,7.610824476492882,29.25238520833333,2.3251354041666668,2.6423284375,-0.1116590071216944,-0.993746580436178,-0.7183115506941204,0.3005465965427582,0.9871655482370952,-0.7183115506941204,0,-0.3854734048810873,-0.9698325225937972,-0.7996287246074771,-0.40775500144953364,9
1842,US-Bi1,2017-07-16,US-Bi1,Croplands,38.0991537999999,-121.49933,6.8,9.5,8.535640993880419,30.123278833333345,2.248090652083333,2.38500025,-0.2470221804809352,-0.9690098257244064,-1.0121370345026446,0.3584265526589771,1.0953167801895556,-1.0121370345026444,0,-0.6031445455066727,-1.2715281932428288,-1.1617383647584327,-0.5787562480591807,9
1843,US-Bi1,2017-07-17,US-Bi1,Croplands,38.0991537999999,-121.49933,6.9,9.5,7.985520280619688,29.188308479166675,2.4050361354166667,3.212433583333333,-0.2636654927280072,-0.9646141756912436,-1.3991648297755617,0.26894985605786187,1.067754714840102,-1.399164829775562,0,-1.0935989782814628,-1.5999702281167978,-1.503925282928424,-0.8095809606025262,9
1844,US-Bi1,2017-07-24,US-Bi1,Croplands,38.0991537999999,-121.49933,5.6,6.9,2.930651294980859,23.25458410416667,0.9318427270833336,3.225366395833333,-0.3777079652039646,-0.92592477719385,-0.7396497292542108,0.20637732475499485,0.8999737331268765,0.7396497292542108,0,-0.5141310072274706,-0.785718913445218,-0.9190992670899438,-0.40306310647690785,9
1845,US-Bi1,2017-08-01,US-Bi1,Croplands,38.0991537999999,-121.49933,2.8,8.5,3.109121497033976,28.6336055,1.9365026479166667,2.1976822916666667,-0.5012418134457756,-0.8653072543632061,-0.2233704602187636,0.12299155663626893,1.0047740890609245,-0.2233704602187636,0,-0.09060735753303745,-0.24607831320944856,-0.3334257099138048,-0.03688635414555227,9
1846,US-Bi1,2017-08-09,US-Bi1,Croplands,38.0991537999999,-121.49933,3.1,6.2000003,3.3009561123129862,23.595767270833324,0.7502929666666666,2.678892312499999,-0.6152845999633277,-0.7883050558305253,0.36045715519644633,0.36016010610291405,0.8425828148970365,0.04145506942952598,0,0.3535620834387833,0.7240152928591671,0.003794089291388681,-0.0964651911389767,9
1847,US-Bi1,2017-08-17,US-Bi1,Croplands,38.0991537999999,-121.49933,4.5,6.2000003,4.007525230767603,24.876033333333336,1.0132418770833331,2.9028333125,-0.7176769136759615,-0.6963762255968726,-0.2758791537463609,0.12285921258350728,0.8943183918715935,0.2758791537463609,0,-0.13475083056986614,-0.3589526484376387,-0.3339339822315779,-0.09441271377993317,9
1848,US-Bi1,2017-08-18,US-Bi1,Croplands,38.0991537999999,-121.49933,4.6,6.8,4.092646149257946,24.88121783333333,1.0104142270833332,2.5701803541666663,-0.7295575540864876,-0.6839194216246105,-0.3844418809157768,0.039750430835378825,0.9692124935879086,0.3844418809157768,0,-0.3385622481335608,-0.40856119865279017,-0.40620219596097945,-0.14390927593510244,9
1849,US-Bi1,2017-08-25,US-Bi1,Croplands,38.0991537999999,-121.49933,3.4,6.6,2.4956902192781296,25.78476385416667,1.1962706854166665,1.6374285208333332,-0.8064799463209447,-0.5912614448635782,-0.049559697832472556,0.03727674357098869,0.764106898940825,0.049559697832472605,0,-0.08982414053271276,-0.0426046006673388,-0.016250352297366124,-0.14389452270490055,9
1850,US-Bi1,2017-09-02,US-Bi1,Croplands,38.0991537999999,-121.49933,2.0,6.8,2.3989720358932,32.06158060416667,2.0444282687499995,1.1845760833333334,-0.8800122039735356,-0.4749510720670502,-0.15387326153999595,0.12544650635453072,1.0472791758873634,-0.15387326153999592,0,-0.06608087470491997,-0.29755020744471256,-0.09798870247035532,-0.009366436450444361,9
1851,US-Bi1,2017-09-03,US-Bi1,Croplands,38.0991537999999,-121.49933,3.0,8.0,2.579555418105501,32.07018983333334,2.042794622916667,1.5240104375,-0.888057322629493,-0.4597327394521046,-0.6542176457505673,0.20143301072956035,1.1349744385125058,0.18667151803843085,0,-0.42315120598002326,-0.7928047833159069,-0.7466969479557718,-0.02645248838057705,9
1852,US-Bi1,2017-09-10,US-Bi1,Croplands,38.0991537999999,-121.49933,2.2,5.9,3.0741456689607616,28.67099256249999,1.4657858562500004,1.5210576666666666,-0.9368813462954316,-0.3496474552512282,0.03120097276480729,0.14422884935017513,0.71942377592271,0.031200972764807267,0,0.038464059263866854,-0.11652219642376135,0.17166105545431637,-0.07801174409520077,9
1853,US-Bi1,2017-09-19,US-Bi1,Croplands,38.0991537999999,-121.49933,3.3,4.6,2.928924270911367,21.76634708333333,0.9610381270833334,3.43310575,-0.97961369164549,-0.2008905551306352,-0.35071106505721455,0.10533612369299959,0.887105479224734,0.35071106505721455,0,-0.35230286937149735,-0.45524226565114895,-0.2445880601489973,-0.020415634801069452,9
1854,US-Bi1,2017-09-26,US-Bi1,Croplands,38.0991537999999,-121.49933,2.6,5.8,2.873848540823027,23.27501991666667,1.3915970729166665,1.2757745625000003,-0.99665890175417,-0.0816763953304228,-0.1308987670472818,0.06774371211751172,0.7795910926034992,-0.13089876704728176,0,-0.190861789084211,-0.14442056076086446,-0.05741395129676999,-0.11547423308242231,9
1855,US-Bi1,2017-10-04,US-Bi1,Croplands,38.0991537999999,-121.49933,1.4,4.1,1.3138668646164606,19.02604964583334,0.9486274041666668,1.2119274375000002,-0.9984354211555644,0.055916990100603,-0.3133456861587845,0.07739226312896458,0.6774255374318104,-0.14107941539170593,0,-0.3964454722941417,-0.24332859178124208,-0.3002629944009697,-0.03250454773701949,9
1856,US-Bi1,2017-10-05,US-Bi1,Croplands,38.0991537999999,-121.49933,1.3,4.4,1.441478862835075,20.10638775,1.1556950437499998,1.6776663541666668,-0.9973249731081556,0.0730951298980777,-0.18527422987559905,0.12259123867763265,0.7015890265069193,-0.18527422987559905,0,-0.29980266265987787,-0.055961138658803346,-0.20005888830811588,-0.020415634801069452,9
1857,US-Bi1,2017-10-12,US-Bi1,Croplands,38.0991537999999,-121.49933,1.6,4.6,1.5855798256107538,18.1812328125,1.110893441666667,3.329062854166668,-0.9813064702716092,0.1924515819708299,-0.3427631329222633,0.11947893685606968,0.8739878892293165,-0.3139227841437708,0,-0.36729134170403327,-0.21292355667297952,-0.448074500389777,-0.020415634801069452,9
1858,US-Bi1,2017-10-21,US-Bi1,Croplands,38.0991537999999,-121.49933,1.5,2.8,1.813627332697337,17.294413875000004,0.50182261875,1.8564212499999997,-0.9398560579418952,0.341570769167856,0.060971777834871704,0.16915480912509331,0.5188275779013225,0.06097177783487173,0,0.03911154592731655,0.2399939731554585,-0.09619018557815992,0.02277402321810951,9
1859,US-Bi1,2017-10-28,US-Bi1,Croplands,38.0991537999999,-121.49933,1.6,3.2,1.8024963882055267,21.28002052083333,0.8492909229166666,0.7787801041666667,-0.8919813464595487,0.4520722039323037,0.36178539352533473,0.23383130602452837,0.7444787804144816,0.043207382885718515,0,0.16988886297071015,0.29323785080754894,0.622229466797745,-0.01839780438051935,9
1860,US-Bi1,2017-11-05,US-Bi1,Croplands,38.0991537999999,-121.49933,1.2,1.6,1.9586330878456424,15.574752729166669,0.42852458125,2.040383416666667,-0.8214765533024145,0.5702422926917867,0.26113206626752034,0.21394291386267925,0.7279634490497637,0.26113206626752034,0,0.26984692439155106,0.47058438634703104,0.042964888063978905,-0.004158088312679588,9
1861,US-Bi1,2017-11-06,US-Bi1,Croplands,38.0991537999999,-121.49933,1.0,1.7,1.3750840244944351,15.952833374999996,0.3590698645833334,1.4839041041666663,-0.8115390590073611,0.5842981736283683,0.38878001920853983,0.044955999675818356,0.6674992760987374,0.3613880297803304,0,0.372911913296744,0.43951821119247103,0.35390993313640445,-0.01964776470711022,9
1862,US-Bi1,2017-11-13,US-Bi1,Croplands,38.0991537999999,-121.49933,1.0,1.3000001,1.6992504093369043,20.090015833333336,0.3483510895833333,1.8304511875,-0.7354170229639858,0.6776147890466887,0.4089934351556645,0.2307390765933539,0.9250938943031117,0.4089934351556645,0,0.3269866952323134,0.669534256187793,0.23045935404688708,-0.01839780438051935,9
1863,US-Bi1,2017-12-07,US-Bi1,Croplands,38.0991537999999,-121.49933,0.8,1.5,1.1052536552329562,14.315239729166668,0.2941475875,1.1567946458333334,-0.4014879892059737,0.9158642882672868,0.5553383966495119,0.017394346694547952,0.6513776221897346,0.05516891381640032,0,0.5738130441824039,0.5392762032263114,0.5529259425398205,-0.033622444286058185,9
1864,US-Bi1,2017-12-08,US-Bi1,Croplands,38.0991537999999,-121.49933,1.0,1.2,0.8887107656025649,14.59124016666667,0.2625175416666666,0.9062821875,-0.3856634062436074,0.9226395488404876,0.7179572781693618,0.07538232700896082,0.7696238241269301,-0.7179572781693618,0,0.7765916330707456,0.6329265068275931,0.7443536946097467,-0.01964776470711022,9
1865,US-Bi1,2018-01-25,US-Bi1,Croplands,38.0991537999999,-121.49933,1.1,1.1,1.5824701155890637,17.990268083333333,0.1975796083333333,2.3737839374999994,0.4171936026123168,0.9088176373395028,0.19301941239409656,0.23047624962544044,1.0052496449876407,0.1930194123940966,0,-0.06558027836950621,0.2678770719809182,0.3767614435708777,0.08968225960397272,9
1866,US-Bi1,2018-02-01,US-Bi1,Croplands,38.0991537999999,-121.49933,1.0,1.7,1.06990386425234,19.51422439583333,0.40249530625,1.2647923541666668,0.5234156073655503,0.8520775211013093,0.2954540382631628,0.18751454142229418,1.0079943058636194,-0.15564630975848287,0,0.11589236429044625,0.28044982300016563,0.4900199274988766,0.1081357066477487,9
1867,US-Bi1,2018-02-09,US-Bi1,Croplands,38.0991537999999,-121.49933,1.3,2.1000001,1.5386059399209966,19.539624270833333,0.4478996770833334,1.1786252916666664,0.6354323008901774,0.7721565844991642,0.26682074488617474,0.15710373955140042,0.9619616776384508,0.21039113495581835,0,0.14038168691089428,0.2173839005752883,0.4426966471723417,5.564266325658925e-05,9
1868,US-Bi1,2018-02-10,US-Bi1,Croplands,38.0991537999999,-121.49933,1.3,2.8,3.0988316711048527,18.528696479166666,0.6815170854166669,5.021956020833332,0.6486295610349814,0.7611042586607747,-0.010778655995893024,0.4186632601892101,1.1748988288110669,-0.010778655995893116,0,-0.4281403916460791,-0.01336967850066944,0.40917410215906946,1.356766235731912,9
1869,US-Bi1,2018-02-17,US-Bi1,Croplands,38.0991537999999,-121.49933,1.3,1.8000001,1.7806798307040883,15.548181666666665,0.5316791395833332,1.1057692083333337,0.7354170229639855,0.6776147890466889,0.16918396258618618,0.11237076184726344,0.734537864836694,0.16918396258618618,0,0.10825805036790015,0.10043395062455893,0.2988598867660994,-0.00755885177116019,9
1870,US-Bi1,2018-02-25,US-Bi1,Croplands,38.0991537999999,-121.49933,1.7,2.6000001,1.9381702754992025,13.50485964583333,0.4195316041666665,2.514859749999999,0.8214765533024142,0.5702422926917871,0.026485904949378667,0.11024628685491702,0.745712628693192,0.026485904949378664,0,-0.09216994387969657,0.12574922618535006,0.045878432542482514,-0.00755885177116019,9
1871,US-Bi1,2018-03-05,US-Bi1,Croplands,38.0991537999999,-121.49933,1.4,2.4,1.7198282523321482,14.277974083333335,0.3030736395833333,1.9470931458333325,0.8919813464595485,0.4520722039323043,0.3061276889059947,0.18141961277774896,0.7735028836941543,0.3061276889059947,0,0.10881867643270968,0.4657325117787398,0.34383187850653457,5.564266325658925e-05,9
1872,US-Bi1,2018-03-29,US-Bi1,Croplands,38.0991537999999,-121.49933,4.5,4.3,3.705877885031836,21.027269666666673,0.7082445125000002,1.3634883958333337,0.9984354211555644,0.0559169901006034,-1.334643619246716,0.18213017713686808,0.862851831720912,0.25360061068961226,0,-1.393313706330992,-1.1304092701454946,-1.480207881263661,0.051927975560934835,9
1873,US-Bi1,2018-04-14,US-Bi1,Croplands,38.0991537999999,-121.49933,3.8,4.4,4.408724658486489,19.73385777083333,0.6543513854166668,1.4797787500000004,0.9760105506323684,-0.2177232303965317,-0.6891237948513576,0.18543939632603457,0.6442403176696108,-0.6891237948513576,0,-0.6986324798394377,-0.4991129858248042,-0.8696259188898308,-0.020415634801069452,9
1874,US-Bi1,2018-04-15,US-Bi1,Croplands,38.0991537999999,-121.49933,4.3,2.8,4.565883463162968,17.9250710625,0.4792431666666666,4.299301145833334,0.9721181966290612,-0.2344913895704098,-0.6326287660016962,0.26478736127840474,1.3031268131768297,-0.6326287660016962,0,-0.6387694963550643,-0.8942923526820148,-0.36482444896800925,0.12258207394844843,9
1875,US-Bi1,2018-04-22,US-Bi1,Croplands,38.0991537999999,-121.49933,5.0,5.4,4.5428340386178485,22.41244760416667,0.6969381854166667,1.448097708333334,0.9368813462954316,-0.3496474552512284,-1.3552999352703672,0.1813518103233782,0.5514551124189604,-0.4409680125060642,0,-1.3444676541335268,-1.1796070606805247,-1.5418250909970503,-0.29284658309521616,9
1876,US-Bi1,2018-05-01,US-Bi1,Croplands,38.0991537999999,-121.49933,2.4,5.1,2.46916573556733,19.612298125,0.6667283520833333,4.160526208333333,0.8717063187093218,-0.4900286664290592,0.8172581668317456,0.182886005000913,0.9661060170256273,-0.6789266956970854,0,0.8478221767546172,0.9829365768738954,0.6210157468667241,-0.2861049345346666,9
1877,US-Bi1,2018-05-08,US-Bi1,Croplands,38.0991537999999,-121.49933,4.5,5.8,5.2267834772287,22.16633039583333,0.815098475,4.107415770833333,0.8064799463209448,-0.5912614448635781,-0.15248014099265947,0.22426233578582133,0.8597020406976459,-0.1524801409926595,0,0.08703142311141876,-0.18697600721418653,-0.35749583887521064,-0.10320084324809291,9
1878,US-Bi1,2018-05-09,US-Bi1,Croplands,38.0991537999999,-121.49933,4.7,5.6,5.207503789376872,21.51920916666666,0.6760157791666668,5.181803895833333,0.7961828637826158,-0.6050560696488488,0.011271324249970752,0.07666923840893566,1.1527766704781928,0.011271324249970738,0,-0.07643694431272272,0.06554739873010212,0.044703518332532846,0.03121472225223146,9
1879,US-Bi1,2018-05-17,US-Bi1,Croplands,38.0991537999999,-121.49933,5.7,5.7000003,5.2455972485124,20.293217895833333,0.5512937541666666,3.480427687499999,0.705583610107178,-0.7086266782644596,-0.9593171404679982,0.12615969580482875,0.812229625855761,-0.05051163749279797,0,-1.001138648836522,-0.8175573485386923,-1.0592554240287801,-0.6354003648903735,9
1880,US-Bi1,2018-05-24,US-Bi1,Croplands,38.0991537999999,-121.49933,3.0,5.1,4.314501903249654,19.167384020833328,0.44206910625,6.427855541666666,0.6152845999633276,-0.7883050558305255,1.3589518220727304,0.1762176444939538,1.1597702563622816,1.270051984426577,0,1.165163890213163,1.4021118477953112,1.5095797282097168,-0.22067838091128142,9
1881,US-Bi1,2018-06-01,US-Bi1,Croplands,38.0991537999999,-121.49933,3.2,6.9,2.862156725175796,22.3746761875,0.9595302354166666,2.9215886666666653,0.5012418134457758,-0.865307254363206,0.18755106666709667,0.24351155010363493,1.1154040494744581,-0.18755106666709664,0,0.24354940366691225,0.3981855393911714,-0.07908174305679364,-0.029634948825625035,9
1882,US-Bi1,2018-06-02,US-Bi1,Croplands,38.0991537999999,-121.49933,2.8,7.8,3.6007708513645293,27.26433604166667,1.550660304166667,1.7247144791666666,0.48627270710869,-0.8738071036110808,0.031229919403595607,0.1929423347697173,1.2455682050924586,0.031229919403595652,0,0.12988285268893995,0.15489895447133703,-0.1910920489494902,0.05385844227942067,9
1883,US-Bi1,2018-06-18,US-Bi1,Croplands,38.0991537999999,-121.49933,5.0,7.3,5.378851004468834,23.39263458333333,0.8190169895833334,4.070076812500001,0.2303056702306122,-0.973118337233262,-0.12144689851117534,0.20811092072643458,1.00939745502088,-0.1214468985111753,0,-0.2465463667275448,0.11879005408666474,-0.23658438289264597,-0.04129567777592185,9
1884,US-Bi1,2018-06-25,US-Bi1,Croplands,38.0991537999999,-121.49933,2.0,6.9,2.099715161232178,23.67775568750001,0.7756864312500001,4.187060979166668,0.1116590071216951,-0.993746580436178,1.0892089792938697,0.1970929526699813,0.9200017849739286,-0.8897786568295136,0,1.0555360519467605,1.300969101010974,0.9111217849238745,-0.4199226629155413,9
1885,US-Bi1,2018-07-03,US-Bi1,Croplands,38.0991537999999,-121.49933,3.2,6.9,3.1449851845983936,23.03614614583334,0.7035841999999999,3.4359171666666675,-0.0258184402271323,-0.9996666485105112,0.9018072702357202,0.1750322205139324,0.806464653446479,-0.9018072702357202,0,0.8506196907241805,1.0967266398542213,0.7580754801287585,-0.37844482834874854,9
1886,US-Bi1,2018-07-04,US-Bi1,Croplands,38.0991537999999,-121.49933,3.0,5.7000003,3.221041557930576,21.606880000000004,0.5736151562499998,3.2063186875,-0.0430222330045303,-0.99907411510223,1.3869937225286888,0.08093892955937378,0.8191950018261744,-0.9449106066675368,0,1.4104633891127452,1.453604223373686,1.296913555099635,-0.4638645569915939,9
1887,US-Bi1,2018-07-11,US-Bi1,Croplands,38.0991537999999,-121.49933,4.6,8.0,6.824828190848728,26.17870614583333,1.14434213125,1.6993176041666664,-0.1628070129385164,-0.9866579328916572,-0.005360029774135233,0.030667745790459548,0.837468901108131,-0.005360029774135189,0,-0.008649842505843858,0.026819995406142667,-0.03425024222270451,-0.18104692453135007,9
1888,US-Bi1,2018-07-19,US-Bi1,Croplands,38.0991537999999,-121.49933,6.5,8.6,7.228846738426922,26.02272377083333,1.0467489791666669,2.1397846874999997,-0.2967128192734901,-0.9549667548552552,-0.8816769000960566,0.15628521981552965,0.9139051050856247,-0.8816769000960565,0,-0.7080504411633147,-0.9258819202402078,-1.0110983388846473,-0.8269764115920707,9
1889,US-Bi1,2018-07-20,US-Bi1,Croplands,38.0991537999999,-121.49933,6.1,7.8,7.624863185402355,25.964206875,0.9497336770833332,2.6687867500000007,-0.3131070409358267,-0.9497178427914316,-0.8476033948779311,0.1628420831213968,0.88077309207873,-0.8476033948779311,0,-0.6637614463152383,-0.9053315702562914,-0.9737171680622637,-0.7511570883723323,9
1890,US-Bi1,2018-07-27,US-Bi1,Croplands,38.0991537999999,-121.49933,4.7,8.5,3.3703701145780336,25.860988416666668,1.29481584375,3.2093223541666664,-0.4250003399695539,-0.9051931898913976,-0.2657570389618083,0.028352789130745067,1.0822772762313773,0.26575703896180825,0,-0.2979415275987926,-0.24446867398706046,-0.2548609152995719,-0.019176354207376272,9
1891,US-Bi1,2018-08-04,US-Bi1,Croplands,38.0991537999999,-121.49933,3.3,8.8,3.140617206085122,27.452232229166665,1.6275898041666663,2.8585766458333333,-0.5452404385406507,-0.8382797052177745,-0.2537260839144903,0.19004979510186507,1.2893461249343128,0.0650395039152652,0,-0.16574384839639994,-0.12361013894146153,-0.4718242644056095,0.050694643251077365,9
1892,US-Bi1,2018-08-12,US-Bi1,Croplands,38.0991537999999,-121.49933,4.1,8.0,5.0083128668242844,26.4619840625,1.3175778625000003,1.3008565833333334,-0.655156357209085,-0.7554933140726804,-0.17632177661753148,0.04931435843439519,0.8137819484069,-0.17632177661753157,0,-0.1315754886850357,-0.22919464574635487,-0.1681951954212038,-0.13764921463590937,9
1893,US-Bi1,2018-08-20,US-Bi1,Croplands,38.0991537999999,-121.49933,5.3,6.5,5.66419553102804,22.907165249999995,0.7195399208333334,2.5191903125,-0.7526668275320083,-0.6584015846980489,-0.772781166288176,0.23182908774770256,0.8677564644811537,-0.7727811662881758,0,-0.5374377955318381,-0.7799772918953458,-1.0009284114373442,-0.37655739252046855,9
1894,US-Bi1,2018-08-21,US-Bi1,Croplands,38.0991537999999,-121.49933,4.7,5.0,4.612193362196511,21.182278229166663,0.4085136083333333,4.067354791666667,-0.7638886127905429,-0.64534811322955,-0.4704741830776924,0.24255686113752306,1.0542992312181145,-0.2948609074707149,0,-0.26571051211336444,-0.7383483451940449,-0.4073636919256677,0.0413122897031383,9
1895,US-Bi1,2018-08-28,US-Bi1,Croplands,38.0991537999999,-121.49933,5.0,4.6,5.944855265991897,21.78733683333333,0.59889764375,3.342325229166668,-0.8359254794186365,-0.5488429582847199,-0.6427632881835467,0.3957793384104507,1.1058023997133035,-0.6427632881835468,0,-0.32661402594365496,-1.0866324568676196,-0.5150433817393655,0.28572347489845407,9
1896,US-Bi1,2018-09-05,US-Bi1,Croplands,38.0991537999999,-121.49933,5.7,5.4,6.0448186894998335,22.054636062499995,0.6686033187499999,2.326650375,-0.9033558023246842,-0.4288919379124841,-1.2646016328947745,0.3221918714006058,0.9382464496766676,-1.2646016328947745,0,-0.8934608945268453,-1.4278445248498666,-1.4724994793076112,-0.6337340394137593,9
1897,US-Bi1,2018-09-06,US-Bi1,Croplands,38.0991537999999,-121.49933,5.6,5.7000003,5.617999853408749,23.07523610416667,0.8734849895833338,1.8190691041666665,-0.9106046300942162,-0.4132786077829044,-1.0222181142809925,0.3776620835406173,0.8677859591535011,-1.0222181142809925,0,-0.7925281836877157,-0.8160326274671157,-1.4580935316881465,-0.5911077556621215,9
1898,US-Bi1,2018-09-13,US-Bi1,Croplands,38.0991537999999,-121.49933,4.6,4.8,4.793205372589165,21.496163249999995,0.8549848208333333,1.8131646875000005,-0.9536809966304456,-0.300819807635668,-0.6308105628704818,0.16728896593129036,0.7549891230069306,-0.6308105628704818,0,-0.458369621531113,-0.641640785929121,-0.7924212811512114,-0.03681660448580186,9
1899,US-Bi1,2018-09-21,US-Bi1,Croplands,38.0991537999999,-121.49933,2.4,6.1,2.6931735678367805,24.18080689583333,1.5070726145833333,1.3200410208333333,-0.9859481499638304,-0.1670516255021195,-0.06582602474701897,0.029263855670791324,0.710562547174051,-0.06582602474701899,0,-0.08148477468057366,-0.08392879029369915,-0.03206450926678407,-0.10407533661009873,9
1900,US-Bi1,2018-09-22,US-Bi1,Croplands,38.0991537999999,-121.49933,2.0,5.6,2.9571682565164705,23.74955341666667,1.323123620833333,1.8026419583333333,-0.9886775902323404,-0.1500553983446526,-0.032597228283241,0.10677070070648459,0.64048440431721,-0.032597228283240964,0,-0.10754003117462307,-0.07990592326614163,0.0896542695910417,-0.07801174409520077,9
1901,US-Bi1,2018-09-29,US-Bi1,Croplands,38.0991537999999,-121.49933,3.0,3.7,3.4134903640684384,21.4001409375,0.7082774125000001,2.337623125,-0.9995462806873572,-0.0301203048469083,-0.0345277377810585,0.1067099058167419,0.5552128393716328,-0.0345277377810585,0,-0.1387950134077762,-0.03925582192944198,0.07446762199404267,0.015159528783692732,9
1902,US-Bi1,2018-10-07,US-Bi1,Croplands,38.0991537999999,-121.49933,4.2,5.5,4.7946546904308285,23.06990533333333,1.4525371375,6.340625583333331,-0.994217906893952,0.107381346664163,-1.465083033246277,0.17284102483778188,1.4000225137006777,-1.4650830332462768,0,-1.2655037908794067,-1.5645344545269328,-1.5652108543324916,-0.3059296702946586,9
1903,US-Bi1,2018-10-08,US-Bi1,Croplands,38.0991537999999,-121.49933,3.2,4.4,2.9543034334000016,21.839989937499997,1.2568844,1.6779236875,-0.9922222094179324,0.1244792638867886,-0.22283493611678618,0.05591653044858261,0.7407309112986681,0.22283493611678618,0,-0.24034410122936292,-0.26790163401909206,-0.16025907310190354,-0.05787812378829107,9
1904,US-Bi1,2018-10-15,US-Bi1,Croplands,38.0991537999999,-121.49933,3.4,3.9,3.928795995644639,20.13046012500001,1.4177395958333332,2.507675208333334,-0.970063921851507,0.2428497220959358,-0.5222543904879579,0.15424002153340077,0.8592955043583566,-0.5222543904879577,0,-0.34923172887241977,-0.6453355608938188,-0.5721958816976352,-0.020415634801069452,9
1905,US-Bi1,2018-10-24,US-Bi1,Croplands,38.0991537999999,-121.49933,2.7,2.8,2.230876514431704,19.968062041666663,0.7398675395833334,1.2215239791666663,-0.9209712877166346,0.3896304495307877,0.18991219508190946,0.07158458708956975,0.8484818156534756,-0.18991219508190949,0,0.17104396532878222,0.12965165063459375,0.2690409692823524,-0.04502134075838179,9
1906,US-Bi1,2018-10-31,US-Bi1,Croplands,38.0991537999999,-121.49933,1.3,2.7,1.3311580992015597,18.836505479166664,1.0549427395833335,1.3100204375000002,-0.867456354729597,0.4975132889071803,0.09207319757560907,0.1395398697702334,0.6595867289265693,-0.029756999172489765,0,-0.06478295047393393,0.1385875305193262,0.20241501268143494,-0.00755885177116019,9
1907,US-Bi1,2018-11-08,US-Bi1,Croplands,38.0991537999999,-121.49933,2.0,3.4,1.7670247206565446,18.11687995833334,1.2668456687500005,4.090547291666668,-0.7909456567567774,0.6118864012687242,-0.35467012102923107,0.3301851745062215,0.8758275456283474,0.11128043765767975,0,-0.03361101576085411,-0.337118125891322,-0.6932812214355171,-0.01839780438051935,9
1908,US-Bi1,2018-11-09,US-Bi1,Croplands,38.0991537999999,-121.49933,1.0,1.6,0.8703360739601852,13.78788733333333,0.7410565354166669,0.8202658541666666,-0.780295851070776,0.6254105729852457,0.3102237477107739,0.12745679712070226,0.5344006723887686,-0.3102237477107739,0,0.1875641527541677,0.4419893525322092,0.30111773784594464,0.015159528783692732,9
1909,US-Bi1,2018-11-16,US-Bi1,Croplands,38.0991537999999,-121.49933,0.8,1.3000001,0.6139474699440967,12.864714854166666,0.4383438125,0.5989069374999999,-0.6994583270516471,0.7146733860429608,0.6014222380772803,0.11402656905697121,0.7251290704432849,-0.6014222380772803,0,0.47921964793341126,0.62007410827088,0.7049729580275497,-0.00755885177116019,9
1910,US-Bi1,2018-11-25,US-Bi1,Croplands,38.0991537999999,-121.49933,0.8,1.0,1.545543397060987,20.60906356249999,0.4002787895833333,1.3684449999999997,-0.5808002734538014,0.8140460935082175,0.5443979424585547,0.14649231445097588,1.0084570304602534,0.5443979424585547,0,0.37549736955049556,0.6368760272845337,0.6208204305406345,0.10052121221333192,9
1911,US-Bi1,2018-12-02,US-Bi1,Croplands,38.0991537999999,-121.49933,0.7,0.90000004,1.012467969958708,16.869206729166667,0.2306376958333333,1.4932866666666664,-0.4787338401157883,0.8779600847008883,0.5627537003414859,0.09880318504268133,0.8775704307865084,0.062182239575930276,0,0.49862627141746385,0.6765353688850462,0.5130994607219475,-0.00755885177116019,9
1912,US-Bi1,2018-12-26,US-Bi1,Croplands,38.0991537999999,-121.49933,0.8,1.1,1.664469443618661,18.071113354166663,0.4478114312500001,2.0323963125000004,-0.0859647987374467,0.9962981749346076,0.1750341281766932,0.2602821880007585,0.8045624329327122,0.17503412817669317,0,-0.07694805131198455,0.44288977764460796,0.15916065819745623,-0.01839780438051935,9
1913,US-Bi1,2018-12-27,US-Bi1,Croplands,38.0991537999999,-121.49933,0.8,1.8000001,2.827262129721709,16.810852833333332,0.4413766333333333,5.133024374999999,-0.0688024268023206,0.9976303053065856,0.2240271077650017,0.16213699604094398,1.2897443205378332,0.2240271077650018,0,0.07733826024946377,0.1966233702685645,0.39811969277697684,0.11334969929145107,9
1953,US-Bi2,2017-04-27,US-Bi1,Croplands,38.109,-121.535,2.9,4.6,4.270343719985835,18.5206645625,0.676530075,5.022762125000002,0.9033558023246844,-0.4288919379124835,0.604953557526099,0.15689193878600918,1.1193360938430135,0.604953557526099,0,0.45304706261097466,0.7663959449839198,0.5954176649834023,0.10649618647545298,9
1954,US-Bi2,2017-05-05,US-Bi1,Croplands,38.109,-121.535,2.3,4.8,2.146699584260994,19.30808533333333,0.7470541062500002,6.676333895833335,0.835925479418637,-0.548842958284719,1.0676027277952724,0.36199794803896224,1.216347611115817,-1.0676027277952724,0,0.6728457056309833,1.1459531561683083,1.3840093215865257,-0.010942285764615674,9
1955,US-Bi2,2017-05-13,US-Bi1,Croplands,38.109,-121.535,1.8,5.2000003,1.8194555893897204,16.305710354166667,0.7940637166666665,4.873422166666666,0.7526668275320084,-0.6584015846980488,0.8778109840541203,0.11403144532017857,0.9339712356621298,-0.8388998052746796,0,1.0091815777194288,0.8198390432891683,0.8044123311537635,-0.3329054513932079,9
1956,US-Bi2,2017-05-21,US-Bi1,Croplands,38.109,-121.535,0.9,6.4,1.3454825683146985,26.81691295833333,1.8562947729166668,2.267878958333333,0.6551563572090853,-0.7554933140726803,0.47564611349765284,0.052299026652816216,0.7926907464536898,0.41531902313174407,0,0.5176367703881496,0.49223770750237916,0.4170638626024297,-0.14283518777016715,9
1957,US-Bi2,2017-06-06,US-Bi1,Croplands,38.109,-121.535,1.6,6.9,1.2313673072452311,23.782386791666664,1.3985014354166667,3.792391895833333,0.4250003399695541,-0.9051931898913974,0.46724023095004247,0.18902398444241353,1.1501947038792788,-0.4672402309500425,0,0.41272297149020587,0.6775315572405137,0.3114661641194079,-0.05316954366440261,9
1958,US-Bi2,2017-06-14,US-Bi1,Croplands,38.109,-121.535,1.4,7.4,1.8304668301981333,25.418548854166666,1.5752437458333333,3.390640458333333,0.2967128192734907,-0.9549667548552552,0.3872702315102365,0.0754220552976017,1.0737026081860133,0.3872702315102365,0,0.3332541232570629,0.47344061708345037,0.35511595419019615,0.010971676088257961,9
1959,US-Bi2,2017-06-15,US-Bi1,Croplands,38.109,-121.535,4.0,7.5,1.5729024146327168,26.100956625,1.549809716666667,5.327494312500002,0.2802306751992158,-0.9599326896597448,-0.3687252625147391,0.05613120444093926,1.447217623778735,0.36872526251473925,0,-0.40250147252613794,-0.3039300824580628,-0.3997442325600165,-0.014389518031040657,9
1960,US-Bi2,2017-06-22,US-Bi1,Croplands,38.109,-121.535,3.1,8.7,3.753332698560033,33.2185715,2.6297163999999995,3.966282041666666,0.1628070129385171,-0.986657932891657,-0.4071632359694681,0.24130848940008606,1.4617115265113292,-0.40716323596946813,0,-0.6855978737074571,-0.27718720690966964,-0.25870462729127736,-0.06435816515602956,9
1961,US-Bi2,2017-06-30,US-Bi1,Croplands,38.109,-121.535,3.9,7.2000003,3.731299160909456,24.18118739583333,1.1269471375000002,3.025668166666668,0.025818440227133,-0.9996666485105112,0.1967642696072435,0.25197257150877633,0.9851712638026744,-0.19676426960724347,0,0.0106097046116297,0.48349081040782765,0.09619229380227312,-0.11864017269246373,9
1962,US-Bi2,2017-07-01,US-Bi1,Croplands,38.109,-121.535,3.1,6.7000003,3.4671988828844027,23.37355139583333,1.0400390208333332,2.162672020833333,0.0086069968886886,-0.9999629591162656,0.4110778230154836,0.2118978591641668,0.9306073942727332,0.3233199427533216,0,0.4420858509474426,0.605763198342078,0.18538441975693012,-0.0966710851146672,9
1963,US-Bi2,2017-07-08,US-Bi1,Croplands,38.109,-121.535,5.3,9.8,7.3266118827951825,30.774536791666662,2.635479483333334,2.9925065833333333,-0.1116590071216944,-0.993746580436178,-0.8075650283463954,0.2957336885572179,1.0553999594606318,-0.8075650283463953,0,-0.5256758416895688,-1.1154296006531268,-0.7815896426964909,-0.42055875269936427,9
1964,US-Bi2,2017-07-16,US-Bi1,Croplands,38.109,-121.535,6.9,9.5,8.283482006655662,31.547822395833325,2.512096254166667,2.5871878541666677,-0.2470221804809352,-0.9690098257244064,-1.2871174777988261,0.3780204180904885,1.1403248648654147,-1.2871174777988261,0,-0.8878298188972515,-1.6394913323919624,-1.3340312821072646,-0.3119547893261353,9
1965,US-Bi2,2017-07-24,US-Bi1,Croplands,38.109,-121.535,6.2,6.9,6.084303455555962,23.067027416666665,0.8642085729166665,2.5799233125,-0.3777079652039646,-0.92592477719385,-0.9525759918045816,0.22073924176810597,0.9204852029751434,-0.7211829029165054,0,-0.7344124037422783,-0.9475118288806375,-1.175803742790829,-0.6681521587568956,9
1966,US-Bi2,2017-08-01,US-Bi1,Croplands,38.109,-121.535,6.6,8.5,6.818241041899757,29.062317520833336,1.7978413395833337,1.5742067500000003,-0.5012418134457756,-0.8653072543632061,-0.9546927273549916,0.3287423780552287,0.9658095565799905,-0.9546927273549914,0,-0.6006879245851073,-1.0130275222026046,-1.250362735277263,-0.8220375661226688,9
1967,US-Bi2,2017-08-09,US-Bi1,Croplands,38.109,-121.535,5.7,6.2000003,5.505685760799973,23.63397585416666,0.7166365708333334,2.193540708333334,-0.6152845999633277,-0.7883050558305253,-0.7658633421271892,0.29417189678700334,0.837317134994678,-0.3772348637271348,0,-0.5522510619444772,-0.64394595877677,-1.1013930056603203,-0.4754366413314676,9
1968,US-Bi2,2017-08-17,US-Bi1,Croplands,38.109,-121.535,5.6,6.2000003,5.890923363450187,25.387912625,0.9793942583333336,2.484432333333334,-0.7176769136759615,-0.6963762255968726,-0.8591302772082224,0.15986375439044534,0.7715707193140053,-0.8591302772082225,0,-0.6800095327259863,-0.9100481968886427,-0.987333102010038,-0.6000029499769065,9
1969,US-Bi2,2017-08-25,US-Bi1,Croplands,38.109,-121.535,5.1,6.6,5.563817542937097,25.340122375,1.1531800520833333,1.2148016666666666,-0.8064799463209447,-0.5912614448635782,-0.38319393205643754,0.1082010202677041,0.6686711454573425,-0.3831939320564375,0,-0.40190379079844485,-0.26685808533863453,-0.48081992003223323,-0.12593491652274486,9
1970,US-Bi2,2017-09-10,US-Bi1,Croplands,38.109,-121.535,3.9,5.9,4.407640092339396,28.79467087500001,1.5443427312500002,1.2208246666666671,-0.9368813462954316,-0.3496474552512282,-0.4522417426628138,0.07188533419918247,0.8625862041143242,-0.4522417426628138,0,-0.403018359714483,-0.41897169952864505,-0.5347351687453135,-0.11547423308242231,9
1971,US-Bi2,2017-09-18,US-Bi1,Croplands,38.109,-121.535,3.8,5.1,1.8806530271723716,22.88937964583333,0.7604894458333334,3.0323786874999987,-0.9760105506323682,-0.2177232303965322,-0.38465480419901227,0.12639159982749085,0.828964564145138,0.3846548041990123,0,-0.33236405504079014,-0.5288005799270452,-0.2927997776292013,-0.06352472302977676,9
1972,US-Bi2,2017-09-26,US-Bi1,Croplands,38.109,-121.535,1.0,5.8,0.5453277240004764,23.68725356249999,1.6510123041666669,1.6732384583333333,-0.99665890175417,-0.0816763953304228,0.03863457663447488,0.09166374709933803,0.5542376415254232,-0.03863457663447489,0,0.0014751571015295187,-0.02861476280310876,0.14304333560500387,-0.05529336354034783,9
1973,US-Bi2,2017-10-04,US-Bi1,Croplands,38.109,-121.535,0.9,4.1,0.4850943858370904,18.064468718750003,0.9886277916666666,1.5691068333333331,-0.9984354211555644,0.055916990100603,-0.19193031790402534,0.083726370028654,0.6598782518297577,0.19193031790402534,0,-0.28833357938201765,-0.1500463940654379,-0.13741098026462042,-0.020415634801069452,9
1974,US-Bi2,2017-10-05,US-Bi1,Croplands,38.109,-121.535,0.8,4.4,0.3991877806446268,19.46970027083333,1.2488724916666667,1.954434729166666,-0.9973249731081556,0.0730951298980777,-0.06965323518814985,0.1614958356742493,0.6212946739133848,0.06965323518814986,0,-0.2444351060858297,0.07403493060334737,-0.03855953008196722,-0.020415634801069452,9
1975,US-Bi2,2017-10-12,US-Bi1,Croplands,38.109,-121.535,0.9,4.6,0.5918529686773311,17.532680916666667,1.2475473583333332,3.9180224791666665,-0.9813064702716092,0.1924515819708299,-0.08429766277071964,0.05569852959842374,0.6861068993874908,0.08429766277071965,0,-0.14399722834668455,-0.03372838187208584,-0.07516737809338853,-0.03250454773701949,9
1976,US-Bi2,2017-10-21,US-Bi1,Croplands,38.109,-121.535,0.9,2.8,0.8796787513259746,16.363698041666673,0.5654104166666668,2.382899979166666,-0.9398560579418952,0.341570769167856,0.13715542599820468,0.2214454683305503,0.6485379810360468,-0.13715542599820468,0,0.09259413477768383,0.37749297688253963,-0.05862083366560936,-0.008732486804903107,9
1977,US-Bi2,2017-10-28,US-Bi1,Croplands,38.109,-121.535,0.6,3.2,0.2978499874497881,21.1943143125,0.9660233708333332,1.2057766041666664,-0.8919813464595487,0.4520722039323037,0.1929225545438157,0.33999120534351496,0.6781704378513953,-0.19292255454381568,0,-0.010026561133841178,0.0033597229544489703,0.5854345018108393,-0.01839780438051935,9
1978,US-Bi2,2017-11-05,US-Bi1,Croplands,38.109,-121.535,0.8,1.6,0.9845830385955284,13.808593083333331,0.4668699750000001,2.322190895833334,-0.8214765533024145,0.5702422926917867,0.26160800574431714,0.21431660580959572,0.6872358508189054,0.10755807144673962,0,0.2392868307611446,0.4862116333807477,0.05932555309105921,-0.004158088312679588,9
1979,US-Bi2,2017-11-06,US-Bi1,Croplands,38.109,-121.535,0.5,1.7,0.5730926751385947,14.266487729166668,0.3982722687500001,1.4311795208333329,-0.8115390590073611,0.5842981736283683,0.3818050072285691,0.14028040675037393,0.5841591908634622,-0.2356196569513796,0,0.2287675298089175,0.4123537514112843,0.5042937404655055,0.015159528783692732,9
1980,US-Bi2,2017-11-13,US-Bi1,Croplands,38.109,-121.535,0.5,1.3000001,0.803069253026803,17.6421034375,0.3683971729166665,1.5961267916666668,-0.7354170229639858,0.6776147890466887,0.47049476567300835,0.17874647004959385,0.9199590536061579,0.13564374038059762,0,0.2740112567023812,0.6234720075694381,0.5140010327472057,5.564266325658925e-05,9
1981,US-Bi2,2017-11-29,US-Bi1,Croplands,38.109,-121.535,0.6,1.2,0.9953401562468212,14.660596875,0.3454399729166665,1.8680318541666665,-0.5234156073655503,0.8520775211013093,0.41144686917412726,0.1177374349879557,0.7393877312342388,0.3792334433195151,0,0.31300901883321963,0.5418729111062227,0.3794586775829394,-0.00755885177116019,9
1982,US-Bi2,2017-12-07,US-Bi1,Croplands,38.109,-121.535,0.8,1.5,0.8533176620007794,11.657338166666667,0.3063686145833333,1.0138194999999997,-0.4014879892059737,0.9158642882672868,0.5873573553344332,0.05698532423377065,0.6111853892693159,-0.4807220313328745,0,0.5279506925307564,0.5925563302067552,0.641565043265788,0.0030706158477427034,9
1983,US-Bi2,2017-12-08,US-Bi1,Croplands,38.109,-121.535,0.6,1.2,0.840395149770482,12.492619395833335,0.3099434104166667,1.1168416041666671,-0.3856634062436074,0.9226395488404876,0.5551514824731231,0.006364968165588127,0.6642294985946171,-0.07436118293215899,0,0.5481983185344969,0.5565657955024356,0.5606903333824368,-0.033622444286058185,9
1984,US-Bi2,2018-02-01,US-Bi1,Croplands,38.109,-121.535,1.4,1.7,1.980585036134764,17.404384062500004,0.4435078541666666,1.2873069375,0.5234156073655503,0.8520775211013093,0.2123522914591316,0.12571374278483768,0.8994063078360052,0.2123522914591316,0,0.0797768134033186,0.22743698283675837,0.32984307813731784,-0.00755885177116019,9
1985,US-Bi2,2018-02-09,US-Bi1,Croplands,38.109,-121.535,1.6,2.1000001,2.069510239465536,18.8055704375,0.5225860229166666,1.2783171458333331,0.6354323008901774,0.7721565844991642,0.17323906420929572,0.13673396352640513,0.9407802729568028,0.1732390642092957,0,0.05966590417017111,0.13504127830116533,0.32501001015655073,-0.00755885177116019,9
1986,US-Bi2,2018-02-17,US-Bi1,Croplands,38.109,-121.535,1.4,1.8000001,1.6593737204481354,14.934311499999998,0.5999036729166668,0.91265525,0.7354170229639855,0.6776147890466889,0.08508185590031762,0.06902244341706196,0.7228358376083632,0.08508185590031764,0,0.0826127180060488,0.017327112531660416,0.1553057371632436,-0.01964776470711022,9
1987,US-Bi2,2018-02-25,US-Bi1,Croplands,38.109,-121.535,1.2,2.6000001,2.1974565958835046,12.551598625000004,0.4934401958333334,2.949285604166666,0.8214765533024142,0.5702422926917871,0.11188399610178652,0.054764649131503584,0.7530015657379303,0.11188399610178656,0,0.06505034469371679,0.17209924047208003,0.09850240313956277,-0.01964776470711022,9
1988,US-Bi2,2018-03-05,US-Bi1,Croplands,38.109,-121.535,1.7,2.4,3.0313217393246887,12.180331354166665,0.3267129166666667,2.096602083333334,0.8919813464595485,0.4520722039323043,0.162655666518783,0.16550577933795244,0.7366628107212663,0.16265566651878305,0,0.009241716477202493,0.33805551333760425,0.14066976974154222,5.564266325658925e-05,9
1989,US-Bi2,2018-03-29,US-Bi1,Croplands,38.109,-121.535,1.8,4.3,2.57328320090945,21.297596875,0.9468620291666664,1.775390833333333,0.9984354211555644,0.0559169901006034,0.26218935366587265,0.13769517503083814,0.6966543060139452,0.2621893536658726,0,0.26179418255003245,0.12469218948141858,0.40008168896616697,-0.020415634801069452,9
1990,US-Bi2,2018-04-14,US-Bi1,Croplands,38.109,-121.535,2.2,4.4,3.1333511659676487,19.380028729166664,0.8612645854166666,1.6524658124999998,0.9760105506323684,-0.2177232303965317,0.26377971649992515,0.10062569981596406,0.6339664166255179,0.26377971649992515,0,0.22280209443207039,0.37842880222918546,0.1901082528385196,-0.020415634801069452,9
1991,US-Bi2,2018-04-15,US-Bi1,Croplands,38.109,-121.535,2.6,2.8,3.6320364326133454,16.674165937499996,0.5496320854166664,4.459027812499999,0.9721181966290612,-0.2344913895704098,0.24039530638403708,0.06597885818686962,1.263801557813745,0.24039530638403706,0,0.2687498180482749,0.2874571392033261,0.1649789619005102,0.11013316226632887,9
1992,US-Bi2,2018-04-22,US-Bi1,Croplands,38.109,-121.535,2.2,5.4,2.166082111801268,22.44224560416667,0.9237595062499998,1.6859957916666666,0.9368813462954316,-0.3496474552512284,0.30471291795822225,0.08650785005574628,0.7435912896187673,-0.30471291795822225,0,0.3452975590457409,0.20537457726091282,0.3634666175680131,-0.07801174409520077,9
1993,US-Bi2,2018-05-01,US-Bi1,Croplands,38.109,-121.535,2.8,5.1,2.67742451261892,18.726688729166668,0.7654471624999998,4.358161458333335,0.8717063187093218,-0.4900286664290592,0.47881610541885994,0.06604964643681382,0.9225337470668279,-0.47881610541886,0,0.5393304528806353,0.48875925641159534,0.408358606964349,-0.10110182741238348,9
1994,US-Bi2,2018-05-08,US-Bi1,Croplands,38.109,-121.535,3.1,5.8,2.584867576946503,21.82309116666667,1.0208786312499998,4.650211104166666,0.8064799463209448,-0.5912614448635781,0.4051873681916116,0.20316547023658219,1.2629072209967425,-0.4051873681916116,0,0.31082546056850685,0.6383739162436277,0.2663627277627002,0.03059255747322542,9
1995,US-Bi2,2018-05-17,US-Bi1,Croplands,38.109,-121.535,2.2,5.7000003,3.302943083787348,19.7521513125,0.69799710625,4.4860311458333335,0.705583610107178,-0.7086266782644596,1.1774097181791852,0.24410753680119174,0.9707749969182184,1.0284764493955108,0,1.2338955459882586,1.388322617429353,0.9100109911199439,-0.41420529727427646,9
1996,US-Bi2,2018-05-24,US-Bi1,Croplands,38.109,-121.535,1.4,5.1,1.69526894834057,18.023731375,0.4970751166666668,7.88535375,0.6152845999633276,-0.7883050558305255,1.7256691509714122,0.1912818202020649,1.4290628602541497,-1.1351312542902718,0,1.5085276610553602,1.7992268304025103,1.8692529614563658,-0.7971481064500199,9
1997,US-Bi2,2018-06-01,US-Bi1,Croplands,38.109,-121.535,1.2,6.9,1.4191765264241654,22.05714841666666,1.2167415541666664,3.7468749166666657,0.5012418134457758,-0.865307254363206,0.3859331264217543,0.33818934496572617,1.0681159290368651,0.0524199264265765,0,0.19357539401722065,0.7764262976390617,0.18779768760898066,-0.027819883494220293,9
1998,US-Bi2,2018-06-02,US-Bi1,Croplands,38.109,-121.535,0.7,7.8,1.2751089548784769,27.675089312499995,2.0368263416666665,2.2160960208333336,0.48627270710869,-0.8738071036110808,0.3185989499635656,0.0412734794012819,0.8120190121658577,0.3185989499635656,0,0.2803273961347902,0.362330788097921,0.3131386656579855,-0.11227563858463785,9
1999,US-Bi2,2018-06-18,US-Bi1,Croplands,38.109,-121.535,2.1,7.3,2.258293537545923,23.102422291666674,1.0361115333333335,5.141776958333336,0.2303056702306122,-0.973118337233262,0.8287893060343512,0.10347348088759332,1.198879476375968,-0.5122022309425054,0,0.7127221659622321,0.8622652806342838,0.9113804715065374,-0.2508819245500266,9
2000,US-Bi2,2018-06-25,US-Bi1,Croplands,38.109,-121.535,2.4,6.9,3.393937158718689,23.01597266666666,0.9247986041666664,4.30276775,0.1116590071216951,-0.993746580436178,0.9620534615983035,0.12924578983690568,1.0331122337704088,0.9620534615983035,0,0.9968204170490297,1.0703597539303362,0.8189802138155448,-0.30716467313955065,9
2001,US-Bi2,2018-07-03,US-Bi1,Croplands,38.109,-121.535,4.4,6.9,4.985412671502335,22.325507937500007,0.8239430437499999,3.480449624999999,-0.0258184402271323,-0.9996666485105112,0.09631384859015472,0.2689583766308093,0.9620607604221079,0.09631384859015474,0,0.09065266413615225,0.36805812883398714,-0.1697692471996752,-0.1109108011825069,9
2002,US-Bi2,2018-07-04,US-Bi1,Croplands,38.109,-121.535,4.2,5.7000003,4.543612725797471,20.77398420833333,0.679096108333333,3.746117708333332,-0.0430222330045303,-0.99907411510223,0.5103197865352846,0.27776656762870555,0.8683672167049217,0.17690566505965788,0,0.6676179582243524,0.6737393479371252,0.18960205344437628,-0.1811707437269472,9
2003,US-Bi2,2018-07-11,US-Bi1,Croplands,38.109,-121.535,5.5,8.0,6.790265718152509,26.10298497916667,1.4710784041666665,1.8126792083333336,-0.1628070129385164,-0.9866579328916572,-0.08355891618495988,0.050911918069805974,0.7394387295630821,-0.08355891618495992,0,-0.11138366155273127,-0.024798343309086,-0.1144947436930624,-0.3095507931286982,9
2004,US-Bi2,2018-07-19,US-Bi1,Croplands,38.109,-121.535,6.5,8.6,6.163676526286089,26.062885562500004,1.4088103645833334,2.2280833333333336,-0.2967128192734901,-0.9549667548552552,-0.7715993633289666,0.26472715867862245,0.851443186132332,-0.09895241590114479,0,-0.47351609049785354,-0.861987437314133,-0.9792945621749135,-0.5967880538391991,9
2005,US-Bi2,2018-07-20,US-Bi1,Croplands,38.109,-121.535,6.9,7.8,6.6873595103275045,26.089876583333336,1.24073579375,2.6346216250000003,-0.3131070409358267,-0.9497178427914316,-1.3367236336213415,0.23023384265465935,0.8305362225636301,-0.9114426542763499,0,-1.096035560979767,-1.5548406778205486,-1.3592946620637087,-0.8442486610814803,9
2006,US-Bi2,2018-07-27,US-Bi1,Croplands,38.109,-121.535,6.5,8.5,7.291795574962594,25.57740314583334,1.346439247916667,2.9703426875000014,-0.4250003399695539,-0.9051931898913976,-1.0539847547378935,0.30736971780303174,0.9435001092852329,-1.0539847547378935,0,-0.7119669337907506,-1.307115532203402,-1.1428717982195284,-0.8646638498743066,9
2007,US-Bi2,2018-08-04,US-Bi1,Croplands,38.109,-121.535,6.8,8.8,7.717578313948049,26.70649366666666,1.7223962479166666,2.3857031458333333,-0.5452404385406507,-0.8382797052177745,-1.1249586052489537,0.441063371647008,0.9003066425329302,-1.1249586052489535,0,-0.6215043222242767,-1.3100731617138122,-1.4432983318087729,0.4694650554324718,9
2008,US-Bi2,2018-08-05,US-Bi1,Croplands,38.109,-121.535,5.6,7.5,5.391526733205776,24.367895895833332,1.282296925,1.6454869791666666,-0.5595892624101763,-0.828770087174504,-0.24747598907565505,0.1132520676975084,0.8418562826792103,0.16947054451279242,0,-0.22862111112042188,-0.14483469458701453,-0.3689721615195287,-0.25906624350971624,9
2009,US-Bi2,2018-08-12,US-Bi1,Croplands,38.109,-121.535,5.7,8.0,6.27792777360636,26.26213647916667,1.5855086333333333,1.1812191666666667,-0.655156357209085,-0.7554933140726804,-0.45123816968135516,0.15564407064394156,0.9748113787744069,-0.4512381696813552,0,-0.393455351620174,-0.3327493351943779,-0.6275098222295136,-0.25906624350971624,9
2010,US-Bi2,2018-08-20,US-Bi1,Croplands,38.109,-121.535,5.5,6.5,4.733061286452724,22.50205795833333,0.8944374916666669,2.3858351041666666,-0.7526668275320083,-0.6584015846980489,-0.7771448927086825,0.20143356793756212,0.8567949786750442,0.7567325343858696,0,-0.5701109454273381,-0.7888566878631407,-0.9724670448355686,-0.4668291876438274,9
2011,US-Bi2,2018-08-21,US-Bi1,Croplands,38.109,-121.535,4.5,5.0,3.1725219590914553,20.512582,0.4836578687500002,3.771493145833333,-0.7638886127905429,-0.64534811322955,-0.4770185641262761,0.29411291577291676,1.042160465750046,0.4770185641262761,0,-0.17936806119450124,-0.7674614020805406,-0.4842262291037865,0.0413122897031383,9
2012,US-Bi2,2018-08-28,US-Bi1,Croplands,38.109,-121.535,4.4,4.6,3.1994062143180204,21.485196062500005,0.5978586958333334,3.2022140416666662,-0.8359254794186365,-0.5488429582847199,-0.3588682137474271,0.29087834864521667,0.9854338291098204,0.35886821374742706,0,-0.07123547280480622,-0.6528870091790043,-0.35248215925847076,0.044221835843441346,9
2013,US-Bi2,2018-09-06,US-Bi1,Croplands,38.109,-121.535,4.6,5.7000003,3.302620428574693,22.4669144375,0.9248808125,1.869263916666667,-0.9106046300942162,-0.4132786077829044,-0.619870533830034,0.14555458046883954,0.7057368962425127,0.619870533830034,0,-0.5850089905178034,-0.4949122592295042,-0.7796903517427942,-0.16234931878479786,9
2014,US-Bi2,2018-09-13,US-Bi1,Croplands,38.109,-121.535,3.5,4.8,2.4875894711435578,20.805385625,0.9117166479166664,1.6021477499999996,-0.9536809966304456,-0.300819807635668,-0.3383187780867664,0.07238885410296507,0.46660314520018653,0.33831877808676647,0,-0.2565285959442412,-0.3642833374474775,-0.3941444008685804,-0.03515974323343813,9
2015,US-Bi2,2018-09-21,US-Bi1,Croplands,38.109,-121.535,3.5,6.1,2.4385772400684376,23.41518885416667,1.5427701562499998,1.3390592291666668,-0.9859481499638304,-0.1670516255021195,-0.18488419922248242,0.0622451017802381,0.7179289712454758,0.18488419922248245,0,-0.2565722431526221,-0.15352024017382013,-0.144560114341005,-0.11547423308242231,9
2016,US-Bi2,2018-09-22,US-Bi1,Croplands,38.109,-121.535,1.5,5.6,1.815721994945933,22.975760208333337,1.3402663479166668,2.0173255208333334,-0.9886775902323404,-0.1500553983446526,0.03169741009702479,0.14280861504947553,0.6634497157179119,0.031697410097024814,0,-0.10307729021947193,0.016797849702633212,0.1813716708079131,-0.07801174409520077,9
2017,US-Bi2,2018-09-29,US-Bi1,Croplands,38.109,-121.535,1.0,3.7,0.4045315955414153,20.851671604166665,0.6929294374999998,2.7693167083333328,-0.9995462806873572,-0.0301203048469083,0.2663273289748518,0.21908018010697158,0.8650919657720847,-0.2663273289748518,0,0.15175294265094863,0.518936455914295,0.12829258835931168,-0.008732486804903107,9
2018,US-Bi2,2018-10-08,US-Bi1,Croplands,38.109,-121.535,0.0,4.4,0.6562955925910466,21.83596441666666,1.38151319375,2.0325261041666667,-0.9922222094179324,0.1244792638867886,0.17164054072140092,0.3092812533790116,0.6579626397959698,0.1716405407214009,0,-0.11975675686685186,0.1385359319658121,0.4961424470652426,-0.03886908184484539,9
2019,US-Bi2,2018-10-24,US-Bi1,Croplands,38.109,-121.535,0.3,2.8,0.3817903949139097,19.04592020833333,0.7006077291666668,1.5879865833333326,-0.9209712877166346,0.3896304495307877,0.26765593133029913,0.369053559691351,0.7646117459509054,-0.1040751415024797,0,0.01831767445195462,0.09303697921244503,0.6916131403264978,-0.01839780438051935,9
2020,US-Bi2,2018-10-31,US-Bi1,Croplands,38.109,-121.535,0.9,2.7,0.5243472057077951,18.355234229166665,1.025279408333333,1.47393225,-0.867456354729597,0.4975132889071803,0.06685282530522262,0.17627145390997653,0.656747971622869,-0.06685282530522263,0,-0.11113930088488522,0.07034609473667436,0.2413516820638787,5.564266325658925e-05,9
2021,US-Bi2,2018-11-08,US-Bi1,Croplands,38.109,-121.535,1.0,3.4,1.5040857245785757,17.404227124999995,1.2447963583333332,5.070785770833333,-0.7909456567567774,0.6118864012687242,-0.30846836759865875,0.059650309328332464,0.8612394927326583,-0.3084683675986588,0,-0.2602547612085725,-0.28997534072230224,-0.37517500086510147,-0.01964776470711022,9
2022,US-Bi2,2018-11-09,US-Bi1,Croplands,38.109,-121.535,0.6,1.6,1.2713868802278976,13.373439,0.75224580625,1.1424326666666664,-0.780295851070776,0.6254105729852457,0.23765556312463718,0.1389970778944465,0.4390155564437409,0.2376555631246372,0,0.08231339124890716,0.35028083180066966,0.28037246632433466,0.015159528783692732,9
2023,US-Bi2,2018-11-25,US-Bi1,Croplands,38.109,-121.535,0.8,1.0,1.800286559760636,16.605804604166668,0.37130401875,1.7718968541666664,-0.5808002734538014,0.8140460935082175,0.4206274858448391,0.1603306533115804,0.850365992218887,0.4206274858448391,0,0.3606525970895236,0.6022993985454231,0.29893046189957057,5.564266325658925e-05,9
2024,US-Bi2,2018-12-02,US-Bi1,Croplands,38.109,-121.535,0.6,0.90000004,1.2881737473181163,11.987872770833334,0.2256029958333333,1.7783615208333332,-0.4787338401157883,0.8779600847008883,0.5150936649544523,0.085864987326515,0.7069038991858094,0.5150936649544523,0,0.4164409028258882,0.5729944522306119,0.5558456398068571,-0.00755885177116019,9
2025,US-Bi2,2018-12-26,US-Bi1,Croplands,38.109,-121.535,1.2,1.1,1.1689395796103716,14.176255437499998,0.4611716666666667,2.417759895833333,-0.0859647987374467,0.9962981749346076,0.3023683024571619,0.23341658725923678,0.863408946515275,-0.3023683024571619,0,0.04815957238644699,0.35190499139851306,0.5070403435865257,-0.01839780438051935,9
2026,US-Bi2,2018-12-27,US-Bi1,Croplands,38.109,-121.535,1.2,1.8000001,2.6559398071254448,13.051319458333332,0.4272048229166666,6.1414944375,-0.0688024268023206,0.9976303053065856,-0.08641500996230107,0.14232989606089824,1.4301726719742769,-0.08641500996230111,0,-0.2437720891027688,-0.04880789045506886,0.03333494967093443,0.05846212900386585,9
4058,US-GLE,2016-06-20,US-GLE,Evergreen Forests,41.36653,-106.2399,4.9,5.1,2.178251895904226,15.390633062499996,1.1535038875000003,2.2512175833333328,0.1797665857255624,-0.9837092937736096,-0.26226477213786453,0.2452507489285061,0.8333497602927924,0.26226477213786437,0,0.02003081217218372,-0.3839232811023896,-0.4229018474833877,-0.11545573245756663,9
4059,US-GLE,2016-06-28,US-GLE,Evergreen Forests,41.36653,-106.2399,4.4,6.1,3.915714123865735,14.541175875,1.1726448895833337,3.4638223125000014,0.0430222330045305,-0.99907411510223,-0.5242182053673811,0.11296406395274608,1.2365142967316278,0.4443535469011498,0,-0.4547575658898364,-0.4633331789673245,-0.654563871244982,0.039653273616095025,9
4060,US-GLE,2016-07-06,US-GLE,Evergreen Forests,41.36653,-106.2399,4.6,5.7000003,5.96925362638051,13.098284479166663,1.0457953124999997,5.994445395833331,-0.0945367498171993,-0.9955213724144752,-1.2417384111665246,0.2647067739339093,1.5703610710704914,-1.2417384111665246,0,-1.0773341956979419,-1.547095435088243,-1.1007856027133889,-0.28618197853855337,9
4061,US-GLE,2016-07-07,US-GLE,Evergreen Forests,41.36653,-106.2399,4.2,5.4,4.73250879523809,11.329221791666663,0.8289856854166671,5.397838666666668,-0.1116590071216944,-0.993746580436178,-0.8365398848516966,0.2924152515698146,1.5407529717364739,-0.8365398848516965,0,-0.5668549672152455,-1.147334647576985,-0.7954300397628591,-0.31300283669326456,9
4062,US-GLE,2016-07-14,US-GLE,Evergreen Forests,41.36653,-106.2399,4.9,5.4,4.778449448553881,12.268332083333332,1.1184756291666664,3.967555999999999,-0.2303056702306119,-0.973118337233262,-1.33677794468949,0.29377975657884764,1.3937724144834578,-1.093676841797252,0,-1.1220499324685567,-1.6715742615019809,-1.2167096400979331,-0.34694162745287105,9
4063,US-GLE,2016-07-15,US-GLE,Evergreen Forests,41.36653,-106.2399,4.3,5.4,4.900851014646313,13.683241020833336,1.2244290520833332,4.9418540208333335,-0.2470221804809352,-0.9690098257244064,-1.185545690032413,0.20222902963398867,1.352649175104543,-1.185545690032413,0,-1.1381682666553983,-1.4072574186717817,-1.0112113847700597,-0.34141013264262476,9
4064,US-GLE,2016-07-22,US-GLE,Evergreen Forests,41.36653,-106.2399,5.0,5.6,4.666805113024203,14.883272104166664,0.95751415,4.102716583333334,-0.3617137307297674,-0.9322892131745134,-1.3310177690812068,0.2665246940995125,1.0591855291724919,-0.6646279951296137,0,-1.1538480534858941,-1.6375328484447254,-1.2016724053130015,-0.26233836840759217,9
4065,US-GLE,2016-07-23,US-GLE,Evergreen Forests,41.36653,-106.2399,4.9,6.1,5.228321094360852,14.78925197916667,1.0447569166666668,5.103258083333333,-0.3777079652039646,-0.92592477719385,-1.606366796823129,0.22760529289326292,1.0889256340416154,-1.606366796823129,0,-1.5730219197906736,-1.8488051732812787,-1.3972732973974344,-0.7819158140722211,9
4066,US-GLE,2016-07-30,US-GLE,Evergreen Forests,41.36653,-106.2399,5.2,5.8,4.379884161190186,14.85862466666667,1.0784531645833335,3.7876284583333337,-0.4862727071086902,-0.8738071036110807,-1.545670268230927,0.3185180129271775,1.1041075267420462,0.09456140938870106,0,-1.2799359762338796,-1.8987479705197852,-1.458326857939116,-0.13066958217026625,9
4067,US-GLE,2016-08-07,US-GLE,Evergreen Forests,41.36653,-106.2399,3.8,4.5,4.348031050108226,13.73419004166667,0.8844292104166667,3.538566583333333,-0.6016240632249227,-0.7987793728863648,-0.6886106150915637,0.15629946308329,1.3312963007803722,-0.6886106150915636,0,-0.6284367431549623,-0.8660537555856422,-0.5713413465340866,0.14629358219819422,9
4068,US-GLE,2016-08-31,US-GLE,Evergreen Forests,41.36653,-106.2399,3.4,3.9,1.0179159298241045,11.7385378125,0.8154924916666665,1.9291435,-0.8717063187093218,-0.4900286664290594,-0.6977465476980713,0.10526885785623043,0.934843438251175,0.6977465476980713,0,-0.6617480104741407,-0.8162923797652746,-0.6151992528547985,-0.020415634801069452,9
4069,US-GLE,2016-09-08,US-GLE,Evergreen Forests,41.36653,-106.2399,3.2,4.9,2.565816669309338,9.334634604166668,0.8164493791666666,8.084583520833336,-0.9307239310379792,-0.3657225234972692,-1.2571507235341792,0.2857219403901174,2.1724362688997045,0.01121593784714503,0,-1.584367111588157,-1.0570171443350214,-1.1300679146793597,-12.293146695987943,9
4070,US-GLE,2016-09-09,US-GLE,Evergreen Forests,41.36653,-106.2399,1.8,3.6000001000000004,1.882417434990416,5.007522395833335,0.5450848854166668,6.114850562500003,-0.9368813462954316,-0.3496474552512282,-0.1301992667237175,0.3494868298442538,1.4562614983170274,-0.1301992667237175,0,-0.10295929413610008,-0.49250898925112374,0.2048704832160713,0.04147348627719179,9
4071,US-GLE,2016-09-17,US-GLE,Evergreen Forests,41.36653,-106.2399,3.1,3.5,1.7220762990338332,5.420635833333333,0.4759136062499998,6.986073729166668,-0.9760105506323682,-0.2177232303965322,-0.7778692108536654,0.1857230121007304,1.90802000967834,0.7778692108536654,0,-0.8687087403180186,-0.9006878844725066,-0.564211007770471,2.4426375787289887,9
4072,US-GLE,2016-10-02,US-GLE,Evergreen Forests,41.36653,-106.2399,2.0,2.8,0.8107194860935509,7.0920208125,0.3850492604166666,4.070863125,-0.9992500112396836,0.0387222808921739,-0.15652181238308996,0.2598764627524808,0.9525923842437448,0.15652181238309004,0,0.061758590936425294,-0.4439904330840757,-0.08733359500161941,-0.01839780438051935,9
4073,US-GLE,2016-10-10,US-GLE,Evergreen Forests,41.36653,-106.2399,2.5,3.1000001,0.9915908039029953,5.545050770833334,0.4795214104166666,6.001135375,-0.9844738167520924,0.1755314904214277,-0.5943897091410045,0.05811725168816349,1.4813547430315919,0.5943897091410045,0,-0.65017443737412,-0.5988031187460812,-0.5341915713028126,0.08063499821604515,9
4074,US-GLE,2016-10-26,US-GLE,Evergreen Forests,41.36653,-106.2399,1.5,1.9,0.6359253294334322,3.446369583333334,0.3219791958333334,4.692239833333334,-0.8996308696522434,0.4366512319560638,-0.10782465712251516,0.18510733885251315,0.9589465919788275,0.10782465712251521,0,-0.07299474975753416,-0.3078728089420619,0.05739358733205064,5.564266325658925e-05,9
4075,US-GLE,2016-11-11,US-GLE,Evergreen Forests,41.36653,-106.2399,0.7,1.6,0.1719586099575896,2.8803446041666665,0.3674660020833333,2.647702395833333,-0.7469720876965551,0.6648553979642867,0.14262861700441393,0.1793358164498464,0.5437441790109436,-0.14262861700441398,0,0.2335426172500577,-0.063956650288493,0.2582998840516771,0.02277402321810951,9
4076,US-GLE,2016-11-12,US-GLE,Evergreen Forests,41.36653,-106.2399,1.4,1.8000001,0.2581419837749094,2.2607353125000005,0.3261739229166667,6.118073000000001,-0.7354170229639858,0.6776147890466887,-0.2698290384184099,0.10579575527049276,1.2237531339403898,0.2698290384184099,0,-0.3915597789417879,-0.21784972138503916,-0.20007761492840256,0.10573520485703429,9
4077,US-GLE,2017-06-23,US-GLE,Evergreen Forests,41.36653,-106.2399,4.4,4.5,3.1759163653737126,6.3048887916666665,0.4363967645833334,3.1428973958333324,0.1457991969198751,-0.9893142039703664,-1.115326278592981,0.47882163519585785,1.2455740893904894,1.115326278592981,0,-1.127363490281794,-1.5880158171149559,-0.6305995283821931,1.5278228903061932,9
4078,US-GLE,2017-06-24,US-GLE,Evergreen Forests,41.36653,-106.2399,4.2,4.4,2.8998042076501074,6.433513333333334,0.40568521875,1.9655725,0.1287481774525813,-0.99167731989929,-0.7833108179648866,0.4127323459162263,1.331269775276016,0.7833108179648866,0,-0.7080440727649322,-1.2284968585303246,-0.41339152259940254,0.9371245073789884,9
4079,US-GLE,2017-07-01,US-GLE,Evergreen Forests,41.36653,-106.2399,4.3,5.3,2.8041651434042327,11.423761020833332,1.0096034604166668,2.6392781874999995,0.0086069968886886,-0.9999629591162656,-0.2824191213413496,0.1711443191056084,1.2088993385915754,0.2824191213413496,0,-0.09249842785518869,-0.3300722212672234,-0.4246867149016367,0.08869747290406278,9
4080,US-GLE,2017-07-09,US-GLE,Evergreen Forests,41.36653,-106.2399,3.6,5.4,3.0593915782795644,15.21609152083333,1.1180899145833336,3.3193267916666667,-0.1287481774525806,-0.99167731989929,-0.08305278753863658,0.1262534170414117,1.2333149328460178,0.0830527875386366,0,-0.08819524391769848,0.04569328628751367,-0.20665640498572496,0.08869747290406278,9
4081,US-GLE,2017-07-10,US-GLE,Evergreen Forests,41.36653,-106.2399,4.2,5.4,2.84642127783122,14.5643115,0.8934652520833332,3.601730145833335,-0.1457991969198744,-0.9893142039703664,-0.4380951920659193,0.09629716331867996,1.1820825565119875,0.4380951920659193,0,-0.37721336638373854,-0.38795573422389634,-0.5491164755901229,0.08869747290406278,9
4082,US-GLE,2017-07-17,US-GLE,Evergreen Forests,41.36653,-106.2399,4.1,5.3,3.8317311830322103,15.2066053125,1.0632944729166671,3.6996042291666655,-0.2636654927280072,-0.9646141756912436,-0.5907091940552781,0.021855034810104455,1.2246008461158482,-0.05417156011969937,0,-0.5836533466954973,-0.5732537002328291,-0.6152205352375079,0.01762438213621625,9
4083,US-GLE,2017-07-18,US-GLE,Evergreen Forests,41.36653,-106.2399,4.0,5.8,4.232772811454788,15.088183416666668,1.0345610687500002,3.2561792500000006,-0.2802306751992161,-0.9599326896597444,-0.35418798567026527,0.16937723913978892,1.175390766569138,-0.3541879856702652,0,-0.4465791427637401,-0.15870558685189812,-0.45727922739515764,0.08869747290406278,9
4084,US-GLE,2017-08-03,US-GLE,Evergreen Forests,41.36653,-106.2399,3.2,3.6000001000000004,2.8624227395036006,10.779110041666666,0.5234831833333334,3.0298288333333336,-0.5307300481619331,-0.8475409228928312,0.13644081912719017,0.32541025828044773,1.1893255772167486,-0.1364408191271902,0,0.14473180326357507,-0.1930357057071455,0.45762635982514094,0.2216826019407037,9
4085,US-GLE,2017-08-18,US-GLE,Evergreen Forests,41.36653,-106.2399,4.8,4.7000003,2.9682652214587937,12.208162166666664,0.9474181125,3.5596637916666665,-0.7295575540864876,-0.6839194216246105,-1.5399545757316286,0.35172166982222697,1.5640376781998944,1.5399545757316286,0,-1.2472167962341518,-1.930119645441622,-1.442527285519112,0.16673857586596294,9
4086,US-GLE,2017-08-19,US-GLE,Evergreen Forests,41.36653,-106.2399,4.5,4.8,3.726650718094606,13.546346020833337,1.1989235562499998,5.420606625000001,-0.7412220108485957,-0.6712599575675315,-1.8305966945244725,0.4471839336936322,1.4299319311921512,-0.2838981307136841,0,-1.6368586887151992,-2.3419806662571303,-1.5129507286010881,3.191843179729292,9
4087,US-GLE,2017-09-03,US-GLE,Evergreen Forests,41.36653,-106.2399,4.5,5.0,2.172566022356777,15.706967625000004,1.4216782749999997,3.212970770833334,-0.888057322629493,-0.4597327394521046,-1.4566176912783506,0.12416058579304354,1.3242283855295722,1.4566176912783506,0,-1.3162387295896443,-1.5520294123259897,-1.501584931919418,0.23212861610462793,9
4088,US-GLE,2017-09-04,US-GLE,Evergreen Forests,41.36653,-106.2399,2.6,4.3,1.5361518483550065,12.513403145833331,1.0335212124999995,2.436822166666666,-0.8958392907349089,-0.4443781781046134,-0.5511041834991778,0.12908742511860097,1.0215927198388566,0.5511041834991778,0,-0.42008153679866983,-0.5550658288450279,-0.6781651848538358,0.06267528288721733,9
4089,US-GLE,2017-10-06,US-GLE,Evergreen Forests,41.36653,-106.2399,1.9,1.9,0.8077114892391077,-1.3525089375000003,0.2117868729166666,7.69856414583333,-0.9959189961471792,0.0902516100310407,-0.11872225933645619,0.08186300640000126,1.7946824855558663,0.11872225933645619,0,-0.17062840492940662,-0.16118604012233465,-0.024352332957627294,2.4426375787289887,9
4090,US-GLE,2017-10-29,US-GLE,Evergreen Forests,41.36653,-106.2399,2.2,1.9,0.8187115399008299,1.2921878541666665,0.2985327312500001,6.921650104166669,-0.8840675099433637,0.467359217158002,-0.43545274631683456,0.11643836477516246,1.6409753976309296,0.4354527463168345,0,-0.567774700285865,-0.3486503506582761,-0.38993318800636256,0.23418089318285432,9
4338,US-Jo2,2016-01-14,US-Jo2,Shrublands,32.58494,-106.60322,0.2,2.0,0.3689836600871157,6.488383145833333,0.6516857274291669,2.507583083333333,0.2386727660059501,0.9711000518829505,0.1283988309948661,0.1401478892537705,0.7154322070798386,0.1283988309948661,2,-0.02855414558854269,0.24101844770933029,0.1727321908638107,-0.00755885177116019,9
4339,US-Jo2,2016-02-07,US-Jo2,Shrublands,32.58494,-106.60322,0.1,3.4,0.1948242397688916,9.662504979166664,0.9945032166333332,1.7066418958333331,0.6084768701151261,0.7935716089521474,0.36289841045760185,0.102506409371909,0.9843614185006608,-0.17324993091981866,2,0.4043906987785581,0.2461504097018507,0.4381541228923968,-0.00755885177116019,9
4340,US-Jo2,2016-02-15,US-Jo2,Shrublands,32.58494,-106.60322,0.2,2.8,0.2036037546857259,13.443442291666669,1.2812471447374996,2.500092270833333,0.7116566222817746,0.702527474169157,0.6352744812225571,0.02258151792353509,1.0955261979022584,-0.6280669718511054,2,0.6222324250367481,0.6613493715826861,0.622241647048237,-0.021843751859149125,9
4341,US-Jo2,2016-02-23,US-Jo2,Shrublands,32.58494,-106.60322,0.4,4.4,0.2467519720267203,7.0702654166666665,0.6869931344666669,4.3143651666666685,0.8013610881746766,0.5981809144059164,0.12059764948197167,0.2772748417592217,0.9449816244317004,-0.12059764948197169,2,0.40870529858333843,-0.14439758555149138,0.09748523541406795,-0.03886908184484539,9
4342,US-Jo2,2016-03-02,US-Jo2,Shrublands,32.58494,-106.60322,0.3,5.6,0.3559909750852613,18.540208333333336,1.8530597517416671,3.849375833333332,0.8758917051442429,0.4825077417612184,0.7341938142809576,0.22053692852994325,1.5635815283525385,-0.622211864110435,2,0.9790158607012145,0.6724718430931627,0.5510937390484958,-0.37178362293591954,9
4343,US-Jo2,2016-03-10,US-Jo2,Shrublands,32.58494,-106.60322,0.2,4.4,0.215265696340004,14.304240000000004,1.4181019152,2.2048473749999995,0.9338372288229252,0.3576982388331254,1.001041236803835,0.19403534848739273,1.1771053686036639,-0.9705098441238271,2,1.2247795657597067,0.8788965392667571,0.8994476053850409,-0.1808005647777405,9
4344,US-Jo2,2016-03-18,US-Jo2,Shrublands,32.58494,-106.60322,0.1,4.9,0.3470804778015295,17.993583333333326,1.8766915086041671,3.2813765416666665,0.9741004551724204,0.2261156855082882,1.2745612532853545,0.28706610642977964,1.3982644292408777,-0.7804002976822956,2,1.5243453610496143,1.3383829352362666,0.9609554635701829,-0.3988277800446594,9
4345,US-Jo2,2016-04-11,US-Jo2,Shrublands,32.58494,-106.60322,0.8,4.8,0.5567838944306432,14.082894166666666,1.1641885969729169,2.7465793958333333,0.9829265519799822,-0.18399835165768,0.963802573285573,0.06020028397147637,0.8141171670733826,-0.963802573285573,2,1.032091460168149,0.9409073581067231,0.9184089015818466,-0.11031663493901496,9
4346,US-Jo2,2016-04-19,US-Jo2,Shrublands,32.58494,-106.60322,0.2,5.1,0.5271901174617578,15.969276041666667,1.3952129000083342,2.262152020833333,0.9483615800121716,-0.3171912885891061,1.3199549792210485,0.035279628462521216,1.0981208804798894,-0.665574744297533,2,1.3053482389049376,1.3601921395869863,1.2943245591712214,-0.40993304686544857,9
4347,US-Jo2,2016-04-27,US-Jo2,Shrublands,32.58494,-106.60322,0.2,6.2000003,0.3650429927932404,15.964601666666669,1.59284419635625,3.269724875,0.895839290734909,-0.4443781781046132,1.3530252433065637,0.1537561547278838,1.0919392119079798,-1.0229392577200829,2,1.4390609911665857,1.4445039964135526,1.175510742339552,-0.5497643056836174,9
4348,US-Jo2,2016-05-13,US-Jo2,Shrublands,32.58494,-106.60322,0.4,7.0,0.2800736872523105,24.65069375,2.2984196355812494,3.0057000000000005,0.741222010848596,-0.6712599575675313,1.226682653582161,0.27384754489445606,1.0363395255106438,-1.226682653582161,2,1.5163730859439493,0.9720555268091693,1.191619347993365,-0.5392279621463201,9
4349,US-Jo2,2016-05-21,US-Jo2,Shrublands,32.58494,-106.60322,0.4,7.9,2.2679851336768904,23.12517828947368,2.5790345574583333,3.94010648026316,0.6420547132365637,-0.766658819300159,1.4986814739000565,0.3780401196040992,1.6217885872425541,1.4986814739000565,2,1.9136007035513671,1.408677623851843,1.173766094296959,-0.7566048392229299,9
4350,US-Jo2,2016-05-29,US-Jo2,Shrublands,32.58494,-106.60322,0.3,7.7000003,0.9384278706894454,24.79744583333333,2.9481663288125013,3.435162500000001,0.5307300481619334,-0.8475409228928311,1.3835162021652374,0.42840195434284456,1.5890181381485253,-0.10666046078634639,2,1.8706420085141282,1.2145158303083097,1.0653907676732741,0.8001816342786358,9
4351,US-Jo2,2016-06-14,US-Jo2,Shrublands,32.58494,-106.60322,0.5,8.3,0.807205934328856,26.833643749999997,3.0737883815,2.907115625,0.2802306751992158,-0.9599326896597448,0.8414534478768972,0.30004796058321986,1.208693716830847,-0.22704157921918522,2,1.0986937767655869,0.5118374164474859,0.9138291504176188,-0.32952314226142354,9
4352,US-Jo2,2016-06-22,US-Jo2,Shrublands,32.58494,-106.60322,0.2,8.1,0.7250731358582888,31.667187499999994,3.844173486708333,2.653527541666667,0.1457991969198751,-0.9893142039703664,0.4833441037193445,0.24626194516819946,1.1407061905575722,0.4833441037193445,2,0.7595061471303712,0.2865618045804574,0.4039643594472048,-0.22111407019903678,9
4353,US-Jo2,2016-07-08,US-Jo2,Shrublands,32.58494,-106.60322,0.3,7.6,0.4557609032931419,29.817112500000004,3.259661657270833,2.799574791666668,-0.1287481774525806,-0.99167731989929,0.573590138331313,0.2716653723236156,1.1651874957471888,-0.2620683317450292,2,0.7179212459521218,0.2602224430514731,0.7426267259903441,-0.26809004996909563,9
4354,US-Jo2,2016-07-16,US-Jo2,Shrublands,32.58494,-106.60322,0.3,6.7000003,0.2908048864078326,30.00972291666667,3.3618131418750012,3.2158295208333327,-0.2636654927280072,-0.9646141756912436,0.49171625577259254,0.27564937033414894,1.5120531704872946,-0.4917162557725926,2,0.7556353443985171,0.20567033516451844,0.5138430877547422,-0.3263622191546648,9
4355,US-Jo2,2016-08-09,US-Jo2,Shrublands,32.58494,-106.60322,3.3,6.0,2.064668947069766,27.06775833333334,1.9083836929895837,2.8860659791666667,-0.6287628145958345,-0.7775971469736268,-0.8437634419347608,0.23490782085069456,0.800714280851216,0.8437634419347608,2,-0.7025878950877688,-1.114934821433533,-0.7137676092829808,-0.2369812249740919,9
4356,US-Jo2,2016-08-17,US-Jo2,Shrublands,32.58494,-106.60322,1.5,5.9,2.028574291295256,26.50560833333334,2.6376315871666667,3.0802580000000006,-0.7295575540864876,-0.6839194216246105,-0.5636384888282381,0.24347173495987956,1.154753710677569,-0.563638488828238,2,-0.6770573515516884,-0.7297083359200154,-0.2841497790130105,-0.09728455913031564,9
4357,US-Jo2,2016-09-10,US-Jo2,Shrublands,32.58494,-106.60322,0.9,5.3,2.219088690986581,23.96729583333333,1.7927686700062495,3.8779364583333336,-0.9427611433904206,-0.333468778918187,0.1686400537668765,0.14348960232912641,1.214880564273866,0.1686400537668764,2,0.2099677787889978,0.009021952979530123,0.2869304295321015,0.010293166236788255,9
4358,US-Jo2,2016-09-18,US-Jo2,Shrublands,32.58494,-106.60322,0.5,4.8,0.8330164248909868,25.39397708333333,2.7623213943541667,2.653579000000001,-0.97961369164549,-0.2008905551306352,0.03951233422689942,0.2313274452313705,0.9991577419479146,0.039512334226899426,2,0.2788899890898427,-0.18282219784685586,0.02246921143771141,0.044221835843441346,9
4359,US-Jo2,2016-10-04,US-Jo2,Shrublands,32.58494,-106.60322,1.0,5.2000003,1.198007116938665,18.976604166666668,1.4177414583333332,3.930093145833333,-0.9973249731081556,0.0730951298980777,-0.2638882033396071,0.08966783669122387,0.9686124334383598,-0.2638882033396071,2,-0.22970903299619053,-0.3656191446728324,-0.19633643234979833,-0.07801174409520077,9
4360,US-Jo2,2016-10-12,US-Jo2,Shrublands,32.58494,-106.60322,0.6,4.3,0.972738407110877,23.57717916666667,1.7829679166666672,2.8093688125000003,-0.9778483415056568,0.2093146459630488,0.21102708517153143,0.24456390723905558,1.0984065997654753,0.21102708517153143,2,-0.03635775918171702,0.21677011645412575,0.45266889824218554,0.03106798980718934,9
4361,US-Jo2,2016-10-20,US-Jo2,Shrublands,32.58494,-106.60322,0.3,4.2000003,0.1741223193788422,17.248629375000004,1.3077783333333337,4.585326645833333,-0.9398560579418952,0.341570769167856,0.06962922257763321,0.11509985335348329,1.0959410139790855,-0.06962922257763321,2,0.19875549959574873,-0.022187900586407128,0.032320068723558026,-0.03743617989583314,9
4362,US-Jo2,2016-11-13,US-Jo2,Shrublands,32.58494,-106.60322,0.2,1.8000001,0.4992242536390961,13.578008125000006,0.6903364583333333,2.320481458333333,-0.7236440382959123,0.690173388242972,0.1809114366954809,0.18963024174362766,0.7254897263660525,0.1809114366954809,2,0.002059582818606076,0.3797386403968082,0.1609360868710284,5.564266325658925e-05,9
4363,US-Jo2,2016-11-29,US-Jo2,Shrublands,32.58494,-106.60322,0.3,2.0,0.2422754566916268,4.77263375,0.5106416666666665,4.0808563541666665,-0.5086709438521042,0.8609610158889945,0.11757725490169202,0.12293507367370964,0.6620229998727984,-0.11757725490169202,2,0.07086463089808775,0.2570218109602626,0.024845322846725693,-0.00755885177116019,9
4364,US-Jo2,2016-12-15,US-Jo2,Shrublands,32.58494,-106.60322,0.1,2.9,0.3040863174933748,15.861893749999998,1.1191447916666664,4.096608458333335,-0.2553532951161881,0.9668478136052772,0.3140339261711857,0.07497928007894455,1.2998764703205945,0.09413870881556385,2,0.23005885096425233,0.3377722857342796,0.3742706418150252,-0.020767964972276728,9
4365,US-Jo2,2016-12-23,US-Jo2,Shrublands,32.58494,-106.60322,0.3,1.5,1.7775527974482244,10.34949291666667,0.3420717083333333,3.627544375,-0.1202080448993527,0.9927487224577402,0.10475614044529179,0.16510987642007552,0.6705846391191991,0.10475614044529169,2,-0.08337467700740037,0.17205649854794253,0.2255865997953332,5.564266325658925e-05,9
4366,US-Jo2,2017-02-01,US-Jo2,Shrublands,32.58494,-106.60322,0.4,2.9,0.8340010491536997,12.154805416666663,1.0064214583333333,2.441848854166667,0.5234156073655503,0.8520775211013093,0.18108366015364208,0.03609537886993719,0.9369245783008845,0.18108366015364208,2,0.15402731312691337,0.22206801584773267,0.16715565148628014,-0.021126859056950904,9
4367,US-Jo2,2017-02-25,US-Jo2,Shrublands,32.58494,-106.60322,1.0,3.2,0.9902193899081552,8.62483145833333,0.9029356250000004,4.544931458333332,0.8214765533024142,0.5702422926917871,0.25739992130550426,0.10219543095874649,0.9113328932450857,-0.25739992130550426,2,0.2683863496693119,0.35365826683006935,0.15015514741713148,-0.00755885177116019,9
4368,US-Jo2,2017-03-05,US-Jo2,Shrublands,32.58494,-106.60322,0.5,4.9,1.1142791816689448,16.226610416666666,1.08809875,5.082093958333334,0.8919813464595485,0.4520722039323043,0.2164429346687076,0.2622318693965134,1.0836071991228706,0.21644293466870757,2,0.276417391528938,0.4434923801208039,-0.0705809676436191,0.019875951901869797,9
4369,US-Jo2,2017-03-13,US-Jo2,Shrublands,32.58494,-106.60322,0.7,4.6,0.9832838728026544,16.102505833333336,1.2763249999999997,2.8053975,0.9455963874271426,0.3253420847119801,0.7145854316353989,0.054971066087850115,0.9076459363341158,-0.14801768603009002,2,0.7767291916972339,0.6723138676416369,0.6947132355673258,-0.020008962507912207,9
4370,US-Jo2,2017-03-21,US-Jo2,Shrublands,32.58494,-106.60322,0.2,5.8,1.5396914361076175,22.660297916666664,1.8213239583333332,3.1737121041666665,0.9813064702716092,0.1924515819708299,0.97981388362556,0.05335379284493912,1.4193642961337143,0.97981388362556,2,0.9663809700066253,0.9344602450373776,1.0386004358326772,-0.4657457080444414,9
4371,US-Jo2,2017-04-06,US-Jo2,Shrublands,32.58494,-106.60322,0.7,4.9,0.7649698117997173,16.99345208333333,1.4693416666666668,2.581583479166667,0.9966589017541702,-0.0816763953304224,1.048543947259671,0.12696430423283453,1.0243878071903676,-0.9186043236602361,2,1.1485889011072212,1.0913287435237167,0.9057141971480742,-0.0323097469546483,9
4372,US-Jo2,2017-04-14,US-Jo2,Shrublands,32.58494,-106.60322,0.4,6.9,0.8804218134592997,21.87525416666666,1.910726666666667,4.5809875,0.9760105506323684,-0.2177232303965317,0.8738835742297745,0.41643487811271995,1.562252327122173,0.0869600526888249,2,1.2517507694094299,0.9424966613673009,0.4274032919125928,0.32598860629101994,9
4373,US-Jo2,2017-04-30,US-Jo2,Shrublands,32.58494,-106.60322,0.9,6.0,1.9004964976537368,12.806421041666669,1.0005870833333332,2.580257520833333,0.8800122039735357,-0.4749510720670499,0.4643556219905293,0.15158687202413043,0.8222597219493434,0.4643556219905294,2,0.35663577967931065,0.3987337183802156,0.6376973679120617,-0.07801174409520077,9
4374,US-Jo2,2017-05-24,US-Jo2,Shrublands,32.58494,-106.60322,0.4,7.7000003,0.6276990399430343,23.223331250000005,2.052766875,3.1686009374999995,0.6152845999633276,-0.7883050558305255,1.126321641182568,0.16130819749805148,1.0653522300758493,-0.6709235612964994,2,1.292549459089587,0.9704302013869532,1.1159852630711637,-0.4027323120684831,9
4375,US-Jo2,2017-06-01,US-Jo2,Shrublands,32.58494,-106.60322,1.1,6.5,2.522896290411039,21.678710416666664,1.2692514583333336,2.64283825,0.5012418134457758,-0.865307254363206,0.32147138030631645,0.2643025185976907,0.7982352343669277,0.3214713803063165,2,0.15206772549982,0.18632639140163249,0.6260200240174969,-0.1109108011825069,9
4376,US-Jo2,2017-06-09,US-Jo2,Shrublands,32.58494,-106.60322,0.4,7.8,1.3985661539875731,28.148741666666663,2.46825,2.809026666666666,0.3777079652039649,-0.9259247771938498,0.8214677268506577,0.39001745931723675,1.180395126975076,0.8214677268506577,2,0.8752417736380387,0.4073535317717228,1.1818078751422119,-0.11021245570601854,9
4377,US-Jo2,2017-06-17,US-Jo2,Shrublands,32.58494,-106.60322,0.4,8.8,0.6238286454365755,30.47105625000001,3.3971812499999987,2.4719546666666665,0.2470221804809355,-0.9690098257244062,0.5249945859139209,0.31154587883758467,1.0711932316181523,-0.07733729504077003,2,0.6642061263779167,0.16811552268044344,0.7426621086834027,-0.21111280844030678,9
4378,US-Jo2,2017-06-25,US-Jo2,Shrublands,32.58494,-106.60322,0.1,7.4,0.3584526137865217,26.08411041666666,1.5766458333333329,3.5808956666666667,0.1116590071216951,-0.993746580436178,0.7732135891642299,0.1905752043637689,1.3906833095454265,-0.2563083615911864,2,0.7391935468589084,0.6019395534786911,0.9785076671550903,-0.4719501815399281,9
4379,US-Jo2,2017-07-03,US-Jo2,Shrublands,32.58494,-106.60322,0.0,7.1,1.1697693582404776,30.70163958333333,2.9604874999999997,2.8720058541666664,-0.0258184402271323,-0.9996666485105112,0.848168657780667,0.4067280009344201,1.2962939540904361,0.848168657780667,2,1.0012346836483197,0.3871154756256125,1.1561558140680688,0.3832546594039684,9
4380,US-Jo2,2017-07-11,US-Jo2,Shrublands,32.58494,-106.60322,0.5,6.7000003,1.0984861747768415,29.143814583333334,2.2487500000000007,2.8347289166666667,-0.1628070129385164,-0.9866579328916572,0.5447258113242271,0.4540419794023598,1.1695008095710278,0.5447258113242271,2,0.3841116663363326,0.19282177639268433,1.0572439912436646,1.2684086864086215,9
4381,US-Jo2,2017-07-19,US-Jo2,Shrublands,32.58494,-106.60322,2.3,6.6,2.7623234728484003,25.95221458333333,1.3636816666666671,3.367304687499999,-0.2967128192734901,-0.9549667548552552,-0.44706340681726947,0.28672345917239456,0.8558022089768578,-0.4470634068172694,2,-0.6215996610925514,-0.6034408501245873,-0.11614970923466961,-0.1109108011825069,9
4382,US-Jo2,2017-08-28,US-Jo2,Shrublands,32.58494,-106.60322,1.5,5.1,4.02622744556444,25.700952083333338,1.5331920833333328,2.8430044375,-0.8359254794186365,-0.5488429582847199,0.01973927902143713,0.3630294775938077,1.0556716532250612,0.019739279021437017,2,-0.04881764580736686,-0.3041237985250348,0.41215928139671304,0.0011127476147339208,9
4383,US-Jo2,2017-09-21,US-Jo2,Shrublands,32.58494,-106.60322,0.7,6.2000003,0.6734934260363776,25.76153333333333,1.8639729166666668,4.361166041666668,-0.9859481499638304,-0.1670516255021195,0.01782118130314847,0.15896172190821187,1.0450177637793636,-0.01782118130314847,2,-0.05226917300946182,-0.09404972543292778,0.199782442351835,0.005079173593085875,9
4384,US-Jo2,2017-10-15,US-Jo2,Shrublands,32.58494,-106.60322,0.7,4.2000003,0.5701706193837663,17.10629375,1.4554104166666664,3.805317916666666,-0.970063921851507,0.2428497220959358,0.03192663143362783,0.21045997772401667,1.0354773508564306,-0.03192663143362784,2,0.18977336439851916,-0.20701769896550695,0.11302422886787128,0.058461551911281114,9
4385,US-Jo2,2017-10-23,US-Jo2,Shrublands,32.58494,-106.60322,0.4,5.0,0.6333322522142961,20.030507916666668,1.6313077083333332,2.0851625,-0.9275416835791964,0.3737197147904692,-0.16206363609824134,0.1178000965380887,0.82121316310626,-0.16206363609824137,2,-0.2431355660495988,-0.21611820645699584,-0.026937135788129396,-0.020415634801069452,9
4386,US-Jo2,2017-10-31,US-Jo2,Shrublands,32.58494,-106.60322,0.1,3.2,0.4992277269850045,13.129096874999997,0.7676908333333333,3.957082,-0.867456354729597,0.4975132889071803,0.18594545816939453,0.2537558994071902,0.9802652122355152,0.18594545816939453,2,0.47509037796174597,0.08246397055008264,0.00028202599635496206,-0.01839780438051935,9
4387,US-Jo2,2018-01-27,US-Jo2,Shrublands,32.58494,-106.60322,0.2,2.7,0.1157915042191487,7.0421420208333325,0.8388518749999997,2.435104687500001,0.4482293417404106,0.893918596519257,0.10788579676279202,0.014861488955995495,0.8142671532874102,-0.10788579676279202,2,0.09120340586921238,0.112743139522608,0.11971084489655565,-0.033622444286058185,9
4388,US-Jo2,2018-02-04,US-Jo2,Shrublands,32.58494,-106.60322,0.6,3.5,0.1158861927407945,14.537983333333337,1.1870308333333333,2.4845671250000003,0.5667017562911176,0.8239230057575542,0.2700265617650724,0.023175255653023943,1.0513105024088283,-0.27002656176507234,2,0.2536659684028229,0.2965464525859091,0.25986726430648527,0.08695320492754115,9
4389,US-Jo2,2018-02-12,US-Jo2,Shrublands,32.58494,-106.60322,0.6,3.7,0.0747944327372638,11.000378958333336,0.9022760416666666,3.459238416666667,0.6744436188329455,0.7383263540031065,0.1939949652049976,0.11748027956620444,0.9442557402181404,-0.1939949652049976,2,0.3245620946431685,0.1605827766667503,0.09684002430507399,-0.00755885177116019,9
4390,US-Jo2,2018-02-28,US-Jo2,Shrublands,32.58494,-106.60322,0.4,2.5,0.6209154518333558,6.659403958333336,0.4920727083333333,4.594056645833334,0.8498170915275278,0.5270777086423722,0.7363364614772631,0.16729442269773037,0.7099258465207312,-0.29450555781055143,2,0.6090474585836314,0.9258203692025799,0.6741415566455777,5.564266325658925e-05,9
4391,US-Jo2,2018-03-08,US-Jo2,Shrublands,32.58494,-106.60322,0.3,4.5,0.4670722372354122,16.12931458333333,1.4664302083333334,3.0213471458333334,0.9141279881853336,0.4054257283599973,0.9096373042475631,0.17553983833441228,1.0795461139761362,-0.5754928297767387,2,1.1062947340681244,0.8538365367924539,0.7687806418821108,-0.17835377563610372,9
4392,US-Jo2,2018-03-24,US-Jo2,Shrublands,32.58494,-106.60322,0.5,6.0,0.4245065451248385,17.794074999999996,1.2325700000000002,4.248238333333332,0.989932495087353,0.141540295217043,0.4316042326955945,0.39375500265354624,1.0403614826626053,-0.4316042326955945,2,0.7712762268029261,0.5235127760416396,2.3695242217902646e-05,0.07857630673273966,9
4393,US-Jo2,2018-04-01,US-Jo2,Shrublands,32.58494,-106.60322,0.6,6.1,0.5700682013424849,19.923770833333336,1.8177500000000004,4.0550508333333335,0.99999073973619,0.0043035382962442,0.8999142843193632,0.2287547158259395,1.366076611675588,-0.8999142843193632,2,1.087351009971066,0.9673769545598516,0.6450148884271718,-0.41666275842402606,9
4394,US-Jo2,2018-04-25,US-Jo2,Shrublands,32.58494,-106.60322,0.3,5.6,0.051845547108981,18.084697916666663,1.3414341666666665,3.794664166666665,0.9175836260593936,-0.3975428142825559,1.1140231658446649,0.15706374169906256,1.123875193226576,-1.114023165844665,2,1.1875075327117075,1.220874348644136,0.9336876161781513,-0.3983695296938767,9
4395,US-Jo2,2018-05-03,US-Jo2,Shrublands,32.58494,-106.60322,0.2,5.9,0.4572348550198715,15.461226041666665,1.3363243750000002,3.3830247916666663,0.854322169749827,-0.5197438121555155,1.2089327797709848,0.12833617985514273,1.1005469982734681,-0.6944630697312417,2,1.1958797631223559,1.3432966422883892,1.0876219339022095,-0.4492613021051831,9
4396,US-Jo2,2018-05-19,US-Jo2,Shrublands,32.58494,-106.60322,0.2,7.3,0.4739989117266265,23.434571875000003,2.2658520833333333,2.8372482916666666,0.6807734094770161,-0.7324940716135789,1.3028864958863446,0.2369821856002066,1.0150350687521372,-0.7548886724330915,2,1.567030951592978,1.1089164798541633,1.2327120562118927,-0.6651816817751055,9
4397,US-Jo2,2018-05-27,US-Jo2,Shrublands,32.58494,-106.60322,0.3,8.8,0.4899728213642077,26.00683333333333,2.6164416666666663,4.012577708333334,0.5737722679043246,-0.8190148866680801,1.3480237389665282,0.41078242526364867,1.8224618556366097,-0.9680780962381126,2,1.7972109082153347,0.9914628624014015,1.2553974462828483,2.259843356511328,9
4398,US-Jo2,2018-06-04,US-Jo2,Shrublands,32.58494,-106.60322,0.2,8.3,0.4161524344033158,26.915391666666665,2.2460610416666658,4.1229879375000005,0.4559066935084588,-0.8900275764346767,1.1614094198650509,0.28842706002951296,1.7261812998122488,-0.7291045510584193,2,1.4445068979378743,0.8679329598924199,1.1717884017648583,2.5383969321539084,9
4399,US-Jo2,2018-06-12,US-Jo2,Shrublands,32.58494,-106.60322,0.1,7.8,0.5379110502118282,30.828133333333337,3.485239583333333,3.0203710625,0.3294084822245304,-0.9441875088341992,0.9051547094195543,0.41033625291267256,1.4172628900799977,-0.029332608995897957,2,1.2894164394079846,0.4729550363636987,0.95309265248698,0.17803622536780417,9
4400,US-Jo2,2018-06-20,US-Jo2,Shrublands,32.58494,-106.60322,0.2,8.5,1.2871324809026805,29.72928125,3.0227395833333337,3.4720292916666677,0.1966728897935764,-0.980469160361632,1.0086693754461165,0.49964218549055023,1.5314758077704345,1.0086693754461165,2,1.3487435126449108,0.4350180114753274,1.2422466022181111,0.9610895369675886,9
4401,US-Jo2,2018-06-28,US-Jo2,Shrublands,32.58494,-106.60322,0.1,8.0,0.8177577696571037,31.87850624999999,3.2421958333333336,4.052693333333335,0.060213277365793,-0.9981855344718586,0.9515396151898923,0.4926984141820503,1.8914361607555115,0.4839759241243151,2,1.3628408531931142,0.405484536684194,1.086293455692369,2.5368655101285027,9
4402,US-Jo2,2018-07-22,US-Jo2,Shrublands,32.58494,-106.60322,0.8,6.8,0.9264396165718676,32.28475208333332,3.16503125,2.6351139583333327,-0.3456123126707333,-0.9383773917408642,-0.12421737659076137,0.19080408199358992,1.1355125288647245,-0.12421737659076137,2,-0.20696119669022275,-0.2596823769469964,0.09399144386493508,0.002292319670953565,9
4403,US-Jo2,2018-07-30,US-Jo2,Shrublands,32.58494,-106.60322,0.4,6.0,3.732006456488352,28.593552083333325,1.9297395833333333,2.977603770833334,-0.4711595076738639,-0.8820480249558535,0.5650927940409466,0.4232369648993102,1.1563808995578477,0.5650927940409467,2,0.42759761512948596,0.22769898534911187,1.039981781644242,1.2684086864086215,9
4404,US-Jo2,2018-08-07,US-Jo2,Shrublands,32.58494,-106.60322,0.4,7.4,1.0718152502987108,29.96389999999999,2.5175,3.0074988541666667,-0.5877852522924734,-0.8090169943749472,0.4443169201566906,0.3992759974283366,1.2348317345327824,0.4443169201566906,2,0.4357378135577962,0.04939960813457722,0.8478133387776985,0.21426470047242072,9
4405,US-Jo2,2018-08-15,US-Jo2,Shrublands,32.58494,-106.60322,0.3,6.5,0.531151947046817,28.137175,1.998983333333333,2.9264059791666672,-0.6932812268869771,-0.7206671495538615,0.5530642682399207,0.4175340679737274,1.0908052176797873,-0.09076037414628668,2,0.515654819921755,0.15549372553693414,0.988044259261073,1.1819759810590325,9
4406,US-Jo2,2018-08-23,US-Jo2,Shrublands,32.58494,-106.60322,1.4,4.8,4.120734524362942,23.875987500000004,0.9024961458333332,1.836389999999999,-0.7856498550787144,-0.6186714032625032,-0.39985280793063066,0.23876599325151776,0.885335252931335,-0.3998528079306305,2,-0.39732524940950725,-0.6398725465290181,-0.16236062785336647,-0.03886908184484539,9
4407,US-Jo2,2018-08-31,US-Jo2,Shrublands,32.58494,-106.60322,1.2,6.3,2.228523989925556,29.59531041666666,2.340397916666667,2.8478965624999995,-0.8631421280499115,-0.5049610547215202,-0.22983460618882792,0.24978467418183806,1.1200965225212338,-0.2298346061888279,2,-0.4448006132870701,-0.28888867148717357,0.04418546620775987,-0.04742785874485231,9
4408,US-Jo2,2018-09-16,US-Jo2,Shrublands,32.58494,-106.60322,0.8,5.1,1.0033286703319653,26.299954166666662,1.5936112500000004,3.1538750625000005,-0.9679377830240642,-0.2511900638848195,0.3099000550361713,0.3681199201027676,1.2158034600856023,0.09675728562775915,2,0.10448607168540264,0.09032441118887413,0.7348896822342372,0.06651595109497857,9
4409,US-Jo2,2018-09-24,US-Jo2,Shrublands,32.58494,-106.60322,1.1,4.3,1.6600239932268503,24.310716666666675,1.6645045833333332,2.6165740625,-0.9932568492674144,-0.1159345995955006,0.19677001345204062,0.2656192192958027,1.0175446592626494,0.1967700134520406,2,-0.045607166472407645,0.1551902199725918,0.4807269868559377,0.044221835843441346,9
4410,US-Jo2,2018-10-10,US-Jo2,Shrublands,32.58494,-106.60322,0.2,3.9,0.5496248332985509,16.192904166666672,1.0286866666666663,3.9916584999999993,-0.9873494423939864,0.1585593851031347,0.2929688063347597,0.21773002183744655,1.1120380521889068,0.2929688063347597,2,0.49056670451373346,0.05954940788569779,0.3287903066048477,-0.08504919281909648,9
4411,US-Jo2,2018-10-26,US-Jo2,Shrublands,32.58494,-106.60322,0.6,2.9,2.0701255712014137,16.599204166666667,0.8154170833333333,2.2066596249999995,-0.9070138128026362,0.4211008707960891,-0.11047646569038484,0.03373930330387018,0.7019787744636874,-0.11047646569038494,2,-0.10066954726586907,-0.14803277854044466,-0.0827270712648408,-0.033622444286058185,9
4412,US-Jo2,2018-11-03,US-Jo2,Shrublands,32.58494,-106.60322,0.5,3.3,1.16308817603211,15.037918749999998,1.0206127083333334,2.7819946874999992,-0.8406184056344783,0.5416278206559811,-0.12994737992571118,0.061334935804033056,0.7584294970663645,-0.12994737992571115,2,-0.06119893163342949,-0.17905973465674846,-0.14958347348695558,-0.01964776470711022,9
4413,US-Jo2,2018-11-11,US-Jo2,Shrublands,32.58494,-106.60322,0.5,2.8,0.8106981946741554,12.164197708333337,0.7580327083333332,4.683763395833332,-0.7583058084785625,0.6518989958787125,0.054287133597415625,0.27625753048545393,0.962093971669319,0.054287133597415604,2,0.20915509504813773,0.2183695271347425,-0.26466322139063336,-0.01839780438051935,9
4414,US-Jo2,2018-11-19,US-Jo2,Shrublands,32.58494,-106.60322,0.4,1.8000001,0.4380117522700233,10.282315833333334,0.8666604166666665,2.3626533541666666,-0.661634618242279,0.749826401204568,0.06389581537449511,0.1870211401937395,0.8200595598932479,0.012127689165551472,2,-0.13447898988609536,0.23699183967867538,0.0891745963309053,5.564266325658925e-05,9
4415,US-Jo2,2018-11-27,US-Jo2,Shrublands,32.58494,-106.60322,0.3,1.9,0.3702305417799491,9.562109791666666,0.7372902083333334,2.0867845416666664,-0.5524353131676203,0.8335557718385695,0.07822661313317712,0.17792220724982394,0.7589181058355952,0.06223447042672105,2,-0.1218038062226369,0.2188273538769972,0.13765629174517108,5.564266325658925e-05,9
4500,US-KM4,2016-04-15,US-KM4,Grasslands,42.44225,-85.330056,1.6,5.2000003,2.495880529170754,13.04508845983333,0.9998351306875,1.6154487154583326,0.9679377830240642,-0.2511900638848193,0.04932806273673441,0.18499474763435908,0.5410742376765263,0.0493280627367344,1,-0.03843823611979935,0.26187022983399344,-0.07544780550399086,-0.05529336354034783,9
4501,US-KM4,2016-04-23,US-KM4,Grasslands,42.44225,-85.330056,2.6,3.8,3.443622788566345,9.907701303333331,0.5079003222499999,1.289066849208333,0.9242907221930934,-0.3816892202666588,-0.18546409873587918,0.07313931998490951,0.5482966856674187,-0.1854640987358791,1,-0.26984791409160735,-0.14625361812617665,-0.14029076398985357,-0.0277526749945998,9
4502,US-KM4,2016-10-08,US-KM4,Grasslands,42.44225,-85.330056,1.9,2.6000001,2.192565869840026,9.819598941145834,0.3251216366458333,1.5901072223749997,-0.989932495087353,0.141540295217043,-0.3468772989176878,0.10123000266365194,0.48796409679243463,-0.3468772989176878,1,-0.45715394351833266,-0.3253069625712512,-0.25817099066347954,0.015159528783692732,9
4503,US-KM4,2016-11-01,US-KM4,Grasslands,42.44225,-85.330056,1.6,3.3,1.877417117709536,18.47648608104167,0.5133519398749998,1.868386413625,-0.8498170915275277,0.5270777086423724,0.004927176344825983,0.1430054959025449,0.47641734112341627,0.004927176344825979,1,-0.03839485758718733,0.16458447184879868,-0.1114080852271334,0.015159528783692732,9
4504,US-KM4,2016-11-09,US-KM4,Grasslands,42.44225,-85.330056,1.0,1.8000001,1.1761227196071355,8.564276487625003,0.3514747797083333,1.649200141520833,-0.7694148268839381,0.6387494220515268,-0.012168251561287804,0.09116080722576872,0.3741522814945208,-0.012168251561287813,1,-0.06404386465869438,-0.06555246811071219,0.09309157808554316,0.015159528783692732,9
4505,US-KM4,2017-02-13,US-KM4,Grasslands,42.44225,-85.330056,0.4,1.0,0.8781924066533795,1.5174256249999998,0.3267143838208332,2.1188812500000003,0.6870527672236669,0.7266075247685656,0.019471131805046237,0.05251349591728208,0.5702026405593615,0.019471131805046227,1,0.04603889960763555,0.05339193558352737,-0.041017439776024206,0.0030706158477427034,9
4506,US-KM4,2017-04-18,US-KM4,Grasslands,42.44225,-85.330056,1.5,5.8,3.6767736010445806,15.514196458333332,0.9139771799291668,2.5086327083333333,0.9587178169872964,-0.2843591872810034,0.2529204959658875,0.11471556486557286,0.5658363834418563,0.2529204959658875,1,0.2496339455828376,0.1398835210601869,0.36924402125463807,-0.05529336354034783,9
4507,US-KM4,2017-10-19,US-KM4,Grasslands,42.44225,-85.330056,1.2,3.0,1.099414840102134,13.569845252666669,0.7547012981312501,1.38409850975,-0.9510565162951536,0.3090169943749472,-0.19810664632804867,0.07525812961564873,0.4760059542527503,0.0030636734676832977,1,-0.2775925689637847,-0.18878205364337863,-0.12794531637698264,0.0030706158477427034,9
4508,US-KM4,2017-11-20,US-KM4,Grasslands,42.44225,-85.330056,0.7,2.3,0.9901364772178802,3.828959841250001,0.3263743028020833,2.787465198729167,-0.6486295610349818,0.7611042586607742,-0.08443515083376389,0.1429255221363131,0.4791653979247698,-0.0844351508337639,1,0.003576772132900252,-0.007535649497088487,-0.24934657513710343,0.015159528783692732,9
4509,US-KM4,2017-12-06,US-KM4,Grasslands,42.44225,-85.330056,0.3,1.5,0.5348413515952279,-0.0871737688958332,0.2568569490854165,3.619705534083334,-0.4171936026123169,0.9088176373395028,0.27462941430849896,0.07296454731809486,0.46646126862077664,0.19505328888195694,1,0.35684623821848593,0.21757984289284674,0.24946216181416422,0.0030706158477427034,9
4510,US-KM4,2018-08-27,US-KM4,Grasslands,42.44225,-85.330056,4.2,5.2000003,3.807479783274947,30.20283532604166,0.8705373389583334,1.8903053052916672,-0.8263541987239095,-0.5631507242749187,0.008217321618502471,0.24040626332329054,0.684514240355899,-0.008217321618502471,1,-0.26935257526989553,0.1436279996096426,0.15037654051576035,-0.0964651911389767,9
4666,US-NC2,2017-02-12,US-NC2,Evergreen Forests,35.803,-76.6685,2.1,1.9,3.019411583631439,20.80300966666667,1.040910225,1.5675348541666672,0.6744436188329455,0.7383263540031065,-0.13393200674611425,0.4172431646004772,0.86013049488167,-0.13393200674611427,2,-0.2314079648816671,-0.4938083771510257,0.32342032179435004,0.6424370175989511,9
4667,US-NC2,2017-02-20,US-NC2,Evergreen Forests,35.803,-76.6685,2.5,4.6,2.37427280588159,13.296992895833334,0.6890561166666664,0.990568375,0.7694148268839378,0.6387494220515272,-0.9327563762531287,0.3245699733820206,0.9258122790181599,-0.6813019880163084,2,-1.3074333079747775,-0.7377651169190862,-0.7530707038655224,-0.04768242950817563,9
4668,US-NC2,2017-02-28,US-NC2,Evergreen Forests,35.803,-76.6685,3.2,1.6,1.5670689722188902,18.247871458333336,0.53076419375,0.9426431666666664,0.8498170915275278,0.5270777086423722,-0.7578421265445319,0.2850720225209532,0.8676309407539149,0.7578421265445319,2,-0.697412582631064,-1.0682840575900925,-0.5078297394124393,-0.0272111520438496,9
4669,US-NC2,2017-03-24,US-NC2,Evergreen Forests,35.803,-76.6685,3.3,4.3,1.5828151246093736,10.923258020833336,0.5896615083333333,1.0324231041666665,0.989932495087353,0.141540295217043,-1.36616294027045,0.22465592799711273,0.6160933063366321,1.36616294027045,2,-1.620591420388651,-1.2827653336146654,-1.1951320668080336,0.0983481476154935,9
4670,US-NC2,2017-04-01,US-NC2,Evergreen Forests,35.803,-76.6685,3.1,3.8,3.985268799452061,16.331647625000006,0.6267875750000002,1.1278038541666664,0.99999073973619,0.0043035382962442,-0.36014393335506484,0.10137889083265698,0.27347447331747843,-0.3601439333550649,2,-0.4717227465030372,-0.33501893365333346,-0.27369011990882386,0.009709813992621807,9
4671,US-NC2,2017-04-09,US-NC2,Evergreen Forests,35.803,-76.6685,4.3,4.9,2.5894022288077307,13.695463270833336,0.8468285687499996,0.7818038958333332,0.9911140639934548,-0.1330147065341959,-1.6277532837906223,0.33082336549306307,0.6184217692368572,1.6277532837906223,2,-2.0051558180625175,-1.387870042288497,-1.4902339910208526,-0.3720116326362504,9
4672,US-NC2,2017-05-03,US-NC2,Evergreen Forests,35.803,-76.6685,6.0,6.1,5.723419648641762,20.14810018750001,1.3294147437499997,1.180064,0.854322169749827,-0.5197438121555155,-1.2463377083110423,0.2462582579291487,0.6672381763139358,-0.693177005594567,2,-1.4156051240987981,-0.9638289487742138,-1.359579052060115,-0.6337340394137593,9
4673,US-NC2,2017-05-19,US-NC2,Evergreen Forests,35.803,-76.6685,6.2,6.7000003,5.146535488664504,25.4784005,0.8838143291666668,1.2321930208333334,0.6807734094770161,-0.7324940716135789,-0.9873610697408871,0.39496093398228876,1.1007806999013456,0.9873610697408871,2,-1.337947585939038,-0.5594594975126156,-1.064676125771008,-0.07532666931269158,9
4674,US-NC2,2017-05-27,US-NC2,Evergreen Forests,35.803,-76.6685,5.8,6.5,5.777894125626041,24.514940125,1.0848227312499998,0.8857795833333335,0.5737722679043246,-0.8190148866680801,-0.9227010026162116,0.14695656979664876,0.9170687552222756,-0.8784892538682939,2,-1.01562171367133,-0.7532750441780998,-0.9992062499992049,-0.6698462018698411,9
4675,US-NC2,2017-06-04,US-NC2,Evergreen Forests,35.803,-76.6685,7.7,7.1,5.036191754438671,25.4327611875,1.1000143020833335,0.9055096250000004,0.4559066935084588,-0.8900275764346767,-1.4054231807016446,0.2525612089225057,1.5942595859640531,1.4054231807016446,2,-1.6643190509885741,-1.1597132117136026,-1.3922372794027573,-0.39010350398360494,9
4676,US-NC2,2017-06-28,US-NC2,Evergreen Forests,35.803,-76.6685,6.4,5.6,6.179412096228143,22.26817120833334,1.0093702,0.8428002916666664,0.060213277365793,-0.9981855344718586,-0.9898646889161361,0.07918928881268997,1.1837435841790946,-0.5486888813724212,2,-0.9305148872004876,-0.9592972106717494,-1.0797819688761716,-0.4068124822195401,9
4677,US-NC2,2017-07-06,US-NC2,Evergreen Forests,35.803,-76.6685,6.5,6.1,7.9183488167347935,27.65578297916667,0.6833409874999999,0.8868348750000004,-0.0773864792334632,-0.9970011699250152,-0.7140458739814445,0.25628722382635094,0.9310248958130778,-0.7140458739814446,2,-0.9601661480987993,-0.733294377201271,-0.4486770966442629,-0.4512159752854042,9
4678,US-NC2,2017-07-14,US-NC2,Evergreen Forests,35.803,-76.6685,5.7,6.2000003,6.752910620710412,29.48511935416667,0.684147125,1.097488875,-0.2135209154397959,-0.9769384927771816,-0.5378708447175762,0.3918830049730743,0.8767136157185689,-0.5378708447175762,2,-0.9583181645661427,-0.4725275768787802,-0.18276679270780571,-0.3231371380337869,9
4679,US-NC2,2017-09-08,US-NC2,Evergreen Forests,35.803,-76.6685,4.6,4.3,4.95409527877348,20.199473479166667,0.7086289645833332,0.8408859791666666,-0.9242907221930934,-0.3816892202666586,-0.7982367192503603,0.2069006005532311,0.8922599862586063,-0.7982367192503603,2,-1.0176171387284376,-0.770473502447135,-0.6066195165755083,-0.041030335461738045,9
4680,US-NC2,2017-09-24,US-NC2,Evergreen Forests,35.803,-76.6685,4.3,4.8,4.197289072164751,24.345414208333334,0.5828181541666665,0.9287348958333334,-0.9932568492674144,-0.1159345995955006,-0.7525281458449998,0.3084195066251229,0.8531076028168135,-0.5471062901745024,2,-1.0831389455658536,-0.7018742457472774,-0.47257124622186863,-0.04768242950817563,9
4681,US-NC2,2017-10-02,US-NC2,Evergreen Forests,35.803,-76.6685,3.7,3.3,3.803018279581207,18.061906354166673,0.5314737729166665,1.0500652291666666,-0.9997685019798908,0.0215160974362222,-0.698585310479383,0.07382934779840294,0.7991751615566107,-0.698585310479383,2,-0.7230658850117533,-0.757064883926164,-0.6156251625002316,-0.04502134075838179,9
4682,US-NC2,2017-10-18,US-NC2,Evergreen Forests,35.803,-76.6685,2.8,3.1000001,2.6586747663780628,15.102577062499998,0.3615870458333332,1.0129344375000002,-0.9562348265919058,0.2926003356333479,-0.7214593936456478,0.01762579445950418,0.636017453947164,-0.4388089264017737,2,-0.7056114387990515,-0.7404423210965875,-0.7183244210413045,-0.058996020337329785,9
4683,US-NC2,2017-12-13,US-NC2,Evergreen Forests,35.803,-76.6685,1.0,2.0,0.6651687500090551,0.0054341874999997,0.3675683374999999,1.4965369791666667,-0.3049212246562894,0.9523775757303972,-0.623532065834734,0.0243845051428894,0.5749706068017014,0.046130434147155897,2,-0.6232105845741317,-0.5993098907572509,-0.6480757221728194,-0.01090406373120529,9
4684,US-NC2,2017-12-21,US-NC2,Evergreen Forests,35.803,-76.6685,1.1,1.6,1.292121134141337,7.333105645833338,0.3175951812499999,1.0632690416666666,-0.1712931441814778,0.9852201067560606,-0.5229120680222431,0.048555816254638666,0.4595075664180742,-0.5229120680222431,2,-0.4835672130583363,-0.5079918072152518,-0.5771771837931411,0.0030706158477427034,9
4685,US-NC2,2017-12-29,US-NC2,Evergreen Forests,35.803,-76.6685,1.0,1.4,0.281330500065201,-2.227641020833333,0.26560175,0.8545376875000001,-0.0344216116227458,0.9994074007397048,-0.7098612055519723,0.08418229930976488,0.6333297759418348,0.7098612055519723,2,-0.7765711938688558,-0.6152771936719486,-0.7377352291151122,-0.00755885177116019,9
4713,US-NC3,2016-02-02,US-NC2,Evergreen Forests,35.799,-76.656,0.4,1.1,0.5166478002352157,11.529760125000005,0.26256683570625,1.870524208333333,0.5380051715382996,0.8429415373547828,0.18056945666283233,0.03222445231160339,0.5025298717428273,0.052726143807599074,2,0.17247886390555528,0.21606824344253323,0.15316126264040847,-0.01090406373120529,9
4714,US-NC3,2016-02-10,US-NC2,Evergreen Forests,35.799,-76.656,0.9,1.7,0.7742084786577035,1.2671226458333331,0.3483933009833334,2.6337810208333337,0.6486295610349814,0.7611042586607747,-0.4378979107517345,0.0987192170588564,0.6599175042127647,-0.18631486806714143,2,-0.5376627829207912,-0.3402586790509544,-0.43577227028345794,-0.00755885177116019,9
4715,US-NC3,2016-05-24,US-NC2,Evergreen Forests,35.799,-76.656,4.5,6.4,4.791607683960863,21.66102816666667,0.8386867411812503,2.0264357916666667,0.6016240632249226,-0.7987793728863649,-0.3051488102733051,0.3802647439948155,0.7846511650149446,-0.3051488102733051,2,-0.5595752646891939,0.13198643937812798,-0.4878576055088494,-0.11432670877980905,9
4716,US-NC3,2016-08-04,US-NC2,Evergreen Forests,35.799,-76.656,3.5,3.9,3.7536865240367265,29.456705166666666,0.5804705062541667,1.4570365208333331,-0.5595892624101763,-0.828770087174504,1.069383589073487,0.2796184106980016,1.1256399700964972,-0.562010541000034,2,0.7602883559829154,1.1431131490856556,1.3047492621518904,-0.034632327237054374,9
4717,US-NC3,2016-08-20,US-NC2,Evergreen Forests,35.799,-76.656,4.4,4.2000003,4.552033492297039,29.779506229166657,0.4639797415895834,0.6769874583333332,-0.7638886127905429,-0.64534811322955,0.11750829721630433,0.30612274071089046,1.0088576169682795,0.11750829721630433,2,-0.18606342856327293,0.11246849938453268,0.42611982082765326,0.044221835843441346,9
4718,US-NC3,2016-10-23,US-NC2,Evergreen Forests,35.799,-76.656,2.0,3.3,1.5469689895423795,12.506277312500004,0.5455524071916668,1.6151086666666667,-0.9209712877166346,0.3896304495307877,-0.7058943091924906,0.0715574801119866,0.5069451360154335,0.20016771172275039,2,-0.761527566248528,-0.6251704175337826,-0.7309849437951614,0.019159567130875705,9
4719,US-NC3,2016-12-02,US-NC2,Evergreen Forests,35.799,-76.656,0.8,1.8000001,0.8432962960933517,6.826470041666667,0.3718543080791665,1.3829776666666669,-0.4635502709028512,0.8860706215341377,-0.20903780822188875,0.06296116435261959,0.49784850324362767,-0.20903780822188878,2,-0.26131718524744435,-0.13914588239486114,-0.2266503570233607,0.0030706158477427034,9
4720,US-NC3,2016-12-10,US-NC2,Evergreen Forests,35.799,-76.656,0.7,1.3000001,0.4821624515046704,-1.2657970208333336,0.2336279131083334,1.2154489375000002,-0.3375228995941134,0.941317317512847,-0.43200758981403437,0.006348001238075765,0.45864751168344836,0.003667507176624729,2,-0.4256319933511706,-0.4320631449154315,-0.4383276311755011,-0.01090406373120529,9
4721,US-NC3,2016-12-18,US-NC2,Evergreen Forests,35.799,-76.656,0.4,2.3,1.5397806677134618,18.660340770833333,0.3447918978666666,3.1603344791666665,-0.2051044998686192,0.9787400799669153,0.5036428165704677,0.038683721863739653,0.8221052882249318,0.5036428165704677,2,0.47270569294131176,0.49120795344478246,0.547014803325309,-0.033622444286058185,9
4722,US-NC3,2017-01-27,US-NC2,Evergreen Forests,35.799,-76.656,1.0,2.1000001,0.5186555545833545,4.5771374374999985,0.3973928999999998,1.9509612083333332,0.4482293417404106,0.893918596519257,-0.5386388353163983,0.10464773639362679,0.556586675375491,0.42405005551689257,2,-0.6379438334258818,-0.42936220737773395,-0.5486104651455791,0.015159528783692732,9
4723,US-NC3,2017-02-04,US-NC2,Evergreen Forests,35.799,-76.656,0.8,3.0,0.6237010909999516,-0.0900525833333332,0.3001212083333333,1.906804520833333,0.5667017562911176,0.8239230057575542,-0.7924379877101768,0.1469544836265527,0.719819207800617,-0.43984016971008,2,-0.722043008330791,-0.6939229857748213,-0.961347969024918,-0.00755885177116019,9
4724,US-NC3,2017-02-12,US-NC2,Evergreen Forests,35.799,-76.656,0.4,2.0,1.2352503901367975,20.478514729166665,0.9853874708333332,3.3417004375,0.6744436188329455,0.7383263540031065,0.7252019864986029,0.21821127060966067,1.136603007255495,0.7252019864986029,2,0.4788339950422235,0.8941382303725898,0.8026337340809953,0.0732948384512614,9
4725,US-NC3,2017-02-20,US-NC2,Evergreen Forests,35.799,-76.656,1.7,4.5,0.7554545801879295,12.550654166666668,0.6574486979166668,1.5496497291666664,0.7694148268839378,0.6387494220515272,-0.6039440462023931,0.15192804467360488,0.8221257914949132,0.6039440462023931,2,-0.7697439775030288,-0.4713961415830381,-0.5706920195211123,-0.020415634801069452,9
4726,US-NC3,2017-02-28,US-NC2,Evergreen Forests,35.799,-76.656,1.9,1.6,0.6573007698003837,17.741170125,0.5103380312500002,2.0779877291666677,0.8498170915275278,0.5270777086423722,0.1042472938800586,0.27875473199627715,0.6484375757431502,-0.10424729388005849,2,0.021975704984072697,-0.12411225459221811,0.4148784312483212,-0.01839780438051935,9
4727,US-NC3,2017-03-24,US-NC2,Evergreen Forests,35.799,-76.656,2.5,4.3,1.1697638805016812,10.0428886875,0.5598043708333333,1.9987742083333335,0.989932495087353,0.141540295217043,-0.845241065430996,0.07435031374553833,0.5680958340961046,0.845241065430996,2,-0.9299326794353482,-0.7907105531774261,-0.8150799636802135,0.0063027841009664475,9
4728,US-NC3,2017-04-01,US-NC2,Evergreen Forests,35.799,-76.656,1.3,3.8,1.9485427177808468,16.270868895833335,0.6340861645833332,2.0948317291666667,0.99999073973619,0.0043035382962442,0.5621498603514926,0.21647648273421463,0.6855400140325156,0.5621498603514926,2,0.31386717820476234,0.6612143219041511,0.7113680809455643,-0.02179669603039081,9
4729,US-NC3,2017-04-09,US-NC2,Evergreen Forests,35.799,-76.656,3.1,4.8,1.182135232759832,12.908859375,0.7974880604166668,1.4298185208333336,0.9911140639934548,-0.1330147065341959,-0.7621044878827755,0.089866517084113,0.5505336516608772,0.7621044878827754,2,-0.8291170897701483,-0.7972128667389871,-0.6599835071391911,0.01839169703691648,9
4730,US-NC3,2017-04-17,US-NC2,Evergreen Forests,35.799,-76.656,3.2,5.6,3.0840892620532183,21.578603729166662,0.8933277374999998,2.793918041666668,0.9634705485641488,-0.2678143051621742,0.6372841226511827,0.23649147358402844,0.8303859950846878,-0.6372841226511827,2,0.9014303865336915,0.4452253212910641,0.5651966601287925,-0.18998409139027744,9
4731,US-NC3,2017-05-03,US-NC2,Evergreen Forests,35.799,-76.656,4.1,6.1,4.363767951262293,19.415889979166668,1.2357377395833335,1.7412157500000005,0.854322169749827,-0.5197438121555155,-0.2714602416961477,0.08131084186861721,0.529568578727758,-0.2714602416961477,2,-0.3254136383011526,-0.17793862434289756,-0.31102846244439286,-0.05529336354034783,9
4732,US-NC3,2017-05-19,US-NC2,Evergreen Forests,35.799,-76.656,5.7,6.7000003,4.685480593047863,25.12175247916667,0.8440879666666671,2.7620663958333336,0.6807734094770161,-0.7324940716135789,0.03972399621957764,0.39313004305603894,0.9997266654952327,-0.03972399621957767,2,-0.11807286422297814,0.4872365117375211,-0.24999165885581004,-0.07269198673682012,9
4733,US-NC3,2017-05-27,US-NC2,Evergreen Forests,35.799,-76.656,4.9,6.5,5.1948480773882615,23.82261733333333,0.9439407354166668,1.5546886041666663,0.5737722679043246,-0.8190148866680801,-0.3860325170692223,0.42346702693497473,0.7445871339442847,-0.38603251706922226,2,-0.5477114037723394,0.09445586735059064,-0.7048420147859182,1.0903563812269146,9
4734,US-NC3,2017-06-12,US-NC2,Evergreen Forests,35.799,-76.656,6.6,6.8,4.591194474072303,25.337520916666676,0.8631560520833332,1.656061666666666,0.3294084822245304,-0.9441875088341992,-0.7125303438142114,0.24755559681307135,1.1470690783452127,0.7125303438142114,2,-0.879776929834762,-0.42814548049769235,-0.82966862111018,-0.19182867894843605,9
4735,US-NC3,2017-07-06,US-NC2,Evergreen Forests,35.799,-76.656,5.5,6.1,6.561233160922468,27.14607631250001,0.62503065,1.7044747083333334,-0.0773864792334632,-0.9970011699250152,-0.2796038105845573,0.20184425903649572,0.7891293634705365,-0.2796038105845573,2,-0.5039494641518584,-0.11272380237024471,-0.22213816523156876,-0.23689126195622923,9
4736,US-NC3,2017-07-14,US-NC2,Evergreen Forests,35.799,-76.656,5.2,6.2000003,6.17396999844675,28.57251727083333,0.6247829854166669,2.2880163125000004,-0.2135209154397959,-0.9769384927771816,-0.2297738350217605,0.1937604305371727,0.7780768822880308,-0.2297738350217604,2,-0.4520886094538142,-0.09681713029647793,-0.1404157653149894,-0.11570303745515086,9
4737,US-NC3,2017-07-22,US-NC2,Evergreen Forests,35.799,-76.656,6.7,7.0,6.397487218867085,29.07191614583333,0.6703726666666666,2.6655034166666662,-0.3456123126707333,-0.9383773917408642,-0.3454448552052766,0.3518698091690951,0.8967845537312528,0.2595807070605532,2,-0.7050771257717301,-0.0018885749358301118,-0.32936886490826944,-0.26557658806759915,9
4738,US-NC3,2017-08-23,US-NC2,Evergreen Forests,35.799,-76.656,4.0,4.3,6.230157477441379,27.434891604166666,0.4694229562499999,1.8268383750000008,-0.7856498550787144,-0.6186714032625032,0.6997737441419782,0.22919596476041743,0.7775877150186254,0.6997737441419782,2,0.43850013225082124,0.8669189745875308,0.7939021255875827,-0.06445137709128149,9
4739,US-NC3,2017-08-31,US-NC2,Evergreen Forests,35.799,-76.656,4.2,4.1,4.251043188991304,24.861670583333336,0.4508041062500001,1.6967639583333332,-0.8631421280499115,-0.5049610547215202,0.4409573472571124,0.17793636564004972,0.689385425725727,-0.3388709692745055,2,0.2447542011900266,0.5918755305777876,0.48624231000352297,-0.020415634801069452,9
4740,US-NC3,2017-09-16,US-NC2,Evergreen Forests,35.799,-76.656,3.4,4.1,3.80379531388582,24.016589166666662,0.4517175354166668,1.3892115416666666,-0.9679377830240642,-0.2511900638848195,-0.3509502245773017,0.06611906738050786,0.7224031646008067,-0.35095022457730174,2,-0.4132011256675352,-0.358104665050298,-0.2815448830140719,-0.05787812378829107,9
4741,US-NC3,2017-09-24,US-NC2,Evergreen Forests,35.799,-76.656,3.4,4.8,3.5458601098534164,23.22384195833333,0.5962136958333334,1.6479683750000005,-0.9932568492674144,-0.1159345995955006,-0.5587116211474848,0.06635303234664515,0.6442841550263949,-0.5587116211474848,2,-0.6271907607414524,-0.5542324357893378,-0.4947116669116642,-0.05787812378829107,9
4742,US-NC3,2017-10-02,US-NC2,Evergreen Forests,35.799,-76.656,2.9,3.3,2.672418068285636,16.947461979166665,0.4952139145833333,1.6931528750000002,-0.9997685019798908,0.0215160974362222,-0.46683641963684347,0.1130973105430828,0.6404552716877083,-0.01167255620811608,2,-0.5655590906583026,-0.4915114084667378,-0.3434387597854899,-0.00755885177116019,9
4743,US-NC3,2017-10-18,US-NC2,Evergreen Forests,35.799,-76.656,2.1,3.1000001,1.7905365214126283,14.092186124999998,0.3293708,1.6149806041666668,-0.9562348265919058,0.2926003356333479,-0.5895797941903947,0.09765738427122157,0.5182942683310272,0.029347162984348807,2,-0.6980109597379125,-0.562177947750876,-0.5085504750823959,0.015159528783692732,9
4744,US-NC3,2017-11-27,US-NC2,Evergreen Forests,35.799,-76.656,0.9,1.5,0.7476437751913781,5.818115916666668,0.38554935,0.9763514583333333,-0.5524353131676203,0.8335557718385695,-0.2675109167559373,0.07667876735300541,0.46806156106353064,0.03720153286130645,2,-0.2713294364407505,-0.1889942320557609,-0.34220908177130055,0.0030706158477427034,9
4745,US-NC3,2017-12-13,US-NC2,Evergreen Forests,35.799,-76.656,0.5,2.0,0.7452157318251947,-0.3679177291666666,0.35874605,2.6896171458333336,-0.3049212246562894,0.9523775757303972,-0.20858477269209286,0.061582620369163066,0.5224271085721732,-0.20858477269209286,2,-0.13835866332763047,-0.23402108700473773,-0.25337456774391043,0.0030706158477427034,9
4746,US-NC3,2017-12-21,US-NC2,Evergreen Forests,35.799,-76.656,0.8,1.6,0.9936166075781976,6.606126791666667,0.3122690520833333,1.873378625,-0.1712931441814778,0.9852201067560606,-0.1904746484488251,0.05614109689368434,0.500982488622868,-0.1904746484488251,2,-0.1846767744750442,-0.24928969450514357,-0.13745747636628755,0.0030706158477427034,9
4747,US-NC3,2018-01-14,US-NC2,Evergreen Forests,35.799,-76.656,0.6,1.5,0.7058815922893916,-3.4431407916666674,0.2113574854166666,3.137446541666668,0.2386727660059501,0.9711000518829505,-0.2957151027548401,0.0733882827934216,0.55607257768459,-0.2957151027548401,2,-0.37734089237839896,-0.23518513659320994,-0.2746192792929114,0.0030706158477427034,9
4748,US-NC3,2018-02-07,US-NC2,Evergreen Forests,35.799,-76.656,0.3,2.4,0.6485408640733442,14.332396416666668,0.3153635312499999,3.1037910625,0.6084768701151261,0.7935716089521474,0.2859843694018851,0.12621862139256068,0.8635230734939666,0.2859843694018851,2,0.1834340345235395,0.4269462805576906,0.2475727931244252,-0.00755885177116019,9
4749,US-NC3,2018-02-15,US-NC2,Evergreen Forests,35.799,-76.656,2.1,3.9,1.114326406914412,17.58703614583334,0.3488370979166666,3.0957319999999995,0.7116566222817746,0.702527474169157,0.0542952618821011,0.26865848310906043,0.8220617331231665,-0.0542952618821011,2,0.155504405915234,0.25764917548773575,-0.25026779575666647,-0.03886908184484539,9
4750,US-NC3,2018-03-03,US-NC2,Evergreen Forests,35.799,-76.656,1.7,4.0,1.3194154672525376,7.114977041666667,0.6733306562500001,3.9409296458333354,0.8758917051442429,0.4825077417612184,-0.661152902820087,0.14571109572409255,0.7856530775967343,0.10001616267483782,2,-0.7899671868619291,-0.5030073823877257,-0.6904841392106063,-0.020415634801069452,9
4751,US-NC3,2018-04-20,US-NC2,Evergreen Forests,35.799,-76.656,3.0,4.2000003,1.9392795314101092,8.744410770833333,0.6239487229166668,1.6642063125,0.9483615800121716,-0.3171912885891061,-1.0457464679363564,0.08009317983560575,0.6477312215010691,1.0457464679363564,2,-1.0636383279656236,-0.9582204611547807,-1.115380614688665,0.08709896927875398,9
4752,US-NC3,2018-05-14,US-NC2,Evergreen Forests,35.799,-76.656,5.2,6.5,5.645410159831202,25.917423729166657,1.03024763125,2.6836182708333336,0.741222010848596,-0.6712599575675313,0.208100021425747,0.3648560999024091,1.0336933271648459,0.208100021425747,2,0.12753641647078978,0.606504851372129,-0.10974120356567774,-0.04780602233380478,9
4753,US-NC3,2018-06-07,US-NC2,Evergreen Forests,35.799,-76.656,3.3,3.2,5.502245058550193,21.67364072916667,0.7102624458333334,1.4720743333333328,0.4093559588156213,-0.9123747579707272,0.5830258609621357,0.06314386694694525,0.9753790868315839,0.5830258609621357,2,0.5517851086897363,0.6557002420507001,0.5415922321459707,-0.015613063672090966,9
4754,US-NC3,2018-08-26,US-NC2,Evergreen Forests,35.799,-76.656,5.4,5.2000003,6.746511403876245,24.222466041666664,0.6357339791666666,0.5833408958333332,-0.8165380514459157,-0.5772916165517278,-0.6636459733754508,0.5926095506143435,0.9302631333318384,-0.6636459733754507,2,-1.266223138571316,-0.6431805548287062,-0.08153422672633048,-6.9872383894098515,9
4755,US-NC3,2018-09-19,US-NC2,Evergreen Forests,35.799,-76.656,4.4,4.5,6.168625920003603,25.400344458333336,0.5202531666666667,1.3546657708333332,-0.97961369164549,-0.2008905551306352,-0.42509961757792986,0.3475614989275097,0.7960893068450225,-0.42509961757793,2,-0.7892423197593256,-0.09691507449978404,-0.38914145847468007,-0.03886908184484539,9
4756,US-NC3,2018-11-22,US-NC2,Evergreen Forests,35.799,-76.656,0.7,1.6,2.563227652166436,3.971221979166668,0.2583847,1.9887646458333328,-0.622046748440868,0.7829801036770625,-0.14142603259674494,0.02880184641389769,0.4601925118898544,-0.14142603259674513,2,-0.17426869708999065,-0.1295396643618672,-0.12046973633837693,-0.01090406373120529,9
4757,US-NC3,2018-12-24,US-NC2,Evergreen Forests,35.799,-76.656,0.6,1.5,2.068150677122747,6.689824916666666,0.3123533,1.7341045000000002,-0.1202080448993527,0.9927487224577402,-0.06733965101873318,0.05103960545891768,0.4827755755380025,-0.06733965101873318,2,-0.06841804880431412,-0.11783151246240858,-0.01576939178947684,0.0030706158477427034,9
4818,US-NC4,2016-02-10,US-NC4,Wetland/Riparian,35.7879,-75.9038,1.6,1.9,0.7479582630161661,15.9296534375,0.3608546977729168,3.9585795833333344,0.6486295610349814,0.7611042586607747,0.2927154893864327,0.16999938049066235,0.8318212472113237,-0.29271548938643277,2,0.11953879440330617,0.4593485968766983,0.2992590768792935,5.564266325658925e-05,9
4819,US-NC4,2016-02-18,US-NC4,Wetland/Riparian,35.7879,-75.9038,2.2,3.8,0.8784943798235265,16.737823499999998,0.30971517154375,3.5738870208333324,0.7469720876965552,0.6648553979642865,0.12599670073903924,0.21955610667151035,0.8153177829411339,-0.12599670073903924,2,0.19064837974838073,0.3059678331338905,-0.1186261106651535,-0.02179669603039081,9
4820,US-NC4,2016-03-29,US-NC4,Wetland/Riparian,35.7879,-75.9038,3.2,3.9,2.01837330111384,22.8122763125,0.7600870367624998,2.795849458333333,0.9992500112396836,0.0387222808921744,0.8049644523987937,0.15792287540477715,0.7563503631799705,-0.8049644523987936,2,0.6644506500040319,0.7745658118782086,0.9758768953141403,-0.14360665592729144,9
4821,US-NC4,2016-05-08,US-NC4,Wetland/Riparian,35.7879,-75.9038,5.4,5.9,4.702389737751546,29.623053354166668,1.1027216457541666,3.0784519791666667,0.7961828637826158,-0.6050560696488488,0.525864224973456,0.14965889902061363,1.3804681570230826,-0.525864224973456,2,0.4391863221175482,0.6986751499070245,0.4397312028957951,-0.25723201677695745,9
4822,US-NC4,2016-05-16,US-NC4,Wetland/Riparian,35.7879,-75.9038,5.8,5.4,5.647505302877556,25.17801233333334,0.9345757329125002,2.022611395833333,0.705583610107178,-0.7086266782644596,-0.0718638107247122,0.3920180809374387,0.9936791445487495,0.0718638107247122,2,-0.13382622767266436,0.34744544199323596,-0.4292106464947082,-0.06624722325912458,9
4823,US-NC4,2016-11-16,US-NC4,Wetland/Riparian,35.7879,-75.9038,1.4,1.7,1.4013127348147143,15.032892374999996,0.4512519978708332,1.483536625,-0.6870527672236675,0.726607524768565,-0.24939226503410125,0.06731196894314885,0.4096377487631847,-0.24939226503410128,2,-0.21370822661251235,-0.327033015121465,-0.20743555336832642,0.0030706158477427034,9
4824,US-NC4,2016-12-02,US-NC4,Wetland/Riparian,35.7879,-75.9038,1.1,1.8000001,1.027995127821999,11.605923687499995,0.4742999145354166,2.496863624999999,-0.4635502709028512,0.8860706215341377,-0.15823708433421493,0.10528186520083609,0.7072423667519014,-0.01422733997821271,2,-0.2500005418946013,-0.04329833539973621,-0.18141237570830726,-0.00755885177116019,9
4825,US-NC4,2016-12-10,US-NC4,Wetland/Riparian,35.7879,-75.9038,0.7,1.3000001,0.5422562396122786,2.5164969583333336,0.3497570460270833,2.3899620833333333,-0.3375228995941134,0.941317317512847,-0.15797815151005448,0.023835849543712866,0.49702718932581824,0.15750936926538814,2,-0.13705368006432697,-0.18392497939765468,-0.15295579506818174,-0.01090406373120529,9
4826,US-NC4,2018-05-14,US-NC4,Wetland/Riparian,35.7879,-75.9038,5.7,6.5,6.104422009120244,28.82762327083334,1.0673182270833332,3.8497219375,0.741222010848596,-0.6712599575675313,0.43437808719419196,0.1820006217577826,1.2643934406650144,0.37446593104629505,2,0.504113415908694,0.5711989905024373,0.22782185517144465,-0.07016518139013996,9
4827,US-NC4,2018-06-07,US-NC4,Wetland/Riparian,35.7879,-75.9038,3.5,3.4,5.2526873809539625,24.250198625,0.6902687958333336,2.7487830625,0.4093559588156213,-0.9123747579707272,1.1262991753006764,0.1578393112474979,1.1505887164474935,1.1262991753006764,2,0.9622882045922572,1.2771417821123239,1.1394675391974483,0.1926159112469726,9
5021,US-NR1,2016-06-05,US-NR1,Evergreen Forests,40.0329,-105.5464,5.3,4.6,2.979130287047606,8.976631944444447,0.4778062499999999,2.4270833333333344,0.4250003399695541,-0.9051931898913974,-1.664913077082727,0.4097732591748165,1.0735288099594495,1.664913077082727,0,-1.667536120901937,-2.0733685178062666,-1.2538345925399768,0.007621522942730746,9
5022,US-NR1,2016-06-13,US-NR1,Evergreen Forests,40.0329,-105.5464,3.9,3.7,3.376084482519804,6.581708333333334,0.1287180555555555,4.154770833333333,0.2967128192734907,-0.9549667548552552,-0.1548157191371226,0.5925442064466219,1.2821836224110212,0.1548157191371226,0,0.07251229680741492,-0.8273626454997255,0.2904031912809428,-6.537716631766882,9
5023,US-NR1,2016-06-21,US-NR1,Evergreen Forests,40.0329,-105.5464,4.8,6.8,4.047815063929397,17.915,1.4224652777777775,3.6139583333333336,0.1628070129385171,-0.986657932891657,-0.6081938123085115,0.008700873042076514,1.1711095193588368,0.6081938123085115,0,-0.6050813765877888,-0.618022862187451,-0.6014771981502948,-0.039805003180519,9
5024,US-NR1,2016-06-29,US-NR1,Evergreen Forests,40.0329,-105.5464,4.1,5.6,3.3008134675081022,13.84791666666667,0.9186875,4.096666666666667,0.025818440227133,-0.9996666485105112,-0.5030857836277732,0.1225355857099758,1.2005354036478422,0.5030857836277732,0,-0.394501769704596,-0.4788150532036567,-0.635940527975067,0.039653273616095025,9
5025,US-NR1,2016-07-07,US-NR1,Evergreen Forests,40.0329,-105.5464,4.7,5.8,3.2885220869608704,14.117361111111109,1.1352430555555555,2.7927083333333336,-0.1116590071216944,-0.993746580436178,-0.41121161619077123,0.1543893669408404,1.0536862927880382,0.4112116161907713,0,-0.25670884187636844,-0.41143868140186246,-0.5654873252940826,0.002169627452782845,9
5026,US-NR1,2016-07-15,US-NR1,Evergreen Forests,40.0329,-105.5464,3.5,5.5,2.8894920533473436,11.86215277777778,0.7133840277777778,3.3252083333333338,-0.2470221804809352,-0.9690098257244064,-0.09031997355208225,0.1492292453300829,1.1568578520641701,0.09031997355208221,0,0.020876865977518096,-0.031919205509436596,-0.2599175811243282,0.08869747290406278,9
5027,US-NR1,2016-07-23,US-NR1,Evergreen Forests,40.0329,-105.5464,5.0,5.7000003,3.612798722312248,16.922430555555557,1.2875000000000003,4.72125,-0.3777079652039646,-0.92592477719385,-1.5233953714851143,0.20721936388185724,1.0151055438869485,1.2510071838903898,0,-1.4874002864176021,-1.7462541601242245,-1.3365316679135162,-0.2392853046764222,9
5028,US-NR1,2016-07-31,US-NR1,Evergreen Forests,40.0329,-105.5464,4.4,5.2000003,2.827343139234332,12.895208333333333,0.7048583333333331,4.2091666666666665,-0.5012418134457756,-0.8653072543632061,-1.0412308838436442,0.292520310190759,1.276516627782031,1.0412308838436442,0,-0.9538701355061592,-1.3674784298698652,-0.802344086154908,-0.0031007214425474473,9
5029,US-NR1,2016-09-01,US-NR1,Evergreen Forests,40.0329,-105.5464,3.2,3.8,3.5048609588355744,11.18402777777778,0.5013,3.4912499999999995,-0.8800122039735356,-0.4749510720670502,-0.5480552415732033,0.3536251690867311,1.0557752757973389,-0.5480552415732033,0,-0.5386417846749131,-0.9062931572371925,-0.19923078280750423,0.06780470271515476,9
5030,US-NR1,2016-09-09,US-NR1,Evergreen Forests,40.0329,-105.5464,3.7,4.2000003,1.9024084376652,7.109569444444449,0.5482173611111112,2.7531250000000007,-0.9368813462954316,-0.3496474552512282,-1.100979812743416,0.36209062390665564,1.3006381666384788,1.100979812743416,0,-0.9951986339708452,-1.5041808024666385,-0.8035600017927642,0.3623769468496521,9
5031,US-NR1,2016-09-17,US-NR1,Evergreen Forests,40.0329,-105.5464,3.4,3.8,1.841913673316968,6.9650138888888895,0.5915624999999999,4.475625000000002,-0.9760105506323682,-0.2177232303965322,-1.107746093891919,0.38082574350946297,1.2486524348678394,1.107746093891919,0,-1.047218228520941,-1.5152109412830328,-0.7608091118717837,0.5378360209616727,9
5032,US-NR1,2016-09-25,US-NR1,Evergreen Forests,40.0329,-105.5464,3.0,2.9,0.7576808099300675,3.1318402777777794,0.3202569444444445,3.0510208333333333,-0.99665890175417,-0.0816763953304228,-0.6836687056006908,0.4426434148167836,1.4003296407781067,0.6836687056006907,0,-0.32749130374588586,-1.1792262026114781,-0.5442886104447086,1.276227556151466,9
5033,US-NR1,2016-10-03,US-NR1,Evergreen Forests,40.0329,-105.5464,2.8,3.6000001000000004,1.1054110122440082,3.5451388888888897,0.4126576388888889,6.4364583333333325,-0.9984354211555644,0.055916990100603,-0.7189791447892487,0.11639840360083163,1.6648450525847789,0.7189791447892487,0,-0.792180075217015,-0.7799994058541848,-0.5847579532965468,0.2466330624930797,9
5034,US-NR1,2016-10-27,US-NR1,Evergreen Forests,40.0329,-105.5464,2.3,3.0,0.7714935518157099,8.655187499999998,0.8157569444444445,2.7847916666666657,-0.8919813464595487,0.4520722039323037,-0.5371791107476455,0.23423548183965293,0.8901111314447505,0.5371791107476455,0,-0.28466634673084157,-0.5795055281480497,-0.7473654573640454,-0.01839780438051935,9
5035,US-NR1,2016-11-12,US-NR1,Evergreen Forests,40.0329,-105.5464,1.2,2.0,0.0675251605961454,3.6459027777777777,0.453423611111111,5.105625,-0.7354170229639858,0.6776147890466887,-0.26355041139191493,0.08144122113938203,0.9975536547904609,0.26355041139191493,0,-0.3509217778678471,-0.2499870743568924,-0.18974238195100523,0.10052121221333192,9
5036,US-NR1,2017-02-16,US-NR1,Evergreen Forests,40.0329,-105.5464,2.3,1.9,0.7829632933861049,3.641256944444444,0.6822013888888888,6.191458333333332,0.7236440382959124,0.6901733882429719,-0.6549163587664899,0.17037356730473638,1.406747903385729,0.6549163587664899,0,-0.7122115507311433,-0.4632807320290133,-0.789256793539313,0.04665877949731951,9
5037,US-NR1,2017-03-04,US-NR1,Evergreen Forests,40.0329,-105.5464,2.5,2.9,1.3766029882233095,0.4849166666666668,0.4807291666666666,4.301041666666666,0.8840675099433636,0.4673592171580022,-0.9949091469219785,0.1700970461970282,1.2251296762243125,0.9949091469219785,0,-1.0460584397626291,-0.8051065567576607,-1.1335624442456458,0.2707789616687216,9
5038,US-NR1,2017-06-08,US-NR1,Evergreen Forests,40.0329,-105.5464,5.4,4.9,4.416528062086491,9.967013888888893,0.5833784722222224,3.7445833333333343,0.3935902766564667,-0.9192859697186104,-1.7064883188794153,0.26594821839417865,1.1609153143167024,0.26045555694760325,0,-1.652056265819627,-1.995441462698413,-1.4719672281202054,-0.5982549916920031,9
5039,US-NR1,2017-06-16,US-NR1,Evergreen Forests,40.0329,-105.5464,7.1,6.6,3.615136753912373,13.020069444444443,1.0029791666666663,3.6697916666666655,0.263665492728007,-0.9646141756912436,-2.454415592800432,0.25322649205036823,1.6808129748252676,2.454415592800432,0,-2.3739675987746036,-2.7380933769456277,-2.251185802681064,-13.752023123327673,9
5040,US-NR1,2017-07-10,US-NR1,Evergreen Forests,40.0329,-105.5464,4.7,5.7000003,3.5050699818801485,15.56590277777778,1.0400972222222222,3.7470833333333338,-0.1457991969198744,-0.9893142039703664,-0.8497319350433785,0.09720255591899454,1.130672694833965,0.8497319350433785,0,-0.7416660975948745,-0.8775033237360352,-0.9300263837992259,-0.06051928566996551,9
5041,US-NR1,2017-08-03,US-NR1,Evergreen Forests,40.0329,-105.5464,3.8,2.9,3.6576718045521672,8.537500000000001,0.1410652777777777,2.1831875000000003,-0.5307300481619331,-0.8475409228928312,-0.00945359560673864,0.664878565901148,1.2921967017051919,0.00945359560673864,0,0.07191119868844176,-0.711270120660115,0.6109981351514573,-6.537716631766882,9
5042,US-NR1,2017-08-19,US-NR1,Evergreen Forests,40.0329,-105.5464,4.8,5.2000003,4.7826079347646395,13.70784722222222,1.0759513888888887,3.0322916666666675,-0.7412220108485957,-0.6712599575675315,-1.3797131998656285,0.2754709668662056,1.286665623646154,-1.3449290693949079,0,-1.0724811260216212,-1.6046776298132284,-1.461980843762036,-0.14222746756763122,9
5043,US-NR1,2017-08-27,US-NR1,Evergreen Forests,40.0329,-105.5464,3.8,3.8,2.787731936079858,11.24520833333333,0.6405555555555555,2.5401875,-0.8263541987239095,-0.5631507242749187,-0.6729685721919928,0.2546079518887643,1.0034063635533035,0.6729685721919928,0,-0.6181776063112993,-0.95051135515452,-0.45021675511015885,0.06780470271515476,9
5044,US-NR1,2017-09-20,US-NR1,Evergreen Forests,40.0329,-105.5464,2.9,4.4,1.5685854693841923,8.814166666666667,0.6651041666666667,3.508375000000002,-0.9829265519799822,-0.1839983516576798,-1.047830611856213,0.24081271315617783,1.0818253572737855,1.047830611856213,0,-1.0091408531070438,-1.3056458033109137,-0.8287051791506819,0.16667810323672563,9
5045,US-NR1,2017-10-06,US-NR1,Evergreen Forests,40.0329,-105.5464,2.7,2.5,3.4421775825776626,1.0365624999999996,0.2508597222222222,7.449166666666668,-0.9959189961471792,0.0902516100310407,-0.5098979800672231,0.11563965501044321,1.9544913414797442,-0.509897980067223,0,-0.6408304327199293,-0.46712645450326074,-0.4217370529784793,-12.419018663665586,9
5046,US-NR1,2017-10-14,US-NR1,Evergreen Forests,40.0329,-105.5464,2.8,2.4,1.6258242861239411,-0.6577291666666666,0.3867062500000002,7.812083333333333,-0.9741004551724206,0.226115685508288,-0.8228248551230228,0.12644677977506122,1.9348930481767117,0.8228248551230228,0,-0.9657795688804484,-0.7256229870461895,-0.7770720094424305,2.4426375787289887,9
5047,US-NR1,2017-10-15,US-NR1,Evergreen Forests,40.0329,-105.5464,2.6,3.0,1.0637689595490012,3.026180555555555,0.5740486111111112,4.407708333333331,-0.970063921851507,0.2428497220959358,-0.7982015572933916,0.28892603401399675,1.3910693327567363,0.7982015572933916,0,-0.6444943515394193,-1.131489994593349,-0.6186203257474063,-0.054704348409794656,9
5048,US-NR1,2017-10-22,US-NR1,Evergreen Forests,40.0329,-105.5464,2.5,3.5,0.7420775286266987,1.7009513888888887,0.3780138888888889,14.682916666666666,-0.9338372288229252,0.3576982388331254,-1.296257889375772,1.3420930028652733,5.3592712115505385,1.296257889375772,0,-2.0246158261143314,0.25254535079127427,-2.1167031928042586,-21.070276626955753,9
5049,US-NR1,2017-11-15,US-NR1,Evergreen Forests,40.0329,-105.5464,0.8,1.8000001,1.0371636984089845,1.457458333333334,0.4771527777777778,4.7025000000000015,-0.7116566222817751,0.7025274741691566,-0.11265107947140866,0.03359847888465223,0.834482775267962,-0.11265107947140868,0,-0.13938666492938398,-0.07493653878654616,-0.12363003469829584,-0.033622444286058185,9
5050,US-NR1,2017-11-16,US-NR1,Evergreen Forests,40.0329,-105.5464,1.4,2.9,0.6481390848986314,4.3052777777777775,0.5188125,8.829166666666666,-0.6994583270516471,0.7146733860429608,-0.566903976959248,0.3133958547556432,1.4593812663374637,0.566903976959248,0,-0.8288250263480397,-0.21969132003646044,-0.6521955844932439,0.005293568430967834,9
5051,US-NR1,2017-12-01,US-NR1,Evergreen Forests,40.0329,-105.5464,0.7,1.9,0.7820983663583023,0.6385138888888887,0.3094583333333334,6.956458333333331,-0.4937755501599774,0.8695893893466109,-0.16137273542583175,0.1477127031016232,1.2721062547222537,-0.16137273542583175,0,-0.29053826136582117,-0.0003211026631794178,-0.19325884224849466,0.10573520485703429,9
5052,US-NR1,2017-12-09,US-NR1,Evergreen Forests,40.0329,-105.5464,1.3,2.2,1.0599010728617568,-0.3314166666666665,0.5016736111111112,8.42625,-0.3697245428906732,0.9291414114031744,-0.5273428499873667,0.2560024788588171,1.5988651851326139,-0.047144995710880266,0,-0.7670250750874847,-0.2576631829523175,-0.5573402919222977,-0.05485326186307919,9
5053,US-NR1,2017-12-17,US-NR1,Evergreen Forests,40.0329,-105.5464,0.2,1.1,0.2996307196420114,-5.468333333333331,0.2422090277777777,5.508333333333333,-0.2386727660059499,0.9711000518829505,0.1330374429589701,0.22295146770499744,1.0317006341175792,0.06622399632505263,0,0.03190357785137329,0.3886319662124383,-0.02142321518690122,-0.02756226494287928,9
5054,US-NR1,2018-01-02,US-NR1,Evergreen Forests,40.0329,-105.5464,0.4,1.7,0.5133714653111414,-5.2892638888888905,0.3321743055555556,7.236458333333332,0.0344216116227457,0.9994074007397048,-0.056777008551251375,0.28696648476158326,1.6266993965601635,-0.05677700855125137,0,-0.3377917781619543,0.23579216574081718,-0.06833141323261697,-0.3181208613018563,9
5055,US-NR1,2018-05-10,US-NR1,Evergreen Forests,40.0329,-105.5464,6.5,5.6,2.6962500308325543,9.283270833333331,0.7692388888888889,3.1205208333333334,0.7856498550787145,-0.6186714032625031,-2.7561127673905568,0.4683951775722577,1.4989593413033686,2.7561127673905568,0,-2.8875691956695273,-3.144734031044377,-2.2360350754577674,-13.752023123327673,9
5056,US-NR1,2018-05-26,US-NR1,Evergreen Forests,40.0329,-105.5464,6.0,5.9,3.843356582965489,12.664652777777777,1.115979166666667,3.169583333333333,0.5877852522924732,-0.8090169943749473,-1.8958571868269773,0.19296334143283841,1.370632229289804,1.8958571868269773,0,-1.8719007792415094,-2.0996801691220863,-1.715990612117336,2.0203060029025854,9
5057,US-NR1,2018-06-03,US-NR1,Evergreen Forests,40.0329,-105.5464,3.5,4.9,2.4902835558014247,9.135527777777776,0.6735256944444444,3.376437500000001,0.4711595076738638,-0.8820480249558537,-0.5034044124917678,0.12646655968867676,0.9800796564558331,0.5034044124917678,0,-0.5457780281651372,-0.6032430079411859,-0.3611922013689803,-0.020415634801069452,9
5058,US-NR1,2018-06-11,US-NR1,Evergreen Forests,40.0329,-105.5464,4.3,6.1,3.2039772815971945,12.004583333333334,1.139958333333333,4.527979166666666,0.3456123126707335,-0.938377391740864,-1.0665249802594807,0.21164229907489773,1.3005129765795371,1.0665249802594807,0,-0.8225695848791538,-1.2010241218092692,-1.175981234090019,-0.09950232026111136,9
5059,US-NR1,2018-06-27,US-NR1,Evergreen Forests,40.0329,-105.5464,5.0,6.2000003,3.860709003441572,16.731736111111115,1.4883055555555549,3.03125,0.077386479233463,-0.9970011699250152,-0.49962401856016125,0.12919190861283675,1.1029843387522393,0.49962401856016125,0,-0.3657714249860216,-0.6235868093325271,-0.5095138213619349,-0.01831980888866552,9
5060,US-NR1,2018-07-21,US-NR1,Evergreen Forests,40.0329,-105.5464,4.6,5.7000003,3.6273887579607447,16.224375,0.9943472222222222,3.284166666666668,-0.3294084822245302,-0.9441875088341994,-0.6619112528670142,0.09785488740642538,1.088017536354104,0.6619112528670142,0,-0.5577319316284962,-0.6761118549200402,-0.7518899720525063,-0.025029639133432636,9
5061,US-NR1,2018-07-29,US-NR1,Evergreen Forests,40.0329,-105.5464,4.3,5.1,3.9197313933622926,12.201458333333331,0.7080819444444444,3.2488750000000004,-0.455906693508459,-0.8900275764346766,-0.6516221454660173,0.059391321778111,1.2649551473931235,0.10891506780939719,0,-0.5855728889141674,-0.700629604663342,-0.6686639428205426,0.060044807440924074,9
5062,US-NR1,2018-08-06,US-NR1,Evergreen Forests,40.0329,-105.5464,4.5,4.2000003,2.998752391887364,11.609791666666665,0.4117354166666667,2.19675,-0.5737722679043243,-0.8190148866680802,-0.3390604824599131,0.19364160337422623,0.9679859392969904,0.33906048245991305,0,-0.22051179546277147,-0.5625198653676258,-0.2341497865493422,-0.041030335461738045,9
5063,US-NR1,2018-08-30,US-NR1,Evergreen Forests,40.0329,-105.5464,3.7,5.4,1.4348199032716986,14.416041666666665,1.2797638888888891,3.3745833333333324,-0.8543221697498269,-0.5197438121555157,-1.2816582835548536,0.007335359286818874,1.3381571751229486,1.2816582835548536,0,-1.2738329721264374,-1.2827636502470792,-1.2883782282910443,-0.14764544257411338,9
5064,US-NR1,2018-09-07,US-NR1,Evergreen Forests,40.0329,-105.5464,3.5,3.4,2.275812070944841,6.822006944444444,0.2497895833333333,2.1437499999999994,-0.9175836260593934,-0.3975428142825566,-0.7912656109046833,0.4466084386424091,1.0990336374922167,0.7912656109046833,0,-0.5911221187796982,-1.3029391480063093,-0.4797355659280421,1.2949373504671682,9
5065,US-NR1,2018-09-15,US-NR1,Evergreen Forests,40.0329,-105.5464,3.5,4.5,0.9438262095465556,14.629930555555555,1.3537430555555554,3.618958333333333,-0.9634705485641486,-0.2678143051621748,-1.3273402530866016,0.18473596846376442,1.0912285804248405,1.3273402530866016,0,-1.1591750287595428,-1.525079017919124,-1.2977667125811376,0.19215720135260328,9
5066,US-NR1,2018-10-25,US-NR1,Evergreen Forests,40.0329,-105.5464,2.1,2.3,0.8535611613533928,1.5955763888888883,0.2898263888888889,5.607083333333335,-0.9141279881853336,0.4054257283599973,-0.3631458697966927,0.10924859717025828,1.444150154685251,0.3631458697966927,0,-0.4260280047403532,-0.4264129530425532,-0.23699665160717176,0.05846212900386585,9
5067,US-NR1,2018-11-10,US-NR1,Evergreen Forests,40.0329,-105.5464,2.1,2.1000001,0.6716133101802106,-5.061875,0.2892340277777778,6.015208333333333,-0.7694148268839381,0.6387494220515268,-0.5661325360195062,0.056194570684215135,1.6053074970846541,0.5661325360195062,0,-0.6304511566905803,-0.5414006108639041,-0.5265458405040343,-0.0007773490515575026,9
5087,US-OF1,2017-05-26,US-OF1,Croplands,35.7370669999999,-90.0492,1.8,6.1,1.9727987689268864,23.78741666666666,1.0624961875000003,6.14828020833333,0.5877852522924732,-0.8090169943749473,1.0544146140079507,0.4098346647343975,1.3684977015301905,-0.7088170761541779,0,0.5844060147324365,1.241634084743034,1.3372037425483816,0.17586974928507193,9
5088,US-OF1,2017-06-19,US-OF1,Croplands,35.7370669999999,-90.0492,5.9,6.4,6.527632199973858,25.80485416666666,1.1165918458333337,1.303605,0.2135209154397961,-0.9769384927771816,-0.5609920442960603,0.1083806235739572,0.5470334861811765,-0.5609920442960603,0,-0.6074145033214247,-0.43713253591181184,-0.6384290936549445,-0.3803447259220549,9
5089,US-OF1,2017-06-27,US-OF1,Croplands,35.7370669999999,-90.0492,5.3,5.4,6.044063530242879,22.596791666666668,0.5194502135416666,1.888759375,0.077386479233463,-0.9970011699250152,-0.27637063904990844,0.33517830923692427,0.7045849182711339,-0.27637063904990855,0,-0.2867164772018469,0.06386081477428007,-0.6062562547221585,-0.17168544613136716,9
5090,US-OF1,2017-07-13,US-OF1,Croplands,35.7370669999999,-90.0492,5.5,5.6,8.070200312007923,27.88877083333334,0.5490873529166665,1.78089,-0.1966728897935762,-0.980469160361632,-0.4988886692827313,0.2080582454691248,0.5566316399085134,-0.49888866928273146,0,-0.3044796452162198,-0.473855371989983,-0.718330990641991,-0.36589911587852475,9
5091,US-OF1,2017-07-21,US-OF1,Croplands,35.7370669999999,-90.0492,6.1,6.3,7.362658809134874,29.47933333333334,0.7068892731249999,1.1735243750000002,-0.3294084822245302,-0.9441875088341994,-0.8446132560102266,0.03708357504055661,0.5794133993790844,-0.8446132560102266,0,-0.8060258551743642,-0.8478305479256982,-0.8799833649306175,-0.7619375107448195,9
5092,US-OF1,2017-07-29,US-OF1,Croplands,35.7370669999999,-90.0492,6.0,5.6,9.200619201465525,23.808416666666663,0.5632572541666667,2.4246608333333337,-0.455906693508459,-0.8900275764346766,-0.8811253070915086,0.3349442279375176,0.9243490827745875,-0.8811253070915086,0,-0.535684430906354,-0.9032117960757118,-1.20447969429246,-0.606908212080226,9
5093,US-OF1,2017-09-07,US-OF1,Croplands,35.7370669999999,-90.0492,2.9,4.0,2.8937114949137586,17.644833333333327,0.7793647458333334,0.7117387499999999,-0.9175836260593934,-0.3975428142825566,-0.1349901095149129,0.10558207190099934,0.7045794117879544,-0.12241309934243019,0,-0.025211520330749,-0.23580401542226592,-0.14395479279172368,-0.020415634801069452,9
5094,US-OF2,2017-07-13,US-OF1,Croplands,35.7406,-90.0489,5.6,5.6,8.686785095043188,28.70339583333333,0.4607219583333334,1.8581666666666663,-0.1966728897935762,-0.980469160361632,-0.559897675743803,0.23699356329955273,0.5961219999857725,-0.559897675743803,0,-0.3209760280833693,-0.5638020901678913,-0.7949149089801484,-0.38895217960969475,9
5095,US-OF2,2017-07-21,US-OF1,Croplands,35.7406,-90.0489,6.1,6.3,8.018448258990887,30.37397916666666,0.6149160208333333,1.161625,-0.3294084822245302,-0.9441875088341994,-0.9749717783129354,0.04082072172506883,0.6279735096253036,-0.9749717783129355,0,-0.9283224240501545,-0.9924475553507448,-1.0041453555379065,-0.8007448425828054,9
5096,US-OF2,2017-07-29,US-OF1,Croplands,35.7406,-90.0489,6.0,5.6,8.871435366964453,25.03729166666667,0.5494776208333333,2.7169791666666665,-0.455906693508459,-0.8900275764346766,-0.7988214311119005,0.36947889550434065,0.9650956661025349,-0.7988214311119006,0,-0.37958504754731265,-0.9399173984347404,-1.0769618473536484,-0.606908212080226,9
5097,US-OF4,2018-07-08,US-OF1,Croplands,35.734346,-90.037982,4.4,5.0,7.444991317702142,24.39633333333333,0.0737249375,1.9089181249999991,-0.1116590071216944,-0.993746580436178,0.7730167306451635,0.08303663832952843,0.819354092240635,0.7730167306451636,0,0.6772634559057769,0.8252022063248377,0.8165845297048762,-0.020415634801069452,9
5098,US-OF4,2018-07-16,US-OF1,Croplands,35.734346,-90.037982,5.5,6.3,7.555842696358693,29.11456249999999,1.1048776875,1.2236904166666671,-0.2470221804809352,-0.9690098257244064,-0.37972669298078937,0.0641175991344987,0.6212645097035918,-0.3797266929807894,0,-0.3825569073323974,-0.44238231963733055,-0.31424085197264,-0.30182142161874137,9
5099,US-OF4,2018-07-24,US-OF1,Croplands,35.734346,-90.037982,6.0,6.2000003,5.506019425970748,26.42052083333333,0.8414935833333331,1.1694885416666667,-0.3777079652039646,-0.92592477719385,-0.4569819156511281,0.10821601173823342,0.5177260562367108,0.4569819156511281,0,-0.4650711063671822,-0.34494829797277926,-0.5609263426134228,-0.21417288140137636,9
5100,US-OF6,2018-06-06,US-OF1,Croplands,35.729972,-90.0403329999999,5.8,6.1,6.5949366842894515,27.60070833333334,1.4917149520833335,0.8840556250000001,0.4250003399695541,-0.9051931898913974,-0.493490253189869,0.067998063708796,0.8217406970179191,-0.49349025318986905,0,-0.5702332708047895,-0.4694929784024351,-0.4407445103623824,-0.43910204605235964,9
5101,US-OF6,2018-07-16,US-OF1,Croplands,35.729972,-90.0403329999999,5.7,6.3,7.011093981730172,29.38808333333334,1.1836364583333332,1.0946683333333336,-0.2470221804809352,-0.9690098257244064,-0.43910341713863826,0.08026553633643563,0.6926020453710567,-0.4391034171386383,0,-0.40231199890788427,-0.5311696765560388,-0.3838285759519917,-0.30182142161874137,9
5102,US-OF6,2018-07-24,US-OF1,Croplands,35.729972,-90.0403329999999,6.0,6.2000003,7.251698912173259,25.8655625,0.8041658958333334,1.054893541666667,-0.3777079652039646,-0.92592477719385,-0.4081524481241952,0.08960909909529917,0.5397791309801502,-0.40815244812419516,0,-0.42500374751447073,-0.3113140396081971,-0.4881395572499178,-0.22719494203313662,9
5152,US-Ro1,2016-02-29,US-Ro1,Croplands,44.7143,-93.0898,0.3,1.6,3.0321701924120377,-3.2737519312500005,0.2106647018604166,4.288009583333333,0.8587639582758029,0.5123714121284237,0.43958664452463503,0.09987774836246248,0.5214026263375975,0.43958664452463525,2,0.33042850984214694,0.526398317135004,0.4619331065967543,0.015159528783692732,9
5153,US-Ro1,2016-04-01,US-Ro1,Croplands,44.7143,-93.0898,0.9,2.2,4.112390666293114,1.8628192354166664,0.2869195845833333,4.033103416666667,0.999916658654738,-0.0129102960750088,0.8838125202333229,0.058586787893548244,0.4621439305032137,0.8838125202333229,2,0.833670650534543,0.9482122790292351,0.8695546311361904,-0.02535746150510376,9
5154,US-Ro1,2016-04-02,US-Ro1,Croplands,44.7143,-93.0898,0.5,2.4,2.7910025239671383,-0.3634767624999999,0.3052761355229167,5.4447736250000025,0.9995462806873572,-0.0301203048469081,1.0551014501653697,0.06742999657822123,0.8203207364860929,1.0551014501653697,2,1.0175216534428029,1.1329474540302913,1.014835243023015,-0.0187858594188632,9
5155,US-Ro1,2016-04-10,US-Ro1,Croplands,44.7143,-93.0898,0.6,3.8,1.4361233169081131,7.3050040833333325,0.5903795934791666,4.950713041666666,0.9859481499638304,-0.1670516255021192,0.9450973026045029,0.08150708018094492,1.0260560366780633,0.7271493312117234,2,0.9537768341558148,1.021917276963105,0.8595977966945887,0.053566885916987314,9
5156,US-Ro1,2016-05-04,US-Ro1,Croplands,44.7143,-93.0898,1.2,4.8,1.3261163356146406,12.544916729166667,0.946007411575,3.4456485375,0.835925479418637,-0.548842958284719,0.7817083657862677,0.11394847624909751,0.8998361468168687,-0.5294756945569864,2,0.7062149439320757,0.9127814539175063,0.7261286995092213,-0.14360665592729144,9
5157,US-Ro1,2016-06-20,US-Ro1,Croplands,44.7143,-93.0898,1.6,5.5,2.679223570247921,22.034968541666668,1.2768998209187503,3.7266040166666654,0.1797665857255624,-0.9837092937736096,0.3653076081499236,0.0610788707666479,1.1512117919446307,0.3653076081499236,2,0.30755730965805855,0.4292442137575682,0.3591213010341439,0.0106998385299455,9
5158,US-Ro1,2016-06-21,US-Ro1,Croplands,44.7143,-93.0898,2.3,6.5,2.4869657224063264,21.354149791666668,1.3689485660291665,2.8297111708333342,0.1628070129385171,-0.986657932891657,-0.3560144333189925,0.36078296031015816,0.8503360652024746,-0.3560144333189925,2,-0.7455056720803057,-0.2892796558475057,-0.03325797202916608,-0.1109108011825069,9
5159,US-Ro1,2016-07-06,US-Ro1,Croplands,44.7143,-93.0898,4.0,5.4,6.0364691332517015,22.591484166666664,0.8543925427062503,1.2288138083333335,-0.0945367498171993,-0.9955213724144752,-0.6375599259015446,0.12335015077742496,0.8603300155735946,-0.6375599259015448,2,-0.7029719411344155,-0.7144267748427187,-0.49528106172749964,-0.14594834910006532,9
5160,US-Ro1,2016-07-15,US-Ro1,Croplands,44.7143,-93.0898,4.0,5.1,5.062582247831911,18.77718958333333,0.6060839025249999,1.3447212145833338,-0.2470221804809352,-0.9690098257244064,-0.4211238455953232,0.05347742915832494,0.7064806733890963,-0.42112384559532323,2,-0.4231461319440645,-0.36666395877036295,-0.473561446071542,-0.10098721201699838,9
5161,US-Ro1,2016-07-22,US-Ro1,Croplands,44.7143,-93.0898,5.5,6.1,4.403464235152832,26.56930583333333,1.2484380389708334,0.7731699729166662,-0.3617137307297674,-0.9322892131745134,-0.5786121613336016,0.342141801051751,1.12236958055133,0.5786121613336016,2,-0.8986435510090649,-0.6192103848657823,-0.21798254812595774,-0.05418803471905238,9
5162,US-Ro1,2016-08-07,US-Ro1,Croplands,44.7143,-93.0898,3.3,4.2000003,4.6236094702742365,20.867920833333336,0.7607962694541667,0.6429089958333334,-0.6016240632249227,-0.7987793728863648,-0.434963436793359,0.16497205452946836,0.8942725547428306,-0.434963436793359,2,-0.4526767347072881,-0.5903640801659382,-0.26184949550685077,-0.020415634801069452,9
5163,US-Ro1,2016-08-15,US-Ro1,Croplands,44.7143,-93.0898,4.1,4.1,3.85573715975369,20.469303125,0.610802111385417,0.7715955479166668,-0.7055836101071774,-0.7086266782644601,-0.16649455953304212,0.26132359053490883,0.8347198710428831,0.16649455953304212,2,-0.29863462082297926,-0.3353591413268868,0.1345100835507398,-0.03886908184484539,9
5164,US-Ro1,2016-08-16,US-Ro1,Croplands,44.7143,-93.0898,3.5,4.0,4.309371442123193,20.615804791666665,0.4141530522208333,1.1825248374999997,-0.7176769136759615,-0.6963762255968726,0.3754391316454007,0.27093968773785787,0.6466352008108228,0.3754391316454007,2,0.0646451959979763,0.4997932006824923,0.5618789982557337,-0.03886908184484539,9
5165,US-Ro1,2016-08-23,US-Ro1,Croplands,44.7143,-93.0898,3.7,4.0,3.81631930116073,21.354526041666674,0.5114330361791667,2.9113047291666665,-0.7961828637826154,-0.6050560696488494,0.8729873096125346,0.22806970158881187,0.7846185327236098,-0.6403487072910746,2,0.6401714309553146,1.0959943285178917,0.8827961693643973,-0.1876423982175035,9
5166,US-Ro1,2016-08-31,US-Ro1,Croplands,44.7143,-93.0898,3.4,4.0,2.8539640219463487,17.927312499999996,0.6728649309083332,1.0758095145833335,-0.8717063187093218,-0.4900286664290594,-0.5013029146457239,0.1858940793420613,0.6887908954352413,0.5013029146457239,2,-0.7158915705411188,-0.3985241492530581,-0.3894930241429946,-0.020415634801069452,9
5167,US-Ro1,2016-09-01,US-Ro1,Croplands,44.7143,-93.0898,3.2,3.8,2.8876958791488954,16.82437791666667,0.4914699215916668,0.7835403208333336,-0.8800122039735356,-0.4749510720670502,-0.3870567838540098,0.18209847373460292,0.6846051128899332,0.2375514578481998,2,-0.5967495930410907,-0.29568437153799315,-0.26873638698294583,-0.0130085665622311,9
5168,US-Ro1,2016-09-08,US-Ro1,Croplands,44.7143,-93.0898,3.4,3.9,5.190080263266059,19.4907875,0.5510961178895835,1.6641290583333337,-0.9307239310379792,-0.3657225234972692,-0.28004371614823304,0.2364091917589658,0.6882338208382787,-0.2800437161482332,2,-0.514640800347417,-0.28362719095793254,-0.04186315713934968,-0.03886908184484539,9
5169,US-Ro1,2016-09-16,US-Ro1,Croplands,44.7143,-93.0898,2.1,2.8,2.2935723449626275,18.51723041666666,0.3565131596208334,1.5464814604166668,-0.9721181966290612,-0.2344913895704105,-0.0021647637099932635,0.012412574289058951,0.6396606580781234,-0.0021647637099932726,2,-0.01640783760732739,0.00634354465016046,0.0035700018271871414,-0.033622444286058185,9
5170,US-Ro1,2016-10-02,US-Ro1,Croplands,44.7143,-93.0898,1.3,2.1000001,0.9078136990691988,14.837869541666665,0.5917763936999999,0.6239627395833335,-0.9992500112396836,0.0387222808921739,-0.5145911557569923,0.08476801751210698,0.6815104608463327,0.2697814461046101,2,-0.4953284336398395,-0.4411121838514247,-0.6073328497797128,-0.00755885177116019,9
5171,US-Ro1,2016-10-03,US-Ro1,Croplands,44.7143,-93.0898,1.1,3.0,1.245239852763638,15.99661345833333,0.6859847409187502,1.7419360541666664,-0.9984354211555644,0.055916990100603,-0.35063336080622576,0.04627020990436387,0.4882771535068497,-0.35063336080622576,2,-0.3342293366709901,-0.4028707372838476,-0.3148000084638396,0.0030706158477427034,9
5172,US-Ro1,2016-10-11,US-Ro1,Croplands,44.7143,-93.0898,0.4,2.6000001,0.8039267691651046,15.530654833333337,0.5125296534687501,2.569727797916666,-0.9813064702716092,0.1924515819708299,0.20264656433573114,0.1260087974873678,0.8138112404526779,0.20264656433573114,2,0.1945409698055049,0.0808862400785001,0.33251248312318843,-0.00755885177116019,9
5173,US-Ro1,2016-10-18,US-Ro1,Croplands,44.7143,-93.0898,0.3,2.3,1.4544934696639715,12.717875583333331,0.3984496113312499,2.557038347916667,-0.9510565162951536,0.3090169943749472,0.26438241147399294,0.12739340796704618,0.6728737594628419,0.264382411473993,2,0.12452062853615381,0.29484063330245297,0.37378597258337193,-0.00755885177116019,9
5174,US-Ro1,2016-11-03,US-Ro1,Croplands,44.7143,-93.0898,0.2,1.5,0.7495009617611568,9.95578,0.3704048160541665,1.3661456104166667,-0.8311706263658079,0.5560174366570446,0.18909563212860045,0.06946603953192135,0.5347418558143762,0.18909563212860048,2,0.12529011320924488,0.26309557041090575,0.17890121276565069,0.0030706158477427034,9
5175,US-Ro1,2016-11-04,US-Ro1,Croplands,44.7143,-93.0898,0.5,2.2,0.649458409772658,10.546882333333334,0.4956594318041666,1.4361671333333332,-0.8214765533024145,0.5702422926917867,-0.0490629273277273,0.061107766793972354,0.46707684930752585,-0.049062927327727296,2,-0.11021028401007249,0.012005172480625992,-0.04898367045373542,0.0030706158477427034,9
5176,US-Ro1,2016-11-11,US-Ro1,Croplands,44.7143,-93.0898,0.2,1.0,0.6127626813440805,5.1578375398958345,0.3607624924354165,2.2554916312500013,-0.7469720876965551,0.6648553979642867,0.26725236589182483,0.16991729135341282,0.5848315888460889,0.26725236589182483,2,0.09107274507893853,0.4301248066916373,0.2805595459048987,0.02277402321810951,9
5177,US-Ro1,2016-11-12,US-Ro1,Croplands,44.7143,-93.0898,0.4,1.9,0.8182730191234228,4.798818672916667,0.3154755587541666,3.786612356249999,-0.7354170229639858,0.6776147890466887,0.20738706993012582,0.11985580171926201,0.5891428795826131,0.20738706993012582,2,0.10783129208566156,0.3404229826645096,0.17390693504020632,0.015159528783692732,9
5178,US-Ro2,2016-02-29,US-Ro1,Croplands,44.7288,-93.0888,0.3,1.6,2.6447644733089533,-3.6869428604166674,0.2172552093624999,4.4397745833333335,0.8587639582758029,0.5123714121284237,0.4513701366063238,0.1135027656999845,0.5604910105476337,0.45137013660632386,2,0.3240656974896204,0.5420049923856185,0.4880397199437326,0.015159528783692732,9
5179,US-Ro2,2016-04-01,US-Ro1,Croplands,44.7288,-93.0888,1.2,2.2,3.698652427642958,1.928888202083332,0.31142205526875,4.348165291666665,0.999916658654738,-0.0129102960750088,0.7261597042368502,0.17894874077627712,0.5515414153058118,0.7261597042368502,2,0.7635341604783457,0.8834696759259419,0.5314752763062627,0.0388629745012425,9
5180,US-Ro2,2016-04-10,US-Ro1,Croplands,44.7288,-93.0888,1.4,3.8,1.983790695016352,7.308482145833333,0.6178576842500001,5.156681166666667,0.9859481499638304,-0.1670516255021192,0.5133185867171149,0.07357908200641912,1.0824128326495799,0.5133185867171149,2,0.5416285239589216,0.5685379065533271,0.42978932963909605,0.11303742307701761,9
5181,US-Ro2,2016-05-03,US-Ro1,Croplands,44.7288,-93.0888,4.0,5.4,6.423860457806067,15.347031770833334,1.1050762614708336,3.9938987500000014,0.8452490573530633,-0.5343725582809787,-0.31120910606525126,0.17555275920501873,0.7564707196841141,-0.3112091060652511,2,-0.1940876767032867,-0.5130551980624588,-0.22648444343000815,-0.07801174409520077,9
5182,US-Ro2,2016-05-04,US-Ro1,Croplands,44.7288,-93.0888,4.4,4.8,5.890707983264235,12.43166439583333,0.94574841781875,3.299011593749998,0.835925479418637,-0.548842958284719,-1.2520995166323166,0.02880786888254386,0.689767694988206,-1.2520995166323168,2,-1.2230058602478142,-1.2526798607219303,-1.280612828927205,0.01152959651871653,9
5183,US-Ro2,2016-06-20,US-Ro1,Croplands,44.7288,-93.0888,6.3,5.5,7.210119367276329,21.51926479166666,1.2384180738625,2.9933916624999988,0.1797665857255624,-0.9837092937736096,-0.5944614336663275,0.22344794464516396,0.9931298182520623,-0.5944614336663276,2,-0.4430062062523279,-0.4892886064316908,-0.8510894883149638,-0.3287322137597056,9
5184,US-Ro2,2016-06-21,US-Ro1,Croplands,44.7288,-93.0888,6.2,6.5,7.308945845844255,20.95623645833333,1.3550295433833333,2.327204960416666,0.1628070129385171,-0.986657932891657,-0.49511531627458627,0.2184722794271393,0.7828801185227634,-0.49511531627458627,2,-0.31126497029656447,-0.43744294720186655,-0.7366380313253279,-0.4471829200899877,9
5185,US-Ro2,2016-06-28,US-Ro1,Croplands,44.7288,-93.0888,4.3,4.2000003,3.811670844231104,18.060675416666665,0.8676999832645834,1.18881308125,0.0430222330045305,-0.99907411510223,-0.5270992552549169,0.09052508145176251,0.9013694859398335,0.44955905628287474,2,-0.42407863921568845,-0.5632845877436645,-0.5939345388053974,-0.020415634801069452,9
5186,US-Ro2,2016-07-06,US-Ro1,Croplands,44.7288,-93.0888,4.4,5.4,5.163876237918814,22.8503875,1.0613740658770834,1.2282378979166662,-0.0945367498171993,-0.9955213724144752,-0.5072883292350089,0.16559700122902452,0.8057561206233512,-0.507288329235009,2,-0.6983265952644839,-0.41888625322328776,-0.4046521392172549,-0.14594834910006532,9
5187,US-Ro2,2016-07-15,US-Ro1,Croplands,44.7288,-93.0888,4.1,5.1,4.493066475970706,19.04158333333334,0.7267264889249999,1.3026697479166671,-0.2470221804809352,-0.9690098257244064,-0.4968399918403201,0.07456363062202984,0.6326570975008781,-0.4968399918403201,2,-0.5254820731950605,-0.4122021082781202,-0.5528357940477797,-0.14529185614106965,9
5188,US-Ro2,2016-07-22,US-Ro1,Croplands,44.7288,-93.0888,5.3,6.1,4.290727729392967,26.90678375,1.591702792279167,1.0363056354166666,-0.3617137307297674,-0.9322892131745134,-0.5819051201187432,0.26885716558910405,0.9024662739292927,0.5819051201187432,2,-0.8217536517630815,-0.6326814310081014,-0.2912802775850466,-0.2983457013100179,9
5189,US-Ro2,2016-08-08,US-Ro1,Croplands,44.7288,-93.0888,4.0,4.8,0.2029731022511621,21.538155625,0.8739200477895834,2.4390092604166664,-0.6152845999633277,-0.7883050558305253,-0.01633849683908591,0.2716321827134534,0.8111639399791202,0.01633849683908606,2,-0.32801193346861723,0.10902209376351663,0.16997434918784288,-0.03886908184484539,9
5190,US-Ro2,2016-08-16,US-Ro1,Croplands,44.7288,-93.0888,3.1,4.0,3.259673083464973,21.123948541666664,0.63176575640625,1.7078750854166669,-0.7176769136759615,-0.6963762255968726,0.35357977454161077,0.2877428861152065,0.8169953590347621,-0.034233607611664996,2,0.030504288294563253,0.5822937124783572,0.44794132285191207,-0.03886908184484539,9
5191,US-Ro2,2016-08-23,US-Ro1,Croplands,44.7288,-93.0888,3.9,4.0,3.706436262270847,21.68679833333334,0.6903924400562502,4.189668916666668,-0.7961828637826154,-0.6050560696488494,0.5572200371863486,0.2870673612505534,1.093924344786429,-0.5572200371863486,2,0.8756932949287193,0.47759972556594316,0.31836709106438316,0.00029879907261347663,9
5192,US-Ro2,2016-08-31,US-Ro1,Croplands,44.7288,-93.0888,3.2,4.0,4.166834356314575,18.42727375,0.8336490089729169,1.1955448791666667,-0.8717063187093218,-0.4900286664290594,-0.5968835760531882,0.16494663135026807,0.6622265134007069,-0.5968835760531883,2,-0.7846519606623573,-0.47534677989745444,-0.5306519875997529,-0.020415634801069452,9
5193,US-Ro2,2016-09-01,US-Ro1,Croplands,44.7288,-93.0888,2.9,3.8,3.380893197880336,17.40027666666666,0.6503785651104165,1.1209823583333334,-0.8800122039735356,-0.4749510720670502,-0.504643282409508,0.1092329789369298,0.7401714673611792,-0.504643282409508,2,-0.6293822636928126,-0.42608788435621225,-0.4584596991794992,-0.0130085665622311,9
5194,US-Ro2,2016-09-08,US-Ro1,Croplands,44.7288,-93.0888,3.1,3.9,4.293820613095227,19.816768333333336,0.7091765569479166,2.05669009375,-0.9307239310379792,-0.3657225234972692,-0.2082099655760603,0.20142098111587223,0.5901831761087352,-0.2082099655760603,2,-0.4201955487912812,-0.18508451382775484,-0.01934983410914487,-0.0019109852221527103,9
5195,US-Ro2,2016-09-16,US-Ro1,Croplands,44.7288,-93.0888,2.4,2.8,2.3822618831306124,18.791020416666665,0.4771482839333334,2.02476745,-0.9721181966290612,-0.2344913895704105,0.12879651671703937,0.20634158467361302,0.754402433716168,-0.12879651671703937,2,-0.08654989466893098,0.32476633555575135,0.14817310926429778,-0.004158088312679588,9
5196,US-Ro2,2016-10-02,US-Ro1,Croplands,44.7288,-93.0888,1.8,2.1000001,1.8012264397667714,14.803041541666666,0.60576064608125,0.6108294854166668,-0.9992500112396836,0.0387222808921739,-0.5429094402028222,0.07005388773922398,0.6898834597209177,-0.5429094402028222,2,-0.6237966423968093,-0.5017639998780957,-0.5031676783335617,-0.01964776470711022,9
5197,US-Ro2,2016-10-03,US-Ro1,Croplands,44.7288,-93.0888,2.1,3.0,3.0856412072694748,15.817354729166668,0.6943480124958331,2.44436221875,-0.9984354211555644,0.055916990100603,-0.36132247759464736,0.10809968587954859,0.7056923334197541,-0.3613224775946473,2,-0.34012505183044567,-0.4784507354067133,-0.2653916455467832,-0.00755885177116019,9
5198,US-Ro2,2016-10-11,US-Ro1,Croplands,44.7288,-93.0888,1.7,2.6000001,2.6178465800242963,15.38166329166666,0.5306943495041668,3.3415748125,-0.9813064702716092,0.1924515819708299,0.15626989522928622,0.15305173796625923,0.8225934571141797,0.15626989522928625,2,0.05347156785427648,0.3321648918236307,0.08317322600995153,-0.00755885177116019,9
5199,US-Ro2,2016-10-18,US-Ro1,Croplands,44.7288,-93.0888,1.3,2.3,2.39306921048522,12.959154229166666,0.4457822071770834,2.3509511645833334,-0.9510565162951536,0.3090169943749472,-0.1063979682027567,0.04317105374422172,0.6128582849152361,-0.10639796820275671,2,-0.10541008405993546,-0.1500544860207183,-0.06372933452761631,0.0030706158477427034,9
5200,US-Ro2,2016-11-03,US-Ro1,Croplands,44.7288,-93.0888,0.8,1.5,1.2255913199389696,10.134814458333334,0.4124373434041666,1.2895044270833331,-0.8311706263658079,0.5560174366570446,-0.04389796490644993,0.07848319368839357,0.4712786859433746,-0.04389796490644993,2,-0.04685596058412289,0.03602240841566101,-0.1208603425508879,0.0030706158477427034,9
5201,US-Ro2,2016-11-04,US-Ro1,Croplands,44.7288,-93.0888,1.0,2.2,1.2580202978601662,10.595261375000002,0.5409038612499999,1.3194478958333329,-0.8214765533024145,0.5702422926917867,-0.2528037637473322,0.08445605476288327,0.43454348794368747,-0.25280376374733216,2,-0.3013435562906962,-0.15528264502171074,-0.3017850899295897,0.015159528783692732,9
5202,US-Ro2,2016-11-11,US-Ro1,Croplands,44.7288,-93.0888,0.7,1.0,1.1069113018686398,5.081353252083334,0.3703218270708333,2.0706348104166667,-0.7469720876965551,0.6648553979642867,0.0011326645716412027,0.08484743943602752,0.6146422110553399,0.0011326645716411843,2,-0.09652698455668651,0.05674722774162466,0.04317775052998546,0.015159528783692732,9
5203,US-Ro2,2016-11-12,US-Ro1,Croplands,44.7288,-93.0888,0.8,1.9,1.1341792823509247,5.094007789583333,0.3478104134,3.5862608354166663,-0.7354170229639858,0.6776147890466887,0.0046090954800430866,0.0867864062189851,0.5926543399000234,0.004609095480043068,2,-0.09124903190302436,0.07784220757030952,0.0272341107728441,0.015159528783692732,9
5214,US-Ro4,2016-04-02,US-Ro1,Grasslands,44.6781,-93.0723,0.4,2.4,0.8735940884739307,-0.1335277065416667,0.3309554761083333,4.590569125000001,0.9995462806873572,-0.0301203048469081,1.0377867610504943,0.031582625272264304,0.7303739533752909,-0.09059858410263288,2,1.0090796315685164,1.0716182044430969,1.0326624471398695,-0.03812271915859236,9
5215,US-Ro4,2016-05-04,US-Ro1,Grasslands,44.6781,-93.0723,2.4,4.7000003,0.8488072757927677,12.264193770833332,0.8964979421666669,2.3534193979166664,0.835925479418637,-0.548842958284719,-0.13890762813300228,0.12535625552995175,0.6749036651389071,0.13890762813300217,2,-0.1688772443197632,-0.24656277021779271,-0.0012828698614509304,-0.020415634801069452,9
5216,US-Ro4,2016-09-08,US-Ro1,Grasslands,44.6781,-93.0723,3.1,3.9,2.84649540204543,19.797558750000004,0.5809005479208336,1.4858005895833333,-0.9307239310379792,-0.3657225234972692,-0.3528651309156932,0.24683387182658928,0.7148859800520823,0.1541440649934473,2,-0.5726801207962718,-0.4000817523571865,-0.0858335195936214,-0.03886908184484539,9
5217,US-Ro4,2016-10-11,US-Ro1,Grasslands,44.6781,-93.0723,0.3,2.7,0.5540981364942676,16.040884479166667,0.5611424593083335,2.3778163854166667,-0.9813064702716092,0.1924515819708299,0.2028609589686409,0.18936346005216537,0.801655684592237,0.2028609589686409,2,0.11916279123284756,0.06976867396919029,0.4196514117038849,5.564266325658925e-05,9
5218,US-Ro4,2016-10-18,US-Ro1,Grasslands,44.6781,-93.0723,1.0,2.3,0.9214065003029616,12.325003625,0.3817324890666667,1.692705281250001,-0.9510565162951536,0.3090169943749472,-0.1789831366252895,0.053791974372945466,0.5098222429826016,-0.021796137231212626,2,-0.13723661252089492,-0.16002554002693142,-0.2396872573280422,0.0030706158477427034,9
5219,US-Ro4,2016-11-11,US-Ro1,Grasslands,44.6781,-93.0723,0.6,1.0,0.2093600919273687,4.264355793749999,0.3313614563145834,1.3513946875,-0.7469720876965551,0.6648553979642867,-0.012406093956944106,0.024798539512668086,0.556547517083301,0.012406093956944086,2,-0.016431766748123133,0.01415899347383831,-0.03494550859654749,-0.01090406373120529,9
5220,US-Ro4,2016-11-12,US-Ro1,Grasslands,44.6781,-93.0723,0.4,1.9,0.3927529877589615,4.054492700000001,0.3212554042416667,2.1493954708333343,-0.7354170229639858,0.6776147890466887,0.0024375935110585722,0.13814357796373047,0.5486647413742947,-0.0024375935110585722,2,-0.15089211268031508,0.11719639667852916,0.041008496534961636,0.015159528783692732,9
5221,US-Ro4,2017-02-15,US-Ro1,Grasslands,44.6781,-93.0723,0.4,1.7,0.3837383520277524,-3.293998755833334,0.2019829806104166,1.6286638395833333,0.7116566222817746,0.702527474169157,-0.2952355146681979,0.15265056115706346,0.42579892739670433,-0.2627122187237027,2,-0.39898315467203566,-0.11995377669991864,-0.3667696126326394,0.015159528783692732,9
5222,US-Ro4,2017-03-04,US-Ro1,Grasslands,44.6781,-93.0723,0.8,1.7,0.5603385343523005,0.0817587770833332,0.18377480354375,3.824705270833334,0.8840675099433636,0.4673592171580022,0.27103337014175594,0.17663108012743936,0.5053104683023552,-0.2710333701417559,2,0.15936877152091905,0.4746723050546447,0.17905903384970395,0.02277402321810951,9
5223,US-Ro4,2017-03-27,US-Ro1,Grasslands,44.6781,-93.0723,1.5,2.1000001,0.8408765793891176,5.034464933333334,0.2102355173041666,1.1310355375,0.995918996147179,0.0902516100310411,0.025663518107250594,0.05501463635816242,0.5625706321626862,-0.025663518107250538,2,0.08887324896500137,-0.01141927186371905,-0.00046342277953054234,0.0030706158477427034,9
5224,US-Ro4,2017-04-28,US-Ro1,Grasslands,44.6781,-93.0723,3.0,2.8,0.8871636495006358,4.645271421458332,0.3565454152291665,1.3893560187499998,0.895839290734909,-0.4443781781046132,-0.7484375900603878,0.1180849289257825,0.8475637468185626,0.7484375900603877,2,-0.66512728409856,-0.6966122898448336,-0.88357319623777,-0.00755885177116019,9
5225,US-Ro4,2017-05-06,US-Ro1,Grasslands,44.6781,-93.0723,2.9,4.3,0.636910273189395,13.772825270833335,0.8402795227166667,1.5147833604166667,0.8263541987239096,-0.5631507242749186,-0.3922046222964715,0.08835388259844805,0.5343707503219799,0.39220462229647146,2,-0.4868580764557146,-0.31190895101153165,-0.3778468394221684,0.0023027457537834807,9
5226,US-Ro4,2017-05-07,US-Ro1,Grasslands,44.6781,-93.0723,2.9,4.0,0.703806246821668,12.83628525,0.8619842671500001,1.6581310770833335,0.8165380514459161,-0.5772916165517272,-0.3345844102727104,0.10931171247146412,0.6064954832355258,0.33458441027271046,2,-0.3905225071525224,-0.20862430371247068,-0.4046064199531381,0.0023027457537834807,9
5227,US-Ro4,2017-05-14,US-Ro1,Grasslands,44.6781,-93.0723,3.4,6.3,1.0032150276587335,21.714624999999995,1.4682160923229164,2.1618297166666665,0.741222010848596,-0.6712599575675313,-0.3622679247637656,0.17212846737809223,0.7694970808308991,0.3622679247637657,2,-0.5602967931798887,-0.24853497373832972,-0.2779720073730785,-0.092457354138731,9
5228,US-Ro4,2017-06-08,US-Ro1,Grasslands,44.6781,-93.0723,4.8,6.1,2.1925219324101364,22.941342083333332,1.4551080679020834,1.964618016666667,0.3935902766564667,-0.9192859697186104,-0.3450736887025329,0.28617284844008595,0.7686675408667649,0.34507368870253297,2,-0.5687240325315545,-0.022582212023395054,-0.44391482155264916,-0.11286616082370915,9
5229,US-Ro4,2017-06-15,US-Ro1,Grasslands,44.6781,-93.0723,4.6,6.9,4.553303571733436,21.885470625,1.2597534112750002,2.318737639583333,0.2802306751992158,-0.9599326896597448,-0.29095308253059665,0.3662191660838949,0.6860446925370896,-0.19756022599746986,2,-0.38619792925758406,0.11347852230970251,-0.6001398406439085,-0.12731177086723938,9
5230,US-Ro4,2017-09-19,US-Ro1,Grasslands,44.6781,-93.0723,1.4,4.0,2.3107103970744607,20.021471875,0.6139349274875,2.648395691666667,-0.97961369164549,-0.2008905551306352,-0.11211428343681322,0.18265065646004228,0.6811399709205151,-0.11211428343681318,2,-0.12406254819883028,-0.288497469340997,0.07621716722938765,-0.020415634801069452,9
5231,US-Ro4,2017-11-23,US-Ro1,Grasslands,44.6781,-93.0723,0.4,1.1,0.1581443997261435,0.2192966020833329,0.2631630695625,1.1490574604166668,-0.6084768701151264,0.7935716089521472,-0.19281213153556132,0.07063949716158757,0.49898110998337397,0.19281213153556132,2,-0.27422247924891785,-0.15648931128564825,-0.14772460407211788,0.0030706158477427034,9
5232,US-Ro4,2017-11-30,US-Ro1,Grasslands,44.6781,-93.0723,0.5,1.4,0.0762694812651081,2.61360230625,0.2835902441000001,3.261626531250001,-0.5086709438521042,0.8609610158889945,0.07749476794833283,0.027930831518269607,0.5000540350147703,-0.07749476794833288,2,0.049045488431037065,0.10487654343296776,0.07856227198099369,-0.01090406373120529,9
5233,US-Ro4,2018-05-17,US-Ro1,Grasslands,44.6781,-93.0723,2.8,6.1,1.9228123241159143,21.84030833333334,1.3949931096895831,2.545443458333334,0.705583610107178,-0.7086266782644596,-0.15322882156164655,0.1699541728656363,0.8338281728062172,0.15322882156164652,2,-0.33889796227846,-0.11543649419489743,-0.005352008211582215,-0.07801174409520077,9
5234,US-Ro4,2018-05-26,US-Ro1,Grasslands,44.6781,-93.0723,2.5,6.4,3.3455564187735667,25.40500041666667,1.6618158458458332,1.8319632729166668,0.5877852522924732,-0.8090169943749473,-0.8437439423406675,0.42216527353422195,0.7668989901436097,-0.8437439423406676,2,-1.2200257763667741,-0.923991743821307,-0.3872143068339215,0.9507383715127725,9
5235,US-Ro4,2018-07-05,US-Ro1,Grasslands,44.6781,-93.0723,5.8,5.3,5.654584619086888,23.054360208333332,0.9612435836187502,1.6062142541666666,-0.0602132773657927,-0.9981855344718586,-0.20340192749352717,0.11791542701164509,0.9977843358848839,0.08742883433269596,2,-0.32405762514411585,-0.08843252034788568,-0.19771563698857997,-0.13288616566947736,9
5236,US-Ro4,2018-07-21,US-Ro1,Grasslands,44.6781,-93.0723,4.3,4.8,4.9200511254596515,21.72102354166667,0.6994617152604167,1.5144006583333336,-0.3294084822245302,-0.9441875088341994,-0.04774734792694504,0.2018700868326676,0.7671261295623679,-0.047747347926945016,2,-0.2787979131569614,0.04107102195004303,0.09448484742608326,-0.024629365777005637,9
5237,US-Ro4,2018-10-16,US-Ro1,Grasslands,44.6781,-93.0723,0.7,2.4,0.5874591597144554,7.743386750000003,0.5246136744895834,2.5930517833333337,-0.965739937654855,0.2595117970697994,-0.007788049346300572,0.22250193138877247,0.6162051621844318,0.007788049346300577,2,-0.24820475771513764,0.19088663025580382,0.0339539794204321,0.013985893749949798,9
5238,US-Ro4,2018-10-17,US-Ro1,Grasslands,44.6781,-93.0723,0.7,1.7,0.445886129893963,3.309230467916666,0.3199995215958334,1.7195400854166667,-0.9611297838723007,0.2760969730974688,-0.10436567442857834,0.18600637743708673,0.604784235812205,0.10436567442857836,2,-0.29903205664121885,0.07156218681795934,-0.08562715346247551,0.02277402321810951,9
5239,US-Ro4,2018-11-02,US-Ro1,Grasslands,44.6781,-93.0723,0.3,1.0,0.2733090749318896,3.6031982684791664,0.2738147657229166,0.8684124250000003,-0.8498170915275277,0.5270777086423724,0.04377616590072603,0.07214888077784196,0.6271926678602394,-0.04377616590072603,2,-0.018908552398392786,0.1226414728367532,0.027595577263817672,-0.01964776470711022,9
5257,US-Ro5,2017-03-04,US-Ro1,Croplands,44.691,-93.0576,0.8,1.7,0.99484026712851,-0.2802950625000006,0.1673162923291666,4.054844354166667,0.8840675099433636,0.4673592171580022,0.3038347730070497,0.20475098454793708,0.498724314013836,0.08584576124997029,2,0.17755462993870647,0.5400729663488499,0.19387672273359263,0.01856029224217332,9
5258,US-Ro5,2017-03-27,US-Ro1,Croplands,44.691,-93.0576,1.4,2.1000001,1.6061149420339933,5.227620770833332,0.1980502793583333,1.5244213062500005,0.995918996147179,0.0902516100310411,0.20956473667785738,0.10370017554778832,0.46775175363254784,0.2026651473901294,2,0.3271515623807189,0.17036035709725855,0.13118229055559466,0.015159528783692732,9
5259,US-Ro5,2017-03-28,US-Ro1,Croplands,44.691,-93.0576,0.6,3.0,1.7463212081968569,7.734028961875001,0.4772706893708335,0.83555679375,0.9973249731081556,0.0730951298980777,0.5696022983958876,0.1776355627156769,0.7740364718836907,0.5696022983958876,2,0.37510448650871103,0.6104389359961402,0.7232634726828118,5.564266325658925e-05,9
5260,US-Ro5,2017-04-21,US-Ro1,Croplands,44.691,-93.0576,0.8,3.4,3.2283975684108532,8.801338875,0.4973705690416665,1.7004532416666671,0.9427611433904208,-0.3334687789181868,0.9771425224231217,0.1256818701376962,0.7664411532412532,0.9771425224231218,2,0.8512047764694235,0.9776558464920868,1.1025669443078545,-0.00669694648291317,9
5261,US-Ro5,2017-04-28,US-Ro1,Croplands,44.691,-93.0576,1.8,2.8,2.8001073618330663,4.699767088333333,0.3533242090937499,2.2773920479166674,0.895839290734909,-0.4443781781046132,0.42014335647712064,0.20141808611660958,0.7771356658568414,0.42014335647712064,2,0.6518207780103391,0.3220084497838593,0.28660084163716343,-0.004158088312679588,9
5262,US-Ro5,2017-05-06,US-Ro1,Croplands,44.691,-93.0576,1.8,4.3,1.3655451399382186,13.397291187500002,0.8248059059666666,2.5175294125000005,0.8263541987239096,-0.5631507242749186,0.5694122938070354,0.11608961167637637,0.7564427175254678,-0.5694122938070354,2,0.5441191729956498,0.46805450574791146,0.6960632026775448,-0.020415634801069452,9
5263,US-Ro5,2017-05-07,US-Ro1,Croplands,44.691,-93.0576,1.8,4.0,1.3134704755126767,12.464373145833337,0.8478183531458333,1.5423560729166663,0.8165380514459161,-0.5772916165517272,0.35666073607738674,0.14431873045322258,0.7507275715071355,-0.3566607360773868,2,0.391278734472194,0.4805221714616715,0.19818130229829473,-0.020415634801069452,9
5264,US-Ro5,2017-05-14,US-Ro1,Croplands,44.691,-93.0576,1.3,6.3,1.207142719645403,21.247079791666668,1.4086495270437498,2.3239923687500004,0.741222010848596,-0.6712599575675313,0.43874067908422054,0.24700335362365042,0.7536373810257537,-0.43874067908422054,2,0.26144309842576036,0.33390863671723064,0.7208703021096707,-0.1109108011825069,9
5265,US-Ro5,2017-05-22,US-Ro1,Croplands,44.691,-93.0576,2.7,4.4,4.4823899804648475,12.5087235625,0.5586256957125001,2.5498922604166663,0.6420547132365637,-0.766658819300159,-0.006500134328361255,0.07935001550935475,0.8071096338519975,-0.006500134328361273,2,0.020470439437062005,-0.09581988616209458,0.05584904373994881,-0.05787812378829107,9
5266,US-Ro5,2017-05-31,US-Ro1,Croplands,44.691,-93.0576,2.0,5.6,1.9179025791536624,15.953928624999998,1.092568654085417,3.29149435,0.5160623910158528,-0.8565509959010036,0.2145064052661876,0.09474407556962927,0.7998361871810198,-0.21450640526618758,2,0.11586019885816934,0.3047945463259539,0.22286447061443965,-0.07801174409520077,9
5267,US-Ro5,2017-06-07,US-Ro1,Croplands,44.691,-93.0576,1.3,6.2000003,0.9406964667895692,22.14008708333333,1.7981412787541668,2.3063657562499995,0.4093559588156213,-0.9123747579707272,0.19571262552503352,0.10165261968734111,0.8127361244935019,-0.19571262552503355,2,0.11442394740332795,0.1630264239072678,0.3096875052645048,-0.07801174409520077,9
5268,US-Ro5,2017-06-08,US-Ro1,Croplands,44.691,-93.0576,3.7,6.1,0.7006696503874931,22.948713125,1.509438892177083,2.86515311875,0.3935902766564667,-0.9192859697186104,-0.4224770903512489,0.1889213012847617,0.9910264555361092,0.4224770903512489,2,-0.6286543573329312,-0.2576676417807218,-0.3811092719400938,0.005079173593085875,9
5269,US-Ro5,2017-06-15,US-Ro1,Croplands,44.691,-93.0576,4.2,6.9,5.746095064886098,22.8609025,1.3670788005083332,2.7241772187500004,0.2802306751992158,-0.9599326896597448,-0.3878063207746149,0.23682391248136245,0.7944553431871995,-0.38780632077461497,2,-0.5262426957239442,-0.11435274681869775,-0.5228235197812026,-0.1109108011825069,9
5270,US-Ro5,2017-07-02,US-Ro1,Croplands,44.691,-93.0576,2.6,4.4,3.3829857809056008,20.23758645833333,0.9876079186645832,1.657999297916666,-0.008606996888688,-0.9999629591162656,-0.5645118442635099,0.10873483675576075,0.8657464200683938,-0.5645118442635098,2,-0.44247646791146,-0.5999602165851344,-0.6510988482939353,-0.020415634801069452,9
5271,US-Ro5,2017-07-17,US-Ro1,Croplands,44.691,-93.0576,4.9,6.5,5.2517382799631696,23.75713083333333,0.7777400654750001,2.838704760416667,-0.2636654927280072,-0.9646141756912436,-0.3418330678383752,0.221636966911969,0.7913745094692693,-0.3418330678383752,2,-0.46099157838117544,-0.08610620966076249,-0.47840141547318765,-0.13472304599090462,9
5272,US-Ro5,2017-08-11,US-Ro1,Croplands,44.691,-93.0576,3.2,4.1,4.8399323558622465,17.797787708333335,0.5443327944624997,1.35836084375,-0.6420547132365636,-0.7666588193001592,-0.006293786727515664,0.12052998797416933,0.6605457414701917,-0.006293786727515682,2,-0.12606098816217576,0.11498477385164318,-0.0078051458720144185,-0.020415634801069452,9
5273,US-Ro5,2017-08-19,US-Ro1,Croplands,44.691,-93.0576,3.6,4.1,5.2426075003708865,18.831563125,0.45108827600625,1.3638187562499997,-0.7412220108485957,-0.6712599575675315,0.16258754248956192,0.263856397790146,0.6409574662832084,0.16258754248956198,2,-0.1403247412605822,0.3423864068828731,0.2857009618463949,-0.03886908184484539,9
5274,US-Ro5,2017-09-03,US-Ro1,Croplands,44.691,-93.0576,3.7,4.6,5.370619965955309,20.27301270833333,0.6995812524270831,1.9875030291666669,-0.888057322629493,-0.4597327394521046,-0.20916708022638764,0.31433777731398654,0.7414024666421638,-0.20916708022638764,2,-0.5721330808765008,-0.0276891537486052,-0.027679006054056876,-0.03886908184484539,9
5275,US-Ro5,2017-09-04,US-Ro1,Croplands,44.691,-93.0576,2.6,3.6000001000000004,5.473285996222922,16.863672291666663,0.5767488887687501,2.7941558875,-0.8958392907349089,-0.4443781781046134,0.24602621464466248,0.18667029268020152,0.7038068304345261,0.24602621464466257,2,0.08786387536571605,0.45193129368086843,0.1982834748874029,5.564266325658925e-05,9
5276,US-Ro5,2017-09-11,US-Ro1,Croplands,44.691,-93.0576,3.3,4.2000003,3.270069113633665,19.310859166666663,0.6548203209020833,1.823899325,-0.9427611433904206,-0.333468778918187,-0.4321572743087257,0.21749016974562255,0.622178545861918,-0.3722955015760561,2,-0.6736817259386079,-0.37098891046499116,-0.25180118652257794,-0.029203764269229156,9
5277,US-Ro5,2017-09-12,US-Ro1,Croplands,44.691,-93.0576,2.8,3.9,2.879269375436524,20.398495000000004,0.5670985317437499,0.9539768020833334,-0.9483615800121716,-0.3171912885891059,-0.6294686578953508,0.13730836643580746,0.7757328095343363,-0.6294686578953508,2,-0.6870093517527989,-0.7286451315839151,-0.47275149034933844,-0.020415634801069452,9
5278,US-Ro5,2017-09-27,US-Ro1,Croplands,44.691,-93.0576,1.1,2.9,1.0242043486278374,11.64657945833333,0.3933919269291665,1.4991871937499994,-0.9979171608653922,-0.0645084494493162,-0.3898175792702459,0.12355165982286921,0.6991416806376496,-0.2382262765259205,2,-0.4659954133767346,-0.24726471705830477,-0.45619260737569833,-0.00755885177116019,9
5279,US-Ro5,2017-11-07,US-Ro1,Croplands,44.691,-93.0576,0.3,0.90000004,0.5728199024729803,-1.7555933729166668,0.1686126103458334,2.20127236875,-0.8013610881746769,0.5981809144059159,0.09932575118402824,0.1098475683130825,0.48358657252728643,0.09932575118402825,2,-0.007224181185112588,0.21219788339514695,0.09300355134205035,0.015159528783692732,9
5280,US-Ro5,2017-11-23,US-Ro1,Croplands,44.691,-93.0576,0.1,1.1,0.3336530474145098,0.6353234187499995,0.2724637854395833,1.8372740520833333,-0.6084768701151264,0.7935716089521472,0.12405160576202706,0.14490903960132664,0.5516256806865589,0.12405160576202706,2,-0.04302123539770325,0.21556480942095985,0.1996112432628246,0.015159528783692732,9
5281,US-Ro5,2017-11-30,US-Ro1,Croplands,44.691,-93.0576,0.2,1.4,0.4062521346945097,3.578706268749998,0.3129339802145833,3.6198520958333336,-0.5086709438521042,0.8609610158889945,0.2653139269439548,0.08307322140905683,0.5928834022404097,0.14719034244506463,2,0.181570690551542,0.3477005162517334,0.2666705740285889,0.015159528783692732,9
5282,US-Ro6,2017-03-04,US-Ro1,Croplands,44.6946,-93.05776,1.0,1.7,1.1697043950769577,-0.5990491443749993,0.1581454342562499,4.435744645833334,0.8840675099433636,0.4673592171580022,0.18955122934124854,0.21458428732807033,0.538696293659746,0.1498575608126668,2,0.1280575832007076,0.4281689618273204,0.012427142995717622,0.01856029224217332,9
5283,US-Ro6,2017-03-27,US-Ro1,Croplands,44.6946,-93.05776,1.5,2.1000001,1.7387811177720065,5.177200312499999,0.2132018257208333,1.4886990166666674,0.995918996147179,0.0902516100310411,0.14216774212309322,0.10969862090674827,0.49774649929939585,0.14216774212309322,2,0.2687849067370211,0.08199884892328363,0.07571947070897489,0.015159528783692732,9
5284,US-Ro6,2017-03-28,US-Ro1,Croplands,44.6946,-93.05776,1.1,3.0,1.9673774147142764,7.499975196458334,0.48865481904375,0.8454219875000003,0.9973249731081556,0.0730951298980777,0.16442230879834277,0.08072864354181991,0.7048320935544015,0.16442230879834274,2,0.07129643234624777,0.2074086230052799,0.2145618710435006,-0.01964776470711022,9
5285,US-Ro6,2017-04-21,US-Ro1,Croplands,44.6946,-93.05776,2.2,3.4,3.301582633440719,8.740674954166666,0.4982933183249999,1.751655760416667,0.9427611433904208,-0.3334687789181868,0.02912751571863074,0.08531181937216586,0.5761078531490261,0.029127515718630814,2,0.12538503101846615,-0.037138898500301554,-0.0008635853622723788,0.015159528783692732,9
5286,US-Ro6,2017-04-28,US-Ro1,Croplands,44.6946,-93.05776,1.9,2.8,3.323366686311044,4.746414040833333,0.3619012167479167,2.3110992833333333,0.895839290734909,-0.4443781781046132,0.3518096542061288,0.21517582554663292,0.7765692579478147,0.35180965420612886,2,0.5948831324089199,0.2748498042455532,0.18569602596391338,-0.004158088312679588,9
5287,US-Ro6,2017-05-06,US-Ro1,Croplands,44.6946,-93.05776,1.8,4.3,1.7045679776020148,13.637439166666669,0.8778727065291667,2.568213227083333,0.8263541987239096,-0.5631507242749186,0.608965288343507,0.09493904534370402,0.7680194923313775,-0.608965288343507,2,0.6215504241513494,0.5083613579306203,0.6969840829485514,-0.020415634801069452,9
5288,US-Ro6,2017-05-07,US-Ro1,Croplands,44.6946,-93.05776,1.7,4.0,1.3546341043774583,12.623056625000002,0.8911496858958335,1.6374000625,0.8165380514459161,-0.5772916165517272,0.45539124736458025,0.1125412994226577,0.7453988162742564,-0.45539124736458025,2,0.44995951749629887,0.5705500592038906,0.3456641653935512,-0.020415634801069452,9
5289,US-Ro6,2017-05-14,US-Ro1,Croplands,44.6946,-93.05776,1.4,6.3,1.9462548726507571,21.417481458333334,1.5171325221229164,2.341088125,0.741222010848596,-0.6712599575675313,0.4230399707281172,0.20658497159264222,0.7255067614692745,0.4230399707281172,2,0.2630477871141214,0.3498067364426472,0.6562653886275831,-0.0966710851146672,9
5290,US-Ro6,2017-05-22,US-Ro1,Croplands,44.6946,-93.05776,2.9,4.4,5.022124431303441,12.6607583125,0.5850493747395833,2.5998478958333333,0.6420547132365637,-0.766658819300159,-0.11951919469312294,0.0532246561626892,0.7999614989856472,-0.11951919469312289,2,-0.09931152865088355,-0.1798883407887723,-0.07935771463971297,-0.05787812378829107,9
5291,US-Ro6,2017-05-31,US-Ro1,Croplands,44.6946,-93.05776,3.1,5.6,4.2980822501400215,15.928182645833331,1.1018530353895832,3.3653890541666667,0.5160623910158528,-0.8565509959010036,-0.2695083109488867,0.2015954264115893,0.8393339028706359,-0.2695083109488867,2,-0.2965880503592936,-0.4561951420984116,-0.05574174038895496,-0.08222547507113696,9
5292,US-Ro6,2017-06-07,US-Ro1,Croplands,44.6946,-93.05776,5.4,6.2000003,6.24218526662781,21.987457083333336,1.7682887721895832,2.3173780124999994,0.4093559588156213,-0.9123747579707272,-0.6289171079146153,0.029748467525691557,0.8674590681084069,-0.6289171079146154,2,-0.6259746627935898,-0.6007492037562208,-0.6600274571940352,-0.44785373201701156,9
5293,US-Ro6,2017-06-08,US-Ro1,Croplands,44.6946,-93.05776,5.1,6.1,6.383796829550454,22.678162708333332,1.4995138149416667,2.5641491833333325,0.3935902766564667,-0.9192859697186104,-0.38131499798184015,0.16693513030073878,0.8755816193940016,-0.3813149979818402,2,-0.4943355833033589,-0.18957490757402126,-0.4600345030681401,-0.11148930647921461,9
5294,US-Ro6,2017-06-15,US-Ro1,Croplands,44.6946,-93.05776,6.6,6.9,8.24049445124243,22.34164354166666,1.365236818222917,2.5768539166666677,0.2802306751992158,-0.9599326896597448,-0.3200733091534757,0.2915489166625844,0.9038503506056281,-0.32007330915347576,2,-0.1920453605658348,-0.11444417841314758,-0.6537303884814447,-0.26557658806759915,9
5295,US-Ro6,2017-07-02,US-Ro1,Croplands,44.6946,-93.05776,3.7,4.4,5.427168821739284,20.239156249999994,1.0216098677979168,1.4750258125,-0.008606996888688,-0.9999629591162656,-0.38767731474715544,0.007206256019779008,0.8204512419953238,-0.3876773147471555,2,-0.3866474959845356,-0.381041368878237,-0.3953430793786937,-0.07185280336723905,9
5296,US-Ro6,2017-07-17,US-Ro1,Croplands,44.6946,-93.05776,5.1,6.5,2.487593320990691,24.01607395833333,0.96326807205625,2.795079277083333,-0.2636654927280072,-0.9646141756912436,-0.22381650116663632,0.12303095427888394,0.8378571850066502,0.22381650116663643,2,-0.24621060880558374,-0.09112667526559282,-0.33411221942873237,-0.12593491652274486,9
5297,US-Ro6,2017-09-03,US-Ro1,Croplands,44.6946,-93.05776,2.0,4.6,0.9438804273154616,20.84631437500001,0.9246060121041668,2.8493771708333338,-0.888057322629493,-0.4597327394521046,-0.1015146818858042,0.24208403043446794,0.8111835634072359,0.10151468188580415,2,-0.08623272434657758,-0.35087765825125766,0.13256633694042264,-0.03886908184484539,9
5298,US-Ro6,2017-09-04,US-Ro1,Croplands,44.6946,-93.05776,0.8,3.6000001000000004,1.2287560441371057,17.370091875000004,0.7392394039770833,3.5259712125,-0.8958392907349089,-0.4443781781046134,0.6013837025158796,0.1668859394953267,1.1144041705733858,0.25612838575833174,2,0.49511351438011447,0.5153034880274483,0.7937341051400759,0.11869043990045297,9
5299,US-Ro6,2017-09-11,US-Ro1,Croplands,44.6946,-93.05776,1.7,4.2000003,0.9861056161029416,19.576670416666673,0.7945173952979167,2.635313824999999,-0.9427611433904206,-0.333468778918187,-0.156260361382691,0.2440082069986789,0.6892876012438763,0.15626036138269095,2,-0.20239479526487916,-0.3739081535093483,0.10752186462615448,-0.03886908184484539,9
5300,US-Ro6,2017-09-12,US-Ro1,Croplands,44.6946,-93.05776,3.0,3.9,0.3730266439665271,20.597468958333337,0.7076136340604164,1.302403604166667,-0.9483615800121716,-0.3171912885891059,-0.5131774021459612,0.14875358528044927,0.6936333671938684,0.5131774021459612,2,-0.6094254346846057,-0.5882599859763005,-0.34184678577697747,-0.020415634801069452,9
5301,US-Ro6,2017-09-27,US-Ro1,Croplands,44.6946,-93.05776,2.0,2.9,2.420700574988475,11.621468041666668,0.411028264,1.8431884833333336,-0.9979171608653922,-0.0645084494493162,-0.4496907229796407,0.08551219651131585,0.6932910468037472,-0.44969072297964074,2,-0.4098780412350741,-0.39134395828147855,-0.5478501694223695,-0.00755885177116019,9
5302,US-Ro6,2017-11-07,US-Ro1,Croplands,44.6946,-93.05776,0.6,0.90000004,0.8273965755515668,-1.9040211062499997,0.1658636865958333,2.0221964208333336,-0.8013610881746769,0.5981809144059159,-0.13914790579090605,0.044942646814762954,0.4795823976656415,-0.13914790579090608,2,-0.1692757322986231,-0.08749059073894738,-0.16067739433514766,0.0030706158477427034,9
5303,US-Ro6,2017-11-23,US-Ro1,Croplands,44.6946,-93.05776,0.5,1.1,0.2976642762047816,0.5125283437500007,0.2782659722437499,1.9107474041666668,-0.6084768701151264,0.7935716089521472,-0.13166488385823724,0.049953118693677065,0.5419684110814444,0.13166488385823724,2,-0.1816187327489433,-0.1316634234321566,-0.08171249539361186,0.0030706158477427034,9
5304,US-Ro6,2017-11-30,US-Ro1,Croplands,44.6946,-93.05776,0.5,1.4,0.4260880905141568,3.5270007666666663,0.3197383549354166,3.720146795833333,-0.5086709438521042,0.8609610158889945,0.12207025952369606,0.06846993308669112,0.5635441826218364,-0.12207025952369605,2,0.045744556563662275,0.17809149944272046,0.14237472256470546,0.0030706158477427034,9
5827,US-SRS,2016-01-03,US-SRS,Shrublands,31.817294,-110.850801,0.3,2.5,0.4865844494842722,14.784814583333334,0.9521436236770834,4.2085349375000005,0.0516196672232537,0.998666816288476,0.3312264476370719,0.2076791825705162,1.2399532488761869,0.04194245133147256,2,0.13675809334260008,0.5499809410143837,0.306940308554232,-0.049040605178983336,9
5828,US-SRS,2016-01-11,US-SRS,Shrublands,31.817294,-110.850801,0.7,1.6,0.8318321976989685,5.863511875,0.3294782291833333,2.1378000208333336,0.1882267098432442,0.9821256058680006,-0.1421568458917168,0.03540444439997703,0.534554005506479,-0.1421568458917168,2,-0.1829483619022125,-0.11941292915138135,-0.12410924662155648,-0.01090406373120529,9
5829,US-SRS,2016-01-12,US-SRS,Shrublands,31.817294,-110.850801,0.4,2.6000001,0.9682307682914112,9.3888275,0.7504932607041667,1.8369385833333336,0.2051044998686192,0.9787400799669153,-0.09360727928028066,0.16813700224811315,0.7345463761507769,-0.09360727928028068,2,-0.2845202846896917,0.032414232816565525,-0.02871578596771579,5.564266325658925e-05,9
5830,US-SRS,2016-01-19,US-SRS,Shrublands,31.817294,-110.850801,0.4,2.6000001,0.6415982865063387,12.904798333333332,1.0333829862,1.932720104166668,0.3212696616923644,0.9469877530760752,0.012718408572639487,0.060114077515604915,0.7946386783025308,0.012718408572639478,2,-0.05613460816137844,0.05477045826606858,0.039519375613228325,-0.01964776470711022,9
5831,US-SRS,2016-01-27,US-SRS,Shrublands,31.817294,-110.850801,0.5,3.0,0.5479736341115066,12.296772083333323,1.1372687985791663,2.3869674166666663,0.4482293417404106,0.893918596519257,0.12081092028024043,0.03503149497306856,0.9982164237184392,-0.024863652057227292,2,0.08058788305628928,0.14463540231899624,0.13720947546543577,0.08695320492754115,9
5832,US-SRS,2016-03-23,US-SRS,Shrublands,31.817294,-110.850801,1.0,5.4,0.9319000475170418,12.988441458333336,1.193671778122917,2.639232,0.989932495087353,0.141540295217043,0.5270511243593751,0.2989392920312218,0.8934186095720694,-0.5270511243593751,2,0.7867559560625315,0.20027295952444385,0.5941244574911497,-0.1811707437269472,9
5833,US-SRS,2016-04-16,US-SRS,Shrublands,31.817294,-110.850801,1.5,6.0,1.332178379249157,13.809251250000004,1.21237226766875,2.5133302916666667,0.9634705485641488,-0.2678143051621742,0.3113478688363083,0.2152197246888273,0.8190054346907546,-0.3113478688363083,2,0.3335678770095321,0.08588014195268345,0.5145955875467092,-0.08222547507113696,9
5834,US-SRS,2016-04-24,US-SRS,Shrublands,31.817294,-110.850801,1.3,7.1,1.570904300879518,20.45381458333333,1.7827153945395835,2.949964083333333,0.9175836260593936,-0.3975428142825559,0.796180138574587,0.12131767832810726,0.8910995340582348,-0.254371536815551,2,0.9165853207989008,0.6739701031910408,0.7979849917338193,-0.34735106143673805,9
5835,US-SRS,2016-05-10,US-SRS,Shrublands,31.817294,-110.850801,1.6,6.8,1.0992885780894446,21.54899791666667,2.12307332368125,2.3847334375,0.7748840413670407,-0.6321034111873487,0.3535467928896095,0.13342724958005267,0.757256241011874,-0.35354679288960944,2,0.39884844145396076,0.4584249904358462,0.2033669467790215,-0.092457354138731,9
5836,US-SRS,2016-05-18,US-SRS,Shrublands,31.817294,-110.850801,2.1,6.2000003,2.038083405311561,19.45108854166666,1.2586000684562502,2.0186705833333334,0.6807734094770161,-0.7324940716135789,-0.41224060131022017,0.2294255661898679,0.6320659813250172,-0.28840741193334213,2,-0.6510550231478148,-0.3921402097107576,-0.19352657107208812,-0.0964651911389767,9
5837,US-SRS,2016-05-26,US-SRS,Shrublands,31.817294,-110.850801,1.6,6.8,0.7975938340662828,18.453652083333328,1.74982948739375,2.3108802291666666,0.5737722679043246,-0.8190148866680801,0.18076093972790663,0.2774334011079668,0.6645579263890915,-0.18076093972790663,2,0.01745718754434461,0.501092947884364,0.02373268375501142,-0.1109108011825069,9
5838,US-SRS,2016-06-03,US-SRS,Shrublands,31.817294,-110.850801,1.9,10.2,0.7369772100738241,29.519250000000003,3.871826784770833,2.5508575416666672,0.4559066935084588,-0.8900275764346767,-0.6884690182772927,0.2967419129190547,1.6129036997584927,0.6884690182772927,2,-0.9379921421788819,-0.36033729907216056,-0.7670776135808356,-0.19600073898708503,9
5839,US-SRS,2016-07-05,US-SRS,Shrublands,31.817294,-110.850801,2.4,7.7000003,3.223160505105608,31.941812500000008,3.3472326239583325,2.2858515625000004,-0.0773864792334632,-0.9970011699250152,-1.3565226074803665,0.2780189174067151,0.9059955846761826,-1.3565226074803665,2,-1.665246803168965,-1.2783940106925118,-1.1259270085796231,-0.5801327537064619,9
5840,US-SRS,2016-07-13,US-SRS,Shrublands,31.817294,-110.850801,1.4,7.9,1.3227559008396272,32.319940625,3.167763749895832,1.9015849583333329,-0.2135209154397959,-0.9769384927771816,-0.8469371655006505,0.1398341916669717,0.5490706552438376,-0.6924489671799051,2,-1.0011056488747716,-0.8114180559527744,-0.7282877916744053,-0.2693878305618353,9
5841,US-SRS,2016-07-21,US-SRS,Shrublands,31.817294,-110.850801,2.4,6.2000003,2.230667210519224,31.96817291666667,2.867354373833334,2.2440421458333333,-0.3456123126707333,-0.9383773917408642,-1.3426135850659415,0.3445622674962373,1.198063185503671,-1.0039480061043893,2,-1.5911245013482522,-1.4874397122266114,-0.9492765416229612,-0.25490501141590277,9
5842,US-SRS,2016-07-29,US-SRS,Shrublands,31.817294,-110.850801,1.8,6.4,2.9183197405246664,30.027268750000005,1.8886114921479171,2.057583708333333,-0.4711595076738639,-0.8820480249558535,-0.9570749512892762,0.245795878152816,0.8790479055269163,-0.957074951289276,2,-1.163002458038736,-1.0232590923438813,-0.6849633034852116,-0.290241644797638,9
5843,US-SRS,2016-08-06,US-SRS,Shrublands,31.817294,-110.850801,3.4,5.4,5.004684641246313,29.85741875,1.8600423490062497,2.1687625833333324,-0.5877852522924734,-0.8090169943749472,-0.8435310787065035,0.21066017328516123,1.0419690712692544,-0.8435310787065036,2,-0.6847625416016828,-1.0825152292379758,-0.7633154652798515,-0.13083724355463527,9
5844,US-SRS,2016-08-14,US-SRS,Shrublands,31.817294,-110.850801,2.9,5.4,3.83335484248364,29.13012291666667,2.3583780037666666,2.8797396041666667,-0.6932812268869771,-0.7206671495538615,-1.0864366874655724,0.3964626936830957,1.2303068284550402,-1.0864366874655724,2,-0.837855142840302,-1.5436509933955267,-0.8778039261608883,0.13625745477393908,9
5845,US-SRS,2016-08-22,US-SRS,Shrublands,31.817294,-110.850801,3.8,5.5,4.427451919444742,26.50857812500001,1.73650481273125,2.097334291666667,-0.7856498550787144,-0.6186714032625032,-0.6800834897780573,0.07494722483796054,0.847024375481328,-0.6800834897780574,2,-0.6404685178792805,-0.7665248785998284,-0.6332570728550626,-0.18341083808728698,9
5846,US-SRS,2016-08-30,US-SRS,Shrublands,31.817294,-110.850801,2.5,6.2000003,1.8180021213305713,30.42188541666668,2.7786639452708326,3.4564664583333338,-0.8631421280499115,-0.5049610547215202,-1.1916121695815791,0.2521913211982858,1.4392208335163303,0.17238358775727836,2,-1.012636409180341,-1.4800377796861455,-1.0821623198782506,-0.28709817947323646,9
5847,US-SRS,2016-09-23,US-SRS,Shrublands,31.817294,-110.850801,1.5,4.2000003,0.8314635546522067,22.81188125000001,1.1129530569416666,2.7159616458333335,-0.9932568492674144,-0.1159345995955006,0.15891141969168743,0.32368402050866174,0.6938943679149251,-0.15891141969168743,2,0.058889708555431575,-0.10295604734161728,0.520800597861248,-0.03886908184484539,9
5848,US-SRS,2016-10-17,US-SRS,Shrublands,31.817294,-110.850801,1.6,4.8,0.8476965228658112,23.679866666666666,2.2386373390625,2.8172424375000005,-0.9562348265919058,0.2926003356333479,-0.3030089261792885,0.1660130569510633,1.17996267200787,0.3030089261792885,2,-0.2952721133388155,-0.14099954212249757,-0.47275512307655243,0.06788927553091971,9
5849,US-SRS,2016-10-25,US-SRS,Shrublands,31.817294,-110.850801,1.8,3.5,1.2941900308066463,23.62708541666667,1.4229036741437495,2.2485176458333327,-0.9070138128026362,0.4211008707960891,0.3199724966025108,0.2517947053041971,0.8289219484687388,-0.3199724966025108,2,0.3642072668303414,0.5467186030786553,0.04899161989853579,-0.01839780438051935,9
5850,US-SRS,2016-10-26,US-SRS,Shrublands,31.817294,-110.850801,1.1,3.6000001000000004,0.8953242832404703,26.177512499999995,2.1534098046875,2.499785895833333,-0.8996308696522434,0.4366512319560638,0.30129089340394416,0.31862449508226925,1.2454833741107005,-0.3012908934039441,2,0.44488009727210914,0.5228530269742828,-0.06386044403455954,0.12771889290132368,9
5851,US-SRS,2016-11-02,US-SRS,Shrublands,31.817294,-110.850801,1.0,3.1000001,0.4806415859048482,18.914227083333333,1.2993824909458336,1.9441605208333324,-0.8406184056344783,0.5416278206559811,-0.30244819495075914,0.24394910861235597,0.6810315267016549,0.30244819495075914,2,-0.32970496576156344,-0.0460154254694336,-0.5316241936212803,-0.01839780438051935,9
5852,US-SRS,2016-11-10,US-SRS,Shrublands,31.817294,-110.850801,1.0,4.5,0.2648853660361714,17.436660416666665,1.150289610779167,5.193017083333332,-0.7583058084785625,0.6518989958787125,-0.35860184195966177,0.0980381815726129,0.6915207407391476,0.35860184195966177,2,-0.46132731862711845,-0.2660433225476789,-0.348434884704188,-0.020415634801069452,9
5853,US-SRS,2016-11-11,US-SRS,Shrublands,31.817294,-110.850801,0.2,3.8,0.377638102307916,19.47815625,1.4278739141666663,4.103942916666665,-0.7469720876965551,0.6648553979642867,0.20705599664150745,0.07838437353030059,1.2195664506620953,0.14822020797432453,2,0.1451960943360751,0.1807659829322154,0.2952059126562319,-0.026217679763347605,9
5854,US-SRS,2016-12-04,US-SRS,Shrublands,31.817294,-110.850801,0.4,2.1000001,0.1790784061032251,10.616571249999998,0.7439268711250001,1.9963281458333328,-0.4327755925504317,0.9015016841318838,-0.02710953512032867,0.16319318378701164,0.7890849059776255,0.02710953512032868,2,-0.1988410228195095,0.12593684086391005,-0.008424423405386572,5.564266325658925e-05,9
5855,US-SRS,2016-12-13,US-SRS,Shrublands,31.817294,-110.850801,0.2,2.3,0.1294871150180596,16.085083333333333,0.9559617939645836,2.39027375,-0.2884824328806098,0.9574851883550388,-0.05787054627325424,0.056298465631500545,0.9201875548171469,0.05787054627325424,2,-0.015704322300283624,-0.036104802973312033,-0.12180251354616706,-0.007152179478002944,9
5856,US-SRS,2017-01-05,US-SRS,Shrublands,31.817294,-110.850801,0.5,2.5,0.6340567555600609,15.260375833333333,0.8025954337458335,2.8096576875,0.0859647987374464,0.9962981749346078,-0.017706199735517292,0.06691238736481994,0.866716299526902,-0.017706199735517292,2,-0.006370011277919474,0.04281396561621731,-0.08956255354484971,-0.01964776470711022,9
5857,US-SRS,2017-01-29,US-SRS,Shrublands,31.817294,-110.850801,0.4,3.9,0.8125119108933231,14.747693750000003,1.33843476331875,5.159205520833333,0.4787338401157884,0.8779600847008882,0.25547731984049743,0.2716878996406453,1.3027014611895276,0.25547731984049743,2,0.2423782961929411,0.5334777968417013,-0.009424133513149913,0.007530691183972763,9
5858,US-SRS,2017-02-22,US-SRS,Shrublands,31.817294,-110.850801,0.8,2.1000001,0.5743532039175774,19.085385416666664,1.4049223638291668,2.6323811875,0.7909456567567772,0.6118864012687243,0.6377291510085209,0.19818926163655626,1.226186093472163,-0.6377291510085209,2,0.5175103821229774,0.8664788898560927,0.5291981810464925,0.07786923694348492,9
5859,US-SRS,2017-03-02,US-SRS,Shrublands,31.817294,-110.850801,1.1,4.7000003,0.4546114699837367,16.497528125000002,1.440984273475,3.56146025,0.8674563547295968,0.4975132889071806,0.4560610679355514,0.2140757161464275,1.0630517324353295,-0.45606106793555146,2,0.6572557397102994,0.4798379266413259,0.23108953745502886,0.04128860927141109,9
5860,US-SRS,2017-03-10,US-SRS,Shrublands,31.817294,-110.850801,0.9,5.4,0.5606003245122615,22.11650520833333,2.200749977708333,2.5025143958333333,0.9275416835791966,0.373719714790469,0.7127788642803012,0.25200008892172604,1.6246852627369641,-0.7127788642803011,2,1.003123357767397,0.5843129379828951,0.5509002970906116,-0.4880493709370192,9
5861,US-SRS,2017-03-18,US-SRS,Shrublands,31.817294,-110.850801,1.5,6.4,0.5819593534109546,24.0357875,2.42646910975,2.7970006249999995,0.970063921851507,0.2428497220959356,0.5061845284902817,0.389022534656267,1.56898337587658,-0.5061845284902817,2,0.9463466809052272,0.36376613416071085,0.2084407704049071,-0.03770844127596595,9
5862,US-SRS,2017-04-03,US-SRS,Shrublands,31.817294,-110.850801,2.3,6.2000003,0.5508866283314925,18.434966666666664,1.5576694708708332,4.528978729166665,0.9995462806873572,-0.0301203048469081,-0.20371156465036563,0.02981699585729867,1.2843427943041845,0.20371156465036555,2,-0.2247111838499331,-0.21684045025490992,-0.16958305984625388,-0.0032748410490024715,9
5863,US-SRS,2017-04-11,US-SRS,Shrublands,31.817294,-110.850801,2.1,7.0,0.4381438122986302,21.71008125,2.3497498225,2.622794729166667,0.9859481499638304,-0.1670516255021192,0.07034351756112864,0.26554515104470156,1.1179904938721694,-0.07034351756112867,2,0.25799639593190643,0.18652666190164674,-0.23349250515016726,-0.058066264675993316,9
5864,US-SRS,2017-04-19,US-SRS,Shrublands,31.817294,-110.850801,1.9,6.9,0.3526456143415969,23.174346875,2.245886993352083,2.2573977291666667,0.9536809966304456,-0.3008198076356673,0.1778546049384678,0.19250270238918743,0.9081228227854574,-0.17785460493846772,2,0.37326556303862407,0.17189992162294604,-0.011601669846166784,-0.0966710851146672,9
5865,US-SRS,2017-04-20,US-SRS,Shrublands,31.817294,-110.850801,1.0,7.1,0.4676767893077848,21.4990875,2.168587163260417,2.501281270833334,0.9483615800121716,-0.3171912885891061,0.8852098468847642,0.29305225629698456,0.9569724084056919,-0.8852098468847641,2,1.220526573129009,0.6781605616309474,0.7569424058943364,-0.4224805706389605,9
5866,US-SRS,2017-05-05,US-SRS,Shrublands,31.817294,-110.850801,1.8,8.6,0.4230662185628734,29.88736458333333,3.5880697511458344,2.6870331666666663,0.835925479418637,-0.548842958284719,-0.27195903712640146,0.16313485760356683,1.7104384625685811,0.27195903712640135,2,-0.13932866785438086,-0.22243005649971234,-0.4541183870251112,2.643269625117453,9
5867,US-SRS,2017-05-06,US-SRS,Shrublands,31.817294,-110.850801,1.1,8.7,0.7343916381529485,26.08505,2.7021686864791667,4.2214950625,0.8263541987239096,-0.5631507242749186,0.7569113434351831,0.18198439255872173,1.8696771015996496,-0.7569113434351831,2,0.9521933658309747,0.5920615684358002,0.7264790960387741,2.3556726081933705,9
5868,US-SRS,2017-05-21,US-SRS,Shrublands,31.817294,-110.850801,1.7,7.6,0.5415137429098262,25.929304166666668,2.995891068708332,2.5630486041666667,0.6551563572090853,-0.7554933140726803,0.024993021215547834,0.13877541073283617,1.1982839810035897,-0.024993021215547806,2,0.09245316893080607,0.11714170242303695,-0.13461580770719953,0.002292319670953565,9
5869,US-SRS,2017-05-29,US-SRS,Shrublands,31.817294,-110.850801,2.5,7.2000003,0.5782561146357521,27.83970416666667,3.3915089401875007,2.665374958333333,0.545240438540651,-0.8382797052177743,-0.8412273682397644,0.12892617726537253,1.3905164885211057,0.8412273682397644,2,-0.9312204580089385,-0.6935278923862401,-0.8989337543241147,-0.2009097003447823,9
5870,US-SRS,2017-06-06,US-SRS,Shrublands,31.817294,-110.850801,1.4,8.400001,0.460071069271682,30.73724583333333,3.55735142825,2.218596479166666,0.4250003399695541,-0.9051931898913974,-0.3527135890730067,0.030693527671278753,1.0421151546368779,0.35271358907300665,2,-0.3501491633513164,-0.3233827257825403,-0.38460887808516353,-0.0430768314270635,9
5871,US-SRS,2017-06-07,US-SRS,Shrublands,31.817294,-110.850801,3.9,7.9,1.0470304319425865,29.83551458333333,3.1354566594375,2.9637854375,0.4093559588156213,-0.9123747579707272,-1.6095332996851663,0.19230988260004192,1.4795747189467505,1.6095332996851663,2,-1.825744415848966,-1.4575796415184867,-1.5452758416880463,-0.7660040306825757,9
5872,US-SRS,2017-06-14,US-SRS,Shrublands,31.817294,-110.850801,1.9,8.1,0.3585327696638447,27.559592708333337,3.471910585270834,2.413086541666667,0.2967128192734907,-0.9549667548552552,-0.6230604724494896,0.16959843347560272,1.0693172836409652,0.6230604724494896,2,-0.7085405519849994,-0.42773112886482023,-0.7329097364986492,-0.13709561562160638,9
5873,US-SRS,2017-07-08,US-SRS,Shrublands,31.817294,-110.850801,1.4,7.4,0.2892530058877168,33.546543750000005,3.495096782010417,3.0786162708333347,-0.1116590071216944,-0.993746580436178,-0.464611515247545,0.08493957410569994,1.3064427497375293,0.46461151524754496,2,-0.4867290325255177,-0.5363044503758262,-0.3708010628412911,0.002292319670953565,9
5874,US-SRS,2017-07-09,US-SRS,Shrublands,31.817294,-110.850801,1.9,6.3,1.3779855707731188,29.80963958333334,2.0682805707520835,2.0350949375000007,-0.1287481774525806,-0.99167731989929,-0.925852825695005,0.39666387451575397,0.8857121414575883,0.11817603275875721,2,-1.272084510713412,-1.012419374893125,-0.49305459147847813,-0.21345447327359782,9
5875,US-SRS,2017-07-16,US-SRS,Shrublands,31.817294,-110.850801,1.6,4.0,3.517424316213202,26.024781249999997,0.7962932898749996,1.804961125,-0.2470221804809352,-0.9690098257244064,0.21160370406401965,0.12981280261341,1.1930794462342695,0.21160370406401974,2,0.1951093927224729,0.09082637759138651,0.34887534187819963,0.06788927553091971,9
5876,US-SRS,2017-08-09,US-SRS,Shrublands,31.817294,-110.850801,3.2,6.2000003,2.7067040709482257,30.34517916666667,2.350214621083333,2.029356166666667,-0.6152845999633277,-0.7883050558305253,-1.2725150110018382,0.14442419012582658,1.1114770350146514,-0.2859231528982893,2,-1.1250220022555544,-1.2788619161793813,-1.413661114570579,-0.2700345176261115,9
5877,US-SRS,2017-08-17,US-SRS,Shrublands,31.817294,-110.850801,2.9,6.2000003,2.753535126024264,27.868037500000003,2.682434304812499,2.3072195625000003,-0.7176769136759615,-0.6963762255968726,-1.4694978148585534,0.14968039698712776,1.0502950485289824,-1.176568066907082,2,-1.4501930362273856,-1.6278939952503544,-1.3304064130979198,-0.311933825905938,9
5878,US-SRS,2017-08-26,US-SRS,Shrublands,31.817294,-110.850801,1.8,5.0,4.08820609627922,30.33415416666667,2.403739395408333,2.42838025,-0.8165380514459157,-0.5772916165517278,-0.6155351286585017,0.22736513294974167,1.142284786305384,-0.6155351286585016,2,-0.6705169409335783,-0.8103675319612127,-0.3657209130807139,0.009355749451783522,9
5879,US-SRS,2017-09-18,US-SRS,Shrublands,31.817294,-110.850801,2.0,6.1,0.8918796572189382,27.67616041666667,2.252890011445833,2.4319670625,-0.9760105506323682,-0.2177232303965322,-0.5748898841768868,0.18497118048682967,0.8967525117648183,0.5748898841768868,2,-0.709355235287968,-0.3639434666770855,-0.6513709505656069,-0.14594834910006532,9
5880,US-SRS,2017-09-26,US-SRS,Shrublands,31.817294,-110.850801,1.7,5.3,0.7070263869704281,21.891025,2.108458310458333,2.4340748125,-0.99665890175417,-0.0816763953304228,-0.5571832908529483,0.19719596227770142,0.9519556126475264,0.5571832908529483,2,-0.7759267132481915,-0.3930417530375549,-0.5025814062730982,-0.15016208007600157,9
5881,US-SRS,2017-10-04,US-SRS,Shrublands,31.817294,-110.850801,1.2,5.4,0.5895333319324952,27.854516666666665,2.474623245166667,1.952363333333334,-0.9984354211555644,0.055916990100603,-0.35787079863613713,0.289335096617683,0.8378843514883444,0.35787079863613713,2,-0.6107032302441341,-0.042320716800286484,-0.4205884488639909,-0.0964651911389767,9
5882,US-SRS,2017-10-12,US-SRS,Shrublands,31.817294,-110.850801,1.2,5.2000003,0.4787838924234556,26.33876041666667,2.117813389166667,2.5991150416666677,-0.9813064702716092,0.1924515819708299,-0.0603493838556858,0.1591466239613946,1.0683813139512914,0.06034938385568578,2,-0.23501671342745278,0.07644275748892654,-0.022474195628531146,0.005079173593085875,9
5883,US-SRS,2017-10-13,US-SRS,Shrublands,31.817294,-110.850801,1.0,4.7000003,0.3327068013732682,25.73276666666667,2.392169175083333,2.5119149375000007,-0.9778483415056568,0.2093146459630488,-0.09649979283183664,0.18611545118087464,1.0696580278242842,0.09649979283183663,2,-0.18851567052657456,0.11770080298161634,-0.21868451095055172,0.06267528288721733,9
5884,US-SRS,2017-10-28,US-SRS,Shrublands,31.817294,-110.850801,1.1,4.0,0.4588658779325664,22.43326041666667,2.1654081321875,2.354397083333334,-0.8919813464595487,0.4520722039323037,-0.04725060158667238,0.2386513472566075,1.0347255623936988,0.04725060158667238,2,0.018734294262803763,0.15146573471394903,-0.31195183373676993,0.044221835843441346,9
5885,US-SRS,2017-10-29,US-SRS,Shrublands,31.817294,-110.850801,0.8,5.2000003,0.4503074426845758,24.08152291666666,2.3165778899375007,2.412561625,-0.8840675099433637,0.467359217158002,-0.012063508150551128,0.08414404519793213,1.132967323627399,0.012063508150551128,2,-0.1054551062710613,0.05784279268464376,0.01142178913476416,0.010293166236788255,9
5886,US-SRS,2017-11-05,US-SRS,Shrublands,31.817294,-110.850801,0.8,3.4,0.4334925454579476,19.83081458333333,1.180529721870833,2.043391520833334,-0.8214765533024145,0.5702422926917867,-0.2645275320568908,0.1322571308670651,0.6738756242060948,0.2645275320568908,2,-0.30898150603138025,-0.11577058097578197,-0.3688305091635102,-0.00755885177116019,9
5887,US-SRS,2018-01-16,US-SRS,Shrublands,31.817294,-110.850801,0.2,3.3,0.2117251435156849,16.12505416666666,1.30718194221875,3.224478,0.2719581575341055,0.9623090774541486,0.37546707043343314,0.04527950458581356,1.347639753140798,-0.3520167834020634,2,0.4270928140032209,0.3568180304574668,0.3424903668396118,-0.07814485715761162,9
5888,US-SRS,2018-01-17,US-SRS,Shrublands,31.817294,-110.850801,0.3,3.3,0.2219400348229547,14.044776875000004,1.1610480331062505,2.499424958333333,0.288482432880609,0.9574851883550392,0.12746224832102943,0.08092205434884843,1.1337163268221833,-0.12746224832102943,2,0.21476401262381478,0.11265890232532366,0.05496383001394983,-0.020767964972276728,9
5889,US-SRS,2018-01-24,US-SRS,Shrublands,31.817294,-110.850801,0.3,5.0,0.5417147801617078,15.271216666666668,1.480802945291667,5.040351333333334,0.401487989205973,0.9158642882672872,0.06909688247608914,0.29835890499473117,1.4819403272810763,0.06909688247608914,2,0.21605395803315958,0.26547154487765207,-0.2742348554825442,-0.14957785578506164,9
5890,US-SRS,2018-02-01,US-SRS,Shrublands,31.817294,-110.850801,0.3,3.9,0.2408954546536357,17.517395833333328,1.7258825192020837,2.299256770833334,0.5234156073655503,0.8520775211013093,0.6686615404388424,0.13958744741299756,1.6680637648964844,-0.6686615404388423,2,0.8064664331165512,0.5273573390049613,0.6721608491950148,0.1041914593772587,9
5891,US-SRS,2018-02-02,US-SRS,Shrublands,31.817294,-110.850801,0.2,3.6000001000000004,0.1173360278616111,17.574925000000004,1.6366944099791665,2.358393916666666,0.5380051715382996,0.8429415373547828,0.6598393234556923,0.12256752112559469,1.5495518186788229,-0.6598393234556923,2,0.7637855166523739,0.5246845646666276,0.6910478890480753,-0.14091054571405356,9
5892,US-SRS,2018-02-09,US-SRS,Shrublands,31.817294,-110.850801,0.5,4.1,0.2202602629786202,18.503622916666664,1.7970654188708333,2.6903112083333336,0.6354323008901774,0.7721565844991642,0.7409646360981955,0.184289512321373,1.6901891207046382,-0.7409646360981955,2,0.9497050310357584,0.6724163591897665,0.6007725180690617,4.666072381237874,9
5893,US-SRS,2018-02-25,US-SRS,Shrublands,31.817294,-110.850801,1.2,2.7,0.8228930797982974,8.316984999999999,0.7511901862999998,1.913397166666667,0.8214765533024142,0.5702422926917871,-0.10473138478249651,0.1527434030879128,0.6045014570222348,0.1047313847824965,2,-0.2314424095860626,0.06487281858439514,-0.14762456334582208,0.015159528783692732,9
5894,US-SRS,2018-03-13,US-SRS,Shrublands,31.817294,-110.850801,1.2,4.5,0.6707870345372944,20.65949166666667,1.5584654688708337,1.6926565624999996,0.9455963874271426,0.3253420847119801,0.601874269770762,0.13163917968352662,1.1852982227247373,-0.601874269770762,2,0.5443757224812698,0.7524812941843875,0.5087657926466287,0.050716332891049674,9
5895,US-SRS,2018-03-29,US-SRS,Shrublands,31.817294,-110.850801,1.2,5.2000003,0.547994489695666,17.914370833333336,1.67200695850625,2.389560625,0.9984354211555644,0.0559169901006034,0.6739031493670319,0.1646630317637284,1.0899674618256172,-0.6739031493670319,2,0.8323032242264115,0.6857853618163929,0.5036208620582914,-0.061917488715870835,9
5896,US-SRS,2018-04-06,US-SRS,Shrublands,31.817294,-110.850801,1.4,7.2000003,0.6533379985591027,23.096710416666664,2.2420972886875,3.1547417291666666,0.9966589017541702,-0.0816763953304224,0.5551272035952005,0.1943178428566725,1.2843666618794505,-0.5551272035952005,2,0.7777414810418493,0.4681426194283029,0.4194975103154495,-0.09940528460485035,9
5897,US-SRS,2018-04-23,US-SRS,Shrublands,31.817294,-110.850801,1.2,6.6,0.8903135629840849,23.670648958333334,2.401711912625,2.1796639583333333,0.9307239310379796,-0.3657225234972689,0.6214336070253897,0.1609883378064889,0.8889120946744509,-0.6214336070253897,2,0.804642462774595,0.5570896136850418,0.5025687446165326,-0.16039395914359555,9
5898,US-SRS,2018-05-08,US-SRS,Shrublands,31.817294,-110.850801,1.5,7.9,0.7738043632360944,28.60699479166667,3.476101626791667,2.4220515104166664,0.8064799463209448,-0.5912614448635781,-0.08348192218602678,0.1461158233233672,1.4802111620202818,0.08348192218602679,2,0.0462894771023144,-0.054990045450614145,-0.24174519820978058,-0.02810150304913194,9
5899,US-SRS,2018-05-09,US-SRS,Shrublands,31.817294,-110.850801,1.7,7.8,0.8613652584930072,28.19762708333333,3.4554645065416665,2.1912330208333337,0.7961828637826158,-0.6050560696488488,-0.26051055428021214,0.12979293819801924,1.3971568752630563,0.2605105542802122,2,-0.19901278090151445,-0.1728967580489225,-0.4096221238901994,-0.047519346990094934,9
5900,US-SRS,2018-05-16,US-SRS,Shrublands,31.817294,-110.850801,1.9,7.5,0.7802978648076221,26.343493749999997,3.0014922767291665,2.3674449166666665,0.717676913675962,-0.6963762255968722,-0.18643777711379997,0.08646238675079357,1.203253407021806,0.18643777711379994,2,-0.17450515585768187,-0.10656147748848699,-0.27824669799523105,0.002292319670953565,9
5901,US-SRS,2018-06-01,US-SRS,Shrublands,31.817294,-110.850801,1.6,7.8,0.6391855370625171,27.33422916666667,3.2000020464791654,2.770388708333334,0.5012418134457758,-0.865307254363206,-0.029154290342499705,0.14226939220304655,1.1932954252949055,0.029154290342499722,2,0.06855965673120362,0.03635467671610043,-0.19237720447480317,0.002292319670953565,9
5902,US-SRS,2018-06-09,US-SRS,Shrublands,31.817294,-110.850801,1.7,8.5,0.6525252896194486,30.58567916666667,3.115906287833333,2.744465208333333,0.3777079652039649,-0.9259247771938498,-0.27801484078563693,0.04918348271255338,1.076697993053744,0.2780148407856369,2,-0.3051038352196648,-0.3076982831118275,-0.2212424040254185,-0.010811166749427713,9
5903,US-SRS,2018-06-10,US-SRS,Shrublands,31.817294,-110.850801,1.1,9.8,0.940345035529796,30.765625000000004,3.5127147858125016,3.264389166666668,0.3617137307297676,-0.9322892131745132,0.1794805683771689,0.106975567663679,1.6209378355055004,-0.17948056837716886,2,0.2853717003316802,0.07145258045778574,0.1816174243420408,-0.3536000458491119,9
5904,US-SRS,2018-06-17,US-SRS,Shrublands,31.817294,-110.850801,1.7,7.2000003,4.074965852706386,26.24728333333334,2.0332465763041667,2.575587895833333,0.2470221804809355,-0.9690098257244062,-0.15194464753225295,0.3219863445583912,0.9006980464802027,-0.151944647532253,2,-0.3709889673312646,-0.30259530626474074,0.2177503309992465,-0.11864017269246373,9
5905,US-SRS,2018-06-25,US-SRS,Shrublands,31.817294,-110.850801,2.9,8.0,2.1602134854756354,29.86188958333333,2.9804820574583326,2.090576875,0.1116590071216951,-0.993746580436178,-1.462275432022149,0.271294834474689,0.8693023234601135,0.01729759702658007,2,-1.7709370179881323,-1.2616099196122321,-1.354279358466083,-0.5801327537064619,9
5906,US-SRS,2018-07-03,US-SRS,Shrublands,31.817294,-110.850801,2.1,8.3,1.556826252607956,31.27271875,3.5247052752499997,2.240780791666667,-0.0258184402271323,-0.9996666485105112,-1.1647563420675142,0.28260264732118445,0.829140610861933,-0.0784088472834259,2,-1.4897664760230382,-0.9769418718450886,-1.0275606783344156,-0.426662087816627,9
5907,US-SRS,2018-07-19,US-SRS,Shrublands,31.817294,-110.850801,3.7,6.4,3.013566773512208,29.472991666666665,1.2936725722583335,1.3621516041666666,-0.2967128192734901,-0.9549667548552552,-0.9599368334792681,0.2869375980199107,1.1174752905096192,0.41292961949631624,2,-1.2781557953595433,-0.7209167500991801,-0.8807379549790806,-0.10900662899494258,9
5908,US-SRS,2018-07-27,US-SRS,Shrublands,31.817294,-110.850801,2.8,5.6,2.5111783710332607,32.01673541666666,2.8144834885812493,2.6229300625000005,-0.4250003399695539,-0.9051931898913976,-1.3311519206453202,0.30656234463859505,1.4633786908137505,-0.7535086627118419,2,-1.318298828667081,-1.643938662597071,-1.0312182706718083,-0.18323905822839134,9
5909,US-SRS,2018-08-04,US-SRS,Shrublands,31.817294,-110.850801,3.8,7.2000003,3.3002534741772624,32.4055875,2.9706581252708326,2.0036188750000004,-0.5452404385406507,-0.8382797052177745,-1.7412375583784492,0.20327940859153765,1.1714728654282414,-0.7417445067329744,2,-1.5578597390707083,-1.7060330107668698,-1.959819925297769,-0.7283102236463437,9
5910,US-SRS,2018-08-13,US-SRS,Shrublands,31.817294,-110.850801,3.7,6.0,4.415452649495594,27.903295833333345,1.554332149777083,1.6151729166666668,-0.6680638642135333,-0.7441039398713608,-0.7012058012591652,0.2281906120757178,0.8980115773041948,-0.7012058012591651,2,-0.9640803744625768,-0.5541584374048026,-0.5853785919101164,-0.17321514380717162,9
5911,US-SRS,2018-08-20,US-SRS,Shrublands,31.817294,-110.850801,3.7,6.8,3.2699910741244427,30.73616041666667,2.0873588777479166,2.138297520833333,-0.7526668275320083,-0.6584015846980489,-0.8454640190048023,0.16641451958169054,0.9364780180134062,0.014553832746312723,2,-0.6727356032244413,-0.85890728947568,-1.0047491643142858,-0.2552538072225264,9
5912,US-SRS,2018-09-13,US-SRS,Shrublands,31.817294,-110.850801,2.5,5.9,1.3112809530944909,29.24886875,3.038454345604165,2.0479076875000004,-0.9536809966304456,-0.300819807635668,-1.379819087784469,0.15743597932645065,1.0616848657007951,0.9976190060265493,2,-1.2518974073261824,-1.3319178685920878,-1.5556419874351364,-0.22276507596132683,9
5913,US-SRS,2018-09-14,US-SRS,Shrublands,31.817294,-110.850801,2.0,5.6,0.9940851709877814,30.424439583333324,3.3634312383750005,2.1151453958333333,-0.9587178169872964,-0.2843591872810036,-1.3738141445876402,0.09743105172689658,1.1671820172814553,0.6380155134367971,2,-1.2948317958900957,-1.3439212336842898,-1.482689404188535,-0.19865867760072786,9
5914,US-SRS,2018-09-21,US-SRS,Shrublands,31.817294,-110.850801,2.6,5.1,2.682566896313451,26.06106250000001,1.5385941026791672,2.1650120625,-0.9859481499638304,-0.1670516255021195,0.040585917497019265,0.09759719838062232,0.9702171742036032,0.040585917497019265,2,-0.03511874339562432,0.006141523459489595,0.15073497242719253,-0.06352472302977676,9
5915,US-SRS,2018-09-29,US-SRS,Shrublands,31.817294,-110.850801,2.7,5.4,2.3076501406845944,27.51740625,2.309368955125,1.8933244374999996,-0.9995462806873572,-0.0301203048469083,-0.5036830241739287,0.1787940260908585,0.8282802762761486,0.2810166944568828,2,-0.3711917983191571,-0.43280876228586884,-0.7070485119167603,-0.14594834910006532,9
5916,US-SRS,2018-10-07,US-SRS,Shrublands,31.817294,-110.850801,1.2,3.2,0.8215415590608369,18.674124999999997,0.8298427200645836,3.5979353125000006,-0.994217906893952,0.107381346664163,0.24790260717539003,0.22643839857139056,0.7741286510832259,-0.24790260717539003,2,0.2903114144667975,0.4501382808337951,0.0032581262255774734,-0.01839780438051935,9
5917,US-SRS,2018-11-08,US-SRS,Shrublands,31.817294,-110.850801,1.1,3.4,1.0529029781130923,18.096810416666663,1.3700087202750002,2.673630020833334,-0.7909456567567774,0.6118864012687242,-0.2661379428032533,0.2787994134497254,0.8901635471767536,-0.17194389902943774,2,-0.2521912849733078,0.00542639358297109,-0.5516489370194233,-0.01839780438051935,9
5918,US-SRS,2018-11-16,US-SRS,Shrublands,31.817294,-110.850801,0.7,3.2,0.7526504956505632,15.42362604166667,1.3427436805937498,2.2327238125,-0.6994583270516471,0.7146733860429608,-0.30317298266868975,0.1439143235863691,0.8991733050847415,-0.30317298266868975,2,-0.26461072980386824,-0.1824682275850907,-0.4624399906171103,-0.00755885177116019,9
6297,US-Sne,2016-05-26,US-Sne,Wetland/Riparian,38.0369,-121.7547,5.1,6.8,4.043187861296413,20.111645625000005,0.7565394416666668,3.6306431666666654,0.5737722679043246,-0.8190148866680801,-0.44993811421484176,0.29535873538076424,0.7831321242260685,0.44993811421484176,1,-0.789957513184292,-0.2569743560679825,-0.3028824733922508,-0.14438836356652085,9
6298,US-Sne,2016-06-11,US-Sne,Wetland/Riparian,38.0369,-121.7547,4.7,7.8,5.072164154829358,23.50318935416667,1.6230599187499992,3.9787795625000015,0.3294084822245304,-0.9441875088341992,-0.6598423385683165,0.3133391444533316,1.0363313734822195,-0.6598423385683165,1,-1.019464860922654,-0.5144570923852454,-0.44560506239705017,-0.1548589402881441,9
6299,US-Sne,2016-06-19,US-Sne,Wetland/Riparian,38.0369,-121.7547,4.8,7.7000003,5.0336045905922155,24.018301999999995,1.5857894229166665,3.343068458333333,0.1966728897935764,-0.980469160361632,-0.4917414348339635,0.17696147268822252,0.9798191772211121,-0.4917414348339635,1,-0.6936298380244863,-0.4181132964409682,-0.363481170036436,-0.22417448681375393,9
6300,US-Sne,2016-06-27,US-Sne,Wetland/Riparian,38.0369,-121.7547,5.4,9.3,6.330648355951262,26.9732765625,1.813639625,5.166457458333333,0.060213277365793,-0.9981855344718586,-1.0628747634909022,0.3799158613452743,0.9981769877416177,-1.0628747634909022,1,-1.5008467726028631,-0.822175833578214,-0.8656016842916294,-0.7285242448223944,9
6301,US-Sne,2016-07-05,US-Sne,Wetland/Riparian,38.0369,-121.7547,5.9,7.2000003,4.133464611964966,21.05503802083333,0.6923462250000002,6.088004895833333,-0.0773864792334632,-0.9970011699250152,0.328974537932955,0.16151666828054753,0.913429201985652,-0.32897453793295517,1,0.15179678046664866,0.3671286486299957,0.46799818470222065,-0.25906624350971624,9
6302,US-Sne,2016-07-13,US-Sne,Wetland/Riparian,38.0369,-121.7547,4.7,9.0,5.982878206664783,25.86075687500001,1.5987525333333334,3.832402520833333,-0.2135209154397959,-0.9769384927771816,-0.5805901266665332,0.19908728131946585,0.9236587713334906,-0.5805901266665332,1,-0.7906183232130578,-0.5565196079702638,-0.3946324488162781,-0.2667573586870846,9
6303,US-Sne,2016-07-21,US-Sne,Wetland/Riparian,38.0369,-121.7547,4.7,7.7000003,4.971148786689397,22.37615154166667,1.018699716666667,5.411739937500001,-0.3456123126707333,-0.9383773917408642,-0.12258409409857458,0.16159510575061597,0.9741169656489493,-0.12258409409857457,1,-0.284445956706719,-0.12204925273250487,0.03874292714350011,-0.1165876953334202,9
6304,US-Sne,2016-07-29,US-Sne,Wetland/Riparian,38.0369,-121.7547,5.6,9.900001,5.538728758123457,25.264887437500004,1.2678464520833332,5.410085770833334,-0.4711595076738639,-0.8820480249558535,-0.4522956919004719,0.2876928763628852,1.243771765679638,-0.32975320814738707,1,-0.7843837066391534,-0.27881166032812266,-0.29369170873413986,-0.12018856388941253,9
6305,US-Sne,2016-08-06,US-Sne,Wetland/Riparian,38.0369,-121.7547,5.1,6.8,4.412387587158869,21.81320585416667,0.7286131416666667,4.851281645833333,-0.5877852522924734,-0.8090169943749472,0.33088710060042276,0.03583251037134703,0.8344124794853031,-0.3308871006004228,1,0.2974445567200088,0.3265094153716691,0.3687073297095903,-0.19039414572067473,9
6306,US-Sne,2016-08-14,US-Sne,Wetland/Riparian,38.0369,-121.7547,5.4,8.3,5.15245448425409,24.216087770833337,1.0909271625,5.776717124999999,-0.6932812268869771,-0.7206671495538615,-0.2803966600548904,0.04054522883557303,1.0996331568446003,0.2146943714369307,1,-0.2769753982712317,-0.32254411583672243,-0.24167046605671708,-0.1044831515738216,9
6307,US-Sne,2016-08-22,US-Sne,Wetland/Riparian,38.0369,-121.7547,4.4,6.5,3.648261208442954,21.99417427083333,0.7080995812499999,6.366393729166666,-0.7856498550787144,-0.6186714032625032,-0.10524406014446919,0.15900339892339158,0.9019523876162362,0.10524406014446919,1,-0.08744551780767701,0.04411117821910751,-0.27239784084483804,-0.092457354138731,9
6308,US-Sne,2016-08-30,US-Sne,Wetland/Riparian,38.0369,-121.7547,4.7,7.3,4.690163045300593,24.54959841666667,1.21950631875,4.638988729166665,-0.8631421280499115,-0.5049610547215202,-0.19530419031661703,0.29649971611053233,0.9498294645481307,-0.17563028091780206,1,0.02759536191513115,-0.5318071242970074,-0.08170080856797482,-0.1350411423771962,9
6309,US-Sne,2016-09-07,US-Sne,Wetland/Riparian,38.0369,-121.7547,3.6,7.1,4.500670197367066,25.98248502083333,1.7682001770833329,2.283597729166667,-0.9242907221930934,-0.3816892202666586,-0.5739317199565366,0.30411380778117153,0.795073233988553,-0.5739317199565366,1,-0.8177286475272049,-0.6709110797703284,-0.2331554325720765,-0.18766075385070186,9
6310,US-Sne,2016-09-15,US-Sne,Wetland/Riparian,38.0369,-121.7547,3.6,5.8,3.8358710175094486,22.26439633333333,0.9562411395833332,4.444184770833334,-0.9679377830240642,-0.2511900638848195,0.016069617172835882,0.09735240926931095,0.588637298013988,0.016069617172835893,1,0.11624830013360302,-0.0781860599119874,0.010146611296892039,-0.05529336354034783,9
6311,US-Sne,2016-09-23,US-Sne,Wetland/Riparian,38.0369,-121.7547,3.0,5.7000003,3.9169134919145217,21.263415124999987,1.0539426937500005,3.7396078124999983,-0.9932568492674144,-0.1159345995955006,-0.046755764324360495,0.16793033473303323,0.7194299578855725,-0.04675576432436046,1,-0.02052501824638292,-0.22625791055669267,0.1065156358299941,-0.07801174409520077,9
6312,US-Sne,2016-10-01,US-Sne,Wetland/Riparian,38.0369,-121.7547,3.0,4.9,3.13215128199784,19.739273020833338,0.9144414104166664,4.462521208333333,-0.9997685019798908,0.0215160974362222,0.0861217372806808,0.05451253316122382,0.7301093598462935,0.0861217372806808,1,0.14237515752948207,0.03353524783619341,0.08245480647636697,-0.05787812378829107,9
6313,US-Sne,2016-10-09,US-Sne,Wetland/Riparian,38.0369,-121.7547,2.8,4.8,2.8630838220923778,21.83596056249999,1.27478698125,1.880171458333333,-0.9873494423939864,0.1585593851031347,-0.32666266259359694,0.09792040625007309,0.70087227882247,-0.32666266259359694,1,-0.4044187744076997,-0.3588753674564509,-0.21669384591664018,-0.020415634801069452,9
6314,US-Sne,2016-10-17,US-Sne,Wetland/Riparian,38.0369,-121.7547,2.0,2.6000001,2.8491124614330423,21.0187093125,0.5603773020833335,2.7569845416666667,-0.9562348265919058,0.2926003356333479,-0.15045144145715597,0.189856826782486,0.5292629235460432,-0.15045144145715594,1,-0.00302335546631205,-0.08365095042950205,-0.3646800184756538,0.02277402321810951,9
6315,US-Sne,2016-11-02,US-Sne,Wetland/Riparian,38.0369,-121.7547,0.7,1.8000001,1.5803838159102075,19.585597020833333,0.3817753,1.1768319999999997,-0.8406184056344783,0.5416278206559811,0.12900129907313737,0.05924294897593733,0.4757631401639424,0.1290012990731374,1,0.18272300552541984,0.06546333179399835,0.13881755989999392,0.0030706158477427034,9
6316,US-Sne,2016-11-18,US-Sne,Wetland/Riparian,38.0369,-121.7547,1.5,2.2,1.0961625002549062,15.270393083333332,0.3653629520833335,1.6327508958333332,-0.661634618242279,0.749826401204568,0.1338218387891493,0.1013632937722126,0.47349678723357813,-0.13382183878914933,1,0.1122429477541935,0.24423698842272365,0.0449855801905307,0.015159528783692732,9
6317,US-Sne,2017-02-14,US-Sne,Wetland/Riparian,38.0369,-121.7547,2.2,1.4,1.039756320866494,15.496785020833334,0.3585250854166668,1.0462779166666667,0.6994583270516471,0.7146733860429609,-0.20736662352543192,0.3166211780748386,0.6022404367111559,0.2073666235254319,1,0.049194277349827426,-0.5612160179958232,-0.11007812993029994,0.0043205761743335645,9
6318,US-Sne,2017-03-02,US-Sne,Wetland/Riparian,38.0369,-121.7547,2.6,2.6000001,1.6344916291560283,14.193259770833327,0.4443527229166668,1.00114225,0.8674563547295968,0.4975132889071806,-0.3180254204893002,0.14868397545089954,0.3982925637811913,0.31802542048930027,1,-0.15246001605936785,-0.36146352716881336,-0.44015271823971946,0.015159528783692732,9
6319,US-Sne,2017-04-03,US-Sne,Wetland/Riparian,38.0369,-121.7547,5.3,5.1,6.531837440895465,19.759665604166663,1.075219075,4.9532647916666654,0.9995462806873572,-0.0301203048469081,-0.8279109301728313,0.22423210119653056,1.021711230447608,-0.8279109301728313,1,-0.6044685893639686,-0.8263396672138507,-1.0529245339406748,-0.20832569977945858,9
6320,US-Sne,2017-04-19,US-Sne,Wetland/Riparian,38.0369,-121.7547,4.8,4.2000003,4.429118408768828,18.5804001875,0.5900413729166667,3.006843562499999,0.9536809966304456,-0.3008198076356673,-1.18487236653664,0.029240729079378903,0.7809432493587594,-0.44310918407429556,1,-1.1536106438742086,-1.211550795891025,-1.1894556598446866,-0.017893433797776182,9
6321,US-Sne,2017-04-27,US-Sne,Wetland/Riparian,38.0369,-121.7547,6.0,5.0,5.566598893443184,19.4300575625,0.7163349666666665,6.431933687500003,0.9033558023246844,-0.4288919379124835,-0.2764511241418309,0.14692356394021044,1.0809162784045472,0.2764511241418309,1,-0.21626690770408855,-0.4439110914461677,-0.16917537327523638,-0.027075513289380463,9
6322,US-Sne,2017-05-05,US-Sne,Wetland/Riparian,38.0369,-121.7547,6.7,5.2000003,7.237101602322046,19.505242583333334,0.6517061520833334,7.900903875,0.835925479418637,-0.548842958284719,-0.13108599059589396,0.25234899905200464,1.3711387701861417,-0.131085990595894,1,-0.0012704424729169383,-0.42191622905987813,0.029928699745113196,-0.15090074455667263,9
6323,US-Sne,2017-05-13,US-Sne,Wetland/Riparian,38.0369,-121.7547,6.8,5.7000003,6.182578961073176,15.961885729166672,0.7082554541666667,6.473119041666667,0.7526668275320084,-0.6584015846980488,-0.8008190029928364,0.15903712687109303,0.9939939017711333,0.43402307486081115,1,-0.9517508425191606,-0.8159482960519424,-0.634757870407406,-0.5355432688110111,9
6324,US-Sne,2017-05-21,US-Sne,Wetland/Riparian,38.0369,-121.7547,6.6,6.8,7.260462329064728,27.08691064583334,1.4630037750000005,3.932401895833333,0.6551563572090853,-0.7554933140726803,-1.1895076372695548,0.22907268642594605,0.9845894375692488,-1.1895076372695548,1,-1.4054768607188495,-1.2137813582065256,-0.9492646928832892,-0.7292571077474801,9
6325,US-Sne,2017-05-29,US-Sne,Wetland/Riparian,38.0369,-121.7547,6.0,5.6,5.92207311138228,20.511389979166673,0.5630186583333333,7.097074895833335,0.545240438540651,-0.8382797052177743,0.11954360743482295,0.46531710139684285,1.0793647999441998,-0.11954360743482295,1,0.43889781563532615,-0.4143388842947785,0.3340718909639212,1.1029311329408733,9
6326,US-Sne,2017-06-06,US-Sne,Wetland/Riparian,38.0369,-121.7547,7.2,7.3,6.626706005634914,23.13488341666667,0.91228896875,6.35710625,0.4250003399695541,-0.9051931898913974,-0.2976385973750785,0.2636489807643147,0.8258556576530427,0.2976385973750785,1,-0.4118830255874676,-0.48489711701211535,0.00386435047434755,-0.273305959577556,9
6327,US-Sne,2017-06-14,US-Sne,Wetland/Riparian,38.0369,-121.7547,7.3,8.2,6.63788576580596,24.977195333333334,1.1434098604166667,5.739231562499999,0.2967128192734907,-0.9549667548552552,-0.3784548463897057,0.22035324825247923,0.9420201244102346,0.3784548463897057,1,-0.6304942079864767,-0.2826456632674231,-0.22222466791521725,-0.27605365818281136,9
6328,US-Sne,2017-06-22,US-Sne,Wetland/Riparian,38.0369,-121.7547,8.5,9.1,9.150886044792358,31.6454403125,1.7826156770833332,5.727161854166666,0.1628070129385171,-0.986657932891657,-0.8013054985616647,0.15565733243920477,1.535492940905106,-0.8013054985616646,1,-0.8111235800834861,-0.6409715270511723,-0.9518213885503357,-0.6365394877485039,9
6329,US-Sne,2017-06-30,US-Sne,Wetland/Riparian,38.0369,-121.7547,7.5,7.8,7.1232922062586335,24.671448916666662,0.9696991895833336,6.4407335,0.025818440227133,-0.9996666485105112,-0.08627103323453389,0.10446233171328559,0.9429144123215722,0.08627103323453389,1,-0.19494265666869084,-0.07726994818603808,0.013399505151127283,-0.25906624350971624,9
6330,US-Sne,2017-07-08,US-Sne,Wetland/Riparian,38.0369,-121.7547,9.1,10.2,8.753855901855053,31.58967004166667,2.1567960979166667,5.439499458333335,-0.1116590071216944,-0.993746580436178,-0.53436005985582,0.1669037208179981,1.8620145784588167,0.1579281364340741,1,-0.4920733918083324,-0.3926668798479332,-0.7183399079111945,2.344407334211417,9
6331,US-Sne,2017-07-16,US-Sne,Wetland/Riparian,38.0369,-121.7547,8.8,10.2,8.143070974063328,33.518371291666675,2.4747540916666666,5.116419125,-0.2470221804809352,-0.9690098257244064,-0.6471703603097431,0.1619453309565508,1.8463165738000193,0.6471703603097431,1,-0.4984058966521733,-0.6234295011602393,-0.8196756831168164,2.344407334211417,9
6332,US-Sne,2017-07-24,US-Sne,Wetland/Riparian,38.0369,-121.7547,7.6,6.7000003,7.252904395365168,21.93398697916667,0.5106884979166667,8.954341583333333,-0.3777079652039646,-0.92592477719385,-0.1843289731836101,0.07039039912436426,1.94037168127628,0.1843289731836101,1,-0.22988618266801558,-0.10325616815627782,-0.2198445687265369,-12.44176443558953,9
6333,US-Sne,2017-08-01,US-Sne,Wetland/Riparian,38.0369,-121.7547,8.1,8.5,7.109250534835159,27.655495083333324,1.1455720479166671,7.44479341666667,-0.5012418134457756,-0.8653072543632061,-0.3188184942021453,0.09792777306380983,1.668006865806009,0.31881849420214525,1,-0.22347052865658662,-0.3138481720884581,-0.41913678186139125,0.07020367096161037,9
6334,US-Sne,2017-08-09,US-Sne,Wetland/Riparian,38.0369,-121.7547,6.4,6.6,6.2124500989028775,24.12505425,0.6418386541666666,6.5618869166666665,-0.6152845999633277,-0.7883050558305253,0.2594213204250892,0.046429803274079987,0.9590113885252147,-0.2594213204250892,1,0.2776269030504597,0.2939893912864311,0.2066476669383768,-0.2724131445324506,9
6335,US-Sne,2017-08-17,US-Sne,Wetland/Riparian,38.0369,-121.7547,6.8,6.5,6.514989008103147,24.75357833333333,0.7584251645833331,7.849310104166667,-0.7176769136759615,-0.6963762255968726,-0.21126096241790981,0.15028633928994925,1.5611901662334076,0.21126096241790981,1,-0.042922811751991585,-0.2589240923452545,-0.33193598315648337,-0.17131754196012966,9
6336,US-Sne,2017-08-25,US-Sne,Wetland/Riparian,38.0369,-121.7547,6.5,7.1,5.315572240251436,25.8837175625,0.9895503041666668,5.0226037083333335,-0.8064799463209447,-0.5912614448635782,0.1714775326309066,0.06107767999971618,0.91026672719433,-0.1714775326309066,1,0.10371245288678396,0.22228353165298373,0.18843661335295211,-0.2724131445324506,9
6337,US-Sne,2017-09-02,US-Sne,Wetland/Riparian,38.0369,-121.7547,5.4,7.7000003,4.6878944155672135,34.69722685416667,2.420524052083333,0.9326154791666664,-0.8800122039735356,-0.4749510720670502,-1.0140889627948388,0.22805998618723702,1.332543934151713,0.4101222060707348,1,-1.0357047784414268,-0.7759906577147044,-1.230571452228385,-0.39815761584225307,9
6338,US-Sne,2017-09-10,US-Sne,Wetland/Riparian,38.0369,-121.7547,5.8,6.4,4.233383857672182,30.67254891666667,1.5263707145833332,2.7827020208333333,-0.9368813462954316,-0.3496474552512282,-0.06791720658577684,0.09370750821940185,0.8762882896498819,0.06791720658577693,1,-0.13929039595764298,-0.10266141464874809,0.03820019084906054,-0.2513368719997594,9
6339,US-Sne,2017-09-26,US-Sne,Wetland/Riparian,38.0369,-121.7547,4.2,5.7000003,4.3245072924624886,26.71148968750001,1.7111645020833337,1.5607171041666668,-0.99665890175417,-0.0816763953304228,-0.23351193161880748,0.180048667964628,0.761061205717273,-0.23351193161880746,1,-0.4350259326534816,-0.1770449229290253,-0.08846493927391555,-0.07801174409520077,9
6340,US-Sne,2017-10-04,US-Sne,Wetland/Riparian,38.0369,-121.7547,3.8,4.2000003,2.811809823392496,21.36005787500001,0.9911263729166664,2.222635041666667,-0.9984354211555644,0.055916990100603,-0.4359192237013418,0.0769108485159686,0.5408727434321244,0.43591922370134184,1,-0.3476907210513807,-0.4712541180136691,-0.48881283203897563,-0.03515974323343813,9
6341,US-Sne,2017-10-12,US-Sne,Wetland/Riparian,38.0369,-121.7547,3.9,4.9,4.233228309955573,19.685264416666666,1.2069814020833336,3.7409423125,-0.9813064702716092,0.1924515819708299,-0.2936660253227023,0.3088754503031789,0.8183736221208637,-0.29366602532270236,1,-0.19169452755985017,-0.6406338750700288,-0.04866967333822797,-0.03886908184484539,9
6342,US-Sne,2017-10-28,US-Sne,Wetland/Riparian,38.0369,-121.7547,2.6,3.8,2.8711814765373997,22.65337125,0.7755432999999999,2.77814525,-0.8919813464595487,0.4520722039323037,-0.11365156341448202,0.21906970734730863,0.6192424548223651,-0.11365156341448202,1,0.08625988755634659,-0.07937578922381824,-0.3478387885759744,-0.02179669603039081,9
6343,US-Sne,2017-11-05,US-Sne,Wetland/Riparian,38.0369,-121.7547,2.0,1.9,2.343222968068538,15.071663833333336,0.5116038375,3.466071166666666,-0.8214765533024145,0.5702422926917867,-0.19496596959973664,0.15851844455791442,0.7854881519622965,-0.19496596959973667,1,-0.18398126405738902,-0.04222558413962177,-0.35869106060219913,5.564266325658925e-05,9
6344,US-Sne,2017-11-13,US-Sne,Wetland/Riparian,38.0369,-121.7547,1.4,1.6,1.1890431259822156,18.7438948125,0.3657133458333333,2.0234685625,-0.7354170229639858,0.6776147890466887,-0.02795202248669181,0.11651164997398174,0.5996738988667014,0.02795202248669182,1,-0.004744447605450286,0.07520925849839924,-0.15432087835302438,0.015159528783692732,9
6345,US-Sne,2017-11-29,US-Sne,Wetland/Riparian,38.0369,-121.7547,1.0,1.4,1.758596214705206,15.250393937499998,0.4329977374999999,1.4379353958333336,-0.5234156073655503,0.8520775211013093,0.10137643271630918,0.03651308793934157,0.47081356097610483,0.10137643271630914,1,0.10615425635702838,0.06270963656114129,0.1352654052307579,-0.01090406373120529,9
6346,US-Sne,2018-02-09,US-Sne,Wetland/Riparian,38.0369,-121.7547,2.2,2.5,1.9225618274602647,19.498926500000003,0.6338219791666666,1.5652180624999996,0.6354323008901774,0.7721565844991642,-0.043004058626683724,0.10099827353454037,0.6540561169829788,0.04300405862668372,1,-0.15235741988213558,0.04677295025533093,-0.023427706253246527,-0.00755885177116019,9
6347,US-Sne,2018-02-17,US-Sne,Wetland/Riparian,38.0369,-121.7547,2.5,2.4,1.4788236474578318,14.840734541666665,0.5790553999999999,1.398665416666666,0.7354170229639855,0.6776147890466889,-0.29823422986912,0.20721902286814478,0.5066766523181505,0.29823422986912007,1,-0.06637366902027542,-0.3629762921122739,-0.4653527284748107,0.01856029224217332,9
6348,US-Sne,2018-02-25,US-Sne,Wetland/Riparian,38.0369,-121.7547,3.1,3.0,2.7622197526235435,12.881194374999998,0.53227584375,3.4741221875000003,0.8214765533024142,0.5702422926917871,-0.7354645453844126,0.30789277462045106,0.7689141409722804,-0.059904050631499395,1,-0.4802283695262771,-0.6487491745081269,-1.0774160921188336,-0.0272111520438496,9
6349,US-Sne,2018-03-05,US-Sne,Wetland/Riparian,38.0369,-121.7547,2.8,2.7,2.6600991884909964,11.99478091666666,0.3555258000000001,1.6501825416666662,0.8919813464595485,0.4520722039323043,-0.5301073884086531,0.0855267035178966,0.5768975752028781,-0.2503057653906462,1,-0.5028346031314951,-0.4615430304298703,-0.625944531664594,0.015159528783692732,9
6350,US-Sne,2018-04-14,US-Sne,Wetland/Riparian,38.0369,-121.7547,5.4,5.0,5.398788944603881,20.694034979166663,0.9343291291666668,2.2371760208333336,0.9760105506323684,-0.2177232303965317,-1.7268748005930197,0.12349966050008628,0.6841320109107335,-1.724452689800781,1,-1.8421685570254456,-1.5965458858105965,-1.7419099589430165,-0.8418493449032991,9
6351,US-Sne,2018-04-22,US-Sne,Wetland/Riparian,38.0369,-121.7547,6.0,5.9,4.339636242116054,23.64588885416666,0.8473728187500003,2.7044473749999987,0.9368813462954316,-0.3496474552512284,-2.017964014480375,0.13416980216761779,0.7533804351939267,1.302763501287517,1,-2.057749380718167,-1.868401059947052,-2.127741602775907,1.9211901365616404,9
6352,US-Sne,2018-04-30,US-Sne,Wetland/Riparian,38.0369,-121.7547,5.8,5.3,4.616606322993506,17.90972027083333,0.5341439625000001,4.5610645,0.8800122039735357,-0.4749510720670499,-1.0110476234299053,0.1981402871910166,0.7654279917787775,1.0110476234299053,1,-1.118569221003432,-1.1321836598048052,-0.7823899894814789,-0.5680546919309511,9
6353,US-Sne,2018-05-08,US-Sne,Wetland/Riparian,38.0369,-121.7547,6.6,6.4,7.015972128914683,22.756357375000004,0.8737327375000001,5.713728166666668,0.8064799463209448,-0.5912614448635781,-0.5068732660579541,0.20896246974770785,0.9164833254459097,-0.5068732660579541,1,-0.45493415992422104,-0.7369066834016282,-0.32877895484801317,-0.4426085215977642,9
6354,US-Sne,2018-05-24,US-Sne,Wetland/Riparian,38.0369,-121.7547,5.2,5.3,5.238399569671472,17.67557945833334,0.4039619083333335,7.663763416666669,0.6152845999633276,-0.7883050558305255,0.3998395170043298,0.24338334784507348,1.2034993628790551,-0.3230403776613861,1,0.6150052196694572,0.13568960558011553,0.44882372576341645,0.017571819258096297,9
6355,US-Sne,2018-08-12,US-Sne,Wetland/Riparian,38.0369,-121.7547,6.9,8.7,5.500847589562856,27.167420499999995,1.2615092166666664,4.005501458333336,-0.655156357209085,-0.7554933140726804,0.24928086421842513,0.29645262285850493,0.9681112562651274,-0.2492808642184252,1,0.4363316242452425,-0.09252493685095295,0.4040359052609859,-0.3116751004749505,9
6356,US-Sne,2018-08-20,US-Sne,Wetland/Riparian,38.0369,-121.7547,6.4,6.7000003,4.993820660717628,22.53286254166667,0.6139703083333333,6.629662041666667,-0.7526668275320083,-0.6584015846980489,0.16939849007211197,0.11478607983946405,0.938806803452646,-0.16939849007211194,1,0.1344528527670332,0.2975959489359351,0.07614666851336763,-0.2513368719997594,9
6357,US-Sne,2018-08-28,US-Sne,Wetland/Riparian,38.0369,-121.7547,5.4,4.9,4.625879350105542,21.73100979166667,0.6658484666666666,5.5559239375,-0.8359254794186365,-0.5488429582847199,0.1671559382994117,0.06313241591175166,0.9106511106479495,-0.16715593829941167,1,0.12119103596267475,0.23913964204090396,0.14113713689465643,-0.1951484315804927,9
6358,US-Sne,2018-09-05,US-Sne,Wetland/Riparian,38.0369,-121.7547,5.6,5.5,4.556577116536173,20.979186875,0.5694767666666667,7.531465625000003,-0.9033558023246842,-0.4288919379124841,-0.19806151117336754,0.07267810015428643,1.3575366551983712,0.19806151117336757,1,-0.22577258170342981,-0.11560438212513828,-0.25280756969153445,-0.1576230146319208,9
6359,US-Sne,2018-09-13,US-Sne,Wetland/Riparian,38.0369,-121.7547,5.1,5.5,5.022301750366094,22.2137975625,1.0464161458333332,4.217221145833333,-0.9536809966304456,-0.300819807635668,0.04060246879898808,0.13947780222844303,0.6919026354970572,-0.04060246879898807,1,-0.0954345447886596,0.033958364366761945,0.1832835868188619,-0.11148930647921461,9
6360,US-Sne,2018-09-21,US-Sne,Wetland/Riparian,38.0369,-121.7547,4.7,6.4,4.561833170841262,24.657892604166666,1.3136588895833332,3.0285610416666664,-0.9859481499638304,-0.1670516255021195,0.048899756359752196,0.26536374137408225,0.7167588703798151,-0.04889975635975219,1,0.029650096952874738,-0.20631499405199918,0.32336416617838104,-0.12731177086723938,9
6361,US-Sne,2018-09-29,US-Sne,Wetland/Riparian,38.0369,-121.7547,3.8,4.1,2.6907678457114663,22.078115645833336,0.7325004750000002,3.8982205208333336,-0.9995462806873572,-0.0301203048469083,0.09902923434018084,0.18869212071419258,0.8013417235408898,-0.09902923434018085,1,0.1138695796988701,-0.09664486135763785,0.27986298467931026,-0.020415634801069452,9
6362,US-Sne,2018-10-07,US-Sne,Wetland/Riparian,38.0369,-121.7547,5.3,5.8,7.8821543999119426,25.11294758333333,1.913447,7.160945854166669,-0.994217906893952,0.107381346664163,-1.1283000250374704,0.6019660513016054,2.0897858670246325,-1.1283000250374702,1,-0.6377697253870739,-1.8000603633036594,-0.9470699864216777,-21.09861172407882,9
6363,US-Sne,2018-10-15,US-Sne,Wetland/Riparian,38.0369,-121.7547,4.4,4.5,4.558415035393515,21.908846291666674,1.7358882312499997,3.589763458333332,-0.970063921851507,0.2428497220959358,-0.1613585859619532,0.30716239716981375,1.1705103040486153,-0.16135858596195318,1,-0.15009659415088036,-0.47399709625507247,0.14001793252009323,0.1600579201284825,9
6364,US-Sne,2018-10-31,US-Sne,Wetland/Riparian,38.0369,-121.7547,2.5,3.2,3.6058920370530014,20.48554937499999,1.2412596000000002,1.7674178958333335,-0.867456354729597,0.4975132889071803,-0.19810605241290383,0.12626775684444322,0.71779049062745,-0.1981060524129039,1,-0.34176704100114996,-0.10471896546332396,-0.14783215077423756,-0.00755885177116019,9
6365,US-Sne,2018-11-08,US-Sne,Wetland/Riparian,38.0369,-121.7547,3.0,3.5,6.58820112441344,18.97847525,1.551844222916667,4.898700854166667,-0.7909456567567774,0.6118864012687242,0.20076581629612802,0.30440119715795977,1.306428508301844,0.2007658162961281,1,0.36405811355457574,-0.15043887527552074,0.38867821060932906,0.18289389080614263,9
6442,US-Srr,2016-02-12,US-Srr,Wetland/Riparian,38.200556,-122.026358,1.9,2.1000001,1.7674444903516364,15.318678291666671,0.4172036104166668,1.0929181666666667,0.6744436188329455,0.7383263540031065,-0.062259186906555464,0.06291341073040456,0.48879670560102817,0.062259186906555464,1,0.010052314386029465,-0.09238316042318284,-0.10444671468251301,0.0030706158477427034,9
6443,US-Srr,2016-02-20,US-Srr,Wetland/Riparian,38.200556,-122.026358,1.6,2.3,2.4650646226129003,10.329142937500002,0.34235415,0.7972088125000002,0.7694148268839378,0.6387494220515272,-0.04159346822455078,0.14543580282464685,0.4816206009583432,-0.04159346822455079,1,0.022907413325109982,0.06043676702191772,-0.20812458502068004,0.015159528783692732,9
6444,US-Srr,2016-03-23,US-Srr,Wetland/Riparian,38.200556,-122.026358,2.7,3.3,2.905352645262167,13.734438104166664,0.5998291270833332,1.7168857083333335,0.989932495087353,0.141540295217043,-0.13843048978824068,0.14052832025041612,0.39505401866076806,-0.13843048978824068,1,-0.04522339027608982,-0.0700012779378828,-0.3000668011507494,0.015159528783692732,9
6445,US-Srr,2016-03-31,US-Srr,Wetland/Riparian,38.200556,-122.026358,3.7,4.1,2.655983435846737,14.481126916666668,0.4747125375,4.3400390416666665,0.99999073973619,0.0043035382962442,-0.5683391939357262,0.1092113278136248,0.6170349484087243,0.5683391939357262,1,-0.6527408537478133,-0.4449941468078833,-0.6072825812514819,0.0023027457537834807,9
6446,US-Srr,2016-04-16,US-Srr,Wetland/Riparian,38.200556,-122.026358,4.5,5.3,3.96794184389944,19.395405041666667,1.3711003416666667,2.5226339375000006,0.9634705485641488,-0.2678143051621742,-0.8604352992068561,0.10990538432035121,0.7208209245685706,0.20368101299426422,1,-0.853251499901809,-0.973756357578759,-0.7542980401400007,-0.2261153999517182,9
6447,US-Srr,2016-05-02,US-Srr,Wetland/Riparian,38.200556,-122.026358,4.6,5.7000003,3.4346211071056825,17.738682270833333,0.6949748625000001,3.626690458333332,0.854322169749827,-0.5197438121555155,-0.7337746763698169,0.11464043060349433,0.7447604563146857,0.7337746763698169,1,-0.7190050137931622,-0.8550841368191971,-0.6272348784970914,-0.16234931878479786,9
6448,US-Srr,2016-05-10,US-Srr,Wetland/Riparian,38.200556,-122.026358,5.2,5.6,3.693329672830708,18.32516125,0.6295501874999999,3.7889989375,0.7748840413670407,-0.6321034111873487,-0.8417815605566678,0.11772458357455401,0.707779522713842,0.8417815605566678,1,-0.9737988252888664,-0.8038381903000443,-0.7477076660810925,-0.27548957097353843,9
6449,US-Srr,2016-05-18,US-Srr,Wetland/Riparian,38.200556,-122.026358,5.0,8.6,5.3045143946383515,23.899971916666654,1.5503654916666667,2.4599698125,0.6807734094770161,-0.7324940716135789,-0.9133734572533428,0.12063320785763924,0.9575741350136049,-0.9133734572533427,1,-1.007548968684306,-0.7774003786602243,-0.9551710244154985,-0.428039521747892,9
6450,US-Srr,2016-05-26,US-Srr,Wetland/Riparian,38.200556,-122.026358,5.3,6.4,3.889289898128018,18.5636868125,0.7536573104166665,3.4777030625,0.5737722679043246,-0.8190148866680801,-0.8131845892665117,0.32419676669243075,0.7922733204539607,0.8131845892665117,1,-1.1749995905683448,-0.5490847082040321,-0.7154694690271579,-0.3920555882072283,9
6451,US-Srr,2016-06-11,US-Srr,Wetland/Riparian,38.200556,-122.026358,5.4,6.8,5.616590002468912,22.00056127083333,1.6176626125000002,2.4055471874999994,0.3294084822245304,-0.9441875088341992,-0.5780669075735735,0.02513771738963757,0.7616463863485908,-0.5780669075735735,1,-0.5533744686430138,-0.5771988381701053,-0.6036274159076015,-0.46229934206054174,9
6452,US-Srr,2016-06-19,US-Srr,Wetland/Riparian,38.200556,-122.026358,5.0,6.7000003,5.660729559145168,22.40889752083334,1.7826489541666666,1.6111764999999998,0.1966728897935764,-0.980469160361632,-0.8390084658341942,0.09076563731874521,0.6531541216604421,-0.8390084658341941,1,-0.8089522413532728,-0.7670833237057566,-0.9409898324435533,-0.3210289479290791,9
6453,US-Srr,2016-06-27,US-Srr,Wetland/Riparian,38.200556,-122.026358,5.7,8.7,6.088376951529499,26.77759179166667,2.228602416666668,3.953092125,0.060213277365793,-0.9981855344718586,-0.9628971384955403,0.26865505781510185,1.0380692663723043,-0.9628971384955403,1,-1.26906844807171,-0.7665692938467921,-0.8530536735681189,-0.7181372411905292,9
6454,US-Srr,2016-07-05,US-Srr,Wetland/Riparian,38.200556,-122.026358,6.3,6.4,4.557660454700566,17.4496435625,0.5842154979166666,5.287299479166665,-0.0773864792334632,-0.9970011699250152,0.15134451206450494,0.40573474468589915,0.6388067417459348,-0.15134451206450494,1,-0.2408225414333227,0.569406494205954,0.1254495834208835,0.3218813788758306,9
6455,US-Srr,2016-07-13,US-Srr,Wetland/Riparian,38.200556,-122.026358,5.7,8.3,5.711194986529049,25.18368316666667,1.880154,2.7417035625,-0.2135209154397959,-0.9769384927771816,-0.27741746402838513,0.20548271256177755,0.8978549782329104,-0.27741746402838513,1,-0.04291890566309961,-0.42598710009274593,-0.36334638632930993,-0.29743538440711076,9
6456,US-Srr,2016-07-21,US-Srr,Wetland/Riparian,38.200556,-122.026358,5.4,7.3,4.731782992592659,19.845876375,0.9635084083333334,4.328447083333333,-0.3456123126707333,-0.9383773917408642,0.17560738290742725,0.13540713875989674,0.8143393112487292,-0.17560738290742728,1,0.033645576065674226,0.18984123992225246,0.303335332734355,-0.2538432498954201,9
6457,US-Srr,2016-07-29,US-Srr,Wetland/Riparian,38.200556,-122.026358,5.6,9.5,5.797742658311843,24.03803700000001,1.5834590562499995,4.333730666666667,-0.4711595076738639,-0.8820480249558535,-0.41106216342826524,0.36995393047746833,1.0711263175977639,-0.4110621634282652,1,-0.7285035547009522,-0.49990788919408435,-0.004775046389759174,-0.18180589750611192,9
6458,US-Srr,2016-08-06,US-Srr,Wetland/Riparian,38.200556,-122.026358,5.3,6.1,3.642001477856281,18.160675166666675,0.6262350479166666,4.3760782916666665,-0.5877852522924734,-0.8090169943749472,0.29884496758269835,0.19939946346636594,0.7708643725876833,-0.2988449675826983,1,0.11045358783526052,0.5076777459501378,0.2784035689626967,-0.15744573006352736,9
6459,US-Srr,2016-08-14,US-Srr,Wetland/Riparian,38.200556,-122.026358,5.0,8.2,4.72428521234392,22.23202841666666,1.3470312416666674,4.379404291666668,-0.6932812268869771,-0.7206671495538615,-0.275179812794712,0.23385213159123006,1.075760395732226,0.275179812794712,1,-0.3014972199885455,-0.4947599435351431,-0.02928227486044735,-0.03947673405290012,9
6460,US-Srr,2016-08-22,US-Srr,Wetland/Riparian,38.200556,-122.026358,4.5,6.2000003,3.345046828188045,18.711958125,0.6644357666666666,5.111510687499999,-0.7856498550787144,-0.6186714032625032,0.07884733218276171,0.23833478786572326,0.8530340680253555,-0.07884733218276163,1,-0.07114057848221045,0.3536691912168244,-0.045986616186328794,-0.11286616082370915,9
6461,US-Srr,2016-08-30,US-Srr,Wetland/Riparian,38.200556,-122.026358,4.4,6.9,4.235838772111738,22.327420375,1.197025116666667,4.086318583333333,-0.8631421280499115,-0.5049610547215202,-0.09552537967534182,0.24953804328250304,0.8290745747201701,0.09552537967534182,1,0.09396563023374796,-0.3782578600244211,-0.0022839092353523216,-0.1109108011825069,9
6462,US-Srr,2016-09-07,US-Srr,Wetland/Riparian,38.200556,-122.026358,3.8,6.5,4.060794629543252,25.018625625,1.94310656875,1.6496003333333336,-0.9242907221930934,-0.3816892202666586,-0.7943894289423422,0.21024163107579255,0.5949926792915543,-0.7943894289423423,1,-1.0365907249554334,-0.6876220497393153,-0.6589555121322781,-0.18956643944846618,9
6463,US-Srr,2016-09-15,US-Srr,Wetland/Riparian,38.200556,-122.026358,3.7,5.5,3.066862785266182,19.654599354166667,1.0160149833333334,3.0506272083333337,-0.9679377830240642,-0.2511900638848195,-0.24306663355101885,0.08359850202579404,0.6788051016309106,0.24306663355101887,1,-0.31459731739062397,-0.2634371134657235,-0.15116546979670914,-0.07801174409520077,9
6464,US-Srr,2016-09-23,US-Srr,Wetland/Riparian,38.200556,-122.026358,3.1,5.0,3.3087732823546276,19.2555489375,1.1822197354166668,1.850084125,-0.9932568492674144,-0.1159345995955006,-0.6445944806562637,0.15264640527424914,0.5109049957508474,-0.6445944806562637,1,-0.7504653719725003,-0.713701817751078,-0.46961625224521264,0.0023027457537834807,9
6465,US-Srr,2016-10-01,US-Srr,Wetland/Riparian,38.200556,-122.026358,2.9,4.5,2.767549877483604,16.941847187500006,0.8959031645833333,3.0250968958333324,-0.9997685019798908,0.0215160974362222,-0.6022728680852797,0.12903170213413587,0.5604920251350205,-0.3373726230524875,1,-0.5003714410918283,-0.7473578183832674,-0.5590893447807432,0.0023027457537834807,9
6466,US-Srr,2016-10-09,US-Srr,Wetland/Riparian,38.200556,-122.026358,2.6,4.8,2.920641293636295,20.31535916666667,1.5041453416666668,1.5461813124999997,-0.9873494423939864,0.1585593851031347,-0.7744747889539725,0.0669736475945997,0.6986447011687569,-0.7744747889539725,1,-0.8509488460870719,-0.7462006119535263,-0.7262749088213192,-0.05787812378829107,9
6467,US-Srr,2016-10-17,US-Srr,Wetland/Riparian,38.200556,-122.026358,1.6,2.2,2.8878007596424005,16.921044541666664,0.5044100395833332,2.1401677083333333,-0.9562348265919058,0.2926003356333479,-0.26184660638489915,0.025767282323694792,0.5163350516520236,-0.2618466063848992,1,-0.24619525148249624,-0.2477581524219134,-0.2915864152502878,-0.01090406373120529,9
6468,US-Srr,2016-11-02,US-Srr,Wetland/Riparian,38.200556,-122.026358,1.0,1.8000001,2.384010646192705,13.786348812499996,0.4255922895833333,1.1896030624999998,-0.8406184056344783,0.5416278206559811,-0.030786027158708745,0.057617702107355534,0.2886506773445964,-0.030786027158708817,1,-0.022347953837623447,-0.09215748096063706,0.022147353322134272,0.0030706158477427034,9
6469,US-Srr,2016-11-18,US-Srr,Wetland/Riparian,38.200556,-122.026358,1.3,2.0,2.3240242235128004,10.012643479166668,0.4287523458333334,1.7809671041666668,-0.661634618242279,0.749826401204568,0.02410079192253145,0.13442716711227676,0.4502214732571578,0.02410079192253145,1,-0.12795535354569304,0.07311294848040431,0.12714478083288308,0.015159528783692732,9
6470,US-Srr,2017-02-14,US-Srr,Wetland/Riparian,38.200556,-122.026358,1.5,1.4,2.4223060716913056,12.637506083333331,0.4005979791666667,1.5839638333333337,0.6994583270516471,0.7146733860429609,-0.1643403321632094,0.15013810025007338,0.3900780947042559,-0.1643403321632093,1,-0.020910107806049988,-0.32038976239999284,-0.15172112628358533,0.015159528783692732,9
6471,US-Srr,2017-03-02,US-Srr,Wetland/Riparian,38.200556,-122.026358,2.0,2.5,2.698889681681461,11.746691208333337,0.4829139937500002,1.2140975937499998,0.8674563547295968,0.4975132889071806,-0.14592460470970814,0.1561458438477024,0.37946846734989015,-0.14592460470970814,1,0.0028171246207436274,-0.13204328516541414,-0.3085476535844539,0.015159528783692732,9
6472,US-Srr,2017-04-03,US-Srr,Wetland/Riparian,38.200556,-122.026358,3.9,5.2000003,3.8059484479059673,16.59700633333334,1.1050396729166667,2.2389876250000005,0.9995462806873572,-0.0301203048469081,-0.8306168801719784,0.10693939899550672,0.5227658484870226,-0.6425137759839132,1,-0.8240500022175495,-0.9406883903133867,-0.7271122479849992,-0.17090709842899976,9
6473,US-Srr,2017-04-19,US-Srr,Wetland/Riparian,38.200556,-122.026358,4.2,4.2000003,3.8882415705492814,15.545280500000002,0.5030463458333334,2.451340750000001,0.9536809966304456,-0.3008198076356673,-1.0680928043881697,0.21581617083350146,0.6379105627748094,-0.4445759454867322,1,-1.299949518505159,-0.8730539696267209,-1.0312749250326294,0.11577332879781589,9
6474,US-Srr,2017-04-27,US-Srr,Wetland/Riparian,38.200556,-122.026358,5.1,4.9,4.805896673382512,16.531332541666668,0.70227953125,3.4911798750000003,0.9033558023246844,-0.4288919379124835,-1.4317255799232071,0.03707743116125769,0.8706978473239999,-0.8435189266882321,1,-1.4734054445313933,-1.4193607621434279,-1.4024105330947996,-0.10571209969778807,9
6475,US-Srr,2017-05-05,US-Srr,Wetland/Riparian,38.200556,-122.026358,5.4,5.3,4.445367855361232,16.072585625,0.5192790145833331,4.846609854166667,0.835925479418637,-0.548842958284719,-0.6476037149612845,0.08988730759130745,0.7263561282264032,0.6476037149612845,1,-0.7352384961634045,-0.6519510096468194,-0.5556216390736296,-0.38339450281908155,9
6476,US-Srr,2017-05-13,US-Srr,Wetland/Riparian,38.200556,-122.026358,5.3,5.3,4.601784444355956,13.627603645833332,0.6937887187500001,3.2272957499999992,0.7526668275320084,-0.6584015846980488,-1.8691645549173697,0.22618650025186857,0.7974342086486196,-0.4727334436292818,1,-1.9668999504862794,-1.6105441998531318,-2.0300495144126978,2.0319095301361574,9
6477,US-Srr,2017-05-21,US-Srr,Wetland/Riparian,38.200556,-122.026358,5.4,6.7000003,5.824408684512871,24.19191497916667,1.7791012375000006,2.079018083333333,0.6551563572090853,-0.7554933140726803,-0.7901102494426447,0.07547016609198148,0.7340394149775008,-0.7901102494426446,1,-0.8274016927301604,-0.703253405809128,-0.8396756497886458,-0.5443883219710521,9
6478,US-Srr,2017-06-06,US-Srr,Wetland/Riparian,38.200556,-122.026358,6.1,7.1,5.42807252920153,19.117633687500003,0.8533733916666667,4.3222969791666666,0.4250003399695541,-0.9051931898913974,-0.5781238424392324,0.6053477170213403,0.7476922902517944,0.5781238424392324,1,-1.2631214048286086,-0.11508621628820605,-0.3561639062008827,-7.05143662371013,9
6479,US-Srr,2017-06-14,US-Srr,Wetland/Riparian,38.200556,-122.026358,5.9,7.5,6.320382894734894,21.89786475,1.2882904645833333,2.7865287708333337,0.2967128192734907,-0.9549667548552552,-0.5547055892616664,0.12691549135480165,0.8495223411416347,-0.5547055892616664,1,-0.6959743662545661,-0.5178334789914931,-0.45030892253893995,-0.4107924779868647,9
6480,US-Srr,2017-06-22,US-Srr,Wetland/Riparian,38.200556,-122.026358,6.8,8.7,8.132226235411556,28.303817645833337,1.9907465833333344,2.7656889375000007,0.1628070129385171,-0.986657932891657,-0.28335513238099735,0.07876994570871143,0.6528084212956722,-0.2833551323809973,1,-0.22185615207464773,-0.25606919445000315,-0.37214005061834127,-0.3293413393138493,9
6481,US-Srr,2017-06-30,US-Srr,Wetland/Riparian,38.200556,-122.026358,6.6,7.2000003,5.8186853642942085,19.427568541666673,0.7965928749999999,4.674919458333334,0.025818440227133,-0.9996666485105112,0.05105940059722968,0.45737820771928106,0.6148645856131773,-0.05105940059722969,1,-0.4563104136425667,0.4317353648637149,0.17775325057054084,0.9730019511112169,9
6482,US-Srr,2017-07-08,US-Srr,Wetland/Riparian,38.200556,-122.026358,6.7,10.0,8.636373482059973,26.70223566666667,2.2835238541666665,3.0437806666666667,-0.1116590071216944,-0.993746580436178,-0.5296680678291289,0.16118351071554896,0.8865926397335979,-0.529668067829129,1,-0.3455946223822183,-0.5978752052106844,-0.6455343758944841,-0.4887070340051155,9
6483,US-Srr,2017-07-16,US-Srr,Wetland/Riparian,38.200556,-122.026358,6.5,9.5,8.485806279459172,28.668150937500005,2.602132410416667,2.729589166666667,-0.2470221804809352,-0.9690098257244064,-0.8725712564877984,0.3326221427752,0.9919347953556018,-0.8725712564877983,1,-0.5814636193059528,-0.8011463951464115,-1.235103755011031,-0.7180324698359167,9
6484,US-Srr,2017-07-24,US-Srr,Wetland/Riparian,38.200556,-122.026358,6.2,6.8,5.873698980665054,19.055376104166672,0.6605174895833333,5.130726645833334,-0.3777079652039646,-0.92592477719385,0.4449633093308658,0.2978730198123602,0.6510612716792985,-0.4449633093308658,1,0.1195762440593878,0.7042010248449426,0.5111126590882669,-0.26557658806759915,9
6485,US-Srr,2017-08-01,US-Srr,Wetland/Riparian,38.200556,-122.026358,5.3,8.8,7.010269098870016,24.631609062499994,1.5773522875000003,3.422010562500001,-0.5012418134457756,-0.8653072543632061,-0.11631226096404741,0.3553119350656276,1.0223508298683626,-0.11631226096404745,1,0.0008233812349085767,-0.5154032122544999,0.1656430481274491,-0.12822447229549683,9
6486,US-Srr,2017-08-09,US-Srr,Wetland/Riparian,38.200556,-122.026358,5.8,6.2000003,4.967255099380263,20.043828875,0.5900808916666666,4.5548985625,-0.6152845999633277,-0.7883050558305253,0.4818064998340445,0.18812160901790206,0.6913609131038625,-0.48180649983404455,1,0.27034497922625567,0.6305809444152599,0.5444935758606179,-0.35896981212399925,9
6487,US-Srr,2017-08-17,US-Srr,Wetland/Riparian,38.200556,-122.026358,5.1,6.6,5.4479258097780265,21.367464104166668,0.8456222416666668,4.691345750000001,-0.7176769136759615,-0.6963762255968726,0.14863329605236417,0.04091904047236692,0.7833987204274269,0.14863329605236417,1,0.10188917273029244,0.17797260786044564,0.16603810756635437,-0.19039414572067473,9
6488,US-Srr,2017-08-25,US-Srr,Wetland/Riparian,38.200556,-122.026358,4.9,6.9,5.048202406918179,22.14421502083333,1.1930258083333332,2.858374229166666,-0.8064799463209447,-0.5912614448635782,0.08287984807676031,0.300998848079607,0.6253530710200944,0.08287984807676031,1,0.20885772916494397,-0.26063981565580674,0.3004216307211437,-0.14438836356652085,9
6489,US-Srr,2017-09-02,US-Srr,Wetland/Riparian,38.200556,-122.026358,4.6,7.5,6.021814993300249,31.31297554166667,3.1832487104166667,1.1488653125,-0.8800122039735356,-0.4749510720670502,-2.0305651406323117,0.07169324687877665,1.2996993038019322,-2.0305651406323117,1,-2.078915244807292,-1.948195396194723,-2.0645847808949203,1.9702291408763855,9
6490,US-Srr,2017-09-10,US-Srr,Wetland/Riparian,38.200556,-122.026358,3.9,6.1,5.116733154632208,27.34578645833335,1.9802425729166675,1.4539446041666668,-0.9368813462954316,-0.3496474552512282,-0.4740385725692022,0.14207814044846043,0.5678516677879597,-0.47403857256920223,1,-0.6368582704468132,-0.4100501897160922,-0.3752072575447011,-0.09358228423583397,9
6491,US-Srr,2017-09-18,US-Srr,Wetland/Riparian,38.200556,-122.026358,3.3,5.6,4.3831295057484105,20.26504025,0.6918458354166668,4.064173125000001,-0.9760105506323682,-0.2177232303965322,-0.007004752104378574,0.03804668429757091,0.7045052357553323,-0.007004752104378564,1,-0.04200390310999952,-0.012501801521397876,0.033491448318261674,-0.12944891266137032,9
6492,US-Srr,2017-09-26,US-Srr,Wetland/Riparian,38.200556,-122.026358,3.4,6.1,3.946974649823749,24.129792125000005,2.1020312708333333,2.1542823125,-0.99665890175417,-0.0816763953304228,-0.7819453968275164,0.19280237354912808,0.6509565774051251,-0.7819453968275165,1,-0.9565183382574968,-0.8143082944206833,-0.5750095578043692,-0.21392816124292197,9
6582,US-Tw3,2016-01-27,US-Bi1,Croplands,38.1159,-121.6467,0.5,1.3000001,1.0314572477148334,15.754571645833336,0.296507725,1.0954458125000002,0.4482293417404106,0.893918596519257,0.3877189978770909,0.2072893822233758,1.038411786655378,0.3877189978770909,0,0.18995603931129734,0.36982613431436523,0.60337482000561,0.10392197567181248,9
6583,US-Tw3,2016-02-04,US-Bi1,Croplands,38.1159,-121.6467,0.6,2.0,1.1130568691799336,14.64144360416667,0.2522916458333333,2.6363960833333326,0.5667017562911176,0.8239230057575542,0.28877441387493574,0.16662364021473924,0.7612633454083207,0.28877441387493574,0,0.09975536691694342,0.35218269310663386,0.41438518160122995,5.564266325658925e-05,9
6584,US-Tw3,2016-03-15,US-Bi1,Croplands,38.1159,-121.6467,1.6,2.9,2.866506855616388,17.6587341875,0.5572873020833334,2.5196292916666665,0.9611297838723007,0.2760969730974688,0.2895836752797676,0.024658542461073137,0.9007811301252753,0.2895836752797676,0,0.31803166705530755,0.2743216335073397,0.27639772527665557,-0.021126859056950904,9
6585,US-Tw3,2016-03-23,US-Bi1,Croplands,38.1159,-121.6467,2.6,3.4,2.98498382821286,16.620422729166666,0.5922812125,2.5750696666666664,0.989932495087353,0.141540295217043,-0.28080488390728653,0.13045456092079016,0.7009203612354499,-0.28080488390728653,0,-0.17029727440058623,-0.24740518536904568,-0.42471219195222765,-0.00755885177116019,9
6586,US-Tw3,2016-03-31,US-Bi1,Croplands,38.1159,-121.6467,2.9,4.0,3.608569399911788,16.87237914583333,0.5807064166666667,4.640451854166665,0.99999073973619,0.0043035382962442,-0.08060535719148813,0.2874732053055975,1.116473476761532,-0.08060535719148809,0,-0.3924747958492383,0.17378713832672144,-0.023128414051947547,0.06331054476837605,9
6587,US-Tw3,2016-04-16,US-Bi1,Croplands,38.1159,-121.6467,4.0,5.0,3.8575520572358015,19.7133294375,1.2464595895833332,2.216347895833333,0.9634705485641488,-0.2678143051621742,-0.9380465741503125,0.07410276109870505,0.6374168406267395,-0.6531506886219155,0,-0.8533638551003818,-0.9697649857235716,-0.9910108816269836,-0.012499189864064527,9
6588,US-Tw3,2016-04-24,US-Bi1,Croplands,38.1159,-121.6467,2.2,4.7000003,3.1165035565797443,17.4524538125,0.6702965895833334,5.393008979166668,0.9175836260593936,-0.3975428142825559,0.7715726708915663,0.04294295922726965,1.074425006878172,0.7715726708915663,0,0.7231064586178455,0.8048814284140803,0.7867301256427734,0.06546056255463854,9
6589,US-Tw3,2016-05-02,US-Bi1,Croplands,38.1159,-121.6467,3.3,5.5,4.8254849136481175,19.442150208333327,0.90338813125,2.546970229166668,0.854322169749827,-0.5197438121555155,-0.18951788314095408,0.15311005314324194,0.715725269875209,-0.18951788314095408,0,-0.08924901752739256,-0.11354797694643984,-0.3657566549490298,-0.07801174409520077,9
6590,US-Tw3,2016-05-10,US-Bi1,Croplands,38.1159,-121.6467,4.6,5.7000003,5.771713874829465,20.995440770833333,0.8467032749999999,3.525636333333334,0.7748840413670407,-0.6321034111873487,-0.5991723444836898,0.21299793001456527,0.6718800177820105,-0.5991723444836898,0,-0.3995887724935485,-0.5744935856328744,-0.8234346753246464,-0.1665630497607341,9
6591,US-Tw3,2016-05-18,US-Bi1,Croplands,38.1159,-121.6467,5.7,8.400001,7.572960114069737,25.800564500000004,1.95653121875,2.9336828124999994,0.6807734094770161,-0.7324940716135789,-0.8231831904429638,0.062247077445191396,1.0948557424299097,-0.8231831904429638,0,-0.8272120956928667,-0.8833179501407211,-0.7590195254953036,-0.6176926479704018,9
6592,US-Tw3,2016-05-26,US-Bi1,Croplands,38.1159,-121.6467,5.3,6.4,5.622845953090309,20.092816416666672,0.8807254541666668,2.672284812499999,0.5737722679043246,-0.8190148866680801,-0.9377986360127322,0.29565019558112354,0.749031685187582,-0.9377986360127322,0,-0.8534794270801747,-0.6934678542513097,-1.266448626706712,-0.4231493551192388,9
6593,US-Tw3,2016-06-11,US-Bi1,Croplands,38.1159,-121.6467,3.2,7.3,3.651729992529431,23.08374229166667,1.7319006458333328,3.9835789375,0.3294084822245304,-0.9441875088341992,0.06276354372447294,0.17171073780937157,1.5013786074517141,0.06276354372447296,0,-0.12541913757196854,0.21093848932003606,0.10277127942535133,-0.056116677478351314,9
6594,US-Tw3,2016-06-19,US-Bi1,Croplands,38.1159,-121.6467,3.2,7.4,5.0602334435310095,23.75266991666666,1.8104823145833335,2.2814771041666666,0.1966728897935764,-0.980469160361632,0.35925906264449564,0.12518690646240868,1.1312587794628142,0.3592590626444956,0,0.35355996653097327,0.4871981857155021,0.2370190356870116,0.05807217325535686,9
6595,US-Tw3,2016-06-27,US-Bi1,Croplands,38.1159,-121.6467,5.5,8.900001,7.310006797589947,28.3339245625,2.5182757208333326,3.528553624999999,0.060213277365793,-0.9981855344718586,-0.8300934547863442,0.15557999491509836,0.966522044489848,-0.8300934547863443,0,-0.9470144906395033,-0.8897525302769883,-0.6535133434425409,-0.7959874160346727,9
6596,US-Tw3,2016-07-05,US-Bi1,Croplands,38.1159,-121.6467,4.5,7.0,2.5122719162739444,20.44094789583333,0.9478313270833336,5.526493374999999,-0.0773864792334632,-0.9970011699250152,-0.48659760657708956,0.0797072237862492,1.0535563837609991,0.4865976065770896,0,-0.5558442625781028,-0.504480630556312,-0.3994679265968537,-0.07164117581892461,9
6597,US-Tw3,2016-07-13,US-Bi1,Croplands,38.1159,-121.6467,2.5,8.900001,3.4622975034722328,26.52913089583333,2.186758106250001,2.4023421458333325,-0.2135209154397959,-0.9769384927771816,-0.016350118952954424,0.17903179508861172,0.9562843124143722,-0.016350118952954462,0,0.1620283722078524,-0.015050585830989813,-0.19602814323572587,-0.11997727183383888,9
6598,US-Tw3,2016-07-21,US-Bi1,Croplands,38.1159,-121.6467,4.0,7.6,3.5833540136762467,21.826695666666662,1.3313827666666669,4.531357520833334,-0.3456123126707333,-0.9383773917408642,-0.6784053961290334,0.17982761937326155,1.0582067056241715,0.15488657651847315,0,-0.8847410299161432,-0.5550589429656907,-0.5954162155052661,-0.12468259944073479,9
6599,US-Tw3,2016-07-29,US-Bi1,Croplands,38.1159,-121.6467,5.7,9.8,6.3113256466468535,26.85752947916666,2.176181779166668,2.7603100625000003,-0.4711595076738639,-0.8820480249558535,-0.6084399421858461,0.3332552639757079,0.9652563071784032,-0.608439942185846,0,-0.22565528412013863,-0.8339790152751734,-0.7656855271622264,-0.5118648690908986,9
6600,US-Tw3,2016-08-06,US-Bi1,Croplands,38.1159,-121.6467,2.2,6.6,1.9636208305984904,20.7744010625,1.028891177083333,3.4009853125,-0.5877852522924734,-0.8090169943749472,0.3411291397809693,0.2496382300947342,1.1594832974840146,-0.34112913978096926,0,0.298244506919461,0.6094315929756038,0.11571131944784316,-0.04742785874485231,9
6601,US-Tw3,2016-08-14,US-Bi1,Croplands,38.1159,-121.6467,2.4,8.1,2.285361373825845,25.47794510416667,2.1122213041666664,3.1835718750000006,-0.6932812268869771,-0.7206671495538615,-0.23800237575930486,0.13398399306165484,0.9195114922442726,-0.008725123410994878,0,-0.11140228709010833,-0.378315558962925,-0.22428928122488126,-0.1125997418295594,9
6602,US-Tw3,2016-08-22,US-Bi1,Croplands,38.1159,-121.6467,3.1,6.3,2.715921816211685,21.193281104166672,0.97456591875,5.330633625,-0.7856498550787144,-0.6186714032625032,-0.506290473524102,0.09450094813987041,1.1137105932105054,0.2618658940525279,0,-0.5642740347292963,-0.5573540435971911,-0.39724334224581864,-0.028958969697786923,9
6603,US-Tw3,2016-08-30,US-Bi1,Croplands,38.1159,-121.6467,5.5,7.0,5.035455020480788,23.917002395833325,1.4531757770833331,4.509801562500001,-0.8631421280499115,-0.5049610547215202,-1.5426837337749124,0.17864281732933196,1.0486013939063472,-0.6135937747364892,0,-1.539211250051807,-1.723037479190724,-1.3658024720822064,-0.5788013342365518,9
6604,US-Tw3,2016-09-07,US-Bi1,Croplands,38.1159,-121.6467,3.9,6.8,4.127497019332417,24.40166218749999,1.7156696749999998,1.7575643124999991,-0.9242907221930934,-0.3816892202666586,-0.29891240134973396,0.12634876608927947,0.62044598034131,-0.29891240134973396,0,-0.2456666646976732,-0.44316893551411185,-0.20790160383741688,-0.092457354138731,9
6605,US-Tw3,2016-09-15,US-Bi1,Croplands,38.1159,-121.6467,3.7,5.6,4.171008315869998,21.539189708333332,1.2760518208333334,2.6987739791666665,-0.9679377830240642,-0.2511900638848195,-0.6179298427950958,0.11777231141775853,0.8639330725375354,-0.6179298427950957,0,-0.48921317409391624,-0.6442838124551061,-0.7202925418362652,-0.14594834910006532,9
6606,US-Tw3,2016-09-23,US-Bi1,Croplands,38.1159,-121.6467,2.0,5.5,1.9514723633411597,20.267220875000007,1.3219308958333336,3.4259445625,-0.9932568492674144,-0.1159345995955006,-0.3027856426923167,0.03807781694420862,0.906348232844773,-0.20573036937463612,0,-0.28879927651698284,-0.3458787747293072,-0.27367887683066006,-0.09157975138099149,9
6607,US-Tw3,2016-10-01,US-Bi1,Croplands,38.1159,-121.6467,1.4,4.8,2.2716070031864337,18.107551333333326,0.9840054812500002,3.7377268541666666,-0.9997685019798908,0.0215160974362222,-0.24538567629851213,0.1344739450184732,0.8705860286754632,-0.24538567629851205,0,-0.28896214649513136,-0.09452745893192405,-0.352667423468481,-0.020415634801069452,9
6608,US-Tw3,2016-10-09,US-Bi1,Croplands,38.1159,-121.6467,2.0,4.7000003,2.4071247433829948,20.4875266875,1.4177158666666667,1.5057063333333331,-0.9873494423939864,0.1585593851031347,-0.15419461189000971,0.05989555413341345,0.7074086232829473,-0.15419461189000971,0,-0.2231588791605766,-0.11519309944519698,-0.12423185706425555,-0.03250454773701949,9
6609,US-Tw3,2016-11-02,US-Bi1,Croplands,38.1159,-121.6467,1.5,1.8000001,1.93428258562666,18.469922479166673,0.4094056250000001,1.4524634583333331,-0.8406184056344783,0.5416278206559811,0.3853783775094386,0.037964079809641796,0.7555621028583375,0.3853783775094386,0,0.4079425621107768,0.40664493396337065,0.3415476364541683,-0.033622444286058185,9
6610,US-Tw3,2016-11-18,US-Bi1,Croplands,38.1159,-121.6467,1.5,2.0,1.374291292294049,13.850326729166666,0.3900729354166667,1.4944074374999998,-0.661634618242279,0.749826401204568,0.4082487547978803,0.026064984330216895,0.6118848603667889,-0.40824875479788036,0,0.4264982305281063,0.3783972013352528,0.4198508325302818,-0.01090406373120529,9
6611,US-Tw3,2016-12-04,US-Bi1,Croplands,38.1159,-121.6467,0.7,1.1,0.7157335821431965,13.760891125,0.2754798791666666,0.9971826666666668,-0.4327755925504317,0.9015016841318838,0.6417819131638288,0.02383006365832007,0.7814048455166069,-0.6103147488774358,0,0.6601220724578448,0.6148466751510145,0.650376991882627,-0.033622444286058185,9
6612,US-Tw3,2016-12-20,US-Bi1,Croplands,38.1159,-121.6467,0.3,1.3000001,0.7985287596032287,12.057642895833334,0.2938067729166666,1.0629075,-0.1712931441814778,0.9852201067560606,0.44243159607906996,0.03485780495692709,0.585318301092789,0.44243159607906996,0,0.4023268419414106,0.4595220332289286,0.4654459130668706,-0.01090406373120529,9
6613,US-Tw3,2017-03-02,US-Bi1,Croplands,38.1159,-121.6467,1.4,2.4,2.013108487166337,14.863365104166665,0.3991721166666666,1.14118125,0.8674563547295968,0.4975132889071806,0.23051035361001493,0.06964715326466762,0.5548937397660525,0.23051035361001493,0,0.1896367484575292,0.19096601532305713,0.31092829704945846,0.0030706158477427034,9
6614,US-Tw3,2017-04-03,US-Bi1,Croplands,38.1159,-121.6467,3.9,4.9,5.215215239664651,17.507089020833334,0.9737737583333334,4.022259770833332,0.9995462806873572,-0.0301203048469081,-1.041214261246072,0.1502456945888393,0.9192928782176695,-1.041214261246072,0,-1.140899340750158,-1.1143389221439617,-0.8684045208440963,0.1245614582659756,9
6615,US-Tw3,2017-04-19,US-Bi1,Croplands,38.1159,-121.6467,3.1,3.9,4.534168346097377,18.591247958333337,0.4973074416666666,2.1982678125,0.9536809966304456,-0.3008198076356673,-0.06610848837929469,0.15390455430978425,0.7977619185702387,-0.06610848837929462,0,-0.06731232536008384,0.088394453238583,-0.2194075930163832,-0.020415634801069452,9
6616,US-Tw3,2017-04-27,US-Bi1,Croplands,38.1159,-121.6467,4.7,4.7000003,6.692257954698216,19.000932541666675,0.6289450312499999,4.485746479166666,0.9033558023246844,-0.4288919379124835,-0.4443779552470281,0.08774602992167363,0.9386286963098313,-0.44437795524702794,0,-0.4668564600210398,-0.5186980587736733,-0.3475793469463714,-0.04983866511756211,9
6617,US-Tw3,2017-05-05,US-Bi1,Croplands,38.1159,-121.6467,5.5,4.6,5.869256720959369,18.651461854166666,0.6415124354166668,5.9652161875,0.835925479418637,-0.548842958284719,-0.7716109420070009,0.15997488811887592,1.5443158161692423,-0.7716109420070008,0,-0.9540894778113584,-0.6555089951126011,-0.7052343530970433,-0.2056458503421856,9
6618,US-Tw3,2017-05-13,US-Bi1,Croplands,38.1159,-121.6467,5.5,5.3,5.763756376914466,15.897923395833336,0.7076145249999998,3.630745583333333,0.7526668275320084,-0.6584015846980488,-1.5732943316594392,0.08808385062347092,0.9714462265335421,-1.5732943316594392,0,-1.6471545590799994,-1.5969221641221867,-1.4758062717761318,-1.1184536842213917,9
6619,US-Tw3,2017-05-21,US-Bi1,Croplands,38.1159,-121.6467,6.6,6.5,6.593835298295541,23.87973510416667,1.5119508833333335,1.8306163541666665,0.6551563572090853,-0.7554933140726803,-1.6818088680648282,0.08767912236009953,0.6356621816417831,-1.6694794646559101,0,-1.7045203026168476,-1.7558977032967422,-1.585008598280895,-1.2532572674974394,9
6620,US-Tw3,2017-05-29,US-Bi1,Croplands,38.1159,-121.6467,3.0,5.3,1.4337559271693898,20.054573791666662,0.7176280812500001,5.6076829791666665,0.545240438540651,-0.8382797052177743,1.1179060598882058,0.03153027867223139,1.3037163916932122,-1.117906059888206,0,1.0872128755499153,1.1162937370115595,1.150211567103142,-0.25175639963130514,9
6621,US-Tw3,2017-06-06,US-Bi1,Croplands,38.1159,-121.6467,3.9,7.2000003,4.018049509592332,21.84818289583333,1.2756643354166664,3.508573333333333,0.4250003399695541,-0.9051931898913974,0.027852262598969852,0.29720483293858935,1.2032354176455675,0.02785226259896985,0,-0.06894446607392044,0.36138832649603947,-0.20888707262520945,0.05627710881353966,9
6622,US-Tw3,2017-06-14,US-Bi1,Croplands,38.1159,-121.6467,4.7,7.7000003,5.943426566439711,23.55869850000001,1.5335953083333334,3.3708268958333343,0.2967128192734907,-0.9549667548552552,-0.24100111132545532,0.12412478463090344,1.1177625699168459,-0.24100111132545532,0,-0.38147461030579227,-0.14611970272151298,-0.1954090209490607,0.04429014821908782,9
6623,US-Tw3,2017-06-22,US-Bi1,Croplands,38.1159,-121.6467,4.0,9.0,4.177934935939546,30.58156277083333,2.8323838395833327,4.365496458333333,0.1628070129385171,-0.986657932891657,-0.6216071208310985,0.5032772811547699,1.5148745515159434,-0.6216071208310985,0,-1.161714661055835,-0.16580915707912913,-0.5372975443583312,1.2072878507691385,9
6624,US-Tw3,2017-06-30,US-Bi1,Croplands,38.1159,-121.6467,3.7,7.5,2.81759258648927,23.35192422916667,1.2276256020833334,5.1598036458333345,0.025818440227133,-0.9996666485105112,-0.15043438337292983,0.06529184457928248,1.2140730506511452,0.1504343833729298,0,-0.2193598459397326,-0.1424288897765846,-0.08951441440247232,0.07264241443729728,9
6625,US-Tw3,2017-07-08,US-Bi1,Croplands,38.1159,-121.6467,4.2,10.1,5.656469557169183,28.63340154166667,2.9156626875,3.8879569791666655,-0.1116590071216944,-0.993746580436178,-0.7195633430051497,0.05939759315308331,1.5579768000121401,-0.7195633430051496,0,-0.7843514995354479,-0.7066614465684519,-0.6676770829115496,-0.18569300824819493,9
6626,US-Tw3,2017-07-16,US-Bi1,Croplands,38.1159,-121.6467,4.3,9.900001,5.906028309931204,29.8613694375,2.934399339583332,3.572229708333332,-0.2470221804809352,-0.9690098257244064,-0.8087140971585779,0.10516721417880526,1.4879663740952307,-0.8087140971585778,0,-0.719787810813201,-0.9247958806125907,-0.7815586000499424,-0.21013126134409174,9
6627,US-Tw3,2017-07-24,US-Bi1,Croplands,38.1159,-121.6467,2.6,6.9,1.3933546474026948,22.492165291666662,1.00962745625,4.8548049791666665,-0.3777079652039646,-0.92592477719385,0.3487361843684604,0.10617072576917752,1.2425590785265794,-0.34873618436846043,0,0.4239944779462609,0.22729555300750343,0.3949185221516166,0.01474448898117895,9
6628,US-Tw3,2017-08-01,US-Bi1,Croplands,38.1159,-121.6467,3.1,8.7,3.326221052782659,27.747192604166656,2.1915767354166658,3.912039708333333,-0.5012418134457756,-0.8653072543632061,-0.40414018569461,0.022005303996509167,1.3649897065456733,-0.4041401856946101,0,-0.4231075590260115,-0.4092993288667245,-0.38001366919109403,-0.047782041550951636,9
6629,US-Tw3,2017-08-09,US-Bi1,Croplands,38.1159,-121.6467,3.5,6.4,2.79594548738119,23.13475808333333,0.8250028833333335,4.421643729166667,-0.6152845999633277,-0.7883050558305253,-0.06945945448890273,0.09609390464245485,0.9930762967259547,0.06945945448890267,0,-0.010486173285635426,-0.18034420678560872,-0.017547983395464036,-0.009366436450444361,9
6630,US-Tw3,2017-08-17,US-Bi1,Croplands,38.1159,-121.6467,4.1,6.5,2.4712604597102628,24.42879275,1.13464771875,4.881883208333335,-0.7176769136759615,-0.6963762255968726,-0.6335156126126112,0.3158706301933694,0.9646440076524989,0.6335156126126112,0,-0.7949828339366393,-0.8360142517866271,-0.26954975211456705,-0.18766075385070186,9
6631,US-Tw3,2017-08-25,US-Bi1,Croplands,38.1159,-121.6467,1.8,7.1,1.8471021308404965,24.574192,1.4337230020833331,2.1020870000000005,-0.8064799463209447,-0.5912614448635782,0.04099548755541551,0.055760788172894114,0.6842350841803722,0.04099548755541551,0,0.06012431905815035,0.08467420611888113,-0.021812062510784963,-0.10454626707468102,9
6632,US-Tw3,2017-09-02,US-Bi1,Croplands,38.1159,-121.6467,2.7,7.3,2.6034900523248963,29.67291931250001,2.063408725,1.2185626354166668,-0.8800122039735356,-0.4749510720670502,-0.28176914615195764,0.08375555157994999,0.9850394418921036,-0.08874925080174983,0,-0.1975201975460483,-0.3650224231916903,-0.2827648177181343,-0.10018672564868783,9
6633,US-Tw3,2017-09-10,US-Bi1,Croplands,38.1159,-121.6467,2.1,6.2000003,2.668477978911368,27.5260751875,1.656074970833333,1.4400499791666668,-0.9368813462954316,-0.3496474552512282,0.0011460977655767905,0.12465143165622017,0.6674124970810622,0.0011460977655768367,0,0.017904416626590758,-0.13103673073681096,0.11657060740695058,-0.07801174409520077,9
6634,US-Tw3,2017-09-26,US-Bi1,Croplands,38.1159,-121.6467,1.3,5.8,1.6370554821721697,23.3603125625,1.813853825,2.11681025,-0.99665890175417,-0.0816763953304228,0.15410636925919374,0.1280542822821651,0.5909935390424124,0.15410636925919374,0,0.08561461517093533,0.07486410186860423,0.30184039073804164,-0.05529336354034783,9
6635,US-Tw3,2017-10-04,US-Bi1,Croplands,38.1159,-121.6467,1.4,4.1,1.5399365614452136,18.430187708333328,1.03004000625,1.7256627499999997,-0.9984354211555644,0.055916990100603,-0.2559846288658936,0.08440803199801059,0.6586659558615742,-0.2559846288658936,0,-0.3404114234747529,-0.1715953719990046,-0.25594709112392344,-0.020415634801069452,9
6636,US-Tw3,2017-10-12,US-Bi1,Croplands,38.1159,-121.6467,2.1,4.8,2.0052406014817734,18.487585020833325,1.3353716104166666,4.186657270833335,-0.9813064702716092,0.1924515819708299,-0.6754141728638036,0.13151929563388023,0.9386195142227429,-0.4858953758273502,0,-0.5278940815089056,-0.7179381479014629,-0.7804102891810419,-0.020415634801069452,9
6637,US-Tw3,2017-10-28,US-Bi1,Croplands,38.1159,-121.6467,1.3,3.5,1.7677056531637745,20.322201375,0.9367798833333332,1.5535685416666667,-0.8919813464595487,0.4520722039323037,0.11040598700867821,0.17301518948073097,0.6376808649355699,0.11040598700867821,0,-0.01860020479227957,0.04280190048210617,0.307016265336208,5.564266325658925e-05,9
6638,US-Tw3,2017-11-05,US-Bi1,Croplands,38.1159,-121.6467,1.4,1.8000001,1.884222081526002,15.028792916666662,0.46468831875,2.4932273958333333,-0.8214765533024145,0.5702422926917867,0.1439129641370763,0.32156251910945927,0.7453483709534198,0.14391296413707633,0,0.25155071400888823,0.3978489263653021,-0.21766074796296153,-0.01839780438051935,9
6639,US-Tw3,2017-11-13,US-Bi1,Croplands,38.1159,-121.6467,1.1,1.5,1.4799695366976482,19.652955,0.33226171875,1.6352926250000008,-0.7354170229639858,0.6776147890466887,0.45105846477501377,0.11793683194580373,0.9066499068238489,0.30888060862028244,0,0.42400987376125177,0.5801698556798691,0.34899566488392036,-0.00755885177116019,9
6640,US-Tw3,2017-11-29,US-Bi1,Croplands,38.1159,-121.6467,0.3,1.3000001,0.9435095305380364,17.07776920833333,0.4091962562500001,1.8715990833333336,-0.5234156073655503,0.8520775211013093,0.4279024801907309,0.24405917779675487,0.7649791683936104,0.4279024801907309,0,0.16068271325469932,0.6390370654370685,0.48398766188042486,-0.01839780438051935,9
6641,US-Tw3,2017-12-07,US-Bi1,Croplands,38.1159,-121.6467,0.5,2.1000001,0.5961850667816495,13.136213520833335,0.3550029687499999,1.111733625,-0.4014879892059737,0.9158642882672868,0.39315747406064244,0.11273721377457338,0.6029605945223677,-0.20078734049734343,0,0.2806701117807555,0.5061428890931888,0.392659421307983,0.015159528783692732,9
6642,US-Tw3,2018-02-01,US-Bi1,Croplands,38.1159,-121.6467,1.3,1.7,1.8603060915134195,18.747062145833333,0.438180325,1.2659660000000004,0.5234156073655503,0.8520775211013093,0.25254507987511143,0.14096463523419267,0.94586110068719,0.25254507987511143,0,0.11367479538426442,0.24844579854366583,0.3955146456974041,-0.00755885177116019,9
6643,US-Tw3,2018-02-09,US-Bi1,Croplands,38.1159,-121.6467,1.0,2.3,2.05991401851172,18.994980958333333,0.5799305520833333,1.2095353958333332,0.6354323008901774,0.7721565844991642,0.20197095582724878,0.16364282993217252,0.9896077073435443,0.20197095582724878,0,0.06403558428534237,0.15909343273163,0.382783850464774,0.1081357066477487,9
6644,US-Tw3,2018-02-17,US-Bi1,Croplands,38.1159,-121.6467,1.2,2.0,1.5810285295578403,14.8259395,0.52308738125,1.0883163333333334,0.7354170229639855,0.6776147890466889,0.1287045863888453,0.11546917441910774,0.6388550596641819,0.1287045863888453,0,0.0894421559484738,0.0379864635595141,0.258685139658548,-0.00755885177116019,9
6645,US-Tw3,2018-02-25,US-Bi1,Croplands,38.1159,-121.6467,1.4,2.8,2.076304170110886,13.742548249999995,0.5443350124999998,3.0383546875,0.8214765533024142,0.5702422926917871,-0.03094639945315783,0.017978086353869768,0.789755223481849,-0.030946399453157802,0,-0.05116659884666536,-0.016765766460594227,-0.024906833052213896,-0.033622444286058185,9
6646,US-Tw3,2018-03-05,US-Bi1,Croplands,38.1159,-121.6467,1.4,2.6000001,2.1644812352470235,13.468198458333331,0.3468987187500001,2.159597416666666,0.8919813464595485,0.4520722039323043,0.24258021818199263,0.1597834952144443,0.75237912507046,0.2425802181819926,0,0.07937369762924942,0.3987052140778773,0.24966174283885118,5.564266325658925e-05,9
6647,US-Tw3,2018-03-29,US-Bi1,Croplands,38.1159,-121.6467,3.8,4.2000003,4.565127158026886,20.689337625000004,0.8233553104166668,1.6109321666666665,0.9984354211555644,0.0559169901006034,-0.9846932856236595,0.1119124415929244,0.6899053998846716,-0.9846932856236594,0,-1.0578804086724194,-0.8558656287322519,-1.0403338194663077,0.1245614582659756,9
6648,US-Tw3,2018-04-14,US-Bi1,Croplands,38.1159,-121.6467,3.0,4.7000003,2.5941398629756214,19.521286145833336,0.8734312645833334,1.8364520208333333,0.9760105506323684,-0.2177232303965317,-0.24173637516955826,0.10307067952241064,0.6134870937991588,0.24173637516955826,0,-0.22660670643164768,-0.14706674949630322,-0.35153566958072385,0.0023027457537834807,9
6649,US-Tw3,2018-04-22,US-Bi1,Croplands,38.1159,-121.6467,4.1,5.7000003,3.5187499953666213,21.58388010416667,0.8651904687499999,1.6145883958333327,0.9368813462954316,-0.3496474552512284,-0.7155669513226406,0.1535536536743247,0.596757988424575,0.4469330579441162,0,-0.7212014790510543,-0.5592735862905556,-0.8662257886263117,-0.10714101726207946,9
6650,US-Tw3,2018-05-08,US-Bi1,Croplands,38.1159,-121.6467,4.7,5.9,5.773365396794911,21.423805520833326,0.9679747416666664,5.1762632916666655,0.8064799463209448,-0.5912614448635781,-0.34954740110840293,0.055227817045298146,1.2547318907867737,-0.349547401108403,0,-0.386942865507026,-0.2861138196671533,-0.3755855181510294,0.03121472225223146,9
6651,US-Tw3,2018-05-24,US-Bi1,Croplands,38.1159,-121.6467,2.8,5.0,1.3900312351274158,18.82205454166666,0.5139584395833333,7.396883354166665,0.6152845999633276,-0.7883050558305255,1.222231321776788,0.25921206146385767,1.3854656187242114,-1.2222313217767882,0,0.9237177083985725,1.3904119171788796,1.3525643397529121,-0.26815126261560573,9
6652,US-Tw3,2018-06-01,US-Bi1,Croplands,38.1159,-121.6467,2.7,7.0,3.0919108385812613,21.56055610416667,1.1815313416666666,3.4603569375,0.5012418134457758,-0.865307254363206,0.2773991234707865,0.33418650547520945,1.1913183508874057,0.2773991234707865,0,0.26493686566915603,0.6176424370888609,-0.05038193234565739,0.06729753804602831,9
6816,US-Twt,2016-01-27,US-Bi1,Croplands,38.1087203999999,-121.6531,1.3,1.3000001,0.8720119486964417,14.809873375000002,0.2538251208333332,0.9874157916666664,0.4482293417404106,0.893918596519257,0.3532407345563966,0.1248493133047257,0.91719420051995,-0.3532407345563966,0,0.2745286713392894,0.28799915930541853,0.4971943730244819,-0.00755885177116019,9
6817,US-Twt,2016-02-04,US-Bi1,Croplands,38.1087203999999,-121.6531,1.6,2.0,1.0649147879160965,13.27002002083333,0.22943933125,2.8245793333333338,0.5667017562911176,0.8239230057575542,0.13395904317434373,0.18753612833912317,0.7992902344853337,-0.1339590431743437,0,-0.047116156308033896,0.12164418289759749,0.32734910293346764,5.564266325658925e-05,9
6818,US-Twt,2016-03-15,US-Bi1,Croplands,38.1087203999999,-121.6531,2.6,2.9,3.270805108252222,16.733959020833336,0.5144206854166667,2.500846333333333,0.9611297838723007,0.2760969730974688,-0.260202799866388,0.12680203847070198,0.8256213831824534,-0.26020279986638806,0,-0.14829407045185977,-0.2343886854943344,-0.3979256436529698,-0.00755885177116019,9
6819,US-Twt,2016-03-23,US-Bi1,Croplands,38.1087203999999,-121.6531,3.1,3.4,3.383882395171961,16.96517064583334,0.5976405791666667,2.570318541666667,0.989932495087353,0.141540295217043,-0.6166260784809335,0.1291881205152413,0.7273307892940137,-0.6166260784809335,0,-0.47504229847421175,-0.6467351046284073,-0.7281008323401817,-0.00755885177116019,9
6820,US-Twt,2016-03-31,US-Bi1,Croplands,38.1087203999999,-121.6531,3.5,4.0,4.533253264065628,17.785881750000012,0.5756469229166666,5.234998041666667,0.99999073973619,0.0043035382962442,-0.002044762942536908,0.3350522622462197,1.263640217117339,-0.0020447629425368596,0,-0.3628534862850983,0.2992844402884616,0.057434757169025984,0.19884663126304356,9
6821,US-Twt,2016-04-16,US-Bi1,Croplands,38.1087203999999,-121.6531,3.0,5.0,2.7839575834161003,21.6340275,1.3175553812500005,2.1691638124999995,0.9634705485641488,-0.2678143051621742,-0.12341687533110762,0.1288973806248249,0.7703662831788116,0.12341687533110762,0,-0.031497346420607135,-0.27075531054897306,-0.06799796902374265,-0.020415634801069452,9
6822,US-Twt,2016-04-24,US-Bi1,Croplands,38.1087203999999,-121.6531,1.9,4.7000003,1.0646896823775471,18.6068383125,0.7514966729166667,6.226441583333334,0.9175836260593936,-0.3975428142825559,0.934920145401589,0.30844265368584345,1.2057062430738816,-0.934920145401589,0,0.5866742214418539,1.0443866850644279,1.1736995296984851,-0.122476501006297,9
6823,US-Twt,2016-05-02,US-Bi1,Croplands,38.1087203999999,-121.6531,1.0,5.5,0.4378002980472,21.339423916666664,1.0748607645833337,3.031494499999998,0.854322169749827,-0.5197438121555155,0.5216920185997879,0.19957224079977182,0.8560978463238367,-0.5216920185997878,0,0.5725666621607839,0.6909028596150077,0.3016065340235719,-0.15016208007600157,9
6824,US-Twt,2016-05-10,US-Bi1,Croplands,38.1087203999999,-121.6531,0.9,5.7000003,0.7649478964261066,22.93029475,1.032184454166667,4.5753671875,0.7748840413670407,-0.6321034111873487,0.585731526492702,0.32833575278596766,1.1107422890199175,-0.585731526492702,0,0.521502790508604,0.941435709934715,0.29425607903478673,-0.09773540354086956,9
6825,US-Twt,2016-05-18,US-Bi1,Croplands,38.1087203999999,-121.6531,0.8,8.400001,1.005303314198245,29.53726929166667,2.4264324729166664,3.720853625,0.6807734094770161,-0.7324940716135789,0.2065595861385308,0.22340642842629288,0.8371514383185701,0.2040470422579592,0,0.27211495879503117,-0.04229054660316854,0.3898543462237298,-0.1287654013019986,9
6826,US-Twt,2016-05-26,US-Bi1,Croplands,38.1087203999999,-121.6531,1.9,6.4,0.6021396017190047,21.82214964583333,1.0827838875,3.3825806041666664,0.5737722679043246,-0.8190148866680801,0.4875902368607726,0.27682536200914043,0.9953551751521232,-0.4875902368607725,0,0.5179341190057463,0.7479935444296879,0.1968430471468836,-0.08328174682957648,9
6827,US-Twt,2016-06-11,US-Bi1,Croplands,38.1087203999999,-121.6531,4.1,7.3,2.2340761511918523,25.52539527083333,1.88723651875,4.087582604166668,0.3294084822245304,-0.9441875088341992,-0.4165878159470693,0.2764640038755176,1.4365608774676883,0.4165878159470693,0,-0.7227770756692771,-0.34171369721928035,-0.18527267495265054,-0.06761904108289107,9
6828,US-Twt,2016-06-19,US-Bi1,Croplands,38.1087203999999,-121.6531,2.4,7.4,2.9765772669525288,26.602624020833336,1.9922272000000003,2.4409861875000005,0.1966728897935764,-0.980469160361632,0.1975830660341044,0.1539046842905005,1.0946748879792683,0.19758306603410436,0,0.20973227656567878,0.34505307760379356,0.037963843932840885,0.009479797995080653,9
6829,US-Twt,2016-06-27,US-Bi1,Croplands,38.1087203999999,-121.6531,8.4,8.900001,8.161782603334434,31.588401979166665,2.5175900270833336,3.792104416666666,0.060213277365793,-0.9981855344718586,-2.3921341013463446,0.12082285709899523,1.543954168174604,-1.9156993080152112,0,-2.5021517996411964,-2.2628269188125536,-2.4114235855852835,-13.806197610378979,9
6830,US-Twt,2016-07-05,US-Bi1,Croplands,38.1087203999999,-121.6531,7.4,7.0,6.234217746420296,21.900679937500005,0.8004096895833333,5.334180874999999,-0.0773864792334632,-0.9970011699250152,-2.044702478444654,0.18121690671267787,1.4726485193802274,0.28686202871475386,0,-2.061633702584117,-2.216859587856374,-1.855614144893472,2.170325955393685,9
6831,US-Twt,2016-07-13,US-Bi1,Croplands,38.1087203999999,-121.6531,7.4,8.900001,6.675850433150015,29.378077125,1.8671176979166668,1.9642014166666664,-0.2135209154397959,-0.9769384927771816,-1.265684509817061,0.3471028924461452,1.173144353859517,0.1826146238829096,0,-0.8649082466361467,-1.4623032783927417,-1.4698420044222944,-0.4099549912274206,9
6832,US-Twt,2016-07-21,US-Bi1,Croplands,38.1087203999999,-121.6531,7.7,7.6,9.096805216186524,23.800474895833336,1.1225036333333331,3.6127561041666674,-0.3456123126707333,-0.9383773917408642,-2.3023331537072105,0.37218007006161513,1.4295570390320718,-2.3023331537072105,0,-1.9887852154548105,-2.7136336879780347,-2.2045805576887867,-13.804801300944877,9
6833,US-Twt,2016-07-29,US-Bi1,Croplands,38.1087203999999,-121.6531,8.3,9.8,8.813289081953819,29.09462172916667,1.7400295375,1.829098916666667,-0.4711595076738639,-0.8820480249558535,-1.7823170669125947,0.5233569605544246,1.6394866023944286,-1.7823170669125945,0,-1.1956988208683077,-1.9498812766511044,-2.2013711032183725,0.2647685059668336,9
6834,US-Twt,2016-08-06,US-Bi1,Croplands,38.1087203999999,-121.6531,6.7,6.6,6.352112722949268,22.55968110416666,0.8306175125,2.5005718750000003,-0.5877852522924734,-0.8090169943749472,-1.4632165283601477,0.3315245025618387,1.035431621321115,-0.7674419742586842,0,-1.0878700104932417,-1.5857381223665563,-1.7160414522206453,-0.6252520114607281,9
6835,US-Twt,2016-08-14,US-Bi1,Croplands,38.1087203999999,-121.6531,7.6,8.1,7.94202119782899,27.067172437499995,1.5686041833333335,1.7670399583333325,-0.6932812268869771,-0.7206671495538615,-1.5960504302295757,0.4293610149551819,1.0414079440750328,-1.5960504302295757,0,-1.146511194867391,-1.6397489622403423,-2.0018911335809944,0.28657838680736286,9
6836,US-Twt,2016-08-22,US-Bi1,Croplands,38.1087203999999,-121.6531,5.7,6.3,5.5793042943615285,22.63387633333333,0.8489715166666668,3.690157229166666,-0.7856498550787144,-0.6186714032625032,-1.2909160210036437,0.3308330753537797,0.8428541321514578,-1.0495246097267004,0,-0.965369455596841,-1.6267936048145433,-1.2805850025995469,-0.6897116926266234,9
6837,US-Twt,2016-08-30,US-Bi1,Croplands,38.1087203999999,-121.6531,6.2,7.0,6.794434445489606,26.113677145833336,1.3750088104166671,3.2469705625,-0.8631421280499115,-0.5049610547215202,-1.5614146101851594,0.3318266497315562,0.9398553132913587,-1.5614146101851594,0,-1.181087218348876,-1.7918552441240418,-1.71130136808256,-1.1591789183171846,9
6838,US-Twt,2016-09-07,US-Bi1,Croplands,38.1087203999999,-121.6531,5.2,6.8,4.672410442612222,26.46028608333334,1.5996025645833336,1.2268103958333336,-0.9242907221930934,-0.3816892202666586,-0.684735814351685,0.1614493372286849,0.9137836436452318,0.37044330042387197,0,-0.6840084647044989,-0.5236513807520149,-0.8465475975985408,-0.19387152152760956,9
6839,US-Twt,2016-09-15,US-Bi1,Croplands,38.1087203999999,-121.6531,4.7,5.6,4.199812048187632,23.625657354166663,1.2630896687499995,1.951438791666667,-0.9679377830240642,-0.2511900638848195,-0.7915303942104229,0.2921873470082397,0.8715280884642146,0.208845509414313,0,-0.6481689058101932,-0.5987133908124409,-1.1277088860086346,-0.25338219465882433,9
6840,US-Twt,2016-09-23,US-Bi1,Croplands,38.1087203999999,-121.6531,3.9,5.5,3.5307440090112387,21.576250145833335,1.2156549645833337,1.9869707708333333,-0.9932568492674144,-0.1159345995955006,-0.6251452573549736,0.19389289908010254,0.7159995270025976,0.11336672462254871,0,-0.4451587483685282,-0.5998211291565961,-0.8304558945397965,-0.15016208007600157,9
6841,US-Twt,2016-10-01,US-Bi1,Croplands,38.1087203999999,-121.6531,3.8,4.8,2.896007581056377,19.705597583333333,0.9728092666666672,2.610386083333333,-0.9997685019798908,0.0215160974362222,-0.7426560667428396,0.2134119886040217,0.710449746591166,0.7426560667428396,0,-0.5154458198653387,-0.9388826442072964,-0.7736397361558836,-0.024629365777005637,9
6842,US-Twt,2016-10-09,US-Bi1,Croplands,38.1087203999999,-121.6531,3.0,4.7000003,1.6853625795480722,21.378984520833328,1.3260440104166669,0.9852435,-0.9873494423939864,0.1585593851031347,-0.0653578669689513,0.15802532726145033,0.7610034603565099,0.0653578669689514,0,-0.2470436516714479,0.040138038173767966,0.010832012590826043,-0.020415634801069452,9
6843,US-Twt,2016-10-17,US-Bi1,Croplands,38.1087203999999,-121.6531,1.6,2.3,1.6322186405976995,20.204311333333333,0.5585196166666667,1.7716074166666662,-0.9562348265919058,0.2926003356333479,0.2923352365627722,0.11310410685064354,0.7212139608017758,-0.2278979553673734,0,0.30478511564093813,0.3986993256618567,0.1735212683855219,-0.00755885177116019,9
6844,US-Twt,2016-11-02,US-Bi1,Croplands,38.1087203999999,-121.6531,0.9,1.8000001,0.7652663626451643,16.582712333333333,0.3729958,1.043774375,-0.8406184056344783,0.5416278206559811,0.4888588979112453,0.15311626011915636,0.6678035330949778,-0.48885889791124526,0,0.4433817844397792,0.363633056139754,0.6595618531542027,-0.00755885177116019,9
6845,US-Twt,2016-11-18,US-Bi1,Croplands,38.1087203999999,-121.6531,1.7,2.0,1.0126960233854867,11.668193479166666,0.3604624333333334,1.3149459375,-0.661634618242279,0.749826401204568,0.5073731629996797,0.15763660800503634,0.5599426550956873,-0.5073731629996798,0,0.39056970551738834,0.44487404631999955,0.6866757371616511,0.02277402321810951,9
6846,US-Twt,2016-12-04,US-Bi1,Croplands,38.1087203999999,-121.6531,1.0,1.1,0.6085323640189496,10.9322952,0.2424527395833333,0.8468681041666667,-0.4327755925504317,0.9015016841318838,0.7476418573178832,0.11814721706933738,0.654489382025479,-0.7476418573178832,0,0.7041143834295046,0.657433346968819,0.8813778415553261,-0.00755885177116019,9
6847,US-Twt,2017-01-29,US-Bi1,Croplands,38.1087203999999,-121.6531,1.6,1.7,0.5342638424771395,14.274283020833336,0.2646548291666666,0.8758155624999997,0.4787338401157884,0.8779600847008882,0.3056027699435169,0.12163054178383474,0.7836133131833719,-0.30560276994351687,0,0.26849521193217685,0.20684814964012027,0.44146494825825366,-0.00755885177116019,9
6848,US-Twt,2017-02-14,US-Bi1,Croplands,38.1087203999999,-121.6531,1.4,1.4,1.364372980894199,17.50494698958333,0.3478623625000001,0.9582981875,0.6994583270516471,0.7146733860429609,0.39403472067869133,0.16855839929271765,0.9787565413512773,-0.39403472067869133,0,0.27594492125242986,0.3190906901560662,0.5870685506275779,5.564266325658925e-05,9
6849,US-Twt,2017-04-03,US-Bi1,Croplands,38.1087203999999,-121.6531,4.4,4.9,4.279633559731296,18.6520245625,1.0752230604166666,3.478493124999998,0.9995462806873572,-0.0301203048469081,-1.551392391676984,0.14168523180999854,0.8887532069205528,-1.3106595111395762,0,-1.4304807740939942,-1.707294470501161,-1.5164019304357974,-0.3982711257527417,9
7454,US-Var,2016-01-12,US-Var,Grasslands,38.4133,-120.9507,0.7,1.2,0.4778835639022038,13.662862500000005,0.425843,1.3056606249999996,0.2051044998686192,0.9787400799669153,0.25762359671963164,0.14400162719129753,0.7684037882370496,-0.25762359671963164,0,0.11335728497653053,0.2581544334543468,0.40135907172801755,-0.00755885177116019,9
7455,US-Var,2016-02-05,US-Var,Grasslands,38.4133,-120.9507,0.4,1.7,0.6213664713410569,13.516524999999994,0.3457959166666666,1.1836453958333333,0.5808002734538009,0.8140460935082178,0.2274372205184159,0.21011667455945426,0.8564978650721257,0.21529572216369794,0,0.07171437827488092,0.14417193922677227,0.46642534405359454,-0.004158088312679588,9
7456,US-Var,2016-02-12,US-Var,Grasslands,38.4133,-120.9507,0.9,1.5,1.0584513667654358,17.519875000000006,0.6442683333333333,1.3473643749999995,0.6744436188329455,0.7383263540031065,0.1513985864727091,0.20359547120648247,1.0254737295643068,0.1513985864727091,0,-0.005443976866745184,0.07815766573319524,0.3814820705516772,0.10392197567181248,9
7457,US-Var,2016-02-13,US-Var,Grasslands,38.4133,-120.9507,1.6,2.1000001,1.1773184954011269,17.043958333333332,0.6532695833333335,1.5697904166666663,0.6870527672236669,0.7266075247685656,-0.012064204340421145,0.08909897039690053,0.849806491394793,0.012064204340421159,0,-0.08067742559685459,-0.04414882752661352,0.08863364010220467,-0.00755885177116019,9
7458,US-Var,2016-02-21,US-Var,Grasslands,38.4133,-120.9507,1.1,1.9,1.1956913842998926,14.26695833333334,0.3451069999999999,1.4380297916666664,0.7802958510707755,0.6254105729852463,0.2483059448208836,0.14661187557374777,0.6711116214754066,-0.05692317622109852,0,0.09160767234938871,0.2711638149637678,0.3821463471494943,-0.00755885177116019,9
7459,US-Var,2016-02-29,US-Var,Grasslands,38.4133,-120.9507,2.1,1.8000001,2.214693458664998,17.36554166666666,0.7993081250000001,1.3418479166666666,0.8587639582758029,0.5123714121284237,0.023048307609412105,0.11673085840316134,0.8585943139280658,0.023048307609412108,0,0.1319843357534908,-0.10016415811280244,0.03732474518754794,-0.00755885177116019,9
7460,US-Var,2016-03-15,US-Var,Grasslands,38.4133,-120.9507,2.0,2.5,2.6725736115441667,14.560547916666671,0.5800013541666668,1.5237122916666668,0.9611297838723007,0.2760969730974688,0.23811025329728416,0.1028023505347027,0.6508053281746309,0.2381102532972842,0,0.24347616906045755,0.33812456162311305,0.13273002920828186,-0.00755885177116019,9
7461,US-Var,2016-03-16,US-Var,Grasslands,38.4133,-120.9507,2.8,2.8,2.2520777026178913,15.794687500000006,0.5410364583333334,1.2165268749999991,0.9657399376548548,0.2595117970697999,0.004848919286235498,0.06964664491668945,0.7049248200866689,-0.004848919286235542,0,-0.0322241588462397,0.08519035546013737,-0.038419438755191174,-0.04502134075838179,9
7462,US-Var,2016-03-23,US-Var,Grasslands,38.4133,-120.9507,2.7,3.1000001,2.8551326425418107,14.543281249999998,0.5844954166666666,1.1234635208333337,0.989932495087353,0.141540295217043,-0.024149169673100105,0.05451841203134565,0.7035749974845751,-0.0241491696731001,0,-0.05111326066162487,0.03859706766769004,-0.05993131602536549,-0.04502134075838179,9
7463,US-Var,2016-03-24,US-Var,Grasslands,38.4133,-120.9507,3.0,3.2,3.0346373188080715,16.59425,0.6376729166666667,1.34910875,0.9922222094179324,0.1244792638867891,-0.21984504672928287,0.12999123495069947,0.7279131366028445,-0.21984504672928284,0,-0.23706343578216704,-0.08210271752073997,-0.3403689868849416,-0.00755885177116019,9
7464,US-Var,2016-03-31,US-Var,Grasslands,38.4133,-120.9507,3.4,3.4,2.9986202219500213,16.13077083333333,0.4746766874999999,0.9233002083333334,0.99999073973619,0.0043035382962442,-0.28798971226316084,0.006865449020381428,0.8303978627457796,0.28798971226316084,0,-0.2872793329936055,-0.28150707247468615,-0.2951827313211909,-0.058996020337329785,9
7465,US-Var,2016-04-01,US-Var,Grasslands,38.4133,-120.9507,3.4,3.4,3.2115933328603696,16.89802083333333,0.5225872708333333,1.0331864583333334,0.999916658654738,-0.0129102960750088,-0.31426830339434736,0.061819245363603996,0.8479451607071141,0.0625450308849132,0,-0.3105497584697881,-0.25439226655102376,-0.3778628851622302,-0.04502134075838179,9
7466,US-Var,2016-04-08,US-Var,Grasslands,38.4133,-120.9507,3.2,3.4,2.555473228630847,18.644145833333337,0.4107657916666667,0.9066104166666666,0.9911140639934548,-0.1330147065341959,-0.010357171460811129,0.16653339708399617,0.8119341630934329,0.010357171460811165,0,-0.08131323884809982,0.17990232016637853,-0.1296605957007121,5.564266325658925e-05,9
7467,US-Var,2016-04-16,US-Var,Grasslands,38.4133,-120.9507,4.5,4.6,4.1198272839528425,18.540291666666672,0.9852391666666668,0.9614089583333336,0.9634705485641488,-0.2678143051621742,-0.8740413303830853,0.22140167987590742,0.768665056571591,-0.11369589828877025,0,-0.6186198675497833,-0.9923387151607409,-1.0111654084387316,-0.045604733953961564,9
7468,US-Var,2016-04-17,US-Var,Grasslands,38.4133,-120.9507,4.1,4.6,4.57984551712517,21.256479166666665,1.182187916666667,1.1103170833333331,0.9587178169872964,-0.2843591872810034,-0.5366173445093106,0.04530057103048641,0.8105715420188814,-0.5366173445093105,0,-0.5528837974812748,-0.4854295756790961,-0.571538660367561,-0.05787812378829107,9
7469,US-Var,2016-04-25,US-Var,Grasslands,38.4133,-120.9507,3.8,4.2000003,3.7286506479082,15.102477083333332,0.6965411958333333,1.391395625,0.9106046300942164,-0.4132786077829042,-0.5734595551517586,0.2072983321020749,0.6640732325183633,-0.43076085096815897,0,-0.34016090748793343,-0.7364921113093179,-0.6437256466580245,-0.024629365777005637,9
7470,US-Var,2016-05-02,US-Var,Grasslands,38.4133,-120.9507,3.9,5.2000003,4.229134915861162,21.388583333333333,1.2176502083333334,1.0218520833333335,0.854322169749827,-0.5197438121555155,-0.1366880130527797,0.006772491708149758,0.7434519658462937,-0.13668801305277967,0,-0.13256078411875222,-0.1329991384992431,-0.14450411654034376,-0.12944891266137032,9
7471,US-Var,2016-05-11,US-Var,Grasslands,38.4133,-120.9507,4.8,5.6,3.4348796529255443,22.24818749999999,1.3816572916666667,0.8715924999999999,0.7638886127905428,-0.6453481132295501,-0.3289003942061965,0.08884525583589699,0.8341672294914554,0.32890039420619654,0,-0.38308146989049136,-0.3772537942438782,-0.2263659184842199,-0.1074347744116934,9
7472,US-Var,2016-05-18,US-Var,Grasslands,38.4133,-120.9507,3.4,7.6,2.5366451333314988,25.949041666666663,2.272414166666666,1.0121820833333337,0.6807734094770161,-0.7324940716135789,-0.084933332529878,0.15467421350629393,1.2649488837935432,0.084933332529878,0,0.05053370709273212,-0.051866935646251014,-0.2534667690361151,0.08069662633822809,9
7473,US-Var,2016-05-19,US-Var,Grasslands,38.4133,-120.9507,3.5,6.3,1.8382404602031333,21.01872916666667,1.209484375,1.5668693750000002,0.6680638642135335,-0.7441039398713607,-0.03260580410582303,0.07333290692893805,0.7549133437089488,0.03260580410582303,0,0.03962472800302945,-0.10699348727887811,-0.030448653041620435,-0.12991984312595256,9
7474,US-Var,2016-05-26,US-Var,Grasslands,38.4133,-120.9507,3.8,5.7000003,1.34930070807005,20.742395833333337,1.053035704166667,1.1855182083333338,0.5737722679043246,-0.8190148866680801,-0.005118377189026998,0.17226884794952455,0.5866739664868282,0.005118377189027079,0,0.1555369141465377,-0.18702832445639916,0.016136278742780473,-0.05529336354034783,9
7475,US-Var,2016-05-27,US-Var,Grasslands,38.4133,-120.9507,3.4,5.7000003,1.418154621526745,22.97372916666667,1.602109791666667,1.2800304166666667,0.5595892624101765,-0.8287700871745037,0.2901761262106007,0.07643165776172228,1.023099288275089,-0.29017612621060085,0,0.3692721132306386,0.28453487150276596,0.2167213938983976,-0.00297503830784493,9
7476,US-Var,2016-06-11,US-Var,Grasslands,38.4133,-120.9507,2.3,5.8,0.2091040246742542,22.85039583333333,1.8516160416666667,1.30796375,0.3294084822245304,-0.9441875088341992,0.3621765435857038,0.09594588672229844,1.1366844229880722,-0.36217654358570384,0,0.41680292931950974,0.41833539193724834,0.25139130950035327,0.010293166236788255,9
7477,US-Var,2016-06-19,US-Var,Grasslands,38.4133,-120.9507,1.3,5.9,0.1557116034489117,25.107916666666664,2.0785756250000005,1.243812916666666,0.1966728897935764,-0.980469160361632,0.4812662330373691,0.11523884000015536,1.0931558438927573,-0.48126623303736915,0,0.5977829729843145,0.4786664403784787,0.36734928574931414,-0.032269804406492346,9
7478,US-Var,2016-06-20,US-Var,Grasslands,38.4133,-120.9507,2.6,7.1,0.2278720354892114,26.574354166666662,2.6363950000000003,1.336863125,0.1797665857255624,-0.9837092937736096,0.05365605210001185,0.21682845859187627,1.0782784502126692,-0.05365605210001201,0,0.3027375249594026,-0.04889843035188074,-0.0928709383074863,-0.03148215369762352,9
7479,US-Var,2016-06-27,US-Var,Grasslands,38.4133,-120.9507,1.8,6.8,0.1512455015638201,30.58629166666667,3.575708333333333,1.4305199999999998,0.060213277365793,-0.9981855344718586,-0.16700792217569038,0.1506301072835046,1.0650393726171137,0.16700792217569038,0,0.006588172807955435,-0.24443974977569657,-0.26317218955933,-0.009366436450444361,9
7480,US-Var,2016-06-28,US-Var,Grasslands,38.4133,-120.9507,2.4,7.8,0.0465756928593976,30.39470833333333,3.4231562499999995,1.2644593750000002,0.0430222330045305,-0.99907411510223,-0.2047613766692166,0.21864550858559764,1.1611736420451817,0.20476137666921668,0,0.04761369344027514,-0.33694694599166086,-0.32495087745626416,-0.03776254116923609,9
7481,US-Var,2016-07-05,US-Var,Grasslands,38.4133,-120.9507,1.9,7.0,0.0428044818670041,22.29375000000001,1.4077389583333335,1.1752212083333329,-0.0773864792334632,-0.9970011699250152,0.2809946496011198,0.21490939748538468,1.1391916357481262,-0.28099464960112,0,0.496589361675011,0.279617400789562,0.06677718633878646,-0.033188142677012575,9
7482,US-Var,2016-07-06,US-Var,Grasslands,38.4133,-120.9507,2.3,6.9,0.0878421178375732,22.483291666666663,1.4767766666666668,1.3223475,-0.0945367498171993,-0.9955213724144752,0.2531312251973514,0.18908043277038772,0.9960392687441558,-0.2531312251973512,0,0.432356463735941,0.27150075935966006,0.05553645249645315,-0.009366436450444361,9
7483,US-Var,2016-07-13,US-Var,Grasslands,38.4133,-120.9507,1.5,7.1,0.136057551560776,27.67583333333333,2.9105256250000004,1.262811875,-0.2135209154397959,-0.9769384927771816,0.17504024137511257,0.18828221542012397,0.8182932112530779,-0.17504024137511265,0,0.392437144425133,0.06430892199778587,0.06837465770241885,-0.092457354138731,9
7484,US-Var,2016-07-14,US-Var,Grasslands,38.4133,-120.9507,1.3,7.3,0.1057231731668172,29.79725,3.3663437500000004,1.2388147916666667,-0.2303056702306119,-0.973118337233262,0.02319985399996354,0.21930139180118063,0.9089285189758811,-0.023199853999963604,0,0.2671313183064818,-0.15764015935394635,-0.039891596952644826,-0.10897485511684754,9
7485,US-Var,2016-07-21,US-Var,Grasslands,38.4133,-120.9507,2.3,7.2000003,0.1478454660889497,24.098520833333332,2.168448125,1.2849366666666666,-0.3456123126707333,-0.9383773917408642,0.21713721541097689,0.1871199148849267,0.872341570171027,-0.21713721541097675,0,0.43318733091477635,0.10674082055980172,0.11148349475835259,-0.10018672564868783,9
7486,US-Var,2016-07-22,US-Var,Grasslands,38.4133,-120.9507,2.4,7.0,0.1580777082501569,25.50075,2.52163375,1.2656852083333334,-0.3617137307297674,-0.9322892131745134,0.17268309960412412,0.13623269270571448,0.8480992797591111,-0.1726830996041242,0,0.3239425772585007,0.05963980204960411,0.1344669195042676,-0.092457354138731,9
7487,US-Var,2016-07-29,US-Var,Grasslands,38.4133,-120.9507,1.6,7.9,0.1367877736967304,30.29483333333333,3.4918333333333336,1.230306458333333,-0.4711595076738639,-0.8820480249558535,-0.101743971249943,0.10471612325858763,1.045711939295461,0.10174397124994305,0,0.01674622601135102,-0.18185821780383885,-0.1401199219573412,-0.017095807960401183,9
7488,US-Var,2016-07-30,US-Var,Grasslands,38.4133,-120.9507,1.6,8.2,0.0909814290299135,29.15616666666668,3.26023125,1.3537179166666666,-0.4862727071086902,-0.8738071036110807,-0.05681386241756228,0.079489999543993,0.993664403426904,0.056813862417562255,0,0.033213263238626695,-0.08633557215870888,-0.11731927833260467,-0.029102151848115525,9
7489,US-Var,2016-08-06,US-Var,Grasslands,38.4133,-120.9507,1.9,6.5,0.0871420932373798,22.866916666666665,1.6186827083333335,1.2252518750000003,-0.5877852522924734,-0.8090169943749472,0.33883178973257255,0.11629355395825848,0.8322393341109053,-0.33883178973257233,0,0.44822209674077224,0.3515867010300076,0.21668657142693792,-0.092457354138731,9
7490,US-Var,2016-08-07,US-Var,Grasslands,38.4133,-120.9507,1.9,6.3,0.093018155364115,23.1843125,1.6863087499999996,1.194294375,-0.6016240632249227,-0.7987793728863648,0.35312689101719946,0.10464756849150579,0.8323834090762604,-0.3531268910171994,0,0.4672504031586639,0.3304596341223117,0.26167063577062283,-0.092457354138731,9
7491,US-Var,2016-08-14,US-Var,Grasslands,38.4133,-120.9507,1.0,7.4,0.0700193873852291,29.320791666666675,3.3125770833333337,1.3028395833333335,-0.6932812268869771,-0.7206671495538615,-0.00831251697947973,0.03740264350796624,0.79393607511503,0.008312516979479767,0,0.029950021243098042,-0.04479144783402209,-0.01009612434751514,-0.12625031816358578,9
7492,US-Var,2016-08-15,US-Var,Grasslands,38.4133,-120.9507,1.6,6.9,0.0383544913955582,25.9281875,2.3807575,1.1392964583333334,-0.7055836101071774,-0.7086266782644601,0.1989095885614188,0.08019857444481049,0.9036321102986286,-0.19890958856141872,0,0.287872383051591,0.17669986032326504,0.1321565223094004,-0.09205068184557376,9
7493,US-Var,2016-08-23,US-Var,Grasslands,38.4133,-120.9507,2.0,5.7000003,0.0602838149603601,23.05204166666667,1.815439166666667,1.0910514583333333,-0.7961828637826154,-0.6050560696488494,0.28974153527255303,0.06580040238825573,0.8279264452136699,-0.2897415352725532,0,0.3569801539574978,0.28676401230851833,0.22548043955164287,-0.09010065703115079,9
7494,US-Var,2016-08-30,US-Var,Grasslands,38.4133,-120.9507,1.0,6.2000003,0.0543546110500383,24.33241666666667,1.8571493750000003,1.10886,-0.8631421280499115,-0.5049610547215202,0.3059423195294568,0.12747031273387835,0.783826928427507,-0.3059423195294567,0,0.45117644249050387,0.254036795275183,0.21261372082268332,-0.07801174409520077,9
7495,US-Var,2016-08-31,US-Var,Grasslands,38.4133,-120.9507,1.5,6.1,-0.0024703944818419,23.743583333333333,1.6687824999999998,1.18722125,-0.8717063187093218,-0.4900286664290594,0.23796740310150963,0.07282837348310434,0.7283587049134967,-0.23796740310150954,0,0.31706125634876686,0.22316100533379954,0.17367994762196248,-0.09010065703115079,9
7496,US-Var,2016-09-07,US-Var,Grasslands,38.4133,-120.9507,1.3,5.1,0.0299643630906505,26.11800000000001,2.5704310416666662,1.2323943750000002,-0.9242907221930934,-0.3816892202666586,0.25262146405268343,0.06865543478799815,0.8967204032547114,-0.2526214640526834,0,0.1883848173716047,0.24450536626768948,0.3249742085187561,-0.07561363596572683,9
7497,US-Var,2016-09-08,US-Var,Grasslands,38.4133,-120.9507,1.7,5.6,0.0198113633219626,24.1770625,1.7929691666666667,1.1483570833333332,-0.9307239310379792,-0.3657225234972692,0.20682500696912898,0.03787225256346766,0.5778805107556004,-0.20682500696912887,0,0.2500314599826523,0.17937290640630033,0.1910706545184343,-0.08135695605524589,9
7498,US-Var,2016-09-15,US-Var,Grasslands,38.4133,-120.9507,1.0,4.4,0.0403334755840191,22.120458333333332,1.6208237499999996,1.095705625,-0.9679377830240642,-0.2511900638848195,0.1863564305296644,0.058157456129142866,0.8568997795559478,-0.18635643052966444,0,0.1720099035272146,0.25034450350552506,0.13671488455625355,-0.03250454773701949,9
7499,US-Var,2016-09-16,US-Var,Grasslands,38.4133,-120.9507,0.8,4.5,0.0294490674885026,22.99154166666667,1.7724472916666667,0.9710460416666667,-0.9721181966290612,-0.2344913895704105,0.21684213635716756,0.06285380131450408,0.8672901386675498,-0.21684213635716754,0,0.23585610787977196,0.2679936372641491,0.14667666392758175,-0.03250454773701949,9
7500,US-Var,2016-09-23,US-Var,Grasslands,38.4133,-120.9507,0.3,4.6,0.1320148606484985,20.2904375,1.5741814583333331,1.4294754166666668,-0.9932568492674144,-0.1159345995955006,0.05865549228637466,0.08227131224945905,0.7842300574454419,-0.05865549228637465,0,-0.03602327755480893,0.0992482687799025,0.11274148563403039,-0.020415634801069452,9
7501,US-Var,2016-09-24,US-Var,Grasslands,38.4133,-120.9507,1.1,4.9,0.0471744659494825,22.614750000000004,1.861668333333333,1.0736391666666665,-0.9951053111006974,-0.0988201387328721,0.1595031604486561,0.09258611034120295,0.7414442583399193,-0.1595031604486561,0,0.14057495342034806,0.2600906970749001,0.07784383085072011,-0.020415634801069452,9
7502,US-Var,2016-10-01,US-Var,Grasslands,38.4133,-120.9507,0.8,3.6000001000000004,0.0330152172434926,17.427604166666672,1.0349591666666669,1.206398125,-0.9997685019798908,0.0215160974362222,-0.1716421803504186,0.014292561743940358,0.6705847001872317,0.17164218035041856,0,-0.18333415643292547,-0.17588334218754567,-0.1557090424307846,-0.033622444286058185,9
7503,US-Var,2016-10-02,US-Var,Grasslands,38.4133,-120.9507,0.9,2.9,0.0735207341537319,16.98239583333333,0.7364987500000001,1.5813379166666666,-0.9992500112396836,0.0387222808921739,0.1778888612636027,0.07816966339272313,0.7263651061858944,-0.1778888612636027,0,0.08771603998281102,0.21949059091021464,0.22645995289778248,-0.01964776470711022,9
7504,US-Var,2016-10-09,US-Var,Grasslands,38.4133,-120.9507,0.5,4.2000003,0.0977962772709906,23.329062500000006,2.238754166666666,1.2760625,-0.9873494423939864,0.1585593851031347,0.13896285081140225,0.09429584319217693,0.6127838142074272,-0.13896285081140225,0,0.20404836973282447,0.18201514716369066,0.030825035537691607,0.0023027457537834807,9
7505,US-Var,2016-10-10,US-Var,Grasslands,38.4133,-120.9507,0.8,4.4,0.0420330696746606,21.3548125,1.6540768749999992,1.2100329166666668,-0.9844738167520924,0.1755314904214277,0.007090694051476554,0.17286830158463104,0.7317722181668957,-0.007090694051476554,0,-0.136149179499255,0.19910665925649104,-0.04168539760280637,-0.020415634801069452,9
7506,US-Var,2016-10-18,US-Var,Grasslands,38.4133,-120.9507,0.9,2.3,0.6666921937900481,17.422062500000006,0.6588447291666667,1.597294375,-0.9510565162951536,0.3090169943749472,0.29645280803720603,0.1771078061844244,0.6234820740643414,-0.2964528080372061,0,0.11198863939811143,0.3122198488553247,0.46514993585818204,5.564266325658925e-05,9
7507,US-Var,2016-10-26,US-Var,Grasslands,38.4133,-120.9507,1.6,2.7,1.0375656305628378,20.428729166666667,1.0474479166666668,1.0566485416666664,-0.8996308696522434,0.4366512319560638,0.3045362015454333,0.21780543622186865,0.7086522512781286,-0.30453620154543337,0,0.1301161408770235,0.2348308410630594,0.5486616226962171,-0.008732486804903107,9
7508,US-Var,2016-11-02,US-Var,Grasslands,38.4133,-120.9507,0.8,1.8000001,0.8494179432283699,16.42285416666667,0.4012755666666665,1.1235295833333332,-0.8406184056344783,0.5416278206559811,0.4539972959980907,0.15214121379800327,0.6506432365953837,-0.3551614095413509,0,0.37898305266631044,0.35393045061734046,0.6290783847106212,-0.00755885177116019,9
7509,US-Var,2016-11-10,US-Var,Grasslands,38.4133,-120.9507,0.6,1.5,0.8118457974829913,20.433749999999996,0.8387758333333329,1.175472291666667,-0.7583058084785625,0.6518989958787125,0.43645375285208887,0.3383762990151985,0.9738384983985418,-0.012762157886106129,0,0.12324159272936788,0.3907676511597611,0.7953520146671377,-0.01839780438051935,9
7510,US-Var,2016-11-11,US-Var,Grasslands,38.4133,-120.9507,0.8,2.0,0.9200734418506276,20.9074375,0.8690450000000003,1.1591179166666667,-0.7469720876965551,0.6648553979642867,0.42311221264100257,0.3262620143480743,0.9019967132943572,-0.18296532893974754,0,0.1924314221174894,0.2805055558377117,0.7963996599678066,-0.01839780438051935,9
7511,US-Var,2016-11-18,US-Var,Grasslands,38.4133,-120.9507,1.1,2.5,0.9047726689289788,16.203354166666667,0.8681635416666668,1.2507350000000004,-0.661634618242279,0.749826401204568,0.1723368403359451,0.22459052398077034,0.6804135786798761,-0.1723368403359451,0,-0.08256993442322341,0.3411158323495316,0.2584646230815271,-0.008732486804903107,9
7512,US-Var,2016-12-20,US-Var,Grasslands,38.4133,-120.9507,0.5,0.8,0.4406336066908455,11.55679583333333,0.2551881041666666,1.1613583333333335,-0.1712931441814778,0.9852201067560606,0.50979835852914,0.04681403955458665,0.619173839411381,-0.50979835852914,0,0.4992237035498249,0.4691761357762854,0.5609952362613095,-0.01964776470711022,9
7513,US-Var,2016-12-28,US-Var,Grasslands,38.4133,-120.9507,0.2,0.8,0.3546920083784287,10.995598958333332,0.18863535625,1.1285754166666662,-0.0344216116227458,0.9994074007397048,0.44449620009577,0.09057947915402421,0.6069922696158456,-0.13511218333891267,0,0.3519024268807469,0.4486690209549714,0.5329171524515918,0.015159528783692732,9
7514,US-Var,2016-12-29,US-Var,Grasslands,38.4133,-120.9507,0.4,1.0,0.4200488494264507,12.231650000000002,0.2664419375000001,1.1786197916666667,-0.0172133561558352,0.9998518392091162,0.4039022866522237,0.05666519498307198,0.6300836696973767,-0.36380458779932234,0,0.3432702200410564,0.4129167074293203,0.45551993248629435,-0.01964776470711022,9
7515,US-Var,2017-02-14,US-Var,Grasslands,38.4133,-120.9507,1.5,1.5,0.7813136267268961,15.157177083333332,0.3937979854166667,1.7753614583333337,0.6994583270516471,0.7146733860429609,0.2034853930755268,0.19678230644464803,0.895379754474477,-0.20348539307552682,0,-0.016759963307807782,0.26521113568901084,0.36200500684537734,-0.004158088312679588,9
7516,US-Var,2017-03-02,US-Var,Grasslands,38.4133,-120.9507,1.8,2.2,0.9979034299032216,13.553243750000004,0.5527947916666668,2.2097606249999995,0.8674563547295968,0.4975132889071806,0.10914657302272694,0.15450578133802478,0.8521262088198345,-0.1091465730227269,0,-0.029939727515228852,0.27545380350162885,0.08192564308178082,-0.00755885177116019,9
7517,US-Var,2017-04-03,US-Var,Grasslands,38.4133,-120.9507,3.2,4.4,2.9482938386778508,15.279524999999998,0.8238951875000001,2.4763545833333342,0.9995462806873572,-0.0301203048469081,-0.8456733588438418,0.09868671777716183,0.5901686632730275,-0.34226103619954296,0,-0.8428329397732294,-0.748437512912407,-0.9457496238458889,0.01839169703691648,9
7518,US-Var,2017-04-04,US-Var,Grasslands,38.4133,-120.9507,3.4,3.3,2.6084065615962,15.977604166666673,0.8200118749999997,1.5941262708333337,0.9988797155850336,-0.0473213883224318,-0.5679702435089728,0.11965744663780421,0.7683179838504509,0.5679702435089728,0,-0.49291438314194286,-0.5050349072499586,-0.7059614401350172,-0.00755885177116019,9
7519,US-Var,2017-04-19,US-Var,Grasslands,38.4133,-120.9507,3.6,3.6000001000000004,3.1136891880495288,14.954395833333333,0.5610477625,1.8569758333333333,0.9536809966304456,-0.3008198076356673,-0.7167627565527676,0.12109895604141196,0.7504049885728115,0.2558588673481751,0,-0.6233672195150793,-0.673333323848001,-0.8535877262952222,-0.00755885177116019,9
7520,US-Var,2017-04-20,US-Var,Grasslands,38.4133,-120.9507,4.6,3.7,3.2791050099290766,15.262937500000003,0.6169862500000001,2.4045420833333333,0.9483615800121716,-0.3171912885891061,-1.5889067935947871,0.23060748263109895,0.8136105453571674,1.052883186547059,0,-1.4497164362007329,-1.8550963372971196,-1.4619076072865094,-0.44687894205426076,9
7521,US-Var,2017-04-28,US-Var,Grasslands,38.4133,-120.9507,3.9,5.3,3.9639169878666847,15.508427083333338,0.9905857291666664,4.2687389583333335,0.895839290734909,-0.4443781781046132,-0.884643698818551,0.16069645398235216,0.6962467009232228,-0.884643698818551,0,-0.9471010560491746,-1.004734745349457,-0.7020952950570213,-0.20971443026698577,9
7522,US-Var,2017-05-14,US-Var,Grasslands,38.4133,-120.9507,4.1,4.8,2.2840538157093424,14.510760416666669,0.7907697083333333,1.1172507500000004,0.741222010848596,-0.6712599575675313,-0.5008424997257204,0.29735559260071337,0.6126726404375269,0.5008424997257204,0,-0.18637623958712318,-0.7774639746062044,-0.5386872849838337,-0.01615070128999246,9
7523,US-Var,2017-05-21,US-Var,Grasslands,38.4133,-120.9507,3.9,6.0,3.22477321571589,26.122250000000005,2.2466356250000006,1.1130585416666667,0.6551563572090853,-0.7554933140726803,-0.14512510191338215,0.07922796133858419,1.1360980440347783,0.14512510191338213,0,-0.05626909351915776,-0.208408534693593,-0.17069767752739573,0.08064326100313199,9
7524,US-Var,2017-05-22,US-Var,Grasslands,38.4133,-120.9507,3.8,6.2000003,2.9165605847048997,27.11427083333334,2.3721985416666667,1.06858875,0.6420547132365637,-0.766658819300159,-0.2100573851343662,0.09264997067507799,1.2575558085258653,0.21005738513436623,0,-0.10574830678013877,-0.28279660783495303,-0.2416272407880068,0.08869747290406278,9
7525,US-Var,2017-05-30,US-Var,Grasslands,38.4133,-120.9507,3.8,5.8,0.8868411856374663,18.84160416666666,0.9147571041666672,1.1808666666666665,0.5307300481619334,-0.8475409228928311,-0.13595279182511513,0.20212455360758405,0.5599839392171779,0.13595279182511533,0,0.05995777889184432,-0.3437653545123251,-0.12405079985486467,-0.059507094516284054,9
7526,US-Var,2017-06-06,US-Var,Grasslands,38.4133,-120.9507,2.9,6.9,1.084035678248042,24.165458333333333,2.044816458333333,1.2907041666666668,0.4250003399695541,-0.9051931898913974,0.1375889644261883,0.1918126507323054,1.2333493459808589,-0.1375889644261883,0,0.3291291536737555,0.13813273125654832,-0.054494991651738996,0.05807217325535686,9
7527,US-Var,2017-06-14,US-Var,Grasslands,38.4133,-120.9507,2.7,6.5,0.5998541606728552,23.945854166666663,1.9142360416666664,1.452350625,0.2967128192734907,-0.9549667548552552,0.2832344958994016,0.17559196112017325,1.1215097469079112,-0.28323449589940175,0,0.44363334091876383,0.3104440799830664,0.0956260667963747,0.01474448898117895,9
7528,US-Var,2017-06-15,US-Var,Grasslands,38.4133,-120.9507,2.0,6.7000003,0.5286425796464764,25.244125,2.1180660416666672,1.448092083333333,0.2802306751992158,-0.9599326896597448,0.28191556362230047,0.17664541166379957,1.117454470393573,-0.2819155636223005,0,0.4562271322495604,0.2864942289113212,0.10302532970601985,0.002292319670953565,9
7529,US-Var,2017-06-22,US-Var,Grasslands,38.4133,-120.9507,1.6,7.9,0.2139500093601509,33.21147916666667,3.5523214583333327,1.129664791666667,0.1628070129385171,-0.986657932891657,-0.16723377932090325,0.2408625881110283,1.2096848871305697,0.16723377932090333,0,0.1101497355666842,-0.28835921663216707,-0.3234918568972269,-0.04742785874485231,9
7530,US-Var,2017-06-23,US-Var,Grasslands,38.4133,-120.9507,2.9,7.8,0.2040435066563868,29.464604166666664,2.621110208333333,1.20379625,0.1457991969198751,-0.9893142039703664,-0.08224189786556903,0.24170244628678902,1.1105285449961948,0.08224189786556924,0,0.1855586314949976,-0.1480816755018388,-0.2842026495898659,-0.029634948825625035,9
7531,US-Var,2017-06-30,US-Var,Grasslands,38.4133,-120.9507,2.8,7.0,0.130171054938397,24.61010416666667,1.8641964583333328,1.1042881249999998,0.025818440227133,-0.9996666485105112,0.18349804547275983,0.2073586700391665,1.0375171810412855,-0.18349804547275994,0,0.4133416209945865,0.12668448547624056,0.01046802994745244,-0.013580167426380556,9
7532,US-Var,2017-07-01,US-Var,Grasslands,38.4133,-120.9507,2.1,6.8,0.1089208911209129,23.47522916666668,1.7045772916666673,1.0600599999999998,0.0086069968886886,-0.9999629591162656,0.2588444493603304,0.18262848616241417,1.0575123320577533,-0.2588444493603306,0,0.4591379464134387,0.21583831893204747,0.10155708273550507,-0.009366436450444361,9
7533,US-Var,2017-07-08,US-Var,Grasslands,38.4133,-120.9507,2.1,8.2,0.1534593866422173,31.612375,3.7785333333333337,1.4306214583333334,-0.1116590071216944,-0.993746580436178,-0.2825403725798114,0.16232213707587836,1.1517217418029666,0.28254037257981146,0,-0.09562987544327645,-0.3881127878965507,-0.363878454399607,0.002292319670953565,9
7534,US-Var,2017-07-09,US-Var,Grasslands,38.4133,-120.9507,1.9,8.0,0.1038009515055176,30.54695833333333,3.6282,1.3707845833333334,-0.1287481774525806,-0.99167731989929,-0.17559733468091032,0.1816041893811093,1.0678031210751402,0.17559733468091032,0,0.027608203663121993,-0.32204108388797725,-0.23235912381787566,-0.017095807960401183,9
7535,US-Var,2017-07-16,US-Var,Grasslands,38.4133,-120.9507,1.2,8.0,0.1966620825168481,31.462375,3.527312708333333,1.456655833333334,-0.2470221804809352,-0.9690098257244064,-0.0793391831018057,0.15851800152699996,0.8468750477330582,0.07933918310180565,0,0.08470390154833096,-0.23168395481777332,-0.09103749603597475,-0.10018672564868783,9
7536,US-Var,2017-07-17,US-Var,Grasslands,38.4133,-120.9507,1.2,8.8,0.199131998619721,29.88322916666668,3.3457729166666668,1.4223424999999998,-0.2636654927280072,-0.9646141756912436,-0.06354560704852137,0.1819487422190578,0.8992821202308978,0.06354560704852141,0,0.11230904834129299,-0.05191541404110103,-0.2510304554457561,-0.11997727183383888,9
7537,US-Var,2017-07-25,US-Var,Grasslands,38.4133,-120.9507,1.9,7.2000003,0.090437514983736,24.609895833333344,1.952942083333333,1.222942145833333,-0.3935902766564664,-0.9192859697186104,0.23945660180524675,0.19192748625918338,0.8384114653854369,-0.23945660180524686,0,0.4561578398604639,0.17131282362308525,0.09089914193219109,-0.10018672564868783,9
7538,US-Var,2017-08-01,US-Var,Grasslands,38.4133,-120.9507,1.6,7.0,0.123242549546062,30.163625,3.1659397916666663,1.0608812500000002,-0.5012418134457756,-0.8653072543632061,0.002817925232475959,0.1396546750127634,0.9502157469811223,-0.0028179252324760373,0,0.1436876721360441,-0.13558910471308175,0.0003552082744655155,-0.092457354138731,9
7539,US-Var,2017-08-09,US-Var,Grasslands,38.4133,-120.9507,1.8,6.4,0.0182620878730971,23.715624999999992,1.4602045833333337,1.1365381250000002,-0.6152845999633277,-0.7883050558305253,0.3990449354626478,0.11045962778887147,0.8793888657010689,-0.39904493546264774,0,0.48797377698434097,0.4337643213194628,0.27539670808413974,-0.092457354138731,9
7540,US-Var,2017-08-10,US-Var,Grasslands,38.4133,-120.9507,2.2,6.3,0.0222680899910785,24.23327083333333,1.520006104166666,1.1196991666666667,-0.6287628145958345,-0.7775971469736268,0.32330580438841,0.03495744212088459,0.8537014947155374,-0.32330580438841006,0,0.36360354695605746,0.30517973255057834,0.30113413365859415,-0.11852094665362896,9
7541,US-Var,2017-08-18,US-Var,Grasslands,38.4133,-120.9507,1.4,6.1,0.1205004049017505,25.96414583333333,1.9204408333333332,1.09735375,-0.7295575540864876,-0.6839194216246105,0.3827659628580671,0.10086836551291813,0.8882210695403042,-0.3827659628580671,0,0.48517716121807586,0.28351468750321995,0.3796060398529054,-0.07801174409520077,9
7542,US-Var,2017-08-25,US-Var,Grasslands,38.4133,-120.9507,1.1,6.2000003,0.1824012504337469,26.096937499999992,2.356177708333333,1.1092433333333334,-0.8064799463209447,-0.5912614448635782,0.26531011798305265,0.08588546647316801,0.9264965470468374,-0.2653101179830526,0,0.35457689564512707,0.18326155635158597,0.2580919019524451,-0.07801174409520077,9
7543,US-Var,2017-08-26,US-Var,Grasslands,38.4133,-120.9507,1.5,6.4,0.1388689969568024,31.00879166666667,3.603635416666668,1.4952564583333332,-0.8165380514459157,-0.5772916165517278,-0.06682251439159116,0.12066250494959525,0.9596145928675464,0.06682251439159126,0,-0.08100740815921004,0.060305475946280766,-0.17976561096184424,-0.092457354138731,9
7544,US-Var,2017-09-02,US-Var,Grasslands,38.4133,-120.9507,0.8,5.4,0.1027862671772692,34.06802083333334,4.404160416666667,1.1879522916666665,-0.8800122039735356,-0.4749510720670502,-0.30083658195753915,0.27448517536640404,1.6886498187352719,0.30083658195753915,0,-0.306315872882966,-0.023652780929177865,-0.5725410920604735,4.692495317239846,9
7545,US-Var,2017-09-03,US-Var,Grasslands,38.4133,-120.9507,0.9,6.4,0.0952304921136568,33.35858333333333,4.0414375,1.1998822916666667,-0.888057322629493,-0.4597327394521046,-0.18572976907361008,0.1648131105652864,1.3052044358948465,0.18572976907361005,0,-0.1671381439197769,-0.031000812119184748,-0.3590503511818686,0.002292319670953565,9
7546,US-Var,2017-09-10,US-Var,Grasslands,38.4133,-120.9507,0.7,4.8,0.1177540533876931,28.47414583333333,2.6585127083333333,1.3514833333333336,-0.9368813462954316,-0.3496474552512282,0.26275279191905626,0.06421130377410539,0.6972677927952181,-0.2627527919190562,0,0.32861719542011353,0.25930790601717474,0.20033327431988046,-0.03250454773701949,9
7547,US-Var,2017-09-19,US-Var,Grasslands,38.4133,-120.9507,1.1,3.8,0.1124252122148599,18.719,1.1700850000000005,1.4173218749999998,-0.97961369164549,-0.2008905551306352,-0.02015514523811367,0.12109199835582264,0.7185492938853898,0.02015514523811368,0,-0.021942772385688807,0.10182077005881254,-0.14034343338746474,-0.0130085665622311,9
7548,US-Var,2017-09-26,US-Var,Grasslands,38.4133,-120.9507,0.8,5.9,0.0784474601783852,23.38420833333333,2.2618568750000003,1.493177083333333,-0.99665890175417,-0.0816763953304228,0.11281992122213069,0.13086697492586238,0.6070307740541548,-0.11281992122213069,0,-0.0016012180900545469,0.08454939773405243,0.2555115840223942,-0.05529336354034783,9
7549,US-Var,2017-09-27,US-Var,Grasslands,38.4133,-120.9507,0.9,4.3,0.0722303031672922,24.6633125,2.469208333333333,1.2284516666666672,-0.9979171608653922,-0.0645084494493162,0.2873114471650347,0.01873500294322168,0.7611638261662186,-0.28731144716503476,0,0.2976742607102548,0.2656843903033349,0.29857569048151433,-0.04647922731596745,9
7550,US-Var,2017-10-04,US-Var,Grasslands,38.4133,-120.9507,0.8,3.7,0.0617414846468166,18.388791666666663,1.5155520833333336,1.33024375,-0.9984354211555644,0.055916990100603,-0.04076435577156181,0.14566529301180584,0.7021596618615911,0.04076435577156179,0,-0.1058550118795133,0.12609695217234568,-0.1425350076075178,-0.00755885177116019,9
7551,US-Var,2017-10-05,US-Var,Grasslands,38.4133,-120.9507,0.6,3.5,0.071182371539619,19.301562500000006,1.6490085416666669,1.4238468750000004,-0.9973249731081556,0.0730951298980777,0.03759161941316671,0.1236230436581115,0.6010336260084073,-0.03759161941316669,0,0.0123544174303859,0.1718858944333275,-0.07146545362421326,0.015159528783692732,9
7552,US-Var,2017-10-12,US-Var,Grasslands,38.4133,-120.9507,0.7,3.8,0.0412937295064641,13.179064583333336,1.0421833333333337,1.1498335833333335,-0.9813064702716092,0.1924515819708299,-0.31924518182406764,0.04881260696095093,0.7036027333476079,0.31924518182406764,0,-0.36833202624444844,-0.2707115141594999,-0.3186920050682547,-0.02509747949818113,9
7553,US-Var,2017-10-13,US-Var,Grasslands,38.4133,-120.9507,0.9,3.9,0.0599578592328528,16.07901041666667,1.3638279166666665,1.4366395833333332,-0.9778483415056568,0.2093146459630488,-0.2588173628274198,0.1362637131033237,0.6675324528794455,0.25881736282741974,0,-0.3634976058945649,-0.10474556214591679,-0.3082089204417777,-0.020415634801069452,9
7554,US-Var,2017-10-21,US-Var,Grasslands,38.4133,-120.9507,0.7,2.4,0.4713540750753832,13.605799999999997,0.7117119791666665,1.470552291666667,-0.9398560579418952,0.341570769167856,0.15562298058938118,0.10513237125086645,0.5511621384197911,-0.15562298058938118,0,0.07662863019632526,0.11529074429293659,0.2749495672788817,0.015159528783692732,9
7555,US-Var,2017-10-28,US-Var,Grasslands,38.4133,-120.9507,0.4,2.5,0.1734718398795326,21.621583333333326,1.6018662499999996,1.2107077083333335,-0.8919813464595487,0.4520722039323037,0.18018250535137934,0.07038733898558627,0.7532934722171888,-0.18018250535137934,0,0.12039471758572265,0.257757032776962,0.16239576569145336,-0.01964776470711022,9
7556,US-Var,2017-10-29,US-Var,Grasslands,38.4133,-120.9507,0.7,2.5,0.0983637870882028,19.128125,1.076341041666667,0.992780625,-0.8840675099433637,0.467359217158002,0.21873269843742482,0.2530238409179991,0.6964373370053506,-0.21873269843742482,0,-0.02861555070238806,0.2077398381576707,0.4770738078569918,-0.01839780438051935,9
7557,US-Var,2017-11-05,US-Var,Grasslands,38.4133,-120.9507,0.6,1.3000001,0.5532172121262494,10.95565,0.4878693124999999,0.8981852083333335,-0.8214765533024145,0.5702422926917867,0.3564020663148553,0.08688406636696445,0.5946362140184928,-0.3564020663148553,0,0.2561656440430719,0.4101720887922074,0.4028684661092868,0.015159528783692732,9
7558,US-Var,2017-11-06,US-Var,Grasslands,38.4133,-120.9507,0.5,1.3000001,0.1865376431783321,11.284,0.4857657916666665,1.1444989583333334,-0.8115390590073611,0.5842981736283683,0.39376578051056366,0.16052820636666795,0.5361190406324147,-0.39376578051056366,0,0.23362112530764712,0.39300140792730537,0.5546748082967385,0.02277402321810951,9
7559,US-Var,2017-11-22,US-Var,Grasslands,38.4133,-120.9507,0.3,1.3000001,0.4053712060133225,16.87613541666667,0.4492589687499999,0.9010985416666668,-0.622046748440868,0.7829801036770625,0.6441833236122907,0.28727821569225787,0.8962017554204287,-0.4334409115856457,0,0.3914956085070895,0.5844076975327043,0.9566466647970783,-0.04398009962695539,9
7560,US-Var,2017-11-30,US-Var,Grasslands,38.4133,-120.9507,0.6,0.90000004,0.3654511924078329,11.2809,0.2887623729166667,1.1271837499999997,-0.5086709438521042,0.8609610158889945,0.612734059705757,0.07477839428567414,0.6852196970046917,-0.6127340597057569,0,0.537823881584844,0.6129983278238955,0.6873799697085314,-0.01964776470711022,9
7561,US-Var,2017-12-07,US-Var,Grasslands,38.4133,-120.9507,0.6,1.3000001,0.4191018999398784,10.469754166666666,0.5724622916666668,1.2308797916666665,-0.4014879892059737,0.9158642882672868,0.33429149400652763,0.09813367207842007,0.4977755170934426,-0.33429149400652763,0,0.22736970729862518,0.4202487908689787,0.35525598385197915,0.015159528783692732,9
7562,US-Var,2017-12-08,US-Var,Grasslands,38.4133,-120.9507,0.4,1.1,0.3611238452008108,11.019910416666669,0.5160706250000001,1.4088933333333336,-0.3856634062436074,0.9226395488404876,0.36387851474252714,0.11892911311910792,0.49553081226967055,-0.36387851474252714,0,0.22708926621205738,0.44279264765358833,0.42175363036193547,0.015159528783692732,9
7563,US-Var,2018-02-01,US-Var,Grasslands,38.4133,-120.9507,1.0,1.8000001,0.7977541055905832,13.902395833333326,0.4463949999999999,1.1307084583333336,0.5234156073655503,0.8520775211013093,0.14775116264190385,0.10241442489527287,0.7906830687549655,-0.14775116264190385,0,0.08017809992974465,0.0974893428933756,0.2655860451025913,-0.00755885177116019,9
7564,US-Var,2018-02-02,US-Var,Grasslands,38.4133,-120.9507,1.1,1.6,0.8080451815163909,14.784085416666668,0.4762889374999999,1.1909271875000005,0.5380051715382996,0.8429415373547828,0.16698325893477114,0.11956932077797065,0.8564896026651286,-0.16698325893477117,0,0.06912688959936863,0.1315614542327326,0.3002614329722122,-0.00755885177116019,9
7565,US-Var,2018-02-09,US-Var,Grasslands,38.4133,-120.9507,1.4,2.3,1.244224305151992,15.480083333333337,0.6280966666666666,1.282409375,0.6354323008901774,0.7721565844991642,-0.004322073546649488,0.06132007511781703,0.7214036056031956,0.004322073546649485,0,-0.06782913290430954,0.00031519401400309163,0.054547718250357986,-0.01964776470711022,9
7566,US-Var,2018-02-10,US-Var,Grasslands,38.4133,-120.9507,1.5,2.5,1.4544811965172673,13.854443749999994,0.7541362500000002,1.6890210416666662,0.6486295610349814,0.7611042586607747,-0.1411111666877338,0.06324930663179512,0.6511071726933462,-0.05007355972226832,0,-0.2141432822837798,-0.10413974301794224,-0.1050504747614793,-0.01964776470711022,9
7567,US-Var,2018-02-17,US-Var,Grasslands,38.4133,-120.9507,1.3,1.9,1.4310829253764294,12.87528125,0.7042354166666667,1.376445625,0.7354170229639855,0.6776147890466889,-0.04771289915851435,0.033279415158716234,0.5573407251735673,-0.047712899158514344,0,-0.08243539348691215,-0.016093995664575304,-0.0446093083240556,-0.01090406373120529,9
7568,US-Var,2018-02-25,US-Var,Grasslands,38.4133,-120.9507,1.2,2.1000001,1.311068900047916,8.784233333333333,0.4954902083333334,1.233043875,0.8214765533024142,0.5702422926917871,-0.0777838511401365,0.07566165671614442,0.5069146584531399,-0.0777838511401365,0,-0.1394552015517254,0.0066444513649417634,-0.10054080323362588,0.0030706158477427034,9
7569,US-Var,2018-03-05,US-Var,Grasslands,38.4133,-120.9507,0.9,2.4,1.7848094284818434,9.19258125,0.4886643333333333,1.550401666666667,0.8919813464595485,0.4520722039323043,0.1629027893733058,0.07269262530292807,0.5523643127886526,0.16290278937330582,0,0.07981550143554461,0.21477090479561056,0.19412196188876224,0.0030706158477427034,9
7570,US-Var,2018-03-06,US-Var,Grasslands,38.4133,-120.9507,1.1,2.4,1.8354446199681,11.842743750000002,0.6684922916666666,1.319763125,0.8996308696522433,0.436651231956064,0.10165464236609685,0.08788371000406084,0.4349856767525545,0.10165464236609689,0,0.001995756244984149,0.1349122328777623,0.16805593797554408,0.015159528783692732,9
7571,US-Var,2018-03-30,US-Var,Grasslands,38.4133,-120.9507,2.5,3.5,2.8580318803103606,19.021520833333337,0.9346560416666668,1.3493706249999995,0.9992500112396836,0.0387222808921744,-0.06369477946013079,0.01128770645883832,0.6944338899618538,-0.0636947794601308,0,-0.06388338571167156,-0.05231395172036561,-0.07488700094835518,-0.033622444286058185,9
7572,US-Var,2018-04-14,US-Var,Grasslands,38.4133,-120.9507,3.6,4.2000003,3.6537462209274016,16.856625,0.7922825000000001,1.1252645833333337,0.9760105506323684,-0.2177232303965317,-0.4632591912747303,0.14056440741168993,0.6738618206252067,-0.46325919127473036,0,-0.3037300493477988,-0.568931141265073,-0.5171163832113189,-0.020415634801069452,9
7573,US-Var,2018-04-15,US-Var,Grasslands,38.4133,-120.9507,1.7,3.1000001,3.5113533021027448,14.786645833333331,0.5041658541666667,1.7694129166666668,0.9721181966290612,-0.2344913895704098,0.870225974728371,0.2284372639157352,0.7696956860338411,0.870225974728371,0,0.6944650775413703,1.1284433359694908,0.7877695106742523,-0.0884971282629349,9
7574,US-Var,2018-04-22,US-Var,Grasslands,38.4133,-120.9507,3.6,4.6,4.127760420118826,20.340583333333328,1.01204375,1.20767625,0.9368813462954316,-0.3496474552512284,-0.26430303251378895,0.10701110499978092,0.699092079350885,-0.26430303251378895,0,-0.1859538118425274,-0.22072846576330843,-0.38622681993553104,-0.020415634801069452,9
7575,US-Var,2018-04-23,US-Var,Grasslands,38.4133,-120.9507,4.4,4.6,4.592303709576852,20.6755625,1.184035208333333,1.1855795833333334,0.9307239310379796,-0.3657225234972689,-0.7095270506184317,0.09911233608777253,0.7253269027937117,-0.7095270506184317,0,-0.6766935185659987,-0.630997913391812,-0.8208897198974847,-0.020415634801069452,9
7576,US-Var,2018-05-08,US-Var,Grasslands,38.4133,-120.9507,4.3,5.8,3.341044270550672,20.89216666666666,1.1960315208333332,1.1680233333333332,0.8064799463209448,-0.5912614448635781,-0.3728145717791113,0.052388418498051564,0.6619030090437246,0.37281457177911137,0,-0.42724235180135556,-0.322736759004941,-0.36846460453103735,-0.11547423308242231,9
7577,US-Var,2018-05-09,US-Var,Grasslands,38.4133,-120.9507,4.6,5.5,2.7439322732257296,18.84322916666667,0.8600547083333333,1.1735049999999998,0.7961828637826158,-0.6050560696488488,-0.8239845024225302,0.19204880471474475,0.544425433290806,0.8239845024225301,0,-0.6242984100995573,-0.8403000573494058,-1.0073550398186277,-0.18730806811373224,9
7578,US-Var,2018-06-01,US-Var,Grasslands,38.4133,-120.9507,2.2,6.0,1.2479654847414392,19.614204166666667,1.3252857708333334,1.4075331249999998,0.5012418134457758,-0.865307254363206,0.15181736837067827,0.1920950448583975,1.0414832398625813,-0.15181736837067827,0,0.36711280255755235,0.0903910021106363,-0.002051699556153813,0.0008654426171496861,9
7579,US-Var,2018-06-02,US-Var,Grasslands,38.4133,-120.9507,2.6,6.2000003,1.436150298586141,25.555666666666664,2.263301875,1.1280570833333332,0.48627270710869,-0.8738071036110808,0.10428914109005476,0.19500408795442914,1.3307009810172348,-0.10428914109005483,0,0.29016902582626497,0.12140870833733292,-0.09871031089343363,-0.01273512680095249,9
7580,US-Var,2018-06-10,US-Var,Grasslands,38.4133,-120.9507,3.0,6.6,0.6729946494246323,19.0647875,1.4931774583333337,1.702266145833334,0.3617137307297676,-0.9322892131745132,0.17884563660249353,0.11403180074850118,1.0328811940449998,-0.1788456366024933,0,0.2959201242533428,0.1724948358242265,0.06812194972991123,-0.009366436450444361,9
7581,US-Var,2018-06-17,US-Var,Grasslands,38.4133,-120.9507,1.9,5.1,0.1410954860937875,18.515666666666664,1.0079443145833331,1.116758625,0.2470221804809355,-0.9690098257244062,0.46648549032790027,0.19947474570990226,0.9431777450794557,-0.4664854903279001,0,0.664775969613039,0.26584720390535366,0.46883329746530816,-0.067738454005713,9
7582,US-Var,2018-06-18,US-Var,Grasslands,38.4133,-120.9507,2.0,6.5,0.2713118423563279,21.4653125,1.357415541666667,1.4054122916666665,0.2303056702306122,-0.973118337233262,0.24983568665947412,0.1709045853223853,1.1630884155161778,-0.2498356866594742,0,0.4016968808015306,0.2830472472065174,0.06476293197037444,0.002292319670953565,9
7583,US-Var,2018-06-26,US-Var,Grasslands,38.4133,-120.9507,2.3,8.0,0.2227697206904212,24.7001875,2.1498025000000003,1.2534016666666667,0.0945367498171991,-0.9955213724144752,0.0508751039330849,0.2781583220584461,1.1204933089061322,-0.05087510393308481,0,0.3291672982723019,0.05060716580141806,-0.22714915227446525,-0.058066264675993316,9
7584,US-Var,2018-07-03,US-Var,Grasslands,38.4133,-120.9507,2.0,7.0,0.1667939949267125,22.06920833333333,1.3531379375,1.2632564583333334,-0.0258184402271323,-0.9996666485105112,0.25676606401094465,0.20442717849148076,1.1454415821899986,-0.2567660640109446,0,0.44997308607318487,0.2776093761610774,0.04271572979857159,-0.033188142677012575,9
7585,US-Var,2018-07-04,US-Var,Grasslands,38.4133,-120.9507,1.8,6.3,0.1324211959931542,19.97475,1.0594415916666666,1.3219095833333332,-0.0430222330045303,-0.99907411510223,0.3757311717545253,0.13149185522473467,1.1499403701598943,-0.3757311717545253,0,0.5076735728921647,0.37482540038561357,0.24469454198579743,0.002292319670953565,9
7586,US-Var,2018-07-11,US-Var,Grasslands,38.4133,-120.9507,1.3,7.5,0.1140689215899038,27.63533333333333,2.7468445833333326,1.338874583333333,-0.1628070129385164,-0.9866579328916572,0.2356522170139864,0.20610434533647232,0.7712675281763055,-0.2356522170139863,0,0.47340301917712285,0.10756170770382473,0.12599192416101151,-0.10440045662462402,9
7587,US-Var,2018-07-12,US-Var,Grasslands,38.4133,-120.9507,2.0,7.8,0.0688238918097978,27.85322916666667,2.7286697916666665,1.3584845833333332,-0.1797665857255621,-0.9837092937736098,0.08741497295579548,0.19566788608019473,0.7480487366506962,-0.08741497295579559,0,0.30573063967631275,0.028651820776928245,-0.07213754158585453,-0.10440045662462402,9
7588,US-Var,2018-07-19,US-Var,Grasslands,38.4133,-120.9507,2.2,7.8,0.1652876767923293,29.10364583333333,2.9773812500000005,1.3977352083333334,-0.2967128192734901,-0.9549667548552552,-0.021323450849375602,0.19062772488466606,0.8160824801489408,0.021323450849375813,0,0.19841923563818722,-0.14232103766973925,-0.12006855051657478,-0.10018672564868783,9
7589,US-Var,2018-07-20,US-Var,Grasslands,38.4133,-120.9507,1.1,8.0,0.1789729980716876,27.56731249999999,2.567634791666667,1.559915625,-0.3131070409358267,-0.9497178427914316,0.22974170811726538,0.16668913275537514,0.7405904085394794,-0.22974170811726546,0,0.41904940719515843,0.10496787715212103,0.16520784000451672,-0.10018672564868783,9
7590,US-Var,2018-07-27,US-Var,Grasslands,38.4133,-120.9507,0.9,7.9,0.0990660711025909,26.723979166666663,2.3007699999999995,1.0296145833333334,-0.4250003399695539,-0.9051931898913976,0.2571183459782434,0.2556117532280205,0.9171722435400536,-0.25711834597824335,0,0.552034347608162,0.11994540108286308,0.09937528924370517,-0.11864017269246373,9
7591,US-Var,2018-07-28,US-Var,Grasslands,38.4133,-120.9507,1.9,7.6,0.092665772395255,26.902479166666662,2.3692241666666667,1.0135622916666664,-0.4405187843504952,-0.8977433935342336,0.1665335833656366,0.22776992383201716,0.9086317772752517,-0.1665335833656365,0,0.4294458768285658,0.041158773821817374,0.02899609944652657,-0.11864017269246373,9
7592,US-Var,2018-08-04,US-Var,Grasslands,38.4133,-120.9507,1.1,8.0,0.1151739468231111,27.09950000000001,2.7467666666666664,1.3772174999999998,-0.5452404385406507,-0.8382797052177745,0.14769769156299775,0.10392678421853076,0.8362062855786057,-0.14769769156299783,0,0.26764680383497214,0.09087501215033211,0.084571258703689,-0.10018672564868783,9
7593,US-Var,2018-08-05,US-Var,Grasslands,38.4133,-120.9507,1.5,6.9,0.0503947841709636,24.1891875,1.9599797916666668,1.2611997916666666,-0.5595892624101763,-0.828770087174504,0.30198153298187513,0.16638671505193403,0.8113015956667763,-0.30198153298187513,0,0.4903835006884326,0.24038519402769687,0.1751759042294959,-0.092457354138731,9
7594,US-Var,2018-08-12,US-Var,Grasslands,38.4133,-120.9507,0.9,7.2000003,0.19482078213551,27.401083333333336,2.9249229166666666,1.3540133333333328,-0.655156357209085,-0.7554933140726804,0.12519513322928336,0.05199272611796905,0.7593352532398825,-0.12519513322928333,0,0.18443124689960044,0.08711801633368693,0.1040361364545627,-0.11227563858463785,9
7595,US-Var,2018-08-13,US-Var,Grasslands,38.4133,-120.9507,1.8,7.2000003,0.0718770280866147,25.25529166666666,2.2815600000000007,1.2562047916666668,-0.6680638642135333,-0.7441039398713608,0.16029294967389712,0.1014383830952657,0.8626291793608944,-0.16029294967389718,0,0.24619018048054758,0.186308055673884,0.04838061286725975,-0.10018672564868783,9
7596,US-Var,2018-08-20,US-Var,Grasslands,38.4133,-120.9507,1.6,6.9,0.0329855325922964,24.28333333333332,2.0335039583333336,1.277551875,-0.7526668275320083,-0.6584015846980489,0.1874988602048643,0.11766831246722942,0.8609479325565683,-0.1874988602048644,0,0.28706463383796005,0.2177835966796187,0.057648350097014155,-0.092457354138731,9
7597,US-Var,2018-08-28,US-Var,Grasslands,38.4133,-120.9507,1.0,4.9,0.0167529531672695,19.657958333333333,0.8122121166666666,1.0872160416666663,-0.8359254794186365,-0.5488429582847199,0.24031744753252793,0.08301800137606696,1.0218889073362345,-0.24031744753252793,0,0.21831589157966813,0.33212006462303084,0.17051638639488478,0.06267528288721733,9
7598,US-Var,2018-08-29,US-Var,Grasslands,38.4133,-120.9507,1.6,5.0,0.0523474018421638,19.953499999999995,1.0044925416666666,1.2243889583333336,-0.8452490573530634,-0.5343725582809785,0.014216937468811114,0.21794540146380886,0.8288215024499609,-0.01421693746881103,0,-0.10326565229779089,0.2656978983410311,-0.11978143363680685,-0.029203764269229156,9
7599,US-Var,2018-09-05,US-Var,Grasslands,38.4133,-120.9507,1.2,6.0,0.0643967236476216,23.29010416666668,1.7289735416666667,1.2590260416666668,-0.9033558023246842,-0.4288919379124841,0.21554684945763994,0.0735760098507785,0.6621409620322807,-0.21554684945764002,0,0.2965105523916811,0.197360475804923,0.15276952017631573,-0.09010065703115079,9
7600,US-Var,2018-09-06,US-Var,Grasslands,38.4133,-120.9507,0.8,5.8,0.0562932179298936,22.93308333333333,1.7191940416666671,1.1685775000000005,-0.9106046300942162,-0.4132786077829044,0.28199810527737484,0.09132963774007909,0.7506017828691444,-0.2819981052773748,0,0.37638322362284793,0.2755448367945527,0.19406625541472375,-0.07801174409520077,9
7601,US-Var,2018-09-13,US-Var,Grasslands,38.4133,-120.9507,1.0,4.9,0.0552505195292817,19.614166666666673,1.2543016666666666,1.0897456250000002,-0.9536809966304456,-0.300819807635668,-0.02350324104698744,0.18869499492888372,0.9487170951346693,0.023503241046987422,0,-0.06573413541075049,0.18272896599779512,-0.18750455372800695,-0.020415634801069452,9
7602,US-Var,2018-09-14,US-Var,Grasslands,38.4133,-120.9507,0.6,4.4,0.031009103114528,19.686333333333337,1.4393056249999994,1.0129024583333337,-0.9587178169872964,-0.2843591872810036,0.08904876642847542,0.11447091686284842,0.962284432244847,-0.08904876642847537,0,0.021471505729077335,0.22121715173159637,0.024457641824752553,-0.020415634801069452,9
7603,US-Var,2018-09-21,US-Var,Grasslands,38.4133,-120.9507,0.8,5.2000003,0.1069268977569282,24.821375,2.463638125,1.2937822916666666,-0.9859481499638304,-0.1670516255021195,0.21284980518123583,0.02344684265415264,0.6790219844573112,-0.21284980518123586,0,0.18802934313012853,0.21589451816848818,0.23462555424509085,-0.10407533661009873,9
7604,US-Var,2018-09-22,US-Var,Grasslands,38.4133,-120.9507,0.4,5.4,0.092911837236433,23.97129166666667,2.357917708333333,1.2831310416666664,-0.9886775902323404,-0.1500553983446526,0.13819154468248804,0.013354681961184967,0.6351398060741845,-0.138191544682488,0,0.1317725124557921,0.12925838608064744,0.1535437355110245,-0.10407533661009873,9
7605,US-Var,2018-09-29,US-Var,Grasslands,38.4133,-120.9507,0.9,3.8,-0.0329818334709726,17.70908333333333,0.7566443750000001,1.1343591666666668,-0.9995462806873572,-0.0301203048469083,-0.21640720559258883,0.09771113539775607,0.6975449981375299,0.21640720559258886,0,-0.27047835847184354,-0.2751311697327116,-0.10361208857321128,-0.0130085665622311,9
7606,US-Var,2018-09-30,US-Var,Grasslands,38.4133,-120.9507,0.8,3.4,0.0285195947682815,19.824645833333328,1.0634268749999998,1.10313,-0.999916658654738,-0.0129102960750088,0.0034808853354701915,0.037757905778535654,0.7414070144472779,-0.0034808853354701963,0,0.005219600093240684,-0.03511634107976681,0.0403393969929367,-0.033622444286058185,9
7607,US-Var,2018-10-24,US-Var,Grasslands,38.4133,-120.9507,0.4,2.5,0.0813615932437396,16.912835416666667,1.1538462500000002,1.1061779166666668,-0.9209712877166346,0.3896304495307877,0.08541314458333049,0.14907210012521552,0.6001153215889976,-0.08541314458333049,0,-0.042997510694427366,0.05034350687799533,0.24889343756642351,0.015159528783692732,9
7608,US-Var,2018-10-31,US-Var,Grasslands,38.4133,-120.9507,0.2,2.8,0.0882337478120179,15.872489583333332,1.1956208333333334,1.0879857500000003,-0.867456354729597,0.4975132889071803,0.055674995769724345,0.22915259619100362,0.5136363338160079,-0.055674995769724345,0,-0.19435974344961304,0.10570647184790527,0.2556782589108808,0.0043205761743335645,9
7609,US-Var,2018-11-01,US-Var,Grasslands,38.4133,-120.9507,0.4,3.0,0.0631103240626983,18.58275,1.3489133333333332,1.1193656249999997,-0.858763958275803,0.5123714121284235,0.06625893159364679,0.2419565857786214,0.5222151510121182,-0.06625893159364676,0,-0.21297669916867198,0.19790264600824892,0.21385084794136344,0.0043205761743335645,9
7610,US-Var,2018-11-08,US-Var,Grasslands,38.4133,-120.9507,0.3,3.8,0.0700726412583382,12.995420833333334,1.1135102083333333,1.1500788124999997,-0.7909456567567774,0.6118864012687242,-0.20281166262101724,0.24612778053532683,0.8052030159284616,0.20281166262101724,0,-0.4863399277139672,-0.07800855956223578,-0.04408650058684867,-0.03146201360600704,9
7611,US-Var,2018-11-09,US-Var,Grasslands,38.4133,-120.9507,0.3,1.6,0.0482272771293779,13.523383333333337,1.1581852083333335,1.3092204166666668,-0.780295851070776,0.6254105729852457,0.1191928229001653,0.10225207205652675,0.5481281280745278,-0.11919282290016531,0,0.09620723219704769,0.23098134699863884,0.03038988950480931,0.015159528783692732,9
7612,US-Var,2018-11-16,US-Var,Grasslands,38.4133,-120.9507,0.1,1.0,0.0568512448303651,12.65879375,0.9694235416666666,1.148605,-0.6994583270516471,0.7146733860429608,0.2950381438441229,0.10749871731774274,0.6850053108418251,-0.2950381438441229,0,0.2200845189102553,0.41820299402294964,0.24682691859916372,-0.00755885177116019,9
7613,US-Var,2018-11-17,US-Var,Grasslands,38.4133,-120.9507,0.3,1.1,0.0331053952464873,12.635362499999996,0.9510347916666668,1.3001912500000004,-0.6870527672236675,0.726607524768565,0.2466539399909924,0.12605606938842473,0.6341284658149859,-0.2466539399909924,0,0.19697700382192093,0.38997989323450954,0.15300492291654666,-0.00755885177116019,9
7614,US-Var,2018-12-02,US-Var,Grasslands,38.4133,-120.9507,0.2,0.8,0.3944121182915517,8.415122916666666,0.2351669791666666,1.0650631250000002,-0.4787338401157883,0.8779600847008883,0.5482966886911733,0.18372654195170762,0.5665067109118224,-0.15947245210806993,0,0.3543053715395476,0.5709218634050023,0.7196628311289701,0.02277402321810951,9
7615,US-Var,2018-12-03,US-Var,Grasslands,38.4133,-120.9507,0.2,1.1,0.5067325941555062,9.230058333333334,0.44142125,1.0716254166666672,-0.4635502709028512,0.8860706215341377,0.3956601091122686,0.15157597818981547,0.5002048386951533,0.21780507919874376,0,0.22165180086693692,0.4663514259465401,0.4989771005233289,0.015159528783692732,9
7616,US-Var,2018-12-11,US-Var,Grasslands,38.4133,-120.9507,1.0,0.7,0.3311594582701725,10.127246875,0.1924448958333332,0.8300290416666668,-0.3375228995941134,0.941317317512847,0.7720175761079909,0.16059923989561775,0.6699790375547483,-0.772017576107991,0,0.7685529237236907,0.6131786938194731,0.9343211107808091,5.564266325658925e-05,9
7617,US-Var,2018-12-26,US-Var,Grasslands,38.4133,-120.9507,0.3,0.8,0.4533914254438337,8.180706249999998,0.2285178458333333,1.2206797916666672,-0.0859647987374467,0.9962981749346076,0.33493705241799887,0.08449862562408539,0.4428734477522694,-0.028154201530331435,0,0.2719707664558654,0.30187212915025796,0.4309682616478733,0.015159528783692732,9
7843,US-xDC,2018-10-19,US-xDC,Grasslands,47.16165,-99.10656,0.6,2.0,0.9949480858262312,9.3486402643031,0.5525950000000001,6.687641263044356,-0.9510565162951536,0.3090169943749472,0.49246526431362936,0.37249770955176775,0.9971156821377951,0.29743090733883304,2,0.5538835752368139,0.8304367117237104,0.09307550598036396,0.10266732169140302,9
7844,US-xDC,2018-10-20,US-xDC,Grasslands,47.16165,-99.10656,0.6,1.4,0.7712220093130842,0.1526629558823924,0.2651002083333333,3.783241450150652,-0.9455963874271428,0.3253420847119795,0.29101761791607333,0.1385931455596247,0.7014726518353973,0.05142640071009502,2,0.18882765433666976,0.44877078506368123,0.23545441434786912,-0.00755885177116019,9
7868,US-xSL,2017-07-04,US-xSL,Croplands,40.4619,-103.0293,0.9,6.9,1.1129637983427605,25.13990745017972,1.6921345833333332,2.4483002531283824,-0.0430222330045303,-0.99907411510223,0.03725649367691197,0.33887260707078404,0.8705828368289055,0.03725649367691197,2,-0.1657191618784324,-0.1509715846704656,0.4284602275796339,-0.1109108011825069,9
7869,US-xSL,2017-11-01,US-xSL,Croplands,40.4619,-103.0293,0.7,3.9,0.4406428834404512,12.363782558588502,0.9569822916666668,3.0319387943467335,-0.858763958275803,0.5123714121284235,-0.22039311854383978,0.11965307006818608,0.73619382524033,0.22039311854383978,2,-0.13996582260118764,-0.3578972836648708,-0.1633162493654608,-0.020415634801069452,9
7870,US-xSL,2018-05-20,US-xSL,Croplands,40.4619,-103.0293,3.0,3.1000001,2.9832440612990454,10.707184492368636,0.3215270833333334,1.9761521298323024,0.6680638642135335,-0.7441039398713607,-0.06056639304802702,0.18173823329689104,0.7287233899575387,-0.027054515646117827,2,0.10727993122274071,-0.035404753247167686,-0.2535743571196541,5.564266325658925e-05,9
7871,US-xSL,2018-11-04,US-xSL,Croplands,40.4619,-103.0293,0.7,2.0,0.3752160151946827,5.337249019942477,0.4603962499999999,2.4993435031020845,-0.8311706263658079,0.5560174366570446,-0.10173684213963778,0.13867617620231354,0.5933960177192291,0.1017368421396378,2,-0.259289802756435,0.0018162460228755561,-0.0477369696853539,0.015159528783692732,9
7872,US-xST,2018-09-16,US-xST,Mixed Forests,45.50894,-89.58637,3.2,3.7,3.5432762457539737,23.334965574188608,0.7571504166666667,0.9474799273633788,-0.9679377830240642,-0.2511900638848195,0.21892169986604326,0.17879621227163922,0.5946900320266606,0.21892169986604326,1,0.17137741539686926,0.06870320648071895,0.4166844777205416,0.02277402321810951,9
7875,US-xUN,2018-05-03,US-xUN,Mixed Forests,46.23388,-89.53725,1.5,3.9,0.6995393834306234,13.832278452012222,0.7682387500000002,1.3929370506163778,0.854322169749827,-0.5197438121555155,0.5749257815065111,0.24725890684263224,0.5269594151696848,-0.574925781506511,1,0.7562858270890908,0.675212686251711,0.29327883117873144,-0.041732996536428556,9
7876,US-xUN,2018-05-12,US-xUN,Mixed Forests,46.23388,-89.53725,2.4,4.0,1.0473342388857538,10.926132842506268,0.8563881250000001,1.1523948944382485,0.7638886127905428,-0.6453481132295501,-0.22389906187943773,0.23935030142835143,0.5862364895691485,0.22389906187943764,1,-0.24267394349633975,0.024285771416967777,-0.45330901355894115,-0.01615070128999246,9
7877,US-xUN,2018-05-20,US-xUN,Mixed Forests,46.23388,-89.53725,4.3,4.2000003,2.3594249060637265,11.776388314743771,0.8763579166666667,0.9676115283561216,0.6680638642135335,-0.7441039398713607,-1.0316089438987657,0.13679171417533822,0.6332494694707823,1.0316089438987657,1,-0.8739511601495094,-1.1020718041883473,-1.1188038673584402,0.1245614582659756,9
7878,US-xUN,2018-06-13,US-xUN,Mixed Forests,46.23388,-89.53725,5.3,5.0,8.089098251701056,19.2432862119334,1.1053202083333329,1.5617700785484387,0.3131070409358269,-0.9497178427914316,-0.372793409214917,0.15183258058857005,0.6074169535188808,-0.37279340921491677,1,-0.3124868299461356,-0.5455141211478758,-0.2603792765507395,-0.07713124021454316,9
7879,US-xUN,2018-07-06,US-xUN,Mixed Forests,46.23388,-89.53725,5.2,5.0,5.552977485488716,20.391890365426303,1.2155102083333331,0.7803970165106221,-0.0773864792334632,-0.9970011699250152,0.09889289494049769,0.4119009535988729,0.8869062647995234,0.09889289494049769,1,0.1096216974362765,-0.3182676514731956,0.5053246388584122,0.6174007247053653,9
7880,US-xUN,2018-07-14,US-xUN,Mixed Forests,46.23388,-89.53725,5.1,5.1,5.1868061645883445,25.648781695604445,1.2578335416666666,0.6453610034924765,-0.2135209154397959,-0.9769384927771816,0.5376482200525433,0.4009424084303106,0.8254149369413568,-0.36403589087585353,1,0.42669856110567606,0.20386420921200496,0.982381889839949,-0.12427738973787394,9
7881,US-xUN,2018-07-30,US-xUN,Mixed Forests,46.23388,-89.53725,4.5,4.1,4.200995393188782,21.980303661349613,0.9732535416666672,0.8117636816594499,-0.4711595076738639,-0.8820480249558535,0.7355050042688752,0.2874788562194076,0.7285389229033808,-0.7355050042688753,1,0.5968600147658194,0.5436239999291927,1.0660309981116136,-0.08085234677601394,9
7882,US-xUN,2018-09-16,US-xUN,Mixed Forests,46.23388,-89.53725,3.1,3.4,3.433487170168048,23.986332039790295,0.6588710416666665,1.5867221183916789,-0.9679377830240642,-0.2511900638848195,-0.04593399696529272,0.09655220240261046,0.5916490235760772,-0.04593399696529271,1,-0.0744811968223677,-0.12499378240359393,0.06167298833008347,0.015159528783692732,9
7883,US-xUN,2018-10-18,US-xUN,Mixed Forests,46.23388,-89.53725,1.5,2.7,0.4036355669029328,6.651641479315939,0.5128597916666665,2.092211010544959,-0.9562348265919058,0.2926003356333479,-0.5272371501743698,0.048610027431132546,0.4052048722453545,0.5272371501743698,1,-0.5784374151230504,-0.4817163144307134,-0.5215577209693455,0.0030706158477427034,9
7891,manilacotton,2016-05-15,manilacotton,Croplands,35.8872,-90.1371,2.9,4.9,3.6422317700002327,15.540208333333334,89.45530648981247,1.5828020083333334,0.717676913675962,-0.6963762255968722,-49.85655110677951,3.4648971927644148,99.60281610605111,-49.85655110677951,1,-45.85837711826087,-51.98395849916944,-51.72731770290824,-43.91905916778895,9
7892,manilacotton,2016-06-08,manilacotton,Croplands,35.8872,-90.1371,3.2,6.2000003,4.053291908774174,23.441875,128.94208901870832,0.8296312229166668,0.3777079652039649,-0.9259247771938498,-71.60960378284231,4.979854716167095,145.8215600366699,-71.60960378284231,1,-65.86003661587635,-74.4081571981373,-74.56061753451327,-43.91905916778895,9
7893,manilacotton,2016-06-16,manilacotton,Croplands,35.8872,-90.1371,1.6,7.5,1.5070456629946214,28.85145833333333,108.16669176027084,1.0348527547916664,0.2470221804809355,-0.9690098257244062,-58.87114754069504,4.154047312546357,121.47196065654184,-58.68523886668428,1,-54.101135116076236,-60.818723556732834,-61.693583949276075,-43.91905916778895,9
7894,manilacotton,2016-07-18,manilacotton,Croplands,35.8872,-90.1371,5.6,6.5,6.319578440706649,29.13666666666666,48.50538980709376,0.7565208333333331,-0.2967128192734901,-0.9549667548552552,-27.958685909612683,1.6324295573799616,51.69939298975644,-27.958685909612683,1,-26.138733413970147,-29.29369856177024,-28.443625753097656,-43.91905916778895,9
7895,manilacotton,2016-07-26,manilacotton,Croplands,35.8872,-90.1371,6.2,6.4,6.982233604557017,28.71708333333334,99.22230125695832,0.8553333333333334,-0.4250003399695539,-0.9051931898913976,-56.60438911597091,3.7999818043438296,111.05101463351124,-56.60438911597091,1,-52.27372384061054,-59.38116710520358,-58.15827640209859,-43.91905916778895,9
7896,manilacotton,2016-08-03,manilacotton,Croplands,35.8872,-90.1371,4.2,5.0,6.100321812592447,28.505,87.67244241069997,0.6780833333333334,-0.5452404385406507,-0.8382797052177745,-48.888573051835984,3.4350764864137724,97.51351644584129,-48.888573051835984,1,-44.94477167504364,-51.22731633974982,-50.493631140714506,-43.91905916778895,9
7897,manilacotton,2016-08-27,manilacotton,Croplands,35.8872,-90.1371,3.5,4.3,4.731678379279972,26.27958333333333,74.72309879817081,0.6853124999999998,-0.8359254794186365,-0.5488429582847199,-41.570782181493605,2.974944069024749,82.36439259633485,-41.570782181493605,1,-38.17941406432678,-43.74002609291905,-42.79290638723499,-43.91905916778895,9
7898,manilacotton,2016-09-12,manilacotton,Croplands,35.8872,-90.1371,4.5,5.6,3.36873122750255,22.086250000000003,106.70074975497916,0.8601666666666664,-0.9536809966304456,-0.300819807635668,-60.65691552541091,4.164900111450138,119.80414844425343,-58.39437798041601,1,-55.93878178330497,-63.82270628482868,-62.20925850809907,-43.91905916778895,9
7899,manilacotton,2016-09-20,manilacotton,Croplands,35.8872,-90.1371,3.5,4.9,3.428374511699525,24.41770833333333,88.45670274700208,0.4299375000000001,-0.9859481499638304,-0.1670516255021195,-49.744318346967624,3.478776353668094,98.44512317032476,-49.60106737036667,1,-45.77379815046558,-52.25694164616963,-51.20221524426769,-43.91905916778895,9
7900,manilacotton,2016-09-28,manilacotton,Croplands,35.8872,-90.1371,3.4,5.9,4.1392704816277455,19.792916666666667,113.05323934374998,2.103,-0.9995462806873572,-0.0301203048469083,-63.778748705403736,4.697595456000432,127.23282654041937,-63.778748705403736,1,-58.45671366795926,-67.34770915371784,-65.53182329453414,-43.91905916778895,9
7901,manilacotton,2016-10-06,manilacotton,Croplands,35.8872,-90.1371,2.2,5.2000003,2.3644941387919145,24.50666666666666,142.16071503625,1.4576666666666669,-0.994217906893952,0.107381346664163,-78.91212377540177,6.07851550599252,161.31357847856114,-78.91212377540177,1,-71.91381556005003,-82.8761567369705,-81.94639902918478,-43.91905916778895,9
7902,manilacotton,2016-10-22,manilacotton,Croplands,35.8872,-90.1371,1.5,2.9,1.7731925080383268,12.748208333333334,62.850995037562505,0.8589999999999997,-0.9275416835791964,0.3737197147904692,-35.23316679575138,2.6021588252744814,68.54186377932227,-35.23316679575138,1,-32.34187899307287,-37.38702795437523,-35.97059343980605,-43.91905916778895,9
7903,manilacotton,2016-10-30,manilacotton,Croplands,35.8872,-90.1371,2.3,4.0,2.1269563356202417,21.33833333333333,86.77110727000002,1.3021041666666664,-0.867456354729597,0.4975132889071803,-48.42157474349725,3.887014759535432,96.48531994551402,-48.07548741473774,1,-43.974305040275446,-51.16983125016099,-50.120587940055316,-43.91905916778895,9
7904,manilacotton,2017-05-26,manilacotton,Croplands,35.8872,-90.1371,3.7,5.7000003,7.891940078884832,24.85520833333334,118.89511442,3.0142916666666664,0.5877852522924732,-0.8090169943749473,-65.7970428053304,5.233311128123478,134.05754430276886,-65.7970428053304,1,-59.75884700967423,-69.0227539015054,-68.60952750481157,-43.91905916778895,9
7905,manilacotton,2017-06-11,manilacotton,Croplands,35.8872,-90.1371,2.4,7.3,5.090500026527342,23.743541666666665,59.661638933864594,0.9793124999999998,0.3456123126707335,-0.938377391740864,-32.74226808050176,1.896043130138173,64.68285217186703,-32.74226808050176,1,-30.564854033589775,-33.63316053781829,-34.02878967009721,-43.91905916778895,9
7906,manilacotton,2017-06-19,manilacotton,Croplands,35.8872,-90.1371,2.2,6.4,5.8305606805498025,22.782708333333336,131.14878154624998,1.0212500000000004,0.2135209154397961,-0.9769384927771816,-72.3406720313066,5.028306021100251,148.3988874204727,-72.3406720313066,1,-66.53562332681021,-75.14360423701851,-75.34278853009106,-43.91905916778895,9
7907,manilacotton,2017-06-27,manilacotton,Croplands,35.8872,-90.1371,3.9,5.3,5.720298502633835,25.991041666666664,72.8592744084375,3.461958333333333,0.077386479233463,-0.9970011699250152,-40.107403242619704,3.3384345659178645,80.15756034258666,-40.107403242619704,1,-36.30468748517708,-42.55617321655665,-41.461349026125376,-43.91905916778895,9
7908,manilacotton,2017-07-13,manilacotton,Croplands,35.8872,-90.1371,4.1,5.7000003,1.5797855442581796,23.815625,23.810884745520827,2.535708333333333,-0.1966728897935762,-0.980469160361632,-13.364468396899666,1.0602442725673913,22.84165013932393,-8.324039485416025,1,-12.376580622608106,-14.484652035710818,-13.232172532380067,-43.91905916778895,9
7909,manilacotton,2017-07-21,manilacotton,Croplands,35.8872,-90.1371,5.7,6.3,6.80377370451807,27.52208333333333,107.97403506287502,1.6134166666666665,-0.3294084822245302,-0.9441875088341994,-61.118309132936105,4.318175914785908,121.28603005446823,-61.118309132936105,1,-56.189481391437646,-64.23589683354497,-62.9295491738257,-43.91905916778895,9
7910,manilacotton,2017-07-29,manilacotton,Croplands,35.8872,-90.1371,5.6,5.7000003,6.2552149457129005,28.967916666666657,111.15090764020836,0.8736458333333332,-0.455906693508459,-0.8900275764346766,-62.76416377950799,4.414886867610253,125.01112657394856,-62.76416377950799,1,-57.70512280684871,-65.8375632795102,-64.74980525216506,-43.91905916778895,9
7911,manilacotton,2017-09-07,manilacotton,Croplands,35.8872,-90.1371,3.7,4.0,3.1575807159595395,22.07437500000001,29.346240972966665,1.2937083333333337,-0.9175836260593934,-0.3975428142825566,-16.760186653331306,1.2977487783253927,29.38429694382653,-15.675348085250386,1,-15.562234140540617,-18.138800148748047,-16.579525670705255,-43.91905916778895,9
7912,manilacotton,2017-09-15,manilacotton,Croplands,35.8872,-90.1371,4.4,4.7000003,3.993010112320248,21.495000000000005,49.30191215091665,2.0288125,-0.9634705485641486,-0.2678143051621748,-28.414456427515365,2.228029255790998,52.65297011224341,-27.60047665215586,1,-26.129089289084014,-30.580339462423904,-28.533940531038187,-43.91905916778895,9
7913,manilacotton,2017-10-09,manilacotton,Croplands,35.8872,-90.1371,2.8,4.2000003,5.259466641222276,19.235208333333336,92.77906514791664,2.1294166666666667,-0.989932495087353,0.141540295217043,-51.98622794390109,4.111668044931508,103.51024175514297,-51.98622794390109,1,-47.34396776776291,-55.16926258265549,-53.44545348128486,-43.91905916778895,9
7914,manilacotton,2017-10-25,manilacotton,Croplands,35.8872,-90.1371,2.1,3.7,2.1128651305843142,18.689166666666665,37.672724824375,3.1438333333333337,-0.9141279881853336,0.4054257283599973,-20.861929336328696,2.2227605869873712,39.10562455165195,-20.861929336328696,1,-18.515354924821636,-22.935691986228075,-21.134741097936374,-43.91905916778895,9
7915,manilacotton,2017-11-10,manilacotton,Croplands,35.8872,-90.1371,0.7,2.2,2.106642068270061,9.659458333333337,35.42080606157318,1.1644645845833332,-0.7694148268839381,0.6387494220515268,-19.785659629045984,1.7404525095166168,36.61179739323957,-19.785659629045984,1,-17.984557698932154,-21.45834971102929,-19.914071477176513,-43.91905916778895,9
7916,manilacotton,2018-06-06,manilacotton,Croplands,35.8872,-90.1371,1.8,6.1,2.470669114928881,26.035833333333343,174.2308351325,0.8446041666666666,0.4250003399695541,-0.9051931898913974,-95.77197109639617,7.103652215043927,198.85666721702725,-95.77197109639617,1,-87.58064700851031,-99.49543419123498,-100.23983208944321,-43.91905916778895,9
7917,manilacotton,2018-06-14,manilacotton,Croplands,35.8872,-90.1371,5.3,6.3,5.564950706518849,28.06375000000001,108.55443921937496,1.4937291666666666,0.2967128192734907,-0.9549667548552552,-61.01276659745073,4.3839393515961165,121.9597316043315,-61.012766597450735,1,-55.95849011490737,-63.784120249742884,-63.2956894277019,-43.91905916778895,9
7918,manilacotton,2018-07-16,manilacotton,Croplands,35.8872,-90.1371,5.5,6.2000003,6.4750302852920045,27.59895833333333,70.25328387781248,1.1397291666666671,-0.2470221804809352,-0.9690098257244064,-40.02601309476088,2.6020379314873896,77.13062197147697,-40.02601309476088,1,-37.07885045810574,-42.00583120721462,-40.99335761896226,-43.91905916778895,9
7919,manilacotton,2018-07-24,manilacotton,Croplands,35.8872,-90.1371,5.9,6.3,6.362528723997146,24.344791666666666,93.01448306831249,1.0240833333333337,-0.3777079652039646,-0.92592477719385,-53.28920553496017,3.441067346936291,103.78168984353593,-53.28920553496017,1,-49.4032120101668,-55.95000117594274,-54.514403418770975,-43.91905916778895,9
7920,manilacotton,2018-09-02,manilacotton,Croplands,35.8872,-90.1371,4.7,5.3,5.647297635518731,26.806875,92.83935186250004,1.5754791666666668,-0.8800122039735356,-0.4749510720670502,-52.39450342536016,3.894743200853,103.56938958382273,-52.39450342536016,1,-47.98810389424249,-55.376649260756395,-53.81875712108162,-43.91905916778895,9
7921,manilacotton,2018-09-18,manilacotton,Croplands,35.8872,-90.1371,3.2,4.9,2.5636559363152966,26.41604166666667,117.71865651101878,0.6386458333333335,-0.9760105506323682,-0.2177232303965322,-65.62124781455812,4.832740485944246,132.69615677155116,-64.34855968718871,1,-60.06474201915336,-68.84594568502823,-67.95305573949278,-43.91905916778895,9
7922,manilacotton,2018-10-04,manilacotton,Croplands,35.8872,-90.1371,2.9,4.6,2.1482468186210557,27.008750000000006,120.16033037958334,1.6793541666666665,-0.9984354211555644,0.055916990100603,-66.70109866696663,5.3433064324918105,135.55493730923513,-65.19759230420874,1,-60.563572745789294,-70.31667540450829,-69.2230478506023,-43.91905916778895,9
