row_id,station,date,group,landcover,latitude,longitude,openet,eto,y,t_avg,vpd,ws,doy_sin,doy_cos,OpenET,correction,spread,distance,predicted_gain,spread_threshold,support_threshold,Full,accept_Full,Spread95,accept_Spread95,Support95,accept_Support95,Gain,accept_Gain,SupportGain,accept_SupportGain,Uniform,Clip,uniform_multiplier,correction_20260713,correction_20260714,correction_20260715,fold,condition
145,Almond_High,2019-01-04,Almond_High,Croplands,36.169669,-120.201004,1.6,2.5,0.5657079002983887,7.837560729166667,0.5576000375,1.148180775520833,0.0688024268023198,0.9976303053065856,1.6,0.08205514239286975,0.5021540055450494,0.9321704381776381,0.07073701903063395,0.47872741416210024,1.4679653119049538,1.6820551423928698,True,1.6,False,1.6820551423928698,True,1.6820551423928698,True,1.6820551423928698,True,1.6,1.6992204800604118,0.0,-0.49743541920592094,0.38916884420213665,0.3544320021823935,8,vpd_x10
146,Almond_High,2019-01-12,Almond_High,Croplands,36.169669,-120.201004,1.2,0.7,1.3646137096668003,12.44484375,0.4358704062500001,1.1409832258958337,0.2051044998686192,0.9787400799669153,1.2,-0.11085678298523659,0.46082975308793644,0.7412855857556367,1.3668378388886475,0.47872741416210024,1.4679653119049538,1.0891432170147635,True,1.0891432170147635,True,1.0891432170147635,True,1.0891432170147635,True,1.0891432170147635,True,1.2,1.082475745237393,0.0,-0.20144021630793263,-0.5196686255883949,0.38853849294061776,8,vpd_x10
147,Almond_High,2019-01-13,Almond_High,Croplands,36.169669,-120.201004,0.9,0.7,0.6175913486458401,10.1428,0.2411664708333333,1.09715212475,0.2219215130041655,0.9750645322571948,0.9,-0.15884678897983692,0.3029595520750418,0.4909944197217969,0.005369911009748947,0.47872741416210024,1.4679653119049538,0.7411532110201631,True,0.7411532110201631,True,0.7411532110201631,True,0.7411532110201631,True,0.7411532110201631,True,0.9,0.7624644718039008,0.0,-0.24397513898803172,-0.4101352355603899,0.17757000760891078,8,vpd_x10
148,Almond_High,2019-01-21,Almond_High,Croplands,36.169669,-120.201004,1.0,3.1000001,1.455408541840829,9.626681250000004,0.3393695083333334,1.659308369125,0.3536761221763716,0.9353679493131484,1.0,-0.010983236689116641,0.3087726319437745,0.5940554430726263,0.005369911009748947,0.47872741416210024,1.4679653119049538,0.9890167633108834,True,0.9890167633108834,True,0.9890167633108834,True,0.9890167633108834,True,0.9890167633108834,True,1.0,0.9890167633108834,0.0,-0.3661705215646727,0.19348107255344288,0.13973973894387992,8,vpd_x10
149,Almond_High,2019-02-05,Almond_High,Croplands,36.169669,-120.201004,1.1,0.4,1.741929004070058,6.5697270833333326,0.25718669375,1.8880259258541665,0.5808002734538009,0.8140460935082178,1.1,-0.38040311215049066,0.28150957085172307,0.7967064292480206,-0.02344965272467641,0.47872741416210024,1.4679653119049538,0.7195968878495094,True,0.7195968878495094,True,0.7195968878495094,True,1.1,False,1.1,False,1.1,0.6940843594458366,0.0,-0.12924854030189892,-0.6846943434198105,-0.3272664527297625,8,vpd_x10
150,Almond_High,2019-02-06,Almond_High,Croplands,36.169669,-120.201004,1.5,0.4,1.083380831533297,5.1946821875000015,0.2369136520833333,1.3276221462916669,0.5947266869607634,0.8039279618328213,1.5,-0.5816981182904827,0.2100147021628726,0.7896903703154592,-0.009321776544598464,0.47872741416210024,1.4679653119049538,0.9183018817095173,True,0.9183018817095173,True,0.9183018817095173,True,1.5,False,1.5,False,1.5,0.8601952745269908,0.0,-0.5052926621779594,-0.8192192595245991,-0.4205824331688894,8,vpd_x10
151,Almond_High,2019-02-22,Almond_High,Croplands,36.169669,-120.201004,1.9,2.3,1.6268213848533646,6.867954166666666,0.46926138125,1.7901229872916662,0.7909456567567772,0.6118864012687243,1.9,-0.5124602858843582,0.263380484334369,0.7335522971488315,0.012378417222064012,0.47872741416210024,1.4679653119049538,1.3875397141156416,True,1.3875397141156416,True,1.3875397141156416,True,1.3875397141156416,True,1.3875397141156416,True,1.9,1.3342249028852593,0.0,-0.8027286888482787,-0.4459229686204639,-0.28872920018433196,8,vpd_x10
152,Almond_High,2019-03-09,Almond_High,Croplands,36.169669,-120.201004,2.0,4.2000003,1.9125719288354823,8.116429166666665,0.3271810375,1.3526368737708332,0.9209712877166346,0.3896304495307879,2.0,-0.4127745706369243,0.13744339769870867,0.6282143919022841,-0.12473128560402552,0.47872741416210024,1.4679653119049538,1.5872254293630756,True,1.5872254293630756,True,1.5872254293630756,True,2.0,False,2.0,False,2.0,1.5872254293630756,0.0,-0.4932727492494672,-0.25407414110601567,-0.4909768215552901,8,vpd_x10
153,Almond_High,2019-03-10,Almond_High,Croplands,36.169669,-120.201004,2.5,2.4,1.2906366341295397,8.228785416666666,0.3261017604166666,1.0765096824999998,0.9275416835791966,0.373719714790469,2.5,-0.5958016384080476,0.1421295590548563,0.6496937247401969,0.0024300980482588434,0.47872741416210024,1.4679653119049538,1.9041983615919524,True,1.9041983615919524,True,1.9041983615919524,True,1.9041983615919524,True,1.9041983615919524,True,2.5,1.9041983615919524,0.0,-0.5877767705128847,-0.7417736182783206,-0.45785452643293745,8,vpd_x10
154,Almond_High,2019-03-17,Almond_High,Croplands,36.169669,-120.201004,3.3,3.8,2.3753879410999925,15.300804166666666,0.9240655083333332,1.3145689834166665,0.9657399376548548,0.2595117970697999,3.3,-0.25272586461697,0.18079251430620646,1.3381612345201643,0.16639720121293344,0.47872741416210024,1.4679653119049538,3.04727413538303,True,3.04727413538303,True,3.04727413538303,True,3.04727413538303,True,3.04727413538303,True,3.3,3.0247230194783805,0.0,-0.07105107969715331,-0.4326229989494754,-0.25450351520428127,8,vpd_x10
155,Almond_High,2019-03-18,Almond_High,Croplands,36.169669,-120.201004,3.6,3.8,3.4235631427972963,17.727920833333332,1.1495711895833334,1.3147514127083335,0.970063921851507,0.2428497220959356,3.6,-0.35499752783572974,0.33474360257540925,1.6479574346601307,-7.295356076726415,0.47872741416210024,1.4679653119049538,3.2450024721642703,True,3.2450024721642703,True,3.6,False,3.6,False,3.6,False,3.6,3.366251402953716,0.0,0.031529415395193744,-0.5472755642263472,-0.5492464346760357,8,vpd_x10
156,Almond_High,2019-03-26,Almond_High,Croplands,36.169669,-120.201004,3.8,3.8,3.077299366968373,15.263912499999996,0.6533818270833333,1.1369700340625002,0.994217906893952,0.107381346664163,3.8,-0.42205979728580917,0.242810098690237,0.9908261667759058,-0.09332300563660506,0.47872741416210024,1.4679653119049538,3.3779402027141905,True,3.3779402027141905,True,3.3779402027141905,True,3.8,False,3.8,False,3.8,3.3454681170050664,0.0,-0.15524530594887473,-0.6300610402692234,-0.48087304563932953,8,vpd_x10
157,Almond_High,2019-04-02,Almond_High,Croplands,36.169669,-120.201004,4.2,4.8,5.3652586653614325,16.234875000000002,0.6705711020833333,1.2678504086249998,0.999916658654738,-0.0129102960750088,4.2,-0.13039383367659113,0.4493727520355319,0.9856027670183606,1.625885859416712,0.47872741416210024,1.4679653119049538,4.069606166323409,True,4.069606166323409,True,4.069606166323409,True,4.069606166323409,True,4.069606166323409,True,4.2,3.9443205399573915,0.0,0.3818504395832251,-0.3148206172047839,-0.45821132340821463,8,vpd_x10
158,Almond_High,2019-04-18,Almond_High,Croplands,36.169669,-120.201004,5.4,5.3,5.336477808562401,19.738395833333332,1.1248048895833336,1.1376089402708331,0.9587178169872964,-0.2843591872810034,5.4,0.08647418523771999,0.7205252486482969,1.565658942518037,-12.427105198345092,0.47872741416210024,1.4679653119049538,5.486474185237721,True,5.4,False,5.4,False,5.4,False,5.4,False,5.4,5.295102984172194,0.0,0.8790692791210417,-0.09073115097120737,-0.5289155724366743,8,vpd_x10
159,Almond_High,2019-04-19,Almond_High,Croplands,36.169669,-120.201004,5.2,4.8,6.923782693520382,22.55672916666667,1.5967566854166666,1.3102561865000002,0.9536809966304456,-0.3008198076356673,5.2,-0.2529904564334211,0.7133220788152322,2.235236284097992,-21.268490082597634,0.47872741416210024,1.4679653119049538,4.947009543566579,True,5.2,False,5.2,False,5.2,False,5.2,False,5.2,4.952344130484839,0.0,0.4595190046113346,-0.25136798865089405,-0.9671223852607038,8,vpd_x10
160,Almond_High,2019-04-26,Almond_High,Croplands,36.169669,-120.201004,5.9,5.5,7.567374618531701,24.47172916666666,1.8595441229166667,1.27329577675,0.9106046300942164,-0.4132786077829042,5.9,0.22785130312581983,0.5536791424707354,2.574549746736091,-21.28383236724022,0.47872741416210024,1.4679653119049538,6.12785130312582,True,5.9,False,5.9,False,5.9,False,5.9,False,5.9,5.9679249603415645,0.0,0.8052762319764677,0.17682756679566047,-0.29854988939466864,8,vpd_x10
161,Almond_High,2019-04-27,Almond_High,Croplands,36.169669,-120.201004,5.8,5.6,6.482815057765819,22.57533333333333,1.6504921250000002,1.2168267018541667,0.9033558023246844,-0.4288919379124835,5.8,0.26581693250703675,0.6313624807539489,2.313430166721015,-21.28383236724022,0.47872741416210024,1.4679653119049538,6.065816932507037,True,5.8,False,5.8,False,5.8,False,5.8,False,5.8,5.937918851353683,0.0,0.9166107100590548,0.22497087649814734,-0.34413078903609184,8,vpd_x10
162,Almond_High,2019-05-04,Almond_High,Croplands,36.169669,-120.201004,6.2,4.1,6.559937697784512,20.837354166666668,1.6388317895833329,1.212139022083333,0.8452490573530633,-0.5343725582809787,6.2,-0.12450510506691252,0.7449830565955711,2.4171276595383278,-21.28383236724022,0.47872741416210024,1.4679653119049538,6.075494894933088,True,6.2,False,6.2,False,6.2,False,6.2,False,6.2,5.7210551599918675,0.0,0.4207610030035454,0.17906788751378178,-0.9733442057180648,8,vpd_x10
163,Almond_High,2019-05-05,Almond_High,Croplands,36.169669,-120.201004,5.6,4.5,4.935977720795703,17.751479166666666,1.0947649312500003,1.7788572486874996,0.835925479418637,-0.548842958284719,5.6,-0.2522065825907707,0.4104524909319075,1.613200834147015,0.5485219531734586,0.47872741416210024,1.4679653119049538,5.347793417409229,True,5.347793417409229,True,5.6,False,5.347793417409229,True,5.6,False,5.6,4.700637799288048,0.0,0.024607066113699533,-0.05744393020422017,-0.7237828836817914,8,vpd_x10
164,Almond_High,2019-05-12,Almond_High,Croplands,36.169669,-120.201004,6.7,5.1,7.132804093608396,22.2355625,1.2931423875,1.2863745353333336,0.7638886127905428,-0.6453481132295501,6.7,0.3861152780223613,0.5244919576232795,1.887222759182189,-7.8974708278457815,0.47872741416210024,1.4679653119049538,7.086115278022361,True,6.7,False,6.7,False,6.7,False,6.7,False,6.7,6.619335064827307,0.0,0.8804284294724791,0.4419978001693254,-0.16408039557472082,8,vpd_x10
165,Almond_High,2019-05-13,Almond_High,Croplands,36.169669,-120.201004,6.3,5.3,7.941737971530907,21.159770833333337,1.5506621125000002,1.1475798406041664,0.7526668275320084,-0.6584015846980488,6.3,0.3269234111247747,0.632069809425969,2.2386406038891806,-21.28383236724022,0.47872741416210024,1.4679653119049538,6.626923411124775,True,6.3,False,6.3,False,6.3,False,6.3,False,6.3,6.225137098302248,0.0,0.8691768773107751,0.47886065403863304,-0.3672672979750842,8,vpd_x10
166,Almond_High,2019-06-05,Almond_High,Croplands,36.169669,-120.201004,7.0,5.6,9.08666714336506,29.35682408333333,2.2897874854166664,1.2004376741354166,0.440518784350495,-0.8977433935342337,7.0,0.6874927885918428,0.6306748937579754,2.986585851207612,-21.28383236724022,0.47872741416210024,1.4679653119049538,7.687492788591843,True,7.0,False,7.0,False,7.0,False,7.0,False,7.0,7.259334447378306,0.0,1.0826908222105371,1.0196245593383746,-0.039837015773382806,8,vpd_x10
167,Almond_High,2019-06-06,Almond_High,Croplands,36.169669,-120.201004,7.6,4.0,10.07536162437612,25.72975,2.053576827083333,1.5157997613125005,0.4250003399695541,-0.9051931898913974,7.6,0.5871773676939458,0.7291376513887933,2.848793955732051,-21.28383236724022,0.47872741416210024,1.4679653119049538,8.187177367693945,True,7.6,False,7.6,False,7.6,False,7.6,False,7.6,7.853872058194857,0.0,0.7364920114711953,1.230099705172851,-0.20505961356220884,8,vpd_x10
168,Almond_High,2019-06-13,Almond_High,Croplands,36.169669,-120.201004,7.2,6.5,10.462812691902734,27.19545833333333,2.109974095833333,1.2559720616875,0.3131070409358269,-0.9497178427914316,7.2,1.0458396735704987,0.4008870888719294,2.76169898974173,-6.991981198285177,0.47872741416210024,1.4679653119049538,8.245839673570499,True,8.245839673570499,True,7.2,False,7.2,False,7.2,False,7.2,7.943528263536363,0.0,1.463731746390979,1.0093323788326625,0.6644548954878546,8,vpd_x10
169,Almond_High,2019-06-14,Almond_High,Croplands,36.169669,-120.201004,7.1,7.5,8.576311393789192,24.976687499999983,1.84529164375,1.1368727772708331,0.2967128192734907,-0.9549667548552552,7.1,1.275779418672502,0.6070959529959211,2.504000261173494,-21.312567880427405,0.47872741416210024,1.4679653119049538,8.3757794186725,True,7.1,False,7.1,False,7.1,False,7.1,False,7.1,8.2254881951661,0.0,1.9766766582571558,0.9142496978073993,0.9364118999529509,8,vpd_x10
170,Almond_High,2019-06-21,Almond_High,Croplands,36.169669,-120.201004,7.0,10.3,8.825924926878578,22.43968749999999,1.485184185416667,1.3055399985833336,0.1797665857255624,-0.9837092937736096,7.0,2.1352148664387673,0.828879447376385,2.06862980934195,-14.722470298383675,0.47872741416210024,1.4679653119049538,9.135214866438767,True,7.0,False,7.0,False,7.0,False,7.0,False,7.0,8.669020019882291,0.0,3.067318758895615,1.4809399446386136,1.8573858957820728,8,vpd_x10
171,Almond_High,2019-06-22,Almond_High,Croplands,36.169669,-120.201004,7.0,5.2000003,8.769234431064866,23.93995833333333,1.9127322333333332,1.30110555325,0.1628070129385171,-0.986657932891657,7.0,0.5020646321991495,0.4696565030629389,2.5828656499991616,-6.012732942205707,0.47872741416210024,1.4679653119049538,7.50206463219915,True,7.50206463219915,True,7.0,False,7.0,False,7.0,False,7.0,7.451676479644348,0.0,0.7745346224791385,0.7719051339398773,-0.04024585982156706,8,vpd_x10
172,Almond_High,2019-06-29,Almond_High,Croplands,36.169669,-120.201004,7.0,7.6,7.3407478896124605,22.74014583333333,1.7311610916666664,1.0874667087499998,0.0430222330045305,-0.99907411510223,7.0,1.1969536397944696,0.7777580052392464,2.3633568561473073,-21.312567880427405,0.47872741416210024,1.4679653119049538,8.196953639794469,True,7.0,False,7.0,False,7.0,False,7.0,False,7.0,8.025898715962352,0.0,2.0777255621710675,0.6046198906048121,0.908515466607529,8,vpd_x10
173,Almond_High,2019-06-30,Almond_High,Croplands,36.169669,-120.201004,7.1,7.1,7.638375450414082,24.589541666666666,1.9849049125,1.2676964542499998,0.025818440227133,-0.9996666485105112,7.1,1.0593269140289687,0.6166044298439004,2.608997016783484,-21.312567880427405,0.47872741416210024,1.4679653119049538,8.159326914028968,True,7.1,False,7.1,False,7.1,False,7.1,False,7.1,8.111715714278688,0.0,1.7514006532841417,0.568457460090587,0.8581226287121775,8,vpd_x10
174,Almond_High,2019-07-08,Almond_High,Croplands,36.169669,-120.201004,7.1,6.2000003,8.32428100010107,23.018312499999997,1.7283827270833332,1.1091889079791668,-0.1116590071216944,-0.993746580436178,7.1,0.7762841348886856,0.5750848929913286,2.377022550403919,-21.312567880427405,0.47872741416210024,1.4679653119049538,7.876284134888685,True,7.1,False,7.1,False,7.1,False,7.1,False,7.1,7.828108938332291,0.0,1.4368255166697164,0.3869673064195542,0.5050595815767864,8,vpd_x10
175,Almond_High,2019-07-15,Almond_High,Croplands,36.169669,-120.201004,7.2,6.6,8.755813183054162,26.97141666666667,2.4617921312499997,1.2272810831666667,-0.2303056702306119,-0.973118337233262,7.2,1.0034480925921718,0.5009612248767179,2.987621161345789,-7.562906113198063,0.47872741416210024,1.4679653119049538,8.203448092592172,True,7.2,False,7.2,False,7.2,False,7.2,False,7.2,8.091213242007967,0.0,1.5516622756717624,0.5694721299962375,0.8892098721085153,8,vpd_x10
176,Almond_High,2019-07-16,Almond_High,Croplands,36.169669,-120.201004,8.0,8.6,8.119102107913621,26.760562499999995,2.2864022229166667,1.3452416034791668,-0.2470221804809352,-0.9690098257244064,8.0,1.8458957278065675,0.9061008426860726,3.051225797971014,-21.312567880427405,0.47872741416210024,1.4679653119049538,9.845895727806568,True,8.0,False,8.0,False,8.0,False,8.0,False,8.0,9.431074546751372,0.0,2.7539426935823195,0.9417536293566391,1.8419908604807445,8,vpd_x10
177,Almond_High,2019-07-23,Almond_High,Croplands,36.169669,-120.201004,6.9,6.0,8.373742786392825,29.27577083333333,2.495309535416667,1.0123814224583334,-0.3617137307297674,-0.9322892131745134,6.9,0.7863245593885017,0.44017846999004556,2.9950272557280817,-5.672769789642954,0.47872741416210024,1.4679653119049538,7.686324559388502,True,7.686324559388502,True,6.9,False,6.9,False,6.9,False,6.9,7.51536806072434,0.0,1.2480188601718003,0.739558545757095,0.3713962722366097,8,vpd_x10
178,Almond_High,2019-07-24,Almond_High,Croplands,36.169669,-120.201004,6.8,6.8,8.578703696804132,29.909562500000003,2.8793498166666662,1.053463130895833,-0.3777079652039646,-0.92592477719385,6.8,1.0073803572642328,0.5145248331143834,3.139297258884411,-7.562906113198063,0.47872741416210024,1.4679653119049538,7.807380357264233,True,6.8,False,6.8,False,6.8,False,6.8,False,6.8,7.430220312177557,0.0,1.6009235752629094,0.733316459889269,0.6879010366405203,8,vpd_x10
179,Almond_High,2019-07-31,Almond_High,Croplands,36.169669,-120.201004,7.0,9.400001,5.851249292140643,26.346375000000005,2.3389832604166663,1.04275549525,-0.4862727071086902,-0.8738071036110807,7.0,1.806999289886542,0.9967282336081896,3.124255222758644,-14.722470298383675,0.47872741416210024,1.4679653119049538,8.806999289886543,True,7.0,False,7.0,False,7.0,False,7.0,False,7.0,8.226006398678816,0.0,2.8124216044790398,0.8191988122983491,1.7893774528822373,8,vpd_x10
180,Almond_High,2019-08-01,Almond_High,Croplands,36.169669,-120.201004,6.9,9.2,7.1457172626044,26.438854166666665,2.3351100666666667,1.2727733770625,-0.5012418134457756,-0.8653072543632061,6.9,1.7602752696325263,0.8809602693547318,3.071212098631732,-14.722470298383675,0.47872741416210024,1.4679653119049538,8.660275269632526,True,6.9,False,6.9,False,6.9,False,6.9,False,6.9,8.123644142498105,0.0,2.6502856710815172,0.8886530156084516,1.7418871222076104,8,vpd_x10
181,Almond_High,2019-08-08,Almond_High,Croplands,36.169669,-120.201004,6.5,4.4,3.4022466793717903,25.290124999999996,2.13728069375,1.1325299682291663,-0.6016240632249227,-0.7987793728863648,6.5,0.20954496268523193,0.5360598574917267,2.5790912974227695,-7.8974708278457815,0.47872741416210024,1.4679653119049538,6.709544962685232,True,6.5,False,6.5,False,6.5,False,6.5,False,6.5,7.053148469897152,0.0,0.5933343270291556,0.43823257171965896,-0.4029320106931187,8,vpd_x10
182,Almond_High,2019-08-09,Almond_High,Croplands,36.169669,-120.201004,6.1,5.3,3.4401615197187154,23.328249999999993,1.845132591666666,1.0310482023541667,-0.6152845999633277,-0.7883050558305253,6.1,0.16235670270576183,0.38241601242889234,2.381508287787356,-7.52259479890062,0.47872741416210024,1.4679653119049538,6.262356702705762,True,6.262356702705762,True,6.1,False,6.1,False,6.1,False,6.1,6.499976741807919,0.0,0.6011664433336215,-0.014310418374057832,-0.0997859168422781,8,vpd_x10
183,Almond_High,2019-08-16,Almond_High,Croplands,36.169669,-120.201004,6.6,10.2,5.888034951632812,31.402604166666663,3.5401962000000005,1.3974476571041663,-0.7055836101071774,-0.7086266782644601,6.6,2.0647341836125146,0.8614368912705348,3.6855182673466738,-14.722470298383675,0.47872741416210024,1.4679653119049538,8.664734183612515,True,6.6,False,6.6,False,6.6,False,6.6,False,6.6,7.351036512441634,0.0,3.0191362868405243,1.344817276197314,1.8302489877997052,8,vpd_x10
184,Almond_High,2019-08-17,Almond_High,Croplands,36.169669,-120.201004,6.5,9.6,4.328370369361669,29.08489583333333,2.9795128791666663,1.362725928979167,-0.7176769136759615,-0.6963762255968726,6.5,1.8451405286154248,0.8546707635034362,3.5044022080580257,-14.722470298383675,0.47872741416210024,1.4679653119049538,8.345140528615424,True,6.5,False,6.5,False,6.5,False,6.5,False,6.5,7.496514368460985,0.0,2.7690321228089902,1.0827278354695091,1.683661627567774,8,vpd_x10
185,Almond_High,2019-08-24,Almond_High,Croplands,36.169669,-120.201004,6.1,5.9,3.122651735755693,29.355354166666668,2.5381033958333337,1.0926286450208331,-0.7961828637826154,-0.6050560696488494,6.1,0.5380241133301268,0.3617960456505759,2.893211034242726,-7.5568123218153,0.47872741416210024,1.4679653119049538,6.638024113330126,True,6.638024113330126,True,6.1,False,6.1,False,6.1,False,6.1,6.532034023300258,0.0,0.9532232380563632,0.37047007216874844,0.2903790297652688,8,vpd_x10
186,Almond_High,2019-08-25,Almond_High,Croplands,36.169669,-120.201004,6.2,5.9,4.460997506405191,29.76902083333333,2.73221713125,0.91698561975,-0.8064799463209447,-0.5912614448635782,6.2,0.5723252490025322,0.4032788262661791,2.991313546148045,-6.960283162064521,0.47872741416210024,1.4679653119049538,6.772325249002533,True,6.772325249002533,True,6.2,False,6.2,False,6.2,False,6.2,6.636038041497698,0.0,1.019886936630461,0.45990065126554974,0.23718815911158614,8,vpd_x10
187,Almond_High,2019-09-01,Almond_High,Croplands,36.169669,-120.201004,5.5,5.6,5.271366576594421,28.29125,2.7707831166666663,1.0621440779375,-0.8717063187093218,-0.4900286664290594,5.5,0.26228215715484937,0.4857887827539663,2.739590630248396,-7.531208076977408,0.47872741416210024,1.4679653119049538,5.762282157154849,True,5.5,False,5.5,False,5.5,False,5.5,False,5.5,5.780302774771487,0.0,0.7312866547503922,0.29426973438416015,-0.2387099176700044,8,vpd_x10
188,Almond_High,2019-09-02,Almond_High,Croplands,36.169669,-120.201004,5.2,6.9,4.522364411969014,29.292791666666673,2.860548602083333,1.2612709586458328,-0.8800122039735356,-0.4749510720670502,5.2,0.6646100583084242,0.46050077379776394,2.8013141761366995,-6.000353180596596,0.47872741416210024,1.4679653119049538,5.864610058308425,True,5.864610058308425,True,5.2,False,5.2,False,5.2,False,5.2,5.447600825206057,0.0,1.1916986229970745,0.34028587468758126,0.4618456772406169,8,vpd_x10
189,Almond_High,2019-09-09,Almond_High,Croplands,36.169669,-120.201004,4.6,8.0,2.2993614706939978,22.087479166666668,1.5535081083333333,1.3275893511666668,-0.9307239310379792,-0.3657225234972692,4.6,0.6236843412561734,0.8419019710379405,2.11984666563375,-21.268490082597634,0.47872741416210024,1.4679653119049538,5.223684341256173,True,4.6,False,4.6,False,4.6,False,4.6,False,4.6,4.832888583053793,0.0,1.5393413192222398,-0.1169482369195504,0.44865994146583105,8,vpd_x10
190,Almond_High,2019-09-10,Almond_High,Croplands,36.169669,-120.201004,4.3,7.9,2.672772123423905,20.596645833333326,1.3536909916666666,1.0060338558958335,-0.9368813462954316,-0.3496474552512282,4.3,0.25928305962915926,0.8415417489259093,1.8615794108640542,-21.268490082597634,0.47872741416210024,1.4679653119049538,4.559283059629159,True,4.3,False,4.3,False,4.3,False,4.3,False,4.3,4.35296320722414,0.0,1.158299261083501,-0.5096306098147028,0.1291805276186796,8,vpd_x10
191,Almond_High,2019-09-18,Almond_High,Croplands,36.169669,-120.201004,4.3,6.8,3.656634996534631,19.987291666666668,1.3321622624999998,1.1402074532500002,-0.9760105506323682,-0.2177232303965322,4.3,0.05721670880083266,0.6538164636178146,1.7839471740726256,-21.268490082597634,0.47872741416210024,1.4679653119049538,4.3572167088008324,True,4.3,False,4.3,False,4.3,False,4.3,False,4.3,4.162632989181805,0.0,0.7992297362286094,-0.43436537641617634,-0.19321423340993504,8,vpd_x10
192,Almond_High,2019-09-25,Almond_High,Croplands,36.169669,-120.201004,4.0,5.4,5.468041002988417,26.037250000000004,2.346937833333333,1.024367391333333,-0.9951053111006974,-0.0988201387328721,4.0,-0.034438859933850395,0.32301926066853043,2.5997007084178465,-7.291125769535174,0.47872741416210024,1.4679653119049538,3.9655611400661495,True,3.9655611400661495,True,4.0,False,4.0,False,4.0,False,4.0,4.041870029486263,0.0,0.27429902965586855,-0.0075562408413632765,-0.3700593686160565,8,vpd_x10
326,Almond_Low,2019-02-06,Almond_Low,Croplands,36.946608,-120.10237,1.3,0.4,1.8916104378351573,5.661873416666666,0.3551032291666667,0.8387170037083332,0.5947266869607634,0.8039279618328213,1.3,-0.26258018808398925,0.35347343657490077,0.7959450979526566,0.07717684620093551,0.5466674556620883,1.6040522500501797,1.0374198119160107,True,1.0374198119160107,True,1.0374198119160107,True,1.0374198119160107,True,1.0374198119160107,True,1.3,1.0794877841963748,0.0,-0.09042517474466522,-0.6691502202525672,-0.02816516925473546,4,vpd_x10
327,Almond_Low,2019-02-22,Almond_Low,Croplands,36.946608,-120.10237,1.5,2.3,1.6557630003442778,6.407439583333335,0.3977815520833333,0.7103595134583335,0.7909456567567772,0.6118864012687243,1.5,-0.06808399811316256,0.17076153675364758,0.680416665619201,-0.02040276380372324,0.5466674556620883,1.6040522500501797,1.4319160018868375,True,1.4319160018868375,True,1.4319160018868375,True,1.5,False,1.5,False,1.5,1.4158877258578453,0.0,0.11544179048018813,-0.22228258833259434,-0.09741119648708146,4,vpd_x10
328,Almond_Low,2019-03-10,Almond_Low,Croplands,36.946608,-120.10237,2.0,2.4,2.29361171811958,10.397898604166668,0.3987153958333334,0.94209642225,0.9275416835791966,0.373719714790469,2.0,-0.027685248630556714,0.2218814917951502,0.5653972848169249,0.03560984053183187,0.5466674556620883,1.6040522500501797,1.9723147513694432,True,1.9723147513694432,True,1.9723147513694432,True,1.9723147513694432,True,1.9723147513694432,True,2.0,1.9668687187053635,0.0,0.22657981338619537,-0.18208231850270643,-0.1275532407751591,4,vpd_x10
329,Almond_Low,2019-03-17,Almond_Low,Croplands,36.946608,-120.10237,2.9,3.8,2.524041628086273,15.8386950625,0.7495445583333332,0.8923081649166664,0.9657399376548548,0.2595117970697999,2.9,0.36339474423295415,0.31731422920905444,1.0199327546996224,0.02337966591327516,0.5466674556620883,1.6040522500501797,3.2633947442329543,True,3.2633947442329543,True,3.2633947442329543,True,3.2633947442329543,True,3.2633947442329543,True,2.9,3.0076859167327235,0.0,0.7230762644236883,0.12305420658842411,0.24405376168675003,4,vpd_x10
330,Almond_Low,2019-03-18,Almond_Low,Croplands,36.946608,-120.10237,3.0,3.8,2.8838645862980563,18.115967458333326,0.9806002937499998,0.8315088097708334,0.970063921851507,0.2428497220959356,3.0,0.5482203615848763,0.32944840203488235,1.347100375706002,-0.0994130442800417,0.5466674556620883,1.6040522500501797,3.5482203615848764,True,3.5482203615848764,True,3.5482203615848764,True,3.0,False,3.0,False,3.0,3.2439757584313558,0.0,0.8513981461910092,0.1976373166181563,0.5956256219454634,4,vpd_x10
331,Almond_Low,2019-03-26,Almond_Low,Croplands,36.946608,-120.10237,2.8,3.8,3.0326500211025853,15.952093354166664,0.4175505770833334,1.1613704548333337,0.994217906893952,0.107381346664163,2.8,0.03320256299489072,0.0893529264899326,0.5879021180074748,-0.02040276380372324,0.5466674556620883,1.6040522500501797,2.8332025629948907,True,2.8332025629948907,True,2.8332025629948907,True,2.8,False,2.8,False,2.8,2.802017091839797,0.0,0.13594984205027127,-0.026306981974243415,-0.010035171091355682,4,vpd_x10
332,Almond_Low,2019-04-10,Almond_Low,Croplands,36.946608,-120.10237,4.9,7.8,5.704806558352876,14.49127333333334,0.7260157791666665,2.3447545333124995,0.9886775902323404,-0.1500553983446526,4.9,0.5331337573647111,0.6530246130221027,1.2135854442171277,-9.803302030150327,0.5466674556620883,1.6040522500501797,5.433133757364711,True,4.9,False,5.433133757364711,True,4.9,False,4.9,False,4.9,4.984346247267962,0.0,1.2756710019605162,0.04819906491516163,0.2755312052184556,4,vpd_x10
333,Almond_Low,2019-04-18,Almond_Low,Croplands,36.946608,-120.10237,4.9,5.3,5.3467152136162825,21.1858336875,1.0004493395833334,0.8580438943750001,0.9587178169872964,-0.2843591872810034,4.9,0.8860827786711368,0.6459573388945817,1.3312163993265944,-9.68114856399681,0.5466674556620883,1.6040522500501797,5.786082778671137,True,4.9,False,5.786082778671137,True,4.9,False,4.9,False,4.9,5.424438913294816,0.0,1.6260744916211878,0.4350308783393661,0.5971429660528569,4,vpd_x10
334,Almond_Low,2019-04-19,Almond_Low,Croplands,36.946608,-120.10237,4.6,4.8,6.3199115003830215,22.65304508333334,1.1103304895833337,1.1580305953541667,0.9536809966304456,-0.3008198076356673,4.6,0.6829663551001288,0.5190708965260087,1.472986069191425,3.3853228318809707,0.5466674556620883,1.6040522500501797,5.282966355100129,True,5.282966355100129,True,5.282966355100129,True,5.282966355100129,True,5.282966355100129,True,4.6,4.915029248942016,0.0,1.279089844882603,0.33093995216783784,0.4388692682499458,4,vpd_x10
335,Almond_Low,2019-04-26,Almond_Low,Croplands,36.946608,-120.10237,5.6,5.5,8.029802020374753,23.91012402083332,1.5301104541666664,1.449476814333333,0.9106046300942164,-0.4132786077829042,5.6,1.1129836227961976,0.6290312058501824,1.947827404701266,-19.482475930485027,0.5466674556620883,1.6040522500501797,6.712983622796197,True,5.6,False,5.6,False,5.6,False,5.6,False,5.6,5.969558268742152,0.0,1.802892223729631,0.9647520960540521,0.5713065486049096,4,vpd_x10
336,Almond_Low,2019-05-04,Almond_Low,Croplands,36.946608,-120.10237,5.2,4.1,6.961226061843447,20.181915666666665,1.26209908125,1.3703530395833334,0.8452490573530633,-0.5343725582809787,5.2,0.8668828558955393,0.5761197008474147,1.6221181823370405,2.9486316674847153,0.5466674556620883,1.6040522500501797,6.066882855895539,True,5.2,False,5.2,False,6.066882855895539,True,5.2,False,5.2,5.616978371078326,0.0,1.5245778461174802,0.6245910340950764,0.45147968747406103,4,vpd_x10
337,Almond_Low,2019-05-05,Almond_Low,Croplands,36.946608,-120.10237,5.7,4.5,7.127940882260551,17.540463270833335,0.8928197874999998,1.9051225912500005,0.835925479418637,-0.548842958284719,5.7,0.7209684504228875,0.5484238005184103,1.2513074429703996,2.058652070365155,0.5466674556620883,1.6040522500501797,6.420968450422888,True,5.7,False,6.420968450422888,True,6.420968450422888,True,6.420968450422888,True,5.7,5.6753217726402045,0.0,1.3538857381341534,0.3863316558852357,0.4226879572492735,4,vpd_x10
338,Almond_Low,2019-05-12,Almond_Low,Croplands,36.946608,-120.10237,6.2,5.1,7.522209078404701,22.1876030625,1.1686254395833335,1.3524520074166666,0.7638886127905428,-0.6453481132295501,6.2,1.2230320868379212,0.6969665742499028,1.4831269650471355,-9.507703747348831,0.5466674556620883,1.6040522500501797,7.423032086837921,True,6.2,False,7.423032086837921,True,6.2,False,6.2,False,6.2,6.862796707393895,0.0,1.9833282728762667,1.071411208266622,0.6143567793708749,4,vpd_x10
339,Almond_Low,2019-05-13,Almond_Low,Croplands,36.946608,-120.10237,5.5,5.3,7.973218843316537,21.31819664583333,1.4232596687500003,2.00876494475,0.7526668275320084,-0.6584015846980488,5.5,0.7894468143761738,0.5825587344152628,1.8224396297570056,-7.760310709555707,0.5466674556620883,1.6040522500501797,6.2894468143761735,True,5.5,False,5.5,False,5.5,False,5.5,False,5.5,5.750048331141346,0.0,1.405115770364528,0.716321691793472,0.24690298097052144,4,vpd_x10
340,Almond_Low,2019-05-29,Almond_Low,Croplands,36.946608,-120.10237,5.3,4.7000003,7.392407289385437,22.647652166666663,0.9500450583333332,1.1139323658541664,0.545240438540651,-0.8382797052177743,5.3,0.9164929238650874,0.4969158974164668,1.308725457811386,2.8609050544645105,0.5466674556620883,1.6040522500501797,6.216492923865087,True,6.216492923865087,True,6.216492923865087,True,6.216492923865087,True,6.216492923865087,True,5.3,5.921340391147737,0.0,1.4875273460896816,0.6796087836118303,0.5823426418937501,4,vpd_x10
341,Almond_Low,2019-08-01,Almond_Low,Croplands,36.946608,-120.10237,4.7,9.2,6.648672675544519,26.50460895833333,1.8675169479166664,1.6544935247083332,-0.5012418134457756,-0.8653072543632061,4.7,0.5807188269045637,0.6066177785126123,2.242517575782814,-19.47603499834048,0.5466674556620883,1.6040522500501797,5.280718826904564,True,4.7,False,4.7,False,4.7,False,4.7,False,4.7,5.2651269206063365,0.0,1.2682875055980423,0.12108064313583383,0.3527883319798151,4,vpd_x10
342,Almond_Low,2019-08-08,Almond_Low,Croplands,36.946608,-120.10237,6.1,4.4,7.2335499704908655,24.7692899375,1.7674347479166668,1.8288829218333331,-0.6016240632249227,-0.7987793728863648,6.1,0.29857592664937477,0.537730259516186,2.031749471269212,-7.101441241958323,0.5466674556620883,1.6040522500501797,6.398575926649374,True,6.398575926649374,True,6.1,False,6.1,False,6.1,False,6.1,6.6402262258357805,0.0,0.8007902673569611,0.3636797601997437,-0.2687422476085805,4,vpd_x10
343,Almond_Low,2019-08-09,Almond_Low,Croplands,36.946608,-120.10237,5.6,5.3,6.799555617257397,23.47849885416667,1.50173118125,1.7391302048750006,-0.6152845999633277,-0.7883050558305253,5.6,0.19033621702552936,0.5522654470322719,1.8006280716271015,3.65342924899568,0.5466674556620883,1.6040522500501797,5.790336217025529,True,5.6,False,5.6,False,5.790336217025529,True,5.6,False,5.6,5.588650357474869,0.0,0.8255764140803321,-0.07881179654478973,-0.1757559664589543,4,vpd_x10
344,Almond_Low,2019-08-16,Almond_Low,Croplands,36.946608,-120.10237,6.0,10.2,5.69642270257109,30.87081233333333,2.9405996625,1.1200960508958333,-0.7055836101071774,-0.7086266782644601,6.0,0.965320925135673,1.1360272169079222,3.3528574180909474,-19.47603499834048,0.5466674556620883,1.6040522500501797,6.965320925135673,True,6.0,False,6.0,False,6.0,False,6.0,False,6.0,6.664684260901506,0.0,2.2756122461055823,0.2562278068908098,0.36412272241062693,4,vpd_x10
345,Almond_Low,2019-08-17,Almond_Low,Croplands,36.946608,-120.10237,5.7,9.6,7.086318906410789,27.55138625000001,2.0043302666666665,1.4280659874999997,-0.7176769136759615,-0.6963762255968726,5.7,0.8936388209324142,0.9000133865237814,2.4518607455626684,-19.47603499834048,0.5466674556620883,1.6040522500501797,6.593638820932414,True,5.7,False,5.7,False,5.7,False,5.7,False,5.7,6.388204932286409,0.0,1.915898508030578,0.22045051564042056,0.5445674391262441,4,vpd_x10
346,Almond_Low,2019-08-24,Almond_Low,Croplands,36.946608,-120.10237,5.1,5.9,3.5407425045609524,29.40284808333331,2.152034179166665,1.4312444027083338,-0.7961828637826154,-0.6050560696488494,5.1,-0.047010719859151,0.5786210990175215,2.183342332659192,-7.760310709555707,0.5466674556620883,1.6040522500501797,5.0529892801408485,True,5.1,False,5.1,False,5.1,False,5.1,False,5.1,4.692310628803466,0.0,0.5742451710832368,-0.5705546457199796,-0.1447226849407102,4,vpd_x10
347,Almond_Low,2019-08-25,Almond_Low,Croplands,36.946608,-120.10237,5.3,5.9,3.1437296243920243,30.043662479166674,2.5730156541666664,1.4057649057708337,-0.8064799463209447,-0.5912614448635782,5.3,-0.006710457759382157,0.5697550996567786,2.4991342402817915,-7.760310709555707,0.5466674556620883,1.6040522500501797,5.293289542240617,True,5.3,False,5.3,False,5.3,False,5.3,False,5.3,4.904492949055468,0.0,0.6097764471259834,-0.5138981125894488,-0.11600970781468108,4,vpd_x10
348,Almond_Low,2019-09-01,Almond_Low,Croplands,36.946608,-120.10237,4.9,5.6,4.550065609532261,28.53131735416667,2.41042161875,1.1387773785416666,-0.8717063187093218,-0.4900286664290594,4.9,-0.04994525005718875,0.535212465319889,2.3355594270951805,-7.101441241958323,0.5466674556620883,1.6040522500501797,4.850054749942812,True,4.850054749942812,True,4.9,False,4.9,False,4.9,False,4.9,4.635978411193892,0.0,0.5545212599005644,-0.4636126191502517,-0.240744390921879,4,vpd_x10
349,Almond_Low,2019-09-02,Almond_Low,Croplands,36.946608,-120.10237,4.7,6.9,4.548655047673432,29.339762020833327,2.4440903916666668,1.3080966727499994,-0.8800122039735356,-0.4749510720670502,4.7,-0.02045617693953831,0.6283465218411625,2.4608492851896817,-19.482475930485027,0.5466674556620883,1.6040522500501797,4.679543823060462,True,4.7,False,4.7,False,4.7,False,4.7,False,4.7,4.459570003752276,0.0,0.6897161222452035,-0.504231217322372,-0.24685343574144647,4,vpd_x10
350,Almond_Low,2019-09-09,Almond_Low,Croplands,36.946608,-120.10237,4.4,8.0,4.468492508518388,22.046893,1.2095451687499998,1.5707096098749993,-0.9307239310379792,-0.3657225234972692,4.4,0.331601899991075,0.5289983206235758,1.4730904786996146,2.402258953246192,0.5466674556620883,1.6040522500501797,4.731601899991075,True,4.731601899991075,True,4.731601899991075,True,4.731601899991075,True,4.731601899991075,True,4.4,4.672649936642131,0.0,0.9149192991459658,-0.11704352547408309,0.19692992630134215,4,vpd_x10
351,Almond_Low,2019-09-10,Almond_Low,Croplands,36.946608,-120.10237,4.2,7.9,3.797136659405417,21.2013255625,1.118097891666667,1.6242599378958331,-0.9368813462954316,-0.3496474552512282,4.2,0.2756245665124787,0.47401552743921355,1.3632219922513198,0.233417816894262,0.5466674556620883,1.6040522500501797,4.4756245665124785,True,4.4756245665124785,True,4.4756245665124785,True,4.4756245665124785,True,4.4756245665124785,True,4.2,4.39753142815257,0.0,0.7819193051996487,-0.15763373652682477,0.20258813086461214,4,vpd_x10
352,Almond_Low,2019-09-18,Almond_Low,Croplands,36.946608,-120.10237,3.9,6.8,3.728166855289929,20.64360725,0.9662223916666668,1.3581152215208332,-0.9760105506323682,-0.2177232303965322,3.9,0.12828654263784295,0.4019710664688503,1.126895494248192,-0.1982722845156818,0.5466674556620883,1.6040522500501797,4.028286542637843,True,4.028286542637843,True,4.028286542637843,True,3.9,False,3.9,False,3.9,3.9421980490028625,0.0,0.5833059876336648,-0.17858763528487093,-0.019858724435265054,4,vpd_x10
353,Almond_Low,2019-09-25,Almond_Low,Croplands,36.946608,-120.10237,3.3,5.4,3.4695325006346898,27.38949491666667,2.0275214583333336,0.9722431486458336,-0.9951053111006974,-0.0988201387328721,3.3,-0.23742165486567157,0.39157196569062025,2.26156418072382,-8.547873348981046,0.5466674556620883,1.6040522500501797,3.0625783451343285,True,3.0625783451343285,True,3.3,False,3.3,False,3.3,False,3.3,3.4162696217765616,0.0,0.20144357696964332,-0.36263863763565146,-0.5510699039310065,4,vpd_x10
493,Almond_Med,2019-01-04,Almond_High,Croplands,36.177669,-120.202644999999,1.6,2.5,0.4967579554620914,7.660625666666667,0.4878744354166666,1.2595058887708332,0.0688024268023198,0.9976303053065856,1.6,0.06061287466768097,0.4274234226038407,0.8508636626843117,1.7590086456416898,0.47872741416210024,1.4679653119049538,1.6606128746676811,True,1.6606128746676811,True,1.6606128746676811,True,1.6606128746676811,True,1.6606128746676811,True,1.6,1.6711319945374592,0.0,-0.42433819498157554,0.3825089812915155,0.22366783769310294,8,vpd_x10
494,Almond_Med,2019-01-12,Almond_High,Croplands,36.177669,-120.202644999999,1.2,0.7,1.3200913956787974,12.35515833333333,0.3845137083333333,1.0931301675833331,0.2051044998686192,0.9787400799669153,1.2,-0.11274052923474477,0.43965323726273453,0.6861742096312654,1.7355365046385816,0.47872741416210024,1.4679653119049538,1.0872594707652552,True,1.0872594707652552,True,1.0872594707652552,True,1.0872594707652552,True,1.0872594707652552,True,1.2,1.1037639383121556,0.0,-0.2022945921653801,-0.5007221157021775,0.3647951201633232,8,vpd_x10
495,Almond_Med,2019-01-13,Almond_High,Croplands,36.177669,-120.202644999999,0.9,0.7,0.5927960755455799,9.969252083333334,0.2591526541666667,1.0955660710416664,0.2219215130041655,0.9750645322571948,0.9,-0.15399716958719223,0.32732636641888485,0.5116818682672518,0.045998860424887426,0.47872741416210024,1.4679653119049538,0.7460028304128078,True,0.7460028304128078,True,0.7460028304128078,True,0.7460028304128078,True,0.7460028304128078,True,0.9,0.766993558289303,0.0,-0.26201964714238274,-0.41365918183702965,0.21368732021783576,8,vpd_x10
496,Almond_Med,2019-02-05,Almond_High,Croplands,36.177669,-120.202644999999,1.1,0.4,1.7376999281630885,6.493308333333332,0.2140663333333333,1.6844255604374991,0.5808002734538009,0.8140460935082178,1.1,-0.3537862810598266,0.22493926949364593,0.7680106796089632,-0.04514984649133888,0.47872741416210024,1.4679653119049538,0.7462137189401734,True,0.7462137189401734,True,0.7462137189401734,True,1.1,False,1.1,False,1.1,0.7134430890274024,0.0,-0.15913132331069058,-0.6000424694839527,-0.30218505038483656,8,vpd_x10
497,Almond_Med,2019-02-06,Almond_High,Croplands,36.177669,-120.202644999999,1.5,0.4,1.3035744443468351,5.822326895833334,0.2419708458333334,1.2650887441250005,0.5947266869607634,0.8039279618328213,1.5,-0.5409747702547653,0.24886111652198584,0.8013229707561408,0.012378417222064012,0.47872741416210024,1.4679653119049538,0.9590252297452347,True,0.9590252297452347,True,0.9590252297452347,True,0.9590252297452347,True,0.9590252297452347,True,1.5,0.910435313712892,0.0,-0.43902175782147024,-0.8246228105240374,-0.3592797424187879,8,vpd_x10
498,Almond_Med,2019-02-22,Almond_High,Croplands,36.177669,-120.202644999999,1.9,2.3,1.884147348579491,6.8743500000000015,0.41587675,1.9663993702291664,0.7909456567567772,0.6118864012687243,1.9,-0.5858937425582145,0.216054323014274,0.670846801550077,-0.009321776544598464,0.47872741416210024,1.4679653119049538,1.3141062574417854,True,1.3141062574417854,True,1.3141062574417854,True,1.9,False,1.9,False,1.9,1.2940661890777276,0.0,-0.8353717281200057,-0.46100800789763324,-0.46130149165700446,8,vpd_x10
499,Almond_Med,2019-03-09,Almond_High,Croplands,36.177669,-120.202644999999,2.0,4.2000003,1.2100260298915615,8.130858333333334,0.2986599708333333,1.2682278787083336,0.9209712877166346,0.3896304495307879,2.0,-0.40163532796456636,0.13866786705714795,0.6112687018235203,-0.10160274167492447,0.47872741416210024,1.4679653119049538,1.5983646720354336,True,1.5983646720354336,True,1.5983646720354336,True,2.0,False,2.0,False,2.0,1.5983646720354336,0.0,-0.48242369892528,-0.24151768324453318,-0.480964601723886,8,vpd_x10
500,Almond_Med,2019-03-10,Almond_High,Croplands,36.177669,-120.202644999999,2.5,2.4,1.088446013897186,8.18315,0.2909610583333333,0.9945202288333334,0.9275416835791966,0.373719714790469,2.5,-0.5880276350989869,0.13818960752291704,0.626142008861586,0.0024300980482588434,0.47872741416210024,1.4679653119049538,1.911972364901013,True,1.911972364901013,True,1.911972364901013,True,1.911972364901013,True,1.911972364901013,True,2.5,1.911972364901013,0.0,-0.5616769538060927,-0.7374953043038972,-0.4649106471869708,8,vpd_x10
501,Almond_Med,2019-03-17,Almond_High,Croplands,36.177669,-120.202644999999,3.3,3.8,2.2185804301029424,15.227447916666666,0.8241914520833333,1.2810232907916668,0.9657399376548548,0.2595117970697999,3.3,-0.24647715006756907,0.17358717335389728,1.196820544010548,-0.06541580657647107,0.47872741416210024,1.4679653119049538,3.0535228499324307,True,3.0535228499324307,True,3.0535228499324307,True,3.3,False,3.3,False,3.3,3.0300398617196254,0.0,-0.08525920952965339,-0.43023207755022874,-0.22394016312282508,8,vpd_x10
502,Almond_Med,2019-03-18,Almond_High,Croplands,36.177669,-120.202644999999,3.6,3.8,2.657472395453224,17.5167875,1.0533893395833338,1.2828536198749998,0.970063921851507,0.2428497220959356,3.6,-0.337003218229098,0.31662237578670493,1.5113084629340032,1.362707624464718,0.47872741416210024,1.4679653119049538,3.262996781770902,True,3.262996781770902,True,3.6,False,3.262996781770902,True,3.6,False,3.6,3.3660381476094954,0.0,0.021692393869573084,-0.5776113070453877,-0.4550907415114795,8,vpd_x10
503,Almond_Med,2019-03-26,Almond_High,Croplands,36.177669,-120.202644999999,3.8,3.8,3.095517031870532,15.13465416666667,0.5635031729166666,1.0371748335,0.994217906893952,0.107381346664163,3.8,-0.41103057898481626,0.18709964568378756,0.8765957645755732,-0.11493357448206297,0.47872741416210024,1.4679653119049538,3.3889694210151835,True,3.3889694210151835,True,3.3889694210151835,True,3.8,False,3.8,False,3.8,3.367170707173932,0.0,-0.22284850709994342,-0.5970286782077006,-0.4132145516468048,8,vpd_x10
504,Almond_Med,2019-04-02,Almond_High,Croplands,36.177669,-120.202644999999,4.2,4.8,4.014294125621669,16.06308333333333,0.57721340625,1.0988751221458333,0.999916658654738,-0.0129102960750088,4.2,-0.07372293446526906,0.2976961596762272,0.8544282635189534,-0.08039331660784407,0.47872741416210024,1.4679653119049538,4.126277065534731,True,4.126277065534731,True,4.126277065534731,True,4.2,False,4.2,False,4.2,3.987773048268761,0.0,0.2688466112392668,-0.2696569112157305,-0.2203585034193435,8,vpd_x10
505,Almond_Med,2019-04-10,Almond_High,Croplands,36.177669,-120.202644999999,5.3,7.8,6.5229726559248284,15.710895833333336,1.07860169375,2.644520285052084,0.9886775902323404,-0.1500553983446526,5.3,0.8296397293586709,0.5880034777133168,1.7300254632099925,-21.277433438293162,0.47872741416210024,1.4679653119049538,6.12963972935867,True,5.3,False,5.3,False,5.3,False,5.3,False,5.3,5.922857221106126,0.0,1.493377223640616,0.6216156180167454,0.3739263464186509,8,vpd_x10
506,Almond_Med,2019-04-18,Almond_High,Croplands,36.177669,-120.202644999999,5.4,5.3,5.684689199295068,19.26431250000001,0.94129301875,1.0011849076875,0.9587178169872964,-0.2843591872810034,5.4,0.07706031614452213,0.7702288728532826,1.3341282128587033,-12.885943036534385,0.47872741416210024,1.4679653119049538,5.477060316144523,True,5.4,False,5.477060316144523,True,5.4,False,5.4,False,5.4,5.290527912356231,0.0,0.9359015647097899,-0.15224459436486218,-0.5524760219113614,8,vpd_x10
507,Almond_Med,2019-04-19,Almond_High,Croplands,36.177669,-120.202644999999,5.2,4.8,6.879776452786238,21.88933333333333,1.31680455625,1.0936691565208332,0.9536809966304456,-0.3008198076356673,5.2,-0.3317277022836647,0.7448958718051145,1.837987583411205,-21.268490082597634,0.47872741416210024,1.4679653119049538,4.868272297716335,True,5.2,False,5.2,False,5.2,False,5.2,False,5.2,4.974472796633913,0.0,0.4389282278567573,-0.38624312551658047,-1.047868209191171,8,vpd_x10
508,Almond_Med,2019-04-26,Almond_High,Croplands,36.177669,-120.202644999999,6.1,5.5,7.531990005989967,24.087000000000003,1.7385346354166666,1.2145266160624997,0.9106046300942164,-0.4132786077829042,6.1,0.30975864464106556,0.5583624480839174,2.4764003075962693,-21.28383236724022,0.47872741416210024,1.4679653119049538,6.409758644641065,True,6.1,False,6.1,False,6.1,False,6.1,False,6.1,6.185455974437915,0.0,0.9175768200779426,0.19209246990646311,-0.180393356061209,8,vpd_x10
509,Almond_Med,2019-04-27,Almond_High,Croplands,36.177669,-120.202644999999,5.8,5.6,6.699277334922902,21.924875,1.44415545,1.1553381400625002,0.9033558023246844,-0.4288919379124835,5.8,0.2738683495193546,0.6662538655168976,2.0131786341973195,-21.28383236724022,0.47872741416210024,1.4679653119049538,6.073868349519355,True,5.8,False,5.8,False,5.8,False,5.8,False,5.8,5.930593487408125,0.0,0.9775056015680808,0.1914289663166988,-0.34732951932671563,8,vpd_x10
510,Almond_Med,2019-05-04,Almond_High,Croplands,36.177669,-120.202644999999,6.2,4.1,7.083874796515891,20.164791666666662,1.4308945062499998,1.026813369125,0.8452490573530633,-0.5343725582809787,6.2,-0.18364495611422407,0.729830878033814,2.1421387715217053,-21.28383236724022,0.47872741416210024,1.4679653119049538,6.016355043885776,True,6.2,False,6.2,False,6.2,False,6.2,False,6.2,5.657440356556396,0.0,0.3848391237569008,0.07088243397702765,-1.0066564260766007,8,vpd_x10
511,Almond_Med,2019-05-05,Almond_High,Croplands,36.177669,-120.202644999999,5.6,4.5,5.437040758714623,17.506583333333335,0.9841369041666668,1.5297313753750004,0.835925479418637,-0.548842958284719,5.6,-0.32275440856555165,0.44295987591824815,1.4401584379482437,3.212692892439351,0.47872741416210024,1.4679653119049538,5.277245591434448,True,5.277245591434448,True,5.277245591434448,True,5.277245591434448,True,5.277245591434448,True,5.6,4.671542676436114,0.0,0.031494854343104145,-0.180357450029445,-0.819400630010314,8,vpd_x10
512,Almond_Med,2019-05-12,Almond_High,Croplands,36.177669,-120.202644999999,6.7,5.1,7.598497850217846,21.78520833333333,1.1278306,1.1944759062708332,0.7638886127905428,-0.6453481132295501,6.7,0.378211583840572,0.5401328137478891,1.6775462583132494,-21.28383236724022,0.47872741416210024,1.4679653119049538,7.078211583840572,True,6.7,False,6.7,False,6.7,False,6.7,False,6.7,6.594640231709666,0.0,0.9116767744522767,0.39130862294005747,-0.16835064587061813,8,vpd_x10
513,Almond_Med,2019-05-13,Almond_High,Croplands,36.177669,-120.202644999999,6.3,5.3,7.985414679669988,20.80747916666667,1.3989133145833332,1.0751165088333332,0.7526668275320084,-0.6584015846980488,6.3,0.3153051623895131,0.6492875919639498,2.024013765181562,-21.28383236724022,0.47872741416210024,1.4679653119049538,6.615305162389513,True,6.3,False,6.3,False,6.3,False,6.3,False,6.3,6.183429104841566,0.0,0.9132259220160159,0.408062092615139,-0.3753725274626156,8,vpd_x10
514,Almond_Med,2019-06-05,Almond_High,Croplands,36.177669,-120.202644999999,7.0,5.6,8.188849664747655,28.772854166666654,1.9589752354166672,1.109418691614583,0.440518784350495,-0.8977433935342337,7.0,0.6574801196159145,0.5866841520726119,2.664074912517438,-21.28383236724022,0.47872741416210024,1.4679653119049538,7.657480119615914,True,7.0,False,7.0,False,7.0,False,7.0,False,7.0,7.283907205724585,0.0,1.0167889485429942,0.9751899262061687,-0.019538515901419723,8,vpd_x10
515,Almond_Med,2019-06-06,Almond_High,Croplands,36.177669,-120.202644999999,7.6,4.0,9.651086759706612,25.5023125,1.8677736270833325,1.6075235452083338,0.4250003399695541,-0.9051931898913974,7.6,0.5800678333822039,0.6692310953083037,2.6488882148880712,-21.28383236724022,0.47872741416210024,1.4679653119049538,8.180067833382203,True,7.6,False,7.6,False,7.6,False,7.6,False,7.6,7.819702098953485,0.0,0.6686847663449018,1.2005755357187964,-0.12905680191708635,8,vpd_x10
516,Almond_Med,2019-06-13,Almond_High,Croplands,36.177669,-120.202644999999,7.2,6.5,9.67240908249464,26.609520833333324,1.8875901375,1.2761165292291663,0.3131070409358269,-0.9497178427914316,7.2,1.0388201974166316,0.39500540798355965,2.5217697793518865,-7.577166047408962,0.47872741416210024,1.4679653119049538,8.238820197416631,True,8.238820197416631,True,7.2,False,7.2,False,7.2,False,7.2,7.982459680629127,0.0,1.4504365044659804,1.0031833815624074,0.6628407062215065,8,vpd_x10
517,Almond_Med,2019-06-14,Almond_High,Croplands,36.177669,-120.202644999999,7.1,7.5,9.340427331282118,24.48710416666667,1.6033128124999998,1.1135197341458334,0.2967128192734907,-0.9549667548552552,7.1,1.3110068378137065,0.6440325228093698,2.20825031311361,-21.312567880427405,0.47872741416210024,1.4679653119049538,8.411006837813707,True,7.1,False,7.1,False,7.1,False,7.1,False,7.1,8.23044774948165,0.0,2.0543376635224235,0.9586378779909079,0.9200449719277881,8,vpd_x10
518,Almond_Med,2019-06-21,Almond_High,Croplands,36.177669,-120.202644999999,6.9,10.3,9.261909827872207,21.987333333333336,1.2854449479166663,1.2904832141458331,0.1797665857255624,-0.9837092937736096,6.9,2.051376671488308,0.7838841065772414,1.7911919906135072,-14.722470298383675,0.47872741416210024,1.4679653119049538,8.951376671488308,True,6.9,False,6.9,False,6.9,False,6.9,False,6.9,8.532155452575951,0.0,2.938738601924889,1.4530480556144112,1.7623433569256242,8,vpd_x10
519,Almond_Med,2019-06-22,Almond_High,Croplands,36.177669,-120.202644999999,7.0,5.2000003,9.605850717802094,23.27735416666667,1.6624916958333331,1.2811016262083337,0.1628070129385171,-0.986657932891657,7.0,0.5240501800960545,0.4562453798958877,2.3319142516491205,-6.012732942205707,0.47872741416210024,1.4679653119049538,7.524050180096054,True,7.524050180096054,True,7.0,False,7.0,False,7.0,False,7.0,7.409841709507123,0.0,0.79710611991036,0.777701895687055,-0.0026574753092513392,8,vpd_x10
520,Almond_Med,2019-06-29,Almond_High,Croplands,36.177669,-120.202644999999,7.0,7.6,8.64183187739102,22.13808333333333,1.2943149708333332,1.0140801116458331,0.0430222330045305,-0.99907411510223,7.0,1.1734359087351105,0.8096597010577368,1.777182559493724,-21.312567880427405,0.47872741416210024,1.4679653119049538,8.17343590873511,True,7.0,False,7.0,False,7.0,False,7.0,False,7.0,7.979686789761417,0.0,2.1025081181438257,0.6185258376731235,0.7992737703883821,8,vpd_x10
521,Almond_Med,2019-06-30,Almond_High,Croplands,36.177669,-120.202644999999,7.1,7.1,8.29205132435783,23.968583333333324,1.5751397395833333,1.2070461863541668,0.025818440227133,-0.9996666485105112,7.1,1.0965738631113988,0.6579676068052271,2.16842535631424,-21.312567880427405,0.47872741416210024,1.4679653119049538,8.196573863111398,True,7.1,False,7.1,False,7.1,False,7.1,False,7.1,8.088472387661719,0.0,1.8455393965244178,0.6115951963700377,0.832586996439741,8,vpd_x10
522,Almond_Med,2019-07-08,Almond_High,Croplands,36.177669,-120.202644999999,7.1,6.2000003,8.707458789912966,22.625125,1.4910677583333334,1.0982344480416666,-0.1116590071216944,-0.993746580436178,7.1,0.7975591301868867,0.5958757777147824,2.1175744142045496,-21.312567880427405,0.47872741416210024,1.4679653119049538,7.897559130186886,True,7.1,False,7.1,False,7.1,False,7.1,False,7.1,7.814097619407922,0.0,1.4841280972970976,0.41509260331969383,0.49345668994386876,8,vpd_x10
523,Almond_Med,2019-07-15,Almond_High,Croplands,36.177669,-120.202644999999,7.2,6.6,8.321812441225267,26.4671875,2.191667731250001,1.27144303325,-0.2303056702306119,-0.973118337233262,7.2,0.9933020982388691,0.4860495278577284,2.7741493589798294,-7.562906113198063,0.47872741416210024,1.4679653119049538,8.193302098238869,True,7.2,False,7.2,False,7.2,False,7.2,False,7.2,8.11332396108087,0.0,1.5245873240400505,0.5709873749779417,0.8843315956986153,8,vpd_x10
524,Almond_Med,2019-07-16,Almond_High,Croplands,36.177669,-120.202644999999,8.0,8.6,9.596924605958392,26.267125,1.9786042145833331,1.3759297488749995,-0.2470221804809352,-0.9690098257244064,8.0,1.8742199386878393,0.9198559943577378,2.70604631112123,-21.312567880427405,0.47872741416210024,1.4679653119049538,9.874219938687839,True,8.0,False,8.0,False,8.0,False,8.0,False,8.0,9.431917269867682,0.0,2.8080497416611694,0.9690055110036706,1.8456045633986773,8,vpd_x10
525,Almond_Med,2019-07-23,Almond_High,Croplands,36.177669,-120.202644999999,6.9,6.0,8.144803960753983,29.22156249999999,2.33682509375,0.9672652875416664,-0.3617137307297674,-0.9322892131745134,6.9,0.7931557952094557,0.4310092816748582,2.872274930648187,-5.672769789642954,0.47872741416210024,1.4679653119049538,7.6931557952094565,True,7.6931557952094565,True,6.9,False,6.9,False,6.9,False,6.9,7.51920552811119,0.0,1.242150947764374,0.7545923890743254,0.38272404878966765,8,vpd_x10
526,Almond_Med,2019-07-24,Almond_High,Croplands,36.177669,-120.202644999999,6.8,6.8,7.460663775410389,29.44002083333334,2.53357405,1.0657764940625,-0.3777079652039646,-0.92592477719385,6.8,0.9878251575648603,0.5137741267474901,3.0305080351759677,-7.562906113198063,0.47872741416210024,1.4679653119049538,7.7878251575648605,True,6.8,False,6.8,False,6.8,False,6.8,False,6.8,7.473390403531703,0.0,1.5726318255380327,0.6090231885443063,0.7818204586122421,8,vpd_x10
527,Almond_Med,2019-07-31,Almond_High,Croplands,36.177669,-120.202644999999,7.0,9.400001,8.013704888914111,25.659666666666663,1.9240179166666664,1.1064007100416664,-0.4862727071086902,-0.8738071036110807,7.0,1.8105672558478378,1.0714681304236164,2.6590616572689667,-14.722470298383675,0.47872741416210024,1.4679653119049538,8.810567255847838,True,7.0,False,7.0,False,7.0,False,7.0,False,7.0,8.23072430708785,0.0,2.892629878830976,0.7500175958154127,1.7890542928971254,8,vpd_x10
528,Almond_Med,2019-08-01,Almond_High,Croplands,36.177669,-120.202644999999,6.9,9.2,8.180203299352456,25.82654166666666,1.9581599458333336,1.2953341641458331,-0.5012418134457756,-0.8653072543632061,6.9,1.7902935195185659,0.9734318223174636,2.649789417533089,-14.722470298383675,0.47872741416210024,1.4679653119049538,8.690293519518566,True,6.9,False,6.9,False,6.9,False,6.9,False,6.9,8.120231103223697,0.0,2.7716372741232003,0.8249714139700617,1.7742718704624347,8,vpd_x10
529,Almond_Med,2019-08-08,Almond_High,Croplands,36.177669,-120.202644999999,6.4,4.4,8.17136946298246,24.33258333333333,1.6121893874999995,1.0853018307708335,-0.6016240632249227,-0.7987793728863648,6.4,0.24118711296390952,0.4701009015374687,2.20562621037003,-6.012732942205707,0.47872741416210024,1.4679653119049538,6.64118711296391,True,6.64118711296391,True,6.4,False,6.4,False,6.4,False,6.4,6.912490620435334,0.0,0.5900141605650846,0.42696052087063213,-0.29341334254398815,8,vpd_x10
530,Almond_Med,2019-08-09,Almond_High,Croplands,36.177669,-120.202644999999,6.2,5.3,7.334680704434199,22.542145833333336,1.4491903166666669,0.9406666126666664,-0.6152845999633277,-0.7883050558305253,6.2,0.27908430625850283,0.43036666990482236,2.051912631300587,-5.644034276455773,0.47872741416210024,1.4679653119049538,6.479084306258503,True,6.479084306258503,True,6.2,False,6.2,False,6.2,False,6.2,6.569791628327617,0.0,0.7759437037971724,0.02268435823967313,0.03862485673866303,8,vpd_x10
531,Almond_Med,2019-08-16,Almond_High,Croplands,36.177669,-120.202644999999,6.5,10.2,8.925722590973495,29.7223125,2.7264708875,1.3512527673541674,-0.7055836101071774,-0.7086266782644601,6.5,2.0250269802673064,0.9233027755967474,3.552233428107354,-14.722470298383675,0.47872741416210024,1.4679653119049538,8.525026980267306,True,6.5,False,6.5,False,6.5,False,6.5,False,6.5,7.433727394046001,0.0,3.0034285941059697,1.1690350516546029,1.9026172950413467,8,vpd_x10
532,Almond_Med,2019-08-17,Almond_High,Croplands,36.177669,-120.202644999999,6.5,9.6,7.504259306753411,27.73220833333333,2.40870208125,1.2872965028958336,-0.7176769136759615,-0.6963762255968726,6.5,1.812318083229684,0.9363617327063111,3.1815431089795028,-14.722470298383675,0.47872741416210024,1.4679653119049538,8.312318083229684,True,6.5,False,6.5,False,6.5,False,6.5,False,6.5,7.529321498741661,0.0,2.788895364218385,0.9221639115320439,1.7258949739386231,8,vpd_x10
533,Almond_Med,2019-08-24,Almond_High,Croplands,36.177669,-120.202644999999,6.1,5.9,7.46723377837976,28.07164583333333,1.8589662229166668,1.0091025187500002,-0.7961828637826154,-0.6050560696488494,6.1,0.5092030280734009,0.39169788993703497,2.4218559097137122,-7.52259479890062,0.47872741416210024,1.4679653119049538,6.6092030280734,True,6.6092030280734,True,6.1,False,6.1,False,6.1,False,6.1,6.528233206854808,0.0,0.9604294284037964,0.25669580041545187,0.3104838554009547,8,vpd_x10
534,Almond_Med,2019-08-25,Almond_High,Croplands,36.177669,-120.202644999999,6.2,5.9,6.448146273865162,28.840083333333336,2.1670410625000005,0.8387522069166672,-0.8064799463209447,-0.5912614448635782,6.2,0.5276559509138029,0.3900575332021086,2.6599574554210537,-7.52259479890062,0.47872741416210024,1.4679653119049538,6.727655950913803,True,6.727655950913803,True,6.2,False,6.2,False,6.2,False,6.2,6.639569718419162,0.0,0.978054704105106,0.3016809774487368,0.3032321711875661,8,vpd_x10
535,Almond_Med,2019-09-01,Almond_High,Croplands,36.177669,-120.202644999999,5.5,5.6,6.937614219485134,27.840895833333335,2.5207825833333337,1.1946421927916664,-0.8717063187093218,-0.4900286664290594,5.5,0.2640035579661633,0.4064877590994282,2.7533840026078997,-6.960283162064521,0.47872741416210024,1.4679653119049538,5.764003557966164,True,5.764003557966164,True,5.5,False,5.5,False,5.5,False,5.5,5.779057494231492,0.0,0.7064642898470908,0.17843333302231018,-0.09288694897091107,8,vpd_x10
536,Almond_Med,2019-09-02,Almond_High,Croplands,36.177669,-120.202644999999,5.2,6.9,6.331364604210387,28.736,2.5599961333333328,1.2559535131666668,-0.8800122039735356,-0.4749510720670502,5.2,0.6480155930075939,0.49868618917100993,2.8496746114433926,-7.518828315368297,0.47872741416210024,1.4679653119049538,5.848015593007594,True,5.2,False,5.2,False,5.2,False,5.2,False,5.2,5.462301148422812,0.0,1.2069341069092578,0.24857514426666932,0.4885375278468547,8,vpd_x10
537,Almond_Med,2019-09-09,Almond_High,Croplands,36.177669,-120.202644999999,4.6,8.0,4.285578539070611,21.7470625,1.32100669375,1.3867764085416667,-0.9307239310379792,-0.3657225234972692,4.6,0.5481904393083928,0.7983563794982789,1.7842633399595074,-21.268490082597634,0.47872741416210024,1.4679653119049538,5.148190439308393,True,4.6,False,4.6,False,4.6,False,4.6,False,4.6,4.83346335167546,0.0,1.410184892388627,-0.1658210639560278,0.4002074894925793,8,vpd_x10
538,Almond_Med,2019-09-10,Almond_High,Croplands,36.177669,-120.202644999999,4.3,7.9,3.630705329402749,20.478041666666673,1.1924168562499995,1.0581685772708338,-0.9368813462954316,-0.3496474552512282,4.3,0.22564167335863972,0.7453343294239552,1.638271205310407,-13.755454660168413,0.47872741416210024,1.4679653119049538,4.525641673358639,True,4.3,False,4.3,False,4.3,False,4.3,False,4.3,4.357243918214481,0.0,1.026313274676528,-0.44803823780964624,0.09864998320903745,8,vpd_x10
539,Almond_Med,2019-09-18,Almond_High,Croplands,36.177669,-120.202644999999,4.3,6.8,3.6734642462900142,19.789687500000007,1.0953331020833332,1.2087863942083332,-0.9760105506323682,-0.2177232303965322,4.3,0.04693067913715696,0.5337318301852029,1.453185485498953,0.9716361026584532,0.47872741416210024,1.4679653119049538,4.346930679137157,True,4.3,False,4.346930679137157,True,4.346930679137157,True,4.346930679137157,True,4.3,4.153736159426208,0.0,0.6624738154768566,-0.2872918253424116,-0.23438995272297408,8,vpd_x10
540,Almond_Med,2019-09-25,Almond_High,Croplands,36.177669,-120.202644999999,3.9,5.4,3.873233841783467,25.75347916666666,2.11965135,1.1500419289583337,-0.9951053111006974,-0.0988201387328721,3.9,-0.08425490270075946,0.3244723587022649,2.471999772725794,-7.291125769535174,0.47872741416210024,1.4679653119049538,3.8157450972992404,True,3.8157450972992404,True,3.9,False,3.9,False,3.9,False,3.9,3.9003900773185696,0.0,0.23585638559313554,-0.07570187597954442,-0.4129192177158695,8,vpd_x10
589,BAR012,2020-01-05,BAR012,Croplands,38.751,-122.975,0.2,1.5,0.7254405226503055,8.109583333333333,0.2954166666666666,2.27125,0.0859647987374464,0.9962981749346078,0.2,-0.5413420827870277,0.3580613414559014,2.2856974471888636,0.04111962869178798,0.38899498834158514,1.2595993455778278,-0.34134208278702766,True,-0.34134208278702766,True,0.2,False,-0.34134208278702766,True,0.2,False,0.2,-0.34134208278702766,0.0,-0.17163718421559068,-0.5658928158485825,-0.8864962482969097,1,vpd_x10
590,BAR012,2020-02-06,BAR012,Croplands,38.751,-122.975,1.1,3.0,1.3141222680272608,11.083055555555555,0.5547916666666667,2.4575,0.5947266869607634,0.8039279618328213,1.1,-1.3422010112392162,0.7032117424774281,4.300385543221416,0.057704021312663285,0.38899498834158514,1.2595993455778278,-0.2422010112392161,True,1.1,False,1.1,False,-0.2422010112392161,True,1.1,False,1.1,0.10954449960550017,0.0,-0.8524616792995171,-1.0261577652328986,-2.147983589185233,1,vpd_x10
591,BAR012,2020-02-14,BAR012,Croplands,38.751,-122.975,0.4,3.1000001,1.155534055079498,9.656250000000002,0.37125,1.375,0.6994583270516471,0.7146733860429609,0.4,-1.1468128811660496,0.5092426153093432,2.601310440372194,0.0001051812162267806,0.38899498834158514,1.2595993455778278,-0.7468128811660496,True,0.4,False,0.4,False,-0.7468128811660496,True,0.4,False,0.4,-0.6907409649593587,0.0,-0.7486925824366343,-0.9711021511233513,-1.7206439099381634,1,vpd_x10
592,BAR012,2020-02-22,BAR012,Croplands,38.751,-122.975,1.3,4.2000003,1.882591757530954,11.295833333333334,0.7441666666666666,2.619583333333334,0.7909456567567772,0.6118864012687243,1.3,-2.1056351229142973,1.268260071103423,5.4716433022433995,-1.116426456675008,0.38899498834158514,1.2595993455778278,-0.8056351229142973,True,1.3,False,1.3,False,1.3,False,1.3,False,1.3,0.03064368473539658,0.0,-1.9578378622941948,-0.9177490706139775,-3.4413184358347197,1,vpd_x10
593,BAR012,2020-03-10,BAR012,Croplands,38.751,-122.975,2.1,4.6,2.1300962597059017,11.58777777777778,0.9189583333333332,2.688333333333333,0.9338372288229252,0.3576982388331254,2.1,-3.193664374259575,1.7317646206130641,6.880849804962932,-1.116426456675008,0.38899498834158514,1.2595993455778278,-1.0936643742595749,True,2.1,False,2.1,False,2.1,False,2.1,False,2.1,0.48716462511311875,0.0,-3.6995309489614923,-1.265295932193095,-4.616166241624137,1,vpd_x10
594,BAR012,2020-03-26,BAR012,Croplands,38.751,-122.975,1.6,3.3,2.023915707135139,7.303750000000001,0.4585416666666666,2.7325,0.995918996147179,0.0902516100310411,1.6,-1.4809631715625926,0.42072897941276644,3.4391841755506563,-0.04399863402356928,0.38899498834158514,1.2595993455778278,0.11903682843740748,True,1.6,False,1.6,False,1.6,False,1.6,False,1.6,0.18274160892760372,0.0,-1.4155069152212487,-1.0967986480865366,-1.930583951379993,1,vpd_x10
595,BAR012,2020-04-02,BAR012,Croplands,38.751,-122.975,2.2,5.2000003,2.9288385557127037,8.801388888888889,0.7191666666666666,3.995416666666667,0.9995462806873572,-0.0301203048469081,2.2,-2.3893352630759344,0.8018081880805183,5.162560184360633,-1.1094486210789805,0.38899498834158514,1.2595993455778278,-0.18933526307593418,True,2.2,False,2.2,False,2.2,False,2.2,False,2.2,0.5531756855235086,0.0,-2.195104812732216,-1.702484755838257,-3.27041622065733,1,vpd_x10
596,BAR012,2020-04-26,BAR012,Croplands,38.751,-122.975,2.9,6.8,3.1502394373716487,15.205833333333333,1.5179166666666668,3.214583333333333,0.9033558023246844,-0.4288919379124835,2.9,-5.417857938843501,2.7034749242206884,12.93184851898042,-1.2307795735085403,0.38899498834158514,1.2595993455778278,-2.5178579388435014,True,2.9,False,2.9,False,2.9,False,2.9,False,2.9,1.2031043093331035,0.0,-6.534096224989268,-2.3350040112245614,-7.384473580316677,1,vpd_x10
597,BAR012,2020-04-27,BAR012,Croplands,38.751,-122.975,3.9,6.7000003,2.9399728354895163,15.93902777777778,1.289791666666667,4.307083333333332,0.895839290734909,-0.4443781781046132,3.9,-4.825470478295913,1.8652599838002428,10.50724081886295,-1.33498014862114,0.38899498834158514,1.2595993455778278,-0.9254704782959133,True,3.9,False,3.9,False,3.9,False,3.9,False,3.9,1.8926503619687947,0.0,-5.560951257808971,-2.704591239391483,-6.210868937687287,1,vpd_x10
598,BAR012,2020-05-04,BAR012,Croplands,38.751,-122.975,2.8,6.8,3.15297334263413,13.127083333333331,1.4591666666666667,2.23625,0.835925479418637,-0.548842958284719,2.8,-5.470033250338822,3.138383844099133,12.263673600477409,-1.2307795735085403,0.38899498834158514,1.2595993455778278,-2.6700332503388218,True,2.8,False,2.8,False,2.8,False,2.8,False,2.8,0.8934569671060559,0.0,-7.346456508764551,-1.8469138071904994,-7.2167294350614135,1,vpd_x10
599,BAR012,2020-05-20,BAR012,Croplands,38.751,-122.975,2.4,6.2000003,3.486755571283213,14.40305555555556,0.7945833333333333,1.8354166666666671,0.6551563572090853,-0.7554933140726803,2.4,-3.301309624759759,2.072153724480969,5.003148463398874,-1.1094486210789805,0.38899498834158514,1.2595993455778278,-0.901309624759759,True,2.4,False,2.4,False,2.4,False,2.4,False,2.4,0.48296451999870516,0.0,-4.780293256624743,-0.9329296541687133,-4.19070596348582,1,vpd_x10
600,BAR012,2020-05-28,BAR012,Croplands,38.751,-122.975,3.4,7.9,4.252691269180311,17.803055555555556,1.359375,1.48125,0.545240438540651,-0.8382797052177743,3.4,-5.880121077090657,3.421752688486769,11.005403330088708,-1.6056789235200057,0.38899498834158514,1.2595993455778278,-2.4801210770906574,True,3.4,False,3.4,False,3.4,False,3.4,False,3.4,1.2047112368146262,0.0,-8.400801575067854,-1.9848199495491148,-7.254741706655005,1,vpd_x10
601,BAR012,2020-06-05,BAR012,Croplands,38.751,-122.975,5.7,6.4,4.064103328223466,14.599861111111109,1.0125,2.809166666666666,0.4250003399695541,-0.9051931898913974,5.7,-5.22815233456854,2.4958709279824474,7.639568409702683,-1.3272247325896793,0.38899498834158514,1.2595993455778278,0.4718476654314605,True,5.7,False,5.7,False,5.7,False,5.7,False,5.7,3.1628990285807594,0.0,-7.842475975213243,-2.8705831572543246,-4.971397871238052,1,vpd_x10
602,BAR012,2020-06-13,BAR012,Croplands,38.751,-122.975,1.9,4.4,3.415206460681792,14.414027777777774,0.906875,2.1008333333333336,0.2967128192734907,-0.9549667548552552,1.9,-3.2193874674739154,1.4042907220976582,6.20136582056692,-1.116426456675008,0.38899498834158514,1.2595993455778278,-1.3193874674739154,True,1.9,False,1.9,False,1.9,False,1.9,False,1.9,0.6992722463985157,0.0,-4.415865807262486,-1.673328631724278,-3.568967963434982,1,vpd_x10
603,BAR012,2020-06-14,BAR012,Croplands,38.751,-122.975,3.3,7.1,3.6313585525592136,16.56430555555556,1.1181250000000005,1.6370833333333337,0.2802306751992158,-0.9599326896597448,3.3,-4.893159541337304,2.6392203009028274,8.299443871501598,-1.1960276609660792,0.38899498834158514,1.2595993455778278,-1.5931595413373039,True,3.3,False,3.3,False,3.3,False,3.3,False,3.3,1.2361082750008099,0.0,-7.1121822639605625,-1.9746602270368052,-5.592636133014541,1,vpd_x10
604,BAR012,2020-06-21,BAR012,Croplands,38.751,-122.975,4.0,8.2,5.388641661274392,21.008333333333336,1.798541666666667,2.40875,0.1628070129385171,-0.986657932891657,4.0,-7.241855645468718,3.114976820473398,16.01951473217955,-1.7235947396507498,0.38899498834158514,1.2595993455778278,-3.2418556454687177,True,4.0,False,4.0,False,4.0,False,4.0,False,4.0,2.3464927272912677,0.0,-9.427025693355029,-3.6750324582817804,-8.623508784769344,1,vpd_x10
605,BAR012,2020-06-29,BAR012,Croplands,38.751,-122.975,3.9,8.8,5.129784729737472,17.667361111111113,1.78,2.1804166666666664,0.025818440227133,-0.9996666485105112,3.9,-7.066261012818946,3.333629419010627,15.836242017362036,-1.7235947396507498,0.38899498834158514,1.2595993455778278,-3.166261012818946,True,3.9,False,3.9,False,3.9,False,3.9,False,3.9,2.435932618575412,0.0,-9.523725320221413,-3.2716494802935028,-8.403408237941925,1,vpd_x10
606,BAR012,2020-06-30,BAR012,Croplands,38.751,-122.975,3.7,8.400001,4.888147909050718,18.542777777777776,1.6756249999999997,1.39375,0.0086069968886886,-0.9999629591162656,3.7,-7.0275896938238915,3.602622800430617,14.618507606002973,-1.6056789235200057,0.38899498834158514,1.2595993455778278,-3.3275896938238914,True,3.7,False,3.7,False,3.7,False,3.7,False,3.7,1.7595493130258655,0.0,-9.940084415600019,-2.999004502497882,-8.143680163373771,1,vpd_x10
607,BAR012,2020-07-07,BAR012,Croplands,38.751,-122.975,3.2,9.400001,4.767062223635426,17.616388888888892,1.725833333333333,3.12125,-0.1116590071216944,-0.993746580436178,3.2,-5.975589109377694,2.529984677707965,15.177637920261452,-1.6056789235200057,0.38899498834158514,1.2595993455778278,-2.7755891093776937,True,3.2,False,3.2,False,3.2,False,3.2,False,3.2,2.4177028243504544,0.0,-7.378447205321899,-3.0549677891092206,-7.49335233370196,1,vpd_x10
608,BAR012,2020-07-15,BAR012,Croplands,38.751,-122.975,3.0,6.7000003,3.0813389738712287,16.571666666666665,0.9616666666666666,1.7391666666666667,-0.2470221804809352,-0.9690098257244064,3.0,-4.110319979590898,1.7900118706618326,6.568676657065147,-1.2307795735085403,0.38899498834158514,1.2595993455778278,-1.1103199795908978,True,3.0,False,3.0,False,3.0,False,3.0,False,3.0,1.0514975672252944,0.0,-5.861205747053884,-2.2835928223207653,-4.186161369398045,1,vpd_x10
609,BAR012,2020-07-16,BAR012,Croplands,38.751,-122.975,3.1,6.5,3.048240067459392,16.628055555555555,0.8220833333333334,1.669583333333334,-0.2636654927280072,-0.9646141756912436,3.1,-3.7347511702227414,1.6495010683085731,5.149397767910112,-1.2307795735085403,0.38899498834158514,1.2595993455778278,-0.6347511702227413,True,3.1,False,3.1,False,3.1,False,3.1,False,3.1,1.0715513456063586,0.0,-5.449235019548403,-2.1589950688367083,-3.5960234222831113,1,vpd_x10
610,BAR012,2020-08-08,BAR012,Croplands,38.751,-122.975,2.9,8.0,2.996506095057456,18.09736111111111,1.2275,1.4587500000000002,-0.6152845999633277,-0.7883050558305253,2.9,-5.028701926264001,2.036444940321593,9.47011721502353,-1.6056789235200057,0.38899498834158514,1.2595993455778278,-2.1287019262640015,True,2.9,False,2.9,False,2.9,False,2.9,False,2.9,1.09764953516028,0.0,-6.839617270845334,-2.8241879788138173,-5.422300529132853,1,vpd_x10
611,BAR012,2020-09-01,BAR012,Croplands,38.751,-122.975,3.2,4.4,1.4879211474277854,15.414166666666668,0.5187499999999999,1.236666666666667,-0.8800122039735356,-0.4749510720670502,3.2,-2.7433035695498553,1.3139256611686567,2.8587463144718575,-1.116426456675008,0.38899498834158514,1.2595993455778278,0.45669643045014485,True,3.2,False,3.2,False,3.2,False,3.2,False,3.2,1.2086634873106412,0.0,-4.088909135770339,-2.6774685682821335,-1.4635330045970925,1,vpd_x10
612,BAR012,2020-09-09,BAR012,Croplands,38.751,-122.975,0.1,3.7,0.1110293150778697,13.52222222222222,0.2758333333333333,0.5250000000000001,-0.9368813462954316,-0.3496474552512282,0.1,-1.052652011498506,0.44564448762874853,1.5445627038946983,-0.001155432173120351,0.38899498834158514,1.2595993455778278,-0.9526520114985061,True,0.1,False,0.1,False,0.1,False,0.1,False,0.1,-0.8341672819144296,0.0,-1.0789239441969398,-1.484579353587658,-0.5944527367109205,1,vpd_x10
613,BAR012,2020-09-18,BAR012,Croplands,38.751,-122.975,1.8,3.6000001000000004,1.6615225317833375,16.68805555555556,0.7368749999999998,1.6654166666666663,-0.97961369164549,-0.2008905551306352,1.8,-2.567791964730684,0.7797044296494796,4.633484116964314,-1.116426456675008,0.38899498834158514,1.2595993455778278,-0.7677919647306839,True,1.8,False,1.8,False,1.8,False,1.8,False,1.8,0.6534100284470492,0.0,-3.110578418476523,-2.9184728064681935,-1.674324669247336,1,vpd_x10
614,BAR012,2020-09-25,BAR012,Croplands,38.751,-122.975,1.8,6.5,1.921529337437436,17.665,1.5254166666666669,3.088333333333334,-0.99665890175417,-0.0816763953304228,1.8,-4.592611755957214,0.7324531116020843,12.960778934761368,-1.2307795735085403,0.38899498834158514,1.2595993455778278,-2.792611755957214,True,1.8,False,1.8,False,1.8,False,1.8,False,1.8,1.178403225026293,0.0,-4.407777990580697,-3.9702804871416504,-5.399776790149293,1,vpd_x10
616,BAR012,2020-10-11,BAR012,Croplands,38.751,-122.975,0.8,5.8,0.9021883161273646,16.169305555555553,1.2410416666666666,2.72625,-0.9813064702716092,0.1924515819708299,0.8,-3.2516320352126797,0.7047212408376974,9.814717328572673,-1.1094486210789805,0.38899498834158514,1.2595993455778278,-2.45163203521268,True,0.8,False,0.8,False,0.8,False,0.8,False,0.8,0.469393948393177,0.0,-2.5510134526396713,-3.243497148693398,-3.960385504304969,1,vpd_x10
617,BAR012,2020-10-19,BAR012,Croplands,38.751,-122.975,1.0,4.9,0.7316133927272778,16.105694444444445,1.520833333333333,1.2891666666666668,-0.9455963874271428,0.3253420847119795,1.0,-5.106999027112378,0.9178462915714799,13.023919984447812,-1.1094486210789805,0.38899498834158514,1.2595993455778278,-4.106999027112378,True,1.0,False,1.0,False,1.0,False,1.0,False,1.0,-0.06666751617946942,0.0,-5.710083019076731,-4.0506993952438375,-5.560214667016565,1,vpd_x10
619,BAR012,2020-11-12,BAR012,Croplands,38.751,-122.975,0.2,2.5,0.2173970946050288,8.265555555555556,0.5279166666666667,1.20375,-0.7354170229639858,0.6776147890466887,0.2,-1.019381029808926,0.3123285865584082,3.930460930970445,-0.1345604817525267,0.38899498834158514,1.2595993455778278,-0.8193810298089261,True,-0.8193810298089261,True,0.2,False,0.2,False,0.2,False,0.2,-0.2728759527681873,0.0,-0.945163221813415,-1.3621334086492327,-0.7508464589641304,1,vpd_x10
620,BAR012,2020-11-20,BAR012,Croplands,38.751,-122.975,0.7,2.5,0.6743028116931756,8.403055555555559,0.3514583333333333,2.012083333333333,-0.6354323008901775,0.7721565844991641,0.7,-0.4746303363589688,0.6951941332938338,2.4945436094910174,0.0981923761473068,0.38899498834158514,1.2595993455778278,0.22536966364103117,True,0.7,False,0.7,False,0.22536966364103117,True,0.7,False,0.7,0.22536966364103117,0.0,0.008437950387223003,-1.2713929513734594,-0.16093600809066988,1,vpd_x10
621,BAR012,2020-11-21,BAR012,Croplands,38.751,-122.975,0.8,2.1000001,0.6203287363045951,8.337083333333334,0.4589583333333334,1.8145833333333328,-0.622046748440868,0.7829801036770625,0.8,-0.9030017880779124,0.4665571853332031,3.4579015336748724,0.02765128343109677,0.38899498834158514,1.2595993455778278,-0.10300178807791238,True,0.8,False,0.8,False,-0.10300178807791238,True,0.8,False,0.8,0.21287922269702164,0.0,-0.7944235200948393,-1.4142741569669535,-0.5003076871719444,1,vpd_x10
622,BAR012,2020-11-28,BAR012,Croplands,38.751,-122.975,0.7,1.7,0.4225271385446118,7.031527777777778,0.5443749999999999,1.5437500000000002,-0.5234156073655503,0.8520775211013093,0.7,-1.1757653840603617,0.2757321321892414,4.351437613984073,-0.08949010166340862,0.38899498834158514,1.2595993455778278,-0.47576538406036173,True,-0.47576538406036173,True,0.7,False,0.7,False,0.7,False,0.7,0.07440315322145663,0.0,-1.2006791548641722,-1.4381951784737517,-0.888421818843161,1,vpd_x10
623,BAR012,2020-12-06,BAR012,Croplands,38.751,-122.975,0.5,2.5,0.3660268373755696,9.8925,0.5370833333333332,2.4179166666666663,-0.4014879892059737,0.9158642882672868,0.5,-0.6711089891403005,0.7757137187380749,4.114090395940823,-0.02169313534920127,0.38899498834158514,1.2595993455778278,-0.17110898914030048,True,0.5,False,0.5,False,0.5,False,0.5,False,0.5,0.05385510424936091,0.0,0.1330839638550654,-1.4148003195261798,-0.731610611749787,1,vpd_x10
624,BAR012,2020-12-07,BAR012,Croplands,38.751,-122.975,0.5,3.8,0.5877942079940678,12.765694444444447,1.4414583333333333,2.89125,-0.3856634062436074,0.9226395488404876,0.5,-3.826101996786516,0.95596881997334,12.406027658321971,-1.1142687421478241,0.38899498834158514,1.2595993455778278,-3.326101996786516,True,0.5,False,0.5,False,0.5,False,0.5,False,0.5,0.04771847025385084,0.0,-3.1428699738392125,-3.4168705624526177,-4.918565454067718,1,vpd_x10
625,BAR012,2020-12-22,BAR012,Croplands,38.751,-122.975,0.5,2.2,0.7584149244420486,9.028194444444445,0.4139583333333334,2.871666666666666,-0.1372787721132651,0.9905324521322229,0.5,-0.5951675874757352,0.403715669055023,3.202157443673859,0.03050620795554476,0.38899498834158514,1.2595993455778278,-0.09516758747573517,True,0.5,False,0.5,False,-0.09516758747573517,True,0.5,False,0.5,0.01953361195105413,0.0,-0.2019679882017705,-1.0086357752854525,-0.5748989989399825,1,vpd_x10
626,BAR012,2020-12-23,BAR012,Croplands,38.751,-122.975,0.7,2.1000001,0.6640439967172959,6.9558333333333335,0.38625,2.239583333333333,-0.1202080448993527,0.9927487224577402,0.7,-0.7902717310209262,0.35904155491355383,3.0983935791626935,-0.11519815468358996,0.38899498834158514,1.2595993455778278,-0.09027173102092623,True,-0.09027173102092623,True,0.7,False,0.7,False,0.7,False,0.7,-0.020923008086347172,0.0,-0.510607950388859,-1.1951544947682253,-0.6650527479056944,1,vpd_x10
632,Ellendale,2019-01-09,Ellendale,Croplands,29.633321,-90.827662,1.1,2.8,3.1224418929569726,15.471689166666662,0.90851495625,3.48808273125,0.1543088206642811,0.9880226656636976,1.1,0.0225616865267035,0.17571150125521148,1.3763027059552662,0.2695723892415061,0.47872741416210024,1.4679653119049538,1.1225616865267036,True,1.1225616865267036,True,1.1225616865267036,True,1.1225616865267036,True,1.1225616865267036,True,1.1,1.1761845391680172,0.0,0.21256316296736927,-0.010802123751562531,-0.13407597963569623,8,vpd_x10
633,Ellendale,2019-03-22,Ellendale,Croplands,29.633321,-90.827662,1.8,3.9,2.3313635725334807,21.75887208333333,1.34952241875,1.8313006250000008,0.9844738167520922,0.1755314904214282,1.8,0.07417494836562837,0.6062929812344232,1.9275199172700777,-21.268490082597634,0.47872741416210024,1.4679653119049538,1.8741749483656285,True,1.8,False,1.8,False,1.8,False,1.8,False,1.8,1.728287170651973,0.0,0.6004380551273716,0.21088903512634088,-0.5888022451568273,8,vpd_x10
634,Ellendale,2019-04-15,Ellendale,Croplands,29.633321,-90.827662,2.6,4.2000003,4.2959367681062375,22.42703687500001,1.4035312520833332,1.7822688541666671,0.9721181966290612,-0.2344913895704098,2.6,-0.44922497473211437,0.9238941240396445,2.02190639479726,-21.268490082597634,0.47872741416210024,1.4679653119049538,2.150775025267886,True,2.6,False,2.6,False,2.6,False,2.6,False,2.6,2.316065894872894,0.0,0.017380686131498124,0.14830895399668959,-1.5133645643245308,8,vpd_x10
635,Ellendale,2019-05-17,Ellendale,Croplands,29.633321,-90.827662,4.0,6.2000003,3.5158548010977606,30.824150416666654,1.7342008374999995,2.3618574125,0.705583610107178,-0.7086266782644596,4.0,-0.443810572833256,0.992842325468441,2.3048228709062313,-21.268490082597634,0.47872741416210024,1.4679653119049538,3.556189427166744,True,4.0,False,4.0,False,4.0,False,4.0,False,4.0,3.320969094682061,0.0,0.5269302931763977,-0.4009930548815107,-1.457368956794655,8,vpd_x10
636,Ellendale,2019-05-25,Ellendale,Croplands,29.633321,-90.827662,4.3,6.4,4.678887138142453,33.83063833333333,2.1308980166666665,1.9078099354166669,0.6016240632249226,-0.7987793728863649,4.3,-0.2808005556138225,1.1112143499280125,2.7737838696492263,-21.268490082597634,0.47872741416210024,1.4679653119049538,4.019199444386177,True,4.3,False,4.3,False,4.3,False,4.3,False,4.3,3.591041064470865,0.0,0.7682855324056101,-0.16553025463220636,-1.4451569446148713,8,vpd_x10
637,Ellendale,2019-06-02,Ellendale,Croplands,29.633321,-90.827662,2.7,5.5,2.8093017071088497,36.07078729166667,2.4014457499999997,1.38806446875,0.48627270710869,-0.8738071036110808,2.7,-0.4798420266888665,1.7594884382308789,3.0244943427560664,-21.268490082597634,0.47872741416210024,1.4679653119049538,2.220157973311134,True,2.7,False,2.7,False,2.7,False,2.7,False,2.7,2.052603567345188,0.0,0.8355063668338165,0.20345115758898408,-2.4784836044894,8,vpd_x10
638,Ellendale,2019-07-04,Ellendale,Croplands,29.633321,-90.827662,5.8,6.7000003,4.764942267197895,35.64829500000001,2.20619030625,1.3724050124999998,-0.0430222330045303,-0.99907411510223,5.8,0.4909454479306139,0.5632838743429303,2.8838159188496784,-21.28383236724022,0.47872741416210024,1.4679653119049538,6.290945447930614,True,5.8,False,5.8,False,5.8,False,5.8,False,5.8,5.850119383063224,0.0,1.081523890202353,0.4316679865392468,-0.040355532949757994,8,vpd_x10
639,Ellendale,2019-08-29,Ellendale,Croplands,29.633321,-90.827662,4.5,5.2000003,4.999308942866495,35.24390125,2.1138747791666668,1.1705541020833332,-0.8452490573530634,-0.5343725582809785,4.5,0.10467891122373785,0.8982361501474757,2.5655702682238495,-21.268490082597634,0.47872741416210024,1.4679653119049538,4.604678911223738,True,4.5,False,4.5,False,4.5,False,4.5,False,4.5,4.919494056672134,0.0,0.8883450591186586,0.3012578595144459,-0.875566184961891,8,vpd_x10
640,Ellendale,2019-09-06,Ellendale,Croplands,29.633321,-90.827662,5.1,6.3,5.342157859468816,36.86190958333334,2.6273919583333334,0.9199746395833334,-0.9106046300942162,-0.4132786077829044,5.1,0.6418607439516129,0.5584258908886086,3.134590905889163,-21.268490082597634,0.47872741416210024,1.4679653119049538,5.741860743951612,True,5.1,False,5.1,False,5.1,False,5.1,False,5.1,5.3767721313889,0.0,1.2441274467236572,0.5402157121830653,0.14123907294811605,8,vpd_x10
641,Ellendale,2019-10-08,Ellendale,Croplands,29.633321,-90.827662,2.9,3.5,2.6208706296256543,31.170511249999997,1.8726507500000005,1.585509497916666,-0.9922222094179324,0.1244792638867886,2.9,-0.1392418029301579,0.8745768131190305,2.5925230688776963,-21.268490082597634,0.47872741416210024,1.4679653119049538,2.760758197069842,True,2.9,False,2.9,False,2.9,False,2.9,False,2.9,3.119683065701226,0.0,0.5342820577104088,0.17565477310569422,-1.1276622396065767,8,vpd_x10
642,Ellendale,2019-11-01,Ellendale,Croplands,29.633321,-90.827662,1.9,2.8,2.6718648829962817,15.172444791666663,0.9810036395833333,2.040441904166667,-0.858763958275803,0.5123714121284235,1.9,-0.46864069475268977,0.34526225230112895,1.3996844411262852,1.1525805154772848,0.47872741416210024,1.4679653119049538,1.4313593052473101,True,1.4313593052473101,True,1.4313593052473101,True,1.4313593052473101,True,1.4313593052473101,True,1.9,1.483494580403378,0.0,-0.4910034934706858,-0.11274063940134155,-0.8021779513860419,8,vpd_x10
643,Ellendale,2019-11-09,Ellendale,Croplands,29.633321,-90.827662,1.7,3.0,2.3208593591294955,16.61581875,1.083401795833333,1.5925389625000006,-0.780295851070776,0.6254105729852457,1.7,-0.2263396622629139,0.3977735769910853,1.549479738315091,1.513636602108319,0.47872741416210024,1.4679653119049538,1.473660337737086,True,1.473660337737086,True,1.7,False,1.473660337737086,True,1.7,False,1.7,1.521416744112473,0.0,-0.49206913713826644,0.2309702988861539,-0.4179201485366292,8,vpd_x10
644,Ellendale,2019-12-03,Ellendale,Croplands,29.633321,-90.827662,0.7,1.8000001,0.8191255594564749,14.449212374999997,1.0672994625,1.1422316687499998,-0.4635502709028512,0.8860706215341377,0.7,0.07615489243998229,0.434452764847575,1.5637760224192054,3.3611579633069124,0.47872741416210024,1.4679653119049538,0.7761548924399823,True,0.7761548924399823,True,0.7,False,0.7761548924399823,True,0.7,False,0.7,0.7884990268302332,0.0,-0.4121901841163771,0.22088639524449594,0.419768466191828,8,vpd_x10
645,Ellendale,2020-01-20,Ellendale,Croplands,29.633321,-90.827662,0.9,2.9,2.530330441365654,12.986993958333334,1.0504847458333333,4.625683666666666,0.3375228995941133,0.9413173175128472,0.9,-0.07685045126999605,0.04987988368117913,1.5731606261814064,1.4441880213428138,0.47872741416210024,1.4679653119049538,0.823149548730004,True,0.823149548730004,True,0.9,False,0.823149548730004,True,0.9,False,0.9,0.8966911988042428,0.0,-0.04424167739450521,-0.05203910282819621,-0.13427057358728672,8,vpd_x10
646,Ellendale,2020-01-28,Ellendale,Croplands,29.633321,-90.827662,0.7,2.7,2.2496788891493584,19.22394604166666,1.1648083958333333,3.0084785354166663,0.4635502709028509,0.886070621534138,0.7,0.29836233894547143,0.5937705302131622,1.675195034744996,-21.268490082597634,0.47872741416210024,1.4679653119049538,0.9983623389454714,True,0.7,False,0.7,False,0.7,False,0.7,False,0.7,0.7628287355371526,0.0,0.9797178406349731,-0.10849284602682305,0.023862022228264168,8,vpd_x10
647,Ellendale,2020-02-21,Ellendale,Croplands,29.633321,-90.827662,1.7,2.7,4.145461959110067,13.88259208333333,0.9395383270833336,5.4820610000000025,0.7802958510707755,0.6254105729852463,1.7,-0.20534323614593689,0.08859443215775552,1.5628850799710108,1.4465938956481084,0.47872741416210024,1.4679653119049538,1.494656763854063,True,1.494656763854063,True,1.7,False,1.494656763854063,True,1.7,False,1.7,1.5897548456540194,0.0,-0.22046037503958654,-0.110162880064122,-0.28540645333410214,8,vpd_x10
648,Ellendale,2020-03-08,Ellendale,Croplands,29.633321,-90.827662,1.5,3.6000001000000004,1.637072059972117,21.439509166666667,1.408514029166667,3.0693041687499987,0.9209712877166346,0.3896304495307879,1.5,0.13591881549918206,0.553149081437055,2.0487241621721637,-21.268490082597634,0.47872741416210024,1.4679653119049538,1.6359188154991822,True,1.5,False,1.5,False,1.5,False,1.5,False,1.5,1.311941173905267,0.0,0.7613148969504582,-0.0643794375322646,-0.2891790129206474,8,vpd_x10
649,Ellendale,2020-04-01,Ellendale,Croplands,29.633321,-90.827662,1.5,4.2000003,1.8409297564796208,22.54537479166667,1.6520353395833336,2.609710477083333,0.999916658654738,-0.0129102960750088,1.5,0.07531676250077846,0.8002373617816545,2.3496049235502676,-21.268490082597634,0.47872741416210024,1.4679653119049538,1.5753167625007785,True,1.5,False,1.5,False,1.5,False,1.5,False,1.5,1.304102437840429,0.0,0.8065380487347347,0.1989569835731561,-0.7795447448055555,8,vpd_x10
650,Ellendale,2020-04-25,Ellendale,Croplands,29.633321,-90.827662,2.4,5.6,3.716848919264984,31.54374604166666,2.2335300625000003,3.293239020833333,0.9106046300942164,-0.4132786077829042,2.4,-0.15804250531570738,1.0096256947541877,2.98163600436805,-21.268490082597634,0.47872741416210024,1.4679653119049538,2.2419574946842924,True,2.4,False,2.4,False,2.4,False,2.4,False,2.4,1.7734673237744367,0.0,0.6930284746992605,0.10642394941330541,-1.273579940059688,8,vpd_x10
651,Ellendale,2020-05-11,Ellendale,Croplands,29.633321,-90.827662,3.6,5.6,6.523605354513945,27.95655958333333,2.1905745291666667,2.0110054833333337,0.7638886127905428,-0.6453481132295501,3.6,-0.3217296637706822,1.1046857566146338,2.7035753684655495,-21.268490082597634,0.47872741416210024,1.4679653119049538,3.2782703362293177,True,3.6,False,3.6,False,3.6,False,3.6,False,3.6,3.03794388940935,0.0,0.5170961195018644,0.09108884261594113,-1.573373953429852,8,vpd_x10
652,Ellendale,2020-05-27,Ellendale,Croplands,29.633321,-90.827662,3.4,4.5,5.512191981895759,41.15059770833333,4.312099229166665,2.051621252083333,0.5595892624101765,-0.8287700871745037,3.4,0.27728755879915606,1.9295400856726892,3.4822023738033443,-21.268490082597634,0.47872741416210024,1.4679653119049538,3.677287558799156,True,3.4,False,3.4,False,3.4,False,3.4,False,3.4,3.3387863180561155,0.0,1.8295219585834386,0.8853853777218357,-1.8830446599078063,8,vpd_x10
653,Ellendale,2020-06-20,Ellendale,Croplands,29.633321,-90.827662,4.0,6.1,4.535638571252592,42.00415354166668,4.720487479166667,1.4721147062500002,0.1797665857255624,-0.9837092937736096,4.0,0.8821567827719531,1.303865916227172,3.291169222134454,-21.268490082597634,0.47872741416210024,1.4679653119049538,4.882156782771953,True,4.0,False,4.0,False,4.0,False,4.0,False,4.0,3.467255181933716,0.0,1.7660839414476341,1.4956887795099079,-0.6153023726416831,8,vpd_x10
654,Ellendale,2020-12-21,Ellendale,Croplands,29.633321,-90.827662,0.5,1.6,1.4795952357791828,12.040611708333332,0.5128088229166667,1.15498635,-0.154308820664281,0.9880226656636976,0.5,0.23001843373789752,0.4930776866639532,0.7497317991538994,0.04726487802752616,0.47872741416210024,1.4679653119049538,0.7300184337378975,True,0.5,False,0.7300184337378975,True,0.7300184337378975,True,0.7300184337378975,True,0.5,0.7050833438833016,0.0,-0.2745997365421869,0.2539725720226976,0.7106824657331818,8,vpd_x10
735,RIP760,2019-04-10,RIP760,Croplands,36.839,-120.21,3.4,6.0,2.3162575122995173,11.899444444444445,0.956875,4.1324999999999985,0.9886775902323404,-0.1500553983446526,3.4,-0.4641945957041487,0.4694913694729683,1.460258504299139,1.7872493110906795,0.49326017522310583,1.5675069192147721,2.9358054042958512,True,2.9358054042958512,True,2.9358054042958512,True,2.9358054042958512,True,2.9358054042958512,True,3.4,2.548966431512508,0.0,-0.3891840004272825,-0.9666753808220413,-0.036724405863122506,3,vpd_x10
736,RIP760,2019-04-18,RIP760,Croplands,36.839,-120.21,3.5,5.3,2.2779603519420784,16.6925,0.9445833333333334,1.050833333333333,0.9587178169872964,-0.2843591872810034,3.5,0.3271410745837181,0.4898000963535434,1.3608646431842013,3.9575137443422217,0.49326017522310583,1.5675069192147721,3.827141074583718,True,3.827141074583718,True,3.827141074583718,True,3.827141074583718,True,3.827141074583718,True,3.5,3.6162429196125245,0.0,0.8258863800473912,-0.15319472368523862,0.30873156738900176,3,vpd_x10
737,RIP760,2019-04-19,RIP760,Croplands,36.839,-120.21,2.9,5.2000003,3.1882881995544587,18.269722222222224,1.0216666666666667,1.8795833333333332,0.9536809966304456,-0.3008198076356673,2.9,-0.03481984332317161,0.3490463274822507,1.446322274151542,1.6869247309326165,0.49326017522310583,1.5675069192147721,2.8651801566768285,True,2.8651801566768285,True,2.8651801566768285,True,2.8651801566768285,True,2.8651801566768285,True,2.9,2.850037838943325,0.0,0.3637724828891521,-0.2858504905026572,-0.1823815223560097,3,vpd_x10
738,RIP760,2019-04-26,RIP760,Croplands,36.839,-120.21,4.3,7.1,5.029053653236585,18.184305555555557,1.6710416666666663,2.0300000000000007,0.9106046300942164,-0.4132786077829042,4.3,0.7450863625717475,0.46832416138690425,2.3170827348887717,-11.080133882383265,0.49326017522310583,1.5675069192147721,5.045086362571747,True,5.045086362571747,True,4.3,False,4.3,False,4.3,False,4.3,4.770613599537729,0.0,1.2237395895578564,0.2878243541549095,0.7236951440024767,3,vpd_x10
739,RIP760,2019-05-05,RIP760,Croplands,36.839,-120.21,4.2,6.7000003,3.815111419578781,14.085694444444444,1.065625,2.8991666666666664,0.835925479418637,-0.548842958284719,4.2,0.1612717652856939,0.31791860758608337,1.522835291467007,1.915234717509708,0.49326017522310583,1.5675069192147721,4.361271765285694,True,4.361271765285694,True,4.361271765285694,True,4.361271765285694,True,4.361271765285694,True,4.2,4.008087717389477,0.0,0.34285592323036873,-0.20582202601777727,0.3467813986444902,3,vpd_x10
740,RIP760,2019-05-12,RIP760,Croplands,36.839,-120.21,5.3,7.5,4.913188420694102,17.27625,1.28125,1.9641666666666664,0.7638886127905428,-0.6453481132295501,5.3,0.9379707479174887,0.3076274128863198,1.7591685803643091,2.8925883595113686,0.49326017522310583,1.5675069192147721,6.237970747917489,True,6.237970747917489,True,5.3,False,6.237970747917489,True,5.3,False,5.3,5.983104956219801,0.0,1.2903502467003005,0.7229719559288867,0.8005900411232786,3,vpd_x10
741,RIP760,2019-05-13,RIP760,Croplands,36.839,-120.21,5.0,7.8,4.9147616854305545,16.202638888888885,1.498125,2.648333333333333,0.7526668275320084,-0.6584015846980488,5.0,0.7379692468802449,0.2960937780747246,2.2050614392204713,-11.17459021721333,0.49326017522310583,1.5675069192147721,5.737969246880245,True,5.737969246880245,True,5.0,False,5.0,False,5.0,False,5.0,5.505099377621299,0.0,1.0415590564955366,0.44998900498421257,0.7223596791609858,3,vpd_x10
742,RIP760,2019-05-29,RIP760,Croplands,36.839,-120.21,4.1,6.5,4.277618930245978,18.61513888888889,0.7991666666666667,1.4974999999999998,0.545240438540651,-0.8382797052177743,4.1,0.11316066683803443,0.3219208494626736,1.0711621643251905,-0.05961777212057156,0.49326017522310583,1.5675069192147721,4.213160666838034,True,4.213160666838034,True,4.213160666838034,True,4.1,False,4.1,False,4.1,3.7813124636460897,0.0,0.47514502400439707,0.005370449935608451,-0.14103347342590225,3,vpd_x10
743,RIP760,2019-06-21,RIP760,Croplands,36.839,-120.21,5.1,7.9,5.091012651213704,17.605277777777786,1.2616666666666667,2.6250000000000004,0.1797665857255624,-0.9837092937736096,5.1,0.4485907588683307,0.08637830136497034,1.7912493893807155,2.906972141678369,0.49326017522310583,1.5675069192147721,5.548590758868331,True,5.548590758868331,True,5.1,False,5.548590758868331,True,5.1,False,5.1,5.235777937808391,0.0,0.38013301974553027,0.41999953282057434,0.5456397240388876,3,vpd_x10
744,RIP760,2019-06-22,RIP760,Croplands,36.839,-120.21,5.6,8.400001,5.507064407880765,18.64611111111111,1.5414583333333336,1.9120833333333327,0.1628070129385171,-0.986657932891657,5.6,0.8235671337678764,0.23430158982851157,2.060980673548146,-11.31961521519833,0.49326017522310583,1.5675069192147721,6.423567133767876,True,6.423567133767876,True,5.6,False,5.6,False,5.6,False,5.6,6.300036135422328,0.0,1.0414202615693577,0.5757080465815434,0.8535730931527279,3,vpd_x10
745,RIP760,2019-06-29,RIP760,Croplands,36.839,-120.21,5.2,8.900001,5.950386580795455,17.912222222222226,1.6362499999999998,1.9595833333333332,0.0430222330045305,-0.99907411510223,5.2,0.7269664914325257,0.18840239314700175,2.2070438339071883,-11.16020643504633,0.49326017522310583,1.5675069192147721,5.926966491432526,True,5.926966491432526,True,5.2,False,5.2,False,5.2,False,5.2,5.815088553650325,0.0,0.8270003672152924,0.5096462974000082,0.8442528096822763,3,vpd_x10
746,RIP760,2019-06-30,RIP760,Croplands,36.839,-120.21,5.5,9.1,5.794965552192532,18.387083333333333,1.898125,2.28375,0.025818440227133,-0.9996666485105112,5.5,0.8539409876372416,0.17273719520797043,2.509954576621422,-11.305231433031329,0.49326017522310583,1.5675069192147721,6.353940987637242,True,6.353940987637242,True,5.5,False,5.5,False,5.5,False,5.5,6.179484703797259,0.0,0.8785616351527601,0.6702144849602977,1.013046842798667,3,vpd_x10
747,RIP760,2019-07-08,RIP760,Croplands,36.839,-120.21,5.4,8.6,5.54215529267828,17.79125,1.5252083333333333,2.400833333333334,-0.1116590071216944,-0.993746580436178,5.4,0.587663403648543,0.06420507858012044,2.121778370356414,-11.16020643504633,0.49326017522310583,1.5675069192147721,5.987663403648543,True,5.987663403648543,True,5.4,False,5.4,False,5.4,False,5.4,5.706866846919768,0.0,0.5733594592057474,0.5318166457596242,0.6578141059802572,3,vpd_x10
748,RIP760,2019-07-15,RIP760,Croplands,36.839,-120.21,5.8,10.2,6.294705376963665,20.667083333333338,2.025625,2.335833333333333,-0.2303056702306119,-0.973118337233262,5.8,1.176659646025442,0.43318919388566585,2.766210687203629,-11.261549275672317,0.49326017522310583,1.5675069192147721,6.976659646025442,True,6.976659646025442,True,5.8,False,5.8,False,5.8,False,5.8,6.774660409981762,0.0,1.5552746166696267,0.7042604693692691,1.2704438520374302,3,vpd_x10
749,RIP760,2019-07-16,RIP760,Croplands,36.839,-120.21,5.6,9.400001,6.48039352709466,20.39486111111111,1.7510416666666666,2.31,-0.2470221804809352,-0.9690098257244064,5.6,0.9521311947971324,0.3455498833598116,2.361665652543902,-11.31961521519833,0.49326017522310583,1.5675069192147721,6.552131194797132,True,6.552131194797132,True,5.6,False,5.6,False,5.6,False,5.6,6.474575267747149,0.0,1.2544910751018705,0.5754770898795785,1.0264254194099482,3,vpd_x10
750,RIP760,2019-07-23,RIP760,Croplands,36.839,-120.21,5.3,8.5,6.2185900109489305,23.0473611111111,2.1629166666666664,1.617916666666667,-0.3617137307297674,-0.9322892131745134,5.3,0.607535584403347,0.41572242782787766,2.6725700166169952,-11.116524277687319,0.49326017522310583,1.5675069192147721,5.907535584403346,True,5.907535584403346,True,5.3,False,5.3,False,5.3,False,5.3,5.788168620509429,0.0,1.0344324700452285,0.20397027286463124,0.5842040103001812,3,vpd_x10
751,RIP760,2019-07-24,RIP760,Croplands,36.839,-120.21,5.6,9.0,6.209508685585454,22.324027777777783,2.383125,1.8470833333333332,-0.3777079652039646,-0.92592477719385,5.6,0.7972433015072671,0.45449369862613537,2.9338085671767367,-11.941046480746378,0.49326017522310583,1.5675069192147721,6.397243301507267,True,6.397243301507267,True,5.6,False,5.6,False,5.6,False,5.6,6.2365887755978155,0.0,1.2465001437036791,0.33768778662112553,0.8075419741969962,3,vpd_x10
752,RIP760,2019-07-31,RIP760,Croplands,36.839,-120.21,5.2,7.7000003,5.731783424405091,19.47236111111111,1.6302083333333333,1.7716666666666665,-0.4862727071086902,-0.8738071036110807,5.2,0.17535301835118344,0.2973340590931435,2.118861812992036,-11.17459021721333,0.49326017522310583,1.5675069192147721,5.375353018351183,True,5.375353018351183,True,5.2,False,5.2,False,5.2,False,5.2,5.2920262801545705,0.0,0.518550378034066,0.012074310073909161,-0.004565633054424839,3,vpd_x10
753,RIP760,2019-08-01,RIP760,Croplands,36.839,-120.21,5.2,8.1,6.125248118239287,20.049166666666668,1.6520833333333331,2.004166666666667,-0.5012418134457756,-0.8653072543632061,5.2,0.31276220746165767,0.3271518203861386,2.176632211415634,-11.17459021721333,0.49326017522310583,1.5675069192147721,5.512762207461658,True,5.512762207461658,True,5.2,False,5.2,False,5.2,False,5.2,5.369031999554422,0.0,0.6884429481365185,0.09062461571410049,0.15921905853435395,3,vpd_x10
754,RIP760,2019-08-08,RIP760,Croplands,36.839,-120.21,5.0,8.400001,5.79479940377257,18.565277777777773,1.6741666666666668,2.4775,-0.6016240632249227,-0.7987793728863648,5.0,0.13932243837701244,0.2093668496786825,2.2993535212684653,-11.17459021721333,0.49326017522310583,1.5675069192147721,5.139322438377013,True,5.139322438377013,True,5.0,False,5.0,False,5.0,False,5.0,4.9832202691649305,0.0,0.3795824620733256,-0.004063078291752148,0.0424479313494639,3,vpd_x10
755,RIP760,2019-08-09,RIP760,Croplands,36.839,-120.21,4.7,7.9,4.962051100383131,18.175972222222224,1.4700000000000004,2.2695833333333333,-0.6152845999633277,-0.7883050558305253,4.7,-0.06289512237812267,0.21882672074306445,2.043621912613227,-11.17459021721333,0.49326017522310583,1.5675069192147721,4.637104877621877,True,4.637104877621877,True,4.7,False,4.7,False,4.7,False,4.7,4.468401499332591,0.0,0.18791027653560174,-0.16169664483172475,-0.214898998838245,3,vpd_x10
756,RIP760,2019-08-16,RIP760,Croplands,36.839,-120.21,5.7,8.900001,5.316127973678153,22.662916666666664,2.258958333333333,1.2929166666666665,-0.7055836101071774,-0.7086266782644601,5.7,0.6444925856710415,0.5465696237045959,2.862016168275121,-10.046845416482784,0.49326017522310583,1.5675069192147721,6.344492585671041,True,5.7,False,5.7,False,5.7,False,5.7,False,5.7,6.048510783623991,0.0,1.2621270520240495,0.22327382654310787,0.4480768784459672,3,vpd_x10
757,RIP760,2019-08-17,RIP760,Croplands,36.839,-120.21,5.0,7.5,5.160797418228476,20.22111111111111,1.6075,1.9695833333333328,-0.7176769136759615,-0.6963762255968726,5.0,-0.03289675217218485,0.4257850830576565,2.12256769497806,-11.116524277687319,0.49326017522310583,1.5675069192147721,4.967103247827815,True,4.967103247827815,True,5.0,False,5.0,False,5.0,False,5.0,4.810360738399444,0.0,0.4550800908620679,-0.22490549062795911,-0.32886485675066335,3,vpd_x10
758,RIP760,2019-08-24,RIP760,Croplands,36.839,-120.21,4.2,6.8,4.064166500369688,22.98916666666666,1.7441666666666669,1.8229166666666672,-0.7961828637826154,-0.6050560696488494,4.2,-0.4453064984479889,0.27125551071749227,2.1864804336854653,-11.17459021721333,0.49326017522310583,1.5675069192147721,3.754693501552011,True,3.754693501552011,True,4.2,False,4.2,False,4.2,False,4.2,3.6557813088986064,0.0,-0.14221688759014378,-0.5284256658664587,-0.6652769418873644,3,vpd_x10
759,RIP760,2019-08-25,RIP760,Croplands,36.839,-120.21,4.7,8.1,4.722332783187028,22.84833333333333,2.0889583333333333,1.7479166666666668,-0.8064799463209447,-0.5912614448635782,4.7,0.1032069473082257,0.373283938501386,2.5779129200455793,-11.140718160857856,0.49326017522310583,1.5675069192147721,4.803206947308226,True,4.803206947308226,True,4.7,False,4.7,False,4.7,False,4.7,4.547271121830327,0.0,0.5280685482167072,-0.04629243175559872,-0.17215527453643145,3,vpd_x10
760,RIP760,2019-09-01,RIP760,Croplands,36.839,-120.21,4.4,8.5,4.754878283208054,21.408611111111114,2.0337500000000004,1.5200000000000002,-0.8717063187093218,-0.4900286664290594,4.4,0.15331506756376231,0.395053081744928,2.6359021775908933,-11.116524277687319,0.49326017522310583,1.5675069192147721,4.553315067563763,True,4.553315067563763,True,4.4,False,4.4,False,4.4,False,4.4,4.261777879071631,0.0,0.6068749794971701,-0.031280861670251736,-0.11564891513563146,3,vpd_x10
761,RIP760,2019-09-09,RIP760,Croplands,36.839,-120.21,4.3,6.3,4.025621676152672,17.10027777777778,1.1160416666666666,2.1420833333333333,-0.9307239310379792,-0.3657225234972692,4.3,-0.9396098783141428,0.34750508417549086,1.5850366508926754,2.7656906499213085,0.49326017522310583,1.5675069192147721,3.360390121685857,True,3.360390121685857,True,4.3,False,3.360390121685857,True,4.3,False,4.3,3.344878464452859,0.0,-0.5890868049892981,-0.9457266106579157,-1.2840162192952145,3,vpd_x10
762,RIP760,2019-09-10,RIP760,Croplands,36.839,-120.21,4.1,6.0,4.266889081830692,16.29097222222222,1.0052083333333333,2.160833333333333,-0.9368813462954316,-0.3496474552512282,4.1,-1.169702774744235,0.28126477794199917,1.4309875935422869,1.3906651240563699,0.49326017522310583,1.5675069192147721,2.9302972252557646,True,2.9302972252557646,True,2.9302972252557646,True,2.9302972252557646,True,2.9302972252557646,True,4.1,2.999595442707241,0.0,-0.9288989937314774,-1.101371971744078,-1.4788373587571497,3,vpd_x10
763,RIP760,2019-09-25,RIP760,Croplands,36.839,-120.21,4.5,5.3,2.530413943343549,19.961805555555557,1.524375,0.94875,-0.9951053111006974,-0.0988201387328721,4.5,-0.5273784841851284,0.637944412213075,2.1437679715367417,-37.703615602316,0.49326017522310583,1.5675069192147721,3.9726215158148714,True,4.5,False,4.5,False,4.5,False,4.5,False,4.5,4.3498751252376975,0.0,-0.36070923870166804,0.010687806358088275,-1.2321140202118057,3,vpd_x10
764,RIP760,2019-10-04,RIP760,Croplands,36.839,-120.21,3.5,5.4,2.5425186019112216,12.061944444444444,0.8658333333333332,2.26625,-0.9984354211555644,0.055916990100603,3.5,-1.3554307311404121,0.3751304754757914,1.3153633353569874,-0.266819838136419,0.49326017522310583,1.5675069192147721,2.1445692688595877,True,2.1445692688595877,True,2.1445692688595877,True,3.5,False,3.5,False,3.5,2.248226398717696,0.0,-1.4121674961731154,-0.9551637357590602,-1.6989609614890604,3,vpd_x10
765,RIP760,2020-02-08,RIP760,Croplands,36.839,-120.21,1.5,1.9,0.8779019082684582,9.175,0.4083333333333334,1.6495833333333334,0.6220467484408675,0.7829801036770629,1.5,-0.24124694961741977,0.3749738170133066,0.6928155331653427,0.03891281953262225,0.49326017522310583,1.5675069192147721,1.2587530503825803,True,1.2587530503825803,True,1.2587530503825803,True,1.2587530503825803,True,1.2587530503825803,True,1.5,1.2284410845634537,0.0,-0.5406023996532059,-0.36248452380932167,0.17934607461026827,3,vpd_x10
766,RIP760,2020-02-16,RIP760,Croplands,36.839,-120.21,1.9,3.2,1.47128105203092,10.859305555555556,0.5806250000000001,1.8654166666666665,0.7236440382959124,0.6901733882429719,1.9,0.06503246544428043,0.49546356094575766,0.9227048291675055,3.3802488453494757,0.49326017522310583,1.5675069192147721,1.9650324654442803,True,1.9,False,1.9650324654442803,True,1.9650324654442803,True,1.9650324654442803,True,1.9,1.7384410931263479,0.0,-0.3837313475512437,-0.017900483433253678,0.5967292273173387,3,vpd_x10
767,RIP760,2020-02-17,RIP760,Croplands,36.839,-120.21,1.5,2.5,1.2084549369176478,10.414722222222222,0.3714583333333334,1.9274999999999995,0.7354170229639855,0.6776147890466889,1.5,-0.1683059636322861,0.24728056724431424,0.5942982809891197,-0.08833008834057553,0.49326017522310583,1.5675069192147721,1.3316940363677139,True,1.3316940363677139,True,1.3316940363677139,True,1.5,False,1.5,False,1.5,1.3316940363677139,0.0,-0.3665884177595413,-0.24709936002801924,0.10876988689070236,3,vpd_x10
768,RIP760,2020-03-03,RIP760,Croplands,36.839,-120.21,2.3,2.8,1.2932353978407891,10.15,0.739375,1.2066666666666668,0.8840675099433636,0.4673592171580022,2.3,0.23549670750278381,0.49757311517188463,1.101063204684618,3.3802488453494757,0.49326017522310583,1.5675069192147721,2.5354967075027837,True,2.3,False,2.5354967075027837,True,2.5354967075027837,True,2.5354967075027837,True,2.3,2.1309199399433667,0.0,-0.15203144930565063,0.06191156418147903,0.796610007632523,3,vpd_x10
769,RIP760,2020-03-04,RIP760,Croplands,36.839,-120.21,2.5,3.0,1.4520639091219345,11.96125,0.8289583333333334,1.0358333333333334,0.8919813464595485,0.4520722039323043,2.5,0.38939651186865554,0.3837294264861009,1.2423248824450766,0.08307569484210112,0.49326017522310583,1.5675069192147721,2.8893965118686555,True,2.8893965118686555,True,2.8893965118686555,True,2.8893965118686555,True,2.8893965118686555,True,2.5,2.458544375280391,0.0,0.019545926133397784,0.36300171358350963,0.7856418958890591,3,vpd_x10
770,RIP760,2020-04-21,RIP760,Croplands,36.839,-120.21,4.1,5.3,3.757352498286332,14.268194444444443,0.5991666666666666,2.391666666666667,0.9368813462954316,-0.3496474552512284,4.1,-0.0016378102846853388,0.2676481358081273,0.8647407554817674,-0.002600564773189474,0.49326017522310583,1.5675069192147721,4.098362189715314,True,4.098362189715314,True,4.098362189715314,True,4.1,False,4.1,False,4.1,3.9198197299113087,0.0,0.30590648251926256,-0.1818278592217853,-0.12899205415153328,3,vpd_x10
771,RIP760,2020-04-28,RIP760,Croplands,36.839,-120.21,5.5,6.9,4.508258833114493,19.384722222222223,1.0741666666666667,1.8604166666666664,0.8880573226294932,-0.4597327394521039,5.5,0.9685789558564165,0.3978278660842312,1.4444844854362937,1.431924852121706,0.49326017522310583,1.5675069192147721,6.468578955856416,True,6.468578955856416,True,6.468578955856416,True,6.468578955856416,True,6.468578955856416,True,5.5,6.179971775235831,0.0,1.4276553580384543,0.7533114853994561,0.7247700241313391,3,vpd_x10
772,RIP760,2020-05-06,RIP760,Croplands,36.839,-120.21,5.3,8.0,5.045296714180613,15.42597222222222,1.2410416666666666,3.2537500000000006,0.8165380514459161,-0.5772916165517272,5.3,0.5612590288621644,0.28724387840755555,1.980822669989098,-11.17459021721333,0.49326017522310583,1.5675069192147721,5.861259028862165,True,5.861259028862165,True,5.3,False,5.3,False,5.3,False,5.3,5.526482927156398,0.0,0.7082473207185676,0.23026754852937684,0.7452622173385488,3,vpd_x10
773,RIP760,2020-05-07,RIP760,Croplands,36.839,-120.21,5.9,7.8,4.502798826288901,16.42083333333333,1.3729166666666666,1.2420833333333334,0.8064799463209448,-0.5912614448635781,5.9,1.208062023055913,0.5148686614139327,1.9780708246018333,-10.046845416482784,0.49326017522310583,1.5675069192147721,7.108062023055913,True,5.9,False,5.9,False,5.9,False,5.9,False,5.9,6.876829507868336,0.0,1.783813902121426,0.791842525755059,1.048529641291254,3,vpd_x10
774,RIP760,2020-05-14,RIP760,Croplands,36.839,-120.21,6.4,6.8,4.81396970212018,15.57847222222222,0.8158333333333331,3.139583333333333,0.7295575540864875,-0.6839194216246106,6.4,0.13878943882520325,0.19373806361676502,1.3516993526979402,-0.3071003841522382,0.49326017522310583,1.5675069192147721,6.538789438825203,True,6.538789438825203,True,6.538789438825203,True,6.4,False,6.4,False,6.4,5.952350765688908,0.0,0.09672654590484833,-0.030461725778667237,0.3501034963494287,3,vpd_x10
775,RIP760,2020-05-22,RIP760,Croplands,36.839,-120.21,5.6,7.8,5.743306888326753,15.525694444444447,1.1927083333333333,2.8545833333333337,0.6287628145958344,-0.777597146973627,5.6,0.4789445222525857,0.2345010690350707,1.8495556474811559,-11.31961521519833,0.49326017522310583,1.5675069192147721,6.078944522252585,True,6.078944522252585,True,5.6,False,5.6,False,5.6,False,5.6,5.603885762683821,0.0,0.500884149425273,0.23424464866489433,0.7017047686675898,3,vpd_x10
776,RIP760,2020-05-23,RIP760,Croplands,36.839,-120.21,6.3,8.5,5.585247373862012,15.173194444444444,1.210625,1.5708333333333335,0.6152845999633276,-0.7883050558305255,6.3,1.0324887242027483,0.3005279972520711,1.7924277674188136,2.685564354054467,0.49326017522310583,1.5675069192147721,7.332488724202748,True,7.332488724202748,True,6.3,False,7.332488724202748,True,6.3,False,6.3,7.0852836085932696,0.0,1.3091754524279937,0.712760636504186,1.0755300836760653,3,vpd_x10
777,RIP760,2020-05-30,RIP760,Croplands,36.839,-120.21,5.6,5.8,4.989928257010717,17.346388888888885,0.93875,2.4779166666666668,0.5160623910158528,-0.8565509959010036,5.6,0.22008935722823655,0.1300833913847233,1.3504324103145442,-0.204089491658124,0.49326017522310583,1.5675069192147721,5.820089357228237,True,5.820089357228237,True,5.820089357228237,True,5.6,False,5.6,False,5.6,5.219327219841013,0.0,0.23623089708906156,0.34134869489981345,0.08268847969583468,3,vpd_x10
778,RIP760,2020-05-31,RIP760,Croplands,36.839,-120.21,5.0,5.9,3.9747189809981567,17.793888888888887,0.7710416666666667,1.4416666666666669,0.5012418134457758,-0.865307254363206,5.0,0.3463763178954858,0.19290879310047404,1.0420775126162412,-0.03040899482113886,0.49326017522310583,1.5675069192147721,5.346376317895486,True,5.346376317895486,True,5.346376317895486,True,5.0,False,5.0,False,5.0,4.969338738089431,0.0,0.5409527336452463,0.3429966627778691,0.1551795572633419,3,vpd_x10
779,RIP760,2020-06-07,RIP760,Croplands,36.839,-120.21,5.7,8.0,5.438391707773559,13.320555555555554,1.0045833333333332,3.86125,0.3935902766564667,-0.9192859697186104,5.7,-0.4370399203891649,0.3934109361998741,1.6527182743506075,2.783353547038582,0.49326017522310583,1.5675069192147721,5.262960079610835,True,5.262960079610835,True,5.7,False,5.262960079610835,True,5.7,False,5.7,4.721046184798966,0.0,-0.7467346732367205,-0.5700102549660829,0.005625167035308631,3,vpd_x10
780,RIP760,2020-06-08,RIP760,Croplands,36.839,-120.21,6.1,8.6,5.8924838305334015,14.595833333333331,1.2447916666666667,2.7529166666666667,0.3777079652039649,-0.9259247771938498,6.1,0.36103019218677224,0.2838934292976075,1.9404258861333183,-11.359981607726066,0.49326017522310583,1.5675069192147721,6.461030192186772,True,6.461030192186772,True,6.1,False,6.1,False,6.1,False,6.1,6.0942334152326865,0.0,0.12063594492641752,0.28821583011868546,0.6742388015152139,3,vpd_x10
781,RIP760,2020-06-16,RIP760,Croplands,36.839,-120.21,5.9,9.0,6.424868688256706,16.489166666666666,1.1929166666666666,2.9370833333333337,0.2470221804809355,-0.9690098257244062,5.9,0.5626244017847135,0.211447805655575,1.8605830104528884,-11.31961521519833,0.49326017522310583,1.5675069192147721,6.462624401784714,True,6.462624401784714,True,5.9,False,5.9,False,5.9,False,5.9,6.298459747727397,0.0,0.41943685342692505,0.462948887960702,0.8054874639665136,3,vpd_x10
782,RIP760,2020-06-23,RIP760,Croplands,36.839,-120.21,6.2,8.8,6.749766759938889,23.12333333333333,1.8181250000000004,1.8812499999999996,0.1287481774525813,-0.99167731989929,6.2,1.224894131959391,0.5397407433194396,2.397003791498108,-10.08721180901052,0.49326017522310583,1.5675069192147721,7.424894131959391,True,6.2,False,6.2,False,6.2,False,6.2,False,6.2,7.508715092814658,0.0,1.7896696900558953,0.7142707362085574,1.1707419696137198,3,vpd_x10
783,RIP760,2020-07-01,RIP760,Croplands,36.839,-120.21,6.1,8.900001,6.0837675652342185,19.593611111111112,1.7041666666666673,1.534166666666667,-0.008606996888688,-0.9999629591162656,6.1,1.0469446713285075,0.5805691248588388,2.275539037144602,-10.08721180901052,0.49326017522310583,1.5675069192147721,7.146944671328507,True,6.1,False,6.1,False,6.1,False,6.1,False,6.1,7.07083566699574,0.0,1.6208552692571496,0.4599385801168582,1.0600401646115147,3,vpd_x10
784,RIP760,2020-07-02,RIP760,Croplands,36.839,-120.21,5.7,7.7000003,5.6030814176895785,18.775694444444444,1.3404166666666668,1.528333333333333,-0.0258184402271323,-0.9996666485105112,5.7,0.6092722935021659,0.36935203517167736,1.7263832467858637,2.7591596638680436,0.49326017522310583,1.5675069192147721,6.309272293502167,True,6.309272293502167,True,5.7,False,6.309272293502167,True,5.7,False,5.7,6.252909272700924,0.0,1.0341191248013777,0.364448209082853,0.4292495466222669,3,vpd_x10
785,RIP760,2020-07-09,RIP760,Croplands,36.839,-120.21,5.8,9.5,6.511878593442559,20.450694444444444,1.788541666666667,1.9104166666666664,-0.1457991969198744,-0.9893142039703664,5.8,1.0965950273368252,0.5249959334335604,2.3813563031803184,-10.046845416482784,0.49326017522310583,1.5675069192147721,6.896595027336825,True,5.8,False,5.8,False,5.8,False,5.8,False,5.8,6.789811195884937,0.0,1.5856540840390716,0.5418451588806289,1.1622858390907749,3,vpd_x10
786,RIP760,2020-07-10,RIP760,Croplands,36.839,-120.21,6.2,9.8,6.1289190508761076,21.49319444444445,1.8708333333333336,1.6949999999999994,-0.1628070129385164,-0.9866579328916572,6.2,1.3592279622516033,0.7622763311705142,2.5312377079020556,-37.743981994843736,0.49326017522310583,1.5675069192147721,7.559227962251604,True,6.2,False,6.2,False,6.2,False,6.2,False,6.2,7.340187707174919,0.0,2.104173283941626,0.5807287556834202,1.3927818471297633,3,vpd_x10
787,RIP760,2020-07-17,RIP760,Croplands,36.839,-120.21,6.2,8.3,6.392409631665893,21.073750000000004,1.5354166666666669,1.8116666666666663,-0.2802306751992161,-0.9599326896597444,6.2,0.8886897020579267,0.5946522772674475,2.0562877804279287,-10.08721180901052,0.49326017522310583,1.5675069192147721,7.088689702057927,True,6.2,False,6.2,False,6.2,False,6.2,False,6.2,6.953552275489215,0.0,1.5475937234725723,0.39191928596115644,0.7265560967400514,3,vpd_x10
788,RIP760,2020-07-18,RIP760,Croplands,36.839,-120.21,5.8,8.2,6.211643063172294,21.905972222222218,1.4052083333333334,1.7820833333333337,-0.2967128192734901,-0.9549667548552552,5.8,0.8019896100065415,0.6229157089209589,1.8498759447815694,-10.046845416482784,0.49326017522310583,1.5675069192147721,6.601989610006541,True,5.8,False,5.8,False,5.8,False,5.8,False,5.8,6.464595623216776,0.0,1.5065617851553075,0.3243738853741055,0.5750331594902114,3,vpd_x10
789,RIP760,2020-07-26,RIP760,Croplands,36.839,-120.21,6.1,8.7,6.529084298564099,21.467916666666664,1.7720833333333332,2.0683333333333342,-0.4250003399695539,-0.9051931898913976,6.1,0.8209699102290465,0.5339936942567484,2.3622869042871235,-10.08721180901052,0.49326017522310583,1.5675069192147721,6.920969910229046,True,6.1,False,6.1,False,6.1,False,6.1,False,6.1,6.743330512524958,0.0,1.401067403585174,0.3499116633654321,0.7119306637365334,3,vpd_x10
790,RIP760,2020-08-02,RIP760,Croplands,36.839,-120.21,5.8,10.3,5.62233123045915,20.55069444444444,1.96875,1.89,-0.5307300481619331,-0.8475409228928312,5.8,1.0092023585790966,0.5960952499023784,2.7284740661755524,-10.046845416482784,0.49326017522310583,1.5675069192147721,6.809202358579096,True,5.8,False,5.8,False,5.8,False,5.8,False,5.8,6.402281288016611,0.0,1.6390356485540998,0.4538443130682519,0.9347271141149385,3,vpd_x10
791,RIP760,2020-08-03,RIP760,Croplands,36.839,-120.21,5.4,10.400001,6.250903420863731,20.853472222222223,1.933125,2.2625,-0.5452404385406507,-0.8382797052177745,5.4,0.8775832250293035,0.5028231780470538,2.701794358145372,-9.966937974564663,0.49326017522310583,1.5675069192147721,6.2775832250293035,True,5.4,False,5.4,False,5.4,False,5.4,False,5.4,5.926184092361463,0.0,1.43005143009018,0.44670336543146594,0.7559948795662648,3,vpd_x10
792,RIP760,2020-08-10,RIP760,Croplands,36.839,-120.21,5.6,8.900001,6.0342332051917955,22.44652777777777,1.9489583333333331,1.9854166666666664,-0.6420547132365636,-0.7666588193001592,5.6,0.5995499652368466,0.4997937119604743,2.5585277116587504,-10.046845416482784,0.49326017522310583,1.5675069192147721,6.199549965236846,True,5.6,False,5.6,False,5.6,False,5.6,False,5.6,5.871661087486462,0.0,1.1616146061823505,0.20513220008828584,0.4319030894399035,3,vpd_x10
793,RIP760,2020-08-11,RIP760,Croplands,36.839,-120.21,5.6,8.1,5.9119179528248855,21.752777777777773,1.7641666666666669,1.9158333333333328,-0.655156357209085,-0.7554933140726804,5.6,0.35052680060156804,0.5032031624876034,2.3312020194022813,-10.046845416482784,0.49326017522310583,1.5675069192147721,5.950526800601567,True,5.6,False,5.6,False,5.6,False,5.6,False,5.6,5.711394419144885,0.0,0.9281656057230128,0.0072695357488009316,0.11614526033289038,3,vpd_x10
794,RIP760,2020-08-18,RIP760,Croplands,36.839,-120.21,6.5,10.400001,5.520398279540727,25.59861111111111,1.8741666666666663,1.9841666666666669,-0.7412220108485957,-0.6712599575675315,6.5,1.0534400438252656,0.7301061855891366,2.6845681035852555,-37.05509016117507,0.49326017522310583,1.5675069192147721,7.553440043825265,True,6.5,False,6.5,False,6.5,False,6.5,False,6.5,7.046240213499983,0.0,1.8599609445465748,0.4375812168003358,0.862777970128886,3,vpd_x10
795,RIP760,2020-08-26,RIP760,Croplands,36.839,-120.21,5.0,6.9,5.595694688378693,22.549027777777773,1.5610416666666669,1.8641666666666663,-0.8263541987239095,-0.5631507242749187,5.0,-0.25705762499929097,0.41766622938347875,2.071777507952392,-11.116524277687319,0.49326017522310583,1.5675069192147721,4.742942375000709,True,4.742942375000709,True,5.0,False,5.0,False,5.0,False,5.0,4.647832102347282,0.0,0.2249673901685613,-0.484505740531358,-0.5116345246350762,3,vpd_x10
796,RIP760,2020-08-27,RIP760,Croplands,36.839,-120.21,5.5,7.4,5.170023159133423,19.67430555555556,1.5820833333333333,1.9725000000000004,-0.8359254794186365,-0.5488429582847199,5.5,-0.12815331264350596,0.4890252251334138,2.1769788651407573,-10.046845416482784,0.49326017522310583,1.5675069192147721,5.371846687356494,True,5.371846687356494,True,5.5,False,5.5,False,5.5,False,5.5,5.258552908749243,0.0,0.4227647645578153,-0.296315450187401,-0.5109092523009322,3,vpd_x10
797,RIP760,2020-09-03,RIP760,Croplands,36.839,-120.21,5.5,7.9,4.695372315591609,20.307916666666664,1.1983333333333337,1.8016666666666667,-0.8958392907349089,-0.4443781781046134,5.5,0.04352292255112481,0.6389145374281934,1.692142524187141,-20.472891741768166,0.49326017522310583,1.5675069192147721,5.543522922551125,True,5.5,False,5.5,False,5.5,False,5.5,False,5.5,5.368677493714057,0.0,0.7811177156380805,-0.31196180914490446,-0.3385871388398016,3,vpd_x10
798,RIP760,2020-09-04,RIP760,Croplands,36.839,-120.21,5.1,8.900001,5.0003984781282504,20.73680555555556,1.48125,1.7937500000000002,-0.9033558023246842,-0.4288919379124841,5.1,0.2612797813552395,0.5712671567552646,2.163441795344396,-9.966937974564663,0.49326017522310583,1.5675069192147721,5.361279781355239,True,5.1,False,5.1,False,5.1,False,5.1,False,5.1,5.154058832262612,0.0,0.9079231693001624,-0.17489319088901664,0.050809365654572836,3,vpd_x10
799,RIP760,2020-09-12,RIP760,Croplands,36.839,-120.21,3.5,5.5,1.479993202469554,18.170833333333327,0.7545833333333333,0.8104166666666669,-0.9536809966304456,-0.300819807635668,3.5,-0.659506430260926,0.4105936408170481,0.969375551774332,-0.09021364986967705,0.49326017522310583,1.5675069192147721,2.840493569739074,True,2.840493569739074,True,2.840493569739074,True,3.5,False,3.5,False,3.5,2.8675990531102493,0.0,-0.5614232161930475,-0.3068368223431477,-1.110259252246583,3,vpd_x10
800,RIP760,2020-09-19,RIP760,Croplands,36.839,-120.21,4.5,5.5,3.3599594527602124,17.922500000000007,0.9500000000000004,2.085,-0.9829265519799822,-0.1839983516576798,4.5,-0.9979360207272553,0.6068738075526737,1.3774981908831692,3.803894600129999,0.49326017522310583,1.5675069192147721,3.502063979272745,True,4.5,False,3.502063979272745,True,3.502063979272745,True,3.502063979272745,True,4.5,3.6576273099187286,0.0,-0.5180170959282887,-0.7956803912219821,-1.6801105750314955,3,vpd_x10
801,RIP760,2020-09-20,RIP760,Croplands,36.839,-120.21,3.6,5.4,2.7377265855709925,18.405138888888892,1.0962500000000002,1.0933333333333335,-0.9859481499638304,-0.1670516255021195,3.6,-0.7283425329194776,0.4578256757164472,1.4507826385154827,0.9762339364382203,0.49326017522310583,1.5675069192147721,2.8716574670805226,True,2.8716574670805226,True,2.8716574670805226,True,2.8716574670805226,True,2.8716574670805226,True,3.6,3.0311498817426146,0.0,-0.6486215990880092,-0.3156129216441401,-1.2207930780262837,3,vpd_x10
802,RIP760,2020-09-27,RIP760,Croplands,36.839,-120.21,3.7,5.2000003,3.3075482345565765,19.245,1.1035416666666669,1.2162500000000005,-0.9988797155850336,-0.0473213883224323,3.7,-0.6404790686097956,0.5504725104654805,1.4984295006540047,6.236034406954267,0.49326017522310583,1.5675069192147721,3.0595209313902045,True,3.7,False,3.0595209313902045,True,3.0595209313902045,True,3.0595209313902045,True,3.7,3.2718896716703894,0.0,-0.5091121713502182,-0.16757451281833632,-1.2447505216608323,3,vpd_x10
803,RIP760,2020-09-28,RIP760,Croplands,36.839,-120.21,4.0,6.0,3.1112358777627405,19.850972222222214,1.2835416666666666,0.8245833333333333,-0.9995462806873572,-0.0301203048469083,4.0,-0.23379726242478058,0.5615256054939893,1.7628542929821411,7.263785885983178,0.49326017522310583,1.5675069192147721,3.7662027375752194,True,4.0,False,4.0,False,3.7662027375752194,True,4.0,False,4.0,3.958131168780737,0.0,-0.3092085307209941,0.36162322815612624,-0.7538064847094739,3,vpd_x10
804,RIP760,2020-10-13,RIP760,Croplands,36.839,-120.21,3.4,5.6,3.32112215066275,16.59930555555556,1.1639583333333332,1.1933333333333331,-0.9741004551724206,0.226115685508288,3.4,-0.40174248365036935,0.5562134825021574,1.6473040002060777,7.263785885983178,0.49326017522310583,1.5675069192147721,2.9982575163496303,True,3.4,False,3.4,False,2.9982575163496303,True,3.4,False,3.4,3.287366226649791,0.0,-0.689016908406127,0.23936683023483438,-0.7555773727798155,3,vpd_x10
805,RIP760,2020-10-14,RIP760,Croplands,36.839,-120.21,3.6,5.9,3.2820655700365644,17.008472222222224,1.0416666666666667,1.1395833333333334,-0.970063921851507,0.2428497220959358,3.6,-0.2723159811624794,0.5822458142671351,1.50222331658988,6.286432243981516,0.49326017522310583,1.5675069192147721,3.3276840188375205,True,3.6,False,3.3276840188375205,True,3.3276840188375205,True,3.3276840188375205,True,3.6,3.6170541066254285,0.0,-0.5602660878449618,0.39779949096234024,-0.6544813466048167,3,vpd_x10
806,RIP760,2020-12-09,RIP760,Croplands,36.839,-120.21,0.6,1.5,0.2413289691498234,8.112638888888887,0.4235416666666665,1.1437500000000005,-0.3536761221763721,0.935367949313148,0.6,0.43696975339838895,0.6897295746260885,0.6614035010679327,-24.089998780985695,0.49326017522310583,1.5675069192147721,1.036969753398389,True,0.6,False,1.036969753398389,True,0.6,False,0.6,False,0.6,1.0197903953316003,0.0,-0.2838994706871101,0.5041680146272209,1.090640716255056,3,vpd_x10
1002,SLM001,2020-01-30,SLM001,Croplands,38.289,-121.118,0.9,1.8000001,0.6745670728666958,10.052222222222223,0.3687499999999999,1.346666666666667,0.4937755501599772,0.869589389346611,0.9,-0.2320766030505825,0.3217374516670556,0.6264686906563675,-0.027584572772200066,0.47905580226105415,1.5935564016109434,0.6679233969494175,True,0.6679233969494175,True,0.6679233969494175,True,0.9,False,0.9,False,0.9,0.6679233969494175,0.0,-0.4424362832371497,-0.39208837579425265,0.1382948498796549,6,vpd_x10
1003,SLM001,2020-02-07,SLM001,Croplands,38.289,-121.118,0.8,1.5,0.5125599227383789,8.313888888888886,0.5495833333333334,1.1424999999999998,0.6084768701151261,0.7935716089521474,0.8,-0.12222308639494998,0.629681352573026,0.8791613499334054,3.4465618908250484,0.47905580226105415,1.5935564016109434,0.6777769136050501,True,0.8,False,0.6777769136050501,True,0.6777769136050501,True,0.6777769136050501,True,0.8,0.5641195029227768,0.0,-0.5775461699108262,-0.38548849744301883,0.5963654081689951,6,vpd_x10
1004,SLM001,2020-02-08,SLM001,Croplands,38.289,-121.118,0.9,1.7,0.5957009790875225,8.273888888888889,0.4191666666666666,1.2708333333333333,0.6220467484408675,0.7829801036770629,0.9,-0.2719228818529966,0.43096356669847463,0.6839098249080898,-0.12844759924650406,0.47905580226105415,1.5935564016109434,0.6280771181470034,True,0.6280771181470034,True,0.6280771181470034,True,0.9,False,0.9,False,0.9,0.6144512113284096,0.0,-0.6194366951843142,-0.4066383531718426,0.210306402797167,6,vpd_x10
1005,SLM001,2020-02-16,SLM001,Croplands,38.289,-121.118,1.3,2.3,0.7285148304424358,10.45902777777778,0.64375,1.3866666666666667,0.7236440382959124,0.6901733882429719,1.3,-0.11311714239222914,0.7073325961496636,0.9426460501728473,3.4465618908250484,0.47905580226105415,1.5935564016109434,1.1868828576077708,True,1.3,False,1.1868828576077708,True,1.1868828576077708,True,1.1868828576077708,True,1.3,1.0687172095489135,0.0,-0.6207851823251807,-0.4133808326707963,0.6948145878192894,6,vpd_x10
1006,SLM001,2020-03-02,SLM001,Croplands,38.289,-121.118,1.6,4.9,1.0825729269377589,9.964305555555551,1.2233333333333332,5.207916666666667,0.8758917051442429,0.4825077417612184,1.6,-0.5933753429831344,0.3232284559697878,1.897613852341122,-5.7994052827389995,0.47905580226105415,1.5935564016109434,1.0066246570168658,True,1.0066246570168658,True,1.6,False,1.6,False,1.6,False,1.6,0.6266760486629908,0.0,-0.7022384696405543,-0.848117273811655,-0.22977028549719422,6,vpd_x10
1007,SLM001,2020-03-03,SLM001,Croplands,38.289,-121.118,1.1,3.5,0.6463659303866858,10.400694444444444,0.92375,1.3,0.8840675099433636,0.4673592171580022,1.1,0.12140257354942674,0.6040930782237134,1.3617098809499806,4.113271304640701,0.47905580226105415,1.5935564016109434,1.221402573549427,True,1.1,False,1.221402573549427,True,1.221402573549427,True,1.221402573549427,True,1.1,1.1383049222016521,0.0,-0.39695555102426505,-0.02365479024892725,0.7848180619214725,6,vpd_x10
1008,SLM001,2020-03-11,SLM001,Croplands,38.289,-121.118,1.5,3.4,1.360401625613895,12.725694444444446,0.7616666666666666,1.335416666666667,0.9398560579418954,0.3415707691678556,1.5,0.12654644951763017,0.5395235184400212,1.101263966576838,-0.44638005377009404,0.47905580226105415,1.5935564016109434,1.62654644951763,True,1.5,False,1.62654644951763,True,1.5,False,1.5,False,1.5,1.5560478964216256,0.0,-0.3329032439538324,-0.008098174650327472,0.7206407671570504,6,vpd_x10
1009,SLM001,2020-03-27,SLM001,Croplands,38.289,-121.118,1.3,3.1000001,1.4415180228735662,8.20222222222222,0.5216666666666666,1.9979166666666668,0.9973249731081556,0.0730951298980777,1.3,-0.07484153927261389,0.3919000478891018,0.8356041545228086,-0.11180057186357627,0.47905580226105415,1.5935564016109434,1.2251584607273862,True,1.2251584607273862,True,1.2251584607273862,True,1.3,False,1.3,False,1.3,1.3116605438832105,0.0,-0.049358564470405486,-0.4788612026967399,0.3036951493493037,6,vpd_x10
1010,SLM001,2020-04-03,SLM001,Croplands,38.289,-121.118,2.1,4.1,1.7451350143529858,8.877777777777778,0.6770833333333334,1.2412499999999995,0.9988797155850336,-0.0473213883224318,2.1,-0.008396515179857622,0.32176149385841357,1.0391199023208086,-0.06288132570678902,0.47905580226105415,1.5935564016109434,2.0916034848201424,True,2.0916034848201424,True,2.0916034848201424,True,2.1,False,2.1,False,2.1,1.9288375922907344,0.0,0.16787260767458567,-0.3797754166671974,0.18671326345303885,6,vpd_x10
1011,SLM001,2020-04-27,SLM001,Croplands,38.289,-121.118,2.3,6.0,2.691005487680325,15.626666666666663,1.4233333333333331,1.8925,0.895839290734909,-0.4443781781046132,2.3,0.27872598682417776,0.04865843389703789,2.0125731251370755,-5.7994052827389995,0.47905580226105415,1.5935564016109434,2.5787259868241774,True,2.5787259868241774,True,2.3,False,2.3,False,2.3,False,2.3,2.2015476654993744,0.0,0.3175226870757288,0.2945235913879099,0.2241316820088945,6,vpd_x10
1012,SLM001,2020-04-28,SLM001,Croplands,38.289,-121.118,3.0,6.5,2.706225662750154,18.147777777777783,1.4725,1.36875,0.8880573226294932,-0.4597327394521039,3.0,0.3382482072646111,0.10097176150142967,2.1045350498499635,-5.818304092584971,0.47905580226105415,1.5935564016109434,3.338248207264611,True,3.338248207264611,True,3.0,False,3.0,False,3.0,False,3.0,2.9144353788135025,0.0,0.44676773058177144,0.2470705445963065,0.3209063466157552,6,vpd_x10
1013,SLM001,2020-05-05,SLM001,Croplands,38.289,-121.118,1.9,6.5,1.6620751850312732,14.24194444444445,1.4495833333333332,1.7887499999999996,0.8263541987239096,-0.5631507242749186,1.9,0.3525438871661404,0.21065392940452757,2.067446437816561,-5.818304092584971,0.47905580226105415,1.5935564016109434,2.2525438871661403,True,2.2525438871661403,True,1.9,False,1.9,False,1.9,False,1.9,1.917774860687088,0.0,0.13093603927117747,0.550195662480768,0.37649995974647577,6,vpd_x10
1014,SLM001,2020-05-06,SLM001,Croplands,38.289,-121.118,1.8,7.3,2.5781321169633964,14.52486111111111,1.5883333333333336,3.24,0.8165380514459161,-0.5772916165517272,1.8,0.7669616248815241,0.4325919413809811,2.258330805632574,-5.8349511199679,0.47905580226105415,1.5935564016109434,2.5669616248815244,True,2.5669616248815244,True,1.8,False,1.8,False,1.8,False,1.8,1.778878148531591,0.0,0.9743919136715009,1.056775760486317,0.26971720048675435,6,vpd_x10
1015,SLM001,2020-05-21,SLM001,Croplands,38.289,-121.118,2.1,6.6,2.62551556928034,15.78652777777778,1.2574999999999996,1.4308333333333332,0.6420547132365637,-0.766658819300159,2.1,-0.05791126437657609,0.29462360530907866,1.7999446671058166,0.9578944709288022,0.47905580226105415,1.5935564016109434,2.042088735623424,True,2.042088735623424,True,2.1,False,2.042088735623424,True,2.1,False,2.1,1.444336479311314,0.0,-0.3521147336152942,0.23713068729428916,-0.058749746808723205,6,vpd_x10
1016,SLM001,2020-05-22,SLM001,Croplands,38.289,-121.118,2.0,6.6,2.3996259316953727,14.192916666666664,1.3641666666666667,2.5066666666666677,0.6287628145958344,-0.777597146973627,2.0,0.23350677205079595,0.4115305009393156,1.8825674721647403,-5.8349511199679,0.47905580226105415,1.5935564016109434,2.233506772050796,True,2.233506772050796,True,2.0,False,2.0,False,2.0,False,2.0,1.7404711106484927,0.0,-0.1624158135380959,0.6590451569894623,0.20389097270102136,6,vpd_x10
1017,SLM001,2020-06-06,SLM001,Croplands,38.289,-121.118,2.1,6.5,1.924401391607696,13.801111111111108,1.07875,3.174583333333333,0.4093559588156213,-0.9123747579707272,2.1,0.021884858617242525,0.4263490902116124,1.540575962747119,0.46175230604515,0.47905580226105415,1.5935564016109434,2.1218848586172427,True,2.1218848586172427,True,2.1218848586172427,True,2.1218848586172427,True,2.1218848586172427,True,2.1,1.876923564792623,0.0,-0.16556119453915175,0.509843258533928,-0.27862748814304866,6,vpd_x10
1018,SLM001,2020-06-14,SLM001,Croplands,38.289,-121.118,2.4,6.7000003,1.2688173293325458,16.05027777777778,1.35,1.8158333333333332,0.2802306751992158,-0.9599326896597448,2.4,-0.1392800775205705,0.7427435235917358,1.8612334405751174,4.30163655600758,0.47905580226105415,1.5935564016109434,2.260719922479429,True,2.4,False,2.4,False,2.260719922479429,True,2.4,False,2.4,1.271135612263331,0.0,-0.8239424933180907,0.6503720153513766,-0.2442697545949974,6,vpd_x10
1019,SLM001,2020-06-22,SLM001,Croplands,38.289,-121.118,2.1,7.5,1.9945560836009772,20.60125,2.09375,1.5787499999999997,0.1457991969198751,-0.9893142039703664,2.1,0.3995457046354525,1.0204223199124327,2.604355274262764,-22.221105380194327,0.47905580226105415,1.5935564016109434,2.4995457046354526,True,2.1,False,2.1,False,2.1,False,2.1,False,2.1,0.8235999153631313,0.0,-0.5307029137625963,1.4909605549987694,0.2383794726701844,6,vpd_x10
1020,SLM001,2020-06-23,SLM001,Croplands,38.289,-121.118,1.9,7.7000003,1.6689900538712297,20.36986111111111,1.9958333333333331,1.5620833333333328,0.1287481774525813,-0.99167731989929,1.9,0.3277043975928385,1.1073889787522293,2.5450227316049094,-22.221105380194327,0.47905580226105415,1.5935564016109434,2.2277043975928383,True,1.9,False,1.9,False,1.9,False,1.9,False,1.9,0.7773580271557157,0.0,-0.6955665749265548,1.5034164892688955,0.17526327843617484,6,vpd_x10
1021,SLM001,2020-06-30,SLM001,Croplands,38.289,-121.118,1.9,7.6,2.0890994612580776,18.424722222222226,2.17125,1.4354166666666668,0.0086069968886886,-0.9999629591162656,1.9,0.492050410227773,1.351036256172912,2.7288980196904005,-22.221105380194327,0.47905580226105415,1.5935564016109434,2.392050410227773,True,1.9,False,1.9,False,1.9,False,1.9,False,1.9,0.7788365115060552,0.0,-0.7341238278399317,1.9404048630644208,0.26987019545882984,6,vpd_x10
1022,SLM001,2020-07-01,SLM001,Croplands,38.289,-121.118,2.6,7.9,2.507800805219861,18.442916666666665,1.8679166666666664,1.6395833333333327,-0.008606996888688,-0.9999629591162656,2.6,0.44731031569897256,1.064486317951456,2.426802990221774,-22.221105380194327,0.47905580226105415,1.5935564016109434,3.0473103156989727,True,2.6,False,2.6,False,2.6,False,2.6,False,2.6,1.6195113879702325,0.0,-0.4980034619243049,1.6003476256593647,0.23958678336185796,6,vpd_x10
1023,SLM001,2020-07-08,SLM001,Croplands,38.289,-121.118,2.8,8.2,2.0767156959093684,18.85805555555556,2.07375,1.260416666666667,-0.1287481774525806,-0.99167731989929,2.8,0.48664565804977866,1.0991325618661398,2.670640244695639,-22.221105380194327,0.47905580226105415,1.5935564016109434,3.2866456580497783,True,2.8,False,2.8,False,2.8,False,2.8,False,2.8,1.72926318346317,0.0,-0.4267079862401755,1.7064943015437353,0.1801506588457762,6,vpd_x10
1024,SLM001,2020-07-09,SLM001,Croplands,38.289,-121.118,2.1,8.2,1.7500768383265817,19.29486111111111,2.164166666666667,1.3158333333333332,-0.1457991969198744,-0.9893142039703664,2.1,0.45346701308184095,1.4325095462031767,2.7532634132640506,-22.221105380194327,0.47905580226105415,1.5935564016109434,2.553467013081841,True,2.1,False,2.1,False,2.1,False,2.1,False,2.1,1.0670947608249324,0.0,-0.7272133059860874,2.0470913238349264,0.04052302139668393,6,vpd_x10
1025,SLM001,2020-07-17,SLM001,Croplands,38.289,-121.118,2.3,7.3,1.9253062597636752,18.25958333333333,1.5891666666666666,1.399166666666667,-0.2802306751992161,-0.9599326896597444,2.3,-0.030320642238622297,1.0336748978352515,2.1651574037697245,-22.1655324440385,0.47905580226105415,1.5935564016109434,2.2696793577613774,True,2.3,False,2.3,False,2.3,False,2.3,False,2.3,0.9474287421412066,0.0,-0.7193728118833714,1.1582369141804076,-0.5298260290129031,6,vpd_x10
1026,SLM001,2020-07-24,SLM001,Croplands,38.289,-121.118,2.4,7.0,1.9916841485907983,18.358888888888885,1.5704166666666666,1.5554166666666671,-0.3935902766564664,-0.9192859697186104,2.4,-0.09004570740094249,0.9629375763408147,2.1258603903071056,-22.1655324440385,0.47905580226105415,1.5935564016109434,2.3099542925990573,True,2.4,False,2.4,False,2.4,False,2.4,False,2.4,1.043608230786776,0.0,-0.630328669059094,1.021712976754886,-0.6615214298986195,6,vpd_x10
1027,SLM001,2020-07-25,SLM001,Croplands,38.289,-121.118,2.1,7.4,2.318928149874904,18.554027777777783,1.7995833333333329,1.5541666666666671,-0.4093559588156211,-0.9123747579707274,2.1,0.1425946307714301,1.108832755424955,2.379334323814786,-22.1655324440385,0.47905580226105415,1.5935564016109434,2.24259463077143,True,2.1,False,2.1,False,2.1,False,2.1,False,2.1,0.8974740491711346,0.0,-0.7155820787696843,1.3945800817236347,-0.25121411063966015,6,vpd_x10
1028,SLM001,2020-08-01,SLM001,Croplands,38.289,-121.118,2.5,7.7000003,2.6349701743037697,17.848194444444445,1.7445833333333332,1.227083333333333,-0.5160623910158526,-0.8565509959010037,2.5,0.08856986535804019,1.0085333171056898,2.38619728220861,-22.221105380194327,0.47905580226105415,1.5935564016109434,2.58856986535804,True,2.5,False,2.5,False,2.5,False,2.5,False,2.5,1.2659332788094984,0.0,-0.5429973986208197,1.2516914140105324,-0.44298441931559207,6,vpd_x10
1029,SLM001,2020-08-02,SLM001,Croplands,38.289,-121.118,3.0,7.9,2.051109622057982,18.634027777777774,1.91125,1.3333333333333333,-0.5307300481619331,-0.8475409228928312,3.0,0.25452724705670915,0.8162272200567331,2.500918120886184,-22.221105380194327,0.47905580226105415,1.5935564016109434,3.2545272470567093,True,3.0,False,3.0,False,3.0,False,3.0,False,3.0,1.837949480449561,0.0,-0.30305540511976137,1.1913862476704695,-0.12474910138058073,6,vpd_x10
1030,SLM001,2020-08-09,SLM001,Croplands,38.289,-121.118,2.9,7.6,2.842476851516615,20.991388888888892,2.282083333333333,1.225833333333333,-0.6287628145958345,-0.7775971469736268,2.9,0.22544797918737666,0.8087737588355853,2.6463274366837863,-22.221105380194327,0.47905580226105415,1.5935564016109434,3.1254479791873764,True,2.9,False,2.9,False,2.9,False,2.9,False,2.9,1.652171229916868,0.0,-0.278822028110385,1.1583170078313199,-0.20315104215880483,6,vpd_x10
1031,SLM001,2020-08-10,SLM001,Croplands,38.289,-121.118,2.9,7.5,2.7925879799485953,19.73944444444444,2.0504166666666666,1.4545833333333331,-0.6420547132365636,-0.7666588193001592,2.9,0.15253569161265323,0.7337669437469507,2.4959380568773613,-3.076517749904516,0.47905580226105415,1.5935564016109434,3.052535691612653,True,2.9,False,2.9,False,2.9,False,2.9,False,2.9,1.7048661403183922,0.0,-0.291271673511453,0.9994915277842586,-0.25061277943484594,6,vpd_x10
1032,SLM001,2020-08-18,SLM001,Croplands,38.289,-121.118,3.2,8.900001,3.690929085770248,24.43611111111111,2.5379166666666677,1.1870833333333335,-0.7412220108485957,-0.6712599575675315,3.2,0.4112115332201251,0.8373007658194485,3.014271258828817,-22.221105380194327,0.47905580226105415,1.5935564016109434,3.6112115332201253,True,3.2,False,3.2,False,3.2,False,3.2,False,3.2,2.6533924596212684,0.0,0.0783229621892938,1.3637610737107402,-0.20844943623965867,6,vpd_x10
1033,SLM001,2020-08-25,SLM001,Croplands,38.289,-121.118,3.8,6.0,3.109216553207619,20.591805555555556,1.4662500000000005,1.2320833333333334,-0.8165380514459157,-0.5772916165517278,3.8,-0.7942198549974367,0.869669314322542,1.9486090864843262,-22.1655324440385,0.47905580226105415,1.5935564016109434,3.005780145002563,True,3.8,False,3.8,False,3.8,False,3.8,False,3.8,2.9055253432756003,0.0,-0.647273368449456,-0.0073851511718762974,-1.728001045370978,6,vpd_x10
1034,SLM001,2020-09-02,SLM001,Croplands,38.289,-121.118,2.8,5.2000003,2.6536269946047555,17.15541666666667,0.9991666666666666,0.8975000000000001,-0.888057322629493,-0.4597327394521046,2.8,-1.1475903527324613,1.199441712884706,1.4388258887962861,-15.465337501206054,0.47905580226105415,1.5935564016109434,1.6524096472675385,True,2.8,False,1.6524096472675385,True,2.8,False,2.8,False,2.8,1.4310111765648454,0.0,-0.7972048710742794,-0.16235949276304654,-2.4832066943600584,6,vpd_x10
1035,SLM001,2020-09-03,SLM001,Croplands,38.289,-121.118,3.5,6.1,2.93887220107121,17.775972222222222,1.1816666666666666,0.9958333333333336,-0.8958392907349089,-0.4443781781046134,3.5,-0.8090696978070891,1.0827553059006527,1.6092517137326134,-14.820638788489727,0.47905580226105415,1.5935564016109434,2.690930302192911,True,3.5,False,3.5,False,3.5,False,3.5,False,3.5,2.477282148196431,0.0,-0.3053434356707455,-0.06994648079491195,-2.05191917695561,6,vpd_x10
1036,SLM001,2020-09-27,SLM001,Croplands,38.289,-121.118,2.0,6.2000003,1.6288756573507408,17.94875,1.5595833333333335,0.8770833333333333,-0.9988797155850336,-0.0473213883224323,2.0,-0.27433102151133887,0.8078855052974573,2.2461821877536594,-22.1655324440385,0.47905580226105415,1.5935564016109434,1.7256689784886612,True,2.0,False,2.0,False,2.0,False,2.0,False,2.0,1.218749140801525,0.0,-0.7272700375011076,0.6584059114122285,-0.7541289384451374,6,vpd_x10
1037,SLM001,2020-10-04,SLM001,Croplands,38.289,-121.118,1.9,6.0,1.9155446634723228,17.010277777777773,1.9108333333333332,0.9875,-0.9973249731081556,0.0730951298980777,1.9,-0.10817064683120275,0.8025648210879309,2.655852462330225,-22.1655324440385,0.47905580226105415,1.5935564016109434,1.7918293531687972,True,1.9,False,1.9,False,1.9,False,1.9,False,1.9,1.3221624963390424,0.0,-0.7352894985385413,0.7962794215468294,-0.38550186350189636,6,vpd_x10
1039,SLM001,2020-10-12,SLM001,Croplands,38.289,-121.118,1.6,5.2000003,1.5617347310590444,13.719861111111117,1.3320833333333335,1.0729166666666667,-0.9778483415056568,0.2093146459630488,1.6,-0.23041857186345763,0.6359728820579023,1.9559259945534637,-3.0432570995411954,0.47905580226105415,1.5935564016109434,1.3695814281365424,True,1.6,False,1.6,False,1.6,False,1.6,False,1.6,1.0485121189669153,0.0,-0.7241466072402543,0.4872277490450818,-0.45433685739520047,6,vpd_x10
1040,SLM001,2020-10-13,SLM001,Croplands,38.289,-121.118,2.1,4.8,1.5812055270766563,15.289166666666668,1.6025000000000005,1.04,-0.9741004551724206,0.226115685508288,2.1,-0.25691714142988215,0.7040483818915683,2.3019392882245757,-3.0432570995411954,0.47905580226105415,1.5935564016109434,1.843082858570118,True,2.1,False,2.1,False,2.1,False,2.1,False,2.1,1.5295257140677707,0.0,-0.8951092722412507,0.4983179238049499,-0.3739600758533456,6,vpd_x10
1041,SLM001,2020-10-20,SLM001,Croplands,38.289,-121.118,1.7,3.8,1.443020948338276,14.957083333333332,1.4624999999999997,0.8595833333333333,-0.9398560579418952,0.341570769167856,1.7,-0.1817058977567756,0.7504707651226297,2.092168006019702,-22.1655324440385,0.47905580226105415,1.5935564016109434,1.5182941022432244,True,1.7,False,1.7,False,1.7,False,1.7,False,1.7,1.3847403243984857,0.0,-0.866113258372521,0.6208197273408138,-0.29982416223861963,6,vpd_x10
1042,SLM001,2020-10-21,SLM001,Croplands,38.289,-121.118,1.5,3.5,1.486307113395417,15.008611111111106,1.4529166666666669,0.9854166666666668,-0.9338372288229252,0.3576982388331254,1.5,-0.19993025346664525,0.6755629223063583,2.0760485408227547,-3.0432570995411954,0.47905580226105415,1.5935564016109434,1.3000697465333548,True,1.5,False,1.5,False,1.5,False,1.5,False,1.5,1.2015385851818938,0.0,-0.8445396138094373,0.502827237725972,-0.2580783843164704,6,vpd_x10
1043,SLM001,2020-10-28,SLM001,Croplands,38.289,-121.118,1.0,2.1000001,0.6756747410321309,10.35875,1.10625,0.95,-0.8840675099433637,0.467359217158002,1.0,-0.1392480889646023,0.5362696922722613,1.6167382426117023,0.6666690468976126,0.47905580226105415,1.5935564016109434,0.8607519110353977,True,1.0,False,1.0,False,0.8607519110353977,True,1.0,False,1.0,0.9110885848686723,0.0,-0.7526270333253768,0.240993309165635,0.0938894572659349,6,vpd_x10
1044,SLM001,2020-10-29,SLM001,Croplands,38.289,-121.118,0.9,1.7,0.7581567088830867,9.994583333333331,1.0991666666666668,0.7433333333333332,-0.8758917051442433,0.4825077417612176,0.9,-0.06737280224664499,0.6068231444959501,1.6230304232348183,5.051426724555773,0.47905580226105415,1.5935564016109434,0.832627197753355,True,0.9,False,0.9,False,0.832627197753355,True,0.9,False,0.9,0.9083501985833798,0.0,-0.7676939444270015,0.30271393398772306,0.2628616036993434,6,vpd_x10
1045,SLM001,2020-11-05,SLM001,Croplands,38.289,-121.118,1.2,2.6000001,0.5373100776177023,12.199305555555556,1.1258333333333332,0.9137499999999998,-0.8115390590073611,0.5842981736283683,1.2,-0.09699989444240682,0.5577332291220394,1.6404466823880672,1.2785593199414182,0.47905580226105415,1.5935564016109434,1.103000105557593,True,1.2,False,1.2,False,1.103000105557593,True,1.2,False,1.2,1.2172444824239477,0.0,-0.7405533588436904,0.24588509940448738,0.20366857611198258,6,vpd_x10
1046,SLM001,2020-11-29,SLM001,Croplands,38.289,-121.118,0.5,1.1,0.1533963458159134,5.889305555555557,0.4975000000000001,0.8866666666666667,-0.5086709438521042,0.8609610158889945,0.5,0.19991693346110329,0.6761387034275499,0.785921252660325,3.4465618908250484,0.47905580226105415,1.5935564016109434,0.6999169334611033,True,0.5,False,0.6999169334611033,True,0.6999169334611033,True,0.6999169334611033,True,0.5,0.6975276475761634,0.0,-0.4767840922050375,0.20104298444497282,0.8754919081433745,6,vpd_x10
1047,SLM001,2020-12-07,SLM001,Croplands,38.289,-121.118,0.8,3.5,0.308524391349531,7.7041666666666675,0.777083333333333,1.5141666666666662,-0.3856634062436074,0.9226395488404876,0.8,0.186136500326025,0.518101310213058,1.2255556845163906,-0.44638005377009404,0.47905580226105415,1.5935564016109434,0.9861365003260251,True,0.8,False,0.9861365003260251,True,0.8,False,0.8,False,0.8,0.9398021758088223,0.0,-0.41133460510125475,0.4584112087765708,0.5113328973027589,6,vpd_x10
1048,SLM001,2020-12-08,SLM001,Croplands,38.289,-121.118,0.6,1.4,0.1449522506081386,7.144861111111112,0.59375,1.6395833333333334,-0.3697245428906732,0.9291414114031744,0.6,-0.03252234839858603,0.5486343941917358,0.9003733054326435,0.1481872510886379,0.47905580226105415,1.5935564016109434,0.567477651601414,True,0.6,False,0.567477651601414,True,0.567477651601414,True,0.567477651601414,True,0.6,0.6351971720771463,0.0,-0.6428646990011503,0.12564080063938204,0.4196568531660102,6,vpd_x10
1914,US-Bi1,2019-03-08,US-Bi1,Croplands,38.0991537999999,-121.49933,1.4,2.3,3.1050126153167086,16.91053475,0.4373900354166666,4.344032458333333,0.9141279881853336,0.4054257283599973,1.4,0.21911723650544232,0.2939407292874122,1.0224701096926228,-0.010720714448736183,0.6451243391209496,1.8896185867320612,1.6191172365054423,True,1.6191172365054423,True,1.6191172365054423,True,1.4,False,1.4,False,1.4,1.6243089335897056,0.0,0.5578242109182922,0.030807445675009676,0.06872005292302505,5,vpd_x10
1915,US-Bi1,2019-03-16,US-Bi1,Croplands,38.0991537999999,-121.49933,1.7,2.8,2.561636538188403,17.906884458333334,0.690644275,1.1757349375,0.9611297838723007,0.2760969730974688,1.7,0.4100273319541785,0.3536330485582873,0.9123745041473974,-0.122733026940335,0.6451243391209496,1.8896185867320612,2.1100273319541785,True,2.1100273319541785,True,2.1100273319541785,True,1.7,False,1.7,False,1.7,2.027694653431801,0.0,0.7111220826663343,0.02060175258438865,0.4983581606118126,5,vpd_x10
1916,US-Bi1,2019-03-17,US-Bi1,Croplands,38.0991537999999,-121.49933,1.6,2.8,2.3005012828781086,18.89554477083334,0.6555354458333336,0.9409568125,0.9657399376548548,0.2595117970697999,1.6,0.4813371121482822,0.3160707554372498,0.9147919367617601,-0.03749937369768262,0.6451243391209496,1.8896185867320612,2.081337112148282,True,2.081337112148282,True,2.081337112148282,True,1.6,False,1.6,False,1.6,2.012498066923917,0.0,0.7801744534795918,0.1504717412861247,0.51336514167913,5,vpd_x10
1917,US-Bi1,2019-03-24,US-Bi1,Croplands,38.0991537999999,-121.49933,2.7,2.7,2.6358370269122338,17.50831960416667,0.4132763916666669,1.1161769583333334,0.989932495087353,0.141540295217043,2.7,0.1456133215941037,0.46631275713430326,0.5860921342488054,1.7286012384413965,0.6451243391209496,1.8896185867320612,2.845613321594104,True,2.845613321594104,True,2.845613321594104,True,2.845613321594104,True,2.845613321594104,True,2.7,2.81977524457591,0.0,0.4664277837994085,-0.3893017840534459,0.35971396503634845,5,vpd_x10
1918,US-Bi1,2019-04-09,US-Bi1,Croplands,38.0991537999999,-121.49933,4.8,4.3,6.713610754775972,19.956250041666667,0.7176810270833335,4.771298041666667,0.9911140639934548,-0.1330147065341959,4.8,-0.17600145254428032,0.5275504348446889,1.2780486961131428,-1.4038649416691615,0.6451243391209496,1.8896185867320612,4.623998547455719,True,4.623998547455719,True,4.623998547455719,True,4.8,False,4.8,False,4.8,4.615134075941955,0.0,0.4110863942979225,-0.3288138714169685,-0.6102768805137949,5,vpd_x10
1919,US-Bi1,2019-04-17,US-Bi1,Croplands,38.0991537999999,-121.49933,4.5,4.5,5.1283425306205315,20.526943958333337,0.6456047833333334,1.4809786666666662,0.9634705485641488,-0.2678143051621742,4.5,0.11129322388987743,0.43581679797875517,0.8628723603724155,0.725011184988455,0.6451243391209496,1.8896185867320612,4.611293223889877,True,4.611293223889877,True,4.611293223889877,True,4.611293223889877,True,4.611293223889877,True,4.5,4.592445063299849,0.0,0.5490535184083036,-0.3225537226845105,0.10737987594583917,5,vpd_x10
1920,US-Bi1,2019-04-18,US-Bi1,Croplands,38.0991537999999,-121.49933,4.9,4.5,5.253263649224463,22.745688375,0.8550710708333336,0.9973842291666664,0.9587178169872964,-0.2843591872810034,4.9,0.24904519890033847,0.4761948304804896,1.1359267921812826,1.7154529133960545,0.6451243391209496,1.8896185867320612,5.149045198900339,True,5.149045198900339,True,5.149045198900339,True,5.149045198900339,True,5.149045198900339,True,4.9,5.1510020251413815,0.0,0.7818115716640897,-0.13515781015777023,0.10048183519469586,5,vpd_x10
1921,US-Bi1,2019-05-03,US-Bi1,Croplands,38.0991537999999,-121.49933,3.4,5.4,2.2356888487538265,21.382971916666666,1.1075462562500002,2.0368380208333328,0.854322169749827,-0.5197438121555155,3.4,-0.2618595677480416,0.598060751676426,1.5022421505823977,-1.4021942341578015,0.6451243391209496,1.8896185867320612,3.138140432251958,True,3.138140432251958,True,3.138140432251958,True,3.4,False,3.4,False,3.4,3.2507927107988666,0.0,0.35349501024510543,-0.29809492887987155,-0.8409787846093586,5,vpd_x10
1922,US-Bi1,2019-05-04,US-Bi1,Croplands,38.0991537999999,-121.49933,3.7,5.2000003,2.478308569159524,19.88781589583333,0.8471455270833333,3.437848166666668,0.8452490573530633,-0.5343725582809787,3.7,-0.10897189608936093,0.44189038897783023,1.2718085075322567,0.8633227265167259,0.6451243391209496,1.8896185867320612,3.5910281039106393,True,3.5910281039106393,True,3.5910281039106393,True,3.5910281039106393,True,3.5910281039106393,True,3.7,3.699722785511763,0.0,0.3546219110616361,-0.15616733068529998,-0.5253702686444189,5,vpd_x10
1923,US-Bi1,2019-05-11,US-Bi1,Croplands,38.0991537999999,-121.49933,4.7,5.8,4.923007495173488,21.372308291666673,0.71139951875,2.793049499999998,0.7748840413670407,-0.6321034111873487,4.7,0.09634414228598055,0.3754547509621508,1.0308991974894188,-0.1920053604729081,0.6451243391209496,1.8896185867320612,4.796344142285981,True,4.796344142285981,True,4.796344142285981,True,4.7,False,4.7,False,4.7,4.526445958633948,0.0,0.5279759835197215,-0.1546390250944434,-0.08430453156733647,5,vpd_x10
1924,US-Bi1,2019-05-27,US-Bi1,Croplands,38.0991537999999,-121.49933,4.5,3.7,5.196944569192593,20.029794708333338,0.49181165625,1.7041009999999996,0.5737722679043246,-0.8190148866680801,4.5,0.06206532719328948,0.2667329396206825,0.8705732913627051,-0.018079457677021973,0.6451243391209496,1.8896185867320612,4.56206532719329,True,4.56206532719329,True,4.56206532719329,True,4.5,False,4.5,False,4.5,4.66888635521809,0.0,0.3663248912102929,-0.13148968090787125,-0.04863922872255319,5,vpd_x10
1925,US-Bi1,2019-06-04,US-Bi1,Croplands,38.0991537999999,-121.49933,7.1,7.2000003,7.282786428869955,27.547065229166662,1.2628726979166671,1.5628046875,0.4559066935084588,-0.8900275764346767,7.1,1.283797386920144,0.2848877692995471,1.560535609715835,0.2922004186787498,0.6451243391209496,1.8896185867320612,8.383797386920143,True,8.383797386920143,True,8.383797386920143,True,8.383797386920143,True,8.383797386920143,True,7.1,8.032287964292987,0.0,1.5453467644515813,0.980236751297743,1.3258086450111075,5,vpd_x10
1926,US-Bi1,2019-06-05,US-Bi1,Croplands,38.0991537999999,-121.49933,7.5,7.5,8.586547059572071,28.57999452083334,1.4519106104166666,2.2712376875,0.440518784350495,-0.8977433935342337,7.5,1.3092133041425573,0.28604496961517156,1.9163389830930158,3.0284104067405355,0.6451243391209496,1.8896185867320612,8.809213304142558,True,8.809213304142558,True,7.5,False,8.809213304142558,True,7.5,False,7.5,8.007196103212651,0.0,1.366799341264175,0.9987562820445284,1.5620842891189688,5,vpd_x10
1927,US-Bi1,2019-06-12,US-Bi1,Croplands,38.0991537999999,-121.49933,3.8,8.400001,4.1230446983274165,31.16314045833333,2.4706819125,3.401243145833333,0.3294084822245304,-0.9441875088341992,3.8,-0.02478791114545899,0.1643888986403044,3.074825911729441,-12.669363284071576,0.6451243391209496,1.8896185867320612,3.775212088854541,True,3.775212088854541,True,3.8,False,3.8,False,3.8,False,3.8,2.8434363609226243,0.0,0.13433894082087697,-0.1939766334106205,-0.014726040846633454,5,vpd_x10
1928,US-Bi1,2019-06-20,US-Bi1,Croplands,38.0991537999999,-121.49933,5.8,6.2000003,6.256088921922351,23.58783733333334,0.8863639104166668,4.781279062500002,0.1966728897935764,-0.980469160361632,5.8,-0.03677804822087908,0.5440010416528724,1.3800764335916067,-1.7785945828411576,0.6451243391209496,1.8896185867320612,5.763221951779121,True,5.763221951779121,True,5.763221951779121,True,5.8,False,5.8,False,5.8,6.001979078499504,0.0,-0.5137631379591954,-0.1522643889436558,0.5556933822402139,5,vpd_x10
1929,US-Bi1,2019-06-21,US-Bi1,Croplands,38.0991537999999,-121.49933,6.3,7.4,7.219814023812852,24.327444,1.2973127187499998,3.982436979166668,0.1797665857255624,-0.9837092937736096,6.3,0.4799691933043297,0.3398414612249024,1.819875503710178,2.7442143263475245,0.6451243391209496,1.8896185867320612,6.779969193304329,True,6.779969193304329,True,6.779969193304329,True,6.779969193304329,True,6.779969193304329,True,6.3,6.109110306690943,0.0,0.19327225551015273,0.39127053732791695,0.8553647870749193,5,vpd_x10
1930,US-Bi1,2019-07-06,US-Bi1,Croplands,38.0991537999999,-121.49933,6.9,7.6,6.985582983293677,25.64277195833333,1.32408265625,1.8478388125,-0.0773864792334632,-0.9970011699250152,6.9,1.1384075854705635,0.4342263597211469,1.6145966645176526,0.9658305242666517,0.6451243391209496,1.8896185867320612,8.038407585470564,True,8.038407585470564,True,8.038407585470564,True,8.038407585470564,True,8.038407585470564,True,6.9,7.927584057445712,0.0,1.412367729317452,0.6377492062971225,1.365105820797116,5,vpd_x10
1931,US-Bi1,2019-07-14,US-Bi1,Croplands,38.0991537999999,-121.49933,7.3,8.0,6.227371456258334,27.231391416666664,1.652597316666666,2.8348150208333336,-0.2135209154397959,-0.9769384927771816,7.3,0.9626398192285714,0.3495444118552021,2.1416860872781522,-12.566406464819233,0.6451243391209496,1.8896185867320612,8.262639819228571,True,8.262639819228571,True,7.3,False,7.3,False,7.3,False,7.3,7.696969298834359,0.0,0.9828583968322953,0.6034249551361383,1.301636105717281,5,vpd_x10
1932,US-Bi1,2019-07-22,US-Bi1,Croplands,38.0991537999999,-121.49933,6.7,8.400001,6.3299764623538355,28.23563287500001,1.7013713395833332,1.8577241666666664,-0.3456123126707333,-0.9383773917408642,6.7,1.0218092611033276,0.43415870649121724,2.0660959369646883,-11.586855673184735,0.6451243391209496,1.8896185867320612,7.721809261103328,True,7.721809261103328,True,6.7,False,6.7,False,6.7,False,6.7,7.302660663902633,0.0,1.3253119448996866,0.5245027526710151,1.215613085739281,5,vpd_x10
1933,US-Bi1,2019-07-23,US-Bi1,Croplands,38.0991537999999,-121.49933,7.1,8.2,6.022125566480986,27.38634064583334,1.6061312854166667,2.2296086875000003,-0.3617137307297674,-0.9322892131745134,7.1,0.9886469957421294,0.47359824916717674,1.9636532036580838,5.40363262944258,0.6451243391209496,1.8896185867320612,8.08864699574213,True,8.08864699574213,True,7.1,False,8.08864699574213,True,7.1,False,7.1,7.686792938106576,0.0,1.274311445873069,0.4419680571048439,1.2496614842484752,5,vpd_x10
1934,US-Bi1,2019-07-30,US-Bi1,Croplands,38.0991537999999,-121.49933,2.6,7.1,2.412007260449602,24.716751708333327,1.2040799333333336,2.172901979166667,-0.4711595076738639,-0.8820480249558535,2.6,-0.5624961393557409,0.4017150443337295,1.5288497302815558,-0.059794618938033214,0.6451243391209496,1.8896185867320612,2.037503860644259,True,2.037503860644259,True,2.037503860644259,True,2.6,False,2.6,False,2.6,1.7111029347390732,0.0,-0.3844658994299164,-0.28056125986048464,-1.0224612587768218,5,vpd_x10
1935,US-Bi1,2019-08-15,US-Bi1,Croplands,38.0991537999999,-121.49933,2.5,9.0,2.223562894731137,31.1594765625,2.1387997874999995,1.4387065833333332,-0.6932812268869771,-0.7206671495538615,2.5,-0.17514431128563604,0.15004006786243063,2.6022141054923074,-11.311823161530482,0.6451243391209496,1.8896185867320612,2.324855688714364,True,2.324855688714364,True,2.5,False,2.5,False,2.5,False,2.5,1.509661775135315,0.0,-0.34745567199955607,-0.07338035777464674,-0.10459690408270533,5,vpd_x10
1936,US-Bi1,2019-08-23,US-Bi1,Croplands,38.0991537999999,-121.49933,3.5,7.1,4.614382268226426,28.763908125,1.477923654166667,2.8787186875000006,-0.7856498550787144,-0.6186714032625032,3.5,-0.44182183258273033,0.035688380171946726,1.8992811850459332,3.2004569593027616,0.6451243391209496,1.8896185867320612,3.0581781674172697,True,3.0581781674172697,True,3.5,False,3.0581781674172697,True,3.5,False,3.5,2.8263891861220025,0.0,-0.40591627725113455,-0.44226022183372227,-0.4772889986633341,5,vpd_x10
1937,US-Bi1,2019-08-24,US-Bi1,Croplands,38.0991537999999,-121.49933,3.6,6.8,4.799962146296355,27.66487858333333,1.3602575520833338,3.15768975,-0.7961828637826154,-0.6050560696488494,3.6,-0.4256126799528599,0.049585913489244494,1.7866066065663908,3.1652866091035614,0.6451243391209496,1.8896185867320612,3.17438732004714,True,3.17438732004714,True,3.17438732004714,True,3.17438732004714,True,3.17438732004714,True,3.6,3.0722979871211793,0.0,-0.41304923200156696,-0.38351690246094194,-0.4802719053960709,5,vpd_x10
1938,US-Bi1,2019-08-31,US-Bi1,Croplands,38.0991537999999,-121.49933,5.3,7.0,5.877614245243874,27.71674220833333,1.3927678666666663,1.259753479166667,-0.8631421280499115,-0.5049610547215202,5.3,0.08665771051638667,0.16922216004196913,1.7332185596931686,3.002901585094892,0.6451243391209496,1.8896185867320612,5.386657710516387,True,5.386657710516387,True,5.386657710516387,True,5.386657710516387,True,5.386657710516387,True,5.3,4.959944369118553,0.0,0.14967497084343503,-0.10503131209554104,0.21532947280126605,5,vpd_x10
1939,US-Bi1,2019-09-08,US-Bi1,Croplands,38.0991537999999,-121.49933,4.9,5.5,5.516997683443441,24.385867750000006,0.8163183666666668,1.993115520833333,-0.9242907221930934,-0.3816892202666586,4.9,-0.5579269897818032,0.2260217792765601,1.095044186068559,-0.06555630560584198,0.6451243391209496,1.8896185867320612,4.342073010218197,True,4.342073010218197,True,4.342073010218197,True,4.9,False,4.9,False,4.9,4.289895431149004,0.0,-0.4432666499359721,-0.8182980411970205,-0.41221627821241696,5,vpd_x10
1940,US-Bi1,2019-09-09,US-Bi1,Croplands,38.0991537999999,-121.49933,5.3,5.7000003,6.2468259131972586,24.769214229166675,0.9098353104166668,3.2582560000000003,-0.9307239310379792,-0.3657225234972692,5.3,-0.5626403543125412,0.23660239648152792,1.2573760317405598,-0.0748395734929357,0.6451243391209496,1.8896185867320612,4.737359645687459,True,4.737359645687459,True,4.737359645687459,True,5.3,False,5.3,False,5.3,4.705870435689692,0.0,-0.6347282153506761,-0.7548138623011655,-0.2983789852857821,5,vpd_x10
1941,US-Bi1,2019-09-24,US-Bi1,Croplands,38.0991537999999,-121.49933,2.1,6.1,2.212787134489796,27.81702229166666,2.123774975,1.9624768125000005,-0.9932568492674144,-0.1159345995955006,2.1,-0.3941043541732576,0.14298821362548353,2.4704494837163766,-12.608342739431661,0.6451243391209496,1.8896185867320612,1.7058956458267425,True,1.7058956458267425,True,2.1,False,2.1,False,2.1,False,2.1,1.7369673016730593,0.0,-0.5364656108456312,-0.39535012768614697,-0.2504973239879948,5,vpd_x10
1942,US-Bi1,2019-09-25,US-Bi1,Croplands,38.0991537999999,-121.49933,1.9,5.6,2.09468285502449,28.3506666875,1.9547905979166664,0.9925219166666668,-0.9951053111006974,-0.0988201387328721,1.9,-0.3888756618119018,0.30474532681815547,2.3965359127905104,-12.621746844322427,0.6451243391209496,1.8896185867320612,1.511124338188098,True,1.511124338188098,True,1.9,False,1.9,False,1.9,False,1.9,1.417845324612748,0.0,-0.7244668927491988,-0.12940884854374418,-0.31275124414276245,5,vpd_x10
1943,US-Bi1,2019-10-02,US-Bi1,Croplands,38.0991537999999,-121.49933,2.2,3.7,2.8290160958716424,19.670664833333326,0.9939338125000002,1.3952516458333335,-0.9997685019798908,0.0215160974362222,2.2,-0.5607731968151374,0.4110437569601244,1.2658611383208214,-0.019881349404424813,0.6451243391209496,1.8896185867320612,1.639226803184863,True,1.639226803184863,True,1.639226803184863,True,2.2,False,2.2,False,2.2,1.7378682761967552,0.0,-0.9408338719411649,-0.12452672949423195,-0.6169589890100153,5,vpd_x10
1944,US-Bi1,2019-10-10,US-Bi1,Croplands,38.0991537999999,-121.49933,3.9,4.6,4.853817233803653,19.9189626875,1.32923334375,3.540356833333336,-0.9873494423939864,0.1585593851031347,3.9,-0.7800509627635094,0.22083445599726143,1.8388753496564363,3.1508435443915364,0.6451243391209496,1.8896185867320612,3.1199490372364904,True,3.1199490372364904,True,3.1199490372364904,True,3.1199490372364904,True,3.1199490372364904,True,3.9,3.358600784723653,0.0,-0.692345146613107,-1.0312649672759406,-0.6165427744014803,5,vpd_x10
1945,US-Bi1,2019-10-11,US-Bi1,Croplands,38.0991537999999,-121.49933,3.0,2.9,3.260367680144596,18.643549875,0.9161541916666666,0.8158110833333333,-0.9844738167520924,0.1755314904214277,3.0,0.03389817899072603,0.5228944910591226,1.1858681582510786,1.837258438802438,0.6451243391209496,1.8896185867320612,3.033898178990726,True,3.033898178990726,True,3.033898178990726,True,3.033898178990726,True,3.033898178990726,True,3.0,3.2319347640396727,0.0,-0.4956664994223663,0.5498569249573567,0.04750411143718766,5,vpd_x10
1946,US-Bi1,2019-10-26,US-Bi1,Croplands,38.0991537999999,-121.49933,1.1,3.3,1.1624429626558277,20.751953083333333,1.0109918229166668,1.2516103958333331,-0.9070138128026362,0.4211008707960891,1.1,0.06111447438612578,0.41256473015787265,1.295233024806352,0.2069497478757978,0.6451243391209496,1.8896185867320612,1.161114474386126,True,1.161114474386126,True,1.161114474386126,True,1.161114474386126,True,1.161114474386126,True,1.1,1.0009219408112167,0.0,-0.4106344104852438,0.23954852348051495,0.3544293101631062,5,vpd_x10
1947,US-Bi1,2019-10-27,US-Bi1,Croplands,38.0991537999999,-121.49933,2.1,5.5,2.306873990240795,20.254381645833327,1.4235842479166667,9.772644104166671,-0.8996308696522434,0.4366512319560638,2.1,-1.6995665837680214,0.895952086964502,2.585064596005668,-15.14457726837172,0.6451243391209496,1.8896185867320612,0.4004334162319787,True,2.1,False,2.1,False,2.1,False,2.1,False,2.1,0.9646753981737146,0.0,-0.730494363455611,-2.4977974755195347,-1.8704079123289186,5,vpd_x10
1948,US-Bi1,2019-11-03,US-Bi1,Croplands,38.0991537999999,-121.49933,1.0,1.8000001,1.3890007457312754,18.101381062500003,0.922659822916667,0.6628515833333332,-0.8406184056344783,0.5416278206559811,1.0,0.3074412705147998,0.4928420760168198,1.2694383535587248,1.837258438802438,0.6451243391209496,1.8896185867320612,1.3074412705147997,True,1.3074412705147997,True,1.3074412705147997,True,1.3074412705147997,True,1.3074412705147997,True,1.0,1.1293777297693386,0.0,-0.2605195918792654,0.622383871920186,0.5604595315034789,5,vpd_x10
1949,US-Bi1,2019-11-11,US-Bi1,Croplands,38.0991537999999,-121.49933,1.5,1.9,2.0491595611175923,19.92861577083333,0.7647484104166665,0.7301441666666667,-0.7583058084785625,0.6518989958787125,1.5,0.5379422719311387,0.3437312066092182,1.074347492099247,0.006717766995324121,0.6451243391209496,1.8896185867320612,2.0379422719311386,True,2.0379422719311386,True,2.0379422719311386,True,2.0379422719311386,True,2.0379422719311386,True,1.5,2.056199726794069,0.0,0.34498096115833177,0.9347986783455824,0.33404717628950187,5,vpd_x10
1950,US-Bi1,2019-11-19,US-Bi1,Croplands,38.0991537999999,-121.49933,1.5,2.8,2.5502288793034897,20.98982479166667,0.4596354624999999,3.2975941041666665,-0.661634618242279,0.749826401204568,1.5,0.4681198165002245,0.18762432807747992,0.8053450093413146,-0.05669356374877803,0.6451243391209496,1.8896185867320612,1.9681198165002245,True,1.9681198165002245,True,1.9681198165002245,True,1.5,False,1.5,False,1.5,1.997689603113209,0.0,0.666824409440598,0.44353550813207343,0.2939995319280019,5,vpd_x10
1951,US-Bi1,2019-12-14,US-Bi1,Croplands,38.0991537999999,-121.49933,0.9,0.90000004,2.953429646282381,21.70543593750001,0.2795744041666667,4.007012729166667,-0.2884824328806098,0.9574851883550388,0.9,0.5803238690885973,0.14470393527404554,1.2399275340520286,0.13842814479726598,0.6451243391209496,1.8896185867320612,1.4803238690885974,True,1.4803238690885974,True,1.4803238690885974,True,1.4803238690885974,True,1.4803238690885974,True,0.9,1.4803238690885974,0.0,0.6386607326551872,0.4155573670915085,0.6867535075190961,5,vpd_x10
1952,US-Bi1,2019-12-30,US-Bi1,Croplands,38.0991537999999,-121.49933,0.9,1.0,1.8399812377263265,17.9593984375,0.2253583,2.100268,-0.0172133561558352,0.9998518392091162,0.9,0.0070670817943121285,0.15217430040111923,0.7239540939382177,-0.013803812665070745,0.6451243391209496,1.8896185867320612,0.9070670817943122,True,0.9070670817943122,True,0.9070670817943122,True,0.9,False,0.9,False,0.9,0.9070670817943122,0.0,0.17732348165101933,-0.11569868491837079,-0.04042355134971215,5,vpd_x10
2027,US-Bi2,2019-01-12,US-Bi1,Croplands,38.109,-121.535,1.0,0.90000004,0.5433923134609235,13.599353249999998,0.1141288895833333,1.5445165625,0.2051044998686192,0.9787400799669153,1.0,-0.1742734343073642,0.10700152861089832,0.3655974356048538,-0.00922095264052729,0.6451243391209496,1.8896185867320612,0.8257265656926358,True,0.8257265656926358,True,0.8257265656926358,True,1.0,False,1.0,False,1.0,0.8257265656926358,0.0,-0.09837907122043707,-0.2966561614687199,-0.12778507023293567,5,vpd_x10
2028,US-Bi2,2019-03-08,US-Bi1,Croplands,38.109,-121.535,1.9,2.3,4.550265201096988,13.853356791666664,0.4154986875000001,4.7330546875,0.9141279881853336,0.4054257283599973,1.9,0.1661793160857762,0.44125935681941164,1.0150088537134754,0.7368950622050962,0.6451243391209496,1.8896185867320612,2.066179316085776,True,2.066179316085776,True,2.066179316085776,True,2.066179316085776,True,2.066179316085776,True,1.9,2.0806975682894184,0.0,0.593778924098058,0.19233524008271505,-0.28757621592344446,5,vpd_x10
2029,US-Bi2,2019-03-16,US-Bi1,Croplands,38.109,-121.535,2.1,2.8,2.840772162151006,16.81112025,0.6093511874999998,1.2011247916666667,0.9611297838723007,0.2760969730974688,2.1,0.27642459765239474,0.3928689490347372,0.794654600224443,-0.22897141551441313,0.6451243391209496,1.8896185867320612,2.3764245976523948,True,2.3764245976523948,True,2.3764245976523948,True,2.1,False,2.1,False,2.1,2.3230887096145736,0.0,0.5621639923270183,-0.17158565723814317,0.4386954578683091,5,vpd_x10
2030,US-Bi2,2019-03-17,US-Bi1,Croplands,38.109,-121.535,2.4,2.8,2.35794741671672,17.903426645833335,0.6295178458333334,0.927909208333333,0.9657399376548548,0.2595117970697999,2.4,0.33297677812690646,0.39087368017101554,0.8614998634304133,-0.22897141551441313,0.6451243391209496,1.8896185867320612,2.7329767781269063,True,2.7329767781269063,True,2.7329767781269063,True,2.4,False,2.4,False,2.4,2.646482433430323,0.0,0.6098975730442255,-0.11413939662614196,0.5031721579626359,5,vpd_x10
2031,US-Bi2,2019-03-24,US-Bi1,Croplands,38.109,-121.535,2.4,2.7,2.228543135471229,15.426978854166665,0.4039051125,1.1806111875,0.989932495087353,0.141540295217043,2.4,0.14461838273124247,0.3953734523100739,0.5822889687951889,-0.22897141551441313,0.6451243391209496,1.8896185867320612,2.5446183827312425,True,2.5446183827312425,True,2.5446183827312425,True,2.4,False,2.4,False,2.4,2.541962455733094,0.0,0.4546104758162808,-0.3006341770201175,0.27987884939756413,5,vpd_x10
2032,US-Bi2,2019-04-17,US-Bi1,Croplands,38.109,-121.535,3.2,4.5,4.792166255358122,19.6975004375,0.74536383125,1.8556748333333335,0.9634705485641488,-0.2678143051621742,3.2,-0.07330511865425189,0.42587179443682854,1.0283886392949744,0.06340556316798257,0.6451243391209496,1.8896185867320612,3.1266948813457485,True,3.1266948813457485,True,3.1266948813457485,True,3.1266948813457485,True,3.1266948813457485,True,3.2,3.242452540499986,0.0,0.3971579316747058,-0.1845803047181273,-0.4324929829193342,5,vpd_x10
2033,US-Bi2,2019-04-18,US-Bi1,Croplands,38.109,-121.535,3.7,4.5,4.182655886438639,22.29110145833333,0.9996039979166664,1.0897838333333334,0.9587178169872964,-0.2843591872810034,3.7,-0.07215229951616668,0.6825662631501503,1.3185892189784059,-1.3470493967151749,0.6451243391209496,1.8896185867320612,3.6278477004838336,True,3.7,False,3.6278477004838336,True,3.7,False,3.7,False,3.7,3.8178948062772893,0.0,0.7067163378667314,-0.35709050408493137,-0.5660827323303,5,vpd_x10
2034,US-Bi2,2019-04-25,US-Bi1,Croplands,38.109,-121.535,3.3,5.3,3.8025245205835545,24.172345604166665,1.3155644770833332,2.8055467083333334,0.9175836260593936,-0.3975428142825559,3.3,-0.12690934880332874,0.6390177720534446,1.8955776321472748,0.8067255361974922,0.6451243391209496,1.8896185867320612,3.173090651196671,True,3.173090651196671,True,3.3,False,3.173090651196671,True,3.3,False,3.3,3.260227973999735,0.0,0.6109648077462071,-0.4957473191502406,-0.49594553500595273,5,vpd_x10
2035,US-Bi2,2019-05-03,US-Bi1,Croplands,38.109,-121.535,3.0,5.4,2.482045036531578,20.624903875,1.2147015354166666,2.3781798125,0.854322169749827,-0.5197438121555155,3.0,-0.24492261637233567,0.48653597948775396,1.6743165373359286,2.8736892155965426,0.6451243391209496,1.8896185867320612,2.7550773836276643,True,2.7550773836276643,True,2.7550773836276643,True,2.7550773836276643,True,2.7550773836276643,True,3.0,2.8768614474550893,0.0,0.24582587741171993,-0.2534600075543226,-0.7271337189744044,5,vpd_x10
2036,US-Bi2,2019-05-04,US-Bi1,Croplands,38.109,-121.535,3.9,5.2000003,2.7870134162126585,18.549793708333336,0.8921595354166669,3.664159166666668,0.8452490573530633,-0.5343725582809787,3.9,-0.03102169086559864,0.24915119939664657,1.3000763294879984,0.13388283756382688,0.6451243391209496,1.8896185867320612,3.8689783091344014,True,3.8689783091344014,True,3.8689783091344014,True,3.8689783091344014,True,3.8689783091344014,True,3.9,3.8401671309721803,0.0,0.251116013989093,-0.1233559889676742,-0.22082509761821473,5,vpd_x10
2037,US-Bi2,2019-05-11,US-Bi1,Croplands,38.109,-121.535,2.4,5.8,2.9408364293330314,20.444349875000004,0.7602186416666666,3.9953413958333335,0.7748840413670407,-0.6321034111873487,2.4,-0.05069726413237841,0.12389630779731171,1.255212467414382,0.1291536367237702,0.6451243391209496,1.8896185867320612,2.3493027358676213,True,2.3493027358676213,True,2.3493027358676213,True,2.3493027358676213,True,2.3493027358676213,True,2.4,2.465410563109975,0.0,0.07799142856333116,-0.060914811526220386,-0.16916840943424602,5,vpd_x10
2038,US-Bi2,2019-05-27,US-Bi1,Croplands,38.109,-121.535,0.4,3.7,1.4517755042852545,18.49466045833333,0.5990858229166668,2.3469367916666664,0.5737722679043246,-0.8190148866680801,0.4,0.6776976923194203,0.7253605366115217,1.1608547493125456,-1.367088680179773,0.6451243391209496,1.8896185867320612,1.0776976923194204,True,0.4,False,1.0776976923194204,True,0.4,False,0.4,False,0.4,1.3464376263240256,0.0,1.5087238243182621,0.352708568040616,0.1716606845993833,5,vpd_x10
2039,US-Bi2,2019-06-04,US-Bi1,Croplands,38.109,-121.535,1.4,7.2000003,1.4437158857332366,28.067208833333336,1.6074828187500003,2.287045083333333,0.4559066935084588,-0.8900275764346767,1.4,-0.360644830554985,0.2326097524688226,1.9563346060574003,3.167654502825485,0.6451243391209496,1.8896185867320612,1.039355169445015,True,1.039355169445015,True,1.4,False,1.039355169445015,True,1.4,False,1.4,1.2624367154343743,0.0,-0.2319723071570217,-0.22080020863503588,-0.6291619758728975,5,vpd_x10
2040,US-Bi2,2019-06-05,US-Bi1,Croplands,38.109,-121.535,1.6,7.5,1.7790310707940835,29.2576774375,1.813422239583333,3.4801862291666668,0.440518784350495,-0.8977433935342337,1.6,-0.005811618745713953,0.11356309498021201,2.263800033385434,-12.61487855995273,0.6451243391209496,1.8896185867320612,1.594188381254286,True,1.594188381254286,True,1.6,False,1.6,False,1.6,False,1.6,1.4623322769961162,0.0,0.12420399630564607,-0.05603661789148598,-0.08560223465130196,5,vpd_x10
2041,US-Bi2,2019-06-12,US-Bi1,Croplands,38.109,-121.535,1.5,8.400001,2.225636470874148,30.928513812500004,2.50930305625,3.840964416666667,0.3294084822245304,-0.9441875088341992,1.5,0.10241109592547719,0.11534459325631098,3.020054077569023,-12.634192933872374,0.6451243391209496,1.8896185867320612,1.6024110959254771,True,1.6024110959254771,True,1.5,False,1.5,False,1.5,False,1.5,1.2217250017103476,0.0,0.15900610159592662,0.1785268546681534,-0.030299668487648507,5,vpd_x10
2042,US-Bi2,2019-06-21,US-Bi1,Croplands,38.109,-121.535,2.2,7.4,2.800935640300215,23.92626429166666,1.3857868458333336,4.624644250000001,0.1797665857255624,-0.9837092937736096,2.2,0.0026740718963435737,0.3071764872651819,1.9436573488332354,3.167654502825485,0.6451243391209496,1.8896185867320612,2.2026740718963436,True,2.2026740718963436,True,2.2,False,2.2026740718963436,True,2.2,False,2.2,2.2832895182790027,0.0,0.01776135107141144,-0.3117680441193027,0.302028908736922,5,vpd_x10
2043,US-Bi2,2019-07-06,US-Bi1,Croplands,38.109,-121.535,5.2,7.6,5.901164107816405,24.97755510416667,1.3990196479166668,2.201797833333333,-0.0773864792334632,-0.9970011699250152,5.2,0.49779759183360356,0.11982550125643937,1.795760078175503,3.0641011739656,0.6451243391209496,1.8896185867320612,5.697797591833604,True,5.697797591833604,True,5.697797591833604,True,5.697797591833604,True,5.697797591833604,True,5.2,5.381168576545786,0.0,0.6249296182376858,0.3869427147400418,0.48152044252308324,5,vpd_x10
2044,US-Bi2,2019-07-07,US-Bi1,Croplands,38.109,-121.535,4.9,6.6,4.885441598580682,22.7412546875,1.1199027499999998,2.2927015416666667,-0.0945367498171993,-0.9955213724144752,4.9,0.06962992485889331,0.24456699930281522,1.4696151444732526,0.115330298757885,0.6451243391209496,1.8896185867320612,4.969629924858894,True,4.969629924858894,True,4.969629924858894,True,4.969629924858894,True,4.969629924858894,True,4.9,4.812391553573465,0.0,0.2328520092981702,0.18759826662331366,-0.21156050134480395,5,vpd_x10
2045,US-Bi2,2019-07-14,US-Bi1,Croplands,38.109,-121.535,5.9,8.0,6.831559930022444,27.07574558333333,1.65107710625,3.4091876875,-0.2135209154397959,-0.9769384927771816,5.9,0.4453970931858445,0.22324884061932398,2.125269649947944,-13.001162618297466,0.6451243391209496,1.8896185867320612,6.345397093185845,True,6.345397093185845,True,5.9,False,5.9,False,5.9,False,5.9,5.621491721132196,0.0,0.30178807728712775,0.33180369728425874,0.702599504986147,5,vpd_x10
2046,US-Bi2,2019-07-22,US-Bi1,Croplands,38.109,-121.535,6.7,8.400001,7.520474270103621,27.942725,1.6636665020833334,1.721854125,-0.3456123126707333,-0.9383773917408642,6.7,1.0578257602515624,0.47501553670266067,2.0064029986827774,5.20752505263371,0.6451243391209496,1.8896185867320612,7.757825760251563,True,7.757825760251563,True,6.7,False,7.757825760251563,True,6.7,False,6.7,7.395200806600586,0.0,1.4131312533563525,0.5182914515326371,1.2420545758656973,5,vpd_x10
2047,US-Bi2,2019-07-23,US-Bi1,Croplands,38.109,-121.535,6.7,8.2,7.454650620472876,26.46881358333334,1.55205965625,2.069492458333333,-0.3617137307297674,-0.9322892131745134,6.7,0.9330372179587968,0.44945238837697216,1.8940136387086224,4.076743717114541,0.6451243391209496,1.8896185867320612,7.633037217958797,True,7.633037217958797,True,6.7,False,7.633037217958797,True,6.7,False,6.7,7.338925333826858,0.0,1.2540767483966158,0.4193777292026404,1.1256571762771341,5,vpd_x10
2048,US-Bi2,2019-07-30,US-Bi1,Croplands,38.109,-121.535,5.9,7.1,6.479645008207957,22.976549833333333,1.1026195958333334,1.6793813333333336,-0.4711595076738639,-0.8820480249558535,5.9,0.2780841109603074,0.46646021582294583,1.396018179338436,1.4298346084016245,0.6451243391209496,1.8896185867320612,6.178084110960308,True,6.178084110960308,True,6.178084110960308,True,6.178084110960308,True,6.178084110960308,True,5.9,6.05376790737341,0.0,0.7826397978805553,-0.13745059159895773,0.1890631265993246,5,vpd_x10
2049,US-Bi2,2019-08-07,US-Bi1,Croplands,38.109,-121.535,6.1,7.3,6.429890944878018,23.947613916666665,1.03264320625,1.9467265833333331,-0.5877852522924734,-0.8090169943749472,6.1,0.26585675823037164,0.45041259496305547,1.3181938831740516,1.4298346084016245,0.6451243391209496,1.8896185867320612,6.365856758230371,True,6.365856758230371,True,6.365856758230371,True,6.365856758230371,True,6.365856758230371,True,6.1,6.129083793510477,0.0,0.6710133016480974,-0.21913546001035755,0.34569243305337516,5,vpd_x10
2050,US-Bi2,2019-08-08,US-Bi1,Croplands,38.109,-121.535,5.4,6.5,5.701954706229256,22.30531185416667,0.9004351583333333,2.1272597291666666,-0.6016240632249227,-0.7987793728863648,5.4,-0.1307554649898121,0.28262672217898127,1.1981020277013879,-0.07011656935427678,0.6451243391209496,1.8896185867320612,5.269244535010189,True,5.269244535010189,True,5.269244535010189,True,5.4,False,5.4,False,5.4,5.037937529308282,0.0,0.13905729111852952,-0.42465452077019294,-0.10666916531777287,5,vpd_x10
2051,US-Bi2,2019-08-15,US-Bi1,Croplands,38.109,-121.535,5.9,9.0,6.882692957761867,29.303260395833348,1.8214818645833333,0.9147707916666667,-0.6932812268869771,-0.7206671495538615,5.9,0.7207137948010218,0.39627209740086244,2.3337982862476983,-11.650236793786247,0.6451243391209496,1.8896185867320612,6.620713794801022,True,6.620713794801022,True,5.9,False,5.9,False,5.9,False,5.9,6.07913060921743,0.0,1.16133228838883,0.3935257263922318,0.6072833696220036,5,vpd_x10
2052,US-Bi2,2019-08-23,US-Bi1,Croplands,38.109,-121.535,5.7,7.1,6.202316761618498,27.19789468750001,1.3451733083333333,1.9828626666666669,-0.7856498550787144,-0.6186714032625032,5.7,0.08820062451257588,0.3427903517466703,1.7332450071519865,2.9304366626349703,0.6451243391209496,1.8896185867320612,5.788200624512576,True,5.788200624512576,True,5.788200624512576,True,5.788200624512576,True,5.788200624512576,True,5.7,5.320006372483937,0.0,0.26579279980272397,-0.3069465520931724,0.30575562582817606,5,vpd_x10
2053,US-Bi2,2019-08-24,US-Bi1,Croplands,38.109,-121.535,5.7,6.8,5.868231037286444,26.30513902083333,1.27649060625,2.3682483541666666,-0.7961828637826154,-0.6050560696488494,5.7,-0.10307494965351975,0.3321782412107906,1.702635632389067,2.9304366626349703,0.6451243391209496,1.8896185867320612,5.5969250503464805,True,5.5969250503464805,True,5.5969250503464805,True,5.5969250503464805,True,5.5969250503464805,True,5.7,5.165040771906685,0.0,0.05932440097945982,-0.4852102029919245,0.11666095305190552,5,vpd_x10
2054,US-Bi2,2019-08-31,US-Bi1,Croplands,38.109,-121.535,4.7,7.0,4.939308296939326,26.08543927083333,1.4735663270833337,0.9780708125,-0.8631421280499115,-0.5049610547215202,4.7,-0.11861939685385325,0.18300827429392966,1.8717279333597738,3.0883715793722786,0.6451243391209496,1.8896185867320612,4.581380603146147,True,4.581380603146147,True,4.581380603146147,True,4.581380603146147,True,4.581380603146147,True,4.7,4.396836398115795,0.0,0.08358635537288997,-0.1665559886805184,-0.27288855725393135,5,vpd_x10
2055,US-Bi2,2019-09-08,US-Bi1,Croplands,38.109,-121.535,4.1,5.5,3.3946787985112565,23.175269125,0.9645139625,1.783421666666667,-0.9242907221930934,-0.3816892202666586,4.1,-0.6741787121003884,0.16923359299054488,1.1912071108242193,0.09026943812124763,0.6451243391209496,1.8896185867320612,3.4258212878996113,True,3.4258212878996113,True,3.4258212878996113,True,3.4258212878996113,True,3.4258212878996113,True,4.1,3.4338690383649437,0.0,-0.4925127169458079,-0.8273664099805537,-0.7026570093748034,5,vpd_x10
2056,US-Bi2,2019-09-09,US-Bi1,Croplands,38.109,-121.535,3.9,5.7000003,3.81832141930537,23.80051635416667,1.052149725,3.069799708333333,-0.9307239310379792,-0.3657225234972692,3.9,-0.5900650602129428,0.07062136985115523,1.4811320868702695,0.17823991235413106,0.6451243391209496,1.8896185867320612,3.309934939787057,True,3.309934939787057,True,3.309934939787057,True,3.309934939787057,True,3.309934939787057,True,3.9,3.416716881203785,0.0,-0.6339574952973079,-0.6276374824941574,-0.5086002028473634,5,vpd_x10
2057,US-Bi2,2019-09-16,US-Bi1,Croplands,38.109,-121.535,2.2,3.5,4.037001346884499,22.543839854166652,0.7556324041666667,3.2196654166666665,-0.9679377830240642,-0.2511900638848195,2.2,0.16985873377561655,0.41795541578764533,1.2536147459834084,0.2069497478757978,0.6451243391209496,1.8896185867320612,2.369858733775617,True,2.369858733775617,True,2.369858733775617,True,2.369858733775617,True,2.369858733775617,True,2.2,2.4796478509308373,0.0,-0.2367766797974802,0.5982818823164702,0.14807099880785965,5,vpd_x10
2058,US-Bi2,2019-09-24,US-Bi1,Croplands,38.109,-121.535,1.0,6.1,1.3335333413682908,27.85044189583333,2.1267412895833333,2.2709755208333333,-0.9932568492674144,-0.1159345995955006,1.0,-0.3310213611563468,0.22386990611293434,2.587443521380636,-12.641145195908937,0.6451243391209496,1.8896185867320612,0.6689786388436532,True,0.6689786388436532,True,1.0,False,1.0,False,1.0,False,1.0,0.8409736920028941,0.0,-0.5391049442162889,-0.3598089779240721,-0.0941501613286792,5,vpd_x10
2059,US-Bi2,2019-09-25,US-Bi1,Croplands,38.109,-121.535,0.9,5.6,1.0025762486443737,28.103943479166674,1.9444469708333325,1.2356612083333334,-0.9951053111006974,-0.0988201387328721,0.9,-0.3383288109124678,0.36054950223852394,2.378207040102838,-12.630162392675437,0.6451243391209496,1.8896185867320612,0.5616711890875322,True,0.5616711890875322,True,0.9,False,0.9,False,0.9,False,0.9,0.30110833395224645,0.0,-0.6801558858967216,-0.37323468861295434,0.03840414177227244,5,vpd_x10
2060,US-Bi2,2019-10-02,US-Bi1,Croplands,38.109,-121.535,0.6,3.7,0.4783526802194179,18.210466437500006,1.0695319541666668,1.6783141875,-0.9997685019798908,0.0215160974362222,0.6,-0.18584535740191657,0.46491073773901576,1.344536169285168,1.8172191553378398,0.6451243391209496,1.8896185867320612,0.41415464259808343,True,0.41415464259808343,True,0.41415464259808343,True,0.41415464259808343,True,0.41415464259808343,True,0.6,0.21233995869670463,0.0,-0.5917801831514583,-0.28710595441085573,0.3213500653565643,5,vpd_x10
2061,US-Bi2,2019-10-11,US-Bi1,Croplands,38.109,-121.535,0.3,2.9,0.2161281562815424,17.152158541666658,0.96784234375,1.0811013125,-0.9844738167520924,0.1755314904214277,0.3,-0.11006406521643892,0.45263477375485145,1.2440421237162593,1.7207165385107672,0.6451243391209496,1.8896185867320612,0.18993593478356108,True,0.18993593478356108,True,0.18993593478356108,True,0.18993593478356108,True,0.18993593478356108,True,0.3,-0.16161527252872304,0.0,-0.5490119668674084,-0.1362968361941309,0.3551166074122225,5,vpd_x10
2062,US-Bi2,2019-10-26,US-Bi1,Croplands,38.109,-121.535,0.4,3.3,0.2572567525595362,19.091891791666665,1.0472978000000002,1.4205426666666665,-0.9070138128026362,0.4211008707960891,0.4,0.16991677297775531,0.46608937245616067,1.2958338368065385,1.8172191553378398,0.6451243391209496,1.8896185867320612,0.5699167729777553,True,0.5699167729777553,True,0.5699167729777553,True,0.5699167729777553,True,0.5699167729777553,True,0.4,0.2036164239169076,0.0,-0.20810435987192516,0.027167907802134655,0.6906867710030564,5,vpd_x10
2063,US-Bi2,2019-11-11,US-Bi1,Croplands,38.109,-121.535,0.4,1.9,0.1961296334386315,17.89643172916667,0.8419082041666667,0.7997587083333331,-0.7583058084785625,0.6518989958787125,0.4,0.31527641204200774,0.4351919306786647,1.1335687243550525,0.8335030962635298,0.6451243391209496,1.8896185867320612,0.7152764120420078,True,0.7152764120420078,True,0.7152764120420078,True,0.7152764120420078,True,0.7152764120420078,True,0.4,0.4325574758895797,0.0,-0.16725159439840764,0.43502062766240723,0.6780602028620236,5,vpd_x10
2064,US-Bi2,2019-11-19,US-Bi1,Croplands,38.109,-121.535,0.4,2.8,0.1076586094597068,17.957779249999994,0.53959121875,4.137975895833333,-0.661634618242279,0.749826401204568,0.4,0.28657101636973964,0.04226778738837144,0.9047646425534384,0.0014886231782612505,0.6451243391209496,1.8896185867320612,0.6865710163697396,True,0.6865710163697396,True,0.6865710163697396,True,0.6865710163697396,True,0.6865710163697396,True,0.4,0.7116798268342411,0.0,0.245811626644542,0.28370055074621137,0.33020087171846546,5,vpd_x10
2065,US-Bi2,2019-12-14,US-Bi1,Croplands,38.109,-121.535,0.4,0.90000004,2.3572869519801563,16.27634570833333,0.31404084375,4.77198325,-0.2884824328806098,0.9574851883550388,0.4,0.6825645027060913,0.09449975067222542,1.1334031478141833,0.1103817665710143,0.6451243391209496,1.8896185867320612,1.0825645027060913,True,1.0825645027060913,True,1.0825645027060913,True,1.0825645027060913,True,1.0825645027060913,True,0.4,1.0825645027060913,0.0,0.7634200476768005,0.578678172777867,0.7055952876636064,5,vpd_x10
2066,US-Bi2,2019-12-30,US-Bi1,Croplands,38.109,-121.535,1.1,1.0,1.448327121877982,15.85192583333333,0.23996246875,2.5297626250000005,-0.0172133561558352,0.9998518392091162,1.1,-0.020456559046898692,0.2570315576520423,0.8536315349767196,-0.05669356374877803,0.6451243391209496,1.8896185867320612,1.0795434409531013,True,1.0795434409531013,True,1.0795434409531013,True,1.1,False,1.1,False,1.1,1.0795434409531013,0.0,0.15324349741495144,-0.3157206928894586,0.10110751833381107,5,vpd_x10
2067,US-Bi2,2020-01-06,US-Bi1,Croplands,38.109,-121.535,0.8,0.8,0.9705524324908776,16.45346608333333,0.3487962916666667,1.1852567083333334,0.1031016974474348,0.9946708199115212,0.8,0.1498109968425192,0.2314279552734812,0.5923547903553842,-0.049106559563532465,0.6451243391209496,1.8896185867320612,0.9498109968425192,True,0.9498109968425192,True,0.9498109968425192,True,0.8,False,0.8,False,0.8,0.9498109968425192,0.0,0.38801475700540766,-0.0741866646853695,0.1356048982075194,5,vpd_x10
2068,US-Bi2,2020-01-14,US-Bi1,Croplands,38.109,-121.535,1.1,1.1,2.3970156817762343,16.484803500000005,0.3350603333333333,3.7752529791666674,0.2386727660059501,0.9711000518829505,1.1,0.14968991135047477,0.4433685438347957,1.012391007421313,0.7368950622050962,0.6451243391209496,1.8896185867320612,1.249689911350475,True,1.249689911350475,True,1.249689911350475,True,1.249689911350475,True,1.249689911350475,True,1.1,1.249689911350475,0.0,0.3971197386763392,-0.36217384756941146,0.41412384294449656,5,vpd_x10
2069,US-Bi2,2020-01-31,US-Bi1,Croplands,38.109,-121.535,1.0,1.3000001,0.3694873658077332,19.978218145833328,0.3038692229166665,1.1176627291666663,0.5086709438521044,0.8609610158889943,1.0,0.2452366564591234,0.3576431912822019,0.6696049449081689,-0.13434021280618477,0.6451243391209496,1.8896185867320612,1.2452366564591233,True,1.2452366564591233,True,1.2452366564591233,True,1.0,False,1.0,False,1.0,1.2452366564591233,0.0,0.6155691894164015,-0.098198411574347,0.21833919153531575,5,vpd_x10
2070,US-Bi2,2020-02-07,US-Bi1,Croplands,38.109,-121.535,1.5,1.5,1.0949939270591542,17.131999166666667,0.4650775020833333,0.9456604583333332,0.6084768701151261,0.7935716089521474,1.5,0.2406853980846186,0.2703711258826758,0.7397469289928258,-0.049106559563532465,0.6451243391209496,1.8896185867320612,1.7406853980846186,True,1.7406853980846186,True,1.7406853980846186,True,1.5,False,1.5,False,1.5,1.6849841354393402,0.0,0.43554211551601263,-0.06798616280563866,0.3545002415434818,5,vpd_x10
2071,US-Bi2,2020-02-16,US-Bi1,Croplands,38.109,-121.535,2.1,2.5,3.622321825586596,18.698944354166667,0.5472501270833333,4.150033270833334,0.7236440382959124,0.6901733882429719,2.1,-0.0679244675143864,0.5950345756723617,1.0431346130799688,-1.3715284370649916,0.6451243391209496,1.8896185867320612,2.0320755324856137,True,2.0320755324856137,True,2.0320755324856137,True,2.1,False,2.1,False,2.1,2.043068994583818,0.0,0.5930587463885341,-0.560872343810899,-0.23595980512079426,5,vpd_x10
2072,US-Bi2,2020-02-23,US-Bi1,Croplands,38.109,-121.535,1.1,2.6000001,2.163400225756811,16.288445499999998,0.4239078937500001,1.6572159375,0.8013610881746766,0.5981809144059164,1.1,0.3469636864797499,0.2620977073941805,0.6057930249313578,-0.049106559563532465,0.6451243391209496,1.8896185867320612,1.44696368647975,True,1.44696368647975,True,1.44696368647975,True,1.1,False,1.1,False,1.1,1.4128828544713696,0.0,0.5576281460392213,0.053454485924703005,0.42980842747532544,5,vpd_x10
2073,US-Bi2,2020-03-02,US-Bi1,Croplands,38.109,-121.535,2.6,4.4,5.695958686511573,17.772019250000003,1.0766870770833334,7.048004416666667,0.8758917051442429,0.4825077417612184,2.6,-0.4160443469105933,0.42902966482036636,2.0015864070194587,3.2819413828624517,0.6451243391209496,1.8896185867320612,2.1839556530894066,True,2.1839556530894066,True,2.6,False,2.1839556530894066,True,2.6,False,2.6,3.0941878487281262,0.0,0.07933502508112308,-0.6597450919824214,-0.6677229738304816,5,vpd_x10
2074,US-Bi2,2020-03-03,US-Bi1,Croplands,38.109,-121.535,1.8,2.9,1.6808995347287137,17.256578625000003,0.8197209250000003,1.133424375,0.8840675099433636,0.4673592171580022,1.8,0.48366785295045966,0.3668850557554011,1.0999636959407137,-0.09436989758642098,0.6451243391209496,1.8896185867320612,2.28366785295046,True,2.28366785295046,True,2.28366785295046,True,1.8,False,1.8,False,1.8,2.1265503261577225,0.0,0.6662970651986372,0.061310089123555206,0.7233964045291867,5,vpd_x10
2075,US-Bi2,2020-03-10,US-Bi1,Croplands,38.109,-121.535,2.3,3.2,2.4585405268259666,19.422734604166667,0.7919120166666667,2.773772020833334,0.9338372288229252,0.3576982388331254,2.3,0.1961726487039024,0.7413634826155098,1.2686953503997471,-1.3470493967151749,0.6451243391209496,1.8896185867320612,2.496172648703902,True,2.3,False,2.496172648703902,True,2.3,False,2.3,False,2.3,2.293217332138248,0.0,0.8569044752982058,-0.6055688084537828,0.3371822792672843,5,vpd_x10
2076,US-Bi2,2020-03-26,US-Bi1,Croplands,38.109,-121.535,1.5,3.1000001,3.205640751812751,15.540943125000004,0.4687463958333333,2.4065512708333325,0.995918996147179,0.0902516100310411,1.5,0.22547117576609313,0.370515351090365,0.7886167861271198,-0.13434021280618477,0.6451243391209496,1.8896185867320612,1.7254711757660932,True,1.7254711757660932,True,1.7254711757660932,True,1.5,False,1.5,False,1.5,1.7001853251922137,0.0,0.595293326255268,-0.14573350685482922,0.22685370789784068,5,vpd_x10
2077,US-Bi2,2020-04-03,US-Bi1,Croplands,38.109,-121.535,3.6,4.4,5.824929508302174,17.913581291666674,0.7103488270833335,3.8559965416666655,0.9988797155850336,-0.0473213883224318,3.6,-0.23162456460064995,0.4689522489547887,1.1264936482900356,1.7722684583500412,0.6451243391209496,1.8896185867320612,3.3683754353993502,True,3.3683754353993502,True,3.3683754353993502,True,3.3683754353993502,True,3.3683754353993502,True,3.6,3.333518934426911,0.0,0.30636669434415165,-0.5539143379726831,-0.4473260501734184,5,vpd_x10
2078,US-Bi2,2020-04-19,US-Bi1,Croplands,38.109,-121.535,3.1,4.4,3.893584752842641,19.03504879166667,0.5616465479166669,2.7093895625,0.9483615800121716,-0.3171912885891061,3.1,-0.08686480986349372,0.39256132029998136,0.874058595680237,-0.2251231489796854,0.6451243391209496,1.8896185867320612,3.013135190136506,True,3.013135190136506,True,3.013135190136506,True,3.1,False,3.1,False,3.1,3.1818383050421444,0.0,0.33179070602012983,-0.145693200827144,-0.446691934783467,5,vpd_x10
2079,US-Bi2,2020-04-27,US-Bi1,Croplands,38.109,-121.535,2.8,6.5,2.352483661395188,23.843841625,1.4355662916666665,4.972159729166667,0.895839290734909,-0.4443781781046132,2.8,-0.16510314428492354,0.3905427174061146,2.1543281194601454,-12.649560744261947,0.6451243391209496,1.8896185867320612,2.6348968557150765,True,2.6348968557150765,True,2.8,False,2.8,False,2.8,False,2.8,2.5682670583674025,0.0,0.28579011964596424,-0.38383691357745425,-0.39726263892328056,5,vpd_x10
2080,US-Bi2,2020-05-05,US-Bi1,Croplands,38.109,-121.535,1.7,6.9,1.700231751493014,21.994816062500004,1.3593186083333333,5.0838003333333335,0.8263541987239096,-0.5631507242749186,1.7,-0.017415267192000178,0.3633971195101385,1.8487953385862053,3.1592389544724746,0.6451243391209496,1.8896185867320612,1.6825847328079997,True,1.6825847328079997,True,1.6825847328079997,True,1.6825847328079997,True,1.6825847328079997,True,1.7,1.6413962968124136,0.0,0.3647132070830189,-0.3586155703811098,-0.05834343827790964,5,vpd_x10
2081,US-Bi2,2020-05-21,US-Bi1,Croplands,38.109,-121.535,1.3,7.0,2.0816272490461936,23.66606885416667,1.2797116208333332,3.4362047499999995,0.6420547132365637,-0.766658819300159,1.3,0.13515053037783178,0.21971358633178262,1.6231305908986837,0.2345748079414624,0.6451243391209496,1.8896185867320612,1.4351505303778318,True,1.4351505303778318,True,1.4351505303778318,True,1.4351505303778318,True,1.4351505303778318,True,1.3,1.352900918262491,0.0,0.37829289223536644,-0.049153448364586905,0.07631214726271582,5,vpd_x10
2082,US-Bi2,2020-05-22,US-Bi1,Croplands,38.109,-121.535,2.3,7.3,2.1224274566957813,22.465780916666667,1.3880132833333334,5.1899413124999985,0.6287628145958344,-0.777597146973627,2.3,-0.0886897187607552,0.25771853924201626,2.0167565371115677,3.167654502825485,0.6451243391209496,1.8896185867320612,2.2113102812392444,True,2.2113102812392444,True,2.3,False,2.2113102812392444,True,2.3,False,2.3,2.2515859551770774,0.0,-0.03362183440046837,-0.3694912892574686,0.1370439673756714,5,vpd_x10
2083,US-Bi2,2020-06-14,US-Bi1,Croplands,38.109,-121.535,4.1,7.1,5.173890927218605,23.40516112500001,1.0352994541666665,3.65604325,0.2802306751992158,-0.9599326896597448,4.1,0.0778974775462445,0.06713920252804903,1.4265791249709743,0.1832741183306148,0.6451243391209496,1.8896185867320612,4.177897477546244,True,4.177897477546244,True,4.177897477546244,True,4.177897477546244,True,4.177897477546244,True,4.1,3.988851828429325,0.0,0.05274434439510231,0.15398122824781088,0.026966859995820297,5,vpd_x10
2084,US-Bi2,2020-06-22,US-Bi1,Croplands,38.109,-121.535,6.6,8.5,6.753661390023861,26.652828770833334,1.4765210395833337,2.660473520833333,0.1457991969198751,-0.9893142039703664,6.6,1.1428662193022872,0.19731784216899087,1.9069864497846987,3.484131531694304,0.6451243391209496,1.8896185867320612,7.742866219302287,True,7.742866219302287,True,6.6,False,7.742866219302287,True,6.6,False,6.6,7.226154737259198,0.0,1.1859962045352883,0.9275509128316468,1.3150515405399261,5,vpd_x10
2085,US-Bi2,2020-06-23,US-Bi1,Croplands,38.109,-121.535,6.5,8.5,7.1981505902934435,26.091129812500004,1.374915422916667,3.8280019791666655,0.1287481774525813,-0.99167731989929,6.5,0.7942826112007418,0.22564148571177983,1.8024613081474843,3.5144600956896452,0.6451243391209496,1.8896185867320612,7.2942826112007415,True,7.2942826112007415,True,7.2942826112007415,True,7.2942826112007415,True,7.2942826112007415,True,6.5,6.34216356615479,0.0,0.7880882488112058,0.5718020840993228,1.0229575006916969,5,vpd_x10
2086,US-Bi2,2020-06-30,US-Bi1,Croplands,38.109,-121.535,5.7,8.1,6.513195378118142,25.384792250000004,1.6557269729166668,1.2892081458333335,0.0086069968886886,-0.9999629591162656,5.7,0.686457465195316,0.6381773466693952,2.064187350820722,-15.218879050867038,0.6451243391209496,1.8896185867320612,6.386457465195316,True,6.386457465195316,True,5.7,False,5.7,False,5.7,False,5.7,6.3532703323695365,0.0,1.4025720358463176,0.17788351275953082,0.47891684698009984,5,vpd_x10
4416,US-Jo2,2019-01-22,US-Jo2,Shrublands,32.58494,-106.60322,0.4,2.1000001,0.3830346443769277,4.731096229166668,0.4880604166666666,3.204982166666668,0.3697245428906731,0.9291414114031744,0.4,-0.19566783266588939,0.3302317215251506,0.7809583685523076,-0.0451229564787374,0.6410165762727761,1.7636141514056038,0.20433216733411064,True,0.20433216733411064,True,0.20433216733411064,True,0.4,False,0.4,False,0.4,0.2519178207196322,0.0,0.1818538653245046,-0.3379419570904958,-0.430915406231677,7,vpd_x10
4417,US-Jo2,2019-02-07,US-Jo2,Shrublands,32.58494,-106.60322,0.6,2.3,0.3843876942073755,2.1069065625000003,0.5186952083333334,2.973452333333333,0.6084768701151261,0.7935716089521474,0.6,-0.4228691892158489,0.2529027718935141,0.8319837412936406,-0.1046204832636663,0.6410165762727761,1.7636141514056038,0.1771308107841511,True,0.1771308107841511,True,0.1771308107841511,True,0.6,False,0.6,False,0.6,0.2076293268322285,0.0,-0.15298088950625732,-0.4612212002014689,-0.6544054779398203,7,vpd_x10
4418,US-Jo2,2019-02-23,US-Jo2,Shrublands,32.58494,-106.60322,1.0,4.0,1.3882127012797505,3.003705895833334,0.4012508333333333,3.931426666666667,0.8013610881746766,0.5981809144059164,1.0,-0.8981655445891459,0.3431486415249071,0.8950269189450355,0.020857366606721144,0.6410165762727761,1.7636141514056038,0.10183445541085412,True,0.10183445541085412,True,0.10183445541085412,True,0.10183445541085412,True,0.10183445541085412,True,1.0,0.08567200960730947,0.0,-0.5227874311446015,-0.9759935793768835,-1.1957156232459525,7,vpd_x10
4419,US-Jo2,2019-03-03,US-Jo2,Shrublands,32.58494,-106.60322,1.1,4.8,0.2279305647355017,15.411029166666664,1.0458410416666666,4.7631804166666685,0.8758917051442429,0.4825077417612184,1.1,0.012685068518715573,0.4939675359590457,1.6594377488537237,-0.5033254674758925,0.6410165762727761,1.7636141514056038,1.1126850685187157,True,1.1126850685187157,True,1.1126850685187157,True,1.1,False,1.1,False,1.1,1.0551170688753824,0.0,0.4891555615605002,-0.4970935972316622,0.04599324122730869,7,vpd_x10
4420,US-Jo2,2019-03-19,US-Jo2,Shrublands,32.58494,-106.60322,1.0,3.8,1.2517590407596009,12.640465625000004,0.88719875,2.5077607500000005,0.9741004551724204,0.2261156855082882,1.0,0.13529615832959874,0.4719082972773458,1.260312929144312,-0.004875657128661344,0.6410165762727761,1.7636141514056038,1.1352961583295986,True,1.1352961583295986,True,1.1352961583295986,True,1.0,False,1.0,False,1.0,1.1693510198240946,0.0,0.3651907726484972,-0.40750485136095804,0.44820255370125706,7,vpd_x10
4421,US-Jo2,2019-03-27,US-Jo2,Shrublands,32.58494,-106.60322,2.7,5.6,0.6034473261226022,21.48555208333333,1.5151256250000005,3.0336796458333346,0.995918996147179,0.0902516100310411,2.7,0.0584603685529319,0.3075079334020424,2.048028893032867,-12.297938629250103,0.6410165762727761,1.7636141514056038,2.758460368552932,True,2.758460368552932,True,2.7,False,2.7,False,2.7,False,2.7,2.476642912768406,0.0,0.3552382844137305,-0.25875773555248516,0.07890055679755034,7,vpd_x10
4422,US-Jo2,2019-04-04,US-Jo2,Shrublands,32.58494,-106.60322,1.3,5.2000003,0.8418560844297773,16.907262499999998,1.342933333333333,3.0153573333333337,0.9988797155850336,-0.0473213883224318,1.3,0.12908877702260033,0.34732685416072345,1.8138941094350147,2.0914554778961123,0.6410165762727761,1.7636141514056038,1.4290887770226004,True,1.4290887770226004,True,1.3,False,1.4290887770226004,True,1.3,False,1.3,1.3024170931674355,0.0,0.40796038000427925,-0.25996456273229246,0.23927051379581415,7,vpd_x10
4423,US-Jo2,2019-04-28,US-Jo2,Shrublands,32.58494,-106.60322,1.2,7.7000003,1.1692484700436547,23.9889875,2.155972916666667,3.7026439791666665,0.895839290734909,-0.4443781781046132,1.2,0.5608970524390551,0.10339065980010104,2.8016064161959915,-12.347948998581622,0.6410165762727761,1.7636141514056038,1.760897052439055,True,1.760897052439055,True,1.2,False,1.2,False,1.2,False,1.2,0.8136608282701303,0.0,0.6731641009560918,0.4695966275941157,0.5399304287669577,7,vpd_x10
4424,US-Jo2,2019-05-14,US-Jo2,Shrublands,32.58494,-106.60322,0.7,5.9,0.7803258564577374,22.26200625,1.705354166666667,3.0871739791666672,0.741222010848596,-0.6712599575675313,0.7,0.2971148002708443,0.3911629065629579,2.2847918914748524,-12.297938629250103,0.6410165762727761,1.7636141514056038,0.9971148002708443,True,0.9971148002708443,True,0.7,False,0.7,False,0.7,False,0.7,1.0497562918029362,0.0,0.7474525237329473,0.041856561826256244,0.10203531525332926,7,vpd_x10
4425,US-Jo2,2019-05-22,US-Jo2,Shrublands,32.58494,-106.60322,0.5,8.900001,0.6907294979151579,20.57321458333333,1.8908545833333332,5.929424874999998,0.6420547132365637,-0.766658819300159,0.5,1.035301950133898,0.7153611281403943,2.582214444169524,-10.411281081592703,0.6410165762727761,1.7636141514056038,1.535301950133898,True,0.5,False,0.5,False,0.5,False,0.5,False,0.5,0.6126599659560973,0.0,1.6797953360392741,0.2656038628404775,1.1605066515219424,7,vpd_x10
4426,US-Jo2,2019-05-30,US-Jo2,Shrublands,32.58494,-106.60322,0.5,6.3,0.16991472911154,22.60823333333333,1.74580875,5.0863563125,0.5307300481619334,-0.8475409228928311,0.5,0.7777278239350823,0.6726183577594362,2.529771686087787,-10.380004234227647,0.6410165762727761,1.7636141514056038,1.2777278239350824,True,0.5,False,0.5,False,0.5,False,0.5,False,0.5,1.0769165120300888,0.0,1.499996410684526,0.1692849750245239,0.6639020860961969,7,vpd_x10
4427,US-Jo2,2019-06-07,US-Jo2,Shrublands,32.58494,-106.60322,0.9,8.5,1.2417739374019163,28.889475000000004,2.6092687500000005,3.1784247291666663,0.4093559588156213,-0.9123747579707272,0.9,0.4637362788051583,0.13222163017422325,3.1179537180123327,-12.347948998581622,0.6410165762727761,1.7636141514056038,1.3637362788051584,True,1.3637362788051584,True,0.9,False,0.9,False,0.9,False,0.9,0.65658562682174,0.0,0.3110943319385856,0.5428655486109568,0.5372489558659325,7,vpd_x10
4428,US-Jo2,2019-06-15,US-Jo2,Shrublands,32.58494,-106.60322,0.5,8.5,2.403041352293936,26.15709166666667,2.4016479166666667,4.558041874999999,0.2802306751992158,-0.9599326896597448,0.5,0.8229234356195377,0.0933309676982396,3.081518960831949,-12.291476298446286,0.6410165762727761,1.7636141514056038,1.3229234356195376,True,1.3229234356195376,True,0.5,False,0.5,False,0.5,False,0.5,0.6497273404610762,0.0,0.85601295111009,0.8952014368099097,0.7175559189386138,7,vpd_x10
4429,US-Jo2,2019-06-23,US-Jo2,Shrublands,32.58494,-106.60322,0.7,7.9,0.9989591030639404,24.61877708333333,2.220225833333334,3.272127750000001,0.1457991969198751,-0.9893142039703664,0.7,0.3874163334934578,0.3918005521625139,2.7036349048304307,-12.372460450245311,0.6410165762727761,1.7636141514056038,1.0874163334934577,True,1.0874163334934577,True,0.7,False,0.7,False,0.7,False,0.7,0.766500469708083,0.0,0.13082355880715352,0.8384010901016616,0.19302435157155817,7,vpd_x10
4430,US-Jo2,2019-07-01,US-Jo2,Shrublands,32.58494,-106.60322,0.3,6.8,1.479267484133425,28.66443958333333,2.483014583333333,2.3171805625000004,0.0086069968886886,-0.9999629591162656,0.3,-0.005561026274142372,0.29970040533986364,2.9193962200662984,-12.30819813187143,0.6410165762727761,1.7636141514056038,0.2944389737258576,True,0.2944389737258576,True,0.3,False,0.3,False,0.3,False,0.3,0.7337686264250978,0.0,-0.13213309420399988,0.3366604243661312,-0.22121040898455843,7,vpd_x10
4431,US-Jo2,2019-07-09,US-Jo2,Shrublands,32.58494,-106.60322,0.5,7.5,0.8966539110711165,29.250183333333336,2.80495625,2.4262307083333337,-0.1287481774525806,-0.99167731989929,0.5,0.10625935308969693,0.3518843458366116,3.18813765675252,-12.325565158689185,0.6410165762727761,1.7636141514056038,0.6062593530896969,True,0.6062593530896969,True,0.5,False,0.5,False,0.5,False,0.5,0.6575525286257812,0.0,-0.14854622608723378,0.5077573459563148,-0.040433060599990245,7,vpd_x10
4432,US-Jo2,2019-07-17,US-Jo2,Shrublands,32.58494,-106.60322,0.4,6.1,0.6269288987113818,30.28598541666668,2.4356291666666667,2.448912916666667,-0.2636654927280072,-0.9646141756912436,0.4,-0.1964138418849352,0.4513681283664791,2.844363584504051,-12.297938629250103,0.6410165762727761,1.7636141514056038,0.20358615811506484,True,0.20358615811506484,True,0.4,False,0.4,False,0.4,False,0.4,1.029690958334872,0.0,0.04684614694574593,0.08114486679718289,-0.7172325393977345,7,vpd_x10
4433,US-Jo2,2019-07-25,US-Jo2,Shrublands,32.58494,-106.60322,0.7,7.0,1.3892932596817538,29.2087625,2.3781562499999995,2.582265708333334,-0.3935902766564664,-0.9192859697186104,0.7,-0.08811186944421633,0.3388786676131195,2.761397313245981,-12.30819813187143,0.6410165762727761,1.7636141514056038,0.6118881305557836,True,0.6118881305557836,True,0.7,False,0.7,False,0.7,False,0.7,0.9916204765990084,0.0,-0.10699591770772655,0.2598139739524029,-0.41715366457732533,7,vpd_x10
4434,US-Jo2,2019-08-10,US-Jo2,Shrublands,32.58494,-106.60322,1.0,5.5,3.1380117530691867,25.962429166666663,1.1943611875,3.3678260624999994,-0.6287628145958345,-0.7775971469736268,1.0,0.17762074076716727,0.367088864440408,1.651298224196139,-0.5003887561604312,0.6410165762727761,1.7636141514056038,1.1776207407671673,True,1.1776207407671673,True,1.1776207407671673,True,1.0,False,1.0,False,1.0,1.7173741080941949,0.0,0.17259505532374564,0.5471966451833451,-0.1869294782055889,7,vpd_x10
4435,US-Jo2,2019-08-18,US-Jo2,Shrublands,32.58494,-106.60322,1.0,6.8,0.5781058606678683,30.4731,2.8811249999999986,2.2208480416666667,-0.7295575540864876,-0.6839194216246105,1.0,-0.13347888393559135,0.17735430502370275,3.043411908001739,-12.28368668020774,0.6410165762727761,1.7636141514056038,0.8665211160644086,True,0.8665211160644086,True,1.0,False,1.0,False,1.0,False,1.0,1.0187564952439288,0.0,0.00786088243864777,-0.07580605271555327,-0.3324914815298685,7,vpd_x10
4436,US-Jo2,2019-08-26,US-Jo2,Shrublands,32.58494,-106.60322,0.8,7.1,1.4473741710909158,31.544225,2.6202791666666667,2.7063641250000003,-0.8165380514459157,-0.5772916165517278,0.8,-0.10131168015315944,0.2009391304946088,3.046201088462376,-12.28368668020774,0.6410165762727761,1.7636141514056038,0.6986883198468405,True,0.6986883198468405,True,0.8,False,0.8,False,0.8,False,0.8,0.9058085177504022,0.0,0.1282383248823018,-0.18681843101326268,-0.24535493432851746,7,vpd_x10
4437,US-Jo2,2019-09-03,US-Jo2,Shrublands,32.58494,-106.60322,0.4,6.1,1.3308521171637242,28.875727083333334,2.3830250000000004,2.8490646875,-0.888057322629493,-0.4597327394521046,0.4,-0.10509179363863075,0.18563402915130978,2.882745388863556,-12.273427177586413,0.6410165762727761,1.7636141514056038,0.2949082063613693,True,0.2949082063613693,True,0.4,False,0.4,False,0.4,False,0.4,0.7938110207194911,0.0,0.10552102319605994,-0.17587757318471847,-0.24491883092723368,7,vpd_x10
4438,US-Jo2,2019-09-11,US-Jo2,Shrublands,32.58494,-106.60322,0.2,5.5,0.3908304698283267,26.77604166666667,1.5682689583333334,3.652836250000001,-0.9427611433904206,-0.333468778918187,0.2,0.1760680891081752,0.20052219445972969,2.284738073108952,-12.273427177586413,0.6410165762727761,1.7636141514056038,0.37606808910817524,True,0.37606808910817524,True,0.2,False,0.2,False,0.2,False,0.2,0.7311729914094558,0.0,0.40262448075446244,0.10418193991365621,0.02139784665640701,7,vpd_x10
4439,US-Jo2,2019-09-19,US-Jo2,Shrublands,32.58494,-106.60322,0.5,5.2000003,0.7265914032562195,26.798831249999992,1.7735039583333327,2.8799729166666665,-0.97961369164549,-0.2008905551306352,0.5,-0.14510338458788213,0.18867266356765713,2.341968923881132,-12.273427177586413,0.6410165762727761,1.7636141514056038,0.35489661541211787,True,0.35489661541211787,True,0.5,False,0.5,False,0.5,False,0.5,0.7489345406113773,0.0,0.07260444364912244,-0.2468968368971597,-0.26101776051560915,7,vpd_x10
4440,US-Jo2,2019-10-05,US-Jo2,Shrublands,32.58494,-106.60322,0.5,4.1,3.4581693230859036,23.27077500000001,0.9929691666666666,2.4217336041666653,-0.9973249731081556,0.0730951298980777,0.5,-0.0868985731110602,0.09377652851061387,1.3152075034227173,0.011185132828743168,0.6410165762727761,1.7636141514056038,0.4131014268889398,True,0.4131014268889398,True,0.4131014268889398,True,0.4131014268889398,True,0.4131014268889398,True,0.5,0.4070774448635696,0.0,0.013338972547169398,-0.1724907603488942,-0.10154393153145576,7,vpd_x10
4441,US-Jo2,2019-10-13,US-Jo2,Shrublands,32.58494,-106.60322,0.7,3.8,1.1376631455470558,19.894402083333333,1.2286137500000005,2.778857604166667,-0.9778483415056568,0.2093146459630488,0.7,-0.15307408785130294,0.17556584037539594,1.6369474602765106,-0.2665486119475774,0.6410165762727761,1.7636141514056038,0.546925912148697,True,0.546925912148697,True,0.546925912148697,True,0.7,False,0.7,False,0.7,0.5198127509329852,0.0,0.020495123991240538,-0.14914672746168656,-0.3305706600834628,7,vpd_x10
4442,US-Jo2,2019-10-21,US-Jo2,Shrublands,32.58494,-106.60322,0.1,4.4,0.5994396582562839,14.64742395833334,1.2646899999999992,2.502590979166667,-0.9398560579418952,0.341570769167856,0.1,-0.0913923384417255,0.3483553718128948,1.764824690104544,0.02939532851541646,0.6410165762727761,1.7636141514056038,0.008607661558274499,True,0.008607661558274499,True,0.1,False,0.008607661558274499,True,0.1,False,0.1,-0.07289017604013093,0.0,-0.28278806166899123,0.3106994247408421,-0.3020883783970274,7,vpd_x10
4443,US-Jo2,2019-10-29,US-Jo2,Shrublands,32.58494,-106.60322,0.4,4.4,0.4754665481277228,15.362579166666665,1.2107379166666667,4.881072499999998,-0.8840675099433637,0.467359217158002,0.4,-0.3129140633999437,0.40031639804217284,1.7534079490546641,0.02939532851541646,0.6410165762727761,1.7636141514056038,0.08708593660005631,True,0.08708593660005631,True,0.08708593660005631,True,0.08708593660005631,True,0.08708593660005631,True,0.4,0.22178082631896992,0.0,0.14783445751456903,-0.5110964165235861,-0.575480231190814,7,vpd_x10
4444,US-Jo2,2019-11-14,US-Jo2,Shrublands,32.58494,-106.60322,0.6,2.4,0.3034393216844465,11.626460416666664,0.891189583333333,3.613871020833334,-0.7236440382959123,0.690173388242972,0.6,-0.18803547416894348,0.3864303862240175,1.3183285928245334,0.029180392207667476,0.6410165762727761,1.7636141514056038,0.41196452583105647,True,0.41196452583105647,True,0.41196452583105647,True,0.41196452583105647,True,0.41196452583105647,True,0.6,0.4982016930871811,0.0,0.22447865084129248,-0.24697479878237744,-0.5416102745657454,7,vpd_x10
4686,US-NC2,2019-03-30,US-NC2,Evergreen Forests,35.803,-76.6685,3.6,5.2000003,3.541882514058699,17.12044785416666,0.8332232291666668,1.446566354166667,0.9992500112396836,0.0387222808921744,3.6,0.4648210698415162,0.29403353909925983,1.1930818230751314,-0.02737720894239809,0.49326017522310583,1.5675069192147721,4.064821069841516,True,4.064821069841516,True,4.064821069841516,True,3.6,False,3.6,False,3.6,3.8646235835506286,0.0,0.7549550815812639,0.16703728840626467,0.47247083953702007,3,vpd_x10
4687,US-NC2,2019-04-23,US-NC2,Evergreen Forests,35.803,-76.6685,5.6,5.9,4.827964062398928,19.79826666666667,1.0322289604166668,1.113797041666667,0.9307239310379796,-0.3657225234972689,5.6,0.991792236312761,0.551458052208497,1.427359897858425,6.101862310078659,0.49326017522310583,1.5675069192147721,6.59179223631276,True,5.6,False,6.59179223631276,True,6.59179223631276,True,6.59179223631276,True,5.6,6.232547404937723,0.0,1.624888936564056,0.6161049866050207,0.7343827857692065,3,vpd_x10
4688,US-NC2,2019-05-25,US-NC2,Evergreen Forests,35.803,-76.6685,5.7,5.8,3.915629455419512,25.90768143750001,1.2722690291666667,0.9097826875,0.6016240632249226,-0.7987793728863649,5.7,0.6728352702058241,0.4750919324115237,1.7917607466973393,2.8197439423426327,0.49326017522310583,1.5675069192147721,6.372835270205824,True,6.372835270205824,True,5.7,False,6.372835270205824,True,5.7,False,5.7,6.193665831123844,0.0,1.1681340243397722,0.6294448032444679,0.22092698303323213,3,vpd_x10
4689,US-NC2,2019-06-02,US-NC2,Evergreen Forests,35.803,-76.6685,6.5,6.2000003,4.693363965911651,25.257873895833324,0.9490516729166668,1.038126,0.48627270710869,-0.8738071036110808,6.5,1.0052167587597907,0.4621060939306249,1.2254460872081139,-1.1363232219218902,0.49326017522310583,1.5675069192147721,7.505216758759791,True,7.505216758759791,True,7.505216758759791,True,6.5,False,6.5,False,6.5,7.508640594317738,0.0,1.4547670682318303,1.0293802139018182,0.5315029941457237,3,vpd_x10
4690,US-NC2,2019-06-26,US-NC2,Evergreen Forests,35.803,-76.6685,6.4,6.0,5.5162224223300935,27.85383230208333,1.1933386541666668,0.7630001458333332,0.0945367498171991,-0.9955213724144752,6.4,0.7086016668960095,0.5348749375466668,1.604890739007217,7.143512051537324,0.49326017522310583,1.5675069192147721,7.10860166689601,True,6.4,False,6.4,False,7.10860166689601,True,6.4,False,6.4,7.159114005464959,0.0,1.19386811128985,0.7968438854234962,0.13509300397468213,3,vpd_x10
4691,US-NC2,2019-08-29,US-NC2,Evergreen Forests,35.803,-76.6685,1.8,4.7000003,4.11048116491275,25.498354875,1.0161602854166665,1.1921264791666666,-0.8452490573530634,-0.5343725582809785,1.8,-1.0705904077743178,0.6626519512114912,1.3387573182942503,-23.572564605751857,0.49326017522310583,1.5675069192147721,0.7294095922256822,True,1.8,False,0.7294095922256822,True,1.8,False,1.8,False,1.8,0.7817414907234026,0.0,-0.7468017291835005,-0.6320863150625252,-1.8328831790769278,3,vpd_x10
4692,US-NC2,2019-09-22,US-NC2,Evergreen Forests,35.803,-76.6685,1.2,4.3,1.8319642044326512,23.13206845833333,0.8461062020833331,1.5035669999999997,-0.9886775902323404,-0.1500553983446526,1.2,-0.8466732713702916,0.29201903523778533,1.0524114142953616,-0.18617256076195868,0.49326017522310583,1.5675069192147721,0.3533267286297084,True,0.3533267286297084,True,0.3533267286297084,True,1.2,False,1.2,False,1.2,0.3208161488804998,0.0,-0.8153505647515699,-0.5715782266782241,-1.1530910226810809,3,vpd_x10
4693,US-NC2,2019-11-01,US-NC2,Evergreen Forests,35.803,-76.6685,0.5,2.3,2.392157921279084,11.567270291666668,0.4941197625,1.8820278958333336,-0.858763958275803,0.5123714121284235,0.5,-0.05430141731930102,0.3321670543416031,0.7482104665324988,-0.08059448845200758,0.49326017522310583,1.5675069192147721,0.44569858268069895,True,0.44569858268069895,True,0.44569858268069895,True,0.5,False,0.5,False,0.5,0.44655018079125497,0.0,-0.43763946735943515,0.12623627653381894,0.14849893886771312,3,vpd_x10
4694,US-NC2,2019-11-09,US-NC2,Evergreen Forests,35.803,-76.6685,0.2,1.8000001,0.9141597178916516,6.528163208333333,0.3371421458333334,1.6628831458333335,-0.780295851070776,0.6254105729852457,0.2,0.28086507997024557,0.3283941655293135,0.5805375337894486,-0.08059448845200758,0.49326017522310583,1.5675069192147721,0.4808650799702456,True,0.4808650799702456,True,0.4808650799702456,True,0.2,False,0.2,False,0.2,0.4808650799702456,0.0,-0.08471671881138552,0.3764482431595957,0.5508637155625266,3,vpd_x10
4695,US-NC2,2019-11-25,US-NC2,Evergreen Forests,35.803,-76.6685,0.2,1.7,0.7252275677714017,9.621518729166665,0.3873346458333333,1.040848604166667,-0.5808002734538014,0.8140460935082175,0.2,0.3965907288461003,0.551134058831644,0.6336990161029692,3.3802488453494757,0.49326017522310583,1.5675069192147721,0.5965907288461003,True,0.2,False,0.5965907288461003,True,0.5965907288461003,True,0.5965907288461003,True,0.2,0.5931281237265147,0.0,-0.22072628835944239,0.571314454791114,0.8391840201066294,3,vpd_x10
4696,US-NC2,2019-12-03,US-NC2,Evergreen Forests,35.803,-76.6685,0.2,1.9,0.9560009374401204,6.483401541666666,0.32204813125,1.7636417291666666,-0.4635502709028512,0.8860706215341377,0.2,0.4537646559223236,0.43237437713786886,0.5568894398421051,-0.4075672444301072,0.49326017522310583,1.5675069192147721,0.6537646559223236,True,0.6537646559223236,True,0.6537646559223236,True,0.2,False,0.2,False,0.2,0.6537646559223236,0.0,-0.0016354458839983044,0.5042482785197157,0.8586811351312535,3,vpd_x10
4697,US-NC2,2019-12-19,US-NC2,Evergreen Forests,35.803,-76.6685,0.4,1.4,0.4695875448621806,0.5842550208333336,0.2988395312500001,1.4672380416666673,-0.2051044998686192,0.9787400799669153,0.4,0.38168628826115863,0.544048122071714,0.5389976876459706,3.3802488453494757,0.49326017522310583,1.5675069192147721,0.7816862882611586,True,0.4,False,0.7816862882611586,True,0.7816862882611586,True,0.7816862882611586,True,0.4,0.7816862882611586,0.0,-0.09610321339380372,0.2673442159642865,0.9738178622129932,3,vpd_x10
4758,US-NC3,2019-01-09,US-NC2,Evergreen Forests,35.799,-76.656,0.8,2.1000001,1.90227006792063,8.750625000000003,0.5715783916666668,2.417728416666666,0.1543088206642811,0.9880226656636976,0.8,0.1953778466234994,0.27255387444788176,0.8670461709784124,-0.03774665020008591,0.49326017522310583,1.5675069192147721,0.9953778466234995,True,0.9953778466234995,True,0.9953778466234995,True,0.8,False,0.8,False,0.8,0.8951570402905441,0.0,-0.024383587419778918,0.11015782413607608,0.5003593031542011,3,vpd_x10
4759,US-NC3,2019-01-25,US-NC2,Evergreen Forests,35.799,-76.656,1.1,1.6,0.9790668055064292,2.6460625,0.2705510666666665,1.4298491458333331,0.4171936026123168,0.9088176373395028,1.1,-0.2735323960030329,0.4190958229592746,0.48430876791403604,-0.07844915719320392,0.49326017522310583,1.5675069192147721,0.8264676039969672,True,0.8264676039969672,True,0.8264676039969672,True,1.1,False,1.1,False,1.1,0.8264676039969672,0.0,-0.5375043458027935,-0.49280190662771517,0.20970906442140994,3,vpd_x10
4760,US-NC3,2019-02-02,US-NC2,Evergreen Forests,35.799,-76.656,1.4,1.8000001,0.4125257477466572,4.511583333333333,0.2561804958333333,0.9503294166666668,0.5380051715382996,0.8429415373547828,1.4,-0.30288403204279957,0.38797004546996433,0.5392909958985486,0.03891281953262225,0.49326017522310583,1.5675069192147721,1.0971159679572002,True,1.0971159679572002,True,1.0971159679572002,True,1.0971159679572002,True,1.0971159679572002,True,1.4,1.0971159679572002,0.0,-0.6757280386648591,-0.3315463522573895,0.09862229479384985,3,vpd_x10
4761,US-NC3,2019-03-30,US-NC2,Evergreen Forests,35.799,-76.656,2.4,5.1,1.934065635674138,15.863583333333333,0.7793796166666668,2.0489931458333333,0.9992500112396836,0.0387222808921744,2.4,0.11929652275702479,0.3565464654934668,1.166680266138425,-0.02737720894239809,0.49326017522310583,1.5675069192147721,2.5192965227570245,True,2.5192965227570245,True,2.5192965227570245,True,2.4,False,2.4,False,2.4,2.4161691660125917,0.0,0.28023609672774186,-0.2893488608278935,0.36700233237122604,3,vpd_x10
4828,US-NC4,2019-02-02,US-NC4,Wetland/Riparian,35.7879,-75.9038,1.1,1.8000001,0.7667879791480557,7.902620812499999,0.2771806166666668,2.137642458333333,0.5380051715382996,0.8429415373547828,1.1,-0.03145822157011343,0.29763227494782485,0.579217774479584,0.009147035529805789,0.41155970289498295,1.5382580802719399,1.0685417784298867,True,1.0685417784298867,True,1.0685417784298867,True,1.0685417784298867,True,1.0685417784298867,True,1.1,1.0685417784298867,0.0,-0.24875607026335828,-0.15339811916762466,0.3077795247206426,2,vpd_x10
4829,US-NC4,2019-04-23,US-NC4,Wetland/Riparian,35.7879,-75.9038,5.1,5.9,4.7290879624792845,22.7957565,1.0886480020833336,2.4600385625,0.9307239310379796,-0.3657225234972689,5.1,0.6631751442956094,0.16071818704029403,1.5389834719009716,0.03835487063123715,0.41155970289498295,1.5382580802719399,5.763175144295609,True,5.763175144295609,True,5.1,False,5.763175144295609,True,5.1,False,5.1,5.351218897134237,0.0,0.5454021127935619,0.8462690287235045,0.597854291369762,2,vpd_x10
4830,US-NC4,2019-05-01,US-NC4,Wetland/Riparian,35.7879,-75.9038,5.7,6.0,3.10871217805749,26.24862808333334,0.6590770208333333,2.6003397500000007,0.8717063187093218,-0.4900286664290592,5.7,0.5014692380853619,0.25990342858855847,0.9973719330149328,-0.2124027315124279,0.41155970289498295,1.5382580802719399,6.201469238085362,True,6.201469238085362,True,6.201469238085362,True,5.7,False,5.7,False,5.7,5.78431248724839,0.0,0.46194282546374144,0.7788718032314188,0.26359308556092553,2,vpd_x10
4831,US-NC4,2019-06-02,US-NC4,Wetland/Riparian,35.7879,-75.9038,6.4,6.1,5.81474612205992,27.598297125,0.8736969749999997,2.102677083333333,0.48627270710869,-0.8738071036110808,6.4,0.9428848306649984,0.21296665508285706,1.2203636045431783,-0.343431604862603,0.41155970289498295,1.5382580802719399,7.342884830664999,True,7.342884830664999,True,7.342884830664999,True,6.4,False,6.4,False,6.4,7.0587349350076405,0.0,0.7026976895752988,1.1086664644052624,1.0172903380144338,2,vpd_x10
4832,US-NC4,2019-06-10,US-NC4,Wetland/Riparian,35.7879,-75.9038,6.3,5.8,6.011572343858299,29.633104520833346,0.4589769625,2.0590986875,0.3617137307297676,-0.9322892131745132,6.3,0.6203271833019776,0.21677846905581027,0.8012708965352022,-0.225175118504146,0.41155970289498295,1.5382580802719399,6.9203271833019775,True,6.9203271833019775,True,6.9203271833019775,True,6.3,False,6.3,False,6.3,6.799882472616185,0.0,0.4942538739617519,0.8706391570885819,0.4960885188555989,2,vpd_x10
4833,US-NC4,2019-07-28,US-NC4,Wetland/Riparian,35.7879,-75.9038,6.2,5.7000003,5.815120570500312,28.396721750000008,1.2145780520833336,2.0923921458333323,-0.4405187843504952,-0.8977433935342336,6.2,0.3837242668317618,0.6250487695759307,1.6069671869753495,-5.603424481769627,0.41155970289498295,1.5382580802719399,6.583724266831762,True,6.2,False,6.2,False,6.2,False,6.2,False,6.2,6.66399232088856,0.0,0.00634952746496259,0.03961036595148762,1.1052129070788352,2,vpd_x10
4834,US-NC4,2019-08-13,US-NC4,Wetland/Riparian,35.7879,-75.9038,5.6,6.1,4.568767593604241,31.2409205625,0.2925020083333332,2.3377552083333337,-0.6680638642135333,-0.7441039398713608,5.6,-0.18017618172279404,0.1364841007297497,0.7009127020994923,-0.23045047380783787,0.41155970289498295,1.5382580802719399,5.419823818277205,True,5.419823818277205,True,5.419823818277205,True,5.6,False,5.6,False,5.6,5.419823818277205,0.0,-0.25777503900884835,-0.022583980728363318,-0.26016952543117045,2,vpd_x10
4835,US-NC4,2019-08-29,US-NC4,Wetland/Riparian,35.7879,-75.9038,5.2,4.8,6.065739456361736,28.09854081250002,0.7512076979166666,2.6622711666666667,-0.8452490573530634,-0.5343725582809785,5.2,-0.17337807640115985,0.41070553328514264,1.19184193065725,0.3824733147114002,0.41155970289498295,1.5382580802719399,5.0266219235988405,True,5.0266219235988405,True,5.0266219235988405,True,5.0266219235988405,True,5.0266219235988405,True,5.2,5.283574835185705,0.0,-0.27040529742006786,-0.526882281239539,0.27715334945612724,2,vpd_x10
4836,US-NC4,2019-09-22,US-NC4,Wetland/Riparian,35.7879,-75.9038,4.3,4.8,3.0212398764285617,26.10254166666667,0.8175025416666665,2.0194341666666675,-0.9886775902323404,-0.1500553983446526,4.3,-0.17246476225381302,0.26997547405011385,1.1306961357206373,-0.0867781866424068,0.41155970289498295,1.5382580802719399,4.127535237746187,True,4.127535237746187,True,4.127535237746187,True,4.3,False,4.3,False,4.3,4.089179818590194,0.0,-0.2353809770871146,-0.40542662197631585,0.12341331230199135,2,vpd_x10
4837,US-NC4,2019-10-24,US-NC4,Wetland/Riparian,35.7879,-75.9038,2.7,3.1000001,1.7520784359527355,21.27008333333333,0.7036552916666666,2.23268875,-0.9209712877166346,0.3896304495307877,2.7,0.14234310040860085,0.18081387478271513,1.0107614586181737,0.025436629008504283,0.41155970289498295,1.5382580802719399,2.842343100408601,True,2.842343100408601,True,2.842343100408601,True,2.842343100408601,True,2.842343100408601,True,2.7,2.8955700649768734,0.0,0.04690625763206682,0.35087978597906433,0.029243257614671447,2,vpd_x10
4838,US-NC4,2019-11-01,US-NC4,Wetland/Riparian,35.7879,-75.9038,1.4,2.4,3.2411052467850863,16.614458333333335,0.5526399583333335,4.015864843750001,-0.858763958275803,0.5123714121284235,1.4,0.38131367398566324,0.0857464681900929,0.9710145907862264,0.017021281479403287,0.41155970289498295,1.5382580802719399,1.7813136739856632,True,1.7813136739856632,True,1.7813136739856632,True,1.7813136739856632,True,1.7813136739856632,True,1.4,1.8151995463379136,0.0,0.3158340918867747,0.47837123126801395,0.349735698802201,2,vpd_x10
4839,US-NC4,2019-11-09,US-NC4,Wetland/Riparian,35.7879,-75.9038,1.2,1.6,1.3923272740901154,10.800958333333329,0.4171825624999999,2.8278813125000006,-0.780295851070776,0.6254105729852457,1.2,-0.14794955255847275,0.21403457135690898,0.8003005311010292,-0.014168752588794098,0.41155970289498295,1.5382580802719399,1.0520504474415273,True,1.0520504474415273,True,1.0520504474415273,True,1.2,False,1.2,False,1.2,1.0727829878257025,0.0,-0.06109998878044953,-0.39175812293749934,0.009009454042530646,2,vpd_x10
4840,US-NC4,2019-12-03,US-NC4,Wetland/Riparian,35.7879,-75.9038,1.1,2.1000001,0.6797899532757663,9.614533104166666,0.4149347895833333,3.4240711666666663,-0.4635502709028512,0.8860706215341377,1.1,0.1303499005705824,0.3095325324010586,0.7472151198237875,-0.014553087326811714,0.41155970289498295,1.5382580802719399,1.2303499005705825,True,1.2303499005705825,True,1.2303499005705825,True,1.1,False,1.1,False,1.1,1.2253523023385275,0.0,0.01110218712675451,-0.10182304828190743,0.4817705628669001,2,vpd_x10
5068,US-NR1,2019-01-05,US-NR1,Evergreen Forests,40.0329,-105.5464,1.4,1.7,0.3046588401262119,0.4435069444444445,0.4364444444444446,2.4435833333333337,0.0859647987374464,0.9962981749346078,1.4,-1.258788262211594,0.29650522068004925,3.9788551409320347,-0.08512645885828247,0.38899498834158514,1.2595993455778278,0.1412117377884059,True,0.1412117377884059,True,1.4,False,1.4,False,1.4,False,1.4,0.23044348192606323,0.0,-1.2578155972181482,-1.5557786188507097,-0.9627705705659242,1,vpd_x10
5069,US-NR1,2019-04-27,US-NR1,Evergreen Forests,40.0329,-105.5464,4.6,3.5,5.156309028531952,3.4036597222222227,0.3325659722222222,8.910416666666666,0.9033558023246844,-0.4288919379124835,4.6,-2.4371057241195047,0.8211526404595323,3.320069663452916,-1.2972011995678103,0.38899498834158514,1.2595993455778278,2.162894275880495,True,4.6,False,4.6,False,4.6,False,4.6,False,4.6,1.8412816799864693,0.0,-1.522417205361348,-2.678116111502844,-3.110783855494322,1,vpd_x10
5070,US-NR1,2019-06-30,US-NR1,Evergreen Forests,40.0329,-105.5464,4.2,5.0,2.805414776616922,12.384166666666664,0.5934388888888887,3.7727083333333336,0.025818440227133,-0.9996666485105112,4.2,-2.4728219834896543,1.1805753302656232,3.9777187757393286,-1.21364919619158,0.38899498834158514,1.2595993455778278,1.7271780165103459,True,4.2,False,4.2,False,4.2,False,4.2,False,4.2,2.2802037723367636,0.0,-3.4976078543486833,-2.7389652062426366,-1.1818928898776428,1,vpd_x10
5071,US-NR1,2019-07-01,US-NR1,Evergreen Forests,40.0329,-105.5464,4.7,4.7000003,4.744873027993808,11.841874999999996,0.4378208333333333,2.830833333333332,0.0086069968886886,-0.9999629591162656,4.7,-2.7420837902263018,1.6106619062032208,2.886350409708539,-1.2902233639717828,0.38899498834158514,1.2595993455778278,1.9579162097736984,True,4.7,False,4.7,False,4.7,False,4.7,False,4.7,2.1923607325510464,0.0,-4.395526921539021,-2.652807907132587,-1.1779165420072972,1,vpd_x10
5072,US-NR1,2019-07-16,US-NR1,Evergreen Forests,40.0329,-105.5464,5.4,5.5,3.9468202318075134,14.593611111111116,0.9017895833333336,3.736875,-0.2470221804809352,-0.9690098257244064,5.4,-4.145233218678287,1.5675089410981597,6.576088337807813,-1.3068106835525009,0.38899498834158514,1.2595993455778278,1.2547667813217132,True,5.4,False,5.4,False,5.4,False,5.4,False,5.4,2.8534813532634438,0.0,-5.875922850029372,-3.738821219843137,-2.8209555861623516,1,vpd_x10
5073,US-NR1,2019-07-17,US-NR1,Evergreen Forests,40.0329,-105.5464,5.4,6.8,3.853993725614338,17.210555555555555,1.3812708333333337,4.347499999999998,-0.2636654927280072,-0.9646141756912436,5.4,-5.568362679578494,1.3073722603035858,11.556287824181815,-1.4281416359820605,0.38899498834158514,1.2595993455778278,-0.16836267957849405,True,5.4,False,5.4,False,5.4,False,5.4,False,5.4,3.3841805594943657,0.0,-6.998902747573641,-4.435494079483482,-5.270691211678358,1,vpd_x10
5074,US-NR1,2019-07-24,US-NR1,Evergreen Forests,40.0329,-105.5464,5.0,5.3,3.6305462622083433,14.494166666666665,0.8268256944444446,3.405333333333333,-0.3777079652039646,-0.92592477719385,5.0,-3.8164007311286254,1.520605958545931,5.776350848187633,-1.2902233639717828,0.38899498834158514,1.2595993455778278,1.1835992688713746,True,5.0,False,5.0,False,5.0,False,5.0,False,5.0,2.5912414265734385,0.0,-5.457922791028556,-3.535358587555452,-2.455920814801867,1,vpd_x10
5075,US-NR1,2019-08-09,US-NR1,Evergreen Forests,40.0329,-105.5464,5.0,4.8,5.347351457251173,13.250138888888891,0.626679861111111,3.016875000000002,-0.6152845999633277,-0.7883050558305253,5.0,-3.3188043182205913,1.689540391703965,4.173961685960342,-1.2902233639717828,0.38899498834158514,1.2595993455778278,1.6811956817794087,True,5.0,False,5.0,False,5.0,False,5.0,False,5.0,2.4662630372836394,0.0,-4.979095372539763,-3.375857723888356,-1.6014598582336557,1,vpd_x10
5076,US-NR1,2019-08-17,US-NR1,Evergreen Forests,40.0329,-105.5464,4.6,5.5,3.4826162403519976,12.573888888888886,0.9099166666666664,3.5004166666666667,-0.7176769136759615,-0.6963762255968726,4.6,-3.766327927733187,1.297026236242654,6.610291969587808,-1.2902233639717828,0.38899498834158514,1.2595993455778278,0.8336720722668125,True,4.6,False,4.6,False,4.6,False,4.6,False,4.6,2.2066522901786403,0.0,-5.073053699908537,-3.7467062149578796,-2.4792238683331447,1,vpd_x10
5077,US-NR1,2019-08-18,US-NR1,Evergreen Forests,40.0329,-105.5464,4.4,6.0,3.4075797106305297,14.183194444444444,1.1028958333333334,2.5033333333333325,-0.7295575540864876,-0.6839194216246105,4.4,-4.857745019124924,1.5820681426804433,8.416529473982088,-1.2902233639717828,0.38899498834158514,1.2595993455778278,-0.45774501912492394,True,4.4,False,4.4,False,4.4,False,4.4,False,4.4,2.1740948039059957,0.0,-6.678592670149973,-3.8195519410444616,-4.075090446180338,1,vpd_x10
5078,US-NR1,2019-08-25,US-NR1,Evergreen Forests,40.0329,-105.5464,5.4,6.7000003,3.0263117134996684,16.470000000000002,1.3558819444444443,4.14,-0.8064799463209447,-0.5912614448635782,5.4,-5.54381622052928,1.0519980798615771,11.335053169788656,-1.4281416359820605,0.38899498834158514,1.2595993455778278,-0.14381622052927945,True,5.4,False,5.4,False,5.4,False,5.4,False,5.4,3.087146904286265,0.0,-6.757093275707859,-4.988840547732789,-4.885514838147191,1,vpd_x10
5079,US-NR1,2019-09-02,US-NR1,Evergreen Forests,40.0329,-105.5464,4.6,5.4,1.95999574535495,16.221041666666668,1.4950486111111108,3.5758333333333336,-0.8800122039735356,-0.4749510720670502,4.6,-5.833749060069813,1.1404825559851997,12.817591622256018,-1.2902233639717828,0.38899498834158514,1.2595993455778278,-1.2337490600698136,True,4.6,False,4.6,False,4.6,False,4.6,False,4.6,2.529066187363298,0.0,-7.147183673779102,-5.09416078640965,-5.259902720020685,1,vpd_x10
5080,US-NR1,2019-09-03,US-NR1,Evergreen Forests,40.0329,-105.5464,3.6,4.7000003,1.7170710030303782,13.6725,0.7613999999999997,2.325791666666667,-0.888057322629493,-0.4597327394521046,3.6,-3.357859550146461,1.1999198049027158,5.016612115162166,-1.1094486210789805,0.38899498834158514,1.2595993455778278,0.24214044985353889,True,3.6,False,3.6,False,3.6,False,3.6,False,3.6,1.6168126771992264,0.0,-4.56011320623896,-3.353178149618049,-2.160287294582375,1,vpd_x10
5081,US-NR1,2019-09-19,US-NR1,Evergreen Forests,40.0329,-105.5464,3.3,3.8,1.568055663065652,10.156388888888891,0.7017611111111112,2.471625,-0.97961369164549,-0.2008905551306352,3.3,-2.821863272611665,1.2494118343024194,4.831413237082153,-1.116426456675008,0.38899498834158514,1.2595993455778278,0.478136727388335,True,3.3,False,3.3,False,3.3,False,3.3,False,3.3,1.410298552727088,0.0,-3.7804366508029386,-3.276323198322295,-1.408829968709761,1,vpd_x10
5082,US-NR1,2019-09-26,US-NR1,Evergreen Forests,40.0329,-105.5464,2.8,4.7000003,1.1422773417209489,12.005694444444444,0.9182083333333332,6.356249999999998,-0.99665890175417,-0.0816763953304228,2.8,-1.6172633823621902,1.5724499217988792,7.267035827642294,-0.03556311905824124,0.38899498834158514,1.2595993455778278,1.1827366176378096,True,2.8,False,2.8,False,2.8,False,2.8,False,2.8,1.3100958148018493,0.0,-0.69625929733456,-3.4329083557460724,-0.7226224940059386,1,vpd_x10
5083,US-NR1,2019-10-04,US-NR1,Evergreen Forests,40.0329,-105.5464,2.7,4.2000003,2.1372653834105124,8.248451388888887,0.7846388888888886,3.8977083333333336,-0.9984354211555644,0.055916990100603,2.7,-2.131646716111623,1.1466376421598121,5.822252192076555,-1.116426456675008,0.38899498834158514,1.2595993455778278,0.5683532838883774,True,2.7,False,2.7,False,2.7,False,2.7,False,2.7,1.073322030601506,0.0,-1.709708205410097,-3.429470976653072,-1.255760966271699,1,vpd_x10
5084,US-NR1,2019-10-05,US-NR1,Evergreen Forests,40.0329,-105.5464,2.7,3.4,0.2687718603659195,2.916125,0.6099166666666668,9.6425,-0.9973249731081556,0.0730951298980777,2.7,-2.2569392136272026,1.9527682258454524,6.259501674100134,-1.116426456675008,0.38899498834158514,1.2595993455778278,0.44306078637279755,True,2.7,False,2.7,False,2.7,False,2.7,False,2.7,0.38791346937173365,0.0,-0.3768299525340224,-4.275045614097361,-2.1189420742502247,1,vpd_x10
5085,US-NR1,2019-10-12,US-NR1,Evergreen Forests,40.0329,-105.5464,2.9,3.1000001,0.8004140725679892,1.2503194444444443,0.5261527777777777,8.449583333333331,-0.9813064702716092,0.1924515819708299,2.9,-2.551344263220306,1.6126568842393958,5.324391076314236,-1.116426456675008,0.38899498834158514,1.2595993455778278,0.3486557367796941,True,2.9,False,2.9,False,2.9,False,2.9,False,2.9,0.25081018766164487,0.0,-1.0522501407132236,-4.257552097780277,-2.3442305511674166,1,vpd_x10
5086,US-NR1,2019-11-13,US-NR1,Evergreen Forests,40.0329,-105.5464,0.8,2.0,0.3568879584775779,-1.5890972222222224,0.2726493055555554,7.110416666666663,-0.7354170229639858,0.6776147890466887,0.8,-1.3020029532510295,0.9184122588036773,2.7969269784560797,0.057704021312663285,0.38899498834158514,1.2595993455778278,-0.5020029532510295,True,0.8,False,0.8,False,-0.5020029532510295,True,0.8,False,0.8,-0.5020029532510295,0.0,-0.37659372093996907,-1.3161605911690926,-2.213254547644027,1,vpd_x10
5240,US-Ro4,2019-03-25,US-Ro1,Grasslands,44.6781,-93.0723,1.3,1.8000001,0.7630801996164767,0.852964764583333,0.2769822134395834,1.11868875625,0.9922222094179324,0.1244792638867891,1.3,-0.4166837853114358,0.2630837619988784,0.6306462651478608,-0.049106559563532465,0.6451243391209496,1.8896185867320612,0.8833162146885642,True,0.8833162146885642,True,0.8833162146885642,True,1.3,False,1.3,False,1.3,0.8833162146885642,0.0,-0.24673258289621874,-0.2835985981464004,-0.719720174891688,5,vpd_x10
5241,US-Ro4,2019-04-03,US-Ro1,Grasslands,44.6781,-93.0723,1.3,2.8,0.4528885613816549,2.2659057020833333,0.3706637961020833,1.3782233083333333,0.9995462806873572,-0.0301203048469081,1.3,-0.34096889091791094,0.30680759312911055,0.6173358215084178,-0.049106559563532465,0.6451243391209496,1.8896185867320612,0.9590311090820891,True,0.9590311090820891,True,0.9590311090820891,True,1.3,False,1.3,False,1.3,0.9590311090820891,0.0,-0.021419849546226943,-0.3682775412049738,-0.6332092820025321,5,vpd_x10
5242,US-Ro4,2019-04-26,US-Ro1,Grasslands,44.6781,-93.0723,2.5,4.4,1.5463980313824286,9.926893979166662,0.7496101072291665,3.2320439708333337,0.9106046300942164,-0.4132786077829042,2.5,-0.4244107825493894,0.39899136529907303,1.1409049931047022,-0.07612029760203066,0.6451243391209496,1.8896185867320612,2.0755892174506108,True,2.0755892174506108,True,2.0755892174506108,True,2.5,False,2.5,False,2.5,2.1429342704821597,0.0,-0.4893235386991871,-0.7869656196950157,0.0030568107460345884,5,vpd_x10
5243,US-Ro4,2019-05-05,US-Ro1,Grasslands,44.6781,-93.0723,2.1,3.7,0.6010225215172583,12.568068541666662,0.7052613692541668,1.5736621708333332,0.835925479418637,-0.548842958284719,2.1,-0.384107176231309,0.518757931646745,1.0193340243940927,1.7404851156580377,0.6451243391209496,1.8896185867320612,1.715892823768691,True,1.715892823768691,True,1.715892823768691,True,1.715892823768691,True,1.715892823768691,True,2.1,1.7500355005630168,0.0,0.13631128136596768,-0.387444329104084,-0.9011884809558108,5,vpd_x10
5244,US-Ro4,2019-06-05,US-Ro1,Grasslands,44.6781,-93.0723,2.0,4.9,2.531227401629253,22.20344479166666,0.8301565646270835,1.425437045833334,0.440518784350495,-0.8977433935342337,2.0,-1.0280395124186157,0.7399393977181061,1.1456415598056757,-1.370148284632293,0.6451243391209496,1.8896185867320612,0.9719604875813843,True,2.0,False,0.9719604875813843,True,2.0,False,2.0,False,2.0,1.0693102383534088,0.0,-0.38780724290750257,-0.8581686135672402,-1.838142680781104,5,vpd_x10
5245,US-Ro4,2019-08-24,US-Ro1,Grasslands,44.6781,-93.0723,3.3,4.3,2.8026793285603184,18.034451875,0.5442275136229168,1.7623377041666677,-0.7961828637826154,-0.6050560696488494,3.3,-0.9243381473804654,0.3784445391908284,0.7307736247222392,-0.2014326987015083,0.6451243391209496,1.8896185867320612,2.3756618526195346,True,2.3756618526195346,True,2.3756618526195346,True,3.3,False,3.3,False,3.3,2.487276016681413,0.0,-1.080440481514896,-0.49281234868928836,-1.1997616119372116,5,vpd_x10
5246,US-Ro4,2019-09-25,US-Ro1,Grasslands,44.6781,-93.0723,1.8,2.6000001,2.155197350194575,15.822386833333338,0.6171769833833333,2.5051906187500004,-0.9951053111006974,-0.0988201387328721,1.8,-0.26051815131929407,0.29465772914407623,1.0409998241985714,0.006717766995324121,0.6451243391209496,1.8896185867320612,1.539481848680706,True,1.539481848680706,True,1.539481848680706,True,1.539481848680706,True,1.539481848680706,True,1.8,1.6589953611025567,0.0,-0.5961288377447754,-0.14116152028868184,-0.044264095924424984,5,vpd_x10
5247,US-Ro4,2019-11-12,US-Ro1,Grasslands,44.6781,-93.0723,0.4,0.8,0.4488723360308261,-11.8225448125,0.1006959807,2.202526189583333,-0.7469720876965551,0.6648553979642867,0.4,-0.39516357582382056,0.2548108805002486,0.7030846396979658,-0.049106559563532465,0.6451243391209496,1.8896185867320612,0.004836424176179466,True,0.004836424176179466,True,0.004836424176179466,True,0.4,False,0.4,False,0.4,0.19245919736092496,0.0,-0.14028614894223446,-0.3952967207651239,-0.6499078577641033,5,vpd_x10
5248,US-Ro4,2020-03-20,US-Ro1,Grasslands,44.6781,-93.0723,0.5,1.9,1.7684507962758294,-2.941492085979167,0.2164843842916666,2.984569518749999,0.9813064702716092,0.1924515819708299,0.5,0.1313905490405542,0.26192177391849886,0.5611463834371985,-0.05739680489066085,0.6451243391209496,1.8896185867320612,0.6313905490405542,True,0.6313905490405542,True,0.6313905490405542,True,0.5,False,0.5,False,0.5,0.6313905490405542,0.0,0.3375163780351894,0.21999693990684718,-0.16334167082037404,5,vpd_x10
5249,US-Ro4,2020-04-04,US-Ro1,Grasslands,44.6781,-93.0723,1.7,2.3,1.5602023426661529,-1.4681451208333327,0.20121736930625,1.2610528,0.9979171608653922,-0.0645084494493162,1.7,-0.7569482907057674,0.3723916117221541,0.6512469554229176,-0.23780591785036143,0.6451243391209496,1.8896185867320612,0.9430517092942325,True,0.9430517092942325,True,0.9430517092942325,True,1.7,False,1.7,False,1.7,0.9430517092942325,0.0,-0.5725327953677574,-0.512750470212694,-1.185561606536851,5,vpd_x10
5250,US-Ro4,2020-04-05,US-Ro1,Grasslands,44.6781,-93.0723,1.1,3.2,0.7233982032483762,4.209333591666666,0.4320576078937501,1.6139322229166668,0.9966589017541702,-0.0816763953304224,1.1,-0.14263253099937892,0.4101578821788229,0.7571276929187944,-0.1933632411318965,0.6451243391209496,1.8896185867320612,0.9573674690006212,True,0.9573674690006212,True,0.9573674690006212,True,1.1,False,1.1,False,1.1,0.9645151044768703,0.0,0.3189549711712142,-0.28159915268735797,-0.465253411481993,5,vpd_x10
5251,US-Ro4,2020-04-21,US-Ro1,Grasslands,44.6781,-93.0723,1.1,2.9,0.4718352312722417,4.052242563541667,0.5003357213520835,2.257566704166667,0.9368813462954316,-0.3496474552512284,1.1,-0.036409025375584485,0.4572533629870278,0.8925972017745201,1.7286012384413965,0.6451243391209496,1.8896185867320612,1.0635909746244157,True,1.0635909746244157,True,1.0635909746244157,True,1.0635909746244157,True,1.0635909746244157,True,1.1,1.1963042041218026,0.0,0.48838235998367874,-0.2485440042473562,-0.349065431863076,5,vpd_x10
5252,US-Ro4,2020-05-15,US-Ro1,Grasslands,44.6781,-93.0723,3.2,4.7000003,0.4501674313085945,13.729280812499995,0.774412540804167,1.6091841,0.717676913675962,-0.6963762255968722,3.2,-0.6530480307832378,0.5905178008367038,1.0523047627649806,-1.4323154721934144,0.6451243391209496,1.8896185867320612,2.5469519692167624,True,2.5469519692167624,True,2.5469519692167624,True,3.2,False,3.2,False,3.2,2.3529637767916722,0.0,0.006495715035701899,-0.8329439262368178,-1.1326958811485974,5,vpd_x10
5253,US-Ro4,2020-05-31,US-Ro1,Grasslands,44.6781,-93.0723,2.8,5.3,1.6799612294898638,16.89612329166667,1.1273229239708331,1.61193491875,0.5012418134457758,-0.865307254363206,2.8,-0.7186534710854483,0.6236110191411384,1.5341445883253193,-1.3893773511902523,0.6451243391209496,1.8896185867320612,2.0813465289145516,True,2.0813465289145516,True,2.0813465289145516,True,2.8,False,2.8,False,2.8,1.756385928379446,0.0,-0.03812649884059019,-0.8550714685904356,-1.2627624458253195,5,vpd_x10
5254,US-Ro4,2020-06-07,US-Ro1,Grasslands,44.6781,-93.0723,4.7,7.1,4.099247234635499,23.252175,1.0580588638416668,4.201330250000002,0.3935902766564667,-0.9192859697186104,4.7,0.2485032395930845,0.08454557997116689,1.5046973831419082,0.11071745291828514,0.6451243391209496,1.8896185867320612,4.948503239593085,True,4.948503239593085,True,4.948503239593085,True,4.948503239593085,True,4.948503239593085,True,4.7,4.677675571008324,0.0,0.19228519118152723,0.2074920542559384,0.3457324733417879,5,vpd_x10
5255,US-Ro4,2020-06-08,US-Ro1,Grasslands,44.6781,-93.0723,4.5,8.1,4.90081988980565,28.11311104166667,1.914831580989583,3.638913820833333,0.3777079652039649,-0.9259247771938498,4.5,0.2163537270525494,0.04550535929131421,2.448411911988055,-12.669363284071576,0.6451243391209496,1.8896185867320612,4.7163537270525495,True,4.7163537270525495,True,4.5,False,4.5,False,4.5,False,4.5,3.8350010729851673,0.0,0.26187650948356467,0.21631886073715426,0.1708658109369293,5,vpd_x10
5256,US-Ro4,2020-06-16,US-Ro1,Grasslands,44.6781,-93.0723,4.6,7.3,5.259788743495305,25.38197229166667,1.7575085353666664,3.4084443541666656,0.2470221804809355,-0.9690098257244062,4.6,0.25320834436516065,0.10311645341247873,2.2083326682836733,-12.66050079330447,0.6451243391209496,1.8896185867320612,4.85320834436516,True,4.85320834436516,True,4.6,False,4.6,False,4.6,False,4.6,4.35606959393409,0.0,0.15457209863876772,0.3602860658775848,0.2447668685791293,5,vpd_x10
6366,US-Sne,2019-03-08,US-Sne,Wetland/Riparian,38.0369,-121.7547,3.2,2.8,4.5697110303984365,13.490286958333336,0.4840489229166667,5.2932073750000015,0.9141279881853336,0.4054257283599973,3.2,-0.46557144963942293,0.20797534688552716,1.1455593639588793,0.03959193701021836,0.47872741416210024,1.4679653119049538,2.7344285503605774,True,2.7344285503605774,True,2.7344285503605774,True,2.7344285503605774,True,2.7344285503605774,True,3.2,2.850722399695562,0.0,-0.5434533002567394,-0.2298957843368534,-0.6233652643246758,8,vpd_x10
6367,US-Sne,2019-03-16,US-Sne,Wetland/Riparian,38.0369,-121.7547,3.6,3.1000001,2.2407551501084133,16.7047893125,0.6072588395833333,0.9500157916666668,0.9611297838723007,0.2760969730974688,3.6,-0.32935802951232074,0.3869037778989134,0.9271195790219465,-0.07676084096404778,0.47872741416210024,1.4679653119049538,3.2706419704876795,True,3.2706419704876795,True,3.2706419704876795,True,3.6,False,3.6,False,3.6,3.299543838787991,0.0,-0.18454656379035062,-0.7677784654919684,-0.03574905925464322,8,vpd_x10
6368,US-Sne,2019-04-09,US-Sne,Wetland/Riparian,38.0369,-121.7547,5.7,5.1,5.860658147685804,18.809345354166663,0.6340029979166669,5.5759659999999975,0.9911140639934548,-0.1330147065341959,5.7,-0.8710599870018031,0.33078847337473216,1.143495521204414,-0.2905009032043953,0.47872741416210024,1.4679653119049538,4.828940012998197,True,4.828940012998197,True,4.828940012998197,True,5.7,False,5.7,False,5.7,4.949889669779909,0.0,-0.5206731260897912,-0.9145613528041032,-1.1779454821115145,8,vpd_x10
6369,US-Sne,2019-04-17,US-Sne,Wetland/Riparian,38.0369,-121.7547,5.7,5.0,4.452488575990203,20.165814020833334,0.6907032750000001,2.8157290625000013,0.9634705485641488,-0.2678143051621742,5.7,-0.07940758281044158,0.40973056198186814,1.1038353894034258,0.2423681192383899,0.47872741416210024,1.4679653119049538,5.620592417189559,True,5.620592417189559,True,5.620592417189559,True,5.620592417189559,True,5.620592417189559,True,5.7,5.23290843447354,0.0,0.3927815676303567,-0.3411378377853418,-0.28986647827633966,8,vpd_x10
6370,US-Sne,2019-04-25,US-Sne,Wetland/Riparian,38.0369,-121.7547,6.1,5.7000003,6.6775310409894475,23.08297185416666,0.7761299187500001,4.443385145833333,0.9175836260593936,-0.3975428142825559,6.1,-0.27977086677691104,0.638806869437389,1.3107138575524933,-12.964004021751427,0.47872741416210024,1.4679653119049538,5.820229133223089,True,6.1,False,5.820229133223089,True,6.1,False,6.1,False,6.1,5.442943671477727,0.0,0.45553317413139344,-0.6981199483720817,-0.596725826090045,8,vpd_x10
6371,US-Sne,2019-05-03,US-Sne,Wetland/Riparian,38.0369,-121.7547,6.2,5.9,5.7340291294269,20.654132416666663,0.8483858354166668,3.621178708333333,0.854322169749827,-0.5197438121555155,6.2,0.34871065120764994,0.4333156572888053,1.2840766427779773,1.5014500729459765,0.47872741416210024,1.4679653119049538,6.54871065120765,True,6.54871065120765,True,6.54871065120765,True,6.54871065120765,True,6.54871065120765,True,6.2,5.9185593957701625,0.0,0.8358370458533748,0.006186019066862225,0.20410888870271277,8,vpd_x10
6372,US-Sne,2019-05-11,US-Sne,Wetland/Riparian,38.0369,-121.7547,6.3,5.9,5.660057627799969,19.833542520833333,0.50303596875,5.5301680625,0.7748840413670407,-0.6321034111873487,6.3,-0.867947166283708,0.2805992817397141,0.976715427680135,-0.4701509657189256,0.47872741416210024,1.4679653119049538,5.432052833716292,True,5.432052833716292,True,5.432052833716292,True,6.3,False,6.3,False,6.3,5.437994789940253,0.0,-0.5451115930336835,-1.0055143471283747,-1.0532155586890661,8,vpd_x10
6373,US-Sne,2019-05-27,US-Sne,Wetland/Riparian,38.0369,-121.7547,5.3,4.7000003,4.093398815602477,18.4788208125,0.5128749770833331,2.1523707083333337,0.5737722679043246,-0.8190148866680801,5.3,-0.4841733506625969,0.19025058228463415,0.7953432262646728,-0.21011072609675735,0.47872741416210024,1.4679653119049538,4.815826649337403,True,4.815826649337403,True,4.815826649337403,True,5.3,False,5.3,False,5.3,4.649113618094259,0.0,-0.5959281560722463,-0.2645020785348573,-0.5920898173806872,8,vpd_x10
6374,US-Sne,2019-06-04,US-Sne,Wetland/Riparian,38.0369,-121.7547,7.6,7.5,6.41792242783096,27.446678499999997,1.0399212145833334,3.978942333333332,0.4559066935084588,-0.8900275764346767,7.6,1.0783704152905782,0.44753744170717813,1.5227487487834341,3.135789163775486,0.47872741416210024,1.4679653119049538,8.678370415290578,True,8.678370415290578,True,7.6,False,8.678370415290578,True,7.6,False,7.6,7.81700197115895,0.0,1.3700002192218068,0.563091300140411,1.3020197265095166,8,vpd_x10
6375,US-Sne,2019-06-12,US-Sne,Wetland/Riparian,38.0369,-121.7547,8.5,8.400001,9.962814422752,30.08651133333333,1.7417068249999996,4.014350020833333,0.3294084822245304,-0.9441875088341992,8.5,1.6431044022476293,0.3898594372183159,2.482105578486884,-7.611500355644956,0.47872741416210024,1.4679653119049538,10.14310440224763,True,10.14310440224763,True,8.5,False,8.5,False,8.5,False,8.5,8.913711293486687,0.0,1.778889322869274,1.2035101497874925,1.9469137340861216,8,vpd_x10
6376,US-Sne,2019-06-20,US-Sne,Wetland/Riparian,38.0369,-121.7547,7.3,6.6,6.648121881169312,22.470927354166665,0.6450092395833332,6.758211177083336,0.1966728897935764,-0.980469160361632,7.3,-0.8871546598386323,0.07867544020699305,1.254662955695609,-0.4870232215113384,0.47872741416210024,1.4679653119049538,6.412845340161367,True,6.412845340161367,True,6.412845340161367,True,7.3,False,7.3,False,7.3,6.4675583651197615,0.0,-0.8262897850915358,-0.8591796905048172,-0.9759945039195437,8,vpd_x10
6377,US-Sne,2019-07-06,US-Sne,Wetland/Riparian,38.0369,-121.7547,7.2,7.8,6.870982291002032,25.0579429375,1.0541913541666663,4.1888117083333345,-0.0773864792334632,-0.9970011699250152,7.2,0.9076869812970628,0.4381516482261924,1.4451949569965015,3.135789163775486,0.47872741416210024,1.4679653119049538,8.107686981297062,True,8.107686981297062,True,8.107686981297062,True,8.107686981297062,True,8.107686981297062,True,7.2,7.679059786431587,0.0,1.1615021005728534,0.4017539861491068,1.159804857169228,8,vpd_x10
6378,US-Sne,2019-07-14,US-Sne,Wetland/Riparian,38.0369,-121.7547,7.1,8.3,7.178970700960348,27.35746977083333,1.3893775562499997,4.713123437499998,-0.2135209154397959,-0.9769384927771816,7.1,0.7951047433917006,0.6060786351934124,1.966435093251728,-21.312567880427405,0.47872741416210024,1.4679653119049538,7.8951047433917,True,7.1,False,7.1,False,7.1,False,7.1,False,7.1,7.099405750784342,0.0,0.9725869425800384,0.12009888810573427,1.292628399489329,8,vpd_x10
6379,US-Sne,2019-07-22,US-Sne,Wetland/Riparian,38.0369,-121.7547,6.8,8.5,5.4091126533089895,27.453946125000005,1.2230727749999997,4.464420916666667,-0.3456123126707333,-0.9383773917408642,6.8,0.7543251802326553,0.6194036041675436,1.7290402200256962,-21.312567880427405,0.47872741416210024,1.4679653119049538,7.554325180232655,True,6.8,False,6.8,False,6.8,False,6.8,False,6.8,6.859705727314472,0.0,1.0071804555221688,0.04849355384218648,1.2073015313336106,8,vpd_x10
6380,US-Sne,2019-07-30,US-Sne,Wetland/Riparian,38.0369,-121.7547,6.7,7.4,6.146563402084327,24.042450229166658,0.9477072895833336,4.4068425416666654,-0.4711595076738639,-0.8820480249558535,6.7,0.341462809847227,0.3884464150840788,1.469136612970766,1.2859641545178218,0.47872741416210024,1.4679653119049538,7.041462809847227,True,7.041462809847227,True,6.7,False,7.041462809847227,True,6.7,False,6.7,6.845862327635486,0.0,0.4895450614969244,-0.09924485719925973,0.6340882252440163,8,vpd_x10
6381,US-Sne,2019-08-07,US-Sne,Wetland/Riparian,38.0369,-121.7547,6.9,7.6,6.254381271678147,25.451762625,1.0194187,4.463494666666667,-0.5877852522924734,-0.8090169943749472,6.9,0.36389061879586704,0.43963789878042536,1.6012796145234778,1.8208329304967628,0.47872741416210024,1.4679653119049538,7.263890618795868,True,7.263890618795868,True,6.9,False,7.263890618795868,True,6.9,False,6.9,6.982303056737591,0.0,0.5278584902840289,-0.1341670903151479,0.6979804564187202,8,vpd_x10
6382,US-Sne,2019-08-15,US-Sne,Wetland/Riparian,38.0369,-121.7547,7.4,9.5,6.849029845978714,32.376621229166666,2.103637264583333,2.481630166666666,-0.6932812268869771,-0.7206671495538615,7.4,1.9343398142812884,0.9692691094787004,2.922392252970469,-14.722470298383675,0.47872741416210024,1.4679653119049538,9.33433981428129,True,7.4,False,7.4,False,7.4,False,7.4,False,7.4,8.096065457427933,0.0,2.6718705025489307,0.836520995094213,2.294627945200722,8,vpd_x10
6383,US-Sne,2019-08-23,US-Sne,Wetland/Riparian,38.0369,-121.7547,6.5,7.8,6.075373251408607,26.58077208333334,0.8642726062500002,4.817212291666666,-0.7856498550787144,-0.6186714032625032,6.5,-0.09719869183341982,0.43586888293246134,1.4597051242544583,3.2097303694058765,0.47872741416210024,1.4679653119049538,6.40280130816658,True,6.40280130816658,True,6.40280130816658,True,6.40280130816658,True,6.40280130816658,True,6.5,6.130186750641476,0.0,0.2673713724677826,-0.5799802868102113,0.021012838842169285,8,vpd_x10
6384,US-Sne,2019-08-31,US-Sne,Wetland/Riparian,38.0369,-121.7547,6.3,7.7000003,5.4894479810419785,27.922295729166667,1.2990427041666668,3.4087553750000006,-0.8631421280499115,-0.5049610547215202,6.3,0.6042092218776495,0.6575756308386818,1.9382269679093547,-21.28383236724022,0.47872741416210024,1.4679653119049538,6.904209221877649,True,6.3,False,6.3,False,6.3,False,6.3,False,6.3,6.440657075904103,0.0,0.982301965631484,-0.15509158278643448,0.9854172827878991,8,vpd_x10
6385,US-Sne,2019-09-08,US-Sne,Wetland/Riparian,38.0369,-121.7547,5.6,6.5,5.3319081537630035,24.4143555,0.9739815854166668,3.830221916666668,-0.9242907221930934,-0.3816892202666586,5.6,-0.12779143162371956,0.31945207326274494,1.3731983992021288,0.16670041002231867,0.47872741416210024,1.4679653119049538,5.4722085683762804,True,5.4722085683762804,True,5.4722085683762804,True,5.4722085683762804,True,5.4722085683762804,True,5.6,5.367984171470614,0.0,0.10742903584572205,-0.49147711288309526,0.0006737821662144705,8,vpd_x10
6386,US-Sne,2019-09-16,US-Sne,Wetland/Riparian,38.0369,-121.7547,4.0,4.2000003,5.71247443186178,22.956879104166664,0.7497699062500001,4.492602354166668,-0.9679377830240642,-0.2511900638848195,4.0,-0.555780216966117,0.3879973837996835,1.25388914377914,-0.2345875689048641,0.47872741416210024,1.4679653119049538,3.444219783033883,True,3.444219783033883,True,3.444219783033883,True,4.0,False,4.0,False,4.0,3.731817555422732,0.0,-0.12254698966461539,-0.6735348161378829,-0.8712588450958527,8,vpd_x10
6387,US-Sne,2019-09-24,US-Sne,Wetland/Riparian,38.0369,-121.7547,5.8,6.1,6.113646981871527,30.19447864583334,2.214213170833333,1.9042990416666663,-0.9932568492674144,-0.1159345995955006,5.8,0.6010785876518075,0.4783873568963651,2.753791504513732,-6.012732942205707,0.47872741416210024,1.4679653119049538,6.401078587651807,True,6.401078587651807,True,5.8,False,5.8,False,5.8,False,5.8,5.884572650595425,0.0,0.9946531865089319,0.06861474809997364,0.739967828346517,8,vpd_x10
6388,US-Sne,2019-10-02,US-Sne,Wetland/Riparian,38.0369,-121.7547,3.9,4.3,3.4497861480426217,19.33758306250001,0.9428785,1.881413125,-0.9997685019798908,0.0215160974362222,3.9,-0.554508757496372,0.4233531617224986,1.3555115908257012,1.9488327553558222,0.47872741416210024,1.4679653119049538,3.345491242503628,True,3.345491242503628,True,3.345491242503628,True,3.345491242503628,True,3.345491242503628,True,3.9,3.308162712463222,0.0,-0.4787347531804046,-0.17415943322768218,-1.010632086081029,8,vpd_x10
6389,US-Sne,2019-10-10,US-Sne,Wetland/Riparian,38.0369,-121.7547,4.9,4.5,6.719127448564702,19.09747785416666,1.3892174062499996,3.770349166666666,-0.9873494423939864,0.1585593851031347,4.9,-0.7558526362444695,0.5096673891782124,2.143639333796942,-7.515865792334822,0.47872741416210024,1.4679653119049538,4.144147363755531,True,4.9,False,4.9,False,4.9,False,4.9,False,4.9,4.290695403305604,0.0,-0.3780783847803231,-0.5539382665984376,-1.3355412573546481,8,vpd_x10
6390,US-Sne,2019-10-18,US-Sne,Wetland/Riparian,38.0369,-121.7547,2.7,3.8,3.5042572357532897,18.377446104166673,0.5590701083333331,3.3508666875000004,-0.9562348265919058,0.2926003356333479,2.7,-0.4886995851298326,0.4405403432431338,0.9180272586718086,1.625885859416712,0.47872741416210024,1.4679653119049538,2.2113004148701676,True,2.2113004148701676,True,2.2113004148701676,True,2.2113004148701676,True,2.2113004148701676,True,2.7,2.302120604267917,0.0,-0.06996633671082422,-0.4479209634798025,-0.9482114551988712,8,vpd_x10
6391,US-Sne,2019-10-26,US-Sne,Wetland/Riparian,38.0369,-121.7547,3.3,3.8,3.0779236329295,20.002330979166672,0.9351802250000002,1.0578134166666666,-0.9070138128026362,0.4211008707960891,3.3,-0.2438495198126925,0.6403568504311513,1.3757239278758655,-12.8706007518918,0.47872741416210024,1.4679653119049538,3.0561504801873074,True,3.3,False,3.0561504801873074,True,3.3,False,3.3,False,3.3,3.2967933792626694,0.0,-0.07777032420710524,0.2971062120820644,-0.9508844473130367,8,vpd_x10
6392,US-Sne,2019-11-03,US-Sne,Wetland/Riparian,38.0369,-121.7547,2.3,2.6000001,1.9973917624467972,15.36841239583333,0.7836434104166669,0.5647070208333334,-0.8406184056344783,0.5416278206559811,2.3,-0.2044729308266561,0.5477586980411026,1.1552999904867145,-12.839409330591552,0.47872741416210024,1.4679653119049538,2.0955270691733436,True,2.3,False,2.0955270691733436,True,2.3,False,2.3,False,2.3,2.314034089670019,0.0,-0.29960867128157354,0.384621932676073,-0.6984320538744677,8,vpd_x10
6393,US-Sne,2019-11-19,US-Sne,Wetland/Riparian,38.0369,-121.7547,2.3,3.4,4.890980972419055,18.57933875,0.5164386312499999,5.693392958333331,-0.661634618242279,0.749826401204568,2.3,-0.27741758808451994,0.2442679180474697,1.1153767291418737,0.008867346159603037,0.47872741416210024,1.4679653119049538,2.02258241191548,True,2.02258241191548,True,2.02258241191548,True,2.02258241191548,True,2.02258241191548,True,2.3,2.1784260595048313,0.0,-0.014761477029749365,-0.31971957281557395,-0.49777171440823653,8,vpd_x10
7618,US-Var,2019-01-03,US-Var,Grasslands,38.4133,-120.9507,0.1,0.7,0.3990202061405314,7.72469375,0.3212197916666666,1.2143699583333332,0.0516196672232537,0.998666816288476,0.1,0.14198498639554524,0.23150317578624402,0.5741761909416769,0.03560984053183187,0.5466674556620883,1.6040522500501797,0.24198498639554525,True,0.24198498639554525,True,0.24198498639554525,True,0.24198498639554525,True,0.24198498639554525,True,0.1,0.25065333584091726,0.0,0.2700292845475892,-0.12525432160702862,0.2811799962460752,4,vpd_x10
7619,US-Var,2019-01-12,US-Var,Grasslands,38.4133,-120.9507,0.3,1.0,0.7494696661286594,11.997095833333336,0.470455,1.452975,0.2051044998686192,0.9787400799669153,0.3,0.22781481933235556,0.34622789338416043,0.7331025558538365,-0.011725841970729477,0.5466674556620883,1.6040522500501797,0.5278148193323555,True,0.5278148193323555,True,0.5278148193323555,True,0.3,False,0.3,False,0.3,0.46091672876411427,0.0,0.3381651817370096,-0.16013784352265886,0.505417119782716,4,vpd_x10
7620,US-Var,2019-01-27,US-Var,Grasslands,38.4133,-120.9507,0.7,1.5,0.7865084648237849,13.125822916666666,0.5431535416666667,1.271329166666667,0.4482293417404106,0.893918596519257,0.7,0.28788647319009114,0.3357453826306672,0.7813817259092992,-0.011725841970729477,0.5466674556620883,1.6040522500501797,0.9878864731900912,True,0.9878864731900912,True,0.9878864731900912,True,0.7,False,0.7,False,0.7,0.8352145783837349,0.0,0.3991745633542951,-0.08937253220716185,0.5538573884231401,4,vpd_x10
7621,US-Var,2019-03-16,US-Var,Grasslands,38.4133,-120.9507,2.2,2.8,2.4676767929864427,14.091724999999997,0.7738289583333332,1.5148189583333334,0.9611297838723007,0.2760969730974688,2.2,0.1857725245160935,0.21353103173605448,1.0215212887693765,0.09252402682700868,0.5466674556620883,1.6040522500501797,2.385772524516094,True,2.385772524516094,True,2.385772524516094,True,2.385772524516094,True,2.385772524516094,True,2.2,2.1547643475977796,0.0,0.2688599951682028,-0.05681313598911393,0.3452707143691916,4,vpd_x10
7622,US-Var,2019-03-17,US-Var,Grasslands,38.4133,-120.9507,2.8,2.8,2.3847443868576392,15.625416666666672,0.7892110416666668,1.5818737500000004,0.9657399376548548,0.2595117970697999,2.8,0.15659252714362906,0.2185704229948404,1.0603244432438967,0.09252402682700868,0.5466674556620883,1.6040522500501797,2.956592527143629,True,2.956592527143629,True,2.956592527143629,True,2.956592527143629,True,2.956592527143629,True,2.8,2.7335239983180073,0.0,0.3294179808231843,-0.08910469903141152,0.2294642996391144,4,vpd_x10
7623,US-Var,2019-03-24,US-Var,Grasslands,38.4133,-120.9507,1.3,2.7,2.3012784179848302,12.179243749999996,0.5333891874999998,1.0522827083333337,0.989932495087353,0.141540295217043,1.3,0.17561216375472655,0.2490525120708512,0.8080190447785283,0.04512383395896083,0.5466674556620883,1.6040522500501797,1.4756121637547266,True,1.4756121637547266,True,1.4756121637547266,True,1.4756121637547266,True,1.4756121637547266,True,1.3,1.4378641719080136,0.0,0.369462400702844,-0.10527957667878035,0.2626536672401161,4,vpd_x10
7624,US-Var,2019-04-18,US-Var,Grasslands,38.4133,-120.9507,3.9,4.5,3.822410840678351,19.7759375,0.8401712500000001,1.0944489583333332,0.9587178169872964,-0.2843591872810034,3.9,0.4330938741534378,0.4148725262196611,1.105607185972453,-0.2559173577887092,0.5466674556620883,1.6040522500501797,4.3330938741534375,True,4.3330938741534375,True,4.3330938741534375,True,3.9,False,3.9,False,3.9,4.150125270522127,0.0,0.871064433601985,0.04601470755599946,0.38220248130232887,4,vpd_x10
7625,US-Var,2019-04-25,US-Var,Grasslands,38.4133,-120.9507,4.9,5.3,4.42996993405822,23.07222916666667,1.1429314583333332,1.0051556250000002,0.9175836260593936,-0.3975428142825559,4.9,0.8870947444554775,0.6174995379565235,1.498368542361714,-9.523104880367015,0.5466674556620883,1.6040522500501797,5.787094744455478,True,4.9,False,5.787094744455478,True,4.9,False,4.9,False,4.9,5.355245711676491,0.0,1.6001207823500652,0.5295418506217338,0.5316216003946335,4,vpd_x10
7626,US-Var,2019-04-26,US-Var,Grasslands,38.4133,-120.9507,4.4,5.1,4.350735004490739,20.56029166666666,1.0392927083333332,0.9331721666666666,0.9106046300942164,-0.4132786077829042,4.4,0.6926404425800236,0.5819043141893696,1.376544209274358,1.5902212343129503,0.5466674556620883,1.6040522500501797,5.092640442580024,True,4.4,False,5.092640442580024,True,5.092640442580024,True,5.092640442580024,True,4.4,4.805178284392342,0.0,1.358986330364423,0.2846343559847675,0.43430064139088026,4,vpd_x10
7627,US-Var,2019-05-04,US-Var,Grasslands,38.4133,-120.9507,4.0,5.4,3.5146683455950165,17.997687499999994,1.1826565,1.1639056458333332,0.8452490573530633,-0.5343725582809787,4.0,0.5053570414265859,0.6009151202289109,1.469547500163804,-9.512974721589181,0.5466674556620883,1.6040522500501797,4.505357041426586,True,4.0,False,4.505357041426586,True,4.0,False,4.0,False,4.0,4.168780971032508,0.0,1.183390842861212,0.29401787879939073,0.03866240261915466,4,vpd_x10
7628,US-Var,2019-06-04,US-Var,Grasslands,38.4133,-120.9507,4.8,6.5,3.412656492913412,26.534843750000004,1.7480427583333336,1.0302991666666663,0.4559066935084588,-0.8900275764346767,4.8,0.8761112961468315,0.42395649203099733,2.1329593599993526,-8.593907899647862,0.5466674556620883,1.6040522500501797,5.676111296146831,True,5.676111296146831,True,4.8,False,4.8,False,4.8,False,4.8,5.169351872472779,0.0,1.3638813747753868,0.6682730310467444,0.5961794826183633,4,vpd_x10
7629,US-Var,2019-06-05,US-Var,Grasslands,38.4133,-120.9507,3.9,7.0,3.6444241608408654,27.62712500000001,1.980856875,1.1150377083333336,0.440518784350495,-0.8977433935342337,3.9,0.5706211024754407,0.3420407581499856,2.3242860959578997,-8.653277575357627,0.5466674556620883,1.6040522500501797,4.470621102475441,True,4.470621102475441,True,3.9,False,3.9,False,3.9,False,3.9,3.917223253345603,0.0,0.9622880496852952,0.33074637453663075,0.4188288832043963,4,vpd_x10
7630,US-Var,2019-06-12,US-Var,Grasslands,38.4133,-120.9507,3.6,7.6,2.9104370865403233,30.55983333333334,3.132269583333333,1.062418291666667,0.3294084822245304,-0.9441875088341992,3.6,0.4590910869816285,0.3232277790805223,3.019811826581442,-8.648090552759266,0.5466674556620883,1.6040522500501797,4.059091086981629,True,4.059091086981629,True,3.6,False,3.6,False,3.6,False,3.6,3.4060768736256595,0.0,0.8089450173677577,0.17156808405028456,0.3967601595268431,4,vpd_x10
7631,US-Var,2019-06-13,US-Var,Grasslands,38.4133,-120.9507,3.4,6.7000003,1.709466094096015,24.122145833333324,1.538293541666666,1.0778439583333337,0.3131070409358269,-0.9497178427914316,3.4,0.45984555312598374,0.22968511250102205,1.8813999737387732,-8.568090795921876,0.5466674556620883,1.6040522500501797,3.8598455531259837,True,3.8598455531259837,True,3.4,False,3.4,False,3.4,False,3.4,3.5328871558738073,0.0,0.7248446776562485,0.31802671496344054,0.336665266758262,4,vpd_x10
7632,US-Var,2019-06-29,US-Var,Grasslands,38.4133,-120.9507,2.5,6.3,0.5097241528108498,22.8649375,1.9458531250000004,1.287930416666667,0.0430222330045305,-0.99907411510223,2.5,-0.013838035562126446,0.050239507018460326,2.1902526784925778,-8.585264296121217,0.5466674556620883,1.6040522500501797,2.4861619644378736,True,2.4861619644378736,True,2.5,False,2.5,False,2.5,False,2.5,2.297124960432418,0.0,-0.04877678640309979,-0.036474405773808394,0.04373708549052885,4,vpd_x10
7633,US-Var,2019-07-06,US-Var,Grasslands,38.4133,-120.9507,2.1,7.0,0.5076054975877697,25.651625,2.1803325,1.1836614583333336,-0.0773864792334632,-0.9970011699250152,2.1,-0.06644794537416356,0.10271507992816753,2.4094591882263314,-8.599990376286616,0.5466674556620883,1.6040522500501797,2.0335520546258365,True,2.0335520546258365,True,2.1,False,2.1,False,2.1,False,2.1,1.95682514017323,0.0,-0.025779849786816453,-0.18327016418182018,0.009706177846145969,4,vpd_x10
7634,US-Var,2019-07-14,US-Var,Grasslands,38.4133,-120.9507,1.2,7.8,0.3111827454123445,27.07425000000001,2.50465125,1.3566481250000002,-0.2135209154397959,-0.9769384927771816,1.2,-0.16728434896053587,0.058964226418525965,2.7228235477473257,-8.59946011022938,0.5466674556620883,1.6040522500501797,1.0327156510394642,True,1.0327156510394642,True,1.2,False,1.2,False,1.2,False,1.2,1.084780896749243,0.0,-0.1428061206693146,-0.12450171965932964,-0.2345452065529634,4,vpd_x10
7635,US-Var,2019-07-15,US-Var,Grasslands,38.4133,-120.9507,2.3,7.2000003,0.2621159108136844,26.367854166666675,2.2647802083333333,1.4004793749999995,-0.2303056702306119,-0.973118337233262,2.3,-0.1707437957391912,0.13288166914527869,2.411215653427912,-8.599990376286616,0.5466674556620883,1.6040522500501797,2.1292562042608085,True,2.1292562042608085,True,2.3,False,2.3,False,2.3,False,2.3,2.114719639331544,0.0,-0.046490035584479505,-0.3108340666509435,-0.15490728498215064,4,vpd_x10
7636,US-Var,2019-07-22,US-Var,Grasslands,38.4133,-120.9507,2.0,8.0,0.2100747052992674,28.64397916666667,2.66943125,1.3194447916666665,-0.3456123126707333,-0.9383773917408642,2.0,-0.25184948879833424,0.21759608618626003,2.8170865382725463,-8.598820944101343,0.5466674556620883,1.6040522500501797,1.7481505112016658,True,1.7481505112016658,True,2.0,False,2.0,False,2.0,False,2.0,1.7485071461991488,0.0,-0.014363423086551266,-0.4416441449159946,-0.29954089839245684,4,vpd_x10
7637,US-Var,2019-07-23,US-Var,Grasslands,38.4133,-120.9507,1.1,8.1,0.2171111138584169,28.08858333333333,2.7737468749999987,1.2512675000000002,-0.3617137307297674,-0.9322892131745134,1.1,-0.2538565559659385,0.12197804990511713,2.963385935305432,-8.620640735916131,0.5466674556620883,1.6040522500501797,0.8461434440340616,True,0.8461434440340616,True,1.1,False,1.1,False,1.1,False,1.1,0.9419756134451402,0.0,-0.1368458428853867,-0.24446482547782386,-0.3802589995346049,4,vpd_x10
7638,US-Var,2019-07-30,US-Var,Grasslands,38.4133,-120.9507,1.6,7.2000003,0.1994770019438621,23.31341666666667,1.8066902083333332,1.3678281250000002,-0.4711595076738639,-0.8820480249558535,1.6,-0.3384398892931486,0.1528457832980411,2.1760109984739664,-8.599990376286616,0.5466674556620883,1.6040522500501797,1.2615601107068515,True,1.2615601107068515,True,1.6,False,1.6,False,1.6,False,1.6,1.309581074283295,0.0,-0.4683714596825067,-0.17003245999848338,-0.3769157481984557,4,vpd_x10
7639,US-Var,2019-07-31,US-Var,Grasslands,38.4133,-120.9507,2.3,7.3,0.1422652352536888,24.83916666666667,2.138965,1.2815935416666668,-0.4862727071086902,-0.8738071036110807,2.3,-0.30348050621720835,0.12753893730252844,2.3374101017957343,-8.599990376286616,0.5466674556620883,1.6040522500501797,1.9965194937827915,True,1.9965194937827915,True,2.3,False,2.3,False,2.3,False,2.3,1.9882791361252194,0.0,-0.16554884574795742,-0.41713775966037286,-0.32775491324329475,4,vpd_x10
7640,US-Var,2019-08-07,US-Var,Grasslands,38.4133,-120.9507,1.8,7.2000003,0.1164840673666207,25.39164583333334,2.1413783333333334,1.3706306249999998,-0.5877852522924734,-0.8090169943749472,1.8,-0.42381704993477887,0.10276870375871955,2.3696939325639925,-8.599990376286616,0.5466674556620883,1.6040522500501797,1.3761829500652212,True,1.3761829500652212,True,1.8,False,1.8,False,1.8,False,1.8,1.548179184803617,0.0,-0.3099402301330815,-0.45185115382188185,-0.5096597658493733,4,vpd_x10
7641,US-Var,2019-08-08,US-Var,Grasslands,38.4133,-120.9507,2.6,6.6,0.1107718655623621,22.040541666666662,1.5047989583333332,1.4158704166666665,-0.6016240632249227,-0.7987793728863648,2.6,-0.4728173031034055,0.14769609855466026,1.8009208447305731,1.6347751209556238,0.5466674556620883,1.6040522500501797,2.1271826968965946,True,2.1271826968965946,True,2.6,False,2.1271826968965946,True,2.6,False,2.6,2.1076930334099915,0.0,-0.32389684545782005,-0.6192578104699769,-0.4752972533824195,4,vpd_x10
7642,US-Var,2019-08-15,US-Var,Grasslands,38.4133,-120.9507,1.0,7.1,0.047928077390741,31.236395833333336,3.5499625,1.285669375,-0.6932812268869771,-0.7206671495538615,1.0,-0.5702587417861337,0.37354199009186023,2.908554778962208,-8.564374887185961,0.5466674556620883,1.6040522500501797,0.42974125821386633,True,0.42974125821386633,True,1.0,False,1.0,False,1.0,False,1.0,0.9721028935523565,0.0,-0.1453243203663261,-0.7186426357806279,-0.8468092692114468,4,vpd_x10
7643,US-Var,2019-08-16,US-Var,Grasslands,38.4133,-120.9507,1.6,7.3,0.124210680241983,30.472875,3.3295354166666677,1.477630625,-0.7055836101071774,-0.7086266782644601,1.6,-0.5476510150906245,0.38089100374832074,2.778139275127049,-8.564374887185961,0.5466674556620883,1.6040522500501797,1.0523489849093757,True,1.0523489849093757,True,1.6,False,1.6,False,1.6,False,1.6,1.426797154371534,0.0,-0.11091203260733616,-0.7210510431266701,-0.8109899695378675,4,vpd_x10
7644,US-Var,2019-08-23,US-Var,Grasslands,38.4133,-120.9507,1.2,6.8,0.1302108755161512,28.548229166666676,2.444870416666667,1.3716443750000005,-0.7856498550787144,-0.6186714032625032,1.2,-0.6169579593568513,0.21602501525185677,2.6015006876311966,-8.577393844078449,0.5466674556620883,1.6040522500501797,0.5830420406431487,True,0.5830420406431487,True,1.2,False,1.2,False,1.2,False,1.2,1.16141757876961,0.0,-0.3704826592008616,-0.7069653216791547,-0.7734258971905374,4,vpd_x10
7645,US-Var,2019-08-24,US-Var,Grasslands,38.4133,-120.9507,1.8,6.7000003,0.1244210514443617,26.715354166666675,2.1991060416666666,1.3796783333333331,-0.7961828637826154,-0.6050560696488494,1.8,-0.5782006219748588,0.2042387572080853,2.363606390418559,-8.577393844078449,0.5466674556620883,1.6040522500501797,1.2217993780251413,True,1.2217993780251413,True,1.8,False,1.8,False,1.8,False,1.8,1.6157886777901003,0.0,-0.3425182679456827,-0.6887041600399764,-0.7033794379389173,4,vpd_x10
7646,US-Var,2019-08-31,US-Var,Grasslands,38.4133,-120.9507,1.1,6.4,0.0744159457823587,26.755249999999997,2.475731875,1.3079516666666666,-0.8631421280499115,-0.5049610547215202,1.1,-0.5979288016692742,0.20345395121149512,2.621566025462774,-8.577393844078449,0.5466674556620883,1.6040522500501797,0.5020711983307259,True,0.5020711983307259,True,1.1,False,1.1,False,1.1,False,1.1,0.9967255699282508,0.0,-0.41981649379035557,-0.5543180245365806,-0.8196518866808866,4,vpd_x10
7647,US-Var,2019-09-01,US-Var,Grasslands,38.4133,-120.9507,1.0,7.1,0.0880997551352042,28.197666666666667,2.916140625,1.3449162499999998,-0.8717063187093218,-0.4900286664290594,1.0,-0.6330975751629359,0.221028854565062,2.9146704619146497,-8.5874736326284,0.5466674556620883,1.6040522500501797,0.36690242483706415,True,0.36690242483706415,True,1.0,False,1.0,False,1.0,False,1.0,0.9466854458679387,0.0,-0.41441059577754424,-0.628485993288749,-0.8563961364225141,4,vpd_x10
7648,US-Var,2019-09-08,US-Var,Grasslands,38.4133,-120.9507,1.5,4.6,0.0693219535765939,20.35664583333333,1.0689558333333335,1.2540881250000002,-0.9242907221930934,-0.3816892202666586,1.5,-0.4419546952826152,0.2123836309033777,1.3750166909817858,0.026373914348535907,0.5466674556620883,1.6040522500501797,1.0580453047173848,True,1.0580453047173848,True,1.0580453047173848,True,1.0580453047173848,True,1.0580453047173848,True,1.5,1.1067305356705384,0.0,-0.24706505589487315,-0.4104796638278401,-0.6683193661251323,4,vpd_x10
7649,US-Var,2019-09-09,US-Var,Grasslands,38.4133,-120.9507,1.0,5.0,0.0844721175260984,20.84093750000001,1.1759054166666667,1.3408268750000003,-0.9307239310379792,-0.3657225234972692,1.0,-0.43645011293095776,0.15087317800730446,1.4604579915440234,0.1405461316259608,0.5466674556620883,1.6040522500501797,0.5635498870690423,True,0.5635498870690423,True,0.5635498870690423,True,0.5635498870690423,True,0.5635498870690423,True,1.0,0.6391826818962676,0.0,-0.38657455015674036,-0.3168298194122,-0.605945969223933,4,vpd_x10
7650,US-Var,2019-09-24,US-Var,Grasslands,38.4133,-120.9507,0.8,5.8,0.4743772345607801,25.42870833333333,2.3446979166666666,1.1514397916666668,-0.9932568492674144,-0.1159345995955006,0.8,-0.44073830619282867,0.31741697519553413,2.612225543088701,-8.636776037152712,0.5466674556620883,1.6040522500501797,0.3592616938071714,True,0.3592616938071714,True,0.8,False,0.8,False,0.8,False,0.8,0.7457627724339151,0.0,-0.2509839528040251,-0.26404873203252777,-0.807182233741933,4,vpd_x10
7651,US-Var,2019-09-25,US-Var,Grasslands,38.4133,-120.9507,0.4,5.2000003,0.4147244545672596,27.63177083333333,2.5760487500000004,1.2145614583333333,-0.9951053111006974,-0.0988201387328721,0.4,-0.44772569393758516,0.3268972196782387,2.7305768669339106,-8.636776037152712,0.5466674556620883,1.6040522500501797,-0.047725693937585134,True,-0.047725693937585134,True,0.4,False,0.4,False,0.4,False,0.4,0.3809030927487017,0.0,-0.1782024165500681,-0.35362122670239393,-0.8113534385602936,4,vpd_x10
7652,US-Var,2019-10-02,US-Var,Grasslands,38.4133,-120.9507,0.6,2.9,0.2387255522127448,16.718045833333324,1.1728739583333336,1.288204375,-0.9997685019798908,0.0215160974362222,0.6,-0.15668875658777068,0.10875249581165593,1.5110392253993645,0.3509845365794068,0.5466674556620883,1.6040522500501797,0.44331124341222927,True,0.44331124341222927,True,0.44331124341222927,True,0.44331124341222927,True,0.44331124341222927,True,0.6,0.22954110846351533,0.0,-0.2129571810144458,-0.22577853140782372,-0.03133055734104252,4,vpd_x10
7653,US-Var,2019-10-10,US-Var,Grasslands,38.4133,-120.9507,0.5,5.1,0.1628085979566367,15.550599999999998,1.2068093749999995,1.211018958333333,-0.9873494423939864,0.1585593851031347,0.5,-0.11889164988123375,0.15935017130378373,1.5847987821260439,1.6373201408600477,0.5466674556620883,1.6040522500501797,0.38110835011876626,True,0.38110835011876626,True,0.38110835011876626,True,0.38110835011876626,True,0.38110835011876626,True,0.5,0.08660689337800215,0.0,-0.2063871742649675,0.06503769813472346,-0.21532547351345727,4,vpd_x10
7654,US-Var,2019-10-11,US-Var,Grasslands,38.4133,-120.9507,0.3,2.5,0.1653144625132258,18.4176875,1.5974927083333337,1.354515,-0.9844738167520924,0.1755314904214277,0.3,0.09022713712913893,0.1653641718629319,2.0209557872406108,-8.58736556783224,0.5466674556620883,1.6040522500501797,0.3902271371291389,True,0.3902271371291389,True,0.3,False,0.3,False,0.3,False,0.3,0.05858101864423351,0.0,0.2760860101678152,-0.04061890288402753,0.035214304103629135,4,vpd_x10
7655,US-Var,2019-10-18,US-Var,Grasslands,38.4133,-120.9507,0.8,2.7,0.0970723955345522,14.946806249999996,0.8377587499999998,1.1752158333333331,-0.9562348265919058,0.2926003356333479,0.8,-0.16046531179755863,0.040679889084275396,1.0760464258606803,0.007716521721828719,0.5466674556620883,1.6040522500501797,0.6395346882024414,True,0.6395346882024414,True,0.6395346882024414,True,0.6395346882024414,True,0.6395346882024414,True,0.8,0.5009533193762632,0.0,-0.19809536656269416,-0.16599854122505064,-0.11730202760493105,4,vpd_x10
7656,US-Var,2019-10-27,US-Var,Grasslands,38.4133,-120.9507,0.2,5.3,0.1486857590720452,15.51310833333333,1.36410125,1.906729791666666,-0.8996308696522434,0.4366512319560638,0.2,0.003772590971678596,0.07559017583739833,1.7425740962519598,1.6373201408600477,0.5466674556620883,1.6040522500501797,0.2037725909716786,True,0.2037725909716786,True,0.2,False,0.2037725909716786,True,0.2,False,0.2,-0.022103136739052537,0.0,0.02218922015274344,0.06845267540517538,-0.07932412264288304,4,vpd_x10
7657,US-Var,2019-11-11,US-Var,Grasslands,38.4133,-120.9507,0.1,1.7,0.0466100503875316,17.612104166666665,1.1728366666666663,1.2372722916666663,-0.7583058084785625,0.6518989958787125,0.1,0.26637335476500074,0.01577055371566143,1.5010652602873278,0.3556308281948577,0.5466674556620883,1.6040522500501797,0.36637335476500077,True,0.36637335476500077,True,0.36637335476500077,True,0.36637335476500077,True,0.36637335476500077,True,0.1,0.10177058797769704,0.0,0.25771648163678434,0.25682720033585665,0.28457638232236115,4,vpd_x10
7658,US-Var,2019-11-12,US-Var,Grasslands,38.4133,-120.9507,0.6,1.9,0.0576914332866848,18.034541666666673,1.246854791666667,1.2727408333333334,-0.7469720876965551,0.6648553979642867,0.6,0.35824372079811323,0.03629844137104223,1.6064712783790838,1.6419664324754986,0.5466674556620883,1.6040522500501797,0.9582437207981132,True,0.9582437207981132,True,0.6,False,0.9582437207981132,True,0.6,False,0.6,0.6599540505027746,0.0,0.39992896637602543,0.33361532572349994,0.3411868702948141,4,vpd_x10
7659,US-Var,2019-12-06,US-Var,Grasslands,38.4133,-120.9507,0.2,1.2,0.6217833899950987,15.698229166666666,0.6473901666666665,1.9230564583333336,-0.4171936026123169,0.9088176373395028,0.2,0.21053737071683296,0.10185471046012327,0.8830009730308577,-0.02040276380372324,0.5466674556620883,1.6040522500501797,0.41053737071683294,True,0.41053737071683294,True,0.41053737071683294,True,0.2,False,0.2,False,0.2,0.39819783688591026,0.0,0.10083310864926567,0.22867284059966997,0.3021061629015632,4,vpd_x10
7660,US-Var,2020-01-30,US-Var,Grasslands,38.4133,-120.9507,0.3,1.5,0.8099996184766594,12.486868750000005,0.3401116666666666,1.14360125,0.4937755501599772,0.869589389346611,0.3,0.1956957945088403,0.23686533082561398,0.6340111833594697,0.021450196151835455,0.5466674556620883,1.6040522500501797,0.49569579450884027,True,0.49569579450884027,True,0.49569579450884027,True,0.49569579450884027,True,0.49569579450884027,True,0.3,0.49569579450884027,0.0,0.2818540043925147,-0.07218935372222454,0.3774227328562308,4,vpd_x10
7661,US-Var,2020-02-07,US-Var,Grasslands,38.4133,-120.9507,0.7,1.4,0.9672058321076856,11.660097916666665,0.5504647916666666,1.4566114583333334,0.6084768701151261,0.7935716089521474,0.7,0.22779762561440456,0.386341901138855,0.8170673184522294,-0.004732633321376127,0.5466674556620883,1.6040522500501797,0.9277976256144045,True,0.9277976256144045,True,0.9277976256144045,True,0.7,False,0.7,False,0.7,0.7649601004241365,0.0,0.3299831592556379,-0.1993651507940907,0.5527748683816665,4,vpd_x10
7662,US-Var,2020-02-08,US-Var,Grasslands,38.4133,-120.9507,1.5,1.7,1.0611241614041274,11.378560416666666,0.4901820833333334,1.4462772916666669,0.6220467484408675,0.7829801036770629,1.5,0.03433845427517351,0.2738121803020091,0.6714013913849771,0.08578477143755167,0.5466674556620883,1.6040522500501797,1.5343384542751735,True,1.5343384542751735,True,1.5343384542751735,True,1.5343384542751735,True,1.5343384542751735,True,1.5,1.4383643908522938,0.0,0.16844596788146204,-0.28067596710502474,0.21524536204908323,4,vpd_x10
7663,US-Var,2020-02-16,US-Var,Grasslands,38.4133,-120.9507,1.0,2.0,1.2035679983883136,13.3203625,0.6054827083333333,1.2325268749999998,0.7236440382959124,0.6901733882429719,1.0,0.33052615264166757,0.2942951465495149,0.8050030714855583,-0.011725841970729477,0.5466674556620883,1.6040522500501797,1.3305261526416676,True,1.3305261526416676,True,1.3305261526416676,True,1.0,False,1.0,False,1.0,1.1493745752383073,0.0,0.4423407814651303,-0.003288969987832069,0.5525266464477046,4,vpd_x10
7664,US-Var,2020-02-23,US-Var,Grasslands,38.4133,-120.9507,0.7,2.1000001,1.2262422377078923,11.994429166666668,0.3259971458333333,1.112619166666667,0.8013610881746766,0.5981809144059164,0.7,0.18281679361397737,0.18584639178242274,0.5371194491954113,-0.02040276380372324,0.5466674556620883,1.6040522500501797,0.8828167936139774,True,0.8828167936139774,True,0.8828167936139774,True,0.7,False,0.7,False,0.7,0.8828167936139774,0.0,0.369027390808143,-0.0026632388554685554,0.18208622888925768,4,vpd_x10
7665,US-Var,2020-02-24,US-Var,Grasslands,38.4133,-120.9507,1.8,2.8,1.6748458602910634,12.940333333333331,0.7195081875000003,1.5918462500000004,0.8115390590073611,0.5842981736283683,1.8,0.21166654691440456,0.2145886523699608,0.9698009377248452,0.09252402682700868,0.5466674556620883,1.6040522500501797,2.0116665469144044,True,2.0116665469144044,True,2.0116665469144044,True,2.0116665469144044,True,2.0116665469144044,True,1.8,1.7814963136572506,0.0,0.245504846019375,-0.017830863194558566,0.4073256579183972,4,vpd_x10
7666,US-Var,2020-03-02,US-Var,Grasslands,38.4133,-120.9507,1.8,4.5,2.7316330867245484,13.577522916666664,1.0988375,2.6361554166666665,0.8758917051442429,0.4825077417612184,1.8,-0.0189971545009744,0.14001499880234294,1.430472709547613,0.1405461316259608,0.5466674556620883,1.6040522500501797,1.7810028454990257,True,1.7810028454990257,True,1.7810028454990257,True,1.7810028454990257,True,1.7810028454990257,True,1.8,1.5281856558884832,0.0,0.009104945353020893,-0.17093186508965869,0.1048354562337146,4,vpd_x10
7667,US-Var,2020-03-03,US-Var,Grasslands,38.4133,-120.9507,1.4,3.1000001,2.248001839754665,14.472193750000002,0.8851087500000002,1.2397285416666666,0.8840675099433636,0.4673592171580022,1.4,0.4023087783003148,0.21758947111396068,1.1570550883185402,0.0723478298435209,0.5466674556620883,1.6040522500501797,1.8023087783003147,True,1.8023087783003147,True,1.8023087783003147,True,1.8023087783003147,True,1.8023087783003147,True,1.4,1.528960947286113,0.0,0.37468726491252297,0.19984894767758282,0.6323901223108386,4,vpd_x10
7668,US-Var,2020-03-10,US-Var,Grasslands,38.4133,-120.9507,2.0,2.9,2.59282927594879,15.41297083333333,0.7180059375000001,1.279975833333333,0.9338372288229252,0.3576982388331254,2.0,0.24900301270506206,0.16785784248681218,0.9232207992121841,-0.02040276380372324,0.5466674556620883,1.6040522500501797,2.249003012705062,True,2.249003012705062,True,2.249003012705062,True,2.0,False,2.0,False,2.0,2.048699499777805,0.0,0.3375363122509989,0.05541239821792088,0.35406032764626644,4,vpd_x10
7669,US-Var,2020-03-11,US-Var,Grasslands,38.4133,-120.9507,2.1,2.9,2.7353538502802976,16.340145833333334,0.7378987499999999,1.2749970833333333,0.9398560579418954,0.3415707691678556,2.1,0.2405954476308835,0.19759540816975565,0.9496358022083149,0.05741851894300405,0.5466674556620883,1.6040522500501797,2.3405954476308835,True,2.3405954476308835,True,2.3405954476308835,True,2.3405954476308835,True,2.3405954476308835,True,2.1,2.1450583647119843,0.0,0.35577927720602104,0.012435483716062928,0.3535715819705666,4,vpd_x10
7670,US-Var,2020-03-26,US-Var,Grasslands,38.4133,-120.9507,1.5,2.4,2.1318063115103008,8.430591666666666,0.2498590166666668,1.172256875,0.995918996147179,0.0902516100310411,1.5,-0.07369346051192673,0.18661653737311595,0.5165835968836706,-0.02040276380372324,0.5466674556620883,1.6040522500501797,1.4263065394880732,True,1.4263065394880732,True,1.4263065394880732,True,1.5,False,1.5,False,1.5,1.4263065394880732,0.0,0.12246928661414364,-0.24901384300889773,-0.09453582514102607,4,vpd_x10
7671,US-Var,2020-03-27,US-Var,Grasslands,38.4133,-120.9507,2.1,2.8,2.7686782293419103,10.406820833333333,0.4567661458333335,1.5073500208333332,0.9973249731081556,0.0730951298980777,2.1,-0.1861280071865463,0.18119706378978448,0.7244239743504267,-0.02040276380372324,0.5466674556620883,1.6040522500501797,1.9138719928134538,True,1.9138719928134538,True,1.9138719928134538,True,2.1,False,2.1,False,2.1,1.9024124698796456,0.0,-0.044433552794190034,-0.3902958521501147,-0.1236546166153341,4,vpd_x10
7672,US-Var,2020-04-03,US-Var,Grasslands,38.4133,-120.9507,2.9,3.5,2.865737496463152,11.610789583333334,0.6089908333333335,1.2265997916666664,0.9988797155850336,-0.0473213883224318,2.9,-0.12470670486371345,0.3487081260530199,0.8017096257885441,-0.011725841970729477,0.5466674556620883,1.6040522500501797,2.7752932951362865,True,2.7752932951362865,True,2.7752932951362865,True,2.9,False,2.9,False,2.9,2.536776851060726,0.0,0.23155947921411102,-0.4653302942782509,-0.14034929952700045,4,vpd_x10
7673,US-Var,2020-04-19,US-Var,Grasslands,38.4133,-120.9507,3.7,4.0,3.0411123546467222,14.306120833333331,0.41234705625,1.0411910416666663,0.9483615800121716,-0.3171912885891061,3.7,-0.16274394595229402,0.3983396063289986,0.6459654489404156,-0.21620773009890154,0.5466674556620883,1.6040522500501797,3.537256054047706,True,3.537256054047706,True,3.537256054047706,True,3.7,False,3.7,False,3.7,3.5012554297019367,0.0,0.2673419688786449,-0.5190102065735989,-0.23656360016192815,4,vpd_x10
7674,US-Var,2020-04-28,US-Var,Grasslands,38.4133,-120.9507,4.6,5.5,4.417449471698056,22.087229166666663,1.281607875,1.0059152083333334,0.8880573226294932,-0.4597327394521039,4.6,0.8438119270950956,0.6327290389772293,1.6390167004533662,-8.773533553444597,0.5466674556620883,1.6040522500501797,5.443811927095095,True,4.6,False,4.6,False,4.6,False,4.6,False,4.6,5.048304461841463,0.0,1.5666474889817756,0.5744680274592364,0.3903202648442751,4,vpd_x10
7675,US-Var,2020-05-05,US-Var,Grasslands,38.4133,-120.9507,3.5,6.3,3.3122290369285494,19.483500000000006,1.3977033333333333,1.3919870833333334,0.8263541987239096,-0.5631507242749186,3.5,0.46353714737637725,0.38752367566512363,1.7319803464523016,1.6742673398068184,0.5466674556620883,1.6040522500501797,3.9635371473763774,True,3.9635371473763774,True,3.5,False,3.9635371473763774,True,3.5,False,3.5,3.5722117133314635,0.0,0.8730445306277066,0.4149960560683393,0.10257085543308592,4,vpd_x10
7676,US-Var,2020-05-21,US-Var,Grasslands,38.4133,-120.9507,3.3,5.9,2.5322209419588884,20.108208333333337,1.2326027291666668,1.2013597916666665,0.6420547132365637,-0.766658819300159,3.3,0.2805777165463604,0.3851779477785198,1.6217769518248246,1.6768123597112423,0.5466674556620883,1.6040522500501797,3.5805777165463604,True,3.5805777165463604,True,3.3,False,3.5805777165463604,True,3.3,False,3.3,3.25454688179351,0.0,0.6572816078400425,0.2970004889875206,-0.11254894718848206,4,vpd_x10
7677,US-Var,2020-05-22,US-Var,Grasslands,38.4133,-120.9507,2.6,6.2000003,2.50633784647048,18.744770833333337,1.2368993750000004,1.5239943750000002,0.6287628145958344,-0.777597146973627,2.6,-0.03927249982824029,0.20028105930784154,1.603016383133949,1.6565949127704112,0.5466674556620883,1.6040522500501797,2.56072750017176,True,2.56072750017176,True,2.56072750017176,True,2.56072750017176,True,2.56072750017176,True,2.6,2.195181940228963,0.0,0.10400974265958349,0.04629691279316009,-0.26812415493746444,4,vpd_x10
7678,US-Var,2020-05-29,US-Var,Grasslands,38.4133,-120.9507,1.4,6.2000003,1.1571851874455334,21.9113125,1.2627633333333337,1.5553554166666663,0.5307300481619334,-0.8475409228928311,1.4,-0.4026191610117609,0.29222592809248016,1.564556731882951,1.5853646516351534,0.5466674556620883,1.6040522500501797,0.997380838988239,True,0.997380838988239,True,0.997380838988239,True,0.997380838988239,True,0.997380838988239,True,1.4,0.9169220795535287,0.0,-0.3729707345599362,-0.12634764916392813,-0.7085390993114185,4,vpd_x10
7679,US-Var,2020-05-30,US-Var,Grasslands,38.4133,-120.9507,0.2,4.8,0.7937355446513594,20.07508333333334,0.9526864583333337,1.1443512500000004,0.5160623910158528,-0.8565509959010036,0.2,-0.45050957740974046,0.2882642734402352,1.3843564516602633,-0.04807245185377107,0.5466674556620883,1.6040522500501797,-0.25050957740974045,True,-0.25050957740974045,True,-0.25050957740974045,True,0.2,False,0.2,False,0.2,0.27480202200404497,0.0,-0.36309130751507307,-0.21607338000635146,-0.7723640447077968,4,vpd_x10
7680,US-Var,2020-06-06,US-Var,Grasslands,38.4133,-120.9507,1.3,6.2000003,0.4827699106045494,18.126812500000003,1.0644606249999995,2.085952083333333,0.4093559588156213,-0.9123747579707272,1.3,-0.604541216945311,0.09732506529558456,1.303035276788575,-0.11821799715911009,0.5466674556620883,1.6040522500501797,0.695458783054689,True,0.695458783054689,True,0.695458783054689,True,1.3,False,1.3,False,1.3,0.8258359918161695,0.0,-0.6963701062419376,-0.5025218736454475,-0.614731670948548,4,vpd_x10
7681,US-Var,2020-06-07,US-Var,Grasslands,38.4133,-120.9507,1.4,6.0,0.4558105749360734,16.541464583333337,1.0817887083333335,1.398756875,0.3935902766564667,-0.9192859697186104,1.4,-0.4040683596526374,0.2700821940270201,1.467595027216698,0.30110619465765415,0.5466674556620883,1.6040522500501797,0.9959316403473626,True,0.9959316403473626,True,0.9959316403473626,True,0.9959316403473626,True,0.9959316403473626,True,1.4,0.8729324781038356,0.0,-0.7018241099509765,-0.1748753153032865,-0.33550565370364904,4,vpd_x10
7682,US-Var,2020-06-14,US-Var,Grasslands,38.4133,-120.9507,1.7,6.0,0.4455031904596479,20.776041666666668,1.4226729166666665,1.4624710416666669,0.2802306751992158,-0.9599326896597448,1.7,-0.24653998484548934,0.20770120107025256,1.809186591279222,-8.565545776017451,0.5466674556620883,1.6040522500501797,1.4534600151545107,True,1.4534600151545107,True,1.7,False,1.7,False,1.7,False,1.7,1.2950358041896313,0.0,-0.36887341743870145,-0.006723646723095472,-0.36402289037467106,4,vpd_x10
7683,US-Var,2020-06-22,US-Var,Grasslands,38.4133,-120.9507,1.1,7.5,0.3413528868620973,27.25877083333333,2.347293333333333,1.2376593541666672,0.1457991969198751,-0.9893142039703664,1.1,-0.028394920915141692,0.012494960117197812,2.639969777830359,-8.59946011022938,0.5466674556620883,1.6040522500501797,1.0716050790848584,True,1.0716050790848584,True,1.1,False,1.1,False,1.1,False,1.1,1.0270293975350058,0.0,-0.030984432343344914,-0.039392229765333894,-0.014808100636746271,4,vpd_x10
7684,US-Var,2020-06-23,US-Var,Grasslands,38.4133,-120.9507,0.9,7.8,0.2847508308408184,27.31929166666666,2.34723625,1.286285208333333,0.1287481774525813,-0.99167731989929,0.9,-0.03991498973711693,0.035709429823864526,2.639765359955215,-8.59946011022938,0.5466674556620883,1.6040522500501797,0.8600850102628831,True,0.8600850102628831,True,0.9,False,0.9,False,0.9,False,0.9,0.8654640971627171,0.0,-0.08103906165566133,-0.016750760477127757,-0.021955147078561693,4,vpd_x10
7685,US-Var,2020-06-30,US-Var,Grasslands,38.4133,-120.9507,0.7,6.8,0.2205626189975555,25.451125000000008,2.4307822916666666,1.409047291666666,0.0086069968886886,-0.9999629591162656,0.7,-0.13813247606348136,0.18487728510749651,2.6680454189822376,-8.589910587736664,0.5466674556620883,1.6040522500501797,0.5618675239365186,True,0.5618675239365186,True,0.7,False,0.7,False,0.7,False,0.7,0.6374991468406175,0.0,-0.20738296414613766,0.07137240651233698,-0.27838687055664346,4,vpd_x10
7686,US-Var,2020-07-01,US-Var,Grasslands,38.4133,-120.9507,1.2,7.4,0.2422496477779489,25.24102083333333,2.232805416666667,1.515372916666667,-0.008606996888688,-0.9999629591162656,1.2,-0.055272482247157806,0.13723299889342827,2.4906468630006255,-8.604106401844827,0.5466674556620883,1.6040522500501797,1.1447275177528422,True,1.1447275177528422,True,1.2,False,1.2,False,1.2,False,1.2,1.0928308492922416,0.0,-0.19655065699288587,0.07752168529354386,-0.04678847504213139,4,vpd_x10
7687,US-Var,2020-07-08,US-Var,Grasslands,38.4133,-120.9507,1.2,7.8,0.2203973158333073,26.1346875,2.507703958333334,1.3949258124999997,-0.1287481774525806,-0.99167731989929,1.2,-0.09237246667618144,0.10079950635218873,2.730676893301582,-8.604106401844827,0.5466674556620883,1.6040522500501797,1.1076275333238186,True,1.1076275333238186,True,1.2,False,1.2,False,1.2,False,1.2,1.0953937195453218,0.0,-0.15988597342370656,0.023493879838905635,-0.14072530644374345,4,vpd_x10
7688,US-Var,2020-07-09,US-Var,Grasslands,38.4133,-120.9507,0.7,8.2,0.2476411400658731,26.726541666666673,2.5815954166666666,1.3439089583333332,-0.1457991969198744,-0.9893142039703664,0.7,-0.08430223667135524,0.19409720942917869,2.8761400675286173,-8.598820944101343,0.5466674556620883,1.6040522500501797,0.6156977633286447,True,0.6156977633286447,True,0.7,False,0.7,False,0.7,False,0.7,0.6768746104706936,0.0,-0.20217411272138391,0.13971971631413194,-0.19045231360681375,4,vpd_x10
7689,US-Var,2020-07-16,US-Var,Grasslands,38.4133,-120.9507,1.5,7.4,0.1909197492874368,24.26510416666667,1.8842820833333336,1.2540193750000002,-0.2636654927280072,-0.9646141756912436,1.5,-0.18246407674618306,0.15175302487970635,2.2230193542690957,-8.604106401844827,0.5466674556620883,1.6040522500501797,1.3175359232538169,True,1.3175359232538169,True,1.5,False,1.5,False,1.5,False,1.5,1.301873324112316,0.0,-0.33431820948012186,-0.03081236221985774,-0.18226165853856963,4,vpd_x10
7690,US-Var,2020-07-17,US-Var,Grasslands,38.4133,-120.9507,1.7,7.4,0.092748186474201,24.53687500000001,2.0483297916666667,1.3564526666666663,-0.2802306751992161,-0.9599326896597444,1.7,-0.18506973960362075,0.06416228601067335,2.3495631942929487,-8.604106401844827,0.5466674556620883,1.6040522500501797,1.5149302603963792,True,1.5149302603963792,True,1.7,False,1.7,False,1.7,False,1.7,1.5057187529484173,0.0,-0.23858527900613913,-0.11394008434451564,-0.20268385546020748,4,vpd_x10
7691,US-Var,2020-07-24,US-Var,Grasslands,38.4133,-120.9507,1.1,7.1,0.1286483981256188,24.16477083333332,1.8258504166666665,1.2853029166666663,-0.3935902766564664,-0.9192859697186104,1.1,-0.29713103264913876,0.2689049990167163,2.1785058919214837,-8.54409898737437,0.5466674556620883,1.6040522500501797,0.8028689673508613,True,0.8028689673508613,True,1.1,False,1.1,False,1.1,False,1.1,0.9501279367892368,0.0,-0.5219575110076342,0.0007537392996095349,-0.37018932623939166,4,vpd_x10
7692,US-Var,2020-07-25,US-Var,Grasslands,38.4133,-120.9507,0.8,7.1,0.198185372065853,25.01158333333333,2.165895625,1.312613541666667,-0.4093559588156211,-0.9123747579707274,0.8,-0.2920226910367643,0.3040013004635222,2.4715848996923193,-8.643974527201054,0.5466674556620883,1.6040522500501797,0.5079773089632358,True,0.5079773089632358,True,0.8,False,0.8,False,0.8,False,0.8,0.7390661667132542,0.0,-0.4935997440881229,0.05764695057372815,-0.44011527959589825,4,vpd_x10
7693,US-Var,2020-08-01,US-Var,Grasslands,38.4133,-120.9507,1.1,7.6,0.1497889082529159,25.20883333333333,2.3174489583333333,1.3185514583333335,-0.5160623910158526,-0.8565509959010037,1.1,-0.31371811644588404,0.24465562429697701,2.5800676323710734,-8.596446254410036,0.5466674556620883,1.6040522500501797,0.7862818835541161,True,0.7862818835541161,True,1.1,False,1.1,False,1.1,False,1.1,0.9173165740944357,0.0,-0.4127203217404984,-0.03507667031832927,-0.4933573572788245,4,vpd_x10
7694,US-Var,2020-08-02,US-Var,Grasslands,38.4133,-120.9507,1.1,8.1,0.1832008849350828,26.245979166666668,2.4836829166666665,1.2354718750000002,-0.5307300481619331,-0.8475409228928312,1.1,-0.3053233653955206,0.1850922289851552,2.7451331168432676,-8.620640735916131,0.5466674556620883,1.6040522500501797,0.7946766346044796,True,0.7946766346044796,True,1.1,False,1.1,False,1.1,False,1.1,0.9125960428448254,0.0,-0.3249089686679639,-0.11121714498835333,-0.4798439825302446,4,vpd_x10
7695,US-Var,2020-08-09,US-Var,Grasslands,38.4133,-120.9507,0.8,7.1,0.2156036191981611,28.488583333333334,2.7158995833333326,1.2769664583333329,-0.6287628145958345,-0.7775971469736268,0.8,-0.49922297311419156,0.1602236239866457,2.8818754578593913,-8.599990376286616,0.5466674556620883,1.6040522500501797,0.3007770268858085,True,0.3007770268858085,True,0.8,False,0.8,False,0.8,False,0.8,0.7999181222409099,0.0,-0.3643767397518487,-0.45694659255674547,-0.6763455870339805,4,vpd_x10
7696,US-Var,2020-08-10,US-Var,Grasslands,38.4133,-120.9507,0.7,7.4,0.1642446054232157,27.54883333333335,2.6088666666666662,1.3265210416666664,-0.6420547132365636,-0.7666588193001592,0.7,-0.49724159255087647,0.15888467942364753,2.8154295809023133,-8.604106401844827,0.5466674556620883,1.6040522500501797,0.2027584074491235,True,0.2027584074491235,True,0.7,False,0.7,False,0.7,False,0.7,0.6417482527332572,0.0,-0.4460188234812554,-0.370286557772047,-0.6754193963993271,4,vpd_x10
7697,US-Var,2020-08-17,US-Var,Grasslands,38.4133,-120.9507,0.1,7.1,0.1925996299058209,31.92183333333332,3.3584520833333333,1.7606028750000002,-0.7295575540864876,-0.6839194216246105,0.1,-0.7043846895873154,0.34234971322152025,3.186354167197759,-8.603213132823832,0.5466674556620883,1.6040522500501797,-0.6043846895873154,True,-0.6043846895873154,True,0.1,False,0.1,False,0.1,False,0.1,0.32945699222242886,0.0,-0.33521310295686313,-0.766546707183023,-1.0113942586220601,4,vpd_x10
7698,US-Var,2020-08-18,US-Var,Grasslands,38.4133,-120.9507,1.3,8.1,0.1319990876560296,31.491437500000004,3.235656250000001,1.212587,-0.7412220108485957,-0.6712599575675315,1.3,-0.5576369454505311,0.391719240920802,3.0949566541890974,-8.613144081682394,0.5466674556620883,1.6040522500501797,0.7423630545494689,True,0.7423630545494689,True,1.3,False,1.3,False,1.3,False,1.3,1.0895386461257057,0.0,-0.10536878853154408,-0.7779315560065041,-0.7896104918135451,4,vpd_x10
7832,US-WCr,2019-05-06,US-WCr,Mixed Forests,45.8059,-90.0799,1.5,2.8,1.055946123895209,6.884086541666668,0.4761562437499999,2.357640008333333,0.8263541987239096,-0.5631507242749186,1.5,0.3475465199655386,0.2866897358496525,0.878135731413644,-0.01839780438051935,0.4232369648993102,1.6217885872425541,1.8475465199655385,True,1.8475465199655385,True,1.8475465199655385,True,1.5,False,1.5,False,1.5,2.124616591202162,0.0,0.5970945413664676,0.4111480474931165,0.03439697103703171,9,vpd_x10
7833,US-WCr,2019-05-30,US-WCr,Mixed Forests,45.8059,-90.0799,4.3,4.6,3.0323569850516785,18.245545416666666,0.9765301625,2.110334547916667,0.5307300481619334,-0.8475409228928311,4.3,-0.3786285297571342,0.4358938919376146,1.4448139436019412,1.2956454000924291,0.4232369648993102,1.6217885872425541,3.9213714702428657,True,4.3,False,3.9213714702428657,True,3.9213714702428657,True,3.9213714702428657,True,4.3,3.923072874480291,0.0,0.09912514497573044,-0.7546806372634645,-0.4803300969836686,9,vpd_x10
7834,US-WCr,2019-06-07,US-WCr,Mixed Forests,45.8059,-90.0799,5.8,5.7000003,4.846937845972423,22.296642499999994,1.1554477458333332,2.1988108125,0.4093559588156213,-0.9123747579707272,5.8,0.5880997812795404,0.4205383187156111,1.6016300522448952,1.1444319485050287,0.4232369648993102,1.6217885872425541,6.38809978127954,True,6.38809978127954,True,6.38809978127954,True,6.38809978127954,True,6.38809978127954,True,5.8,6.42408489976351,0.0,1.0121286838555643,0.17114120384178366,0.5810294561412732,9,vpd_x10
7835,US-WCr,2019-06-15,US-WCr,Mixed Forests,45.8059,-90.0799,4.9,4.1,4.136922927303227,14.531584999999998,0.4382195374999999,1.4880398333333342,0.2802306751992158,-0.9599326896597448,4.9,-0.7755141853234893,0.5098643266424425,0.8641389586879502,1.1448805229537435,0.4232369648993102,1.6217885872425541,4.124485814676511,True,4.9,False,4.124485814676511,True,4.124485814676511,True,4.124485814676511,True,4.9,4.164077488184382,0.0,-0.2378350893232345,-1.2520494816571177,-0.8366579849901157,9,vpd_x10
7836,US-WCr,2019-08-02,US-WCr,Mixed Forests,45.8059,-90.0799,4.5,4.7000003,5.600870941062602,22.18611145833334,0.5048254520833333,2.072212416666666,-0.5160623910158526,-0.8565509959010037,4.5,-0.11304397577905596,0.1099409773698899,0.7989152428709814,-0.03681660448580186,0.4232369648993102,1.6217885872425541,4.386956024220944,True,4.386956024220944,True,4.386956024220944,True,4.5,False,4.5,False,4.5,4.502518649654615,0.0,-0.06468363848608026,-0.2388753954642244,-0.03557289338686323,9,vpd_x10
7837,US-WCr,2019-08-10,US-WCr,Mixed Forests,45.8059,-90.0799,4.2,4.2000003,6.010628318170924,18.87454104166666,0.47410282375,1.6181793749999998,-0.6287628145958345,-0.7775971469736268,4.2,-0.46391416533010627,0.12119411914013159,0.7486909155305689,-0.020415634801069452,0.4232369648993102,1.6217885872425541,3.7360858346698937,True,3.7360858346698937,True,3.7360858346698937,True,4.2,False,4.2,False,4.2,3.8277280438378103,0.0,-0.33099198884727776,-0.4924702965941904,-0.5682802105488507,9,vpd_x10
7838,US-xAE,2019-06-11,US-xAE,Grasslands,35.41059,-99.05879,5.1,6.4,6.024529999786616,21.23766655316664,1.3343964583333336,2.9166800063740155,0.3456123126707335,-0.938377391740864,5.1,0.4621613675049292,0.26174591511493395,1.8511534563327445,0.9578944709288022,0.47905580226105415,1.5935564016109434,5.562161367504929,True,5.562161367504929,True,5.1,False,5.562161367504929,True,5.1,False,5.1,5.251276825055071,0.0,0.40808269085410664,0.7467226400963871,0.23167877156429378,6,vpd_x10
7839,US-xAE,2019-06-12,US-xAE,Grasslands,35.41059,-99.05879,3.8,5.8,5.868546455657757,21.42846189410332,1.2681985416666668,2.8437664989909663,0.3294084822245304,-0.9441875088341992,3.8,-0.18249193277164558,0.511514495004096,1.8068991072676959,0.6666690468976126,0.47905580226105415,1.5935564016109434,3.6175080672283544,True,3.8,False,3.8,False,3.6175080672283544,True,3.8,False,3.8,3.5296330024931466,0.0,-0.13395480910007534,0.30302395917530606,-0.7165449483901675,6,vpd_x10
7840,US-xAE,2019-07-29,US-xAE,Grasslands,35.41059,-99.05879,3.4,8.1,2.3957653751984624,31.005359780786566,2.5275029166666667,2.7346423933997586,-0.455906693508459,-0.8900275764346766,3.4,-0.13619565204432765,0.31754556913501414,2.9034462370398577,-5.8431609178500485,0.47905580226105415,1.5935564016109434,3.263804347955672,True,3.263804347955672,True,3.4,False,3.4,False,3.4,False,3.4,2.77098176796276,0.0,-0.48090492057075945,0.14440328285988874,-0.07208531842211224,6,vpd_x10
7841,US-xAE,2019-08-06,US-xAE,Grasslands,35.41059,-99.05879,1.8,7.2000003,1.5229450531168154,31.609501634368016,2.2000558333333324,1.7895547420303552,-0.5737722679043243,-0.8190148866680802,1.8,-0.3232285736330373,0.5125492728468154,2.5940333542317346,-6.120882996022342,0.47905580226105415,1.5935564016109434,1.4767714263669627,True,1.8,False,1.8,False,1.8,False,1.8,False,1.8,1.138423649755832,0.0,-0.7503782905429557,0.2451195879376321,-0.4644270182937884,6,vpd_x10
7842,US-xAE,2019-09-07,US-xAE,Grasslands,35.41059,-99.05879,3.2,7.2000003,2.7303752487860224,30.23424023050633,2.523843958333333,2.6019319190691528,-0.9175836260593934,-0.3975428142825566,3.2,-0.28616396664938654,0.04753867113633363,2.753623982398161,-5.818304092584971,0.47905580226105415,1.5935564016109434,2.9138360333506137,True,2.9138360333506137,True,3.2,False,3.2,False,3.2,False,3.2,2.478202894866865,0.0,-0.3192493450063906,-0.2316878679531666,-0.3075546869886026,6,vpd_x10
7845,US-xDC,2019-04-22,US-xDC,Grasslands,47.16165,-99.10656,1.6,4.0,2.4814692476470244,11.847423398437982,0.8406095833333332,2.8171162813288064,0.9368813462954316,-0.3496474552512284,1.6,0.13316032935421906,0.5760039998294769,1.2581525257996973,0.5946956926217565,0.4373874958922629,1.53211963135056,1.7331603293542193,True,1.6,False,1.7331603293542193,True,1.7331603293542193,True,1.7331603293542193,True,1.6,1.8269402654592124,0.0,0.6989580332927232,-0.4525343721291797,0.15305732689911367,0,vpd_x10
7846,US-xDC,2019-07-02,US-xDC,Grasslands,47.16165,-99.10656,4.9,5.8,4.938916937753824,23.13274120317309,0.8362320833333335,2.849462131047509,-0.008606996888688,-0.9999629591162656,4.9,0.23628758023631516,0.22282999583211321,1.2441429619730295,0.004115260278474409,0.4373874958922629,1.53211963135056,5.136287580236315,True,5.136287580236315,True,5.136287580236315,True,5.136287580236315,True,5.136287580236315,True,4.9,5.099782612676284,0.0,0.03587005663958309,0.47623831575429987,0.19675436831506254,0,vpd_x10
7847,US-xDC,2019-08-19,US-xDC,Grasslands,47.16165,-99.10656,4.1,5.3,8.158945861525144,21.697626492275067,0.8472762499999998,3.3326876703716235,-0.7412220108485957,-0.6712599575675315,4.1,-0.5904118933098609,0.04238456951735555,1.3021456901938981,-0.07211225318799831,0.4373874958922629,1.53211963135056,3.509588106690139,True,3.509588106690139,True,3.509588106690139,True,4.1,False,4.1,False,4.1,3.661376297623767,0.0,-0.6379134160595334,-0.5564554602021939,-0.5768668036678551,0,vpd_x10
7848,US-xDC,2019-08-20,US-xDC,Grasslands,47.16165,-99.10656,3.3,4.1,4.944152354208804,19.583972521624283,0.6189352083333334,3.7555613739146296,-0.7526668275320083,-0.6584015846980489,3.3,-0.38874599117087677,0.1040785873463982,1.0490028046575592,-0.058498147867432335,0.4373874958922629,1.53211963135056,2.911254008829123,True,2.911254008829123,True,2.911254008829123,True,3.3,False,3.3,False,3.3,3.051671253976043,0.0,-0.5059597930864246,-0.3071598425230918,-0.35311833790311387,0,vpd_x10
7849,US-xDC,2019-09-04,US-xDC,Grasslands,47.16165,-99.10656,3.2,3.8,5.225402940861777,16.315499635997295,0.471919375,3.6608311967444567,-0.8958392907349089,-0.4443781781046134,3.2,-0.7389376799874651,0.08190470918869659,0.7476429400751573,-0.06936142284311665,0.4373874958922629,1.53211963135056,2.461062320012535,True,2.461062320012535,True,2.461062320012535,True,3.2,False,3.2,False,3.2,2.512213480811704,0.0,-0.7959292685073354,-0.6450786658269521,-0.7758051056281079,0,vpd_x10
7850,US-xDC,2020-05-17,US-xDC,Grasslands,47.16165,-99.10656,4.3,4.9,3.4877330862062177,15.084790869749687,0.8570172916666668,2.8770643088990515,0.6932812268869777,-0.7206671495538609,4.3,-0.04079385848836157,0.20853062390904553,1.2772913279951505,0.002249862815697058,0.4373874958922629,1.53211963135056,4.259206141511639,True,4.259206141511639,True,4.259206141511639,True,4.259206141511639,True,4.259206141511639,True,4.3,4.032913431434798,0.0,-0.09364228965889734,-0.2178157133984602,0.18907642759227283,0,vpd_x10
7851,US-xDC,2020-05-18,US-xDC,Grasslands,47.16165,-99.10656,3.2,6.2000003,4.9009525661314965,15.384438773959127,0.8612552083333332,5.583094015741336,0.6807734094770161,-0.7324940716135789,3.2,0.03523751663349875,0.030454878218752705,1.3634398824446983,-0.011543154677401142,0.4373874958922629,1.53211963135056,3.235237516633499,True,3.235237516633499,True,3.235237516633499,True,3.2,False,3.2,False,3.2,2.935385232301453,0.0,0.041218250952331725,0.062258359380960526,0.0022359395672039983,0,vpd_x10
7852,US-xDL,2019-07-29,US-xDL,Mixed Forests,32.54172,-87.80389,6.6,6.3,6.1406428315477815,28.94403632058715,1.5474424999999998,0.6147840474462641,-0.455906693508459,-0.8900275764346766,6.6,0.4223382867696009,0.47294675014298465,2.050411398401073,-9.689277229891921,0.4373874958922629,1.53211963135056,7.0223382867696005,True,6.6,False,6.6,False,6.6,False,6.6,False,6.6,7.039233466589439,0.0,0.9415919285532519,0.3092050496677239,0.016217882087826985,0,vpd_x10
7853,US-xDS,2019-11-23,US-xDS,Grasslands,28.12504,-81.4362,2.4,3.2,1.7606437238751942,20.576979723392128,0.6225135416666667,1.0529085694727929,-0.6084768701151264,0.7935716089521472,2.4,0.3462761012971225,0.42392526758287885,0.9846726390615202,-0.3398475811363832,0.49326017522310583,1.5675069192147721,2.7462761012971226,True,2.7462761012971226,True,2.7462761012971226,True,2.4,False,2.4,False,2.4,2.9150112088759297,0.0,0.2680423060904098,0.8038690883737976,-0.03308309057283981,3,vpd_x10
7854,US-xDS,2019-12-09,US-xDS,Grasslands,28.12504,-81.4362,2.3,2.7,1.7885496332805852,21.154969274781593,0.6255400000000001,0.8822753476448536,-0.3697245428906732,0.9291414114031744,2.3,0.4727645150240151,0.3086704881190588,1.0799481473386279,-0.02737720894239809,0.49326017522310583,1.5675069192147721,2.772764515024015,True,2.772764515024015,True,2.772764515024015,True,2.3,False,2.3,False,2.3,2.8592602210160187,0.0,0.46313868605885544,0.7861353297428522,0.1690195292703375,3,vpd_x10
7855,US-xDS,2019-12-25,US-xDS,Grasslands,28.12504,-81.4362,1.8,3.4,2.195016304359622,21.78985270731005,0.5737431249999999,2.562970670762593,-0.1031016974474354,0.9946708199115212,1.8,0.2293137168206557,0.30727133338773654,1.0526982570841439,-0.06002840991428889,0.49326017522310583,1.5675069192147721,2.029313716820656,True,2.029313716820656,True,2.029313716820656,True,1.8,False,1.8,False,1.8,2.057335126523949,0.0,0.5429289359215881,0.21620646594435275,-0.07119425140397374,3,vpd_x10
7856,US-xNG,2019-04-13,US-xNG,Grasslands,46.76972,-100.91535,0.6,3.1000001,1.188565469332981,2.348275951644988,0.4053068750000001,2.3260643505084757,0.97961369164549,-0.200890555130635,0.6,0.1624318468437189,0.6144867974623953,0.7718613805464584,-1.4008507957256933,0.6451243391209496,1.8896185867320612,0.7624318468437189,True,0.7624318468437189,True,0.7624318468437189,True,0.6,False,0.6,False,0.6,0.7950678768142905,0.0,0.8376503968949494,0.013645124776235112,-0.36399998114002785,5,vpd_x10
7857,US-xNG,2019-04-20,US-xNG,Grasslands,46.76972,-100.91535,2.2,4.8,1.1892406612287765,17.002931035445034,0.941201041666667,2.857838924626531,0.9483615800121716,-0.3171912885891061,2.2,-0.03938416541566319,0.19574131527194674,1.321962094061433,0.15565622926844697,0.6451243391209496,1.8896185867320612,2.160615834584337,True,2.160615834584337,True,2.160615834584337,True,2.160615834584337,True,2.160615834584337,True,2.2,2.295092633433393,0.0,0.18617191674774167,-0.1647321251014443,-0.13959228789328693,5,vpd_x10
7858,US-xNG,2019-06-16,US-xNG,Grasslands,46.76972,-100.91535,3.6,4.1,4.295781747722351,14.671280345545476,0.4401760416666666,3.13172303701704,0.263665492728007,-0.9646141756912436,3.6,-0.4237745442875669,0.5126092383515629,0.8351095032740279,1.7286012384413965,0.6451243391209496,1.8896185867320612,3.176225455712433,True,3.176225455712433,True,3.176225455712433,True,3.176225455712433,True,3.176225455712433,True,3.6,3.289525820422818,0.0,-0.2829672474869613,0.0037155812430252344,-0.9920719666187646,5,vpd_x10
7859,US-xNG,2019-06-24,US-xNG,Grasslands,46.76972,-100.91535,3.5,6.0,6.743209208452443,18.80620109532371,0.8922427083333334,2.489883088556492,0.1287481774525813,-0.99167731989929,3.5,-0.44936001149356625,0.4483365120924371,1.205025941224613,0.8433482392732999,0.6451243391209496,1.8896185867320612,3.050639988506434,True,3.050639988506434,True,3.050639988506434,True,3.050639988506434,True,3.050639988506434,True,3.5,3.0074065164661268,0.0,-0.2209265802562217,-0.16124694485014696,-0.9659065093743301,5,vpd_x10
7860,US-xNG,2019-07-02,US-xNG,Grasslands,46.76972,-100.91535,3.7,5.8,5.236787400566419,23.19449486421503,0.7706633333333334,2.420406272298796,-0.008606996888688,-0.9999629591162656,3.7,-0.46711171161632264,0.47393199276766834,1.0648267291778308,1.7027787596594715,0.6451243391209496,1.8896185867320612,3.2328882883836774,True,3.2328882883836774,True,3.2328882883836774,True,3.2328882883836774,True,3.2328882883836774,True,3.7,3.271565803915391,0.0,-0.2831401577416648,-0.112748539532327,-1.0054464375749763,5,vpd_x10
7861,US-xNG,2019-07-17,US-xNG,Grasslands,46.76972,-100.91535,4.4,5.9,5.449875047881004,23.300719134846872,0.7822052083333332,2.3478585887605545,-0.2636654927280072,-0.9646141756912436,4.4,-0.27257311092645115,0.2668879771404607,1.0472886189576456,0.016018081528985963,0.6451243391209496,1.8896185867320612,4.127426889073549,True,4.127426889073549,True,4.127426889073549,True,4.127426889073549,True,4.127426889073549,True,4.4,4.119751612294687,0.0,-0.27688867144364726,-0.0035535231809182,-0.537277138154788,5,vpd_x10
7862,US-xNG,2019-10-22,US-xNG,Grasslands,46.76972,-100.91535,0.7,1.4,0.8214596923442203,3.312775238260875,0.2614070833333333,2.6843372298056054,-0.9338372288229252,0.3576982388331254,0.7,-0.25142179802078807,0.2285183647607584,0.5165530387724437,-0.05739680489066085,0.6451243391209496,1.8896185867320612,0.4485782019792119,True,0.4485782019792119,True,0.4485782019792119,True,0.7,False,0.7,False,0.7,0.4485782019792119,0.0,-0.20079562974670712,-0.501007899588246,-0.05246186472741099,5,vpd_x10
7863,US-xNG,2019-11-22,US-xNG,Grasslands,46.76972,-100.91535,0.2,1.5,0.1548410517445421,0.3117853735373426,0.2553779166666667,3.3920233665005965,-0.622046748440868,0.7829801036770625,0.2,0.058904961462419074,0.0789522854969961,0.46364333189254026,-0.10440073326123425,0.6451243391209496,1.8896185867320612,0.2589049614624191,True,0.2589049614624191,True,0.2589049614624191,True,0.2,False,0.2,False,0.2,0.2589049614624191,0.0,0.1449969212085315,-0.010113970408908296,0.04183193358763401,5,vpd_x10
7864,US-xRM,2019-04-19,US-xRM,Evergreen Forests,40.2759099999999,-105.54592,4.7,4.1,2.9030207361183007,8.609432471986223,0.8233349999999998,2.1845629293088424,0.9536809966304456,-0.3008198076356673,4.7,-0.7876739535508271,0.4195346405796752,1.267061158801508,0.3604544008529698,0.4373874958922629,1.53211963135056,3.912326046449173,True,3.912326046449173,True,3.912326046449173,True,3.912326046449173,True,3.912326046449173,True,4.7,3.007990282248481,0.0,-0.7127255156800913,-1.2396314211125654,-0.4106649238598246,0,vpd_x10
7865,US-xSB,2019-10-13,US-xSB,Evergreen Forests,29.68927,-81.99343,2.9,3.8,2.170263755159868,25.95065146985879,0.903,0.8789427503142827,-0.9778483415056568,0.2093146459630488,2.9,-0.4042590956304814,0.6633058163832762,1.2421170307524496,-6.537716631766882,0.4232369648993102,1.6217885872425541,2.4957409043695185,True,2.9,False,2.4957409043695185,True,2.9,False,2.9,False,2.9,3.1970199777448634,0.0,-0.4900208115920632,0.2977562722224436,-1.0205127475218245,9,vpd_x10
7866,US-xSB,2020-03-21,US-xSB,Evergreen Forests,29.68927,-81.99343,1.9,4.2000003,1.6012468881475188,25.831141127213588,1.0922270833333332,1.0795894357300824,0.9844738167520922,0.1755314904214282,1.9,-0.23764002281439547,0.3565937916541207,1.6961503677711942,4.719104623447899,0.4232369648993102,1.6217885872425541,1.6623599771856044,True,1.6623599771856044,True,1.9,False,1.6623599771856044,True,1.9,False,1.9,1.7920803978578022,0.0,0.17398900733919648,-0.4524149172008184,-0.43449415858156454,9,vpd_x10
7867,US-xSB,2020-03-22,US-xSB,Evergreen Forests,29.68927,-81.99343,1.5,4.8,1.0955823239830185,25.04861033357966,0.8029752083333334,1.0757901556176712,0.9873494423939864,0.1585593851031347,1.5,-0.02028804759689044,0.2972061924772217,1.332884550585122,0.04346975800623122,0.4232369648993102,1.6217885872425541,1.4797119524031095,True,1.4797119524031095,True,1.4797119524031095,True,1.4797119524031095,True,1.4797119524031095,True,1.5,1.4364581056104395,0.0,0.3141788129461609,-0.12095977532360708,-0.25408318041322514,9,vpd_x10
7873,US-xST,2019-05-07,US-xST,Mixed Forests,45.50894,-89.58637,2.4,3.5,1.6992189628679657,7.612815377218008,0.6531052083333335,1.1058936911135715,0.8165380514459161,-0.5772916165517272,2.4,-0.43291039806678944,0.4165915988242744,1.073939684208316,0.15594789427882963,0.4373874958922629,1.53211963135056,1.9670896019332105,True,1.9670896019332105,True,1.9670896019332105,True,1.9670896019332105,True,1.9670896019332105,True,2.4,1.8663751222152771,0.0,-0.13123628171491925,-0.9082364481260454,-0.2592584643594037,0,vpd_x10
7874,US-xST,2019-07-10,US-xST,Mixed Forests,45.50894,-89.58637,4.9,4.6,6.139610759070875,23.590207177214516,0.7881697916666665,1.3025339529226438,-0.1457991969198744,-0.9893142039703664,4.9,-0.02098237607796231,0.4456629300533628,1.163048588758829,0.5900881100295194,0.4373874958922629,1.53211963135056,4.879017623922038,True,4.9,False,4.879017623922038,True,4.879017623922038,True,4.879017623922038,True,4.9,5.310235648356112,0.0,0.21726562217434126,0.25491750473268965,-0.5351302551409178,0,vpd_x10
7884,US-xUN,2019-05-06,US-xUN,Mixed Forests,46.23388,-89.53725,2.2,2.7,0.8872748110235379,5.569834711678786,0.4788770833333334,1.5982952298623978,0.8263541987239096,-0.5631507242749186,2.2,-0.6825512615992207,0.5761085784358276,0.8603161418435347,3.270755618254639,0.49326017522310583,1.5675069192147721,1.5174487384007795,True,2.2,False,1.5174487384007795,True,1.5174487384007795,True,1.5174487384007795,True,2.2,1.6931911135435287,0.0,-0.28354430824674876,-1.3430278204935335,-0.4210816560573799,3,vpd_x10
7885,US-xUN,2019-06-08,US-xUN,Mixed Forests,46.23388,-89.53725,5.9,6.7000003,5.385245925037599,22.6594929285438,1.537848125,1.6409811930477591,0.3935902766564667,-0.9192859697186104,5.9,0.8909642855645982,0.4184635798869592,2.118665313241272,-11.261549275672317,0.49326017522310583,1.5675069192147721,6.790964285564598,True,6.790964285564598,True,5.9,False,5.9,False,5.9,False,5.9,6.69269997357925,0.0,1.2716995247652787,0.9582636524311121,0.4429296794974039,3,vpd_x10
7886,US-xUN,2019-07-09,US-xUN,Mixed Forests,46.23388,-89.53725,5.2,5.6,5.031766376824885,23.01674886603601,0.8585041666666667,1.4317147995972137,-0.1287481774525806,-0.99167731989929,5.2,0.22248489862461762,0.32949010576835913,1.2245652321689597,-0.012141576016248982,0.49326017522310583,1.5675069192147721,5.422484898624618,True,5.422484898624618,True,5.422484898624618,True,5.2,False,5.2,False,5.2,5.4286471276647985,0.0,0.4094493384902427,0.41596426753000537,-0.15795891014639515,3,vpd_x10
7887,US-xUN,2019-07-10,US-xUN,Mixed Forests,46.23388,-89.53725,4.5,4.4,5.151989973203498,22.78529018992887,0.7042897916666665,1.5270419819128598,-0.1457991969198744,-0.9893142039703664,4.5,-0.023841566233864298,0.29799102766849545,1.063966368774711,-0.05236373882344091,0.49326017522310583,1.5675069192147721,4.476158433766136,True,4.476158433766136,True,4.476158433766136,True,4.5,False,4.5,False,4.5,4.590459889527336,0.0,0.18324001906563517,0.1106020215771856,-0.36536673934441366,3,vpd_x10
7888,US-xUN,2019-08-02,US-xUN,Mixed Forests,46.23388,-89.53725,3.7,4.5,4.508915967822969,23.472170948491048,0.8631064583333332,0.9560271990874178,-0.5160623910158526,-0.8565509959010037,3.7,-0.7199434664394567,0.7050789794567979,1.2740371610452097,-24.09457727510049,0.49326017522310583,1.5675069192147721,2.9800565335605436,True,3.7,False,2.9800565335605436,True,3.7,False,3.7,False,3.7,3.1578978599963676,0.0,-0.21257511205244783,-0.4222027784003499,-1.5250525088655724,3,vpd_x10
7889,US-xUN,2020-04-30,US-xUN,Mixed Forests,46.23388,-89.53725,2.4,4.1,1.6484598172580076,8.337951130313519,0.6348120833333333,2.189159165464758,0.8717063187093218,-0.4900286664290592,2.4,-0.6447781306486321,0.5939781462333633,1.0056958901192956,3.298449686643041,0.49326017522310583,1.5675069192147721,1.755221869351368,True,2.4,False,1.755221869351368,True,1.755221869351368,True,1.755221869351368,True,2.4,1.6294558204151555,0.0,-0.4428711883352975,-1.3133892699355578,-0.17807393367504096,3,vpd_x10
7890,US-xUN,2020-05-01,US-xUN,Mixed Forests,46.23388,-89.53725,1.7,4.3,1.8893142570449568,11.395591494756324,0.8265145833333329,1.984866646735224,0.8631421280499114,-0.5049610547215204,1.7,-0.2175712050192509,0.6695958671171641,1.2180433520149196,-24.089998780985695,0.49326017522310583,1.5675069192147721,1.482428794980749,True,1.7,False,1.482428794980749,True,1.7,False,1.7,False,1.7,1.4815696284084705,0.0,0.07934479520033969,-0.984284243014373,0.25222583275628063,3,vpd_x10
