row_id,station,date,group,landcover,latitude,longitude,openet,eto,y,t_avg,vpd,ws,doy_sin,doy_cos,OpenET,correction,spread,distance,predicted_gain,spread_threshold,support_threshold,Full,accept_Full,Spread95,accept_Spread95,Support95,accept_Support95,Gain,accept_Gain,SupportGain,accept_SupportGain,Uniform,Clip,uniform_multiplier,correction_20260713,correction_20260714,correction_20260715,fold,condition
145,Almond_High,2019-01-04,Almond_High,Croplands,36.169669,-120.201004,1.6,2.5,0.5657079002983887,7.837560729166667,0.5576000375,1.148180775520833,0.0688024268023198,0.9976303053065856,1.6,0.1312671448738645,0.12682101652776706,0.4813516945627264,-0.03230978238378242,0.47872741416210024,1.4679653119049538,1.7312671448738646,True,1.7312671448738646,True,1.7312671448738646,True,1.6,False,1.6,False,1.6,1.7312671448738646,0.0,0.08986629444133237,0.273614795380038,0.030320344800223165,8,probe_clean
146,Almond_High,2019-01-12,Almond_High,Croplands,36.169669,-120.201004,1.2,0.7,1.3646137096668003,12.44484375,0.4358704062500001,1.1409832258958337,0.2051044998686192,0.9787400799669153,1.2,-0.16667912166229437,0.09522792100532831,0.4215004147872513,-0.03230978238378242,0.47872741416210024,1.4679653119049538,1.0333208783377055,True,1.0333208783377055,True,1.0333208783377055,True,1.2,False,1.2,False,1.2,1.0344228768388357,0.0,-0.05672223698294454,-0.22097231024884176,-0.22234281775509676,8,probe_clean
147,Almond_High,2019-01-13,Almond_High,Croplands,36.169669,-120.201004,0.9,0.7,0.6175913486458401,10.1428,0.2411664708333333,1.09715212475,0.2219215130041655,0.9750645322571948,0.9,-0.11407371514888635,0.05648616248608573,0.3730802729451556,-0.023702496934689257,0.47872741416210024,1.4679653119049538,0.7859262848511137,True,0.7859262848511137,True,0.7859262848511137,True,0.9,False,0.9,False,0.9,0.7779167878515363,0.0,-0.08062591363426577,-0.08230411136400678,-0.1792911204483865,8,probe_clean
148,Almond_High,2019-01-21,Almond_High,Croplands,36.169669,-120.201004,1.0,3.1000001,1.455408541840829,9.626681250000004,0.3393695083333334,1.659308369125,0.3536761221763716,0.9353679493131484,1.0,-0.130465735239944,0.15343373554781764,0.4475054331531356,-0.03230978238378242,0.47872741416210024,1.4679653119049538,0.869534264760056,True,0.869534264760056,True,0.869534264760056,True,1.0,False,1.0,False,1.0,0.869534264760056,0.0,-0.1529097583617054,0.03295388002657987,-0.27144132738470655,8,probe_clean
149,Almond_High,2019-02-05,Almond_High,Croplands,36.169669,-120.201004,1.1,0.4,1.741929004070058,6.5697270833333326,0.25718669375,1.8880259258541665,0.5808002734538009,0.8140460935082178,1.1,-0.05439830274384188,0.09435776227954269,0.7204266844083179,-0.03230978238378242,0.47872741416210024,1.4679653119049538,1.0456016972561581,True,1.0456016972561581,True,1.0456016972561581,True,1.1,False,1.1,False,1.1,0.9814988643031716,0.0,-0.081342016288773,-0.13235354549722375,0.050500653554471114,8,probe_clean
150,Almond_High,2019-02-06,Almond_High,Croplands,36.169669,-120.201004,1.5,0.4,1.083380831533297,5.1946821875000015,0.2369136520833333,1.3276221462916669,0.5947266869607634,0.8039279618328213,1.5,-0.3467983315702649,0.05635382679203145,0.7280708239164368,0.04352359857066053,0.47872741416210024,1.4679653119049538,1.153201668429735,True,1.153201668429735,True,1.153201668429735,True,1.153201668429735,True,1.153201668429735,True,1.5,1.0670636956405797,0.0,-0.3688965731310102,-0.3887539708030127,-0.2827444507767718,8,probe_clean
151,Almond_High,2019-02-22,Almond_High,Croplands,36.169669,-120.201004,1.9,2.3,1.6268213848533646,6.867954166666666,0.46926138125,1.7901229872916662,0.7909456567567772,0.6118864012687243,1.9,-0.6384602729995977,0.08556486145839066,0.35455596098249903,0.005129206331536845,0.47872741416210024,1.4679653119049538,1.261539727000402,True,1.261539727000402,True,1.261539727000402,True,1.261539727000402,True,1.261539727000402,True,1.9,1.261539727000402,0.0,-0.7342183965602604,-0.5695067753905372,-0.6116556470479955,8,probe_clean
152,Almond_High,2019-03-09,Almond_High,Croplands,36.169669,-120.201004,2.0,4.2000003,1.9125719288354823,8.116429166666665,0.3271810375,1.3526368737708332,0.9209712877166346,0.3896304495307879,2.0,-0.6222485061882931,0.03707810466317235,0.4870790040691012,0.05959377790765,0.47872741416210024,1.4679653119049538,1.377751493811707,True,1.377751493811707,True,1.377751493811707,True,1.377751493811707,True,1.377751493811707,True,2.0,1.377751493811707,0.0,-0.6198567309288778,-0.660464596461213,-0.5864241911747885,8,probe_clean
153,Almond_High,2019-03-10,Almond_High,Croplands,36.169669,-120.201004,2.5,2.4,1.2906366341295397,8.228785416666666,0.3261017604166666,1.0765096824999998,0.9275416835791966,0.373719714790469,2.5,-0.692900040803229,0.09450557884818092,0.4991486995166028,0.0024300980482588434,0.47872741416210024,1.4679653119049538,1.807099959196771,True,1.807099959196771,True,1.807099959196771,True,1.807099959196771,True,1.807099959196771,True,2.5,1.807099959196771,0.0,-0.6577580277643647,-0.7999421802265869,-0.6209999144187353,8,probe_clean
154,Almond_High,2019-03-17,Almond_High,Croplands,36.169669,-120.201004,3.3,3.8,2.3753879410999925,15.300804166666666,0.9240655083333332,1.3145689834166665,0.9657399376548548,0.2595117970697999,3.3,-0.49708875518334156,0.043409918120874254,0.34833254348133313,0.0496120534418794,0.47872741416210024,1.4679653119049538,2.8029112448166584,True,2.8029112448166584,True,2.8029112448166584,True,2.8029112448166584,True,2.8029112448166584,True,3.3,2.8029112448166584,0.0,-0.4881891832479487,-0.45881829763831805,-0.5442587846637578,8,probe_clean
155,Almond_High,2019-03-18,Almond_High,Croplands,36.169669,-120.201004,3.6,3.8,3.4235631427972963,17.727920833333332,1.1495711895833334,1.3147514127083335,0.970063921851507,0.2428497220959356,3.6,-0.493337745061374,0.030704942700724724,0.38225149917833556,0.0496120534418794,0.47872741416210024,1.4679653119049538,3.1066622549386262,True,3.1066622549386262,True,3.1066622549386262,True,3.1066622549386262,True,3.1066622549386262,True,3.6,3.1066622549386262,0.0,-0.5241428102155035,-0.49313651101082245,-0.46273391395779623,8,probe_clean
156,Almond_High,2019-03-26,Almond_High,Croplands,36.169669,-120.201004,3.8,3.8,3.077299366968373,15.263912499999996,0.6533818270833333,1.1369700340625002,0.994217906893952,0.107381346664163,3.8,-0.6800777520330298,0.08337786750355372,0.423538512602167,-0.04269846917283507,0.47872741416210024,1.4679653119049538,3.11992224796697,True,3.11992224796697,True,3.11992224796697,True,3.8,False,3.8,False,3.8,3.11992224796697,0.0,-0.5854272655277563,-0.7121441341657653,-0.7426618564055678,8,probe_clean
157,Almond_High,2019-04-02,Almond_High,Croplands,36.169669,-120.201004,4.2,4.8,5.3652586653614325,16.234875000000002,0.6705711020833333,1.2678504086249998,0.999916658654738,-0.0129102960750088,4.2,-0.8333484624960731,0.08023089652784107,0.455539753260202,-0.032360130796238146,0.47872741416210024,1.4679653119049538,3.366651537503927,True,3.366651537503927,True,3.366651537503927,True,4.2,False,4.2,False,4.2,3.366651537503927,0.0,-0.7643077752705603,-0.8143708212100242,-0.9213667910076351,8,probe_clean
158,Almond_High,2019-04-18,Almond_High,Croplands,36.169669,-120.201004,5.4,5.3,5.336477808562401,19.738395833333332,1.1248048895833336,1.1376089402708331,0.9587178169872964,-0.2843591872810034,5.4,-0.9450626044636432,0.0883142965979607,0.5149436364116275,-0.27192097225848416,0.47872741416210024,1.4679653119049538,4.454937395536357,True,4.454937395536357,True,4.454937395536357,True,5.4,False,5.4,False,5.4,4.454937395536357,0.0,-1.0109155479193848,-0.9795672632487169,-0.844705002222828,8,probe_clean
159,Almond_High,2019-04-19,Almond_High,Croplands,36.169669,-120.201004,5.2,4.8,6.923782693520382,22.55672916666667,1.5967566854166666,1.3102561865000002,0.9536809966304456,-0.3008198076356673,5.2,-0.6095378954783702,0.21690481475241657,0.4112471696016791,-0.0637833939567581,0.47872741416210024,1.4679653119049538,4.59046210452163,True,4.59046210452163,True,4.59046210452163,True,5.2,False,5.2,False,5.2,4.59046210452163,0.0,-0.6193782408073283,-0.8213550623879371,-0.38788038323984525,8,probe_clean
160,Almond_High,2019-04-26,Almond_High,Croplands,36.169669,-120.201004,5.9,5.5,7.567374618531701,24.47172916666666,1.8595441229166667,1.27329577675,0.9106046300942164,-0.4132786077829042,5.9,-0.5876625580875471,0.2919968012232795,0.6016841909969954,-0.2541528899173099,0.47872741416210024,1.4679653119049538,5.312337441912454,True,5.312337441912454,True,5.312337441912454,True,5.9,False,5.9,False,5.9,5.312337441912454,0.0,-0.7168517087818995,-0.7927803377257909,-0.25335562775495063,8,probe_clean
161,Almond_High,2019-04-27,Almond_High,Croplands,36.169669,-120.201004,5.8,5.6,6.482815057765819,22.57533333333333,1.6504921250000002,1.2168267018541667,0.9033558023246844,-0.4288919379124835,5.8,-0.6977090341131488,0.2530192423338965,0.47798884558576704,-0.2128806525487807,0.47872741416210024,1.4679653119049538,5.102290965886851,True,5.102290965886851,True,5.102290965886851,True,5.8,False,5.8,False,5.8,5.102290965886851,0.0,-0.8357565952366248,-0.8516782806668659,-0.4056922264359555,8,probe_clean
162,Almond_High,2019-05-04,Almond_High,Croplands,36.169669,-120.201004,6.2,4.1,6.559937697784512,20.837354166666668,1.6388317895833329,1.212139022083333,0.8452490573530633,-0.5343725582809787,6.2,-0.8384938977567072,0.12532579355255652,0.7860767016895192,-0.47040682065759226,0.47872741416210024,1.4679653119049538,5.361506102243293,True,5.361506102243293,True,5.361506102243293,True,6.2,False,6.2,False,6.2,5.361506102243293,0.0,-0.7689615369888221,-0.9831713725289497,-0.76334878375235,8,probe_clean
163,Almond_High,2019-05-05,Almond_High,Croplands,36.169669,-120.201004,5.6,4.5,4.935977720795703,17.751479166666666,1.0947649312500003,1.7788572486874996,0.835925479418637,-0.548842958284719,5.6,-1.1475050302733625,0.1329680311164225,0.5655351723747031,0.04634109414258816,0.47872741416210024,1.4679653119049538,4.452494969726637,True,4.452494969726637,True,4.452494969726637,True,4.452494969726637,True,4.452494969726637,True,5.6,4.452494969726637,0.0,-1.2445680692218237,-1.2020005565276446,-0.9959464650706193,8,probe_clean
164,Almond_High,2019-05-12,Almond_High,Croplands,36.169669,-120.201004,6.7,5.1,7.132804093608396,22.2355625,1.2931423875,1.2863745353333336,0.7638886127905428,-0.6453481132295501,6.7,-0.951384809625594,0.2822972107932938,0.6853026341428107,-0.4405215716357412,0.47872741416210024,1.4679653119049538,5.748615190374406,True,5.748615190374406,True,5.748615190374406,True,6.7,False,6.7,False,6.7,5.748615190374406,0.0,-0.9440495892212073,-1.2372781470885876,-0.672826692566987,8,probe_clean
165,Almond_High,2019-05-13,Almond_High,Croplands,36.169669,-120.201004,6.3,5.3,7.941737971530907,21.159770833333337,1.5506621125000002,1.1475798406041664,0.7526668275320084,-0.6584015846980488,6.3,-0.9084070257042954,0.22407240485468263,0.5930755842386356,-0.4304777007391234,0.47872741416210024,1.4679653119049538,5.391592974295705,True,5.391592974295705,True,5.391592974295705,True,6.3,False,6.3,False,6.3,5.391592974295705,0.0,-0.901863411689191,-1.1356795658670693,-0.6876780995566261,8,probe_clean
166,Almond_High,2019-06-05,Almond_High,Croplands,36.169669,-120.201004,7.0,5.6,9.08666714336506,29.35682408333333,2.2897874854166664,1.2004376741354166,0.440518784350495,-0.8977433935342337,7.0,-0.1755891636017772,0.08366112820520484,0.665201812566462,-0.20690455052610832,0.47872741416210024,1.4679653119049538,6.824410836398223,True,6.824410836398223,True,6.824410836398223,True,7.0,False,7.0,False,7.0,6.824410836398223,0.0,-0.2270019339858026,-0.22071165425604153,-0.0790539025634874,8,probe_clean
167,Almond_High,2019-06-06,Almond_High,Croplands,36.169669,-120.201004,7.6,4.0,10.07536162437612,25.72975,2.053576827083333,1.5157997613125005,0.4250003399695541,-0.9051931898913974,7.6,-0.024994958032955417,0.10579522247128689,0.94919092722713,-0.21768963780099923,0.47872741416210024,1.4679653119049538,7.575005041967044,True,7.575005041967044,True,7.575005041967044,True,7.6,False,7.6,False,7.6,7.575005041967044,0.0,-0.06739056378606056,-0.10301705516325402,0.09542274485044833,8,probe_clean
168,Almond_High,2019-06-13,Almond_High,Croplands,36.169669,-120.201004,7.2,6.5,10.462812691902734,27.19545833333333,2.109974095833333,1.2559720616875,0.3131070409358269,-0.9497178427914316,7.2,-0.011907822372322824,0.17373848051963037,0.48206112898592046,-0.17977096402568607,0.47872741416210024,1.4679653119049538,7.188092177627677,True,7.188092177627677,True,7.188092177627677,True,7.2,False,7.2,False,7.2,7.188092177627677,0.0,0.07943609296706688,-0.21226422160329037,0.09710466151925501,8,probe_clean
169,Almond_High,2019-06-14,Almond_High,Croplands,36.169669,-120.201004,7.1,7.5,8.576311393789192,24.976687499999983,1.84529164375,1.1368727772708331,0.2967128192734907,-0.9549667548552552,7.1,0.3209185157377655,0.21575932801004294,0.44612484087698734,-0.17118304858704428,0.47872741416210024,1.4679653119049538,7.420918515737765,True,7.420918515737765,True,7.420918515737765,True,7.1,False,7.1,False,7.1,7.420918515737765,0.0,0.5533028451095892,0.1269431252242298,0.2825095768794775,8,probe_clean
170,Almond_High,2019-06-21,Almond_High,Croplands,36.169669,-120.201004,7.0,10.3,8.825924926878578,22.43968749999999,1.485184185416667,1.3055399985833336,0.1797665857255624,-0.9837092937736096,7.0,0.9708480167020174,0.038175117916304506,0.8035337540405945,3.857668813494558,0.47872741416210024,1.4679653119049538,7.970848016702018,True,7.970848016702018,True,7.970848016702018,True,7.970848016702018,True,7.970848016702018,True,7.0,7.847547515633559,0.0,0.9332084618730734,1.0095370558575039,0.9697985323754748,8,probe_clean
171,Almond_High,2019-06-22,Almond_High,Croplands,36.169669,-120.201004,7.0,5.2000003,8.769234431064866,23.93995833333333,1.9127322333333332,1.30110555325,0.1628070129385171,-0.986657932891657,7.0,-0.17524130105505795,0.20837152489535224,0.5780336565476638,-0.18990078401923643,0.47872741416210024,1.4679653119049538,6.824758698944942,True,6.824758698944942,True,6.824758698944942,True,7.0,False,7.0,False,7.0,6.824758698944942,0.0,-0.38993813974640124,-0.16195479206194022,0.026169028643167586,8,probe_clean
172,Almond_High,2019-06-29,Almond_High,Croplands,36.169669,-120.201004,7.0,7.6,7.3407478896124605,22.74014583333333,1.7311610916666664,1.0874667087499998,0.0430222330045305,-0.99907411510223,7.0,0.37507873608659464,0.21165279042242405,0.4822413552550753,-0.17118304858704428,0.47872741416210024,1.4679653119049538,7.375078736086595,True,7.375078736086595,True,7.375078736086595,True,7.0,False,7.0,False,7.0,7.375078736086595,0.0,0.5999298057996367,0.1797170750227683,0.34558932743737897,8,probe_clean
173,Almond_High,2019-06-30,Almond_High,Croplands,36.169669,-120.201004,7.1,7.1,7.638375450414082,24.589541666666666,1.9849049125,1.2676964542499998,0.025818440227133,-0.9996666485105112,7.1,0.3987562993028637,0.1561341822920684,0.5040274857867402,-0.17977096402568607,0.47872741416210024,1.4679653119049538,7.498756299302864,True,7.498756299302864,True,7.498756299302864,True,7.1,False,7.1,False,7.1,7.498756299302864,0.0,0.5510105322465191,0.23901178456328798,0.40624658109878403,8,probe_clean
174,Almond_High,2019-07-08,Almond_High,Croplands,36.169669,-120.201004,7.1,6.2000003,8.32428100010107,23.018312499999997,1.7283827270833332,1.1091889079791668,-0.1116590071216944,-0.993746580436178,7.1,0.03469738022349771,0.17363809326598617,0.5674506685238662,-0.18234304306798033,0.47872741416210024,1.4679653119049538,7.134697380223497,True,7.134697380223497,True,7.134697380223497,True,7.1,False,7.1,False,7.1,7.134697380223497,0.0,-0.0978236054720178,0.2312607076366019,-0.029344961494090965,8,probe_clean
175,Almond_High,2019-07-15,Almond_High,Croplands,36.169669,-120.201004,7.2,6.6,8.755813183054162,26.97141666666667,2.4617921312499997,1.2272810831666667,-0.2303056702306119,-0.973118337233262,7.2,0.44500266145095774,0.11251832572906223,0.5494320146074526,-0.19011211321014224,0.47872741416210024,1.4679653119049538,7.645002661450958,True,7.645002661450958,True,7.645002661450958,True,7.2,False,7.2,False,7.2,7.645002661450958,0.0,0.5734044725097636,0.3636231409457949,0.3979803708973149,8,probe_clean
176,Almond_High,2019-07-16,Almond_High,Croplands,36.169669,-120.201004,8.0,8.6,8.119102107913621,26.760562499999995,2.2864022229166667,1.3452416034791668,-0.2470221804809352,-0.9690098257244064,8.0,0.9101974072691533,0.3246844379301638,0.6016636298328152,-0.22052167117217975,0.47872741416210024,1.4679653119049538,8.910197407269154,True,8.910197407269154,True,8.910197407269154,True,8.0,False,8.0,False,8.0,8.910197407269154,0.0,1.2646731820855128,0.6272231588715647,0.8386958808503824,8,probe_clean
177,Almond_High,2019-07-23,Almond_High,Croplands,36.169669,-120.201004,6.9,6.0,8.373742786392825,29.27577083333333,2.495309535416667,1.0123814224583334,-0.3617137307297674,-0.9322892131745134,6.9,0.29397135087024634,0.15787451435871433,0.541264786789373,-0.17200189388352422,0.47872741416210024,1.4679653119049538,7.193971350870247,True,7.193971350870247,True,7.193971350870247,True,6.9,False,6.9,False,6.9,7.193971350870247,0.0,0.4237043553687449,0.3400164032122312,0.11819329402976292,8,probe_clean
178,Almond_High,2019-07-24,Almond_High,Croplands,36.169669,-120.201004,6.8,6.8,8.578703696804132,29.909562500000003,2.8793498166666662,1.053463130895833,-0.3777079652039646,-0.92592477719385,6.8,0.3698081922061243,0.20942508527920867,0.5572765571286984,-0.19011211321014224,0.47872741416210024,1.4679653119049538,7.1698081922061245,True,7.1698081922061245,True,7.1698081922061245,True,6.8,False,6.8,False,6.8,7.1698081922061245,0.0,0.6034623041063591,0.1990072227580194,0.30695504975399446,8,probe_clean
179,Almond_High,2019-07-31,Almond_High,Croplands,36.169669,-120.201004,7.0,9.400001,5.851249292140643,26.346375000000005,2.3389832604166663,1.04275549525,-0.4862727071086902,-0.8738071036110807,7.0,0.9516963933595478,0.24377729431431508,0.6187510359150408,3.8131752489594524,0.47872741416210024,1.4679653119049538,7.951696393359548,True,7.951696393359548,True,7.951696393359548,True,7.951696393359548,True,7.951696393359548,True,7.0,7.951696393359548,0.0,1.1877035345574323,0.7008288276343504,0.9665568178868609,8,probe_clean
180,Almond_High,2019-08-01,Almond_High,Croplands,36.169669,-120.201004,6.9,9.2,7.1457172626044,26.438854166666665,2.3351100666666667,1.2727733770625,-0.5012418134457756,-0.8653072543632061,6.9,0.9140550087634361,0.2665516371573105,0.5059718313440583,3.8518992509876373,0.47872741416210024,1.4679653119049538,7.814055008763437,True,7.814055008763437,True,7.814055008763437,True,7.814055008763437,True,7.814055008763437,True,6.9,7.814055008763437,0.0,1.1768492836551738,0.6438985397959112,0.9214172028392236,8,probe_clean
181,Almond_High,2019-08-08,Almond_High,Croplands,36.169669,-120.201004,6.5,4.4,3.4022466793717903,25.290124999999996,2.13728069375,1.1325299682291663,-0.6016240632249227,-0.7987793728863648,6.5,0.43569078539352885,0.09660565836162895,0.5713194231907817,-0.15610100920939018,0.47872741416210024,1.4679653119049538,6.935690785393529,True,6.935690785393529,True,6.935690785393529,True,6.5,False,6.5,False,6.5,6.935690785393529,0.0,0.44327696157457525,0.3355156934034375,0.5282797012025737,8,probe_clean
182,Almond_High,2019-08-09,Almond_High,Croplands,36.169669,-120.201004,6.1,5.3,3.4401615197187154,23.328249999999993,1.845132591666666,1.0310482023541667,-0.6152845999633277,-0.7883050558305253,6.1,0.1386781631915304,0.033078162408587214,0.5477198733836486,-0.13176383160592522,0.47872741416210024,1.4679653119049538,6.23867816319153,True,6.23867816319153,True,6.23867816319153,True,6.1,False,6.1,False,6.1,6.23867816319153,0.0,0.11572159136539217,0.17659338701015864,0.12371951119904034,8,probe_clean
183,Almond_High,2019-08-16,Almond_High,Croplands,36.169669,-120.201004,6.6,10.2,5.888034951632812,31.402604166666663,3.5401962000000005,1.3974476571041663,-0.7055836101071774,-0.7086266782644601,6.6,0.8143345216050809,0.3381861577130984,0.9977265327410663,3.837873027536841,0.47872741416210024,1.4679653119049538,7.41433452160508,True,7.41433452160508,True,7.41433452160508,True,7.41433452160508,True,7.41433452160508,True,6.6,7.277591319299131,0.0,0.9543989264625121,0.4286183805008304,1.0599862578519001,8,probe_clean
184,Almond_High,2019-08-17,Almond_High,Croplands,36.169669,-120.201004,6.5,9.6,4.328370369361669,29.08489583333333,2.9795128791666663,1.362725928979167,-0.7176769136759615,-0.6963762255968726,6.5,0.8012289514192542,0.1767592638784479,0.7362687465750202,3.8237721693575137,0.47872741416210024,1.4679653119049538,7.3012289514192545,True,7.3012289514192545,True,7.3012289514192545,True,7.3012289514192545,True,7.3012289514192545,True,6.5,7.284092050621322,0.0,0.926224809235215,0.598996044737311,0.8784660002852365,8,probe_clean
185,Almond_High,2019-08-24,Almond_High,Croplands,36.169669,-120.201004,6.1,5.9,3.122651735755693,29.355354166666668,2.5381033958333337,1.0926286450208331,-0.7961828637826154,-0.6050560696488494,6.1,0.15591314178894963,0.26153670042495886,0.5725535082148594,-0.146587117700764,0.47872741416210024,1.4679653119049538,6.255913141788949,True,6.255913141788949,True,6.255913141788949,True,6.1,False,6.1,False,6.1,6.255913141788949,0.0,0.34361457656340316,0.266946719082607,-0.1428218702791612,8,probe_clean
186,Almond_High,2019-08-25,Almond_High,Croplands,36.169669,-120.201004,6.2,5.9,4.460997506405191,29.76902083333333,2.73221713125,0.91698561975,-0.8064799463209447,-0.5912614448635782,6.2,0.21656786068918546,0.30085422859753647,0.6711560785279593,-0.20757530419865974,0.47872741416210024,1.4679653119049538,6.416567860689185,True,6.416567860689185,True,6.416567860689185,True,6.2,False,6.2,False,6.2,6.416567860689185,0.0,0.39781604064842174,0.3826052010241297,-0.13071765960499507,8,probe_clean
187,Almond_High,2019-09-01,Almond_High,Croplands,36.169669,-120.201004,5.5,5.6,5.271366576594421,28.29125,2.7707831166666663,1.0621440779375,-0.8717063187093218,-0.4900286664290594,5.5,0.10343635582095095,0.19870691309070357,0.45965007633161326,-0.08003970964009402,0.47872741416210024,1.4679653119049538,5.603436355820951,True,5.603436355820951,True,5.603436355820951,True,5.5,False,5.5,False,5.5,5.603436355820951,0.0,0.25902822055442026,0.17168088370961182,-0.12040003680117924,8,probe_clean
188,Almond_High,2019-09-02,Almond_High,Croplands,36.169669,-120.201004,5.2,6.9,4.522364411969014,29.292791666666673,2.860548602083333,1.2612709586458328,-0.8800122039735356,-0.4749510720670502,5.2,0.011069333247391741,0.11621741677818434,0.4872032404677185,-0.07179012495318357,0.47872741416210024,1.4679653119049538,5.211069333247392,True,5.211069333247392,True,5.211069333247392,True,5.2,False,5.2,False,5.2,5.211069333247392,0.0,0.14398941345506971,-0.07138061526089229,-0.0394007984520022,8,probe_clean
189,Almond_High,2019-09-09,Almond_High,Croplands,36.169669,-120.201004,4.6,8.0,2.2993614706939978,22.087479166666668,1.5535081083333333,1.3275893511666668,-0.9307239310379792,-0.3657225234972692,4.6,-0.13119627819988414,0.1096595267699045,0.5466875111573007,-0.05690993240257909,0.47872741416210024,1.4679653119049538,4.468803721800115,True,4.468803721800115,True,4.468803721800115,True,4.6,False,4.6,False,4.6,4.468803721800115,0.0,-0.233664667861526,-0.015538612091027859,-0.1443855546470986,8,probe_clean
190,Almond_High,2019-09-10,Almond_High,Croplands,36.169669,-120.201004,4.3,7.9,2.672772123423905,20.596645833333326,1.3536909916666666,1.0060338558958335,-0.9368813462954316,-0.3496474552512282,4.3,-0.3244064860331561,0.1321934016891502,0.6950814940135382,-0.1271924541474034,0.47872741416210024,1.4679653119049538,3.9755935139668437,True,3.9755935139668437,True,3.9755935139668437,True,4.3,False,4.3,False,4.3,3.9755935139668437,0.0,-0.4653766061303888,-0.2032197062900574,-0.30462314567902216,8,probe_clean
191,Almond_High,2019-09-18,Almond_High,Croplands,36.169669,-120.201004,4.3,6.8,3.656634996534631,19.987291666666668,1.3321622624999998,1.1402074532500002,-0.9760105506323682,-0.2177232303965322,4.3,-0.38757502135187843,0.15926328100160136,0.5048883987026878,-0.07563807887847372,0.47872741416210024,1.4679653119049538,3.9124249786481213,True,3.9124249786481213,True,3.9124249786481213,True,4.3,False,4.3,False,4.3,3.9124249786481213,0.0,-0.5654979749260158,-0.25833501903337375,-0.33889207009624567,8,probe_clean
192,Almond_High,2019-09-25,Almond_High,Croplands,36.169669,-120.201004,4.0,5.4,5.468041002988417,26.037250000000004,2.346937833333333,1.024367391333333,-0.9951053111006974,-0.0988201387328721,4.0,-0.14665763463143158,0.06817519429534451,0.474543215312336,-0.042154410184439384,0.47872741416210024,1.4679653119049538,3.8533423653685683,True,3.8533423653685683,True,3.8533423653685683,True,4.0,False,4.0,False,4.0,3.8533423653685683,0.0,-0.16131103031867725,-0.20631463341118672,-0.07234724016443085,8,probe_clean
326,Almond_Low,2019-02-06,Almond_Low,Croplands,36.946608,-120.10237,1.3,0.4,1.8916104378351573,5.661873416666666,0.3551032291666667,0.8387170037083332,0.5947266869607634,0.8039279618328213,1.3,-0.45777780150314656,0.10250216011450673,0.6675409712839846,-0.02040276380372324,0.5466674556620883,1.6040522500501797,0.8422221984968534,True,0.8422221984968534,True,0.8422221984968534,True,1.3,False,1.3,False,1.3,0.8682431958351529,0.0,-0.4026008238969117,-0.5760488061779621,-0.394683774434566,4,probe_clean
327,Almond_Low,2019-02-22,Almond_Low,Croplands,36.946608,-120.10237,1.5,2.3,1.6557630003442778,6.407439583333335,0.3977815520833333,0.7103595134583335,0.7909456567567772,0.6118864012687243,1.5,-0.289233717665003,0.12353070762827253,0.4822342438949039,-0.02040276380372324,0.5466674556620883,1.6040522500501797,1.210766282334997,True,1.210766282334997,True,1.210766282334997,True,1.5,False,1.5,False,1.5,1.210766282334997,0.0,-0.17282733943126283,-0.2760436153812147,-0.4188301981825314,4,probe_clean
328,Almond_Low,2019-03-10,Almond_Low,Croplands,36.946608,-120.10237,2.0,2.4,2.29361171811958,10.397898604166668,0.3987153958333334,0.94209642225,0.9275416835791966,0.373719714790469,2.0,-0.1063860019303589,0.17008115789220193,0.3253527814257106,-0.02040276380372324,0.5466674556620883,1.6040522500501797,1.8936139980696411,True,1.8936139980696411,True,1.8936139980696411,True,2.0,False,2.0,False,2.0,1.8936139980696411,0.0,0.08406324856795469,-0.16008458103465514,-0.24313667332437622,4,probe_clean
329,Almond_Low,2019-03-17,Almond_Low,Croplands,36.946608,-120.10237,2.9,3.8,2.524041628086273,15.8386950625,0.7495445583333332,0.8923081649166664,0.9657399376548548,0.2595117970697999,2.9,-0.11932272112438691,0.023776220954824803,0.49979401108647237,-0.015756472188272263,0.5466674556620883,1.6040522500501797,2.780677278875613,True,2.780677278875613,True,2.780677278875613,True,2.9,False,2.9,False,2.9,2.780677278875613,0.0,-0.12389967053061322,-0.09359075407281414,-0.14047773876973332,4,probe_clean
330,Almond_Low,2019-03-18,Almond_Low,Croplands,36.946608,-120.10237,3.0,3.8,2.8838645862980563,18.115967458333326,0.9806002937499998,0.8315088097708334,0.970063921851507,0.2428497220959356,3.0,0.04190948290561134,0.05729467933442244,0.6041452523170221,-0.015756472188272263,0.5466674556620883,1.6040522500501797,3.0419094829056115,True,3.0419094829056115,True,3.0419094829056115,True,3.0,False,3.0,False,3.0,3.0419094829056115,0.0,0.05344028058463199,-0.02027365081131509,0.09256181894351712,4,probe_clean
331,Almond_Low,2019-03-26,Almond_Low,Croplands,36.946608,-120.10237,2.8,3.8,3.0326500211025853,15.952093354166664,0.4175505770833334,1.1613704548333337,0.994217906893952,0.107381346664163,2.8,-0.06670093747977536,0.03339389099830142,0.37931881090140457,-0.015756472188272263,0.5466674556620883,1.6040522500501797,2.7332990625202243,True,2.7332990625202243,True,2.7332990625202243,True,2.8,False,2.8,False,2.8,2.7332990625202243,0.0,-0.0915882346523546,-0.07976451895849346,-0.028750058828478017,4,probe_clean
332,Almond_Low,2019-04-10,Almond_Low,Croplands,36.946608,-120.10237,4.9,7.8,5.704806558352876,14.49127333333334,0.7260157791666665,2.3447545333124995,0.9886775902323404,-0.1500553983446526,4.9,-0.9373425352902481,0.07044703861451361,0.906811045027822,-0.48241338774934645,0.5466674556620883,1.6040522500501797,3.962657464709752,True,3.962657464709752,True,3.962657464709752,True,4.9,False,4.9,False,4.9,3.962657464709752,0.0,-0.9031120852765959,-0.8905516379890204,-1.0183638826051278,4,probe_clean
333,Almond_Low,2019-04-18,Almond_Low,Croplands,36.946608,-120.10237,4.9,5.3,5.3467152136162825,21.1858336875,1.0004493395833334,0.8580438943750001,0.9587178169872964,-0.2843591872810034,4.9,-0.3803057450893638,0.17012532960270113,0.513339575340607,-0.06962760166242331,0.5466674556620883,1.6040522500501797,4.519694254910637,True,4.519694254910637,True,4.519694254910637,True,4.9,False,4.9,False,4.9,4.519694254910637,0.0,-0.37301176117224794,-0.2139447192329071,-0.5539607548629364,4,probe_clean
334,Almond_Low,2019-04-19,Almond_Low,Croplands,36.946608,-120.10237,4.6,4.8,6.3199115003830215,22.65304508333334,1.1103304895833337,1.1580305953541667,0.9536809966304456,-0.3008198076356673,4.6,-0.17086032047844715,0.14155962284470167,0.49681399294125994,-0.0841653843374995,0.5466674556620883,1.6040522500501797,4.429139679521552,True,4.429139679521552,True,4.429139679521552,True,4.6,False,4.6,False,4.6,4.429139679521552,0.0,-0.04927891510592487,-0.13703285249614175,-0.32626919383327485,4,probe_clean
335,Almond_Low,2019-04-26,Almond_Low,Croplands,36.946608,-120.10237,5.6,5.5,8.029802020374753,23.91012402083332,1.5301104541666664,1.449476814333333,0.9106046300942164,-0.4132786077829042,5.6,-0.4461183734969705,0.16830302086049181,0.5343911053397432,-0.08084261773747149,0.5466674556620883,1.6040522500501797,5.153881626503029,True,5.153881626503029,True,5.153881626503029,True,5.6,False,5.6,False,5.6,5.153881626503029,0.0,-0.4242797705444883,-0.289800677282569,-0.6242746726638543,4,probe_clean
336,Almond_Low,2019-05-04,Almond_Low,Croplands,36.946608,-120.10237,5.2,4.1,6.961226061843447,20.181915666666665,1.26209908125,1.3703530395833334,0.8452490573530633,-0.5343725582809787,5.2,-0.2386559842046366,0.12422847314762661,0.5482469746987034,-0.06537045039790455,0.5466674556620883,1.6040522500501797,4.961344015795364,True,4.961344015795364,True,4.961344015795364,True,5.2,False,5.2,False,5.2,4.961344015795364,0.0,-0.10350354267935089,-0.26460196712378087,-0.347862442810778,4,probe_clean
337,Almond_Low,2019-05-05,Almond_Low,Croplands,36.946608,-120.10237,5.7,4.5,7.127940882260551,17.540463270833335,0.8928197874999998,1.9051225912500005,0.835925479418637,-0.548842958284719,5.7,-0.9834358395375812,0.09142812159276612,0.6080984869507906,-0.13012560421905633,0.5466674556620883,1.6040522500501797,4.716564160462419,True,4.716564160462419,True,4.716564160462419,True,5.7,False,5.7,False,5.7,4.716564160462419,0.0,-0.8901776212380874,-0.9872131114141773,-1.072916785960479,4,probe_clean
338,Almond_Low,2019-05-12,Almond_Low,Croplands,36.946608,-120.10237,6.2,5.1,7.522209078404701,22.1876030625,1.1686254395833335,1.3524520074166666,0.7638886127905428,-0.6453481132295501,6.2,-0.5205642795266495,0.07509674732806786,0.5742599872253155,-0.09608696282107106,0.5466674556620883,1.6040522500501797,5.679435720473351,True,5.679435720473351,True,5.679435720473351,True,6.2,False,6.2,False,6.2,5.679435720473351,0.0,-0.6072361757914511,-0.4795752991514357,-0.47488136363706174,4,probe_clean
339,Almond_Low,2019-05-13,Almond_Low,Croplands,36.946608,-120.10237,5.5,5.3,7.973218843316537,21.31819664583333,1.4232596687500003,2.00876494475,0.7526668275320084,-0.6584015846980488,5.5,-0.6154565156461568,0.20365494860222222,0.522898734131475,-0.07724631388783629,0.5466674556620883,1.6040522500501797,4.884543484353843,True,4.884543484353843,True,4.884543484353843,True,5.5,False,5.5,False,5.5,4.884543484353843,0.0,-0.6979945171316708,-0.3834889390742742,-0.7648860907325252,4,probe_clean
340,Almond_Low,2019-05-29,Almond_Low,Croplands,36.946608,-120.10237,5.3,4.7000003,7.392407289385437,22.647652166666663,0.9500450583333332,1.1139323658541664,0.545240438540651,-0.8382797052177743,5.3,-0.3734531823977873,0.1489946735092843,0.6346843651363648,-0.06537045039790455,0.5466674556620883,1.6040522500501797,4.926546817602213,True,4.926546817602213,True,4.926546817602213,True,5.3,False,5.3,False,5.3,4.926546817602213,0.0,-0.2156755776544228,-0.5117480729694446,-0.3929358965694944,4,probe_clean
341,Almond_Low,2019-08-01,Almond_Low,Croplands,36.946608,-120.10237,4.7,9.2,6.648672675544519,26.50460895833333,1.8675169479166664,1.6544935247083332,-0.5012418134457756,-0.8653072543632061,4.7,0.12721417825212125,0.17341232837631868,0.6625230705343474,-0.08060397039743653,0.5466674556620883,1.6040522500501797,4.827214178252121,True,4.827214178252121,True,4.827214178252121,True,4.7,False,4.7,False,4.7,4.827214178252121,0.0,0.20922155103023254,-0.0719916849248032,0.24441266865093442,4,probe_clean
342,Almond_Low,2019-08-08,Almond_Low,Croplands,36.946608,-120.10237,6.1,4.4,7.2335499704908655,24.7692899375,1.7674347479166668,1.8288829218333331,-0.6016240632249227,-0.7987793728863648,6.1,0.3665230626015348,0.3171977795991906,0.6025154138352613,-0.18221830640162373,0.5466674556620883,1.6040522500501797,6.466523062601534,True,6.466523062601534,True,6.466523062601534,True,6.1,False,6.1,False,6.1,6.466523062601534,0.0,0.13237584715093675,0.7275141615102361,0.23967917914343156,4,probe_clean
343,Almond_Low,2019-08-09,Almond_Low,Croplands,36.946608,-120.10237,5.6,5.3,6.799555617257397,23.47849885416667,1.50173118125,1.7391302048750006,-0.6152845999633277,-0.7883050558305253,5.6,-0.29405309524454604,0.21015391709988362,0.4002323141071714,-0.08192137305377141,0.5466674556620883,1.6040522500501797,5.305946904755453,True,5.305946904755453,True,5.305946904755453,True,5.6,False,5.6,False,5.6,5.305946904755453,0.0,-0.3641169274860001,-0.05781739329672332,-0.4602249649509147,4,probe_clean
344,Almond_Low,2019-08-16,Almond_Low,Croplands,36.946608,-120.10237,6.0,10.2,5.69642270257109,30.87081233333333,2.9405996625,1.1200960508958333,-0.7055836101071774,-0.7086266782644601,6.0,0.4977818227594628,0.1447110799275728,0.8774102771736917,-0.07302405253288977,0.5466674556620883,1.6040522500501797,6.497781822759463,True,6.497781822759463,True,6.497781822759463,True,6.0,False,6.0,False,6.0,6.350943246451981,0.0,0.5734701279234118,0.33092310898433824,0.5889522313706383,4,probe_clean
345,Almond_Low,2019-08-17,Almond_Low,Croplands,36.946608,-120.10237,5.7,9.6,7.086318906410789,27.55138625000001,2.0043302666666665,1.4280659874999997,-0.7176769136759615,-0.6963762255968726,5.7,0.22546948749298115,0.14922236568455421,0.6479536924193012,-0.07302405253288977,0.5466674556620883,1.6040522500501797,5.925469487492982,True,5.925469487492982,True,5.925469487492982,True,5.7,False,5.7,False,5.7,5.925469487492982,0.0,0.3229654275286244,0.053684040753960854,0.29975899419635826,4,probe_clean
346,Almond_Low,2019-08-24,Almond_Low,Croplands,36.946608,-120.10237,5.1,5.9,3.5407425045609524,29.40284808333331,2.152034179166665,1.4312444027083338,-0.7961828637826154,-0.6050560696488494,5.1,-0.8061193456514086,0.17086540406455022,0.44212937238188965,-0.06399212532036436,0.5466674556620883,1.6040522500501797,4.293880654348591,True,4.293880654348591,True,4.293880654348591,True,5.1,False,5.1,False,5.1,4.293880654348591,0.0,-0.6088390050108115,-0.9070696466367227,-0.9024493853066919,4,probe_clean
347,Almond_Low,2019-08-25,Almond_Low,Croplands,36.946608,-120.10237,5.3,5.9,3.1437296243920243,30.043662479166674,2.5730156541666664,1.4057649057708337,-0.8064799463209447,-0.5912614448635782,5.3,-0.7609898266424416,0.21756645683038076,0.45452502659136274,-0.06507088063666427,0.5466674556620883,1.6040522500501797,4.539010173357558,True,4.539010173357558,True,4.539010173357558,True,5.3,False,5.3,False,5.3,4.539010173357558,0.0,-0.5291873073002943,-0.9607711027518839,-0.7930110698751467,4,probe_clean
348,Almond_Low,2019-09-01,Almond_Low,Croplands,36.946608,-120.10237,4.9,5.6,4.550065609532261,28.53131735416667,2.41042161875,1.1387773785416666,-0.8717063187093218,-0.4900286664290594,4.9,-0.5504904823867173,0.2630874278758024,0.4166628454013862,-0.015856366907068303,0.5466674556620883,1.6040522500501797,4.349509517613283,True,4.349509517613283,True,4.349509517613283,True,4.9,False,4.9,False,4.9,4.349509517613283,0.0,-0.296438997592977,-0.8217673149419551,-0.53326513462522,4,probe_clean
349,Almond_Low,2019-09-02,Almond_Low,Croplands,36.946608,-120.10237,4.7,6.9,4.548655047673432,29.339762020833327,2.4440903916666668,1.3080966727499994,-0.8800122039735356,-0.4749510720670502,4.7,-0.5700083438039202,0.11443512998416074,0.44014949550634774,-0.11821667430116306,0.5466674556620883,1.6040522500501797,4.12999165619608,True,4.12999165619608,True,4.12999165619608,True,4.7,False,4.7,False,4.7,4.12999165619608,0.0,-0.5745892723579049,-0.6820842220175367,-0.45335153703631914,4,probe_clean
350,Almond_Low,2019-09-09,Almond_Low,Croplands,36.946608,-120.10237,4.4,8.0,4.468492508518388,22.046893,1.2095451687499998,1.5707096098749993,-0.9307239310379792,-0.3657225234972692,4.4,-0.1088065098649887,0.08655476927674462,0.4329225564913699,-0.16316814779598998,0.5466674556620883,1.6040522500501797,4.2911934901350115,True,4.2911934901350115,True,4.2911934901350115,True,4.4,False,4.4,False,4.4,4.2911934901350115,0.0,-0.18584343053464034,-0.0151453915886577,-0.12543070747166807,4,probe_clean
351,Almond_Low,2019-09-10,Almond_Low,Croplands,36.946608,-120.10237,4.2,7.9,3.797136659405417,21.2013255625,1.118097891666667,1.6242599378958331,-0.9368813462954316,-0.3496474552512282,4.2,-0.1710176910317677,0.05572747150875013,0.4183212097997477,-0.0869287417590093,0.5466674556620883,1.6040522500501797,4.028982308968232,True,4.028982308968232,True,4.028982308968232,True,4.2,False,4.2,False,4.2,4.028982308968232,0.0,-0.2163760684309883,-0.10880985094432276,-0.18786715371999213,4,probe_clean
352,Almond_Low,2019-09-18,Almond_Low,Croplands,36.946608,-120.10237,3.9,6.8,3.728166855289929,20.64360725,0.9662223916666668,1.3581152215208332,-0.9760105506323682,-0.2177232303965322,3.9,-0.29002207202926283,0.07064182256582088,0.4422249313897778,-0.07076770074406857,0.5466674556620883,1.6040522500501797,3.609977927970737,True,3.609977927970737,True,3.609977927970737,True,3.9,False,3.9,False,3.9,3.609977927970737,0.0,-0.3700746364744716,-0.26355887536010825,-0.23643270425320873,4,probe_clean
353,Almond_Low,2019-09-25,Almond_Low,Croplands,36.946608,-120.10237,3.3,5.4,3.4695325006346898,27.38949491666667,2.0275214583333336,0.9722431486458336,-0.9951053111006974,-0.0988201387328721,3.3,-0.01869096487708841,0.06940564863972756,0.5755643773406944,-0.06822268083964479,0.5466674556620883,1.6040522500501797,3.2813090351229115,True,3.2813090351229115,True,3.2813090351229115,True,3.3,False,3.3,False,3.3,3.2813090351229115,0.0,-0.04437665844485357,-0.07159253171564578,0.05989629552923412,4,probe_clean
493,Almond_Med,2019-01-04,Almond_High,Croplands,36.177669,-120.202644999999,1.6,2.5,0.4967579554620914,7.660625666666667,0.4878744354166666,1.2595058887708332,0.0688024268023198,0.9976303053065856,1.6,0.08851544613689244,0.13391586950953102,0.49026909272834746,-0.03230978238378242,0.47872741416210024,1.4679653119049538,1.6885154461368925,True,1.6885154461368925,True,1.6885154461368925,True,1.6,False,1.6,False,1.6,1.6885154461368925,0.0,0.05045992298935387,0.23734033007849048,-0.022253914657167,8,probe_clean
494,Almond_Med,2019-01-12,Almond_High,Croplands,36.177669,-120.202644999999,1.2,0.7,1.3200913956787974,12.35515833333333,0.3845137083333333,1.0931301675833331,0.2051044998686192,0.9787400799669153,1.2,-0.1638890817530573,0.087783973840098,0.4325728074354231,-0.027840523973417727,0.47872741416210024,1.4679653119049538,1.0361109182469426,True,1.0361109182469426,True,1.0361109182469426,True,1.2,False,1.2,False,1.2,1.037942821327346,0.0,-0.06314296547548692,-0.20458272335990674,-0.22394155642377828,8,probe_clean
495,Almond_Med,2019-01-13,Almond_High,Croplands,36.177669,-120.202644999999,0.9,0.7,0.5927960755455799,9.969252083333334,0.2591526541666667,1.0955660710416664,0.2219215130041655,0.9750645322571948,0.9,-0.12042210180299888,0.051863473222819846,0.37710716998841776,-0.023702496934689257,0.47872741416210024,1.4679653119049538,0.7795778981970012,True,0.7795778981970012,True,0.7795778981970012,True,0.9,False,0.9,False,0.9,0.7727325261646332,0.0,-0.0883328040455053,-0.09267716765327487,-0.1802563337102165,8,probe_clean
496,Almond_Med,2019-02-05,Almond_High,Croplands,36.177669,-120.202644999999,1.1,0.4,1.7376999281630885,6.493308333333332,0.2140663333333333,1.6844255604374991,0.5808002734538009,0.8140460935082178,1.1,-0.07715532719429989,0.08399379399739254,0.7144723073456366,-0.027840523973417727,0.47872741416210024,1.4679653119049538,1.0228446728057001,True,1.0228446728057001,True,1.0228446728057001,True,1.1,False,1.1,False,1.1,0.9454508796682055,0.0,-0.11767654090854833,-0.13320645507974044,0.01941701440538912,8,probe_clean
497,Almond_Med,2019-02-06,Almond_High,Croplands,36.177669,-120.202644999999,1.5,0.4,1.3035744443468351,5.822326895833334,0.2419708458333334,1.2650887441250005,0.5947266869607634,0.8039279618328213,1.5,-0.3079997838137585,0.06440394874025072,0.7370752070095027,-0.04068058808097419,0.47872741416210024,1.4679653119049538,1.1920002161862415,True,1.1920002161862415,True,1.1920002161862415,True,1.5,False,1.5,False,1.5,1.1160688579918452,0.0,-0.330005066539824,-0.3585170112936149,-0.23547727360783657,8,probe_clean
498,Almond_Med,2019-02-22,Almond_High,Croplands,36.177669,-120.202644999999,1.9,2.3,1.884147348579491,6.8743500000000015,0.41587675,1.9663993702291664,0.7909456567567772,0.6118864012687243,1.9,-0.6214595802604447,0.1082497946345807,0.38447717386577657,-0.009321776544598464,0.47872741416210024,1.4679653119049538,1.2785404197395551,True,1.2785404197395551,True,1.2785404197395551,True,1.9,False,1.9,False,1.9,1.2785404197395551,0.0,-0.7389227868820412,-0.5257169737741312,-0.5997389801251618,8,probe_clean
499,Almond_Med,2019-03-09,Almond_High,Croplands,36.177669,-120.202644999999,2.0,4.2000003,1.2100260298915615,8.130858333333334,0.2986599708333333,1.2682278787083336,0.9209712877166346,0.3896304495307879,2.0,-0.5940435252521016,0.03548259239638306,0.49546068974946456,0.05959377790765,0.47872741416210024,1.4679653119049538,1.4059564747478985,True,1.4059564747478985,True,1.4059564747478985,True,1.4059564747478985,True,1.4059564747478985,True,2.0,1.4059564747478985,0.0,-0.5833878825724101,-0.6336329478750151,-0.5651097453088795,8,probe_clean
500,Almond_Med,2019-03-10,Almond_High,Croplands,36.177669,-120.202644999999,2.5,2.4,1.088446013897186,8.18315,0.2909610583333333,0.9945202288333334,0.9275416835791966,0.373719714790469,2.5,-0.6849824597467401,0.10352248941697273,0.5042933701817824,0.0024300980482588434,0.47872741416210024,1.4679653119049538,1.81501754025326,True,1.81501754025326,True,1.81501754025326,True,1.81501754025326,True,1.81501754025326,True,2.5,1.81501754025326,0.0,-0.6291366711523053,-0.8044359048851193,-0.6213748032027957,8,probe_clean
501,Almond_Med,2019-03-17,Almond_High,Croplands,36.177669,-120.202644999999,3.3,3.8,2.2185804301029424,15.227447916666666,0.8241914520833333,1.2810232907916668,0.9657399376548548,0.2595117970697999,3.3,-0.5108157756645813,0.05091501706502475,0.34918258555943105,0.03906804798885789,0.47872741416210024,1.4679653119049538,2.7891842243354183,True,2.7891842243354183,True,2.7891842243354183,True,2.7891842243354183,True,2.7891842243354183,True,3.3,2.7891842243354183,0.0,-0.4904030192878045,-0.4732746042241297,-0.5687697034818096,8,probe_clean
502,Almond_Med,2019-03-18,Almond_High,Croplands,36.177669,-120.202644999999,3.6,3.8,2.657472395453224,17.5167875,1.0533893395833338,1.2828536198749998,0.970063921851507,0.2428497220959356,3.6,-0.5120485194594564,0.01883173842327512,0.3844486202220883,0.0496120534418794,0.47872741416210024,1.4679653119049538,3.0879514805405437,True,3.0879514805405437,True,3.0879514805405437,True,3.0879514805405437,True,3.0879514805405437,True,3.6,3.0879514805405437,0.0,-0.5334397649373301,-0.4979698012856158,-0.5047359921554233,8,probe_clean
503,Almond_Med,2019-03-26,Almond_High,Croplands,36.177669,-120.202644999999,3.8,3.8,3.095517031870532,15.13465416666667,0.5635031729166666,1.0371748335,0.994217906893952,0.107381346664163,3.8,-0.690287845202804,0.11410510616091209,0.419743894081805,-0.05479128377449176,0.47872741416210024,1.4679653119049538,3.109712154797196,True,3.109712154797196,True,3.109712154797196,True,3.8,False,3.8,False,3.8,3.109712154797196,0.0,-0.5674627898962774,-0.7104029202263404,-0.7929978254857941,8,probe_clean
504,Almond_Med,2019-04-02,Almond_High,Croplands,36.177669,-120.202644999999,4.2,4.8,4.014294125621669,16.06308333333333,0.57721340625,1.0988751221458333,0.999916658654738,-0.0129102960750088,4.2,-0.860605946499207,0.12959874450169914,0.4287688621628288,-0.044452945397894766,0.47872741416210024,1.4679653119049538,3.339394053500793,True,3.339394053500793,True,3.339394053500793,True,4.2,False,4.2,False,4.2,3.339394053500793,0.0,-0.7670934221161412,-0.8061822185047027,-1.008542198876777,8,probe_clean
505,Almond_Med,2019-04-10,Almond_High,Croplands,36.177669,-120.202644999999,5.3,7.8,6.5229726559248284,15.710895833333336,1.07860169375,2.644520285052084,0.9886775902323404,-0.1500553983446526,5.3,-0.1273636942134764,0.24415804759964624,0.9397983288587504,-0.11776798187457364,0.47872741416210024,1.4679653119049538,5.172636305786523,True,5.172636305786523,True,5.172636305786523,True,5.3,False,5.3,False,5.3,5.172636305786523,0.0,0.14489061931936903,-0.2000767848767038,-0.3269049170830945,8,probe_clean
506,Almond_Med,2019-04-18,Almond_High,Croplands,36.177669,-120.202644999999,5.4,5.3,5.684689199295068,19.26431250000001,0.94129301875,1.0011849076875,0.9587178169872964,-0.2843591872810034,5.4,-1.0143547781408901,0.04298108458521979,0.5515712738658629,-0.06981504919191797,0.47872741416210024,1.4679653119049538,4.38564522185911,True,4.38564522185911,True,4.38564522185911,True,5.4,False,5.4,False,5.4,4.38564522185911,0.0,-1.0630535512522927,-0.9982936818313681,-0.9817171013390094,8,probe_clean
507,Almond_Med,2019-04-19,Almond_High,Croplands,36.177669,-120.202644999999,5.2,4.8,6.879776452786238,21.88933333333333,1.31680455625,1.0936691565208332,0.9536809966304456,-0.3008198076356673,5.2,-0.7171654186559815,0.17197389681790742,0.4350975498049056,-0.0637833939567581,0.47872741416210024,1.4679653119049538,4.482834581344019,True,4.482834581344019,True,4.482834581344019,True,5.2,False,5.2,False,5.2,4.482834581344019,0.0,-0.7038499038906569,-0.8954100169870018,-0.5522363350902859,8,probe_clean
508,Almond_Med,2019-04-26,Almond_High,Croplands,36.177669,-120.202644999999,6.1,5.5,7.531990005989967,24.087000000000003,1.7385346354166666,1.2145266160624997,0.9106046300942164,-0.4132786077829042,6.1,-0.6907800713787359,0.2860097150666552,0.6381920170565518,-0.37191415199597117,0.47872741416210024,1.4679653119049538,5.409219928621264,True,5.409219928621264,True,5.409219928621264,True,6.1,False,6.1,False,6.1,5.409219928621264,0.0,-0.8095603625965153,-0.8982606602578636,-0.3645191912818287,8,probe_clean
509,Almond_Med,2019-04-27,Almond_High,Croplands,36.177669,-120.202644999999,5.8,5.6,6.699277334922902,21.924875,1.44415545,1.1553381400625002,0.9033558023246844,-0.4288919379124835,5.8,-0.8181095167160235,0.21723778105857697,0.4542076784939553,-0.2861895717903105,0.47872741416210024,1.4679653119049538,4.981890483283976,True,4.981890483283976,True,4.981890483283976,True,5.8,False,5.8,False,5.8,4.981890483283976,0.0,-0.9463163116702036,-0.9407265434429741,-0.567285695034893,8,probe_clean
510,Almond_Med,2019-05-04,Almond_High,Croplands,36.177669,-120.202644999999,6.2,4.1,7.083874796515891,20.164791666666662,1.4308945062499998,1.026813369125,0.8452490573530633,-0.5343725582809787,6.2,-0.963169551247041,0.09803325770725024,0.799853827367745,-0.4374065461238918,0.47872741416210024,1.4679653119049538,5.2368304487529596,True,5.2368304487529596,True,5.2368304487529596,True,6.2,False,6.2,False,6.2,5.2368304487529596,0.0,-0.9168144301454293,-1.075783802688316,-0.8969104209073777,8,probe_clean
511,Almond_Med,2019-05-05,Almond_High,Croplands,36.177669,-120.202644999999,5.6,4.5,5.437040758714623,17.506583333333335,0.9841369041666668,1.5297313753750004,0.835925479418637,-0.548842958284719,5.6,-1.3090256146656367,0.056853777391432166,0.5273351904445538,0.16052329955616462,0.47872741416210024,1.4679653119049538,4.290974385334363,True,4.290974385334363,True,4.290974385334363,True,4.290974385334363,True,4.290974385334363,True,5.6,4.290974385334363,0.0,-1.3326702263345833,-1.3502415144752373,-1.2441651031870897,8,probe_clean
512,Almond_Med,2019-05-12,Almond_High,Croplands,36.177669,-120.202644999999,6.7,5.1,7.598497850217846,21.78520833333333,1.1278306,1.1944759062708332,0.7638886127905428,-0.6453481132295501,6.7,-1.054232336300833,0.24325452367412584,0.7016132693014261,-0.35225216476127075,0.47872741416210024,1.4679653119049538,5.645767663699167,True,5.645767663699167,True,5.645767663699167,True,6.7,False,6.7,False,6.7,5.645767663699167,0.0,-1.0300682496038926,-1.3086670895031502,-0.8239616697954564,8,probe_clean
513,Almond_Med,2019-05-13,Almond_High,Croplands,36.177669,-120.202644999999,6.3,5.3,7.985414679669988,20.80747916666667,1.3989133145833332,1.0751165088333332,0.7526668275320084,-0.6584015846980488,6.3,-0.9966733199209661,0.20627813963487307,0.6077642138617793,-0.3974774262054228,0.47872741416210024,1.4679653119049538,5.303326680079033,True,5.303326680079033,True,5.303326680079033,True,6.3,False,6.3,False,6.3,5.303326680079033,0.0,-0.975125537384872,-1.2128795374963814,-0.8020148848816446,8,probe_clean
514,Almond_Med,2019-06-05,Almond_High,Croplands,36.177669,-120.202644999999,7.0,5.6,8.188849664747655,28.772854166666654,1.9589752354166672,1.109418691614583,0.440518784350495,-0.8977433935342337,7.0,-0.2983635091036057,0.03176155587868661,0.6432799882185226,-0.13705205907889614,0.47872741416210024,1.4679653119049538,6.701636490896394,True,6.701636490896394,True,6.701636490896394,True,7.0,False,7.0,False,7.0,6.701636490896394,0.0,-0.3147848679392192,-0.31855266528970605,-0.26175299408189195,8,probe_clean
515,Almond_Med,2019-06-06,Almond_High,Croplands,36.177669,-120.202644999999,7.6,4.0,9.651086759706612,25.5023125,1.8677736270833325,1.6075235452083338,0.4250003399695541,-0.9051931898913974,7.6,-0.07032707235575003,0.09538093325366732,0.9451004198744164,-0.21768963780099923,0.47872741416210024,1.4679653119049538,7.52967292764425,True,7.52967292764425,True,7.52967292764425,True,7.6,False,7.6,False,7.6,7.52967292764425,0.0,-0.08571624168253356,-0.15707772329963615,0.031812747914919615,8,probe_clean
516,Almond_Med,2019-06-13,Almond_High,Croplands,36.177669,-120.202644999999,7.2,6.5,9.67240908249464,26.609520833333324,1.8875901375,1.2761165292291663,0.3131070409358269,-0.9497178427914316,7.2,-0.1294366254348823,0.154883723916862,0.4775222416210891,-0.17977096402568607,0.47872741416210024,1.4679653119049538,7.0705633745651175,True,7.0705633745651175,True,7.0705633745651175,True,7.2,False,7.2,False,7.2,7.0705633745651175,0.0,-0.06799256288505723,-0.30561462364613134,-0.014702689773458316,8,probe_clean
517,Almond_Med,2019-06-14,Almond_High,Croplands,36.177669,-120.202644999999,7.1,7.5,9.340427331282118,24.48710416666667,1.6033128124999998,1.1135197341458334,0.2967128192734907,-0.9549667548552552,7.1,0.17935340031348443,0.1674669899182886,0.4552329931035607,-0.17118304858704428,0.47872741416210024,1.4679653119049538,7.279353400313484,True,7.279353400313484,True,7.279353400313484,True,7.1,False,7.1,False,7.1,7.279353400313484,0.0,0.3618759006637175,0.03278080083538534,0.14340349944135045,8,probe_clean
518,Almond_Med,2019-06-21,Almond_High,Croplands,36.177669,-120.202644999999,6.9,10.3,9.261909827872207,21.987333333333336,1.2854449479166663,1.2904832141458331,0.1797665857255624,-0.9837092937736096,6.9,0.8596555589180858,0.03846975641032937,0.7935157836905875,3.857668813494558,0.47872741416210024,1.4679653119049538,7.7596555589180864,True,7.7596555589180864,True,7.7596555589180864,True,7.7596555589180864,True,7.7596555589180864,True,6.9,7.616268490428535,0.0,0.8287538428365722,0.9027421748764974,0.847470659041188,8,probe_clean
519,Almond_Med,2019-06-22,Almond_High,Croplands,36.177669,-120.202644999999,7.0,5.2000003,9.605850717802094,23.27735416666667,1.6624916958333331,1.2811016262083337,0.1628070129385171,-0.986657932891657,7.0,-0.3114293090461389,0.16308838186761565,0.5586814435126127,-0.1928688265221467,0.47872741416210024,1.4679653119049538,6.688570690953861,True,6.688570690953861,True,6.688570690953861,True,7.0,False,7.0,False,7.0,6.688570690953861,0.0,-0.46109110063312037,-0.33558746014384927,-0.13760936636144702,8,probe_clean
520,Almond_Med,2019-06-29,Almond_High,Croplands,36.177669,-120.202644999999,7.0,7.6,8.64183187739102,22.13808333333333,1.2943149708333332,1.0140801116458331,0.0430222330045305,-0.99907411510223,7.0,0.13640654008017603,0.1899952573943351,0.5303389218419724,-0.17118304858704428,0.47872741416210024,1.4679653119049538,7.136406540080176,True,7.136406540080176,True,7.136406540080176,True,7.0,False,7.0,False,7.0,7.136406540080176,0.0,0.35222747614766853,-0.005624163863556825,0.06261630795641643,8,probe_clean
521,Almond_Med,2019-06-30,Almond_High,Croplands,36.177669,-120.202644999999,7.1,7.1,8.29205132435783,23.968583333333324,1.5751397395833333,1.2070461863541668,0.025818440227133,-0.9996666485105112,7.1,0.18629776506239457,0.11364406393033619,0.5145808984908449,-0.17977096402568607,0.47872741416210024,1.4679653119049538,7.286297765062394,True,7.286297765062394,True,7.286297765062394,True,7.1,False,7.1,False,7.1,7.286297765062394,0.0,0.3032090256164894,0.0762302065774052,0.17945406299328914,8,probe_clean
522,Almond_Med,2019-07-08,Almond_High,Croplands,36.177669,-120.202644999999,7.1,6.2000003,8.707458789912966,22.625125,1.4910677583333334,1.0982344480416666,-0.1116590071216944,-0.993746580436178,7.1,-0.10378579397446837,0.18737175630450484,0.5746068590840157,-0.1922150646726265,0.47872741416210024,1.4679653119049538,6.996214206025531,True,6.996214206025531,True,6.996214206025531,True,7.1,False,7.1,False,7.1,6.996214206025531,0.0,-0.2428167266172705,0.10929490103058442,-0.17783555633671902,8,probe_clean
523,Almond_Med,2019-07-15,Almond_High,Croplands,36.177669,-120.202644999999,7.2,6.6,8.321812441225267,26.4671875,2.191667731250001,1.27144303325,-0.2303056702306119,-0.973118337233262,7.2,0.3732326942310835,0.0740890501348452,0.5390392985961954,-0.1776598738898,0.47872741416210024,1.4679653119049538,7.573232694231084,True,7.573232694231084,True,7.573232694231084,True,7.2,False,7.2,False,7.2,7.573232694231084,0.0,0.45647329416081966,0.34871324928538966,0.3145115392470413,8,probe_clean
524,Almond_Med,2019-07-16,Almond_High,Croplands,36.177669,-120.202644999999,8.0,8.6,9.596924605958392,26.267125,1.9786042145833331,1.3759297488749995,-0.2470221804809352,-0.9690098257244064,8.0,0.7795424421367173,0.2898439132542537,0.6039674634974465,-0.2545304439337138,0.47872741416210024,1.4679653119049538,8.779542442136718,True,8.779542442136718,True,8.779542442136718,True,8.0,False,8.0,False,8.0,8.779542442136718,0.0,1.1116803558890478,0.5777971802847495,0.649149790236355,8,probe_clean
525,Almond_Med,2019-07-23,Almond_High,Croplands,36.177669,-120.202644999999,6.9,6.0,8.144803960753983,29.22156249999999,2.33682509375,0.9672652875416664,-0.3617137307297674,-0.9322892131745134,6.9,0.2570637599946685,0.1901971041030268,0.5374377875069818,-0.17200189388352422,0.47872741416210024,1.4679653119049538,7.157063759994669,True,7.157063759994669,True,7.157063759994669,True,6.9,False,6.9,False,6.9,7.157063759994669,0.0,0.3865270010756116,0.3459693430078637,0.038694935900530275,8,probe_clean
526,Almond_Med,2019-07-24,Almond_High,Croplands,36.177669,-120.202644999999,6.8,6.8,7.460663775410389,29.44002083333334,2.53357405,1.0657764940625,-0.3777079652039646,-0.92592477719385,6.8,0.278113130368719,0.18842112975262834,0.532886263357877,-0.17977096402568607,0.47872741416210024,1.4679653119049538,7.078113130368719,True,7.078113130368719,True,7.078113130368719,True,6.8,False,6.8,False,6.8,7.078113130368719,0.0,0.49566675145078914,0.17164686149925923,0.16702577815610858,8,probe_clean
527,Almond_Med,2019-07-31,Almond_High,Croplands,36.177669,-120.202644999999,7.0,9.400001,8.013704888914111,25.659666666666663,1.9240179166666664,1.1064007100416664,-0.4862727071086902,-0.8738071036110807,7.0,0.8364756862842135,0.21680504165077444,0.6120898334464029,3.8131752489594524,0.47872741416210024,1.4679653119049538,7.8364756862842135,True,7.8364756862842135,True,7.8364756862842135,True,7.8364756862842135,True,7.8364756862842135,True,7.0,7.8364756862842135,0.0,1.0847018373089683,0.6842155053119356,0.7405097162317367,8,probe_clean
528,Almond_Med,2019-08-01,Almond_High,Croplands,36.177669,-120.202644999999,6.9,9.2,8.180203299352456,25.82654166666666,1.9581599458333336,1.2953341641458331,-0.5012418134457756,-0.8653072543632061,6.9,0.8022681134712665,0.22139898391465634,0.5128827390574067,3.8518992509876373,0.47872741416210024,1.4679653119049538,7.702268113471267,True,7.702268113471267,True,7.702268113471267,True,7.702268113471267,True,7.702268113471267,True,6.9,7.702268113471267,0.0,1.0512141869411789,0.62742743378593,0.7281627196866904,8,probe_clean
529,Almond_Med,2019-08-08,Almond_High,Croplands,36.177669,-120.202644999999,6.4,4.4,8.17136946298246,24.33258333333333,1.6121893874999995,1.0853018307708335,-0.6016240632249227,-0.7987793728863648,6.4,0.37098556158066126,0.10704614424276988,0.5782584426330318,-0.16597303081403636,0.47872741416210024,1.4679653119049538,6.770985561580662,True,6.770985561580662,True,6.770985561580662,True,6.4,False,6.4,False,6.4,6.770985561580662,0.0,0.3421345451278501,0.2813217277279011,0.4895004118862328,8,probe_clean
530,Almond_Med,2019-08-09,Almond_High,Croplands,36.177669,-120.202644999999,6.2,5.3,7.334680704434199,22.542145833333336,1.4491903166666669,0.9406666126666664,-0.6152845999633277,-0.7883050558305253,6.2,0.0660124739397189,0.0883050443086428,0.583055236232944,-0.1638619406781503,0.47872741416210024,1.4679653119049538,6.266012473939719,True,6.266012473939719,True,6.266012473939719,True,6.2,False,6.2,False,6.2,6.266012473939719,0.0,-0.03398753990461281,0.13326874852617038,0.09875621319759914,8,probe_clean
531,Almond_Med,2019-08-16,Almond_High,Croplands,36.177669,-120.202644999999,6.5,10.2,8.925722590973495,29.7223125,2.7264708875,1.3512527673541674,-0.7055836101071774,-0.7086266782644601,6.5,0.6770976727167923,0.05949381984045366,0.9000300031258913,3.967195131804559,0.47872741416210024,1.4679653119049538,7.177097672716792,True,7.177097672716792,True,7.177097672716792,True,7.177097672716792,True,7.177097672716792,True,6.5,7.089160913067271,0.0,0.7412634876726829,0.6237644536530569,0.6662650768246374,8,probe_clean
532,Almond_Med,2019-08-17,Almond_High,Croplands,36.177669,-120.202644999999,6.5,9.6,7.504259306753411,27.73220833333333,2.40870208125,1.2872965028958336,-0.7176769136759615,-0.6963762255968726,6.5,0.7064329815044715,0.0929326015018705,0.6917016812115786,3.857762008987448,0.47872741416210024,1.4679653119049538,7.206432981504472,True,7.206432981504472,True,7.206432981504472,True,7.206432981504472,True,7.206432981504472,True,6.5,7.191152428639839,0.0,0.8125692252213041,0.6396611466759767,0.6670685726161338,8,probe_clean
533,Almond_Med,2019-08-24,Almond_High,Croplands,36.177669,-120.202644999999,6.1,5.9,7.46723377837976,28.07164583333333,1.8589662229166668,1.0091025187500002,-0.7961828637826154,-0.6050560696488494,6.1,0.025855545661835955,0.32542812324105974,0.5443652831447278,-0.1101755746262106,0.47872741416210024,1.4679653119049538,6.125855545661835,True,6.125855545661835,True,6.125855545661835,True,6.1,False,6.1,False,6.1,6.125855545661835,0.0,0.2144643345592846,0.21301785787515476,-0.3499155554489315,8,probe_clean
534,Almond_Med,2019-08-25,Almond_High,Croplands,36.177669,-120.202644999999,6.2,5.9,6.448146273865162,28.840083333333336,2.1670410625000005,0.8387522069166672,-0.8064799463209447,-0.5912614448635782,6.2,0.1122082264859625,0.37008115155713384,0.6393056158563521,-0.6841739674146521,0.47872741416210024,1.4679653119049538,6.3122082264859625,True,6.3122082264859625,True,6.3122082264859625,True,6.2,False,6.2,False,6.2,6.3122082264859625,0.0,0.3103107748201037,0.34106943148901087,-0.31475552685122704,8,probe_clean
535,Almond_Med,2019-09-01,Almond_High,Croplands,36.177669,-120.202644999999,5.5,5.6,6.937614219485134,27.840895833333335,2.5207825833333337,1.1946421927916664,-0.8717063187093218,-0.4900286664290594,5.5,0.037129700145582124,0.1962473892289622,0.44908651085529677,-0.08003970964009402,0.47872741416210024,1.4679653119049538,5.537129700145582,True,5.537129700145582,True,5.537129700145582,True,5.5,False,5.5,False,5.5,5.537129700145582,0.0,0.20691840036936143,0.08220413758063966,-0.1777334375132547,8,probe_clean
536,Almond_Med,2019-09-02,Almond_High,Croplands,36.177669,-120.202644999999,5.2,6.9,6.331364604210387,28.736,2.5599961333333328,1.2559535131666668,-0.8800122039735356,-0.4749510720670502,5.2,-0.04177349273549833,0.12960157424611804,0.4539469459257173,-0.07179012495318357,0.47872741416210024,1.4679653119049538,5.1582265072645015,True,5.1582265072645015,True,5.1582265072645015,True,5.2,False,5.2,False,5.2,5.1582265072645015,0.0,0.10123747052642024,-0.07510219690625702,-0.1514557518266582,8,probe_clean
537,Almond_Med,2019-09-09,Almond_High,Croplands,36.177669,-120.202644999999,4.6,8.0,4.285578539070611,21.7470625,1.32100669375,1.3867764085416667,-0.9307239310379792,-0.3657225234972692,4.6,-0.1628214275018143,0.13617926376113637,0.5273629582453382,-0.05690993240257909,0.47872741416210024,1.4679653119049538,4.437178572498185,True,4.437178572498185,True,4.437178572498185,True,4.6,False,4.6,False,4.6,4.437178572498185,0.0,-0.27338387136584064,-0.010706578230763264,-0.20437383290883906,8,probe_clean
538,Almond_Med,2019-09-10,Almond_High,Croplands,36.177669,-120.202644999999,4.3,7.9,3.630705329402749,20.478041666666673,1.1924168562499995,1.0581685772708338,-0.9368813462954316,-0.3496474552512282,4.3,-0.3446546154851092,0.13946750106518987,0.682823225219835,-0.1271924541474034,0.47872741416210024,1.4679653119049538,3.9553453845148905,True,3.9553453845148905,True,3.9553453845148905,True,4.3,False,4.3,False,4.3,3.9553453845148905,0.0,-0.4828520540353831,-0.20395083467814906,-0.34716095774179545,8,probe_clean
539,Almond_Med,2019-09-18,Almond_High,Croplands,36.177669,-120.202644999999,4.3,6.8,3.6734642462900142,19.789687500000007,1.0953331020833332,1.2087863942083332,-0.9760105506323682,-0.2177232303965322,4.3,-0.41580453716591004,0.15093719212611573,0.48601983566588414,-0.07563807887847372,0.47872741416210024,1.4679653119049538,3.88419546283409,True,3.88419546283409,True,3.88419546283409,True,4.3,False,4.3,False,4.3,3.88419546283409,0.0,-0.5848721192435956,-0.2946080882212394,-0.36793340403289504,8,probe_clean
540,Almond_Med,2019-09-25,Almond_High,Croplands,36.177669,-120.202644999999,3.9,5.4,3.873233841783467,25.75347916666666,2.11965135,1.1500419289583337,-0.9951053111006974,-0.0988201387328721,3.9,-0.20009116210995834,0.11551173797477457,0.45677193903901037,-0.04426550032032542,0.47872741416210024,1.4679653119049538,3.6999088378900415,True,3.6999088378900415,True,3.6999088378900415,True,3.9,False,3.9,False,3.9,3.6999088378900415,0.0,-0.20620033614000646,-0.31242708642258166,-0.08164606376728692,8,probe_clean
589,BAR012,2020-01-05,BAR012,Croplands,38.751,-122.975,0.2,1.5,0.7254405226503055,8.109583333333333,0.2954166666666666,2.27125,0.0859647987374464,0.9962981749346078,0.2,0.17965791688835697,0.014635214993411125,0.3477367345184902,0.08348277395804438,0.38899498834158514,1.2595993455778278,0.379657916888357,True,0.379657916888357,True,0.379657916888357,True,0.379657916888357,True,0.379657916888357,True,0.2,0.379657916888357,0.0,0.17478408415614646,0.16808148840830964,0.1961081781006148,1,probe_clean
590,BAR012,2020-02-06,BAR012,Croplands,38.751,-122.975,1.1,3.0,1.3141222680272608,11.083055555555555,0.5547916666666667,2.4575,0.5947266869607634,0.8039279618328213,1.1,-0.26910181594051047,0.034749300317731574,0.4282676354926139,0.06798125063485169,0.38899498834158514,1.2595993455778278,0.8308981840594896,True,0.8308981840594896,True,0.8308981840594896,True,0.8308981840594896,True,0.8308981840594896,True,1.1,0.8308981840594896,0.0,-0.2766564633439746,-0.23119665390218141,-0.2994523305753754,1,probe_clean
591,BAR012,2020-02-14,BAR012,Croplands,38.751,-122.975,0.4,3.1000001,1.155534055079498,9.656250000000002,0.37125,1.375,0.6994583270516471,0.7146733860429609,0.4,0.09467449056758054,0.21256584583946436,0.5560937084944848,-0.005893901472694668,0.38899498834158514,1.2595993455778278,0.49467449056758056,True,0.49467449056758056,True,0.49467449056758056,True,0.4,False,0.4,False,0.4,0.49467449056758056,0.0,0.3352280298155551,0.01664384365209512,-0.06784840176490864,1,probe_clean
592,BAR012,2020-02-22,BAR012,Croplands,38.751,-122.975,1.3,4.2000003,1.882591757530954,11.295833333333334,0.7441666666666666,2.619583333333334,0.7909456567567772,0.6118864012687243,1.3,-0.41878703916522225,0.15105386409122526,0.5745989404831044,-0.024874542287976618,0.38899498834158514,1.2595993455778278,0.8812129608347778,True,0.8812129608347778,True,0.8812129608347778,True,1.3,False,1.3,False,1.3,0.8812129608347778,0.0,-0.5352648730716623,-0.47298457321094733,-0.24811167121305713,1,probe_clean
593,BAR012,2020-03-10,BAR012,Croplands,38.751,-122.975,2.1,4.6,2.1300962597059017,11.58777777777778,0.9189583333333332,2.688333333333333,0.9338372288229252,0.3576982388331254,2.1,-0.6677931000602345,0.15024730019397378,0.6083989333560549,-0.06146100489500653,0.38899498834158514,1.2595993455778278,1.4322068999397657,True,1.4322068999397657,True,1.4322068999397657,True,2.1,False,2.1,False,2.1,1.4322068999397657,0.0,-0.6429534414624436,-0.8289122727878654,-0.5315135859303948,1,probe_clean
594,BAR012,2020-03-26,BAR012,Croplands,38.751,-122.975,1.6,3.3,2.023915707135139,7.303750000000001,0.4585416666666666,2.7325,0.995918996147179,0.0902516100310411,1.6,0.03958776329100181,0.11327332865148389,0.5447878766430662,-0.018020169086416217,0.38899498834158514,1.2595993455778278,1.6395877632910019,True,1.6395877632910019,True,1.6395877632910019,True,1.6,False,1.6,False,1.6,1.6395877632910019,0.0,0.11402990069577454,-0.09077096223043804,0.09550435140766894,1,probe_clean
595,BAR012,2020-04-02,BAR012,Croplands,38.751,-122.975,2.2,5.2000003,2.9288385557127037,8.801388888888889,0.7191666666666666,3.995416666666667,0.9995462806873572,-0.0301203048469081,2.2,-0.6673277413122073,0.20260666196965127,0.736997562408851,-0.18743277220935187,0.38899498834158514,1.2595993455778278,1.5326722586877928,True,1.5326722586877928,True,1.5326722586877928,True,2.2,False,2.2,False,2.2,1.5326722586877928,0.0,-0.8485104202083785,-0.704912402447264,-0.4485604012809793,1,probe_clean
596,BAR012,2020-04-26,BAR012,Croplands,38.751,-122.975,2.9,6.8,3.1502394373716487,15.205833333333333,1.5179166666666668,3.214583333333333,0.9033558023246844,-0.4288919379124835,2.9,-0.6386689811258786,0.16554840157537204,0.8337447373259513,-0.19851124688408497,0.38899498834158514,1.2595993455778278,2.261331018874121,True,2.261331018874121,True,2.261331018874121,True,2.9,False,2.9,False,2.9,2.261331018874121,0.0,-0.7550550451833903,-0.7118037311314707,-0.4491481670627746,1,probe_clean
597,BAR012,2020-04-27,BAR012,Croplands,38.751,-122.975,3.9,6.7000003,2.9399728354895163,15.93902777777778,1.289791666666667,4.307083333333332,0.895839290734909,-0.4443781781046132,3.9,-0.6729397196175114,0.3178363254262542,0.7769516331904814,-0.1588356149760912,0.38899498834158514,1.2595993455778278,3.2270602803824886,True,3.2270602803824886,True,3.2270602803824886,True,3.9,False,3.9,False,3.9,3.2270602803824886,0.0,-1.0324601131738544,-0.42931447196421024,-0.5570445737144696,1,probe_clean
598,BAR012,2020-05-04,BAR012,Croplands,38.751,-122.975,2.8,6.8,3.15297334263413,13.127083333333331,1.4591666666666667,2.23625,0.835925479418637,-0.548842958284719,2.8,-0.786783374180812,0.3469893030525505,0.719270990503779,-0.0591130734347095,0.38899498834158514,1.2595993455778278,2.013216625819188,True,2.013216625819188,True,2.013216625819188,True,2.8,False,2.8,False,2.8,2.013216625819188,0.0,-0.43912594768422386,-0.7881235029250244,-1.133100671933188,1,probe_clean
599,BAR012,2020-05-20,BAR012,Croplands,38.751,-122.975,2.4,6.2000003,3.486755571283213,14.40305555555556,0.7945833333333333,1.8354166666666671,0.6551563572090853,-0.7554933140726803,2.4,-0.38524257322457484,0.16224801167700223,0.6399328797022574,-0.024331609582507786,0.38899498834158514,1.2595993455778278,2.014757426775425,True,2.014757426775425,True,2.014757426775425,True,2.4,False,2.4,False,2.4,2.014757426775425,0.0,-0.5661444887376214,-0.25259813237026046,-0.33698509856584274,1,probe_clean
600,BAR012,2020-05-28,BAR012,Croplands,38.751,-122.975,3.4,7.9,4.252691269180311,17.803055555555556,1.359375,1.48125,0.545240438540651,-0.8382797052177743,3.4,-0.8410341672814005,0.16986251153032958,0.7531586096057866,-0.22276939971998444,0.38899498834158514,1.2595993455778278,2.5589658327185996,True,2.5589658327185996,True,2.5589658327185996,True,3.4,False,3.4,False,3.4,2.5589658327185996,0.0,-0.9893688523972592,-0.6557322724137793,-0.8780013770331627,1,probe_clean
601,BAR012,2020-06-05,BAR012,Croplands,38.751,-122.975,5.7,6.4,4.064103328223466,14.599861111111109,1.0125,2.809166666666666,0.4250003399695541,-0.9051931898913974,5.7,-1.5219665064726202,0.3589959053464754,0.6578793855268084,-0.34723642050097164,0.38899498834158514,1.2595993455778278,4.17803349352738,True,4.17803349352738,True,4.17803349352738,True,5.7,False,5.7,False,5.7,4.17803349352738,0.0,-1.8078422471229265,-1.1190587230108415,-1.6389985492840926,1,probe_clean
602,BAR012,2020-06-13,BAR012,Croplands,38.751,-122.975,1.9,4.4,3.415206460681792,14.414027777777774,0.906875,2.1008333333333336,0.2967128192734907,-0.9549667548552552,1.9,0.36513427766151185,0.3642365999019192,0.7430175684433695,0.027393195937543732,0.38899498834158514,1.2595993455778278,2.2651342776615118,True,2.2651342776615118,True,2.2651342776615118,True,2.2651342776615118,True,2.2651342776615118,True,1.9,2.2651342776615118,0.0,-0.014446816390666889,0.39805881343365257,0.71179083594155,1,probe_clean
603,BAR012,2020-06-14,BAR012,Croplands,38.751,-122.975,3.3,7.1,3.6313585525592136,16.56430555555556,1.1181250000000005,1.6370833333333337,0.2802306751992158,-0.9599326896597448,3.3,-1.103055634883715,0.10464332669823247,0.6102631940581305,-0.1877910381531503,0.38899498834158514,1.2595993455778278,2.196944365116285,True,2.196944365116285,True,2.196944365116285,True,3.3,False,3.3,False,3.3,2.196944365116285,0.0,-1.2230197197911876,-1.030556021910603,-1.0555911629493546,1,probe_clean
604,BAR012,2020-06-21,BAR012,Croplands,38.751,-122.975,4.0,8.2,5.388641661274392,21.008333333333336,1.798541666666667,2.40875,0.1628070129385171,-0.986657932891657,4.0,-0.24426160773591352,0.1561974643683383,0.565616354069258,-0.029810941978575138,0.38899498834158514,1.2595993455778278,3.7557383922640866,True,3.7557383922640866,True,3.7557383922640866,True,4.0,False,4.0,False,4.0,3.7557383922640866,0.0,-0.08083007979892795,-0.25990733589213316,-0.3920474075166794,1,probe_clean
605,BAR012,2020-06-29,BAR012,Croplands,38.751,-122.975,3.9,8.8,5.129784729737472,17.667361111111113,1.78,2.1804166666666664,0.025818440227133,-0.9996666485105112,3.9,-0.4706133668188556,0.21070850941555302,0.6018068594376776,-0.062101348378199486,0.38899498834158514,1.2595993455778278,3.4293866331811445,True,3.4293866331811445,True,3.4293866331811445,True,3.9,False,3.9,False,3.9,3.4293866331811445,0.0,-0.23183350958279914,-0.5495531931642005,-0.6304533977095673,1,probe_clean
606,BAR012,2020-06-30,BAR012,Croplands,38.751,-122.975,3.7,8.400001,4.888147909050718,18.542777777777776,1.6756249999999997,1.39375,0.0086069968886886,-0.9999629591162656,3.7,-0.8782746091054312,0.296683446652933,0.6568032377303433,-0.013849646524414462,0.38899498834158514,1.2595993455778278,2.821725390894569,True,2.821725390894569,True,2.821725390894569,True,3.7,False,3.7,False,3.7,2.821725390894569,0.0,-1.0918412158765518,-1.0034676964842455,-0.5395149149554961,1,probe_clean
607,BAR012,2020-07-07,BAR012,Croplands,38.751,-122.975,3.2,9.400001,4.767062223635426,17.616388888888892,1.725833333333333,3.12125,-0.1116590071216944,-0.993746580436178,3.2,0.08253238907521875,0.4960098523616802,1.0897619283669038,0.10734827601841516,0.38899498834158514,1.2595993455778278,3.282532389075219,True,3.2,False,3.282532389075219,True,3.282532389075219,True,3.282532389075219,True,3.2,3.282532389075219,0.0,0.61567323748188,-0.0028022757978270474,-0.36527379445839664,1,probe_clean
608,BAR012,2020-07-15,BAR012,Croplands,38.751,-122.975,3.0,6.7000003,3.0813389738712287,16.571666666666665,0.9616666666666666,1.7391666666666667,-0.2470221804809352,-0.9690098257244064,3.0,-1.0824483931150648,0.19065495285615017,0.75820718831721,-0.049194229658112223,0.38899498834158514,1.2595993455778278,1.9175516068849352,True,1.9175516068849352,True,1.9175516068849352,True,3.0,False,3.0,False,3.0,1.9175516068849352,0.0,-1.2725258891413886,-1.0835981068676102,-0.8912211833361954,1,probe_clean
609,BAR012,2020-07-16,BAR012,Croplands,38.751,-122.975,3.1,6.5,3.048240067459392,16.628055555555555,0.8220833333333334,1.669583333333334,-0.2636654927280072,-0.9646141756912436,3.1,-1.0433615548744684,0.17610146990042327,0.7878960390424001,-0.2792350057690227,0.38899498834158514,1.2595993455778278,2.0566384451255315,True,2.0566384451255315,True,2.0566384451255315,True,3.1,False,3.1,False,3.1,2.0566384451255315,0.0,-1.2235416803537085,-1.034899119123532,-0.8716438651461648,1,probe_clean
610,BAR012,2020-08-08,BAR012,Croplands,38.751,-122.975,2.9,8.0,2.996506095057456,18.09736111111111,1.2275,1.4587500000000002,-0.6152845999633277,-0.7883050558305253,2.9,-0.9142152445663129,0.3662952520807938,0.9547563443425904,0.07445468823184886,0.38899498834158514,1.2595993455778278,1.985784755433687,True,1.985784755433687,True,1.985784755433687,True,1.985784755433687,True,1.985784755433687,True,2.9,1.985784755433687,0.0,-1.2708630857175085,-0.9328023438666377,-0.5389803041147926,1,probe_clean
611,BAR012,2020-09-01,BAR012,Croplands,38.751,-122.975,3.2,4.4,1.4879211474277854,15.414166666666668,0.5187499999999999,1.236666666666667,-0.8800122039735356,-0.4749510720670502,3.2,-0.5372216764492285,0.10993829751699817,0.47758053775829723,0.01337365535703751,0.38899498834158514,1.2595993455778278,2.662778323550772,True,2.662778323550772,True,2.662778323550772,True,2.662778323550772,True,2.662778323550772,True,3.2,2.662778323550772,0.0,-0.6477031752822605,-0.4278347538286802,-0.5361271002367445,1,probe_clean
612,BAR012,2020-09-09,BAR012,Croplands,38.751,-122.975,0.1,3.7,0.1110293150778697,13.52222222222222,0.2758333333333333,0.5250000000000001,-0.9368813462954316,-0.3496474552512282,0.1,-0.10328261033916732,0.08194792226316651,0.9863694433560879,0.011838348885260282,0.38899498834158514,1.2595993455778278,-0.0032826103391673106,True,-0.0032826103391673106,True,-0.0032826103391673106,True,-0.0032826103391673106,True,-0.0032826103391673106,True,0.1,0.06846131586235629,0.0,-0.05747957976983374,-0.19789203143796663,-0.05447621980970159,1,probe_clean
613,BAR012,2020-09-18,BAR012,Croplands,38.751,-122.975,1.8,3.6000001000000004,1.6615225317833375,16.68805555555556,0.7368749999999998,1.6654166666666663,-0.97961369164549,-0.2008905551306352,1.8,-0.3496363890305707,0.23456503062409886,0.560941738388426,-0.0882040991227549,0.38899498834158514,1.2595993455778278,1.4503636109694293,True,1.4503636109694293,True,1.4503636109694293,True,1.8,False,1.8,False,1.8,1.4503636109694293,0.0,-0.6118129744002064,-0.277440643876175,-0.1596555488153307,1,probe_clean
614,BAR012,2020-09-25,BAR012,Croplands,38.751,-122.975,1.8,6.5,1.921529337437436,17.665,1.5254166666666669,3.088333333333334,-0.99665890175417,-0.0816763953304228,1.8,-0.4529773482071655,0.14116465065916278,0.7614720509106025,-0.05351657070756586,0.38899498834158514,1.2595993455778278,1.3470226517928345,True,1.3470226517928345,True,1.3470226517928345,True,1.8,False,1.8,False,1.8,1.3470226517928345,0.0,-0.44645546003424064,-0.597289904573383,-0.31518668001387284,1,probe_clean
616,BAR012,2020-10-11,BAR012,Croplands,38.751,-122.975,0.8,5.8,0.9021883161273646,16.169305555555553,1.2410416666666666,2.72625,-0.9813064702716092,0.1924515819708299,0.8,-0.21942146059921697,0.3729636150698171,0.7705997504162506,0.10891258807155452,0.38899498834158514,1.2595993455778278,0.5805785394007831,True,0.5805785394007831,True,0.5805785394007831,True,0.5805785394007831,True,0.5805785394007831,True,0.8,0.5805785394007831,0.0,-0.11937793865020918,-0.6322039256928075,0.09331748254536579,1,probe_clean
617,BAR012,2020-10-19,BAR012,Croplands,38.751,-122.975,1.0,4.9,0.7316133927272778,16.105694444444445,1.520833333333333,1.2891666666666668,-0.9455963874271428,0.3253420847119795,1.0,-0.5120214845842733,0.31391432897600835,0.5964536279889179,0.012714369125323671,0.38899498834158514,1.2595993455778278,0.4879785154157267,True,0.4879785154157267,True,0.4879785154157267,True,0.4879785154157267,True,0.4879785154157267,True,1.0,0.4879785154157267,0.0,-0.14956702830817478,-0.6897442469062623,-0.6967531785383828,1,probe_clean
619,BAR012,2020-11-12,BAR012,Croplands,38.751,-122.975,0.2,2.5,0.2173970946050288,8.265555555555556,0.5279166666666667,1.20375,-0.7354170229639858,0.6776147890466887,0.2,0.2373549559795076,0.09552287445589056,0.39478880689532103,0.08348277395804438,0.38899498834158514,1.2595993455778278,0.4373549559795076,True,0.4373549559795076,True,0.4373549559795076,True,0.4373549559795076,True,0.4373549559795076,True,0.2,0.4373549559795076,0.0,0.2996267650335417,0.1273756250164885,0.2850624778884926,1,probe_clean
620,BAR012,2020-11-20,BAR012,Croplands,38.751,-122.975,0.7,2.5,0.6743028116931756,8.403055555555559,0.3514583333333333,2.012083333333333,-0.6354323008901775,0.7721565844991641,0.7,-0.08881647423650114,0.11699487559860622,0.4194929625637429,0.08348277395804438,0.38899498834158514,1.2595993455778278,0.6111835257634988,True,0.6111835257634988,True,0.6111835257634988,True,0.6111835257634988,True,0.6111835257634988,True,0.7,0.6111835257634988,0.0,0.026400618891099153,-0.20751157418771018,-0.08533846741289243,1,probe_clean
621,BAR012,2020-11-21,BAR012,Croplands,38.751,-122.975,0.8,2.1000001,0.6203287363045951,8.337083333333334,0.4589583333333334,1.8145833333333328,-0.622046748440868,0.7829801036770625,0.8,-0.00013164626318243333,0.12411320374129411,0.38281462672764144,0.08348277395804438,0.38899498834158514,1.2595993455778278,0.7998683537368176,True,0.7998683537368176,True,0.7998683537368176,True,0.7998683537368176,True,0.7998683537368176,True,0.8,0.7998683537368176,0.0,0.050550388197404705,-0.14156566879581917,0.09062034180886716,1,probe_clean
622,BAR012,2020-11-28,BAR012,Croplands,38.751,-122.975,0.7,1.7,0.4225271385446118,7.031527777777778,0.5443749999999999,1.5437500000000002,-0.5234156073655503,0.8520775211013093,0.7,-0.024292467098415243,0.11451009153594931,0.4084821173257295,0.08348277395804438,0.38899498834158514,1.2595993455778278,0.6757075329015847,True,0.6757075329015847,True,0.6757075329015847,True,0.6757075329015847,True,0.6757075329015847,True,0.7,0.6757075329015847,0.0,0.07527158682410043,-0.14942574115258642,0.0012767530332402632,1,probe_clean
623,BAR012,2020-12-06,BAR012,Croplands,38.751,-122.975,0.5,2.5,0.3660268373755696,9.8925,0.5370833333333332,2.4179166666666663,-0.4014879892059737,0.9158642882672868,0.5,0.06474599366981841,0.10605007698080512,0.510698743269635,-0.005893901472694668,0.38899498834158514,1.2595993455778278,0.5647459936698184,True,0.5647459936698184,True,0.5647459936698184,True,0.5,False,0.5,False,0.5,0.5647459936698184,0.0,0.05946277223063018,-0.038563726447217686,0.17333893522604274,1,probe_clean
624,BAR012,2020-12-07,BAR012,Croplands,38.751,-122.975,0.5,3.8,0.5877942079940678,12.765694444444447,1.4414583333333333,2.89125,-0.3856634062436074,0.9226395488404876,0.5,-0.08571555301300764,0.3347762464132353,0.8043446404457498,-0.013703911499052805,0.38899498834158514,1.2595993455778278,0.41428444698699235,True,0.41428444698699235,True,0.41428444698699235,True,0.5,False,0.5,False,0.5,0.41428444698699235,0.0,0.26762017258180915,-0.3981793433131342,-0.12658748830769787,1,probe_clean
625,BAR012,2020-12-22,BAR012,Croplands,38.751,-122.975,0.5,2.2,0.7584149244420486,9.028194444444445,0.4139583333333334,2.871666666666666,-0.1372787721132651,0.9905324521322229,0.5,0.18028928313803996,0.05351342751403248,0.4072457876477061,0.08348277395804438,0.38899498834158514,1.2595993455778278,0.6802892831380399,True,0.6802892831380399,True,0.6802892831380399,True,0.6802892831380399,True,0.6802892831380399,True,0.5,0.6802892831380399,0.0,0.16617084619746222,0.1352506203839853,0.23944638283267236,1,probe_clean
626,BAR012,2020-12-23,BAR012,Croplands,38.751,-122.975,0.7,2.1000001,0.6640439967172959,6.9558333333333335,0.38625,2.239583333333333,-0.1202080448993527,0.9927487224577402,0.7,0.020099184603606587,0.07874165883829422,0.32112849484885364,0.08348277395804438,0.38899498834158514,1.2595993455778278,0.7200991846036066,True,0.7200991846036066,True,0.7200991846036066,True,0.7200991846036066,True,0.7200991846036066,True,0.7,0.7200991846036066,0.0,0.021319158091211043,-0.059245372597673054,0.09822376831728177,1,probe_clean
632,Ellendale,2019-01-09,Ellendale,Croplands,29.633321,-90.827662,1.1,2.8,3.1224418929569726,15.471689166666662,0.90851495625,3.48808273125,0.1543088206642811,0.9880226656636976,1.1,0.23621377386079145,0.10749732976613982,0.5749409766927599,-0.03230978238378242,0.47872741416210024,1.4679653119049538,1.3362137738607915,True,1.3362137738607915,True,1.3362137738607915,True,1.1,False,1.1,False,1.1,1.3362137738607915,0.0,0.16646119630736173,0.18217094573714687,0.36000917953786576,8,probe_clean
633,Ellendale,2019-03-22,Ellendale,Croplands,29.633321,-90.827662,1.8,3.9,2.3313635725334807,21.75887208333333,1.34952241875,1.8313006250000008,0.9844738167520922,0.1755314904214282,1.8,0.1563542525037975,0.08133364671312315,0.44962531073850726,-0.03984012953104926,0.47872741416210024,1.4679653119049538,1.9563542525037976,True,1.9563542525037976,True,1.9563542525037976,True,1.8,False,1.8,False,1.8,1.9563542525037976,0.0,0.07531359701331536,0.23797775781367303,0.15577140268440415,8,probe_clean
634,Ellendale,2019-04-15,Ellendale,Croplands,29.633321,-90.827662,2.6,4.2000003,4.2959367681062375,22.42703687500001,1.4035312520833332,1.7822688541666671,0.9721181966290612,-0.2344913895704098,2.6,0.2834289160972661,0.11703729475246238,0.5130048538737796,-0.0419512196669353,0.47872741416210024,1.4679653119049538,2.8834289160972664,True,2.8834289160972664,True,2.8834289160972664,True,2.6,False,2.6,False,2.6,2.8834289160972664,0.0,0.1641657196067039,0.3981054581168388,0.2880155705682557,8,probe_clean
635,Ellendale,2019-05-17,Ellendale,Croplands,29.633321,-90.827662,4.0,6.2000003,3.5158548010977606,30.824150416666654,1.7342008374999995,2.3618574125,0.705583610107178,-0.7086266782644596,4.0,-0.6805293032733744,0.15559414098155624,0.8984968785352512,-0.12745911286733796,0.47872741416210024,1.4679653119049538,3.3194706967266256,True,3.3194706967266256,True,3.3194706967266256,True,4.0,False,4.0,False,4.0,3.3194706967266256,0.0,-0.5611962756664883,-0.6238804780220779,-0.856511156131557,8,probe_clean
636,Ellendale,2019-05-25,Ellendale,Croplands,29.633321,-90.827662,4.3,6.4,4.678887138142453,33.83063833333333,2.1308980166666665,1.9078099354166669,0.6016240632249226,-0.7987793728863649,4.3,-0.9015053721094516,0.1640501612267338,1.0089800124901567,-0.11966264033230764,0.47872741416210024,1.4679653119049538,3.3984946278905483,True,3.3984946278905483,True,3.3984946278905483,True,4.3,False,4.3,False,4.3,3.508518137697432,0.0,-0.9938841254525235,-0.998536384512245,-0.7120956063635864,8,probe_clean
637,Ellendale,2019-06-02,Ellendale,Croplands,29.633321,-90.827662,2.7,5.5,2.8093017071088497,36.07078729166667,2.4014457499999997,1.38806446875,0.48627270710869,-0.8738071036110808,2.7,-0.10686471949352087,0.30224273117175693,1.266370203437841,-0.13814910989415802,0.47872741416210024,1.4679653119049538,2.593135280506479,True,2.593135280506479,True,2.593135280506479,True,2.7,False,2.7,False,2.7,2.5598269738290753,0.0,-0.45388123190476276,0.09881998200390885,0.03446709142029128,8,probe_clean
638,Ellendale,2019-07-04,Ellendale,Croplands,29.633321,-90.827662,5.8,6.7000003,4.764942267197895,35.64829500000001,2.20619030625,1.3724050124999998,-0.0430222330045303,-0.99907411510223,5.8,-0.5697969487812632,0.2620215226911134,0.8595966101001915,-0.2915554577069436,0.47872741416210024,1.4679653119049538,5.230203051218736,True,5.230203051218736,True,5.230203051218736,True,5.8,False,5.8,False,5.8,5.545282347154397,0.0,-0.6852123859663368,-0.7542972729905775,-0.2698811873868751,8,probe_clean
639,Ellendale,2019-08-29,Ellendale,Croplands,29.633321,-90.827662,4.5,5.2000003,4.999308942866495,35.24390125,2.1138747791666668,1.1705541020833332,-0.8452490573530634,-0.5343725582809785,4.5,0.3176718424049945,0.13203877259761768,0.7167637117639661,-0.10479334344481002,0.47872741416210024,1.4679653119049538,4.8176718424049945,True,4.8176718424049945,True,4.8176718424049945,True,4.5,False,4.5,False,4.5,4.850687689872082,0.0,0.2586219288470754,0.2254632037770694,0.4689303945908388,8,probe_clean
640,Ellendale,2019-09-06,Ellendale,Croplands,29.633321,-90.827662,5.1,6.3,5.342157859468816,36.86190958333334,2.6273919583333334,0.9199746395833334,-0.9106046300942162,-0.4132786077829044,5.1,-0.05940901921683672,0.12315707735541624,0.9590198068892425,-0.10902870521561896,0.47872741416210024,1.4679653119049538,5.040590980783163,True,5.040590980783163,True,5.040590980783163,True,5.1,False,5.1,False,5.1,5.198354856700685,0.0,0.07308404743269481,-0.08091344519203662,-0.17039765989116834,8,probe_clean
641,Ellendale,2019-10-08,Ellendale,Croplands,29.633321,-90.827662,2.9,3.5,2.6208706296256543,31.170511249999997,1.8726507500000005,1.585509497916666,-0.9922222094179324,0.1244792638867886,2.9,0.2692212440703727,0.10141751740252833,0.8763491725828751,-0.002323721165316945,0.47872741416210024,1.4679653119049538,3.1692212440703726,True,3.1692212440703726,True,3.1692212440703726,True,2.9,False,2.9,False,2.9,3.1692212440703726,0.0,0.29577778242200015,0.15716759567900723,0.3547183541101106,8,probe_clean
642,Ellendale,2019-11-01,Ellendale,Croplands,29.633321,-90.827662,1.9,2.8,2.6718648829962817,15.172444791666663,0.9810036395833333,2.040441904166667,-0.858763958275803,0.5123714121284235,1.9,-0.19730713338486006,0.12200570247250078,0.2940979052566548,-0.03230978238378242,0.47872741416210024,1.4679653119049538,1.70269286661514,True,1.70269286661514,True,1.70269286661514,True,1.9,False,1.9,False,1.9,1.70269286661514,0.0,-0.2969414013746684,-0.061233689954589526,-0.23374630882532224,8,probe_clean
643,Ellendale,2019-11-09,Ellendale,Croplands,29.633321,-90.827662,1.7,3.0,2.3208593591294955,16.61581875,1.083401795833333,1.5925389625000006,-0.780295851070776,0.6254105729852457,1.7,-0.09656450169753104,0.1091511565742382,0.32934300770736946,-0.03230978238378242,0.47872741416210024,1.4679653119049538,1.603435498302469,True,1.603435498302469,True,1.603435498302469,True,1.7,False,1.7,False,1.7,1.603435498302469,0.0,-0.2158812929077523,-0.0017407469592306268,-0.07207146522561018,8,probe_clean
644,Ellendale,2019-12-03,Ellendale,Croplands,29.633321,-90.827662,0.7,1.8000001,0.8191255594564749,14.449212374999997,1.0672994625,1.1422316687499998,-0.4635502709028512,0.8860706215341377,0.7,0.025818472369547558,0.08013755641619387,0.33498263566627495,-0.027840523973417727,0.47872741416210024,1.4679653119049538,0.7258184723695476,True,0.7258184723695476,True,0.7258184723695476,True,0.7,False,0.7,False,0.7,0.7258184723695476,0.0,-0.010968696380594167,0.11774474410112745,-0.029320630611890608,8,probe_clean
645,Ellendale,2020-01-20,Ellendale,Croplands,29.633321,-90.827662,0.9,2.9,2.530330441365654,12.986993958333334,1.0504847458333333,4.625683666666666,0.3375228995941133,0.9413173175128472,0.9,0.23150531165838392,0.06313703435805773,0.6782830662535739,-0.027840523973417727,0.47872741416210024,1.4679653119049538,1.131505311658384,True,1.131505311658384,True,1.131505311658384,True,0.9,False,0.9,False,0.9,1.131505311658384,0.0,0.16008119466059378,0.25455910246991137,0.27987563784464653,8,probe_clean
646,Ellendale,2020-01-28,Ellendale,Croplands,29.633321,-90.827662,0.7,2.7,2.2496788891493584,19.22394604166666,1.1648083958333333,3.0084785354166663,0.4635502709028509,0.886070621534138,0.7,0.19892517682070163,0.051474597519529826,0.5696485570925509,-0.023702496934689257,0.47872741416210024,1.4679653119049538,0.8989251768207016,True,0.8989251768207016,True,0.8989251768207016,True,0.7,False,0.7,False,0.7,0.8989251768207016,0.0,0.16507797376173905,0.17353554964317447,0.25816200705719133,8,probe_clean
647,Ellendale,2020-02-21,Ellendale,Croplands,29.633321,-90.827662,1.7,2.7,4.145461959110067,13.88259208333333,0.9395383270833336,5.4820610000000025,0.7802958510707755,0.6254105729852463,1.7,0.5951964442923271,0.0842025818558943,0.8252279394718487,0.017969270439093327,0.47872741416210024,1.4679653119049538,2.295196444292327,True,2.295196444292327,True,2.295196444292327,True,2.295196444292327,True,2.295196444292327,True,1.7,2.295196444292327,0.0,0.575138025279802,0.5228343941818254,0.687616913415354,8,probe_clean
648,Ellendale,2020-03-08,Ellendale,Croplands,29.633321,-90.827662,1.5,3.6000001000000004,1.637072059972117,21.439509166666667,1.408514029166667,3.0693041687499987,0.9209712877166346,0.3896304495307879,1.5,0.057126274448212104,0.04806568725515939,0.5570389368063104,-0.04333625375589481,0.47872741416210024,1.4679653119049538,1.5571262744482122,True,1.5571262744482122,True,1.5571262744482122,True,1.5,False,1.5,False,1.5,1.5571262744482122,0.0,0.0939098633359039,0.07472803474291279,0.0027409252658196215,8,probe_clean
649,Ellendale,2020-04-01,Ellendale,Croplands,29.633321,-90.827662,1.5,4.2000003,1.8409297564796208,22.54537479166667,1.6520353395833336,2.609710477083333,0.999916658654738,-0.0129102960750088,1.5,0.10476833861678596,0.09465957094455382,0.6191382263087093,-0.08876267756736794,0.47872741416210024,1.4679653119049538,1.604768338616786,True,1.604768338616786,True,1.604768338616786,True,1.5,False,1.5,False,1.5,1.604768338616786,0.0,0.021779826325301427,0.20786709534602138,0.08465809417903503,8,probe_clean
650,Ellendale,2020-04-25,Ellendale,Croplands,29.633321,-90.827662,2.4,5.6,3.716848919264984,31.54374604166666,2.2335300625000003,3.293239020833333,0.9106046300942164,-0.4132786077829042,2.4,-0.4974416038035334,0.16184895376750547,1.0677993488319515,-0.1051075889987472,0.47872741416210024,1.4679653119049538,1.9025583961964665,True,1.9025583961964665,True,1.9025583961964665,True,2.4,False,2.4,False,2.4,1.9025583961964665,0.0,-0.4255609473277979,-0.38398326319157805,-0.6827806008912243,8,probe_clean
651,Ellendale,2020-05-11,Ellendale,Croplands,29.633321,-90.827662,3.6,5.6,6.523605354513945,27.95655958333333,2.1905745291666667,2.0110054833333337,0.7638886127905428,-0.6453481132295501,3.6,-0.3404299524934579,0.1052816870875075,0.7404855106349556,-0.11724785513545309,0.47872741416210024,1.4679653119049538,3.2595700475065423,True,3.2595700475065423,True,3.2595700475065423,True,3.6,False,3.6,False,3.6,3.2595700475065423,0.0,-0.28000922362572805,-0.2792825844778413,-0.4619980493768044,8,probe_clean
652,Ellendale,2020-05-27,Ellendale,Croplands,29.633321,-90.827662,3.4,4.5,5.512191981895759,41.15059770833333,4.312099229166665,2.051621252083333,0.5595892624101765,-0.8287700871745037,3.4,-0.23955759853420022,0.38029337024662063,1.9545517921099287,-7.505775921499501,0.47872741416210024,1.4679653119049538,3.1604424014658,True,3.1604424014658,True,3.4,False,3.4,False,3.4,False,3.4,3.3387863180561155,0.0,-0.6454319019377985,0.10854354605500938,-0.1817844397198115,8,probe_clean
653,Ellendale,2020-06-20,Ellendale,Croplands,29.633321,-90.827662,4.0,6.1,4.535638571252592,42.00415354166668,4.720487479166667,1.4721147062500002,0.1797665857255624,-0.9837092937736096,4.0,-0.3936581129077891,0.28698005041113356,1.6882888737653867,-7.295356076726415,0.47872741416210024,1.4679653119049538,3.606341887092211,True,3.606341887092211,True,4.0,False,4.0,False,4.0,False,4.0,3.467255181933716,0.0,-0.5486432886250776,-0.5698232586487488,-0.0625077914495408,8,probe_clean
654,Ellendale,2020-12-21,Ellendale,Croplands,29.633321,-90.827662,0.5,1.6,1.4795952357791828,12.040611708333332,0.5128088229166667,1.15498635,-0.154308820664281,0.9880226656636976,0.5,0.03624094340198042,0.04017131310725009,0.22789547137271046,-0.013158491481667738,0.47872741416210024,1.4679653119049538,0.5362409434019804,True,0.5362409434019804,True,0.5362409434019804,True,0.5,False,0.5,False,0.5,0.5362409434019804,0.0,-0.009808028291666188,0.06409798046208875,0.05443287803551869,8,probe_clean
735,RIP760,2019-04-10,RIP760,Croplands,36.839,-120.21,3.4,6.0,2.3162575122995173,11.899444444444445,0.956875,4.1324999999999985,0.9886775902323404,-0.1500553983446526,3.4,-0.7493762110124956,0.34315311399706816,0.5924314587135003,-0.2896446398397961,0.49326017522310583,1.5675069192147721,2.650623788987504,True,2.650623788987504,True,2.650623788987504,True,3.4,False,3.4,False,3.4,2.650623788987504,0.0,-1.0773398380905435,-0.7779663428114237,-0.3928224521355196,3,probe_clean
736,RIP760,2019-04-18,RIP760,Croplands,36.839,-120.21,3.5,5.3,2.2779603519420784,16.6925,0.9445833333333334,1.050833333333333,0.9587178169872964,-0.2843591872810034,3.5,-0.5705972725588491,0.1241686234256321,0.4098237045436036,-0.08943246386890506,0.49326017522310583,1.5675069192147721,2.929402727441151,True,2.929402727441151,True,2.929402727441151,True,3.5,False,3.5,False,3.5,2.929402727441151,0.0,-0.6733186251530527,-0.6058627460915151,-0.4326104464319793,3,probe_clean
737,RIP760,2019-04-19,RIP760,Croplands,36.839,-120.21,2.9,5.2000003,3.1882881995544587,18.269722222222224,1.0216666666666667,1.8795833333333332,0.9536809966304456,-0.3008198076356673,2.9,0.12174011125193411,0.11471239367177283,0.30341561099183323,-0.061370691021821556,0.49326017522310583,1.5675069192147721,3.021740111251934,True,3.021740111251934,True,3.021740111251934,True,2.9,False,2.9,False,2.9,3.021740111251934,0.0,-0.0014272276800477157,0.22552909113283046,0.14111847030301958,3,probe_clean
738,RIP760,2019-04-26,RIP760,Croplands,36.839,-120.21,4.3,7.1,5.029053653236585,18.184305555555557,1.6710416666666663,2.0300000000000007,0.9106046300942164,-0.4132786077829042,4.3,0.030435184571244455,0.15933605457591649,0.48791225025461654,-0.09574649929634024,0.49326017522310583,1.5675069192147721,4.330435184571244,True,4.330435184571244,True,4.330435184571244,True,4.3,False,4.3,False,4.3,4.330435184571244,0.0,0.08675612915696632,0.1539616981688958,-0.14941227361212875,3,probe_clean
739,RIP760,2019-05-05,RIP760,Croplands,36.839,-120.21,4.2,6.7000003,3.815111419578781,14.085694444444444,1.065625,2.8991666666666664,0.835925479418637,-0.548842958284719,4.2,-0.7970368148932011,0.1437539272986093,0.5465070081413845,-0.3275205374393011,0.49326017522310583,1.5675069192147721,3.402963185106799,True,3.402963185106799,True,3.402963185106799,True,4.2,False,4.2,False,4.2,3.402963185106799,0.0,-0.7497154180032621,-0.9584861400860357,-0.6829088865903054,3,probe_clean
740,RIP760,2019-05-12,RIP760,Croplands,36.839,-120.21,5.3,7.5,4.913188420694102,17.27625,1.28125,1.9641666666666664,0.7638886127905428,-0.6453481132295501,5.3,-0.023018177640356546,0.06366542956085937,0.5289919883374588,-0.05070879152592013,0.49326017522310583,1.5675069192147721,5.276981822359644,True,5.276981822359644,True,5.276981822359644,True,5.3,False,5.3,False,5.3,5.276981822359644,0.0,-0.09555630920000593,0.023592625108903892,0.0029091511700324035,3,probe_clean
741,RIP760,2019-05-13,RIP760,Croplands,36.839,-120.21,5.0,7.8,4.9147616854305545,16.202638888888885,1.498125,2.648333333333333,0.7526668275320084,-0.6584015846980488,5.0,-0.007836228479362134,0.1320660578361012,0.7691677855628998,0.029964382576906475,0.49326017522310583,1.5675069192147721,4.992163771520638,True,4.992163771520638,True,4.992163771520638,True,4.992163771520638,True,4.992163771520638,True,5.0,4.992163771520638,0.0,-0.15462675144860183,0.02977006253695197,0.10134800347356346,3,probe_clean
742,RIP760,2019-05-29,RIP760,Croplands,36.839,-120.21,4.1,6.5,4.277618930245978,18.61513888888889,0.7991666666666667,1.4974999999999998,0.545240438540651,-0.8382797052177743,4.1,-1.0128459706753878,0.15556526202807572,0.3853868361122076,-0.34672465867241126,0.49326017522310583,1.5675069192147721,3.087154029324612,True,3.087154029324612,True,3.087154029324612,True,4.1,False,4.1,False,4.1,3.087154029324612,0.0,-1.0504286440354413,-1.146176978663058,-0.8419322893276646,3,probe_clean
743,RIP760,2019-06-21,RIP760,Croplands,36.839,-120.21,5.1,7.9,5.091012651213704,17.605277777777786,1.2616666666666667,2.6250000000000004,0.1797665857255624,-0.9837092937736096,5.1,-0.4693996427905411,0.05039275735764868,0.5895244941025659,-0.0787705643730036,0.49326017522310583,1.5675069192147721,4.630600357209459,True,4.630600357209459,True,4.630600357209459,True,5.1,False,5.1,False,5.1,4.630600357209459,0.0,-0.5235219805482648,-0.4238314641360291,-0.46084548368732925,3,probe_clean
744,RIP760,2019-06-22,RIP760,Croplands,36.839,-120.21,5.6,8.400001,5.507064407880765,18.64611111111111,1.5414583333333336,1.9120833333333327,0.1628070129385171,-0.986657932891657,5.6,0.2824959194585778,0.08086905975913503,0.41556009649518943,-0.3098241603508493,0.49326017522310583,1.5675069192147721,5.882495919458577,True,5.882495919458577,True,5.882495919458577,True,5.6,False,5.6,False,5.6,5.882495919458577,0.0,0.18989559359635874,0.31837065367022077,0.339221511109154,3,probe_clean
745,RIP760,2019-06-29,RIP760,Croplands,36.839,-120.21,5.2,8.900001,5.950386580795455,17.912222222222226,1.6362499999999998,1.9595833333333332,0.0430222330045305,-0.99907411510223,5.2,0.3012496754965152,0.12567386454641377,0.5330293597971546,-0.05070879152592013,0.49326017522310583,1.5675069192147721,5.501249675496515,True,5.501249675496515,True,5.501249675496515,True,5.2,False,5.2,False,5.2,5.501249675496515,0.0,0.2651462430422896,0.19757905665812844,0.4410237267891275,3,probe_clean
746,RIP760,2019-06-30,RIP760,Croplands,36.839,-120.21,5.5,9.1,5.794965552192532,18.387083333333333,1.898125,2.28375,0.025818440227133,-0.9996666485105112,5.5,0.5048819611275165,0.1394727772697935,0.6641164970796307,-0.3254365014392748,0.49326017522310583,1.5675069192147721,6.004881961127516,True,6.004881961127516,True,6.004881961127516,True,5.5,False,5.5,False,5.5,6.004881961127516,0.0,0.4162987919372937,0.43269426773073905,0.6656528237145166,3,probe_clean
747,RIP760,2019-07-08,RIP760,Croplands,36.839,-120.21,5.4,8.6,5.54215529267828,17.79125,1.5252083333333333,2.400833333333334,-0.1116590071216944,-0.993746580436178,5.4,0.016125869388022716,0.05965080848404956,0.6599823913672733,-0.01031459387051633,0.49326017522310583,1.5675069192147721,5.416125869388023,True,5.416125869388023,True,5.416125869388023,True,5.4,False,5.4,False,5.4,5.416125869388023,0.0,-0.05059551611427675,0.03467401710832391,0.06429910717002099,3,probe_clean
748,RIP760,2019-07-15,RIP760,Croplands,36.839,-120.21,5.8,10.2,6.294705376963665,20.667083333333338,2.025625,2.335833333333333,-0.2303056702306119,-0.973118337233262,5.8,1.0659001644360415,0.10490743347363533,0.843764205780368,-0.3046054332276559,0.49326017522310583,1.5675069192147721,6.865900164436042,True,6.865900164436042,True,6.865900164436042,True,5.8,False,5.8,False,5.8,6.63870072650403,0.0,0.9670827609903698,1.175987611862927,1.0546301204548274,3,probe_clean
749,RIP760,2019-07-16,RIP760,Croplands,36.839,-120.21,5.6,9.400001,6.48039352709466,20.39486111111111,1.7510416666666666,2.31,-0.2470221804809352,-0.9690098257244064,5.6,0.6800152121612321,0.1048851054265896,0.6441259451353629,-0.3098241603508493,0.49326017522310583,1.5675069192147721,6.280015212161231,True,6.280015212161231,True,6.280015212161231,True,5.6,False,5.6,False,5.6,6.280015212161231,0.0,0.5694049871381709,0.7780393945433444,0.6926012548021812,3,probe_clean
750,RIP760,2019-07-23,RIP760,Croplands,36.839,-120.21,5.3,8.5,6.2185900109489305,23.0473611111111,2.1629166666666664,1.617916666666667,-0.3617137307297674,-0.9322892131745134,5.3,0.3391487835380964,0.15541633949357694,0.4205512266715646,-0.07783056650330818,0.49326017522310583,1.5675069192147721,5.639148783538096,True,5.639148783538096,True,5.639148783538096,True,5.3,False,5.3,False,5.3,5.639148783538096,0.0,0.322067345994834,0.19297878209236682,0.5024002225270884,3,probe_clean
751,RIP760,2019-07-24,RIP760,Croplands,36.839,-120.21,5.6,9.0,6.209508685585454,22.324027777777783,2.383125,1.8470833333333332,-0.3777079652039646,-0.92592477719385,5.6,0.595947387802946,0.18557627889475015,0.42370378932752606,-0.3432806948733972,0.49326017522310583,1.5675069192147721,6.195947387802946,True,6.195947387802946,True,6.195947387802946,True,5.6,False,5.6,False,5.6,6.195947387802946,0.0,0.7327779768659368,0.3847154355913035,0.6703487509515974,3,probe_clean
752,RIP760,2019-07-31,RIP760,Croplands,36.839,-120.21,5.2,7.7000003,5.731783424405091,19.47236111111111,1.6302083333333333,1.7716666666666665,-0.4862727071086902,-0.8738071036110807,5.2,-0.05122233061768896,0.05432828851125062,0.4189852278574139,-0.05070879152592013,0.49326017522310583,1.5675069192147721,5.148777669382311,True,5.148777669382311,True,5.148777669382311,True,5.2,False,5.2,False,5.2,5.148777669382311,0.0,-0.0002007640094516816,-0.10834264947980957,-0.04512357836380562,3,probe_clean
753,RIP760,2019-08-01,RIP760,Croplands,36.839,-120.21,5.2,8.1,6.125248118239287,20.049166666666668,1.6520833333333331,2.004166666666667,-0.5012418134457756,-0.8653072543632061,5.2,0.04335222534054265,0.09958126891532801,0.4699988000458216,-0.05070879152592013,0.49326017522310583,1.5675069192147721,5.2433522253405425,True,5.2433522253405425,True,5.2433522253405425,True,5.2,False,5.2,False,5.2,5.2433522253405425,0.0,0.1576640477416096,-0.024575619915538444,-0.0030317518044432057,3,probe_clean
754,RIP760,2019-08-08,RIP760,Croplands,36.839,-120.21,5.0,8.400001,5.79479940377257,18.565277777777773,1.6741666666666668,2.4775,-0.6016240632249227,-0.7987793728863648,5.0,-0.0025686247026551847,0.26883187907411793,0.7424609537492693,0.0028426075995184705,0.49326017522310583,1.5675069192147721,4.997431375297345,True,4.997431375297345,True,4.997431375297345,True,4.997431375297345,True,4.997431375297345,True,5.0,4.997431375297345,0.0,0.28221152911435654,-0.0379737624819054,-0.2519436407404167,3,probe_clean
755,RIP760,2019-08-09,RIP760,Croplands,36.839,-120.21,4.7,7.9,4.962051100383131,18.175972222222224,1.4700000000000004,2.2695833333333333,-0.6152845999633277,-0.7883050558305253,4.7,-0.2294492619826537,0.17119117174665094,0.6082359108744274,-0.09574649929634024,0.49326017522310583,1.5675069192147721,4.470550738017346,True,4.470550738017346,True,4.470550738017346,True,4.7,False,4.7,False,4.7,4.470550738017346,0.0,-0.038201253618075026,-0.2817769989305974,-0.3683695333992887,3,probe_clean
756,RIP760,2019-08-16,RIP760,Croplands,36.839,-120.21,5.7,8.900001,5.316127973678153,22.662916666666664,2.258958333333333,1.2929166666666665,-0.7055836101071774,-0.7086266782644601,5.7,0.24165067546626595,0.1797549216675181,0.5489146128105998,-0.33694593532823724,0.49326017522310583,1.5675069192147721,5.941650675466266,True,5.941650675466266,True,5.941650675466266,True,5.7,False,5.7,False,5.7,5.941650675466266,0.0,0.3947724811659984,0.04373444175641811,0.2864451034763814,3,probe_clean
757,RIP760,2019-08-17,RIP760,Croplands,36.839,-120.21,5.0,7.5,5.160797418228476,20.22111111111111,1.6075,1.9695833333333328,-0.7176769136759615,-0.6963762255968726,5.0,-0.3495680433644253,0.20524351404519897,0.47457600023906954,-0.09221434867030916,0.49326017522310583,1.5675069192147721,4.6504319566355745,True,4.6504319566355745,True,4.6504319566355745,True,5.0,False,5.0,False,5.0,4.6504319566355745,0.0,-0.12717031488438513,-0.5316847321114798,-0.38984908309741106,3,probe_clean
758,RIP760,2019-08-24,RIP760,Croplands,36.839,-120.21,4.2,6.8,4.064166500369688,22.98916666666666,1.7441666666666669,1.8229166666666672,-0.7961828637826154,-0.6050560696488494,4.2,-0.5521459818493061,0.2999143135768749,0.436882888731449,-0.13819205431042456,0.49326017522310583,1.5675069192147721,3.647854018150694,True,3.647854018150694,True,3.647854018150694,True,4.2,False,4.2,False,4.2,3.647854018150694,0.0,-0.384659007301543,-0.8983960033388444,-0.37338293490753083,3,probe_clean
759,RIP760,2019-08-25,RIP760,Croplands,36.839,-120.21,4.7,8.1,4.722332783187028,22.84833333333333,2.0889583333333333,1.7479166666666668,-0.8064799463209447,-0.5912614448635782,4.7,-0.263532132287924,0.26610039104792743,0.47930805816918776,-0.11013028146334121,0.49326017522310583,1.5675069192147721,4.436467867712076,True,4.436467867712076,True,4.436467867712076,True,4.7,False,4.7,False,4.7,4.436467867712076,0.0,-0.08969832959211438,-0.5698704885943073,-0.1310275786773502,3,probe_clean
760,RIP760,2019-09-01,RIP760,Croplands,36.839,-120.21,4.4,8.5,4.754878283208054,21.408611111111114,2.0337500000000004,1.5200000000000002,-0.8717063187093218,-0.4900286664290594,4.4,-0.2331058263958431,0.21026894991853268,0.5931455988204987,-0.11013028146334121,0.49326017522310583,1.5675069192147721,4.166894173604157,True,4.166894173604157,True,4.166894173604157,True,4.4,False,4.4,False,4.4,4.166894173604157,0.0,-0.13719902719246768,-0.47422870003461814,-0.08788975196044342,3,probe_clean
761,RIP760,2019-09-09,RIP760,Croplands,36.839,-120.21,4.3,6.3,4.025621676152672,17.10027777777778,1.1160416666666666,2.1420833333333333,-0.9307239310379792,-0.3657225234972692,4.3,-0.7924786990990079,0.29247245052822113,0.5258840406882647,-0.3534137534952646,0.49326017522310583,1.5675069192147721,3.507521300900992,True,3.507521300900992,True,3.507521300900992,True,4.3,False,4.3,False,4.3,3.507521300900992,0.0,-0.4547779600035191,-0.9642942716335966,-0.9583638656599082,3,probe_clean
762,RIP760,2019-09-10,RIP760,Croplands,36.839,-120.21,4.1,6.0,4.266889081830692,16.29097222222222,1.0052083333333333,2.160833333333333,-0.9368813462954316,-0.3496474552512282,4.1,-0.896310691330592,0.22808410678625832,0.45848806494191424,-0.2973393271839439,0.49326017522310583,1.5675069192147721,3.2036893086694076,True,3.2036893086694076,True,3.2036893086694076,True,4.1,False,4.1,False,4.1,3.2036893086694076,0.0,-0.6332897707564787,-1.0161012423285463,-1.039541060906751,3,probe_clean
763,RIP760,2019-09-25,RIP760,Croplands,36.839,-120.21,4.5,5.3,2.530413943343549,19.961805555555557,1.524375,0.94875,-0.9951053111006974,-0.0988201387328721,4.5,-0.15054808425941404,0.12786398664332954,0.3769990454961536,-0.061370691021821556,0.49326017522310583,1.5675069192147721,4.349451915740586,True,4.349451915740586,True,4.349451915740586,True,4.5,False,4.5,False,4.5,4.349451915740586,0.0,-0.24847643836396788,-0.005893117801335973,-0.1972746966129383,3,probe_clean
764,RIP760,2019-10-04,RIP760,Croplands,36.839,-120.21,3.5,5.4,2.5425186019112216,12.061944444444444,0.8658333333333332,2.26625,-0.9984354211555644,0.055916990100603,3.5,-0.9221525682475793,0.022129806548717955,0.6509126159464784,-0.249499010494395,0.49326017522310583,1.5675069192147721,2.5778474317524207,True,2.5778474317524207,True,2.5778474317524207,True,3.5,False,3.5,False,3.5,2.5778474317524207,0.0,-0.9475363306108371,-0.9120056417016796,-0.9069157324302209,3,probe_clean
765,RIP760,2020-02-08,RIP760,Croplands,36.839,-120.21,1.5,1.9,0.8779019082684582,9.175,0.4083333333333334,1.6495833333333334,0.6220467484408675,0.7829801036770629,1.5,-0.33864227388886853,0.0959073567380255,0.41901793400025655,-0.046824531196186535,0.49326017522310583,1.5675069192147721,1.1613577261111314,True,1.1613577261111314,True,1.1613577261111314,True,1.5,False,1.5,False,1.5,1.1613577261111314,0.0,-0.44822938718296346,-0.270020502376001,-0.2976769321076411,3,probe_clean
766,RIP760,2020-02-16,RIP760,Croplands,36.839,-120.21,1.9,3.2,1.47128105203092,10.859305555555556,0.5806250000000001,1.8654166666666665,0.7236440382959124,0.6901733882429719,1.9,-0.45524764955427527,0.14124887418844326,0.41004228799001197,-0.08837593134286983,0.49326017522310583,1.5675069192147721,1.4447523504457247,True,1.4447523504457247,True,1.4447523504457247,True,1.9,False,1.9,False,1.9,1.4447523504457247,0.0,-0.5918458684293713,-0.3097673286101942,-0.4641297516232604,3,probe_clean
767,RIP760,2020-02-17,RIP760,Croplands,36.839,-120.21,1.5,2.5,1.2084549369176478,10.414722222222222,0.3714583333333334,1.9274999999999995,0.7354170229639855,0.6776147890466889,1.5,-0.2447944042616803,0.04959255075976257,0.3020372509234074,-0.046824531196186535,0.49326017522310583,1.5675069192147721,1.2552055957383197,True,1.2552055957383197,True,1.2552055957383197,True,1.5,False,1.5,False,1.5,1.2552055957383197,0.0,-0.29114419282362336,-0.1924957410615423,-0.2507432788998752,3,probe_clean
768,RIP760,2020-03-03,RIP760,Croplands,36.839,-120.21,2.3,2.8,1.2932353978407891,10.15,0.739375,1.2066666666666668,0.8840675099433636,0.4673592171580022,2.3,-0.4398449467283956,0.05092845381624922,0.29872012138240356,-0.07276359025444433,0.49326017522310583,1.5675069192147721,1.8601550532716042,True,1.8601550532716042,True,1.8601550532716042,True,2.3,False,2.3,False,2.3,1.8601550532716042,0.0,-0.4178697346522092,-0.49807157211245745,-0.40359353342052007,3,probe_clean
769,RIP760,2020-03-04,RIP760,Croplands,36.839,-120.21,2.5,3.0,1.4520639091219345,11.96125,0.8289583333333334,1.0358333333333334,0.8919813464595485,0.4520722039323043,2.5,-0.3426967808173267,0.03301868028396827,0.3199388732367991,-0.061370691021821556,0.49326017522310583,1.5675069192147721,2.1573032191826735,True,2.1573032191826735,True,2.1573032191826735,True,2.5,False,2.5,False,2.5,2.1573032191826735,0.0,-0.33004502666891156,-0.38017042001694157,-0.3178748957661269,3,probe_clean
770,RIP760,2020-04-21,RIP760,Croplands,36.839,-120.21,4.1,5.3,3.757352498286332,14.268194444444443,0.5991666666666666,2.391666666666667,0.9368813462954316,-0.3496474552512284,4.1,-0.7863359693564295,0.07160177923706795,0.4254004281902969,-0.22523656728856667,0.49326017522310583,1.5675069192147721,3.31366403064357,True,3.31366403064357,True,3.31366403064357,True,4.1,False,4.1,False,4.1,3.31366403064357,0.0,-0.837840325879691,-0.8165953143222328,-0.7045722678673646,3,probe_clean
771,RIP760,2020-04-28,RIP760,Croplands,36.839,-120.21,5.5,6.9,4.508258833114493,19.384722222222223,1.0741666666666667,1.8604166666666664,0.8880573226294932,-0.4597327394521039,5.5,-0.5596136136248433,0.04187873983690739,0.5163695640381942,-0.33788593319793286,0.49326017522310583,1.5675069192147721,4.940386386375157,True,4.940386386375157,True,4.940386386375157,True,5.5,False,5.5,False,5.5,4.940386386375157,0.0,-0.6079183227161477,-0.5374157820467513,-0.533506736111631,3,probe_clean
772,RIP760,2020-05-06,RIP760,Croplands,36.839,-120.21,5.3,8.0,5.045296714180613,15.42597222222222,1.2410416666666666,3.2537500000000006,0.8165380514459161,-0.5772916165517272,5.3,-0.4695750409264674,0.18274952175705036,0.9412313191290916,-0.08417509836820239,0.49326017522310583,1.5675069192147721,4.830424959073532,True,4.830424959073532,True,4.830424959073532,True,5.3,False,5.3,False,5.3,4.830424959073532,0.0,-0.680377135383206,-0.3558526096834155,-0.37249537771278074,3,probe_clean
773,RIP760,2020-05-07,RIP760,Croplands,36.839,-120.21,5.9,7.8,4.502798826288901,16.42083333333333,1.3729166666666666,1.2420833333333334,0.8064799463209448,-0.5912614448635781,5.9,0.2705183603809747,0.24306951890492523,0.49346223667192624,-0.35132971749523817,0.49326017522310583,1.5675069192147721,6.170518360380975,True,6.170518360380975,True,6.170518360380975,True,5.9,False,5.9,False,5.9,6.170518360380975,0.0,0.4242673679212331,0.39700000486056286,-0.009712291638871717,3,probe_clean
774,RIP760,2020-05-14,RIP760,Croplands,36.839,-120.21,6.4,6.8,4.81396970212018,15.57847222222222,0.8158333333333331,3.139583333333333,0.7295575540864875,-0.6839194216246106,6.4,-1.7789391024304877,0.34975330157094026,0.7967987770927467,-1.33613366168177,0.49326017522310583,1.5675069192147721,4.621060897569513,True,4.621060897569513,True,4.621060897569513,True,6.4,False,6.4,False,6.4,4.621060897569513,0.0,-2.1585795631928075,-1.7084177084808,-1.4698200356178555,3,probe_clean
775,RIP760,2020-05-22,RIP760,Croplands,36.839,-120.21,5.6,7.8,5.743306888326753,15.525694444444447,1.1927083333333333,2.8545833333333337,0.6287628145958344,-0.777597146973627,5.6,-0.692890226505395,0.1817309081891541,0.8399504824991176,-0.5592041547554824,0.49326017522310583,1.5675069192147721,4.9071097734946045,True,4.9071097734946045,True,4.9071097734946045,True,5.6,False,5.6,False,5.6,4.9071097734946045,0.0,-0.9021427024226637,-0.574619429809872,-0.6019085472836491,3,probe_clean
776,RIP760,2020-05-23,RIP760,Croplands,36.839,-120.21,6.3,8.5,5.585247373862012,15.173194444444444,1.210625,1.5708333333333335,0.6152845999633276,-0.7883050558305255,6.3,0.2094093378492179,0.22586528468195657,0.6266723032101146,-0.505461084256948,0.49326017522310583,1.5675069192147721,6.509409337849218,True,6.509409337849218,True,6.509409337849218,True,6.3,False,6.3,False,6.3,6.509409337849218,0.0,0.20952835837466002,0.43521508874909165,-0.016515433576098026,3,probe_clean
777,RIP760,2020-05-30,RIP760,Croplands,36.839,-120.21,5.6,5.8,4.989928257010717,17.346388888888885,0.93875,2.4779166666666668,0.5160623910158528,-0.8565509959010036,5.6,-1.4000441340546856,0.2541810207521078,0.4483831215495872,-0.6436227598342958,0.49326017522310583,1.5675069192147721,4.199955865945314,True,4.199955865945314,True,4.199955865945314,True,5.6,False,5.6,False,5.6,4.199955865945314,0.0,-1.6910178756443162,-1.2212600773490216,-1.287854449170719,3,probe_clean
778,RIP760,2020-05-31,RIP760,Croplands,36.839,-120.21,5.0,5.9,3.9747189809981567,17.793888888888887,0.7710416666666667,1.4416666666666669,0.5012418134457758,-0.865307254363206,5.0,-1.135131060643297,0.022501265315060685,0.31383065341320454,-0.23158307770136288,0.49326017522310583,1.5675069192147721,3.864868939356703,True,3.864868939356703,True,3.864868939356703,True,5.0,False,5.0,False,5.0,3.864868939356703,0.0,-1.1165144107023945,-1.1287431376699824,-1.1601356335575141,3,probe_clean
779,RIP760,2020-06-07,RIP760,Croplands,36.839,-120.21,5.7,8.0,5.438391707773559,13.320555555555554,1.0045833333333332,3.86125,0.3935902766564667,-0.9192859697186104,5.7,-1.7046310748565379,0.2872506654210548,0.937232917785891,-1.1624770227386594,0.49326017522310583,1.5675069192147721,3.9953689251434623,True,3.9953689251434623,True,3.9953689251434623,True,5.7,False,5.7,False,5.7,3.9953689251434623,0.0,-2.032648297828843,-1.4980023875845356,-1.5832425391562348,3,probe_clean
780,RIP760,2020-06-08,RIP760,Croplands,36.839,-120.21,6.1,8.6,5.8924838305334015,14.595833333333331,1.2447916666666667,2.7529166666666667,0.3777079652039649,-0.9259247771938498,6.1,-0.5533990682779971,0.12832079765222448,0.9963544785951524,-0.48308102979331236,0.49326017522310583,1.5675069192147721,5.546600931722002,True,5.546600931722002,True,5.546600931722002,True,6.1,False,6.1,False,6.1,5.546600931722002,0.0,-0.6280689282472597,-0.40522851171404256,-0.626899764872689,3,probe_clean
781,RIP760,2020-06-16,RIP760,Croplands,36.839,-120.21,5.9,9.0,6.424868688256706,16.489166666666666,1.1929166666666666,2.9370833333333337,0.2470221804809355,-0.9690098257244062,5.9,-0.28304090957112066,0.13521699492843275,1.0261424836492652,-0.26697632209892747,0.49326017522310583,1.5675069192147721,5.61695909042888,True,5.61695909042888,True,5.61695909042888,True,5.9,False,5.9,False,5.9,5.61695909042888,0.0,-0.39239240296187916,-0.13184923731221596,-0.32488108843926683,3,probe_clean
782,RIP760,2020-06-23,RIP760,Croplands,36.839,-120.21,6.2,8.8,6.749766759938889,23.12333333333333,1.8181250000000004,1.8812499999999996,0.1287481774525813,-0.99167731989929,6.2,0.7928884890231748,0.2803408296194903,0.5037277894345926,-0.511795843802108,0.49326017522310583,1.5675069192147721,6.992888489023175,True,6.992888489023175,True,6.992888489023175,True,6.2,False,6.2,False,6.2,6.992888489023175,0.0,0.46962113305628694,0.9398714613452097,0.9691728726680273,3,probe_clean
783,RIP760,2020-07-01,RIP760,Croplands,36.839,-120.21,6.1,8.900001,6.0837675652342185,19.593611111111112,1.7041666666666673,1.534166666666667,-0.008606996888688,-0.9999629591162656,6.1,0.7544755986189241,0.06302908245440494,0.42971576137288786,-0.4639555271125592,0.49326017522310583,1.5675069192147721,6.854475598618924,True,6.854475598618924,True,6.854475598618924,True,6.1,False,6.1,False,6.1,6.854475598618924,0.0,0.8003566849942816,0.6826079701940589,0.7804621406684322,3,probe_clean
784,RIP760,2020-07-02,RIP760,Croplands,36.839,-120.21,5.7,7.7000003,5.6030814176895785,18.775694444444444,1.3404166666666668,1.528333333333333,-0.0258184402271323,-0.9996666485105112,5.7,0.12950574045840269,0.11986303593574131,0.3790808923306189,-0.3098241603508493,0.49326017522310583,1.5675069192147721,5.829505740458403,True,5.829505740458403,True,5.829505740458403,True,5.7,False,5.7,False,5.7,5.829505740458403,0.0,0.265535014287518,0.03937380533914833,0.0836084017485417,3,probe_clean
785,RIP760,2020-07-09,RIP760,Croplands,36.839,-120.21,5.8,9.5,6.511878593442559,20.450694444444444,1.788541666666667,1.9104166666666664,-0.1457991969198744,-0.9893142039703664,5.8,0.7903650037037453,0.04709044816734701,0.5263540932570313,-0.3098241603508493,0.49326017522310583,1.5675069192147721,6.590365003703745,True,6.590365003703745,True,6.590365003703745,True,5.8,False,5.8,False,5.8,6.590365003703745,0.0,0.7689318005748275,0.7578037395476362,0.8443594709887721,3,probe_clean
786,RIP760,2020-07-10,RIP760,Croplands,36.839,-120.21,6.2,9.8,6.1289190508761076,21.49319444444445,1.8708333333333336,1.6949999999999994,-0.1628070129385164,-0.9866579328916572,6.2,1.0024153528644468,0.06078165544262839,0.6277002699868801,-0.4639555271125592,0.49326017522310583,1.5675069192147721,7.202415352864447,True,7.202415352864447,True,7.202415352864447,True,6.2,False,6.2,False,6.2,7.128447985914227,0.0,0.9427504170236101,1.0002403027355378,1.0642553388341927,3,probe_clean
787,RIP760,2020-07-17,RIP760,Croplands,36.839,-120.21,6.2,8.3,6.392409631665893,21.073750000000004,1.5354166666666669,1.8116666666666663,-0.2802306751992161,-0.9599326896597444,6.2,0.4574637212782167,0.013924093648618512,0.5117570100921318,-0.4639555271125592,0.49326017522310583,1.5675069192147721,6.657463721278217,True,6.657463721278217,True,6.657463721278217,True,6.2,False,6.2,False,6.2,6.657463721278217,0.0,0.470284407073983,0.44265082545100454,0.45945593130966256,3,probe_clean
788,RIP760,2020-07-18,RIP760,Croplands,36.839,-120.21,5.8,8.2,6.211643063172294,21.905972222222218,1.4052083333333334,1.7820833333333337,-0.2967128192734901,-0.9549667548552552,5.8,0.3019166557443391,0.13545085708229054,0.45725569603166843,-0.3098241603508493,0.49326017522310583,1.5675069192147721,6.101916655744339,True,6.101916655744339,True,6.101916655744339,True,5.8,False,5.8,False,5.8,6.101916655744339,0.0,0.14931770224031574,0.3485158929950475,0.4079163719976542,3,probe_clean
789,RIP760,2020-07-26,RIP760,Croplands,36.839,-120.21,6.1,8.7,6.529084298564099,21.467916666666664,1.7720833333333332,2.0683333333333342,-0.4250003399695539,-0.9051931898913976,6.1,0.4646986093559386,0.05583109020103994,0.5461595642414251,-0.4639555271125592,0.49326017522310583,1.5675069192147721,6.564698609355938,True,6.564698609355938,True,6.564698609355938,True,6.1,False,6.1,False,6.1,6.564698609355938,0.0,0.49259561356713055,0.5010832821955734,0.4004169323051118,3,probe_clean
790,RIP760,2020-08-02,RIP760,Croplands,36.839,-120.21,5.8,10.3,5.62233123045915,20.55069444444444,1.96875,1.89,-0.5307300481619331,-0.8475409228928312,5.8,0.7980302491044133,0.2076528763189332,0.830271748685853,-0.3576644770403981,0.49326017522310583,1.5675069192147721,6.598030249104413,True,6.598030249104413,True,6.598030249104413,True,5.8,False,5.8,False,5.8,6.372367800258156,0.0,1.0363464650880945,0.6559864918331496,0.701757790391996,3,probe_clean
791,RIP760,2020-08-03,RIP760,Croplands,36.839,-120.21,5.4,10.400001,6.250903420863731,20.853472222222223,1.933125,2.2625,-0.5452404385406507,-0.8382797052177745,5.4,0.7013454785487733,0.07048356900665485,0.8620323895953005,-0.08576904085014946,0.49326017522310583,1.5675069192147721,6.101345478548773,True,6.101345478548773,True,6.101345478548773,True,5.4,False,5.4,False,5.4,5.906194000889002,0.0,0.7825292758193882,0.6657362293551431,0.6557709304717886,3,probe_clean
792,RIP760,2020-08-10,RIP760,Croplands,36.839,-120.21,5.6,8.900001,6.0342332051917955,22.44652777777777,1.9489583333333331,1.9854166666666664,-0.6420547132365636,-0.7666588193001592,5.6,0.22850847778979624,0.1386510666795894,0.5673082062754091,-0.3098241603508493,0.49326017522310583,1.5675069192147721,5.8285084777897955,True,5.8285084777897955,True,5.8285084777897955,True,5.6,False,5.6,False,5.6,5.8285084777897955,0.0,0.3676211712570412,0.09032369541463955,0.22758056669770801,3,probe_clean
793,RIP760,2020-08-11,RIP760,Croplands,36.839,-120.21,5.6,8.1,5.9119179528248855,21.752777777777773,1.7641666666666669,1.9158333333333328,-0.655156357209085,-0.7554933140726804,5.6,-0.028343597097612406,0.10773271033010205,0.5568108321593143,-0.3098241603508493,0.49326017522310583,1.5675069192147721,5.571656402902387,True,5.571656402902387,True,5.571656402902387,True,5.6,False,5.6,False,5.6,5.571656402902387,0.0,0.08398902495433216,-0.1307956877137667,-0.03822412853340268,3,probe_clean
794,RIP760,2020-08-18,RIP760,Croplands,36.839,-120.21,6.5,10.400001,5.520398279540727,25.59861111111111,1.8741666666666663,1.9841666666666669,-0.7412220108485957,-0.6712599575675315,6.5,0.4349908562629395,0.13680647830692333,0.8989105991444528,-0.7041811694196051,0.49326017522310583,1.5675069192147721,6.93499085626294,True,6.93499085626294,True,6.93499085626294,True,6.5,False,6.5,False,6.5,6.729532614226407,0.0,0.3835899519589909,0.5900530986943271,0.3313295181355004,3,probe_clean
795,RIP760,2020-08-26,RIP760,Croplands,36.839,-120.21,5.0,6.9,5.595694688378693,22.549027777777773,1.5610416666666669,1.8641666666666663,-0.8263541987239095,-0.5631507242749187,5.0,-0.5246511860333181,0.2029911235491787,0.39865061284808184,-0.1058923393503916,0.49326017522310583,1.5675069192147721,4.475348813966682,True,4.475348813966682,True,4.475348813966682,True,5.0,False,5.0,False,5.0,4.475348813966682,0.0,-0.3867213732958114,-0.7577408050702287,-0.42949137973391416,3,probe_clean
796,RIP760,2020-08-27,RIP760,Croplands,36.839,-120.21,5.5,7.4,5.170023159133423,19.67430555555556,1.5820833333333333,1.9725000000000004,-0.8359254794186365,-0.5488429582847199,5.5,-0.3942174322363598,0.22245314840656402,0.5314398011067337,-0.35132971749523817,0.49326017522310583,1.5675069192147721,5.10578256776364,True,5.10578256776364,True,5.10578256776364,True,5.5,False,5.5,False,5.5,5.10578256776364,0.0,-0.13958522027348247,-0.5508120407266706,-0.49225503570892637,3,probe_clean
797,RIP760,2020-09-03,RIP760,Croplands,36.839,-120.21,5.5,7.9,4.695372315591609,20.307916666666664,1.1983333333333337,1.8016666666666667,-0.8958392907349089,-0.4443781781046134,5.5,-0.28871633343578135,0.060203951748120106,0.5507754111689314,-0.3098241603508493,0.49326017522310583,1.5675069192147721,5.211283666564219,True,5.211283666564219,True,5.211283666564219,True,5.5,False,5.5,False,5.5,5.211283666564219,0.0,-0.25335712745948785,-0.2545614814674562,-0.35823039138039997,3,probe_clean
798,RIP760,2020-09-04,RIP760,Croplands,36.839,-120.21,5.1,8.900001,5.0003984781282504,20.73680555555556,1.48125,1.7937500000000002,-0.9033558023246842,-0.4288919379124841,5.1,-0.03882271408252352,0.05651052471469521,0.7516196976596543,-0.05070879152592013,0.49326017522310583,1.5675069192147721,5.061177285917476,True,5.061177285917476,True,5.061177285917476,True,5.1,False,5.1,False,5.1,5.061177285917476,0.0,0.009237229181992074,-0.10107729550466452,-0.024628075924898102,3,probe_clean
799,RIP760,2020-09-12,RIP760,Croplands,36.839,-120.21,3.5,5.5,1.479993202469554,18.170833333333327,0.7545833333333333,0.8104166666666669,-0.9536809966304456,-0.300819807635668,3.5,-0.437825831192058,0.1159585023172702,0.3961605069377693,-0.07544389012132739,0.49326017522310583,1.5675069192147721,3.062174168807942,True,3.062174168807942,True,3.062174168807942,True,3.5,False,3.5,False,3.5,3.062174168807942,0.0,-0.47776662209256626,-0.5285348113108129,-0.30717606017279475,3,probe_clean
800,RIP760,2020-09-19,RIP760,Croplands,36.839,-120.21,4.5,5.5,3.3599594527602124,17.922500000000007,0.9500000000000004,2.085,-0.9829265519799822,-0.1839983516576798,4.5,-0.6361544576619999,0.16152195312709566,0.503069240492043,-0.23862023303121654,0.49326017522310583,1.5675069192147721,3.8638455423380003,True,3.8638455423380003,True,3.8638455423380003,True,4.5,False,4.5,False,4.5,3.8638455423380003,0.0,-0.4576369322592512,-0.7721888677137949,-0.6786375730129536,3,probe_clean
801,RIP760,2020-09-20,RIP760,Croplands,36.839,-120.21,3.6,5.4,2.7377265855709925,18.405138888888892,1.0962500000000002,1.0933333333333335,-0.9859481499638304,-0.1670516255021195,3.6,-0.3788850521171437,0.09307386411631796,0.2973024697936969,-0.06405099088870454,0.49326017522310583,1.5675069192147721,3.2211149478828562,True,3.2211149478828562,True,3.2211149478828562,True,3.6,False,3.6,False,3.6,3.2211149478828562,0.0,-0.42200330712301926,-0.4425805798858041,-0.27207126934260784,3,probe_clean
802,RIP760,2020-09-27,RIP760,Croplands,36.839,-120.21,3.7,5.2000003,3.3075482345565765,19.245,1.1035416666666669,1.2162500000000005,-0.9988797155850336,-0.0473213883224323,3.7,-0.2811971862285961,0.09144598673755389,0.3269429337737173,-0.061370691021821556,0.49326017522310583,1.5675069192147721,3.418802813771404,True,3.418802813771404,True,3.418802813771404,True,3.7,False,3.7,False,3.7,3.418802813771404,0.0,-0.38134069245182445,-0.2601224521257274,-0.20212841410823643,3,probe_clean
803,RIP760,2020-09-28,RIP760,Croplands,36.839,-120.21,4.0,6.0,3.1112358777627405,19.850972222222214,1.2835416666666666,0.8245833333333333,-0.9995462806873572,-0.0301203048469083,4.0,-0.07735632108116254,0.2914505318384005,0.35655301397400535,-0.10555654803309356,0.49326017522310583,1.5675069192147721,3.9226436789188375,True,3.9226436789188375,True,3.9226436789188375,True,4.0,False,4.0,False,4.0,3.9226436789188375,0.0,-0.3733358888738462,0.20934353489297977,-0.0680766092626212,3,probe_clean
804,RIP760,2020-10-13,RIP760,Croplands,36.839,-120.21,3.4,5.6,3.32112215066275,16.59930555555556,1.1639583333333332,1.1933333333333331,-0.9741004551724206,0.226115685508288,3.4,0.03364944479263753,0.32450480761359274,0.5670202997932827,-0.10555654803309356,0.49326017522310583,1.5675069192147721,3.4336494447926373,True,3.4336494447926373,True,3.4336494447926373,True,3.4,False,3.4,False,3.4,3.4336494447926373,0.0,-0.3265197893119102,0.12422449661447113,0.3032436270753517,3,probe_clean
805,RIP760,2020-10-14,RIP760,Croplands,36.839,-120.21,3.6,5.9,3.2820655700365644,17.008472222222224,1.0416666666666667,1.1395833333333334,-0.970063921851507,0.2428497220959358,3.6,0.08653769255774406,0.3380962291420713,0.6346504543238307,-0.10555654803309356,0.49326017522310583,1.5675069192147721,3.686537692557744,True,3.686537692557744,True,3.686537692557744,True,3.6,False,3.6,False,3.6,3.686537692557744,0.0,-0.29740613767505075,0.21727716872454447,0.3397420466237384,3,probe_clean
806,RIP760,2020-12-09,RIP760,Croplands,36.839,-120.21,0.6,1.5,0.2413289691498234,8.112638888888887,0.4235416666666665,1.1437500000000005,-0.3536761221763721,0.935367949313148,0.6,0.06571358531580482,0.08623202799254126,0.31324094744498143,-0.0390889313076186,0.49326017522310583,1.5675069192147721,0.6657135853158048,True,0.6657135853158048,True,0.6657135853158048,True,0.6,False,0.6,False,0.6,0.6657135853158048,0.0,0.11159768159602088,-0.03375917517638652,0.1193022495277801,3,probe_clean
1002,SLM001,2020-01-30,SLM001,Croplands,38.289,-121.118,0.9,1.8000001,0.6745670728666958,10.052222222222223,0.3687499999999999,1.346666666666667,0.4937755501599772,0.869589389346611,0.9,-0.2046914419043452,0.05305961078699132,0.38525572619052223,0.01972063107082288,0.47905580226105415,1.5935564016109434,0.6953085580956548,True,0.6953085580956548,True,0.6953085580956548,True,0.6953085580956548,True,0.6953085580956548,True,0.9,0.6953085580956548,0.0,-0.26576094560186375,-0.1784239005579028,-0.1698894795532691,6,probe_clean
1003,SLM001,2020-02-07,SLM001,Croplands,38.289,-121.118,0.8,1.5,0.5125599227383789,8.313888888888886,0.5495833333333334,1.1424999999999998,0.6084768701151261,0.7935716089521474,0.8,-0.10202937061940458,0.11573499577142965,0.4502683494957237,0.01972063107082288,0.47905580226105415,1.5935564016109434,0.6979706293805955,True,0.6979706293805955,True,0.6979706293805955,True,0.6979706293805955,True,0.6979706293805955,True,0.8,0.6979706293805955,0.0,-0.20301283887978677,-0.12734227750670737,0.024267004528280456,6,probe_clean
1004,SLM001,2020-02-08,SLM001,Croplands,38.289,-121.118,0.9,1.7,0.5957009790875225,8.273888888888889,0.4191666666666666,1.2708333333333333,0.6220467484408675,0.7829801036770629,0.9,-0.12801058112681987,0.09122883490986418,0.3882858926627136,0.01972063107082288,0.47905580226105415,1.5935564016109434,0.7719894188731802,True,0.7719894188731802,True,0.7719894188731802,True,0.7719894188731802,True,0.7719894188731802,True,0.9,0.7719894188731802,0.0,-0.23335224098821156,-0.0755663394711971,-0.07511316292105098,6,probe_clean
1005,SLM001,2020-02-16,SLM001,Croplands,38.289,-121.118,1.3,2.3,0.7285148304424358,10.45902777777778,0.64375,1.3866666666666667,0.7236440382959124,0.6901733882429719,1.3,-0.12781392220153942,0.11580631745628628,0.3098584276238018,0.0344394980176042,0.47905580226105415,1.5935564016109434,1.1721860777984605,True,1.1721860777984605,True,1.1721860777984605,True,1.1721860777984605,True,1.1721860777984605,True,1.3,1.1721860777984605,0.0,-0.17800886811249594,0.0046215855623573665,-0.21005448405447968,6,probe_clean
1006,SLM001,2020-03-02,SLM001,Croplands,38.289,-121.118,1.6,4.9,1.0825729269377589,9.964305555555551,1.2233333333333332,5.207916666666667,0.8758917051442429,0.4825077417612184,1.6,-0.6436578193072462,0.16818080748642142,0.7792356592500194,-0.03615225880627472,0.47905580226105415,1.5935564016109434,0.9563421806927539,True,0.9563421806927539,True,0.9563421806927539,True,1.6,False,1.6,False,1.6,0.9563421806927539,0.0,-0.7786538564864702,-0.45525969126270477,-0.6970599101725637,6,probe_clean
1007,SLM001,2020-03-03,SLM001,Croplands,38.289,-121.118,1.1,3.5,0.6463659303866858,10.400694444444444,0.92375,1.3,0.8840675099433636,0.4673592171580022,1.1,-0.021556837514650002,0.08315759703689196,0.3782559521734421,0.0344394980176042,0.47905580226105415,1.5935564016109434,1.07844316248535,True,1.07844316248535,True,1.07844316248535,True,1.07844316248535,True,1.07844316248535,True,1.1,1.07844316248535,0.0,-0.09010661308820743,-0.0455132312401417,0.0709493317843991,6,probe_clean
1008,SLM001,2020-03-11,SLM001,Croplands,38.289,-121.118,1.5,3.4,1.360401625613895,12.725694444444446,0.7616666666666666,1.335416666666667,0.9398560579418954,0.3415707691678556,1.5,0.10894341575493068,0.08949845386691795,0.387062438894288,0.0344394980176042,0.47905580226105415,1.5935564016109434,1.6089434157549307,True,1.6089434157549307,True,1.6089434157549307,True,1.6089434157549307,True,1.6089434157549307,True,1.5,1.6089434157549307,0.0,0.005616533088216719,0.15898213146431722,0.16223158271225807,6,probe_clean
1009,SLM001,2020-03-27,SLM001,Croplands,38.289,-121.118,1.3,3.1000001,1.4415180228735662,8.20222222222222,0.5216666666666666,1.9979166666666668,0.9973249731081556,0.0730951298980777,1.3,0.3329901153551877,0.14004561608794414,0.3768306099623787,0.0344394980176042,0.47905580226105415,1.5935564016109434,1.6329901153551878,True,1.6329901153551878,True,1.6329901153551878,True,1.6329901153551878,True,1.6329901153551878,True,1.3,1.6329901153551878,0.0,0.48518641058276213,0.209563431162476,0.304220504320325,6,probe_clean
1010,SLM001,2020-04-03,SLM001,Croplands,38.289,-121.118,2.1,4.1,1.7451350143529858,8.877777777777778,0.6770833333333334,1.2412499999999995,0.9988797155850336,-0.0473213883224318,2.1,-0.4680369819884072,0.09048767899376098,0.4453126948721312,0.05929967158078697,0.47905580226105415,1.5935564016109434,1.631963018011593,True,1.631963018011593,True,1.631963018011593,True,1.631963018011593,True,1.631963018011593,True,2.1,1.631963018011593,0.0,-0.46702898468277027,-0.5590244487763044,-0.378057512506147,6,probe_clean
1011,SLM001,2020-04-27,SLM001,Croplands,38.289,-121.118,2.3,6.0,2.691005487680325,15.626666666666663,1.4233333333333331,1.8925,0.895839290734909,-0.4443781781046132,2.3,-0.30393077357363546,0.21935870206832195,0.42456898970900403,0.05270331308889811,0.47905580226105415,1.5935564016109434,1.9960692264263644,True,1.9960692264263644,True,1.9960692264263644,True,1.9960692264263644,True,1.9960692264263644,True,2.3,1.9960692264263644,0.0,-0.18294135410786322,-0.5571413634412432,-0.17170960317179995,6,probe_clean
1012,SLM001,2020-04-28,SLM001,Croplands,38.289,-121.118,3.0,6.5,2.706225662750154,18.147777777777783,1.4725,1.36875,0.8880573226294932,-0.4597327394521039,3.0,-0.3161061264658648,0.20414012179430113,0.5234246514584894,-0.055218671375564105,0.47905580226105415,1.5935564016109434,2.683893873534135,True,2.683893873534135,True,2.683893873534135,True,3.0,False,3.0,False,3.0,2.683893873534135,0.0,-0.1813305180848796,-0.2160130634943332,-0.5509747978183815,6,probe_clean
1013,SLM001,2020-05-05,SLM001,Croplands,38.289,-121.118,1.9,6.5,1.6620751850312732,14.24194444444445,1.4495833333333332,1.7887499999999996,0.8263541987239096,-0.5631507242749186,1.9,-0.19089507677737141,0.16410033084418543,0.49124357928423057,0.03003879440513515,0.47905580226105415,1.5935564016109434,1.7091049232226285,True,1.7091049232226285,True,1.7091049232226285,True,1.7091049232226285,True,1.7091049232226285,True,1.9,1.7091049232226285,0.0,-0.05405223672232623,-0.3728261722842253,-0.1458068213255627,6,probe_clean
1014,SLM001,2020-05-06,SLM001,Croplands,38.289,-121.118,1.8,7.3,2.5781321169633964,14.52486111111111,1.5883333333333336,3.24,0.8165380514459161,-0.5772916165517272,1.8,-0.17475258637615732,0.23941365210490634,0.6452399707764406,-0.09214220288244075,0.47905580226105415,1.5935564016109434,1.6252474136238426,True,1.6252474136238426,True,1.6252474136238426,True,1.8,False,1.8,False,1.8,1.6252474136238426,0.0,0.051111609328533036,-0.14963425634718758,-0.4257351121098174,6,probe_clean
1015,SLM001,2020-05-21,SLM001,Croplands,38.289,-121.118,2.1,6.6,2.62551556928034,15.78652777777778,1.2574999999999996,1.4308333333333332,0.6420547132365637,-0.766658819300159,2.1,-0.645466140171587,0.14089616553028045,0.5599577095089178,-0.09214220288244075,0.47905580226105415,1.5935564016109434,1.454533859828413,True,1.454533859828413,True,1.454533859828413,True,2.1,False,2.1,False,2.1,1.454533859828413,0.0,-0.5162495947686092,-0.6244645842508532,-0.7956842414952985,6,probe_clean
1016,SLM001,2020-05-22,SLM001,Croplands,38.289,-121.118,2.0,6.6,2.3996259316953727,14.192916666666664,1.3641666666666667,2.5066666666666677,0.6287628145958344,-0.777597146973627,2.0,-0.21714845809811312,0.06949469359501319,0.40899626079885243,0.03003879440513515,0.47905580226105415,1.5935564016109434,1.7828515419018869,True,1.7828515419018869,True,1.7828515419018869,True,1.7828515419018869,True,1.7828515419018869,True,2.0,1.7828515419018869,0.0,-0.20329709241769256,-0.15562257273528504,-0.29252570914136183,6,probe_clean
1017,SLM001,2020-06-06,SLM001,Croplands,38.289,-121.118,2.1,6.5,1.924401391607696,13.801111111111108,1.07875,3.174583333333333,0.4093559588156213,-0.9123747579707272,2.1,0.09171969858328156,0.2500655720389826,0.5880231091750667,-0.09214220288244075,0.47905580226105415,1.5935564016109434,2.191719698583282,True,2.191719698583282,True,2.191719698583282,True,2.1,False,2.1,False,2.1,2.191719698583282,0.0,-0.1540068828696075,0.3459093982867141,0.08325658033273814,6,probe_clean
1018,SLM001,2020-06-14,SLM001,Croplands,38.289,-121.118,2.4,6.7000003,1.2688173293325458,16.05027777777778,1.35,1.8158333333333332,0.2802306751992158,-0.9599326896597448,2.4,-1.0255625561878745,0.18110574717090455,0.49823152230887147,0.0009769121763613113,0.47905580226105415,1.5935564016109434,1.3744374438121254,True,1.3744374438121254,True,1.3744374438121254,True,1.3744374438121254,True,1.3744374438121254,True,2.4,1.3744374438121254,0.0,-0.9979522458978989,-0.8598473928934164,-1.2188880297723081,6,probe_clean
1019,SLM001,2020-06-22,SLM001,Croplands,38.289,-121.118,2.1,7.5,1.9945560836009772,20.60125,2.09375,1.5787499999999997,0.1457991969198751,-0.9893142039703664,2.1,-1.4373126074335179,0.3244752011035719,0.33808284477742023,0.001143998698345847,0.47905580226105415,1.5935564016109434,0.6626873925664822,True,0.6626873925664822,True,0.6626873925664822,True,0.6626873925664822,True,0.6626873925664822,True,2.1,0.6626873925664822,0.0,-1.2057008167838505,-1.2980672530942015,-1.808169752422501,6,probe_clean
1020,SLM001,2020-06-23,SLM001,Croplands,38.289,-121.118,1.9,7.7000003,1.6689900538712297,20.36986111111111,1.9958333333333331,1.5620833333333328,0.1287481774525813,-0.99167731989929,1.9,-1.2324157556106254,0.23768253356393565,0.3733749075197071,-0.09295217150337193,0.47905580226105415,1.5935564016109434,0.6675842443893745,True,0.6675842443893745,True,0.6675842443893745,True,1.9,False,1.9,False,1.9,0.6675842443893745,0.0,-1.082065509387939,-1.1087464939459473,-1.5064352634979905,6,probe_clean
1021,SLM001,2020-06-30,SLM001,Croplands,38.289,-121.118,1.9,7.6,2.0890994612580776,18.424722222222226,2.17125,1.4354166666666668,0.0086069968886886,-0.9999629591162656,1.9,-1.1228426068921384,0.32050049479532694,0.49350990251182303,-0.017602098776647635,0.47905580226105415,1.5935564016109434,0.7771573931078615,True,0.7771573931078615,True,0.7771573931078615,True,1.9,False,1.9,False,1.9,0.7771573931078615,0.0,-0.943866116648454,-0.9318025484168415,-1.4928591556111197,6,probe_clean
1022,SLM001,2020-07-01,SLM001,Croplands,38.289,-121.118,2.6,7.9,2.507800805219861,18.442916666666665,1.8679166666666664,1.6395833333333327,-0.008606996888688,-0.9999629591162656,2.6,-1.0939594197256393,0.36070014034496956,0.6372202717573197,-0.029723237405433138,0.47905580226105415,1.5935564016109434,1.5060405802743608,True,1.5060405802743608,True,1.5060405802743608,True,2.6,False,2.6,False,2.6,1.5060405802743608,0.0,-0.8069263105465803,-0.9761072942459371,-1.4988446543844007,6,probe_clean
1023,SLM001,2020-07-08,SLM001,Croplands,38.289,-121.118,2.8,8.2,2.0767156959093684,18.85805555555556,2.07375,1.260416666666667,-0.1287481774525806,-0.99167731989929,2.8,-1.2472894161976262,0.3677753258405351,0.7187954128660486,-0.0744110167679275,0.47905580226105415,1.5935564016109434,1.5527105838023736,True,1.5527105838023736,True,1.5527105838023736,True,2.8,False,2.8,False,2.8,1.5527105838023736,0.0,-0.9615519894174397,-1.1180840909513776,-1.662232168224062,6,probe_clean
1024,SLM001,2020-07-09,SLM001,Croplands,38.289,-121.118,2.1,8.2,1.7500768383265817,19.29486111111111,2.164166666666667,1.3158333333333332,-0.1457991969198744,-0.9893142039703664,2.1,-1.1007342198999313,0.27340961173521827,0.5984540760214028,-0.15423824743779813,0.47905580226105415,1.5935564016109434,0.9992657801000688,True,0.9992657801000688,True,0.9992657801000688,True,2.1,False,2.1,False,2.1,0.9992657801000688,0.0,-0.9601886255118979,-0.92618459632169,-1.4158294378662062,6,probe_clean
1025,SLM001,2020-07-17,SLM001,Croplands,38.289,-121.118,2.3,7.3,1.9253062597636752,18.25958333333333,1.5891666666666666,1.399166666666667,-0.2802306751992161,-0.9599326896597444,2.3,-1.4154386379541897,0.25084950909415626,0.5441750305143371,-0.0015574082815743718,0.47905580226105415,1.5935564016109434,0.8845613620458102,True,0.8845613620458102,True,0.8845613620458102,True,2.3,False,2.3,False,2.3,0.8845613620458102,0.0,-1.1834935548447423,-1.3811561129427807,-1.6816662460750456,6,probe_clean
1026,SLM001,2020-07-24,SLM001,Croplands,38.289,-121.118,2.4,7.0,1.9916841485907983,18.358888888888885,1.5704166666666666,1.5554166666666671,-0.3935902766564664,-0.9192859697186104,2.4,-1.3827155536234867,0.18406828926016008,0.588859647445659,-0.04710712103632233,0.47905580226105415,1.5935564016109434,1.0172844463765132,True,1.0172844463765132,True,1.0172844463765132,True,2.4,False,2.4,False,2.4,1.0172844463765132,0.0,-1.2359794055138418,-1.3229201483019417,-1.5892471070546765,6,probe_clean
1027,SLM001,2020-07-25,SLM001,Croplands,38.289,-121.118,2.1,7.4,2.318928149874904,18.554027777777783,1.7995833333333329,1.5541666666666671,-0.4093559588156211,-0.9123747579707274,2.1,-1.2418846742121188,0.2835321571025159,0.5869006326917698,-0.1487532846575752,0.47905580226105415,1.5935564016109434,0.8581153257878813,True,0.8581153257878813,True,0.8581153257878813,True,2.1,False,2.1,False,2.1,0.8581153257878813,0.0,-1.0770855758334132,-1.079291515364314,-1.5692769314386295,6,probe_clean
1028,SLM001,2020-08-01,SLM001,Croplands,38.289,-121.118,2.5,7.7000003,2.6349701743037697,17.848194444444445,1.7445833333333332,1.227083333333333,-0.5160623910158526,-0.8565509959010037,2.5,-1.3730141176101538,0.3275872652710517,0.7723560756262293,-0.34808979959832403,0.47905580226105415,1.5935564016109434,1.1269858823898462,True,1.1269858823898462,True,1.1269858823898462,True,2.5,False,2.5,False,2.5,1.1269858823898462,0.0,-1.1252167839590899,-1.2494036382524911,-1.74442193061888,6,probe_clean
1029,SLM001,2020-08-02,SLM001,Croplands,38.289,-121.118,3.0,7.9,2.051109622057982,18.634027777777774,1.91125,1.3333333333333333,-0.5307300481619331,-0.8475409228928312,3.0,-1.3535371785055919,0.17241099654225558,0.7488150756493874,-0.40053032458925364,0.47905580226105415,1.5935564016109434,1.6464628214944081,True,1.6464628214944081,True,1.6464628214944081,True,3.0,False,3.0,False,3.0,1.6464628214944081,0.0,-1.1549909234255291,-1.4654629806227883,-1.4401576314684583,6,probe_clean
1030,SLM001,2020-08-09,SLM001,Croplands,38.289,-121.118,2.9,7.6,2.842476851516615,20.991388888888892,2.282083333333333,1.225833333333333,-0.6287628145958345,-0.7775971469736268,2.9,-1.4058651208136659,0.24542786561168012,0.5877685737019736,-0.17347752358015991,0.47905580226105415,1.5935564016109434,1.494134879186334,True,1.494134879186334,True,1.494134879186334,True,2.9,False,2.9,False,2.9,1.494134879186334,0.0,-1.1238228974366575,-1.5229284489419082,-1.570844016062431,6,probe_clean
1031,SLM001,2020-08-10,SLM001,Croplands,38.289,-121.118,2.9,7.5,2.7925879799485953,19.73944444444444,2.0504166666666666,1.4545833333333331,-0.6420547132365636,-0.7666588193001592,2.9,-1.3655752298532837,0.2084948422444768,0.5904582017579875,-0.2751236872014129,0.47905580226105415,1.5935564016109434,1.5344247701467162,True,1.5344247701467162,True,1.5344247701467162,True,2.9,False,2.9,False,2.9,1.5344247701467162,0.0,-1.128135157576426,-1.5187446244823974,-1.4498459075010277,6,probe_clean
1032,SLM001,2020-08-18,SLM001,Croplands,38.289,-121.118,3.2,8.900001,3.690929085770248,24.43611111111111,2.5379166666666677,1.1870833333333335,-0.7412220108485957,-0.6712599575675315,3.2,-0.7361054133006736,0.11567949793183295,0.817037864042905,-0.1712343655222507,0.47905580226105415,1.5935564016109434,2.4638945866993267,True,2.4638945866993267,True,2.4638945866993267,True,3.2,False,3.2,False,3.2,2.4638945866993267,0.0,-0.7452074898288378,-0.8469649915062974,-0.6161437585668859,6,probe_clean
1033,SLM001,2020-08-25,SLM001,Croplands,38.289,-121.118,3.8,6.0,3.109216553207619,20.591805555555556,1.4662500000000005,1.2320833333333334,-0.8165380514459157,-0.5772916165517278,3.8,-0.7376391210059273,0.15146077106105416,0.35333602911506096,0.11166453658304488,0.47905580226105415,1.5935564016109434,3.0623608789940726,True,3.0623608789940726,True,3.0623608789940726,True,3.0623608789940726,True,3.0623608789940726,True,3.8,3.0623608789940726,0.0,-0.5688576015371565,-0.7823440623064091,-0.8617156991742163,6,probe_clean
1034,SLM001,2020-09-02,SLM001,Croplands,38.289,-121.118,2.8,5.2000003,2.6536269946047555,17.15541666666667,0.9991666666666666,0.8975000000000001,-0.888057322629493,-0.4597327394521046,2.8,-1.1913786877882868,0.3915874800970028,0.5499617154894356,0.18884848892819062,0.47905580226105415,1.5935564016109434,1.608621312211713,True,1.608621312211713,True,1.608621312211713,True,1.608621312211713,True,1.608621312211713,True,2.8,1.608621312211713,0.0,-0.886958527792949,-1.0540425206853756,-1.633135014886536,6,probe_clean
1035,SLM001,2020-09-03,SLM001,Croplands,38.289,-121.118,3.5,6.1,2.93887220107121,17.775972222222222,1.1816666666666666,0.9958333333333336,-0.8958392907349089,-0.4443781781046134,3.5,-0.9700078123442827,0.19727627161069416,0.48889715460309624,0.11166453658304488,0.47905580226105415,1.5935564016109434,2.529992187655717,True,2.529992187655717,True,2.529992187655717,True,2.529992187655717,True,2.529992187655717,True,3.5,2.529992187655717,0.0,-0.8125023560705102,-0.9062405391704424,-1.1912805417918952,6,probe_clean
1036,SLM001,2020-09-27,SLM001,Croplands,38.289,-121.118,2.0,6.2000003,1.6288756573507408,17.94875,1.5595833333333335,0.8770833333333333,-0.9988797155850336,-0.0473213883224323,2.0,-0.6729229051523142,0.2514780957759568,0.6540232592449363,-0.0694776841986779,0.47905580226105415,1.5935564016109434,1.3270770948476858,True,1.3270770948476858,True,1.3270770948476858,True,2.0,False,2.0,False,2.0,1.3270770948476858,0.0,-0.841178521952659,-0.38383469029164285,-0.7937555032126409,6,probe_clean
1037,SLM001,2020-10-04,SLM001,Croplands,38.289,-121.118,1.9,6.0,1.9155446634723228,17.010277777777773,1.9108333333333332,0.9875,-0.9973249731081556,0.0730951298980777,1.9,-0.4537568648054849,0.3256066857523964,0.6554906244273286,-0.0694776841986779,0.47905580226105415,1.5935564016109434,1.446243135194515,True,1.446243135194515,True,1.446243135194515,True,1.9,False,1.9,False,1.9,1.446243135194515,0.0,-0.8204479449401351,-0.19848808357841738,-0.3423345658979023,6,probe_clean
1039,SLM001,2020-10-12,SLM001,Croplands,38.289,-121.118,1.6,5.2000003,1.5617347310590444,13.719861111111117,1.3320833333333335,1.0729166666666667,-0.9778483415056568,0.2093146459630488,1.6,-0.43200933570471206,0.0864342777913363,0.6116094273116757,-0.04827411196376509,0.47905580226105415,1.5935564016109434,1.167990664295288,True,1.167990664295288,True,1.167990664295288,True,1.6,False,1.6,False,1.6,1.167990664295288,0.0,-0.5287800822339754,-0.36247091680980087,-0.4047770080703599,6,probe_clean
1040,SLM001,2020-10-13,SLM001,Croplands,38.289,-121.118,2.1,4.8,1.5812055270766563,15.289166666666668,1.6025000000000005,1.04,-0.9741004551724206,0.226115685508288,2.1,-0.41102108389883457,0.21598140873708124,0.42848036684940727,0.05929967158078697,0.47905580226105415,1.5935564016109434,1.6889789161011655,True,1.6889789161011655,True,1.6889789161011655,True,1.6889789161011655,True,1.6889789161011655,True,2.1,1.6889789161011655,0.0,-0.6472838629366675,-0.22373122887464364,-0.36204815988519257,6,probe_clean
1041,SLM001,2020-10-20,SLM001,Croplands,38.289,-121.118,1.7,3.8,1.443020948338276,14.957083333333332,1.4624999999999997,0.8595833333333333,-0.9398560579418952,0.341570769167856,1.7,-0.15404042562317585,0.14142211964753734,0.33790209774722746,0.05929967158078697,0.47905580226105415,1.5935564016109434,1.5459595743768242,True,1.5459595743768242,True,1.5459595743768242,True,1.5459595743768242,True,1.5459595743768242,True,1.7,1.5459595743768242,0.0,-0.2470656518124278,0.008704482445485856,-0.22376010750258565,6,probe_clean
1042,SLM001,2020-10-21,SLM001,Croplands,38.289,-121.118,1.5,3.5,1.486307113395417,15.008611111111106,1.4529166666666669,0.9854166666666668,-0.9338372288229252,0.3576982388331254,1.5,-0.1771456423991528,0.12931813157743302,0.35193569350340015,0.0344394980176042,0.47905580226105415,1.5935564016109434,1.3228543576008471,True,1.3228543576008471,True,1.3228543576008471,True,1.3228543576008471,True,1.3228543576008471,True,1.5,1.3228543576008471,0.0,-0.2242623730366704,-0.030875462550569693,-0.2762990916102182,6,probe_clean
1043,SLM001,2020-10-28,SLM001,Croplands,38.289,-121.118,1.0,2.1000001,0.6756747410321309,10.35875,1.10625,0.95,-0.8840675099433637,0.467359217158002,1.0,0.03244658197647624,0.03954112510122602,0.3571587766689681,0.013766977805076542,0.47905580226105415,1.5935564016109434,1.0324465819764763,True,1.0324465819764763,True,1.0324465819764763,True,1.0324465819764763,True,1.0324465819764763,True,1.0,1.0324465819764763,0.0,0.04034339241174023,0.06744340577322977,-0.010447052255541267,6,probe_clean
1044,SLM001,2020-10-29,SLM001,Croplands,38.289,-121.118,0.9,1.7,0.7581567088830867,9.994583333333331,1.0991666666666668,0.7433333333333332,-0.8758917051442433,0.4825077417612176,0.9,0.12509945805177705,0.024429334212559484,0.4007339915780836,0.013766977805076542,0.47905580226105415,1.5935564016109434,1.0250994580517772,True,1.0250994580517772,True,1.0250994580517772,True,1.0250994580517772,True,1.0250994580517772,True,0.9,1.0250994580517772,0.0,0.137578545814451,0.09695108840255512,0.14076873993832506,6,probe_clean
1045,SLM001,2020-11-05,SLM001,Croplands,38.289,-121.118,1.2,2.6000001,0.5373100776177023,12.199305555555556,1.1258333333333332,0.9137499999999998,-0.8115390590073611,0.5842981736283683,1.2,0.08611558583110844,0.15208128549734154,0.34267157890774536,0.0344394980176042,0.47905580226105415,1.5935564016109434,1.2861155858311084,True,1.2861155858311084,True,1.2861155858311084,True,1.2861155858311084,True,1.2861155858311084,True,1.2,1.2861155858311084,0.0,-0.07146231889448278,0.23202845610133316,0.09778062028647494,6,probe_clean
1046,SLM001,2020-11-29,SLM001,Croplands,38.289,-121.118,0.5,1.1,0.1533963458159134,5.889305555555557,0.4975000000000001,0.8866666666666667,-0.5086709438521042,0.8609610158889945,0.5,0.08287921620743978,0.06839361684955096,0.3395465891527623,0.01972063107082288,0.47905580226105415,1.5935564016109434,0.5828792162074398,True,0.5828792162074398,True,0.5828792162074398,True,0.5828792162074398,True,0.5828792162074398,True,0.5,0.5828792162074398,0.0,0.03427443693879051,0.05327549858156991,0.1610877131019589,6,probe_clean
1047,SLM001,2020-12-07,SLM001,Croplands,38.289,-121.118,0.8,3.5,0.308524391349531,7.7041666666666675,0.777083333333333,1.5141666666666662,-0.3856634062436074,0.9226395488404876,0.8,-0.00712175646894217,0.14255323258047808,0.46899532741731165,0.0344394980176042,0.47905580226105415,1.5935564016109434,0.7928782435310578,True,0.7928782435310578,True,0.7928782435310578,True,0.7928782435310578,True,0.7928782435310578,True,0.8,0.7928782435310578,0.0,-0.17155229457750085,0.06850771558411911,0.08167930958655523,6,probe_clean
1048,SLM001,2020-12-08,SLM001,Croplands,38.289,-121.118,0.6,1.4,0.1449522506081386,7.144861111111112,0.59375,1.6395833333333334,-0.3697245428906732,0.9291414114031744,0.6,-0.004747658380868329,0.08612491706184834,0.32639438074413557,0.01972063107082288,0.47905580226105415,1.5935564016109434,0.5952523416191317,True,0.5952523416191317,True,0.5952523416191317,True,0.5952523416191317,True,0.5952523416191317,True,0.6,0.5952523416191317,0.0,-0.040863444864044834,-0.06693463297477757,0.09355510269621742,6,probe_clean
1914,US-Bi1,2019-03-08,US-Bi1,Croplands,38.0991537999999,-121.49933,1.4,2.3,3.1050126153167086,16.91053475,0.4373900354166666,4.344032458333333,0.9141279881853336,0.4054257283599973,1.4,0.4137508050310406,0.3410089711623896,0.8607006252016216,-0.05669356374877803,0.6451243391209496,1.8896185867320612,1.8137508050310405,True,1.8137508050310405,True,1.8137508050310405,True,1.4,False,1.4,False,1.4,1.8137508050310405,0.0,0.28106144666553456,0.1590312086463551,0.8011597597812323,5,probe_clean
1915,US-Bi1,2019-03-16,US-Bi1,Croplands,38.0991537999999,-121.49933,1.7,2.8,2.561636538188403,17.906884458333334,0.690644275,1.1757349375,0.9611297838723007,0.2760969730974688,1.7,0.24537878193403548,0.1414662031706511,0.24276293043517905,-0.00922095264052729,0.6451243391209496,1.8896185867320612,1.9453787819340354,True,1.9453787819340354,True,1.9453787819340354,True,1.7,False,1.7,False,1.7,1.9453787819340354,0.0,0.17421104130222412,0.15362824543252843,0.4082970590673538,5,probe_clean
1916,US-Bi1,2019-03-17,US-Bi1,Croplands,38.0991537999999,-121.49933,1.6,2.8,2.3005012828781086,18.89554477083334,0.6555354458333336,0.9409568125,0.9657399376548548,0.2595117970697999,1.6,0.3060938300283507,0.1244185872430149,0.3855151827673242,-0.00922095264052729,0.6451243391209496,1.8896185867320612,1.9060938300283508,True,1.9060938300283508,True,1.9060938300283508,True,1.6,False,1.6,False,1.6,1.9060938300283508,0.0,0.26517058880147104,0.20729124353352743,0.4458196577500536,5,probe_clean
1917,US-Bi1,2019-03-24,US-Bi1,Croplands,38.0991537999999,-121.49933,2.7,2.7,2.6358370269122338,17.50831960416667,0.4132763916666669,1.1161769583333334,0.989932495087353,0.141540295217043,2.7,0.0017003560343120765,0.19848739262418044,0.3264346450498606,-0.04452369953898902,0.6451243391209496,1.8896185867320612,2.7017003560343125,True,2.7017003560343125,True,2.7017003560343125,True,2.7,False,2.7,False,2.7,2.7017003560343125,0.0,0.1524157845213808,-0.22319293839907214,0.07587822198062757,5,probe_clean
1918,US-Bi1,2019-04-09,US-Bi1,Croplands,38.0991537999999,-121.49933,4.8,4.3,6.713610754775972,19.956250041666667,0.7176810270833335,4.771298041666667,0.9911140639934548,-0.1330147065341959,4.8,0.35763393842411134,0.41403225298697605,0.8612083785817157,-0.022732340446705662,0.6451243391209496,1.8896185867320612,5.157633938424111,True,5.157633938424111,True,5.157633938424111,True,4.8,False,4.8,False,4.8,5.157633938424111,0.0,0.1567822643505504,0.08233825587509883,0.8337812950466847,5,probe_clean
1919,US-Bi1,2019-04-17,US-Bi1,Croplands,38.0991537999999,-121.49933,4.5,4.5,5.1283425306205315,20.526943958333337,0.6456047833333334,1.4809786666666662,0.9634705485641488,-0.2678143051621742,4.5,-0.3362253323424073,0.08709172514416219,0.3944304715537817,0.06647607787090487,0.6451243391209496,1.8896185867320612,4.163774667657592,True,4.163774667657592,True,4.163774667657592,True,4.163774667657592,True,4.163774667657592,True,4.5,4.163774667657592,0.0,-0.41042433387876,-0.3579123072029207,-0.24033935594554112,5,probe_clean
1920,US-Bi1,2019-04-18,US-Bi1,Croplands,38.0991537999999,-121.49933,4.9,4.5,5.253263649224463,22.745688375,0.8550710708333336,0.9973842291666664,0.9587178169872964,-0.2843591872810034,4.9,-0.22938401508783143,0.1607678966605049,0.4616355536151341,-0.0023953375639430806,0.6451243391209496,1.8896185867320612,4.670615984912169,True,4.670615984912169,True,4.670615984912169,True,4.9,False,4.9,False,4.9,4.670615984912169,0.0,-0.3030264696494133,-0.3401395754846823,-0.044986000129398546,5,probe_clean
1921,US-Bi1,2019-05-03,US-Bi1,Croplands,38.0991537999999,-121.49933,3.4,5.4,2.2356888487538265,21.382971916666666,1.1075462562500002,2.0368380208333328,0.854322169749827,-0.5197438121555155,3.4,0.15073549429199903,0.14315217365150928,0.44881606441070765,0.0004468884285174048,0.6451243391209496,1.8896185867320612,3.550735494291999,True,3.550735494291999,True,3.550735494291999,True,3.550735494291999,True,3.550735494291999,True,3.4,3.550735494291999,0.0,0.11817927986608515,0.026665411285622193,0.3073617917242898,5,probe_clean
1922,US-Bi1,2019-05-04,US-Bi1,Croplands,38.0991537999999,-121.49933,3.7,5.2000003,2.478308569159524,19.88781589583333,0.8471455270833333,3.437848166666668,0.8452490573530633,-0.5343725582809787,3.7,0.21099199126386933,0.1023678700420733,0.5900619825181177,0.02995674914842074,0.6451243391209496,1.8896185867320612,3.9109919912638693,True,3.9109919912638693,True,3.9109919912638693,True,3.9109919912638693,True,3.9109919912638693,True,3.7,3.9109919912638693,0.0,0.3289776984752435,0.14577736240310238,0.1582209129132621,5,probe_clean
1923,US-Bi1,2019-05-11,US-Bi1,Croplands,38.0991537999999,-121.49933,4.7,5.8,4.923007495173488,21.372308291666673,0.71139951875,2.793049499999998,0.7748840413670407,-0.6321034111873487,4.7,-0.4501829950886725,0.24062062513160234,0.5087684598721729,-0.08449377690683156,0.6451243391209496,1.8896185867320612,4.2498170049113275,True,4.2498170049113275,True,4.2498170049113275,True,4.7,False,4.7,False,4.7,4.2498170049113275,0.0,-0.17288158410802407,-0.5737927285416169,-0.6038746726163765,5,probe_clean
1924,US-Bi1,2019-05-27,US-Bi1,Croplands,38.0991537999999,-121.49933,4.5,3.7,5.196944569192593,20.029794708333338,0.49181165625,1.7041009999999996,0.5737722679043246,-0.8190148866680801,4.5,0.2671596462076791,0.08393436096230053,0.633214985538209,0.024810293406685308,0.6451243391209496,1.8896185867320612,4.767159646207679,True,4.767159646207679,True,4.767159646207679,True,4.767159646207679,True,4.767159646207679,True,4.5,4.767159646207679,0.0,0.22995863736279518,0.3632652514676912,0.20825504979255097,5,probe_clean
1925,US-Bi1,2019-06-04,US-Bi1,Croplands,38.0991537999999,-121.49933,7.1,7.2000003,7.282786428869955,27.547065229166662,1.2628726979166671,1.5628046875,0.4559066935084588,-0.8900275764346767,7.1,-0.4682534719352567,0.16032932721711363,0.4594354599567434,0.019803474298159457,0.6451243391209496,1.8896185867320612,6.631746528064743,True,6.631746528064743,True,6.631746528064743,True,6.631746528064743,True,6.631746528064743,True,7.1,6.631746528064743,0.0,-0.35954988682341404,-0.6523863921783983,-0.3928241368039578,5,probe_clean
1926,US-Bi1,2019-06-05,US-Bi1,Croplands,38.0991537999999,-121.49933,7.5,7.5,8.586547059572071,28.57999452083334,1.4519106104166666,2.2712376875,0.440518784350495,-0.8977433935342337,7.5,-0.95152952258965,0.3866899857547883,0.5983097293462596,-0.5225009464580671,0.6451243391209496,1.8896185867320612,6.54847047741035,True,6.54847047741035,True,6.54847047741035,True,7.5,False,7.5,False,7.5,6.54847047741035,0.0,-0.5384954266084847,-1.3049522265326314,-1.0111409146278336,5,probe_clean
1927,US-Bi1,2019-06-12,US-Bi1,Croplands,38.0991537999999,-121.49933,3.8,8.400001,4.1230446983274165,31.16314045833333,2.4706819125,3.401243145833333,0.3294084822245304,-0.9441875088341992,3.8,-0.9452405330404714,0.2342923633913661,0.9016011582267265,-0.49237605014979974,0.6451243391209496,1.8896185867320612,2.8547594669595284,True,2.8547594669595284,True,2.8547594669595284,True,3.8,False,3.8,False,3.8,2.8547594669595284,0.0,-0.7449532331880631,-0.8878828823946306,-1.2028854835387202,5,probe_clean
1928,US-Bi1,2019-06-20,US-Bi1,Croplands,38.0991537999999,-121.49933,5.8,6.2000003,6.256088921922351,23.58783733333334,0.8863639104166668,4.781279062500002,0.1966728897935764,-0.980469160361632,5.8,0.7220917121709126,0.12729934150557604,0.7492391271634377,-0.25259734450853966,0.6451243391209496,1.8896185867320612,6.522091712170912,True,6.522091712170912,True,6.522091712170912,True,5.8,False,5.8,False,5.8,6.522091712170912,0.0,0.5973530345842992,0.8518058286623487,0.7171162732660898,5,probe_clean
1929,US-Bi1,2019-06-21,US-Bi1,Croplands,38.0991537999999,-121.49933,6.3,7.4,7.219814023812852,24.327444,1.2973127187499998,3.982436979166668,0.1797665857255624,-0.9837092937736096,6.3,-0.06052260226115505,0.22606020617348133,0.7862295052200692,-0.42478074192639664,0.6451243391209496,1.8896185867320612,6.2394773977388445,True,6.2394773977388445,True,6.2394773977388445,True,6.3,False,6.3,False,6.3,6.2394773977388445,0.0,-0.2905986643716203,-0.052264583605260956,0.16129544119341613,5,probe_clean
1930,US-Bi1,2019-07-06,US-Bi1,Croplands,38.0991537999999,-121.49933,6.9,7.6,6.985582983293677,25.64277195833333,1.32408265625,1.8478388125,-0.0773864792334632,-0.9970011699250152,6.9,0.08059677137970986,0.060010398593880944,0.43770593414764447,-0.1615040594981098,0.6451243391209496,1.8896185867320612,6.980596771379711,True,6.980596771379711,True,6.980596771379711,True,6.9,False,6.9,False,6.9,6.980596771379711,0.0,0.14522542683632936,0.026635258850631144,0.06992962845216907,5,probe_clean
1931,US-Bi1,2019-07-14,US-Bi1,Croplands,38.0991537999999,-121.49933,7.3,8.0,6.227371456258334,27.231391416666664,1.652597316666666,2.8348150208333336,-0.2135209154397959,-0.9769384927771816,7.3,-0.579280049132766,0.15880343682202017,0.5395049324540142,-0.1743771648497816,0.6451243391209496,1.8896185867320612,6.720719950867234,True,6.720719950867234,True,6.720719950867234,True,7.3,False,7.3,False,7.3,6.720719950867234,0.0,-0.39705503595253655,-0.6526706772929781,-0.6881144341527834,5,probe_clean
1932,US-Bi1,2019-07-22,US-Bi1,Croplands,38.0991537999999,-121.49933,6.7,8.400001,6.3299764623538355,28.23563287500001,1.7013713395833332,1.8577241666666664,-0.3456123126707333,-0.9383773917408642,6.7,-0.16453111020669622,0.06879659567762449,0.34085768189770044,-0.043087298366713836,0.6451243391209496,1.8896185867320612,6.535468889793304,True,6.535468889793304,True,6.535468889793304,True,6.7,False,6.7,False,6.7,6.535468889793304,0.0,-0.23601551949549093,-0.15879650457162647,-0.09878130655297124,5,probe_clean
1933,US-Bi1,2019-07-23,US-Bi1,Croplands,38.0991537999999,-121.49933,7.1,8.2,6.022125566480986,27.38634064583334,1.6061312854166667,2.2296086875000003,-0.3617137307297674,-0.9322892131745134,7.1,-0.3330754894597026,0.12241468034043242,0.4248167405097828,0.43119204675807593,0.6451243391209496,1.8896185867320612,6.766924510540297,True,6.766924510540297,True,6.766924510540297,True,6.766924510540297,True,6.766924510540297,True,7.1,6.766924510540297,0.0,-0.23171105420766866,-0.4690764764883394,-0.29843893768309987,5,probe_clean
1934,US-Bi1,2019-07-30,US-Bi1,Croplands,38.0991537999999,-121.49933,2.6,7.1,2.412007260449602,24.716751708333327,1.2040799333333336,2.172901979166667,-0.4711595076738639,-0.8820480249558535,2.6,-0.4469129595752925,0.21149106443599855,0.387352711848927,-0.04427795600039093,0.6451243391209496,1.8896185867320612,2.1530870404247078,True,2.1530870404247078,True,2.1530870404247078,True,2.6,False,2.6,False,2.6,2.1530870404247078,0.0,-0.6776717887273698,-0.2623147439944438,-0.4007523460040638,5,probe_clean
1935,US-Bi1,2019-08-15,US-Bi1,Croplands,38.0991537999999,-121.49933,2.5,9.0,2.223562894731137,31.1594765625,2.1387997874999995,1.4387065833333332,-0.6932812268869771,-0.7206671495538615,2.5,-1.183501129186162,0.4168034489432328,0.770301294552277,0.7473573012718802,0.6451243391209496,1.8896185867320612,1.316498870813838,True,1.316498870813838,True,1.316498870813838,True,1.316498870813838,True,1.316498870813838,True,2.5,1.316498870813838,0.0,-1.5936349746484317,-1.1965346114425515,-0.7603338014675023,5,probe_clean
1936,US-Bi1,2019-08-23,US-Bi1,Croplands,38.0991537999999,-121.49933,3.5,7.1,4.614382268226426,28.763908125,1.477923654166667,2.8787186875000006,-0.7856498550787144,-0.6186714032625032,3.5,-0.8060596951775567,0.22947935843156372,0.5852154652016575,-0.2189329158198777,0.6451243391209496,1.8896185867320612,2.6939403048224433,True,2.6939403048224433,True,2.6939403048224433,True,3.5,False,3.5,False,3.5,2.6939403048224433,0.0,-1.0172995904285895,-0.5618971333970028,-0.8389823617070777,5,probe_clean
1937,US-Bi1,2019-08-24,US-Bi1,Croplands,38.0991537999999,-121.49933,3.6,6.8,4.799962146296355,27.66487858333333,1.3602575520833338,3.15768975,-0.7961828637826154,-0.6050560696488494,3.6,-0.4778881879109414,0.21918548481731362,0.5120578535550134,-0.0504734239782474,0.6451243391209496,1.8896185867320612,3.1221118120890585,True,3.1221118120890585,True,3.1221118120890585,True,3.6,False,3.6,False,3.6,3.1221118120890585,0.0,-0.6698436127272758,-0.2390570089110031,-0.5247639420945454,5,probe_clean
1938,US-Bi1,2019-08-31,US-Bi1,Croplands,38.0991537999999,-121.49933,5.3,7.0,5.877614245243874,27.71674220833333,1.3927678666666663,1.259753479166667,-0.8631421280499115,-0.5049610547215202,5.3,-0.7037997140599203,0.1626503867873008,0.47993420076836824,-0.1510154798980472,0.6451243391209496,1.8896185867320612,4.596200285940079,True,4.596200285940079,True,4.596200285940079,True,5.3,False,5.3,False,5.3,4.596200285940079,0.0,-0.8443752052086629,-0.5256507299043243,-0.741373207066774,5,probe_clean
1939,US-Bi1,2019-09-08,US-Bi1,Croplands,38.0991537999999,-121.49933,4.9,5.5,5.516997683443441,24.385867750000006,0.8163183666666668,1.993115520833333,-0.9242907221930934,-0.3816892202666586,4.9,-0.7331427800552976,0.06947575611600432,0.39673092102908625,-0.1653354346537319,0.6451243391209496,1.8896185867320612,4.166857219944703,True,4.166857219944703,True,4.166857219944703,True,4.9,False,4.9,False,4.9,4.166857219944703,0.0,-0.6629834850584395,-0.8019142022479809,-0.7345306528594725,5,probe_clean
1940,US-Bi1,2019-09-09,US-Bi1,Croplands,38.0991537999999,-121.49933,5.3,5.7000003,6.2468259131972586,24.769214229166675,0.9098353104166668,3.2582560000000003,-0.9307239310379792,-0.3657225234972692,5.3,-0.13716912258759917,0.48599422537282083,0.5382754600874715,1.498368405290121,0.6451243391209496,1.8896185867320612,5.162830877412401,True,5.162830877412401,True,5.162830877412401,True,5.162830877412401,True,5.162830877412401,True,5.3,5.162830877412401,0.0,-0.5187195744587222,-0.3027712620997251,0.40998346879564973,5,probe_clean
1941,US-Bi1,2019-09-24,US-Bi1,Croplands,38.0991537999999,-121.49933,2.1,6.1,2.212787134489796,27.81702229166666,2.123774975,1.9624768125000005,-0.9932568492674144,-0.1159345995955006,2.1,-0.4349760714531488,0.2689317477317999,0.650140686106035,-0.08038022124407564,0.6451243391209496,1.8896185867320612,1.6650239285468513,True,1.6650239285468513,True,1.6650239285468513,True,2.1,False,2.1,False,2.1,1.6650239285468513,0.0,-0.5510350022899609,-0.6263900432461526,-0.12750316882333307,5,probe_clean
1942,US-Bi1,2019-09-25,US-Bi1,Croplands,38.0991537999999,-121.49933,1.9,5.6,2.09468285502449,28.3506666875,1.9547905979166664,0.9925219166666668,-0.9951053111006974,-0.0988201387328721,1.9,-0.44481072904727287,0.10429200950204517,0.6970003320128841,-0.04311760420316495,0.6451243391209496,1.8896185867320612,1.455189270952727,True,1.455189270952727,True,1.455189270952727,True,1.9,False,1.9,False,1.9,1.455189270952727,0.0,-0.47839558495989704,-0.32786408831900155,-0.5281725138629201,5,probe_clean
1943,US-Bi1,2019-10-02,US-Bi1,Croplands,38.0991537999999,-121.49933,2.2,3.7,2.8290160958716424,19.670664833333326,0.9939338125000002,1.3952516458333335,-0.9997685019798908,0.0215160974362222,2.2,-0.37366309340745274,0.14082581047425577,0.3525720467059833,-0.00922095264052729,0.6451243391209496,1.8896185867320612,1.8263369065925474,True,1.8263369065925474,True,1.8263369065925474,True,2.2,False,2.2,False,2.2,1.8263369065925474,0.0,-0.4821344587333488,-0.21451134393878138,-0.424343477550228,5,probe_clean
1944,US-Bi1,2019-10-10,US-Bi1,Croplands,38.0991537999999,-121.49933,3.9,4.6,4.853817233803653,19.9189626875,1.32923334375,3.540356833333336,-0.9873494423939864,0.1585593851031347,3.9,-0.29048272061990654,0.18545162876439283,0.4206075363985658,0.005956183395267759,0.6451243391209496,1.8896185867320612,3.6095172793800936,True,3.6095172793800936,True,3.6095172793800936,True,3.6095172793800936,True,3.6095172793800936,True,3.9,3.6095172793800936,0.0,-0.3804357036990796,-0.41380255179039793,-0.07720990637024211,5,probe_clean
1945,US-Bi1,2019-10-11,US-Bi1,Croplands,38.0991537999999,-121.49933,3.0,2.9,3.260367680144596,18.643549875,0.9161541916666666,0.8158110833333333,-0.9844738167520924,0.1755314904214277,3.0,0.40511653887835736,0.008835225411102083,0.3695283021842186,-0.005535702663045132,0.6451243391209496,1.8896185867320612,3.4051165388783575,True,3.4051165388783575,True,3.4051165388783575,True,3.0,False,3.0,False,3.0,3.4051165388783575,0.0,0.4123546270264613,0.4077239519056748,0.39527103770293615,5,probe_clean
1946,US-Bi1,2019-10-26,US-Bi1,Croplands,38.0991537999999,-121.49933,1.1,3.3,1.1624429626558277,20.751953083333333,1.0109918229166668,1.2516103958333331,-0.9070138128026362,0.4211008707960891,1.1,-0.03569003146325994,0.050188468475890834,0.31486023175731004,-0.005535702663045132,0.6451243391209496,1.8896185867320612,1.06430996853674,True,1.06430996853674,True,1.06430996853674,True,1.1,False,1.1,False,1.1,1.06430996853674,0.0,-0.08142944300524982,-0.04363934647164491,0.017998695087114908,5,probe_clean
1947,US-Bi1,2019-10-27,US-Bi1,Croplands,38.0991537999999,-121.49933,2.1,5.5,2.306873990240795,20.254381645833327,1.4235842479166667,9.772644104166671,-0.8996308696522434,0.4366512319560638,2.1,-0.6490307271592236,0.3515715444051657,1.69864659228728,3.1435056254932787,0.6451243391209496,1.8896185867320612,1.4509692728407764,True,1.4509692728407764,True,1.4509692728407764,True,1.4509692728407764,True,1.4509692728407764,True,2.1,1.4154362179575286,0.0,-0.9289770410849204,-0.25444983892139056,-0.7636653014713599,5,probe_clean
1948,US-Bi1,2019-11-03,US-Bi1,Croplands,38.0991537999999,-121.49933,1.0,1.8000001,1.3890007457312754,18.101381062500003,0.922659822916667,0.6628515833333332,-0.8406184056344783,0.5416278206559811,1.0,0.11951833492234709,0.04020549307783852,0.434155479892642,-0.005535702663045132,0.6451243391209496,1.8896185867320612,1.119518334922347,True,1.119518334922347,True,1.119518334922347,True,1.0,False,1.0,False,1.0,1.119518334922347,0.0,0.10132827524270085,0.09162251494400162,0.16560421458033878,5,probe_clean
1949,US-Bi1,2019-11-11,US-Bi1,Croplands,38.0991537999999,-121.49933,1.5,1.9,2.0491595611175923,19.92861577083333,0.7647484104166665,0.7301441666666667,-0.7583058084785625,0.6518989958787125,1.5,0.560921760270601,0.19318932294947427,0.4558432172964649,-0.04452369953898902,0.6451243391209496,1.8896185867320612,2.060921760270601,True,2.060921760270601,True,2.060921760270601,True,1.5,False,1.5,False,1.5,2.060921760270601,0.0,0.6675513622996759,0.33791691688463543,0.6772970016274918,5,probe_clean
1950,US-Bi1,2019-11-19,US-Bi1,Croplands,38.0991537999999,-121.49933,1.5,2.8,2.5502288793034897,20.98982479166667,0.4596354624999999,3.2975941041666665,-0.661634618242279,0.749826401204568,1.5,0.5134919691732746,0.02589768002034323,0.5661766682291447,-0.01840880801471699,0.6451243391209496,1.8896185867320612,2.0134919691732747,True,2.0134919691732747,True,2.0134919691732747,True,1.5,False,1.5,False,1.5,2.0134919691732747,0.0,0.5431583438279287,0.5019175379849298,0.4954000257069652,5,probe_clean
1951,US-Bi1,2019-12-14,US-Bi1,Croplands,38.0991537999999,-121.49933,0.9,0.90000004,2.953429646282381,21.70543593750001,0.2795744041666667,4.007012729166667,-0.2884824328806098,0.9574851883550388,0.9,0.8796907424244678,0.5232004215998546,1.2004482469273463,1.8172191553378398,0.6451243391209496,1.8896185867320612,1.7796907424244677,True,1.7796907424244677,True,1.7796907424244677,True,1.7796907424244677,True,1.7796907424244677,True,0.9,1.7796907424244677,0.0,0.4997714142637507,0.6628523494424825,1.4764484635671697,5,probe_clean
1952,US-Bi1,2019-12-30,US-Bi1,Croplands,38.0991537999999,-121.49933,0.9,1.0,1.8399812377263265,17.9593984375,0.2253583,2.100268,-0.0172133561558352,0.9998518392091162,0.9,0.053673342031223786,0.05152866714309336,0.6785739009044627,-0.010118562687588588,0.6451243391209496,1.8896185867320612,0.9536733420312238,True,0.9536733420312238,True,0.9536733420312238,True,0.9,False,0.9,False,0.9,0.9536733420312238,0.0,-0.0011981700581237542,0.10103499600585666,0.06118320014593845,5,probe_clean
2027,US-Bi2,2019-01-12,US-Bi1,Croplands,38.109,-121.535,1.0,0.90000004,0.5433923134609235,13.599353249999998,0.1141288895833333,1.5445165625,0.2051044998686192,0.9787400799669153,1.0,-0.19087680622266467,0.05808814456107833,0.348488689124799,-0.005535702663045132,0.6451243391209496,1.8896185867320612,0.8091231937773353,True,0.8091231937773353,True,0.8091231937773353,True,1.0,False,1.0,False,1.0,0.8091231937773353,0.0,-0.22876443566876384,-0.2198665725234135,-0.12399941047581672,5,probe_clean
2028,US-Bi2,2019-03-08,US-Bi1,Croplands,38.109,-121.535,1.9,2.3,4.550265201096988,13.853356791666664,0.4154986875000001,4.7330546875,0.9141279881853336,0.4054257283599973,1.9,0.43298661756704354,0.35466533520133015,0.8678306841697871,-0.14192721699143038,0.6451243391209496,1.8896185867320612,2.3329866175670433,True,2.3329866175670433,True,2.3329866175670433,True,1.9,False,1.9,False,1.9,2.3329866175670433,0.0,0.25108154958217266,0.20618073754887153,0.8416975655700862,5,probe_clean
2029,US-Bi2,2019-03-16,US-Bi1,Croplands,38.109,-121.535,2.1,2.8,2.840772162151006,16.81112025,0.6093511874999998,1.2011247916666667,0.9611297838723007,0.2760969730974688,2.1,0.09577342104294244,0.09551156465285818,0.2511186284090373,-0.00922095264052729,0.6451243391209496,1.8896185867320612,2.1957734210429427,True,2.1957734210429427,True,2.1957734210429427,True,2.1,False,2.1,False,2.1,2.1957734210429427,0.0,0.09964163341052476,-0.001613483330564297,0.18929211304886687,5,probe_clean
2030,US-Bi2,2019-03-17,US-Bi1,Croplands,38.109,-121.535,2.4,2.8,2.35794741671672,17.903426645833335,0.6295178458333334,0.927909208333333,0.9657399376548548,0.2595117970697999,2.4,0.049717369761179374,0.1654471625184509,0.3523603516241113,-0.00922095264052729,0.6451243391209496,1.8896185867320612,2.449717369761179,True,2.449717369761179,True,2.449717369761179,True,2.4,False,2.4,False,2.4,2.449717369761179,0.0,0.12425544272780584,-0.13988623385718402,0.1647829004129163,5,probe_clean
2031,US-Bi2,2019-03-24,US-Bi1,Croplands,38.109,-121.535,2.4,2.7,2.228543135471229,15.426978854166665,0.4039051125,1.1806111875,0.989932495087353,0.141540295217043,2.4,0.052833859024877555,0.11862759360564533,0.29556071905625847,-0.00922095264052729,0.6451243391209496,1.8896185867320612,2.4528338590248775,True,2.4528338590248775,True,2.4528338590248775,True,2.4,False,2.4,False,2.4,2.4528338590248775,0.0,0.15199673645008396,-0.0785861327677457,0.0850909733922944,5,probe_clean
2032,US-Bi2,2019-04-17,US-Bi1,Croplands,38.109,-121.535,3.2,4.5,4.792166255358122,19.6975004375,0.74536383125,1.8556748333333335,0.9634705485641488,-0.2678143051621742,3.2,0.13864178477944616,0.1417968252586276,0.3118677120941748,0.027861971799148823,0.6451243391209496,1.8896185867320612,3.3386417847794463,True,3.3386417847794463,True,3.3386417847794463,True,3.3386417847794463,True,3.3386417847794463,True,3.2,3.3386417847794463,0.0,0.002672924857180209,0.1276281672836629,0.28562426219749537,5,probe_clean
2033,US-Bi2,2019-04-18,US-Bi1,Croplands,38.109,-121.535,3.7,4.5,4.182655886438639,22.29110145833333,0.9996039979166664,1.0897838333333334,0.9587178169872964,-0.2843591872810034,3.7,0.03781730417450807,0.25093057178919376,0.3617386594472773,-0.0007631377254975205,0.6451243391209496,1.8896185867320612,3.7378173041745084,True,3.7378173041745084,True,3.7378173041745084,True,3.7,False,3.7,False,3.7,3.7378173041745084,0.0,-0.09386049559922494,-0.11986531535792705,0.3271777234806762,5,probe_clean
2034,US-Bi2,2019-04-25,US-Bi1,Croplands,38.109,-121.535,3.3,5.3,3.8025245205835545,24.172345604166665,1.3155644770833332,2.8055467083333334,0.9175836260593936,-0.3975428142825559,3.3,-0.01780692288825067,0.23687214243088764,0.6571497593503358,-0.0376499929833645,0.6451243391209496,1.8896185867320612,3.2821930771117493,True,3.2821930771117493,True,3.2821930771117493,True,3.3,False,3.3,False,3.3,3.2821930771117493,0.0,0.22693294010641654,-0.034416694326078134,-0.24593701444509042,5,probe_clean
2035,US-Bi2,2019-05-03,US-Bi1,Croplands,38.109,-121.535,3.0,5.4,2.482045036531578,20.624903875,1.2147015354166666,2.3781798125,0.854322169749827,-0.5197438121555155,3.0,0.24128683774753965,0.08651890899168867,0.5366991397015329,-0.019103854296969813,0.6451243391209496,1.8896185867320612,3.2412868377475395,True,3.2412868377475395,True,3.2412868377475395,True,3.0,False,3.0,False,3.0,3.2412868377475395,0.0,0.28689005300797943,0.14150613112581037,0.29546432910882914,5,probe_clean
2036,US-Bi2,2019-05-04,US-Bi1,Croplands,38.109,-121.535,3.9,5.2000003,2.7870134162126585,18.549793708333336,0.8921595354166669,3.664159166666668,0.8452490573530633,-0.5343725582809787,3.9,0.22634179974583787,0.09521873107211325,0.5241317530200027,0.02838582494205761,0.6451243391209496,1.8896185867320612,4.126341799745838,True,4.126341799745838,True,4.126341799745838,True,4.126341799745838,True,4.126341799745838,True,3.9,4.126341799745838,0.0,0.31577753035789213,0.12623851835940678,0.23700935052021463,5,probe_clean
2037,US-Bi2,2019-05-11,US-Bi1,Croplands,38.109,-121.535,2.4,5.8,2.9408364293330314,20.444349875000004,0.7602186416666666,3.9953413958333335,0.7748840413670407,-0.6321034111873487,2.4,0.7333174723050874,0.1997077844916055,0.6643532210482315,-0.16960993442791594,0.6451243391209496,1.8896185867320612,3.1333174723050874,True,3.1333174723050874,True,3.1333174723050874,True,2.4,False,2.4,False,2.4,3.1333174723050874,0.0,0.9002670147281668,0.7876073079419281,0.5120780942451671,5,probe_clean
2038,US-Bi2,2019-05-27,US-Bi1,Croplands,38.109,-121.535,0.4,3.7,1.4517755042852545,18.49466045833333,0.5990858229166668,2.3469367916666664,0.5737722679043246,-0.8190148866680801,0.4,1.2538540793190933,0.17658134741299292,0.8641158251338054,-0.2877296128195666,0.6451243391209496,1.8896185867320612,1.6538540793190935,True,1.6538540793190935,True,1.6538540793190935,True,0.4,False,0.4,False,0.4,1.6538540793190935,0.0,1.2187775899295858,1.0974434747124826,1.4453411733152122,5,probe_clean
2039,US-Bi2,2019-06-04,US-Bi1,Croplands,38.109,-121.535,1.4,7.2000003,1.4437158857332366,28.067208833333336,1.6074828187500003,2.287045083333333,0.4559066935084588,-0.8900275764346767,1.4,-0.1358611078283186,0.0501448201577061,0.6654630641286683,-0.042176814382314,0.6451243391209496,1.8896185867320612,1.2641388921716814,True,1.2641388921716814,True,1.2641388921716814,True,1.4,False,1.4,False,1.4,1.2641388921716814,0.0,-0.19278107505302128,-0.09820378835155694,-0.11659846008037762,5,probe_clean
2040,US-Bi2,2019-06-05,US-Bi1,Croplands,38.109,-121.535,1.6,7.5,1.7790310707940835,29.2576774375,1.813422239583333,3.4801862291666668,0.440518784350495,-0.8977433935342337,1.6,-0.11653430977523889,0.18214577867442566,0.7660555835039403,-0.09371114508444092,0.6451243391209496,1.8896185867320612,1.4834656902247612,True,1.4834656902247612,True,1.4834656902247612,True,1.6,False,1.6,False,1.6,1.4834656902247612,0.0,-0.09460603575153553,0.05365465914175868,-0.30865155271593986,5,probe_clean
2041,US-Bi2,2019-06-12,US-Bi1,Croplands,38.109,-121.535,1.5,8.400001,2.225636470874148,30.928513812500004,2.50930305625,3.840964416666667,0.3294084822245304,-0.9441875088341992,1.5,-0.3226495751571029,0.042705233151314824,0.7798610771844312,-0.2344449421580495,0.6451243391209496,1.8896185867320612,1.177350424842897,True,1.177350424842897,True,1.177350424842897,True,1.5,False,1.5,False,1.5,1.177350424842897,0.0,-0.2875891524274954,-0.31014960159034033,-0.370209971453473,5,probe_clean
2042,US-Bi2,2019-06-21,US-Bi1,Croplands,38.109,-121.535,2.2,7.4,2.800935640300215,23.92626429166666,1.3857868458333336,4.624644250000001,0.1797665857255624,-0.9837092937736096,2.2,0.8004298655484751,0.09554874955052382,0.5728223613180085,-0.22682311921988238,0.6451243391209496,1.8896185867320612,3.000429865548475,True,3.000429865548475,True,3.000429865548475,True,2.2,False,2.2,False,2.2,3.000429865548475,0.0,0.9062709441514416,0.7744873376783266,0.7205313148156571,5,probe_clean
2043,US-Bi2,2019-07-06,US-Bi1,Croplands,38.109,-121.535,5.2,7.6,5.901164107816405,24.97755510416667,1.3990196479166668,2.201797833333333,-0.0773864792334632,-0.9970011699250152,5.2,-0.6285186592032341,0.33643633350220975,0.5192893870373203,-0.1665110288200057,0.6451243391209496,1.8896185867320612,4.571481340796766,True,4.571481340796766,True,4.571481340796766,True,5.2,False,5.2,False,5.2,4.571481340796766,0.0,-0.8211683567444338,-0.8243478400614814,-0.2400397808037871,5,probe_clean
2044,US-Bi2,2019-07-07,US-Bi1,Croplands,38.109,-121.535,4.9,6.6,4.885441598580682,22.7412546875,1.1199027499999998,2.2927015416666667,-0.0945367498171993,-0.9955213724144752,4.9,-0.5964349335930924,0.10042394308583853,0.436271749614653,-0.014326572725670473,0.6451243391209496,1.8896185867320612,4.303565066406908,True,4.303565066406908,True,4.303565066406908,True,4.9,False,4.9,False,4.9,4.303565066406908,0.0,-0.6949685354975147,-0.6001144763929607,-0.49422178888880186,5,probe_clean
2045,US-Bi2,2019-07-14,US-Bi1,Croplands,38.109,-121.535,5.9,8.0,6.831559930022444,27.07574558333333,1.65107710625,3.4091876875,-0.2135209154397959,-0.9769384927771816,5.9,-0.6453073938774894,0.19814880438194926,0.5768856211787307,-0.6072763653907584,0.6451243391209496,1.8896185867320612,5.254692606122511,True,5.254692606122511,True,5.254692606122511,True,5.9,False,5.9,False,5.9,5.254692606122511,0.0,-0.7651387113586267,-0.7541912913894393,-0.41659217888440225,5,probe_clean
2046,US-Bi2,2019-07-22,US-Bi1,Croplands,38.109,-121.535,6.7,8.400001,7.520474270103621,27.942725,1.6636665020833334,1.721854125,-0.3456123126707333,-0.9383773917408642,6.7,-0.005705421855950919,0.08799334265157516,0.31628053035619147,-0.043087298366713836,0.6451243391209496,1.8896185867320612,6.694294578144049,True,6.694294578144049,True,6.694294578144049,True,6.7,False,6.7,False,6.7,6.694294578144049,0.0,-0.09364738377722412,-0.005808093467747161,0.08233921167711852,5,probe_clean
2047,US-Bi2,2019-07-23,US-Bi1,Croplands,38.109,-121.535,6.7,8.2,7.454650620472876,26.46881358333334,1.55205965625,2.069492458333333,-0.3617137307297674,-0.9322892131745134,6.7,-0.1906599128407941,0.13139550252637888,0.45499776725704777,0.03018965230235059,0.6451243391209496,1.8896185867320612,6.509340087159206,True,6.509340087159206,True,6.509340087159206,True,6.509340087159206,True,6.509340087159206,True,6.7,6.509340087159206,0.0,-0.2090220000591476,-0.31190855679889945,-0.051049181664335225,5,probe_clean
2048,US-Bi2,2019-07-30,US-Bi1,Croplands,38.109,-121.535,5.9,7.1,6.479645008207957,22.976549833333333,1.1026195958333334,1.6793813333333336,-0.4711595076738639,-0.8820480249558535,5.9,-0.23137851231553055,0.11541442411222248,0.4484009426679216,-0.22525033821978976,0.6451243391209496,1.8896185867320612,5.66862148768447,True,5.66862148768447,True,5.66862148768447,True,5.9,False,5.9,False,5.9,5.66862148768447,0.0,-0.21697280330039387,-0.3533195294107243,-0.12384320423547342,5,probe_clean
2049,US-Bi2,2019-08-07,US-Bi1,Croplands,38.109,-121.535,6.1,7.3,6.429890944878018,23.947613916666665,1.03264320625,1.9467265833333331,-0.5877852522924734,-0.8090169943749472,6.1,-0.5750432365845145,0.07568772761070067,0.4370276108336254,-0.2215650882423076,0.6451243391209496,1.8896185867320612,5.524956763415485,True,5.524956763415485,True,5.524956763415485,True,6.1,False,6.1,False,6.1,5.524956763415485,0.0,-0.4879990280202915,-0.6117748013120216,-0.6253558804212306,5,probe_clean
2050,US-Bi2,2019-08-08,US-Bi1,Croplands,38.109,-121.535,5.4,6.5,5.701954706229256,22.30531185416667,0.9004351583333333,2.1272597291666666,-0.6016240632249227,-0.7987793728863648,5.4,-0.6786866730191509,0.1398006779804078,0.49776498048816686,-0.12610953415869688,0.6451243391209496,1.8896185867320612,4.72131332698085,True,4.72131332698085,True,4.72131332698085,True,5.4,False,5.4,False,5.4,4.72131332698085,0.0,-0.6961450579459749,-0.808938174037214,-0.5309767870742633,5,probe_clean
2051,US-Bi2,2019-08-15,US-Bi1,Croplands,38.109,-121.535,5.9,9.0,6.882692957761867,29.303260395833348,1.8214818645833333,0.9147707916666667,-0.6932812268869771,-0.7206671495538615,5.9,-0.06376085147366788,0.24055606843786284,0.6287218368038638,0.7254095062823889,0.6451243391209496,1.8896185867320612,5.8362391485263325,True,5.8362391485263325,True,5.8362391485263325,True,5.8362391485263325,True,5.8362391485263325,True,5.9,5.8362391485263325,0.0,-0.2406357162092377,0.21015888121105333,-0.16080571942281924,5,probe_clean
2052,US-Bi2,2019-08-23,US-Bi1,Croplands,38.109,-121.535,5.7,7.1,6.202316761618498,27.19789468750001,1.3451733083333333,1.9828626666666669,-0.7856498550787144,-0.6186714032625032,5.7,-0.9773866155224535,0.05530056448606576,0.5185911215517665,-0.353273444915294,0.6451243391209496,1.8896185867320612,4.722613384477547,True,4.722613384477547,True,4.722613384477547,True,5.7,False,5.7,False,5.7,4.722613384477547,0.0,-0.9988017502674985,-0.9145810977548705,-1.0187769985449917,5,probe_clean
2053,US-Bi2,2019-08-24,US-Bi1,Croplands,38.109,-121.535,5.7,6.8,5.868231037286444,26.30513902083333,1.27649060625,2.3682483541666666,-0.7961828637826154,-0.6050560696488494,5.7,-1.0256318393640107,0.09145642503079879,0.612509687561114,-0.43006294473431245,0.6451243391209496,1.8896185867320612,4.674368160635989,True,4.674368160635989,True,4.674368160635989,True,5.7,False,5.7,False,5.7,4.674368160635989,0.0,-1.0175932645153738,-1.1208422100433066,-0.9384600435333513,5,probe_clean
2054,US-Bi2,2019-08-31,US-Bi1,Croplands,38.109,-121.535,4.7,7.0,4.939308296939326,26.08543927083333,1.4735663270833337,0.9780708125,-0.8631421280499115,-0.5049610547215202,4.7,-0.5062268514216851,0.15710331563146915,0.564101874357249,-0.052105623816692634,0.6451243391209496,1.8896185867320612,4.193773148578315,True,4.193773148578315,True,4.193773148578315,True,4.7,False,4.7,False,4.7,4.193773148578315,0.0,-0.6873949758538574,-0.42370720485074675,-0.407578373560451,5,probe_clean
2055,US-Bi2,2019-09-08,US-Bi1,Croplands,38.109,-121.535,4.1,5.5,3.3946787985112565,23.175269125,0.9645139625,1.783421666666667,-0.9242907221930934,-0.3816892202666586,4.1,-0.6885913350941193,0.14808283208544507,0.39242704447207205,-0.033212967023236464,0.6451243391209496,1.8896185867320612,3.4114086649058804,True,3.4114086649058804,True,3.4114086649058804,True,4.1,False,4.1,False,4.1,3.4114086649058804,0.0,-0.6159426333363625,-0.8589684731806142,-0.5908628987653813,5,probe_clean
2056,US-Bi2,2019-09-09,US-Bi1,Croplands,38.109,-121.535,3.9,5.7000003,3.81832141930537,23.80051635416667,1.052149725,3.069799708333333,-0.9307239310379792,-0.3657225234972692,3.9,-0.25403488618361364,0.23806856527734868,0.5240130040495166,-0.0410096427008509,0.6451243391209496,1.8896185867320612,3.6459651138163864,True,3.6459651138163864,True,3.6459651138163864,True,3.9,False,3.9,False,3.9,3.6459651138163864,0.0,-0.4469374466363485,-0.3271952016731626,0.012027989758670143,5,probe_clean
2057,US-Bi2,2019-09-16,US-Bi1,Croplands,38.109,-121.535,2.2,3.5,4.037001346884499,22.543839854166652,0.7556324041666667,3.2196654166666665,-0.9679377830240642,-0.2511900638848195,2.2,0.6277851785872292,0.2864274568087225,0.7175631094420314,-0.049106559563532465,0.6451243391209496,1.8896185867320612,2.8277851785872294,True,2.8277851785872294,True,2.8277851785872294,True,2.2,False,2.2,False,2.2,2.8277851785872294,0.0,0.34279734019084895,0.9156308676010345,0.6249273279698038,5,probe_clean
2058,US-Bi2,2019-09-24,US-Bi1,Croplands,38.109,-121.535,1.0,6.1,1.3335333413682908,27.85044189583333,2.1267412895833333,2.2709755208333333,-0.9932568492674144,-0.1159345995955006,1.0,-0.1657800565207961,0.06199899917673055,0.5997556654263011,-0.009088229134808275,0.6451243391209496,1.8896185867320612,0.8342199434792039,True,0.8342199434792039,True,0.8342199434792039,True,1.0,False,1.0,False,1.0,0.8342199434792039,0.0,-0.10265200154723805,-0.2265846791683753,-0.16810348884677495,5,probe_clean
2059,US-Bi2,2019-09-25,US-Bi1,Croplands,38.109,-121.535,0.9,5.6,1.0025762486443737,28.103943479166674,1.9444469708333325,1.2356612083333334,-0.9951053111006974,-0.0988201387328721,0.9,-0.561370404542312,0.06370254173832848,0.47755914461679855,-0.0025454989678157956,0.6451243391209496,1.8896185867320612,0.338629595457688,True,0.338629595457688,True,0.338629595457688,True,0.9,False,0.9,False,0.9,0.338629595457688,0.0,-0.5576361958468935,-0.49961710659651337,-0.6268579111835291,5,probe_clean
2060,US-Bi2,2019-10-02,US-Bi1,Croplands,38.109,-121.535,0.6,3.7,0.4783526802194179,18.210466437500006,1.0695319541666668,1.6783141875,-0.9997685019798908,0.0215160974362222,0.6,-0.22357309290835362,0.09209434121233659,0.3034298393887573,-0.00922095264052729,0.6451243391209496,1.8896185867320612,0.3764269070916464,True,0.3764269070916464,True,0.3764269070916464,True,0.6,False,0.6,False,0.6,0.3764269070916464,0.0,-0.2712578133056921,-0.1174143111171187,-0.2820471543022501,5,probe_clean
2061,US-Bi2,2019-10-11,US-Bi1,Croplands,38.109,-121.535,0.3,2.9,0.2161281562815424,17.152158541666658,0.96784234375,1.0811013125,-0.9844738167520924,0.1755314904214277,0.3,-0.2359478425786233,0.021802160372214035,0.2947709105130199,-0.10440073326123425,0.6451243391209496,1.8896185867320612,0.06405215742137668,True,0.06405215742137668,True,0.06405215742137668,True,0.3,False,0.3,False,0.3,0.06405215742137668,0.0,-0.21126542976449886,-0.25258067689949626,-0.24399742107187475,5,probe_clean
2062,US-Bi2,2019-10-26,US-Bi1,Croplands,38.109,-121.535,0.4,3.3,0.2572567525595362,19.091891791666665,1.0472978000000002,1.4205426666666665,-0.9070138128026362,0.4211008707960891,0.4,-0.20601486891387003,0.056921167542207426,0.28512522616867186,-0.005535702663045132,0.6451243391209496,1.8896185867320612,0.19398513108613,True,0.19398513108613,True,0.19398513108613,True,0.4,False,0.4,False,0.4,0.19398513108613,0.0,-0.14115797901880306,-0.229212539829806,-0.2476740878930011,5,probe_clean
2063,US-Bi2,2019-11-11,US-Bi1,Croplands,38.109,-121.535,0.4,1.9,0.1961296334386315,17.89643172916667,0.8419082041666667,0.7997587083333331,-0.7583058084785625,0.6518989958787125,0.4,-0.0036902568295940907,0.09635507670790759,0.38131209270240113,-0.00922095264052729,0.6451243391209496,1.8896185867320612,0.3963097431704059,True,0.3963097431704059,True,0.3963097431704059,True,0.4,False,0.4,False,0.4,0.3963097431704059,0.0,-0.07451899546526691,0.10603271323436333,-0.042584488257878694,5,probe_clean
2064,US-Bi2,2019-11-19,US-Bi1,Croplands,38.109,-121.535,0.4,2.8,0.1076586094597068,17.957779249999994,0.53959121875,4.137975895833333,-0.661634618242279,0.749826401204568,0.4,0.4839777284847305,0.0464231084174337,0.560720757067561,-0.01840880801471699,0.6451243391209496,1.8896185867320612,0.8839777284847306,True,0.8839777284847306,True,0.8839777284847306,True,0.4,False,0.4,False,0.4,0.8839777284847306,0.0,0.5145741744699409,0.4305612931134948,0.5067977178707558,5,probe_clean
2065,US-Bi2,2019-12-14,US-Bi1,Croplands,38.109,-121.535,0.4,0.90000004,2.3572869519801563,16.27634570833333,0.31404084375,4.77198325,-0.2884824328806098,0.9574851883550388,0.4,1.0172974280671614,0.3897923891870427,1.060357473962266,-0.27446642642207103,0.6451243391209496,1.8896185867320612,1.4172974280671613,True,1.4172974280671613,True,1.4172974280671613,True,0.4,False,0.4,False,0.4,1.4172974280671613,0.0,0.6851582955850062,0.9203065370486123,1.446427451567866,5,probe_clean
2066,US-Bi2,2019-12-30,US-Bi1,Croplands,38.109,-121.535,1.1,1.0,1.448327121877982,15.85192583333333,0.23996246875,2.5297626250000005,-0.0172133561558352,0.9998518392091162,1.1,0.08995914662626382,0.14194904392691654,0.8100778026810088,-0.02139081685031631,0.6451243391209496,1.8896185867320612,1.189959146626264,True,1.189959146626264,True,1.189959146626264,True,1.1,False,1.1,False,1.1,1.189959146626264,0.0,-0.04173850270628843,0.07130159317836585,0.24031434940671406,5,probe_clean
2067,US-Bi2,2020-01-06,US-Bi1,Croplands,38.109,-121.535,0.8,0.8,0.9705524324908776,16.45346608333333,0.3487962916666667,1.1852567083333334,0.1031016974474348,0.9946708199115212,0.8,0.06496549814550988,0.12025137473870896,0.3943536811140813,-0.00922095264052729,0.6451243391209496,1.8896185867320612,0.8649654981455099,True,0.8649654981455099,True,0.8649654981455099,True,0.8,False,0.8,False,0.8,0.8649654981455099,0.0,0.11516123022564842,-0.07225143178314894,0.15198669599403017,5,probe_clean
2068,US-Bi2,2020-01-14,US-Bi1,Croplands,38.109,-121.535,1.1,1.1,2.3970156817762343,16.484803500000005,0.3350603333333333,3.7752529791666674,0.2386727660059501,0.9711000518829505,1.1,0.13431935266820352,0.345125070865265,0.9304338883213967,-0.055507483832533955,0.6451243391209496,1.8896185867320612,1.2343193526682037,True,1.2343193526682037,True,1.2343193526682037,True,1.1,False,1.1,False,1.1,1.2343193526682037,0.0,0.1077972873107029,-0.1967795275009756,0.4919402981948833,5,probe_clean
2069,US-Bi2,2020-01-31,US-Bi1,Croplands,38.109,-121.535,1.0,1.3000001,0.3694873658077332,19.978218145833328,0.3038692229166665,1.1176627291666663,0.5086709438521044,0.8609610158889943,1.0,0.05400613643646276,0.10590035681789625,0.5677061986848974,-0.02209405799219915,0.6451243391209496,1.8896185867320612,1.0540061364364628,True,1.0540061364364628,True,1.0540061364364628,True,1.0,False,1.0,False,1.0,1.0540061364364628,0.0,0.1638315367786383,0.045662435115665895,-0.04747556258491592,5,probe_clean
2070,US-Bi2,2020-02-07,US-Bi1,Croplands,38.109,-121.535,1.5,1.5,1.0949939270591542,17.131999166666667,0.4650775020833333,0.9456604583333332,0.6084768701151261,0.7935716089521474,1.5,-0.1654572570762798,0.1277285294244455,0.4382770187699808,-0.00922095264052729,0.6451243391209496,1.8896185867320612,1.3345427429237202,True,1.3345427429237202,True,1.3345427429237202,True,1.5,False,1.5,False,1.5,1.3345427429237202,0.0,-0.0456744363714181,-0.15082595862849557,-0.2998713762289258,5,probe_clean
2071,US-Bi2,2020-02-16,US-Bi1,Croplands,38.109,-121.535,2.1,2.5,3.622321825586596,18.698944354166667,0.5472501270833333,4.150033270833334,0.7236440382959124,0.6901733882429719,2.1,-0.01700086434207182,0.33210436316842756,0.7506618767956372,-0.049106559563532465,0.6451243391209496,1.8896185867320612,2.0829991356579285,True,2.0829991356579285,True,2.0829991356579285,True,2.1,False,2.1,False,2.1,2.0829991356579285,0.0,0.04700103997372848,-0.37644818648820405,0.27844455348826014,5,probe_clean
2072,US-Bi2,2020-02-23,US-Bi1,Croplands,38.109,-121.535,1.1,2.6000001,2.163400225756811,16.288445499999998,0.4239078937500001,1.6572159375,0.8013610881746766,0.5981809144059164,1.1,0.11052653526880234,0.053182100355355394,0.33525867550572747,-0.005535702663045132,0.6451243391209496,1.8896185867320612,1.2105265352688024,True,1.2105265352688024,True,1.2105265352688024,True,1.1,False,1.1,False,1.1,1.2105265352688024,0.0,0.06423115051810238,0.16861544701748823,0.09873300827081635,5,probe_clean
2073,US-Bi2,2020-03-02,US-Bi1,Croplands,38.109,-121.535,2.6,4.4,5.695958686511573,17.772019250000003,1.0766870770833334,7.048004416666667,0.8758917051442429,0.4825077417612184,2.6,1.3031025300864283,0.3289537415329761,1.3815787853493615,-0.03365803991886606,0.6451243391209496,1.8896185867320612,3.9031025300864286,True,3.9031025300864286,True,3.9031025300864286,True,2.6,False,2.6,False,2.6,3.9031025300864286,0.0,1.043440621147451,1.1928453052276367,1.673021663884198,5,probe_clean
2074,US-Bi2,2020-03-03,US-Bi1,Croplands,38.109,-121.535,1.8,2.9,1.6808995347287137,17.256578625000003,0.8197209250000003,1.133424375,0.8840675099433636,0.4673592171580022,1.8,0.09688518407894509,0.08302639931436066,0.286898261761288,-0.00922095264052729,0.6451243391209496,1.8896185867320612,1.8968851840789451,True,1.8968851840789451,True,1.8968851840789451,True,1.8,False,1.8,False,1.8,1.8968851840789451,0.0,0.059601266507159495,0.03903652186472514,0.19201776386495065,5,probe_clean
2075,US-Bi2,2020-03-10,US-Bi1,Croplands,38.109,-121.535,2.3,3.2,2.4585405268259666,19.422734604166667,0.7919120166666667,2.773772020833334,0.9338372288229252,0.3576982388331254,2.3,-0.2685957409561239,0.13257304298273956,0.7086038617857443,-0.013803812665070745,0.6451243391209496,1.8896185867320612,2.031404259043876,True,2.031404259043876,True,2.031404259043876,True,2.3,False,2.3,False,2.3,2.031404259043876,0.0,-0.12664932491417044,-0.38920787478474483,-0.2899300231694563,5,probe_clean
2076,US-Bi2,2020-03-26,US-Bi1,Croplands,38.109,-121.535,1.5,3.1000001,3.205640751812751,15.540943125000004,0.4687463958333333,2.4065512708333325,0.995918996147179,0.0902516100310411,1.5,0.302013886801536,0.037723447818694,0.5247162654272031,-0.01840880801471699,0.6451243391209496,1.8896185867320612,1.802013886801536,True,1.802013886801536,True,1.802013886801536,True,1.5,False,1.5,False,1.5,1.802013886801536,0.0,0.2592029078174788,0.3303816729081658,0.3164570796789635,5,probe_clean
2077,US-Bi2,2020-04-03,US-Bi1,Croplands,38.109,-121.535,3.6,4.4,5.824929508302174,17.913581291666674,0.7103488270833335,3.8559965416666655,0.9988797155850336,-0.0473213883224318,3.6,-0.11141375178160266,0.15600562033124793,0.6498900929940993,-0.002347246084902759,0.6451243391209496,1.8896185867320612,3.4885862482183976,True,3.4885862482183976,True,3.4885862482183976,True,3.6,False,3.6,False,3.6,3.4885862482183976,0.0,0.042058058446854646,-0.2698353727452855,-0.1064639410463771,5,probe_clean
2078,US-Bi2,2020-04-19,US-Bi1,Croplands,38.109,-121.535,3.1,4.4,3.893584752842641,19.03504879166667,0.5616465479166669,2.7093895625,0.9483615800121716,-0.3171912885891061,3.1,0.06035969353015475,0.05143825739108855,0.5173361878837222,0.018674116424959156,0.6451243391209496,1.8896185867320612,3.160359693530155,True,3.160359693530155,True,3.160359693530155,True,3.160359693530155,True,3.160359693530155,True,3.1,3.160359693530155,0.0,0.10273761543391327,0.07521207168729147,0.003129393469259528,5,probe_clean
2079,US-Bi2,2020-04-27,US-Bi1,Croplands,38.109,-121.535,2.8,6.5,2.352483661395188,23.843841625,1.4355662916666665,4.972159729166667,0.895839290734909,-0.4443781781046132,2.8,0.486796949750315,0.3118969891510538,0.9084872800878594,-0.044651679653057816,0.6451243391209496,1.8896185867320612,3.2867969497503147,True,3.2867969497503147,True,3.2867969497503147,True,2.8,False,2.8,False,2.8,3.2867969497503147,0.0,0.8215939272333752,0.4343461436415724,0.20445077837599743,5,probe_clean
2080,US-Bi2,2020-05-05,US-Bi1,Croplands,38.109,-121.535,1.7,6.9,1.700231751493014,21.994816062500004,1.3593186083333333,5.0838003333333335,0.8263541987239096,-0.5631507242749186,1.7,0.46149135081035536,0.1799614970651481,0.6894640543890903,-0.08116481125825786,0.6451243391209496,1.8896185867320612,2.1614913508103553,True,2.1614913508103553,True,2.1614913508103553,True,1.7,False,1.7,False,1.7,2.1614913508103553,0.0,0.6080051313268787,0.5158527371232664,0.260616183980921,5,probe_clean
2081,US-Bi2,2020-05-21,US-Bi1,Croplands,38.109,-121.535,1.3,7.0,2.0816272490461936,23.66606885416667,1.2797116208333332,3.4362047499999995,0.6420547132365637,-0.766658819300159,1.3,0.26472392411411805,0.16580546763494464,0.5348832322393116,-0.02184831445360105,0.6451243391209496,1.8896185867320612,1.564723924114118,True,1.564723924114118,True,1.564723924114118,True,1.3,False,1.3,False,1.3,1.564723924114118,0.0,0.3788375235943475,0.3408024611854299,0.0745317875625767,5,probe_clean
2082,US-Bi2,2020-05-22,US-Bi1,Croplands,38.109,-121.535,2.3,7.3,2.1224274566957813,22.465780916666667,1.3880132833333334,5.1899413124999985,0.6287628145958344,-0.777597146973627,2.3,0.7579670727976541,0.09512655176698101,0.5925939932720959,-0.10045820099237712,0.6451243391209496,1.8896185867320612,3.057967072797654,True,3.057967072797654,True,3.057967072797654,True,2.3,False,2.3,False,2.3,3.057967072797654,0.0,0.8432800097241937,0.7752300331183966,0.655391175550372,5,probe_clean
2083,US-Bi2,2020-06-14,US-Bi1,Croplands,38.109,-121.535,4.1,7.1,5.173890927218605,23.40516112500001,1.0352994541666665,3.65604325,0.2802306751992158,-0.9599326896597448,4.1,0.5971823706094198,0.010663139357491296,0.5417090302620362,0.02045104159563716,0.6451243391209496,1.8896185867320612,4.697182370609419,True,4.697182370609419,True,4.697182370609419,True,4.697182370609419,True,4.697182370609419,True,4.1,4.697182370609419,0.0,0.5978089536464735,0.607518402366601,0.5862197558151849,5,probe_clean
2084,US-Bi2,2020-06-22,US-Bi1,Croplands,38.109,-121.535,6.6,8.5,6.753661390023861,26.652828770833334,1.4765210395833337,2.660473520833333,0.1457991969198751,-0.9893142039703664,6.6,-0.6072704793151075,0.2615919508814918,0.45467780290860293,0.0008588831942267922,0.6451243391209496,1.8896185867320612,5.992729520684892,True,5.992729520684892,True,5.992729520684892,True,5.992729520684892,True,5.992729520684892,True,6.6,5.992729520684892,0.0,-0.3139701816151674,-0.816463016133796,-0.6913782401963591,5,probe_clean
2085,US-Bi2,2020-06-23,US-Bi1,Croplands,38.109,-121.535,6.5,8.5,7.1981505902934435,26.091129812500004,1.374915422916667,3.8280019791666655,0.1287481774525813,-0.99167731989929,6.5,-0.5348351757704037,0.13826217871124222,0.5820822378406586,0.06424681579882757,0.6451243391209496,1.8896185867320612,5.965164824229596,True,5.965164824229596,True,5.965164824229596,True,5.965164824229596,True,5.965164824229596,True,6.5,5.965164824229596,0.0,-0.47502107754315986,-0.692934015970373,-0.43655043379767855,5,probe_clean
2086,US-Bi2,2020-06-30,US-Bi1,Croplands,38.109,-121.535,5.7,8.1,6.513195378118142,25.384792250000004,1.6557269729166668,1.2892081458333335,0.0086069968886886,-0.9999629591162656,5.7,0.2613724265898854,0.13261987284911345,0.4654799841711529,-0.3922110412414173,0.6451243391209496,1.8896185867320612,5.961372426589886,True,5.961372426589886,True,5.961372426589886,True,5.7,False,5.7,False,5.7,5.961372426589886,0.0,0.2274708631398917,0.14899400174788305,0.40765241488188153,5,probe_clean
4416,US-Jo2,2019-01-22,US-Jo2,Shrublands,32.58494,-106.60322,0.4,2.1000001,0.3830346443769277,4.731096229166668,0.4880604166666666,3.204982166666668,0.3697245428906731,0.9291414114031744,0.4,0.11074607232440466,0.14511483222826754,0.3837560570458388,-0.023858368010887743,0.6410165762727761,1.7636141514056038,0.5107460723244047,True,0.5107460723244047,True,0.5107460723244047,True,0.4,False,0.4,False,0.4,0.5107460723244047,0.0,0.2775708608053864,0.013716336425388498,0.04095101974243909,7,probe_clean
4417,US-Jo2,2019-02-07,US-Jo2,Shrublands,32.58494,-106.60322,0.6,2.3,0.3843876942073755,2.1069065625000003,0.5186952083333334,2.973452333333333,0.6084768701151261,0.7935716089521474,0.6,-0.13194195875172401,0.05700144375598739,0.40603163122673414,-0.023858368010887743,0.6410165762727761,1.7636141514056038,0.468058041248276,True,0.468058041248276,True,0.468058041248276,True,0.6,False,0.6,False,0.6,0.468058041248276,0.0,-0.07684804464990654,-0.1906764142911804,-0.1283014173140851,7,probe_clean
4418,US-Jo2,2019-02-23,US-Jo2,Shrublands,32.58494,-106.60322,1.0,4.0,1.3882127012797505,3.003705895833334,0.4012508333333333,3.931426666666667,0.8013610881746766,0.5981809144059164,1.0,-0.6920281025516432,0.13524089679760617,0.7244814715140291,-0.11766014681723214,0.6410165762727761,1.7636141514056038,0.30797189744835685,True,0.30797189744835685,True,0.30797189744835685,True,1.0,False,1.0,False,1.0,0.30797189744835685,0.0,-0.6550519646437596,-0.8419112782854176,-0.5791210647257521,7,probe_clean
4419,US-Jo2,2019-03-03,US-Jo2,Shrublands,32.58494,-106.60322,1.1,4.8,0.2279305647355017,15.411029166666664,1.0458410416666666,4.7631804166666685,0.8758917051442429,0.4825077417612184,1.1,0.11961016032700994,0.014675897468670112,0.826290138597767,0.0035832447473716656,0.6410165762727761,1.7636141514056038,1.21961016032701,True,1.21961016032701,True,1.21961016032701,True,1.21961016032701,True,1.21961016032701,True,1.1,1.21961016032701,0.0,0.1363840721099897,0.10913541154983258,0.11331099732120753,7,probe_clean
4420,US-Jo2,2019-03-19,US-Jo2,Shrublands,32.58494,-106.60322,1.0,3.8,1.2517590407596009,12.640465625000004,0.88719875,2.5077607500000005,0.9741004551724204,0.2261156855082882,1.0,0.31151160054504895,0.014195588960369439,0.34876178190438933,0.06338990332995972,0.6410165762727761,1.7636141514056038,1.311511600545049,True,1.311511600545049,True,1.311511600545049,True,1.311511600545049,True,1.311511600545049,True,1.0,1.311511600545049,0.0,0.3109635218875245,0.32597329130985364,0.29759798843776875,7,probe_clean
4421,US-Jo2,2019-03-27,US-Jo2,Shrublands,32.58494,-106.60322,2.7,5.6,0.6034473261226022,21.48555208333333,1.5151256250000005,3.0336796458333346,0.995918996147179,0.0902516100310411,2.7,-0.19433603766359123,0.2878532239395113,0.5996146582274982,-0.0021579206067260624,0.6410165762727761,1.7636141514056038,2.505663962336409,True,2.505663962336409,True,2.505663962336409,True,2.7,False,2.7,False,2.7,2.505663962336409,0.0,0.13429356596188807,-0.3155067060618017,-0.4017949728908601,7,probe_clean
4422,US-Jo2,2019-04-04,US-Jo2,Shrublands,32.58494,-106.60322,1.3,5.2000003,0.8418560844297773,16.907262499999998,1.342933333333333,3.0153573333333337,0.9988797155850336,-0.0473213883224318,1.3,0.09229971002153592,0.07415258404849905,0.5263421461899828,0.0074301642873251875,0.6410165762727761,1.7636141514056038,1.392299710021536,True,1.392299710021536,True,1.392299710021536,True,1.392299710021536,True,1.392299710021536,True,1.3,1.392299710021536,0.0,0.014288051451111644,0.10074017383554229,0.1618709047779538,7,probe_clean
4423,US-Jo2,2019-04-28,US-Jo2,Shrublands,32.58494,-106.60322,1.2,7.7000003,1.1692484700436547,23.9889875,2.155972916666667,3.7026439791666665,0.895839290734909,-0.4443781781046132,1.2,-0.3574225289416146,0.06335368724745494,0.5870044896653643,-0.20706283995396252,0.6410165762727761,1.7636141514056038,0.8425774710583853,True,0.8425774710583853,True,0.8425774710583853,True,1.2,False,1.2,False,1.2,0.8425774710583853,0.0,-0.29275260411724285,-0.41937235764179703,-0.36014262506580375,7,probe_clean
4424,US-Jo2,2019-05-14,US-Jo2,Shrublands,32.58494,-106.60322,0.7,5.9,0.7803258564577374,22.26200625,1.705354166666667,3.0871739791666672,0.741222010848596,-0.6712599575675313,0.7,0.4227261817868646,0.09456281472653372,0.540192553465149,-0.01950167347534083,0.6410165762727761,1.7636141514056038,1.1227261817868646,True,1.1227261817868646,True,1.1227261817868646,True,0.7,False,0.7,False,0.7,1.1227261817868646,0.0,0.33577990636418165,0.5234040817265115,0.40899455726990064,7,probe_clean
4425,US-Jo2,2019-05-22,US-Jo2,Shrublands,32.58494,-106.60322,0.5,8.900001,0.6907294979151579,20.57321458333333,1.8908545833333332,5.929424874999998,0.6420547132365637,-0.766658819300159,0.5,0.18935755487279146,0.0760565101885218,0.7256959474151709,-0.3270457424932181,0.6410165762727761,1.7636141514056038,0.6893575548727915,True,0.6893575548727915,True,0.6893575548727915,True,0.5,False,0.5,False,0.5,0.6893575548727915,0.0,0.10283540818721493,0.21957902155945674,0.24565823487170269,7,probe_clean
4426,US-Jo2,2019-05-30,US-Jo2,Shrublands,32.58494,-106.60322,0.5,6.3,0.16991472911154,22.60823333333333,1.74580875,5.0863563125,0.5307300481619334,-0.8475409228928311,0.5,0.6435170842899689,0.33170526930154787,0.686888877656245,-0.16876549477105018,0.6410165762727761,1.7636141514056038,1.143517084289969,True,1.143517084289969,True,1.143517084289969,True,0.5,False,0.5,False,0.5,1.143517084289969,0.0,0.8228138584080519,0.8469862261771666,0.2607511682846885,7,probe_clean
4427,US-Jo2,2019-06-07,US-Jo2,Shrublands,32.58494,-106.60322,0.9,8.5,1.2417739374019163,28.889475000000004,2.6092687500000005,3.1784247291666663,0.4093559588156213,-0.9123747579707272,0.9,-0.21352266603184908,0.14342738880309547,0.4294374727326171,-0.2672390839106301,0.6410165762727761,1.7636141514056038,0.6864773339681509,True,0.6864773339681509,True,0.6864773339681509,True,0.9,False,0.9,False,0.9,0.6864773339681509,0.0,-0.237260757764116,-0.34360006467757076,-0.05970717565386045,7,probe_clean
4428,US-Jo2,2019-06-15,US-Jo2,Shrublands,32.58494,-106.60322,0.5,8.5,2.403041352293936,26.15709166666667,2.4016479166666667,4.558041874999999,0.2802306751992158,-0.9599326896597448,0.5,0.230977763166322,0.10126886856849399,0.7252687434963324,-0.3270457424932181,0.6410165762727761,1.7636141514056038,0.730977763166322,True,0.730977763166322,True,0.730977763166322,True,0.5,False,0.5,False,0.5,0.730977763166322,0.0,0.3027512613858811,0.11514223385235095,0.2750397942607339,7,probe_clean
4429,US-Jo2,2019-06-23,US-Jo2,Shrublands,32.58494,-106.60322,0.7,7.9,0.9989591030639404,24.61877708333333,2.220225833333334,3.272127750000001,0.1457991969198751,-0.9893142039703664,0.7,0.08835858546971775,0.14896874418998948,0.5123543526154911,-0.13022114033650334,0.6410165762727761,1.7636141514056038,0.7883585854697177,True,0.7883585854697177,True,0.7883585854697177,True,0.7,False,0.7,False,0.7,0.7883585854697177,0.0,0.19641779306590884,0.1502345142652175,-0.0815765509219731,7,probe_clean
4430,US-Jo2,2019-07-01,US-Jo2,Shrublands,32.58494,-106.60322,0.3,6.8,1.479267484133425,28.66443958333333,2.483014583333333,2.3171805625000004,0.0086069968886886,-0.9999629591162656,0.3,0.5158177718202405,0.1643097201070299,0.46630373277263776,-0.0942298505560313,0.6410165762727761,1.7636141514056038,0.8158177718202404,True,0.8158177718202404,True,0.8158177718202404,True,0.3,False,0.3,False,0.3,0.8158177718202404,0.0,0.43807901767243707,0.40480319812118226,0.704571099667102,7,probe_clean
4431,US-Jo2,2019-07-09,US-Jo2,Shrublands,32.58494,-106.60322,0.5,7.5,0.8966539110711165,29.250183333333336,2.80495625,2.4262307083333337,-0.1287481774525806,-0.99167731989929,0.5,0.20770877937605334,0.08758276432570923,0.36522422466712223,-0.13022114033650334,0.6410165762727761,1.7636141514056038,0.7077087793760534,True,0.7077087793760534,True,0.7077087793760534,True,0.5,False,0.5,False,0.5,0.7077087793760534,0.0,0.11863379525939127,0.2107736779491075,0.2937188649196612,7,probe_clean
4432,US-Jo2,2019-07-17,US-Jo2,Shrublands,32.58494,-106.60322,0.4,6.1,0.6269288987113818,30.28598541666668,2.4356291666666667,2.448912916666667,-0.2636654927280072,-0.9646141756912436,0.4,0.7459378926797777,0.11067638517149259,0.64375777822318,-0.10537009232740163,0.6410165762727761,1.7636141514056038,1.1459378926797776,True,1.1459378926797776,True,1.1459378926797776,True,0.4,False,0.4,False,0.4,1.1459378926797776,0.0,0.7681905581113372,0.6258258893667956,0.8437972305612003,7,probe_clean
4433,US-Jo2,2019-07-25,US-Jo2,Shrublands,32.58494,-106.60322,0.7,7.0,1.3892932596817538,29.2087625,2.3781562499999995,2.582265708333334,-0.3935902766564664,-0.9192859697186104,0.7,0.3477374037042716,0.02287219489736886,0.4571612849291288,-0.034266955496923684,0.6410165762727761,1.7636141514056038,1.0477374037042715,True,1.0477374037042715,True,1.0477374037042715,True,0.7,False,0.7,False,0.7,1.0477374037042715,0.0,0.3271695588214286,0.3723691523601309,0.3436734999312554,7,probe_clean
4434,US-Jo2,2019-08-10,US-Jo2,Shrublands,32.58494,-106.60322,1.0,5.5,3.1380117530691867,25.962429166666663,1.1943611875,3.3678260624999994,-0.6287628145958345,-0.7775971469736268,1.0,1.0016264871796545,0.17386428960251826,0.7235934954099135,0.010893727555894362,0.6410165762727761,1.7636141514056038,2.0016264871796547,True,2.0016264871796547,True,2.0016264871796547,True,2.0016264871796547,True,2.0016264871796547,True,1.0,2.0016264871796547,0.0,1.1088140279666738,1.095042629798879,0.8010228037734107,7,probe_clean
4435,US-Jo2,2019-08-18,US-Jo2,Shrublands,32.58494,-106.60322,1.0,6.8,0.5781058606678683,30.4731,2.8811249999999986,2.2208480416666667,-0.7295575540864876,-0.6839194216246105,1.0,0.09014894264624133,0.06928705949711825,0.5820093879398771,-0.06411139244928478,0.6410165762727761,1.7636141514056038,1.0901489426462414,True,1.0901489426462414,True,1.0901489426462414,True,1.0,False,1.0,False,1.0,1.0901489426462414,0.0,0.012085325110150896,0.1140067497455951,0.14435475308297796,7,probe_clean
4436,US-Jo2,2019-08-26,US-Jo2,Shrublands,32.58494,-106.60322,0.8,7.1,1.4473741710909158,31.544225,2.6202791666666667,2.7063641250000003,-0.8165380514459157,-0.5772916165517278,0.8,0.1833148976498169,0.03816621883648889,0.6763797908366644,-0.11640336829919931,0.6410165762727761,1.7636141514056038,0.9833148976498169,True,0.9833148976498169,True,0.9833148976498169,True,0.8,False,0.8,False,0.8,0.989488791819551,0.0,0.22495215736845542,0.17500283457026333,0.1499897010107319,7,probe_clean
4437,US-Jo2,2019-09-03,US-Jo2,Shrublands,32.58494,-106.60322,0.4,6.1,1.3308521171637242,28.875727083333334,2.3830250000000004,2.8490646875,-0.888057322629493,-0.4597327394521046,0.4,0.511756336739465,0.06815561418690176,0.8189296740620682,-0.10537009232740163,0.6410165762727761,1.7636141514056038,0.911756336739465,True,0.911756336739465,True,0.911756336739465,True,0.4,False,0.4,False,0.4,0.911756336739465,0.0,0.5641906303369475,0.5363640990542042,0.43471428082724317,7,probe_clean
4438,US-Jo2,2019-09-11,US-Jo2,Shrublands,32.58494,-106.60322,0.2,5.5,0.3908304698283267,26.77604166666667,1.5682689583333334,3.652836250000001,-0.9427611433904206,-0.333468778918187,0.2,0.7131959277060581,0.11336647264229795,0.9025486862818013,-0.10163172766627022,0.6410165762727761,1.7636141514056038,0.9131959277060582,True,0.9131959277060582,True,0.9131959277060582,True,0.2,False,0.2,False,0.2,0.9131959277060582,0.0,0.7470664940919827,0.8057665606495286,0.5867547283766634,7,probe_clean
4439,US-Jo2,2019-09-19,US-Jo2,Shrublands,32.58494,-106.60322,0.5,5.2000003,0.7265914032562195,26.798831249999992,1.7735039583333327,2.8799729166666665,-0.97961369164549,-0.2008905551306352,0.5,0.4030243037074377,0.0710713229632971,0.7065258020099143,-0.09927178585139047,0.6410165762727761,1.7636141514056038,0.9030243037074377,True,0.9030243037074377,True,0.9030243037074377,True,0.5,False,0.5,False,0.5,0.9030243037074377,0.0,0.4122980036660975,0.4690035412334408,0.3277713662227748,7,probe_clean
4440,US-Jo2,2019-10-05,US-Jo2,Shrublands,32.58494,-106.60322,0.5,4.1,3.4581693230859036,23.27077500000001,0.9929691666666666,2.4217336041666653,-0.9973249731081556,0.0730951298980777,0.5,0.15546921440992414,0.04526182124448383,0.466202828794668,0.016169956545662275,0.6410165762727761,1.7636141514056038,0.6554692144099241,True,0.6554692144099241,True,0.6554692144099241,True,0.6554692144099241,True,0.6554692144099241,True,0.5,0.6554692144099241,0.0,0.16428284562697204,0.1956759885577179,0.10644880904508247,7,probe_clean
4441,US-Jo2,2019-10-13,US-Jo2,Shrublands,32.58494,-106.60322,0.7,3.8,1.1376631455470558,19.894402083333333,1.2286137500000005,2.778857604166667,-0.9778483415056568,0.2093146459630488,0.7,0.019687903277444168,0.05671261790207979,0.4804956220099291,0.016169956545662275,0.6410165762727761,1.7636141514056038,0.7196879032774441,True,0.7196879032774441,True,0.7196879032774441,True,0.7196879032774441,True,0.7196879032774441,True,0.7,0.7196879032774441,0.0,0.029577389919036023,0.07080535372198027,-0.04131903380868379,7,probe_clean
4442,US-Jo2,2019-10-21,US-Jo2,Shrublands,32.58494,-106.60322,0.1,4.4,0.5994396582562839,14.64742395833334,1.2646899999999992,2.502590979166667,-0.9398560579418952,0.341570769167856,0.1,-0.05035239742218702,0.04016756537118692,0.5062191436509593,0.016169956545662275,0.6410165762727761,1.7636141514056038,0.049647602577812984,True,0.049647602577812984,True,0.049647602577812984,True,0.049647602577812984,True,0.049647602577812984,True,0.1,0.049647602577812984,0.0,-0.004072915838561092,-0.07615493676283837,-0.07082933966516161,7,probe_clean
4443,US-Jo2,2019-10-29,US-Jo2,Shrublands,32.58494,-106.60322,0.4,4.4,0.4754665481277228,15.362579166666665,1.2107379166666667,4.881072499999998,-0.8840675099433637,0.467359217158002,0.4,0.09864287463876202,0.1749701421935455,0.5595683722304712,0.016169956545662275,0.6410165762727761,1.7636141514056038,0.49864287463876206,True,0.49864287463876206,True,0.49864287463876206,True,0.49864287463876206,True,0.49864287463876206,True,0.4,0.49864287463876206,0.0,0.3001316573505279,0.010792415585618997,-0.014995449019860801,7,probe_clean
4444,US-Jo2,2019-11-14,US-Jo2,Shrublands,32.58494,-106.60322,0.6,2.4,0.3034393216844465,11.626460416666664,0.891189583333333,3.613871020833334,-0.7236440382959123,0.690173388242972,0.6,0.1428046115950596,0.22475462513694916,0.44051897533362877,-0.037552049751050746,0.6410165762727761,1.7636141514056038,0.7428046115950596,True,0.7428046115950596,True,0.7428046115950596,True,0.6,False,0.6,False,0.6,0.7428046115950596,0.0,0.38879845695492266,0.09143109678051364,-0.05181571895025752,7,probe_clean
4686,US-NC2,2019-03-30,US-NC2,Evergreen Forests,35.803,-76.6685,3.6,5.2000003,3.541882514058699,17.12044785416666,0.8332232291666668,1.446566354166667,0.9992500112396836,0.0387222808921744,3.6,-0.2951185168956881,0.17651189756775015,0.4580497353862218,-0.08849246599920958,0.49326017522310583,1.5675069192147721,3.304881483104312,True,3.304881483104312,True,3.304881483104312,True,3.6,False,3.6,False,3.6,3.304881483104312,0.0,-0.4844141437083903,-0.13503505391544224,-0.2659063530632316,3,probe_clean
4687,US-NC2,2019-04-23,US-NC2,Evergreen Forests,35.803,-76.6685,5.6,5.9,4.827964062398928,19.79826666666667,1.0322289604166668,1.113797041666667,0.9307239310379796,-0.3657225234972689,5.6,-0.9028383623816505,0.017987080834139486,0.4590685560829585,-0.5384624783210302,0.49326017522310583,1.5675069192147721,4.697161637618349,True,4.697161637618349,True,4.697161637618349,True,5.6,False,5.6,False,5.6,4.697161637618349,0.0,-0.9083904275892012,-0.9173948427486533,-0.8827298168070968,3,probe_clean
4688,US-NC2,2019-05-25,US-NC2,Evergreen Forests,35.803,-76.6685,5.7,5.8,3.915629455419512,25.90768143750001,1.2722690291666667,0.9097826875,0.6016240632249226,-0.7987793728863649,5.7,-0.5138087556238405,0.26795552373056153,0.4396834112874405,-0.37481775691207414,0.49326017522310583,1.5675069192147721,5.186191244376159,True,5.186191244376159,True,5.186191244376159,True,5.7,False,5.7,False,5.7,5.186191244376159,0.0,-0.8212144833100573,-0.3905435598418734,-0.32966822371959115,3,probe_clean
4689,US-NC2,2019-06-02,US-NC2,Evergreen Forests,35.803,-76.6685,6.5,6.2000003,4.693363965911651,25.257873895833324,0.9490516729166668,1.038126,0.48627270710869,-0.8738071036110808,6.5,-0.5964969342866061,0.08928881795453719,0.4388842670541118,-0.7410255018903501,0.49326017522310583,1.5675069192147721,5.903503065713394,True,5.903503065713394,True,5.903503065713394,True,6.5,False,6.5,False,6.5,5.903503065713394,0.0,-0.685565214820799,-0.5069892010595268,-0.5969363869794925,3,probe_clean
4690,US-NC2,2019-06-26,US-NC2,Evergreen Forests,35.803,-76.6685,6.4,6.0,5.5162224223300935,27.85383230208333,1.1933386541666668,0.7630001458333332,0.0945367498171991,-0.9955213724144752,6.4,-0.05548579719911792,0.3692219910959967,0.4931372676923565,-0.3619128371092316,0.49326017522310583,1.5675069192147721,6.344514202800882,True,6.344514202800882,True,6.344514202800882,True,6.4,False,6.4,False,6.4,6.344514202800882,0.0,-0.4380152098935295,0.29880748034542026,-0.027249662049244533,3,probe_clean
4691,US-NC2,2019-08-29,US-NC2,Evergreen Forests,35.803,-76.6685,1.8,4.7000003,4.11048116491275,25.498354875,1.0161602854166665,1.1921264791666666,-0.8452490573530634,-0.5343725582809785,1.8,-0.048670280735411124,0.09043210199682113,0.48588725827244905,-0.061370691021821556,0.49326017522310583,1.5675069192147721,1.751329719264589,True,1.751329719264589,True,1.751329719264589,True,1.8,False,1.8,False,1.8,1.751329719264589,0.0,-0.030384556124584045,-0.14684790747672466,0.03122162139507534,3,probe_clean
4692,US-NC2,2019-09-22,US-NC2,Evergreen Forests,35.803,-76.6685,1.2,4.3,1.8319642044326512,23.13206845833333,0.8461062020833331,1.5035669999999997,-0.9886775902323404,-0.1500553983446526,1.2,-0.09114645821398877,0.2582072851824963,0.38701573756979596,-0.08833008834057553,0.49326017522310583,1.5675069192147721,1.1088535417860113,True,1.1088535417860113,True,1.1088535417860113,True,1.2,False,1.2,False,1.2,1.1088535417860113,0.0,-0.3056706837485448,-0.1632039473183806,0.1954352564249591,3,probe_clean
4693,US-NC2,2019-11-01,US-NC2,Evergreen Forests,35.803,-76.6685,0.5,2.3,2.392157921279084,11.567270291666668,0.4941197625,1.8820278958333336,-0.858763958275803,0.5123714121284235,0.5,0.11347491185265497,0.048729730718245795,0.3061105705860889,-0.0390889313076186,0.49326017522310583,1.5675069192147721,0.613474911852655,True,0.613474911852655,True,0.613474911852655,True,0.5,False,0.5,False,0.5,0.613474911852655,0.0,0.1514118027473386,0.05851784476171029,0.13049508804891605,3,probe_clean
4694,US-NC2,2019-11-09,US-NC2,Evergreen Forests,35.803,-76.6685,0.2,1.8000001,0.9141597178916516,6.528163208333333,0.3371421458333334,1.6628831458333335,-0.780295851070776,0.6254105729852457,0.2,0.27547296915357444,0.046360525190434876,0.3154333217148831,-0.0390889313076186,0.49326017522310583,1.5675069192147721,0.47547296915357445,True,0.47547296915357445,True,0.47547296915357445,True,0.2,False,0.2,False,0.2,0.47547296915357445,0.0,0.3218169748875078,0.22909594214671922,0.27550599042649626,3,probe_clean
4695,US-NC2,2019-11-25,US-NC2,Evergreen Forests,35.803,-76.6685,0.2,1.7,0.7252275677714017,9.621518729166665,0.3873346458333333,1.040848604166667,-0.5808002734538014,0.8140460935082175,0.2,0.12468754567494426,0.056084299924684555,0.3559568132507136,-0.0390889313076186,0.49326017522310583,1.5675069192147721,0.3246875456749443,True,0.3246875456749443,True,0.3246875456749443,True,0.2,False,0.2,False,0.2,0.3246875456749443,0.0,0.133248651361028,0.06481491335905168,0.17599907230475312,3,probe_clean
4696,US-NC2,2019-12-03,US-NC2,Evergreen Forests,35.803,-76.6685,0.2,1.9,0.9560009374401204,6.483401541666666,0.32204813125,1.7636417291666666,-0.4635502709028512,0.8860706215341377,0.2,0.27398009243584315,0.0999857380414884,0.3253116691122807,-0.0390889313076186,0.49326017522310583,1.5675069192147721,0.47398009243584316,True,0.47398009243584316,True,0.47398009243584316,True,0.2,False,0.2,False,0.2,0.47398009243584316,0.0,0.2859799214256157,0.1685359680046147,0.36742438787729914,3,probe_clean
4697,US-NC2,2019-12-19,US-NC2,Evergreen Forests,35.803,-76.6685,0.4,1.4,0.4695875448621806,0.5842550208333336,0.2988395312500001,1.4672380416666673,-0.2051044998686192,0.9787400799669153,0.4,0.0955837509056726,0.060987038483140195,0.2940361484967335,-0.0390889313076186,0.49326017522310583,1.5675069192147721,0.49558375090567264,True,0.49558375090567264,True,0.49558375090567264,True,0.4,False,0.4,False,0.4,0.49558375090567264,0.0,0.11092954534468283,0.028389438987583948,0.14743226838475101,3,probe_clean
4758,US-NC3,2019-01-09,US-NC2,Evergreen Forests,35.799,-76.656,0.8,2.1000001,1.90227006792063,8.750625000000003,0.5715783916666668,2.417728416666666,0.1543088206642811,0.9880226656636976,0.8,-0.00027916995528374605,0.019968830542974752,0.32915248932773633,0.04158424279520798,0.49326017522310583,1.5675069192147721,0.7997208300447163,True,0.7997208300447163,True,0.7997208300447163,True,0.7997208300447163,True,0.7997208300447163,True,0.8,0.7997208300447163,0.0,0.007343235407419074,-0.022936549851630794,0.014755804578360482,3,probe_clean
4759,US-NC3,2019-01-25,US-NC2,Evergreen Forests,35.799,-76.656,1.1,1.6,0.9790668055064292,2.6460625,0.2705510666666665,1.4298491458333331,0.4171936026123168,0.9088176373395028,1.1,-0.3900624709784626,0.12203491280450975,0.3018967861635971,-0.0390889313076186,0.49326017522310583,1.5675069192147721,0.7099375290215375,True,0.7099375290215375,True,0.7099375290215375,True,1.1,False,1.1,False,1.1,0.7099375290215375,0.0,-0.38130891418136614,-0.5162384750549859,-0.2726400236990357,3,probe_clean
4760,US-NC3,2019-02-02,US-NC2,Evergreen Forests,35.799,-76.656,1.4,1.8000001,0.4125257477466572,4.511583333333333,0.2561804958333333,0.9503294166666668,0.5380051715382996,0.8429415373547828,1.4,-0.3752998374660561,0.07002542602934418,0.41252994376498275,-0.046824531196186535,0.49326017522310583,1.5675069192147721,1.0247001625339438,True,1.0247001625339438,True,1.0247001625339438,True,1.4,False,1.4,False,1.4,1.0247001625339438,0.0,-0.42964009696946637,-0.399984432074024,-0.29627498335467783,3,probe_clean
4761,US-NC3,2019-03-30,US-NC2,Evergreen Forests,35.799,-76.656,2.4,5.1,1.934065635674138,15.863583333333333,0.7793796166666668,2.0489931458333333,0.9992500112396836,0.0387222808921744,2.4,-0.09384009816065353,0.06545377765231973,0.5142149344271936,-0.061370691021821556,0.49326017522310583,1.5675069192147721,2.3061599018393464,True,2.3061599018393464,True,2.3061599018393464,True,2.4,False,2.4,False,2.4,2.3061599018393464,0.0,-0.09130407847517494,-0.16052502830751184,-0.029691187699273813,3,probe_clean
4828,US-NC4,2019-02-02,US-NC4,Wetland/Riparian,35.7879,-75.9038,1.1,1.8000001,0.7667879791480557,7.902620812499999,0.2771806166666668,2.137642458333333,0.5380051715382996,0.8429415373547828,1.1,-0.23804632565463224,0.11524730169294554,0.43479973345019596,-0.00706114203512796,0.41155970289498295,1.5382580802719399,0.8619536743453678,True,0.8619536743453678,True,0.8619536743453678,True,1.1,False,1.1,False,1.1,0.8619536743453678,0.0,-0.3339978829523751,-0.11021496149912086,-0.2699261325124008,2,probe_clean
4829,US-NC4,2019-04-23,US-NC4,Wetland/Riparian,35.7879,-75.9038,5.1,5.9,4.7290879624792845,22.7957565,1.0886480020833336,2.4600385625,0.9307239310379796,-0.3657225234972689,5.1,-0.4708848329368734,0.3572501339729696,0.47571658562006497,-0.09321149742953441,0.41155970289498295,1.5382580802719399,4.6291151670631265,True,4.6291151670631265,True,4.6291151670631265,True,5.1,False,5.1,False,5.1,4.6291151670631265,0.0,-0.4536295932229708,-0.12257499223453211,-0.8364499133531174,2,probe_clean
4830,US-NC4,2019-05-01,US-NC4,Wetland/Riparian,35.7879,-75.9038,5.7,6.0,3.10871217805749,26.24862808333334,0.6590770208333333,2.6003397500000007,0.8717063187093218,-0.4900286664290592,5.7,-0.6166857982997976,0.8022663011934693,0.516010665676799,-5.6159237257669625,0.41155970289498295,1.5382580802719399,5.083314201700203,True,5.7,False,5.083314201700203,True,5.7,False,5.7,False,5.7,5.083314201700203,0.0,-0.21399909332347203,-0.09552393886410665,-1.540534362711814,2,probe_clean
4831,US-NC4,2019-06-02,US-NC4,Wetland/Riparian,35.7879,-75.9038,6.4,6.1,5.81474612205992,27.598297125,0.8736969749999997,2.102677083333333,0.48627270710869,-0.8738071036110808,6.4,-0.4595093419614216,0.40145105828000704,0.4120216199374463,0.23741941637920008,0.41155970289498295,1.5382580802719399,5.940490658038579,True,5.940490658038579,True,5.940490658038579,True,5.940490658038579,True,5.940490658038579,True,6.4,5.940490658038579,0.0,-0.46552491983966227,-0.05508429901939883,-0.8579188070252038,2,probe_clean
4832,US-NC4,2019-06-10,US-NC4,Wetland/Riparian,35.7879,-75.9038,6.3,5.8,6.011572343858299,29.633104520833346,0.4589769625,2.0590986875,0.3617137307297676,-0.9322892131745132,6.3,-0.23645458115902385,0.4879618675908718,0.5936498041419156,1.6780637822969475,0.41155970289498295,1.5382580802719399,6.063545418840976,True,6.3,False,6.063545418840976,True,6.063545418840976,True,6.063545418840976,True,6.3,6.063545418840976,0.0,0.12309324664170071,-0.04052807735186363,-0.7919289127669086,2,probe_clean
4833,US-NC4,2019-07-28,US-NC4,Wetland/Riparian,35.7879,-75.9038,6.2,5.7000003,5.815120570500312,28.396721750000008,1.2145780520833336,2.0923921458333323,-0.4405187843504952,-0.8977433935342336,6.2,0.5429638246436476,0.23181802020348993,0.36438353976769494,-0.13179969270321162,0.41155970289498295,1.5382580802719399,6.742963824643648,True,6.742963824643648,True,6.742963824643648,True,6.2,False,6.2,False,6.2,6.742963824643648,0.0,0.27643964511514707,0.6977489436106008,0.6547028852051947,2,probe_clean
4834,US-NC4,2019-08-13,US-NC4,Wetland/Riparian,35.7879,-75.9038,5.6,6.1,4.568767593604241,31.2409205625,0.2925020083333332,2.3377552083333337,-0.6680638642135333,-0.7441039398713608,5.6,-0.1392350288945209,0.2530706876635637,0.6380853729308175,-0.19379872087329914,0.41155970289498295,1.5382580802719399,5.460764971105479,True,5.460764971105479,True,5.460764971105479,True,5.6,False,5.6,False,5.6,5.460764971105479,0.0,-0.105738917480562,0.09541954236293046,-0.4073857115659312,2,probe_clean
4835,US-NC4,2019-08-29,US-NC4,Wetland/Riparian,35.7879,-75.9038,5.2,4.8,6.065739456361736,28.09854081250002,0.7512076979166666,2.6622711666666667,-0.8452490573530634,-0.5343725582809785,5.2,0.510643750178987,0.19955381660476665,0.5840058455165662,-0.021122184448874294,0.41155970289498295,1.5382580802719399,5.7106437501789875,True,5.7106437501789875,True,5.7106437501789875,True,5.2,False,5.2,False,5.2,5.7106437501789875,0.0,0.28058197695569564,0.6368733464281296,0.6144759271531359,2,probe_clean
4836,US-NC4,2019-09-22,US-NC4,Wetland/Riparian,35.7879,-75.9038,4.3,4.8,3.0212398764285617,26.10254166666667,0.8175025416666665,2.0194341666666675,-0.9886775902323404,-0.1500553983446526,4.3,-0.15777581735657142,0.266245177088007,0.4662677600288846,0.004810923069292516,0.41155970289498295,1.5382580802719399,4.142224182643428,True,4.142224182643428,True,4.142224182643428,True,4.142224182643428,True,4.142224182643428,True,4.3,4.142224182643428,0.0,0.14949903808349504,-0.31996407739509275,-0.30286241275811654,2,probe_clean
4837,US-NC4,2019-10-24,US-NC4,Wetland/Riparian,35.7879,-75.9038,2.7,3.1000001,1.7520784359527355,21.27008333333333,0.7036552916666666,2.23268875,-0.9209712877166346,0.3896304495307877,2.7,0.18095270824260748,0.16170975125268686,0.39290648500488573,0.033010791373386805,0.41155970289498295,1.5382580802719399,2.880952708242608,True,2.880952708242608,True,2.880952708242608,True,2.880952708242608,True,2.880952708242608,True,2.7,2.880952708242608,0.0,0.3398877279068736,0.18636622275305273,0.01660417406789616,2,probe_clean
4838,US-NC4,2019-11-01,US-NC4,Wetland/Riparian,35.7879,-75.9038,1.4,2.4,3.2411052467850863,16.614458333333335,0.5526399583333335,4.015864843750001,-0.858763958275803,0.5123714121284235,1.4,0.348819486376928,0.1510273256251835,0.6447418212622649,0.0040434977826966706,0.41155970289498295,1.5382580802719399,1.748819486376928,True,1.748819486376928,True,1.748819486376928,True,1.748819486376928,True,1.748819486376928,True,1.4,1.748819486376928,0.0,0.5187809776213059,0.29766286980465917,0.23001461170481893,2,probe_clean
4839,US-NC4,2019-11-09,US-NC4,Wetland/Riparian,35.7879,-75.9038,1.2,1.6,1.3923272740901154,10.800958333333329,0.4171825624999999,2.8278813125000006,-0.780295851070776,0.6254105729852457,1.2,0.10043629190290958,0.14398371222258846,0.5692472522848957,0.0040434977826966706,0.41155970289498295,1.5382580802719399,1.3004362919029095,True,1.3004362919029095,True,1.3004362919029095,True,1.3004362919029095,True,1.3004362919029095,True,1.2,1.3004362919029095,0.0,0.26658635860711466,0.0121722426481215,0.022550274453492558,2,probe_clean
4840,US-NC4,2019-12-03,US-NC4,Wetland/Riparian,35.7879,-75.9038,1.1,2.1000001,0.6797899532757663,9.614533104166666,0.4149347895833333,3.4240711666666663,-0.4635502709028512,0.8860706215341377,1.1,0.10488138040604533,0.16581646481204193,0.5000379938087376,0.0040434977826966706,0.41155970289498295,1.5382580802719399,1.2048813804060454,True,1.2048813804060454,True,1.2048813804060454,True,1.2048813804060454,True,1.2048813804060454,True,1.1,1.2048813804060454,0.0,0.24263630069081912,-0.07916025149025492,0.15116809201757184,2,probe_clean
5068,US-NR1,2019-01-05,US-NR1,Evergreen Forests,40.0329,-105.5464,1.4,1.7,0.3046588401262119,0.4435069444444445,0.4364444444444446,2.4435833333333337,0.0859647987374464,0.9962981749346078,1.4,-0.7962171225077154,0.2338506602565149,0.5616029118027105,-0.08688091652352627,0.38899498834158514,1.2595993455778278,0.6037828774922845,True,0.6037828774922845,True,0.6037828774922845,True,1.4,False,1.4,False,1.4,0.6037828774922845,0.0,-0.5370897094700913,-0.9915521689986566,-0.860009489054398,1,probe_clean
5069,US-NR1,2019-04-27,US-NR1,Evergreen Forests,40.0329,-105.5464,4.6,3.5,5.156309028531952,3.4036597222222227,0.3325659722222222,8.910416666666666,0.9033558023246844,-0.4288919379124835,4.6,-0.7409752903384529,0.6813162585524797,1.9218971812472259,-0.15268399321482418,0.38899498834158514,1.2595993455778278,3.8590247096615466,True,4.6,False,4.6,False,4.6,False,4.6,False,4.6,3.4214090706730405,0.0,-0.14237113871966997,-0.5981838846119625,-1.4823708476837263,1,probe_clean
5070,US-NR1,2019-06-30,US-NR1,Evergreen Forests,40.0329,-105.5464,4.2,5.0,2.805414776616922,12.384166666666664,0.5934388888888887,3.7727083333333336,0.025818440227133,-0.9996666485105112,4.2,-0.6601499712085038,0.34106909047483924,0.517488974579354,0.1470893708985364,0.38899498834158514,1.2595993455778278,3.5398500287914962,True,3.5398500287914962,True,3.5398500287914962,True,3.5398500287914962,True,3.5398500287914962,True,4.2,3.5398500287914962,0.0,-0.26657944559781166,-0.8693773200618851,-0.8444931479658147,1,probe_clean
5071,US-NR1,2019-07-01,US-NR1,Evergreen Forests,40.0329,-105.5464,4.7,4.7000003,4.744873027993808,11.841874999999996,0.4378208333333333,2.830833333333332,0.0086069968886886,-0.9999629591162656,4.7,-1.3516753798257557,0.10953851429051169,0.6117246864432606,-0.3345154594429398,0.38899498834158514,1.2595993455778278,3.3483246201742443,True,3.3483246201742443,True,3.3483246201742443,True,4.7,False,4.7,False,4.7,3.3483246201742443,0.0,-1.4292293783309842,-1.3994299880923644,-1.226366773053918,1,probe_clean
5072,US-NR1,2019-07-16,US-NR1,Evergreen Forests,40.0329,-105.5464,5.4,5.5,3.9468202318075134,14.593611111111116,0.9017895833333336,3.736875,-0.2470221804809352,-0.9690098257244064,5.4,-1.2056731627772355,0.16424889303328788,0.42021332676511064,-0.7892217843670791,0.38899498834158514,1.2595993455778278,4.194326837222765,True,4.194326837222765,True,4.194326837222765,True,5.4,False,5.4,False,5.4,4.194326837222765,0.0,-1.222077909617525,-1.0338374734538494,-1.3611041052603319,1,probe_clean
5073,US-NR1,2019-07-17,US-NR1,Evergreen Forests,40.0329,-105.5464,5.4,6.8,3.853993725614338,17.210555555555555,1.3812708333333337,4.347499999999998,-0.2636654927280072,-0.9646141756912436,5.4,-0.9029687634525739,0.35386614856174564,0.5695581499198736,0.013686655408825818,0.38899498834158514,1.2595993455778278,4.497031236547427,True,4.497031236547427,True,4.497031236547427,True,4.497031236547427,True,4.497031236547427,True,5.4,4.497031236547427,0.0,-1.0597336424725783,-0.4977991904331479,-1.1513734574519956,1,probe_clean
5074,US-NR1,2019-07-24,US-NR1,Evergreen Forests,40.0329,-105.5464,5.0,5.3,3.6305462622083433,14.494166666666665,0.8268256944444446,3.405333333333333,-0.3777079652039646,-0.92592477719385,5.0,-1.1252007763646474,0.12864962956976686,0.46494872247526686,-0.29553242682245107,0.38899498834158514,1.2595993455778278,3.8747992236353523,True,3.8747992236353523,True,3.8747992236353523,True,5.0,False,5.0,False,5.0,3.8747992236353523,0.0,-1.0878518174702672,-1.0193581138571346,-1.2683923977665406,1,probe_clean
5075,US-NR1,2019-08-09,US-NR1,Evergreen Forests,40.0329,-105.5464,5.0,4.8,5.347351457251173,13.250138888888891,0.626679861111111,3.016875000000002,-0.6152845999633277,-0.7883050558305253,5.0,-1.3018142305012839,0.09227441776364904,0.5514336618270805,-0.31669190900335775,0.38899498834158514,1.2595993455778278,3.698185769498716,True,3.698185769498716,True,3.698185769498716,True,5.0,False,5.0,False,5.0,3.698185769498716,0.0,-1.224745877145834,-1.2766309067813157,-1.4040659075767024,1,probe_clean
5076,US-NR1,2019-08-17,US-NR1,Evergreen Forests,40.0329,-105.5464,4.6,5.5,3.4826162403519976,12.573888888888886,0.9099166666666664,3.5004166666666667,-0.7176769136759615,-0.6963762255968726,4.6,-1.5086184223616936,0.2245134455389585,0.39556504138733645,-0.41733725101973074,0.38899498834158514,1.2595993455778278,3.0913815776383062,True,3.0913815776383062,True,3.0913815776383062,True,4.6,False,4.6,False,4.6,3.0913815776383062,0.0,-1.3696202646338609,-1.388602537861299,-1.7676324645899215,1,probe_clean
5077,US-NR1,2019-08-18,US-NR1,Evergreen Forests,40.0329,-105.5464,4.4,6.0,3.4075797106305297,14.183194444444444,1.1028958333333334,2.5033333333333325,-0.7295575540864876,-0.6839194216246105,4.4,-1.2538424957023258,0.1587113770090152,0.6241748390066797,-0.4041004550842386,0.38899498834158514,1.2595993455778278,3.1461575042976744,True,3.1461575042976744,True,3.1461575042976744,True,4.4,False,4.4,False,4.4,3.1461575042976744,0.0,-1.1258156429520072,-1.204294727458751,-1.4314171166962188,1,probe_clean
5078,US-NR1,2019-08-25,US-NR1,Evergreen Forests,40.0329,-105.5464,5.4,6.7000003,3.0263117134996684,16.470000000000002,1.3558819444444443,4.14,-0.8064799463209447,-0.5912614448635782,5.4,-0.8646923639238632,0.2699120203817713,0.8594367587914293,-0.3803225908814299,0.38899498834158514,1.2595993455778278,4.535307636076137,True,4.535307636076137,True,4.535307636076137,True,5.4,False,5.4,False,5.4,4.535307636076137,0.0,-0.8782303140878314,-0.5882661217868482,-1.1275806558969097,1,probe_clean
5079,US-NR1,2019-09-02,US-NR1,Evergreen Forests,40.0329,-105.5464,4.6,5.4,1.95999574535495,16.221041666666668,1.4950486111111108,3.5758333333333336,-0.8800122039735356,-0.4749510720670502,4.6,-1.2356104447483216,0.30629863187490564,0.7207948810089864,0.038737554247220696,0.38899498834158514,1.2595993455778278,3.364389555251678,True,3.364389555251678,True,3.364389555251678,True,3.364389555251678,True,3.364389555251678,True,4.6,3.364389555251678,0.0,-1.229505336999295,-0.9324100025020319,-1.5449159947436377,1,probe_clean
5080,US-NR1,2019-09-03,US-NR1,Evergreen Forests,40.0329,-105.5464,3.6,4.7000003,1.7170710030303782,13.6725,0.7613999999999997,2.325791666666667,-0.888057322629493,-0.4597327394521046,3.6,-1.2016750295013445,0.047119917855085985,0.4318700174795994,-0.055886845856356636,0.38899498834158514,1.2595993455778278,2.3983249704986553,True,2.3983249704986553,True,2.3983249704986553,True,3.6,False,3.6,False,3.6,2.3983249704986553,0.0,-1.174662994110555,-1.1742781241140905,-1.2560839702793885,1,probe_clean
5081,US-NR1,2019-09-19,US-NR1,Evergreen Forests,40.0329,-105.5464,3.3,3.8,1.568055663065652,10.156388888888891,0.7017611111111112,2.471625,-0.97961369164549,-0.2008905551306352,3.3,-1.4357557866071646,0.2073747306238619,0.4944805858500093,0.07374550168297503,0.38899498834158514,1.2595993455778278,1.8642442133928352,True,1.8642442133928352,True,1.8642442133928352,True,1.8642442133928352,True,1.8642442133928352,True,3.3,1.8642442133928352,0.0,-1.2237314525519574,-1.638145026777989,-1.4453908804915478,1,probe_clean
5082,US-NR1,2019-09-26,US-NR1,Evergreen Forests,40.0329,-105.5464,2.8,4.7000003,1.1422773417209489,12.005694444444444,0.9182083333333332,6.356249999999998,-0.99665890175417,-0.0816763953304228,2.8,-1.1183819888534494,0.4351648551320883,0.8304550626943934,0.2631449920819625,0.38899498834158514,1.2595993455778278,1.6816180111465504,True,2.8,False,1.6816180111465504,True,1.6816180111465504,True,1.6816180111465504,True,2.8,1.6816180111465504,0.0,-0.8465025058001702,-0.8883577824792849,-1.6202856782808934,1,probe_clean
5083,US-NR1,2019-10-04,US-NR1,Evergreen Forests,40.0329,-105.5464,2.7,4.2000003,2.1372653834105124,8.248451388888887,0.7846388888888886,3.8977083333333336,-0.9984354211555644,0.055916990100603,2.7,-1.6414525372534714,0.08132828773082224,0.5000258494867283,-0.48714474278365477,0.38899498834158514,1.2595993455778278,1.0585474627465288,True,1.0585474627465288,True,1.0585474627465288,True,2.7,False,2.7,False,2.7,1.0585474627465288,0.0,-1.5896624984448393,-1.5995048393229279,-1.7351902739926475,1,probe_clean
5084,US-NR1,2019-10-05,US-NR1,Evergreen Forests,40.0329,-105.5464,2.7,3.4,0.2687718603659195,2.916125,0.6099166666666668,9.6425,-0.9973249731081556,0.0730951298980777,2.7,-1.5921674997319535,0.45200584306220004,1.0080150118325895,0.042589294468115886,0.38899498834158514,1.2595993455778278,1.1078325002680467,True,2.7,False,1.1078325002680467,True,1.1078325002680467,True,1.1078325002680467,True,2.7,1.0424359140318578,0.0,-1.1881087708540614,-1.508082044779179,-2.08031168356262,1,probe_clean
5085,US-NR1,2019-10-12,US-NR1,Evergreen Forests,40.0329,-105.5464,2.9,3.1000001,0.8004140725679892,1.2503194444444443,0.5261527777777777,8.449583333333331,-0.9813064702716092,0.1924515819708299,2.9,-1.9168967016122849,0.49968501327658305,0.8330299082492063,-0.9840127927172111,0.38899498834158514,1.2595993455778278,0.983103298387715,True,2.9,False,0.983103298387715,True,2.9,False,2.9,False,2.9,0.972318966967125,0.0,-1.3535750962004403,-2.0904525129885485,-2.3066624956478656,1,probe_clean
5086,US-NR1,2019-11-13,US-NR1,Evergreen Forests,40.0329,-105.5464,0.8,2.0,0.3568879584775779,-1.5890972222222224,0.2726493055555554,7.110416666666663,-0.7354170229639858,0.6776147890466887,0.8,-0.3553669052135024,0.2552119937277551,0.7558412506164967,-0.07744151887905987,0.38899498834158514,1.2595993455778278,0.44463309478649765,True,0.44463309478649765,True,0.44463309478649765,True,0.8,False,0.8,False,0.8,0.44463309478649765,0.0,-0.2718587526869357,-0.15237018354408144,-0.64187177940949,1,probe_clean
5240,US-Ro4,2019-03-25,US-Ro1,Grasslands,44.6781,-93.0723,1.3,1.8000001,0.7630801996164767,0.852964764583333,0.2769822134395834,1.11868875625,0.9922222094179324,0.1244792638867891,1.3,-0.15591202536256213,0.12653790796908532,0.49359189633175493,-0.00922095264052729,0.6451243391209496,1.8896185867320612,1.144087974637438,True,1.144087974637438,True,1.144087974637438,True,1.3,False,1.3,False,1.3,1.144087974637438,0.0,-0.06388495940548355,-0.10363971754146567,-0.30021139914073713,5,probe_clean
5241,US-Ro4,2019-04-03,US-Ro1,Grasslands,44.6781,-93.0723,1.3,2.8,0.4528885613816549,2.2659057020833333,0.3706637961020833,1.3782233083333333,0.9995462806873572,-0.0301203048469081,1.3,-0.2351031801962741,0.09018928292448666,0.34150194800402617,-0.00922095264052729,0.6451243391209496,1.8896185867320612,1.0648968198037259,True,1.0648968198037259,True,1.0648968198037259,True,1.3,False,1.3,False,1.3,1.0648968198037259,0.0,-0.15164759902148664,-0.3307798468842591,-0.22288209468307665,5,probe_clean
5242,US-Ro4,2019-04-26,US-Ro1,Grasslands,44.6781,-93.0723,2.5,4.4,1.5463980313824286,9.926893979166662,0.7496101072291665,3.2320439708333337,0.9106046300942164,-0.4132786077829042,2.5,-0.3938277190463544,0.10572034099200071,0.5182038117746599,0.014988866447476996,0.6451243391209496,1.8896185867320612,2.1061722809536456,True,2.1061722809536456,True,2.1061722809536456,True,2.1061722809536456,True,2.1061722809536456,True,2.5,2.1061722809536456,0.0,-0.5144770361223056,-0.3173910396452202,-0.34961508137153746,5,probe_clean
5243,US-Ro4,2019-05-05,US-Ro1,Grasslands,44.6781,-93.0723,2.1,3.7,0.6010225215172583,12.568068541666662,0.7052613692541668,1.5736621708333332,0.835925479418637,-0.548842958284719,2.1,0.2796788810107672,0.12968771816025915,0.3815966831255121,-0.00922095264052729,0.6451243391209496,1.8896185867320612,2.379678881010767,True,2.379678881010767,True,2.379678881010767,True,2.1,False,2.1,False,2.1,2.379678881010767,0.0,0.40010947940989283,0.2965431346675631,0.14238402895484567,5,probe_clean
5244,US-Ro4,2019-06-05,US-Ro1,Grasslands,44.6781,-93.0723,2.0,4.9,2.531227401629253,22.20344479166666,0.8301565646270835,1.425437045833334,0.440518784350495,-0.8977433935342337,2.0,-0.08381364791066437,0.0672169897817778,0.47982019894915046,0.03154722177663098,0.6451243391209496,1.8896185867320612,1.9161863520893356,True,1.9161863520893356,True,1.9161863520893356,True,1.9161863520893356,True,1.9161863520893356,True,2.0,1.9161863520893356,0.0,-0.04891794223339874,-0.16130182894033773,-0.04122117255825661,5,probe_clean
5245,US-Ro4,2019-08-24,US-Ro1,Grasslands,44.6781,-93.0723,3.3,4.3,2.8026793285603184,18.034451875,0.5442275136229168,1.7623377041666677,-0.7961828637826154,-0.6050560696488494,3.3,-0.17893186661628466,0.03137771655697515,0.3657218127695872,0.038224859150446336,0.6451243391209496,1.8896185867320612,3.1210681333837154,True,3.1210681333837154,True,3.1210681333837154,True,3.1210681333837154,True,3.1210681333837154,True,3.3,3.1210681333837154,0.0,-0.2091638055508797,-0.14652186645857088,-0.1811099278394034,5,probe_clean
5246,US-Ro4,2019-09-25,US-Ro1,Grasslands,44.6781,-93.0723,1.8,2.6000001,2.155197350194575,15.822386833333338,0.6171769833833333,2.5051906187500004,-0.9951053111006974,-0.0988201387328721,1.8,0.18277386524339692,0.0889919164244285,0.5798984688137994,-0.013803812665070745,0.6451243391209496,1.8896185867320612,1.982773865243397,True,1.982773865243397,True,1.982773865243397,True,1.8,False,1.8,False,1.8,1.982773865243397,0.0,0.12143452333860069,0.2848415406490523,0.14204553174253773,5,probe_clean
5247,US-Ro4,2019-11-12,US-Ro1,Grasslands,44.6781,-93.0723,0.4,0.8,0.4488723360308261,-11.8225448125,0.1006959807,2.202526189583333,-0.7469720876965551,0.6648553979642867,0.4,-0.24398453546619683,0.23391048511262283,0.6881872833998243,-0.049106559563532465,0.6451243391209496,1.8896185867320612,0.1560154645338032,True,0.1560154645338032,True,0.1560154645338032,True,0.4,False,0.4,False,0.4,0.35729267495017114,0.0,0.01626359924636009,-0.31152029457246216,-0.4366969110724884,5,probe_clean
5248,US-Ro4,2020-03-20,US-Ro1,Grasslands,44.6781,-93.0723,0.5,1.9,1.7684507962758294,-2.941492085979167,0.2164843842916666,2.984569518749999,0.9813064702716092,0.1924515819708299,0.5,0.36845226128076564,0.0602262450401495,0.47872441329125304,-0.005535702663045132,0.6451243391209496,1.8896185867320612,0.8684522612807657,True,0.8684522612807657,True,0.8684522612807657,True,0.5,False,0.5,False,0.5,0.8684522612807657,0.0,0.3629138042604705,0.31118654403419677,0.4312564355476297,5,probe_clean
5249,US-Ro4,2020-04-04,US-Ro1,Grasslands,44.6781,-93.0723,1.7,2.3,1.5602023426661529,-1.4681451208333327,0.20121736930625,1.2610528,0.9979171608653922,-0.0645084494493162,1.7,-0.6263115302001502,0.15222240735647521,0.5859075783968002,-0.038778226332480466,0.6451243391209496,1.8896185867320612,1.0736884697998499,True,1.0736884697998499,True,1.0736884697998499,True,1.7,False,1.7,False,1.7,1.0736884697998499,0.0,-0.5271328287416354,-0.5502253057998192,-0.8015764560589957,5,probe_clean
5250,US-Ro4,2020-04-05,US-Ro1,Grasslands,44.6781,-93.0723,1.1,3.2,0.7233982032483762,4.209333591666666,0.4320576078937501,1.6139322229166668,0.9966589017541702,-0.0816763953304224,1.1,0.038612431118134664,0.09646055909652176,0.4759494186638172,-0.00922095264052729,0.6451243391209496,1.8896185867320612,1.1386124311181347,True,1.1386124311181347,True,1.1386124311181347,True,1.1,False,1.1,False,1.1,1.1386124311181347,0.0,0.10779554003847455,-0.07157616390117924,0.07961791721710867,5,probe_clean
5251,US-Ro4,2020-04-21,US-Ro1,Grasslands,44.6781,-93.0723,1.1,2.9,0.4718352312722417,4.052242563541667,0.5003357213520835,2.257566704166667,0.9368813462954316,-0.3496474552512284,1.1,0.5849206034875726,0.023096816007645758,0.5938731045303772,-0.010118562687588588,0.6451243391209496,1.8896185867320612,1.6849206034875728,True,1.6849206034875728,True,1.6849206034875728,True,1.1,False,1.1,False,1.1,1.6849206034875728,0.0,0.5884646794000024,0.5602565897726722,0.6060405412900431,5,probe_clean
5252,US-Ro4,2020-05-15,US-Ro1,Grasslands,44.6781,-93.0723,3.2,4.7000003,0.4501674313085945,13.729280812499995,0.774412540804167,1.6091841,0.717676913675962,-0.6963762255968722,3.2,-0.748128892523492,0.08112031968980193,0.3434502052523414,-0.051350452091868296,0.6451243391209496,1.8896185867320612,2.4518711074765083,True,2.4518711074765083,True,2.4518711074765083,True,3.2,False,3.2,False,3.2,2.4518711074765083,0.0,-0.7534237048485439,-0.8264721030298589,-0.6644908696920734,5,probe_clean
5253,US-Ro4,2020-05-31,US-Ro1,Grasslands,44.6781,-93.0723,2.8,5.3,1.6799612294898638,16.89612329166667,1.1273229239708331,1.61193491875,0.5012418134457758,-0.865307254363206,2.8,-0.7181596654097301,0.13318706521908982,0.3742577859502782,-0.03773435235054566,0.6451243391209496,1.8896185867320612,2.08184033459027,True,2.08184033459027,True,2.08184033459027,True,2.8,False,2.8,False,2.8,2.08184033459027,0.0,-0.6821962602702525,-0.6066470844772447,-0.8656356514816932,5,probe_clean
5254,US-Ro4,2020-06-07,US-Ro1,Grasslands,44.6781,-93.0723,4.7,7.1,4.099247234635499,23.252175,1.0580588638416668,4.201330250000002,0.3935902766564667,-0.9192859697186104,4.7,0.6171390197885752,0.10068478996759396,0.6598051922856154,-0.07611937372288774,0.6451243391209496,1.8896185867320612,5.317139019788575,True,5.317139019788575,True,5.317139019788575,True,4.7,False,4.7,False,4.7,5.317139019788575,0.0,0.6571411326524841,0.6916752584080227,0.5026006683052188,5,probe_clean
5255,US-Ro4,2020-06-08,US-Ro1,Grasslands,44.6781,-93.0723,4.5,8.1,4.90081988980565,28.11311104166667,1.914831580989583,3.638913820833333,0.3777079652039649,-0.9259247771938498,4.5,-0.6323725298566162,0.3764625278019465,0.7248100144184434,-0.1993000965498747,0.6451243391209496,1.8896185867320612,3.867627470143384,True,3.867627470143384,True,3.867627470143384,True,4.5,False,4.5,False,4.5,3.867627470143384,0.0,-0.2739355856904382,-0.5985974512588443,-1.0245845526205661,5,probe_clean
5256,US-Ro4,2020-06-16,US-Ro1,Grasslands,44.6781,-93.0723,4.6,7.3,5.259788743495305,25.38197229166667,1.7575085353666664,3.4084443541666656,0.2470221804809355,-0.9690098257244062,4.6,-0.1359931083569121,0.1710273711557298,0.5210661039302262,-0.052105623816692634,0.6451243391209496,1.8896185867320612,4.464006891643088,True,4.464006891643088,True,4.464006891643088,True,4.6,False,4.6,False,4.6,4.464006891643088,0.0,-0.083791145875344,0.00285007677154675,-0.32703825596693903,5,probe_clean
6366,US-Sne,2019-03-08,US-Sne,Wetland/Riparian,38.0369,-121.7547,3.2,2.8,4.5697110303984365,13.490286958333336,0.4840489229166667,5.2932073750000015,0.9141279881853336,0.4054257283599973,3.2,0.41821559544567094,0.1677243575848522,0.9710455555912405,0.015054499348888762,0.47872741416210024,1.4679653119049538,3.618215595445671,True,3.618215595445671,True,3.618215595445671,True,3.618215595445671,True,3.618215595445671,True,3.2,3.618215595445671,0.0,0.39486631781699993,0.26338927764739173,0.5963911908726212,8,probe_clean
6367,US-Sne,2019-03-16,US-Sne,Wetland/Riparian,38.0369,-121.7547,3.6,3.1000001,2.2407551501084133,16.7047893125,0.6072588395833333,0.9500157916666668,0.9611297838723007,0.2760969730974688,3.6,-0.5450791438597169,0.14310512934167155,0.42247033855797744,0.0024300980482588434,0.47872741416210024,1.4679653119049538,3.054920856140283,True,3.054920856140283,True,3.054920856140283,True,3.054920856140283,True,3.054920856140283,True,3.6,3.054920856140283,0.0,-0.3846030326678219,-0.6594440414783518,-0.5911903574329771,8,probe_clean
6368,US-Sne,2019-04-09,US-Sne,Wetland/Riparian,38.0369,-121.7547,5.7,5.1,5.860658147685804,18.809345354166663,0.6340029979166669,5.5759659999999975,0.9911140639934548,-0.1330147065341959,5.7,-0.12037302627298067,0.1394884383851233,0.7493012656974007,-0.13786771969427514,0.47872741416210024,1.4679653119049538,5.579626973727019,True,5.579626973727019,True,5.579626973727019,True,5.7,False,5.7,False,5.7,5.579626973727019,0.0,-0.0017118397685928488,-0.2740257619740636,-0.0853814770762856,8,probe_clean
6369,US-Sne,2019-04-17,US-Sne,Wetland/Riparian,38.0369,-121.7547,5.7,5.0,4.452488575990203,20.165814020833334,0.6907032750000001,2.8157290625000013,0.9634705485641488,-0.2678143051621742,5.7,-0.8871691532730641,0.009163995255306269,0.5780550918073464,-0.23818618641410527,0.47872741416210024,1.4679653119049538,4.812830846726936,True,4.812830846726936,True,4.812830846726936,True,5.7,False,5.7,False,5.7,4.812830846726936,0.0,-0.8845618785074483,-0.8795913269385722,-0.8973542543731718,8,probe_clean
6370,US-Sne,2019-04-25,US-Sne,Wetland/Riparian,38.0369,-121.7547,6.1,5.7000003,6.6775310409894475,23.08297185416666,0.7761299187500001,4.443385145833333,0.9175836260593936,-0.3975428142825559,6.1,-0.19817046981467312,0.20038253506342157,0.788944780079454,-0.2082164313858954,0.47872741416210024,1.4679653119049538,5.901829530185326,True,5.901829530185326,True,5.901829530185326,True,6.1,False,6.1,False,6.1,5.901829530185326,0.0,-0.1702887852346208,-0.41103370678960455,-0.013188917419794,8,probe_clean
6371,US-Sne,2019-05-03,US-Sne,Wetland/Riparian,38.0369,-121.7547,6.2,5.9,5.7340291294269,20.654132416666663,0.8483858354166668,3.621178708333333,0.854322169749827,-0.5197438121555155,6.2,-0.6149369512119226,0.2629946827722117,0.5693803368925564,-0.2912562327714668,0.47872741416210024,1.4679653119049538,5.5850630487880775,True,5.5850630487880775,True,5.5850630487880775,True,6.2,False,6.2,False,6.2,5.5850630487880775,0.0,-0.8113666664154431,-0.7172906066057325,-0.31615358061459237,8,probe_clean
6372,US-Sne,2019-05-11,US-Sne,Wetland/Riparian,38.0369,-121.7547,6.3,5.9,5.660057627799969,19.833542520833333,0.50303596875,5.5301680625,0.7748840413670407,-0.6321034111873487,6.3,-0.19160441077261883,0.027617488161761062,0.7220504778765346,-0.15087868824868328,0.47872741416210024,1.4679653119049538,6.108395589227381,True,6.108395589227381,True,6.108395589227381,True,6.3,False,6.3,False,6.3,6.108395589227381,0.0,-0.22257445439672527,-0.18270482370746877,-0.1695339542136624,8,probe_clean
6373,US-Sne,2019-05-27,US-Sne,Wetland/Riparian,38.0369,-121.7547,5.3,4.7000003,4.093398815602477,18.4788208125,0.5128749770833331,2.1523707083333337,0.5737722679043246,-0.8190148866680801,5.3,-0.6605558514621852,0.1605401451668185,0.4417070572026507,-0.14996843538918614,0.47872741416210024,1.4679653119049538,4.639444148537814,True,4.639444148537814,True,4.639444148537814,True,5.3,False,5.3,False,5.3,4.639444148537814,0.0,-0.8154495215179156,-0.6713082309585041,-0.4949098019101359,8,probe_clean
6374,US-Sne,2019-06-04,US-Sne,Wetland/Riparian,38.0369,-121.7547,7.6,7.5,6.41792242783096,27.446678499999997,1.0399212145833334,3.978942333333332,0.4559066935084588,-0.8900275764346767,7.6,-0.498597770042079,0.04577139073164159,0.662121350833013,-0.22862372043486778,0.47872741416210024,1.4679653119049538,7.1014022299579205,True,7.1014022299579205,True,7.1014022299579205,True,7.6,False,7.6,False,7.6,7.1014022299579205,0.0,-0.4465123356181856,-0.51687190629195,-0.5324090682161016,8,probe_clean
6375,US-Sne,2019-06-12,US-Sne,Wetland/Riparian,38.0369,-121.7547,8.5,8.400001,9.962814422752,30.08651133333333,1.7417068249999996,4.014350020833333,0.3294084822245304,-0.9441875088341992,8.5,-0.37850944529557257,0.4421695180939099,0.8102775615038895,1.5073351121961656,0.47872741416210024,1.4679653119049538,8.121490554704428,True,8.121490554704428,True,8.121490554704428,True,8.121490554704428,True,8.121490554704428,True,8.5,8.121490554704428,0.0,0.07848883369929721,-0.40983274327535113,-0.8041844263106637,8,probe_clean
6376,US-Sne,2019-06-20,US-Sne,Wetland/Riparian,38.0369,-121.7547,7.3,6.6,6.648121881169312,22.470927354166665,0.6450092395833332,6.758211177083336,0.1966728897935764,-0.980469160361632,7.3,-0.3312693442283902,0.3052534075825639,0.9151586542685639,-0.22399242589000318,0.47872741416210024,1.4679653119049538,6.968730655771609,True,6.968730655771609,True,6.968730655771609,True,7.3,False,7.3,False,7.3,6.968730655771609,0.0,-0.6796824901662468,-0.1108474854328949,-0.203278057086029,8,probe_clean
6377,US-Sne,2019-07-06,US-Sne,Wetland/Riparian,38.0369,-121.7547,7.2,7.8,6.870982291002032,25.0579429375,1.0541913541666663,4.1888117083333345,-0.0773864792334632,-0.9970011699250152,7.2,0.05740688287332573,0.14362223643523234,0.4712528815984096,-0.17118304858704428,0.47872741416210024,1.4679653119049538,7.257406882873326,True,7.257406882873326,True,7.257406882873326,True,7.2,False,7.2,False,7.2,7.257406882873326,0.0,0.07978429036297813,-0.09609058913329563,0.18852694739029469,8,probe_clean
6378,US-Sne,2019-07-14,US-Sne,Wetland/Riparian,38.0369,-121.7547,7.1,8.3,7.178970700960348,27.35746977083333,1.3893775562499997,4.713123437499998,-0.2135209154397959,-0.9769384927771816,7.1,-0.209612160316944,0.11904841124040706,0.5542367285138531,-0.1314604535449517,0.47872741416210024,1.4679653119049538,6.890387839683056,True,6.890387839683056,True,6.890387839683056,True,7.1,False,7.1,False,7.1,6.890387839683056,0.0,-0.10018281757692359,-0.1922751944433742,-0.33637846893053414,8,probe_clean
6379,US-Sne,2019-07-22,US-Sne,Wetland/Riparian,38.0369,-121.7547,6.8,8.5,5.4091126533089895,27.453946125000005,1.2230727749999997,4.464420916666667,-0.3456123126707333,-0.9383773917408642,6.8,-0.3296795161084229,0.1021807733358672,0.6443207862255186,-0.22192864343225077,0.47872741416210024,1.4679653119049538,6.470320483891577,True,6.470320483891577,True,6.470320483891577,True,6.8,False,6.8,False,6.8,6.470320483891577,0.0,-0.23071021540104253,-0.32353397162482195,-0.4347943612994041,8,probe_clean
6380,US-Sne,2019-07-30,US-Sne,Wetland/Riparian,38.0369,-121.7547,6.7,7.4,6.146563402084327,24.042450229166658,0.9477072895833336,4.4068425416666654,-0.4711595076738639,-0.8820480249558535,6.7,0.06519259407125338,0.2983573518685104,0.709613906595615,-0.23927212754602148,0.47872741416210024,1.4679653119049538,6.765192594071253,True,6.765192594071253,True,6.765192594071253,True,6.7,False,6.7,False,6.7,6.765192594071253,0.0,0.11347490466431664,-0.25436136270286547,0.336464240252309,8,probe_clean
6381,US-Sne,2019-08-07,US-Sne,Wetland/Riparian,38.0369,-121.7547,6.9,7.6,6.254381271678147,25.451762625,1.0194187,4.463494666666667,-0.5877852522924734,-0.8090169943749472,6.9,-0.03797252891085251,0.22671549590218718,0.7908814124298921,-0.23132533929461527,0.47872741416210024,1.4679653119049538,6.862027471089148,True,6.862027471089148,True,6.862027471089148,True,6.9,False,6.9,False,6.9,6.862027471089148,0.0,0.003327952712480875,-0.2824991167211139,0.16525357727607548,8,probe_clean
6382,US-Sne,2019-08-15,US-Sne,Wetland/Riparian,38.0369,-121.7547,7.4,9.5,6.849029845978714,32.376621229166666,2.103637264583333,2.481630166666666,-0.6932812268869771,-0.7206671495538615,7.4,-0.3493423087471437,0.48085730235355983,0.7124678881908777,5.24624716022714,0.47872741416210024,1.4679653119049538,7.050657691252857,True,7.4,False,7.050657691252857,True,7.050657691252857,True,7.050657691252857,True,7.4,7.185240812199835,0.0,-0.02560565633278933,-0.12054494649498947,-0.9018763234136524,8,probe_clean
6383,US-Sne,2019-08-23,US-Sne,Wetland/Riparian,38.0369,-121.7547,6.5,7.8,6.075373251408607,26.58077208333334,0.8642726062500002,4.817212291666666,-0.7856498550787144,-0.6186714032625032,6.5,-0.3690884237463144,0.1479714151965908,0.8986812955920127,-0.22023765019697183,0.47872741416210024,1.4679653119049538,6.130911576253686,True,6.130911576253686,True,6.130911576253686,True,6.5,False,6.5,False,6.5,6.130911576253686,0.0,-0.2908108338441503,-0.5397566979201673,-0.27669773947462556,8,probe_clean
6384,US-Sne,2019-08-31,US-Sne,Wetland/Riparian,38.0369,-121.7547,6.3,7.7000003,5.4894479810419785,27.922295729166667,1.2990427041666668,3.4087553750000006,-0.8631421280499115,-0.5049610547215202,6.3,-0.41718066834407175,0.3408776862801305,0.7573776897448475,-0.3417482087555014,0.47872741416210024,1.4679653119049538,5.882819331655928,True,5.882819331655928,True,5.882819331655928,True,6.3,False,6.3,False,6.3,5.882819331655928,0.0,-0.1918546061530591,-0.25034643419926494,-0.8093409646798913,8,probe_clean
6385,US-Sne,2019-09-08,US-Sne,Wetland/Riparian,38.0369,-121.7547,5.6,6.5,5.3319081537630035,24.4143555,0.9739815854166668,3.830221916666668,-0.9242907221930934,-0.3816892202666586,5.6,-0.18356888527822676,0.21751965803105688,0.4940474108053441,-0.09857222409068586,0.47872741416210024,1.4679653119049538,5.416431114721773,True,5.416431114721773,True,5.416431114721773,True,5.6,False,5.6,False,5.6,5.416431114721773,0.0,-0.1809107017944842,-0.4024054531568345,0.03260949911663849,8,probe_clean
6386,US-Sne,2019-09-16,US-Sne,Wetland/Riparian,38.0369,-121.7547,4.0,4.2000003,5.71247443186178,22.956879104166664,0.7497699062500001,4.492602354166668,-0.9679377830240642,-0.2511900638848195,4.0,0.2040178540463081,0.08568823054060166,0.7355923464657785,-0.07685387630951943,0.47872741416210024,1.4679653119049538,4.204017854046308,True,4.204017854046308,True,4.204017854046308,True,4.0,False,4.0,False,4.0,4.204017854046308,0.0,0.21696737355728424,0.11259190058816837,0.2824942879934716,8,probe_clean
6387,US-Sne,2019-09-24,US-Sne,Wetland/Riparian,38.0369,-121.7547,5.8,6.1,6.113646981871527,30.19447864583334,2.214213170833333,1.9042990416666663,-0.9932568492674144,-0.1159345995955006,5.8,-0.3687246554796147,0.4257365307601405,0.8311607251535913,1.5586170048471368,0.47872741416210024,1.4679653119049538,5.431275344520385,True,5.431275344520385,True,5.431275344520385,True,5.431275344520385,True,5.431275344520385,True,5.8,5.431275344520385,0.0,-0.009753292830440408,-0.25733877713907005,-0.8390818964693336,8,probe_clean
6388,US-Sne,2019-10-02,US-Sne,Wetland/Riparian,38.0369,-121.7547,3.9,4.3,3.4497861480426217,19.33758306250001,0.9428785,1.881413125,-0.9997685019798908,0.0215160974362222,3.9,-0.5845970450795894,0.16780670447822016,0.4555484098517425,-0.05479128377449176,0.47872741416210024,1.4679653119049538,3.3154029549204105,True,3.3154029549204105,True,3.3154029549204105,True,3.9,False,3.9,False,3.9,3.3154029549204105,0.0,-0.7115910781759835,-0.6478418003995285,-0.3943582566632562,8,probe_clean
6389,US-Sne,2019-10-10,US-Sne,Wetland/Riparian,38.0369,-121.7547,4.9,4.5,6.719127448564702,19.09747785416666,1.3892174062499996,3.770349166666666,-0.9873494423939864,0.1585593851031347,4.9,-0.3187867992577198,0.7425494631203268,0.8063438954210651,-13.042288491896176,0.47872741416210024,1.4679653119049538,4.5812132007422806,True,4.9,False,4.5812132007422806,True,4.9,False,4.9,False,4.9,4.5812132007422806,0.0,-0.306459735708263,-1.0674230495941952,0.4175223875292989,8,probe_clean
6390,US-Sne,2019-10-18,US-Sne,Wetland/Riparian,38.0369,-121.7547,2.7,3.8,3.5042572357532897,18.377446104166673,0.5590701083333331,3.3508666875000004,-0.9562348265919058,0.2926003356333479,2.7,-0.24076846425254925,0.1878741195937688,0.5466488246257775,-0.05479128377449176,0.47872741416210024,1.4679653119049538,2.459231535747451,True,2.459231535747451,True,2.459231535747451,True,2.7,False,2.7,False,2.7,2.459231535747451,0.0,-0.07212244938165699,-0.443267510140208,-0.20691543323578282,8,probe_clean
6391,US-Sne,2019-10-26,US-Sne,Wetland/Riparian,38.0369,-121.7547,3.3,3.8,3.0779236329295,20.002330979166672,0.9351802250000002,1.0578134166666666,-0.9070138128026362,0.4211008707960891,3.3,-0.08036496682896836,0.2167603356175244,0.47909486013032165,-0.0419512196669353,0.47872741416210024,1.4679653119049538,3.2196350331710315,True,3.2196350331710315,True,3.2196350331710315,True,3.3,False,3.3,False,3.3,3.2196350331710315,0.0,-0.33044109463083604,0.0537003239296317,0.03564587021429927,8,probe_clean
6392,US-Sne,2019-11-03,US-Sne,Wetland/Riparian,38.0369,-121.7547,2.3,2.6000001,1.9973917624467972,15.36841239583333,0.7836434104166669,0.5647070208333334,-0.8406184056344783,0.5416278206559811,2.3,0.17774912455099048,0.11989257351324172,0.43460246813829534,-0.03230978238378242,0.47872741416210024,1.4679653119049538,2.47774912455099,True,2.47774912455099,True,2.47774912455099,True,2.3,False,2.3,False,2.3,2.4520495317423574,0.0,0.04029081548594035,0.26073096778989435,0.23222559037713675,8,probe_clean
6393,US-Sne,2019-11-19,US-Sne,Wetland/Riparian,38.0369,-121.7547,2.3,3.4,4.890980972419055,18.57933875,0.5164386312499999,5.693392958333331,-0.661634618242279,0.749826401204568,2.3,0.356128860412172,0.39911558099573835,0.9166622537970589,-0.08428240836566409,0.47872741416210024,1.4679653119049538,2.656128860412172,True,2.656128860412172,True,2.656128860412172,True,2.3,False,2.3,False,2.3,2.656128860412172,0.0,0.26486140894932086,0.010551727115920756,0.7929734451712744,8,probe_clean
7618,US-Var,2019-01-03,US-Var,Grasslands,38.4133,-120.9507,0.1,0.7,0.3990202061405314,7.72469375,0.3212197916666666,1.2143699583333332,0.0516196672232537,0.998666816288476,0.1,0.1148369192872087,0.07030884145350218,0.42715429187113074,-0.02040276380372324,0.5466674556620883,1.6040522500501797,0.21483691928720872,True,0.21483691928720872,True,0.21483691928720872,True,0.1,False,0.1,False,0.1,0.2248162991624852,0.0,0.18104951436927003,0.0410458288143227,0.12241541467803338,4,probe_clean
7619,US-Var,2019-01-12,US-Var,Grasslands,38.4133,-120.9507,0.3,1.0,0.7494696661286594,11.997095833333336,0.470455,1.452975,0.2051044998686192,0.9787400799669153,0.3,0.07594786812977958,0.026543450165652162,0.42346042330398576,-0.015756472188272263,0.5466674556620883,1.6040522500501797,0.37594786812977954,True,0.37594786812977954,True,0.37594786812977954,True,0.3,False,0.3,False,0.3,0.37594786812977954,0.0,0.0863060299796527,0.0957505026986864,0.04578707171099963,4,probe_clean
7620,US-Var,2019-01-27,US-Var,Grasslands,38.4133,-120.9507,0.7,1.5,0.7865084648237849,13.125822916666666,0.5431535416666667,1.271329166666667,0.4482293417404106,0.893918596519257,0.7,-0.006733674353384039,0.05674717994269444,0.3985426926816567,-0.015756472188272263,0.5466674556620883,1.6040522500501797,0.6932663256466159,True,0.6932663256466159,True,0.6932663256466159,True,0.7,False,0.7,False,0.7,0.6932663256466159,0.0,-0.027228501308993402,-0.05038629781891793,0.057413776067759215,4,probe_clean
7621,US-Var,2019-03-16,US-Var,Grasslands,38.4133,-120.9507,2.2,2.8,2.4676767929864427,14.091724999999997,0.7738289583333332,1.5148189583333334,0.9611297838723007,0.2760969730974688,2.2,-0.01858305793775988,0.07769390723603052,0.4165609022662694,-0.02040276380372324,0.5466674556620883,1.6040522500501797,2.1814169420622402,True,2.1814169420622402,True,2.1814169420622402,True,2.2,False,2.2,False,2.2,2.1814169420622402,0.0,0.06960643563881208,-0.0484193637652765,-0.07693624568681522,4,probe_clean
7622,US-Var,2019-03-17,US-Var,Grasslands,38.4133,-120.9507,2.8,2.8,2.3847443868576392,15.625416666666672,0.7892110416666668,1.5818737500000004,0.9657399376548548,0.2595117970697999,2.8,-0.1421534654160321,0.07024379398256893,0.45062714151197747,-0.02040276380372324,0.5466674556620883,1.6040522500501797,2.657846534583968,True,2.657846534583968,True,2.657846534583968,True,2.8,False,2.8,False,2.8,2.657846534583968,0.0,-0.1721912689605171,-0.06188513175559014,-0.19238399553198904,4,probe_clean
7623,US-Var,2019-03-24,US-Var,Grasslands,38.4133,-120.9507,1.3,2.7,2.3012784179848302,12.179243749999996,0.5333891874999998,1.0522827083333337,0.989932495087353,0.141540295217043,1.3,0.36033220499787016,0.23086544262009093,0.44535597127435855,0.03560984053183187,0.5466674556620883,1.6040522500501797,1.6603322049978702,True,1.6603322049978702,True,1.6603322049978702,True,1.6603322049978702,True,1.6603322049978702,True,1.3,1.6603322049978702,0.0,0.6109545051395864,0.1563432334019652,0.31369887645205885,4,probe_clean
7624,US-Var,2019-04-18,US-Var,Grasslands,38.4133,-120.9507,3.9,4.5,3.822410840678351,19.7759375,0.8401712500000001,1.0944489583333332,0.9587178169872964,-0.2843591872810034,3.9,-0.04451798891102441,0.11050150472676262,0.39519035042456974,-0.06396552957512604,0.5466674556620883,1.6040522500501797,3.8554820110889754,True,3.8554820110889754,True,3.8554820110889754,True,3.9,False,3.9,False,3.9,3.8554820110889754,0.0,0.06383641974684293,-0.04034218011996869,-0.15704820635994748,4,probe_clean
7625,US-Var,2019-04-25,US-Var,Grasslands,38.4133,-120.9507,4.9,5.3,4.42996993405822,23.07222916666667,1.1429314583333332,1.0051556250000002,0.9175836260593936,-0.3975428142825559,4.9,-0.34565466095341985,0.14985795452458506,0.47833241429740436,-0.06962760166242331,0.5466674556620883,1.6040522500501797,4.554345339046581,True,4.554345339046581,True,4.554345339046581,True,4.9,False,4.9,False,4.9,4.554345339046581,0.0,-0.2415752507216501,-0.277973800548389,-0.5174149315902202,4,probe_clean
7626,US-Var,2019-04-26,US-Var,Grasslands,38.4133,-120.9507,4.4,5.1,4.350735004490739,20.56029166666666,1.0392927083333332,0.9331721666666666,0.9106046300942164,-0.4132786077829042,4.4,-0.20662367009280938,0.2115212463696094,0.48408615232876606,-0.08524413965379941,0.5466674556620883,1.6040522500501797,4.193376329907191,True,4.193376329907191,True,4.193376329907191,True,4.4,False,4.4,False,4.4,4.193376329907191,0.0,-0.11473668723914852,-0.05658546734313953,-0.44854885569614006,4,probe_clean
7627,US-Var,2019-05-04,US-Var,Grasslands,38.4133,-120.9507,4.0,5.4,3.5146683455950165,17.997687499999994,1.1826565,1.1639056458333332,0.8452490573530633,-0.5343725582809787,4.0,-0.38416923079340043,0.10174201822193939,0.44304857016495036,-0.06822268083964479,0.5466674556620883,1.6040522500501797,3.6158307692065996,True,3.6158307692065996,True,3.6158307692065996,True,4.0,False,4.0,False,4.0,3.6158307692065996,0.0,-0.31216500905256417,-0.33977866593713435,-0.5005640173905028,4,probe_clean
7628,US-Var,2019-06-04,US-Var,Grasslands,38.4133,-120.9507,4.8,6.5,3.412656492913412,26.534843750000004,1.7480427583333336,1.0302991666666663,0.4559066935084588,-0.8900275764346767,4.8,-0.19402151533551024,0.1768485630706367,0.37143880592032397,-0.07217262156684709,0.5466674556620883,1.6040522500501797,4.605978484664489,True,4.605978484664489,True,4.605978484664489,True,4.8,False,4.8,False,4.8,4.605978484664489,0.0,-0.07306976812241335,-0.11200731772752348,-0.39698746015659386,4,probe_clean
7629,US-Var,2019-06-05,US-Var,Grasslands,38.4133,-120.9507,3.9,7.0,3.6444241608408654,27.62712500000001,1.980856875,1.1150377083333336,0.440518784350495,-0.8977433935342337,3.9,-0.3993255135129576,0.16270115160299814,0.650624247393148,-0.07882052532460396,0.5466674556620883,1.6040522500501797,3.5006744864870423,True,3.5006744864870423,True,3.5006744864870423,True,3.9,False,3.9,False,3.9,3.5006744864870423,0.0,-0.3541784987201537,-0.2639655696572085,-0.5798324721615105,4,probe_clean
7630,US-Var,2019-06-12,US-Var,Grasslands,38.4133,-120.9507,3.6,7.6,2.9104370865403233,30.55983333333334,3.132269583333333,1.062418291666667,0.3294084822245304,-0.9441875088341992,3.6,-0.37283051711355836,0.11741219492233143,0.8163856609817361,-0.12038876034308114,0.5466674556620883,1.6040522500501797,3.227169482886442,True,3.227169482886442,True,3.227169482886442,True,3.6,False,3.6,False,3.6,3.227169482886442,0.0,-0.2997495212684955,-0.3104771347845798,-0.5082648952875997,4,probe_clean
7631,US-Var,2019-06-13,US-Var,Grasslands,38.4133,-120.9507,3.4,6.7000003,1.709466094096015,24.122145833333324,1.538293541666666,1.0778439583333337,0.3131070409358269,-0.9497178427914316,3.4,-0.39524533563873704,0.195866332411646,0.5615873785562807,-0.07184645606036849,0.5466674556620883,1.6040522500501797,3.004754664361263,True,3.004754664361263,True,3.004754664361263,True,3.4,False,3.4,False,3.4,3.004754664361263,0.0,-0.36810427731287154,-0.21436499083319577,-0.6032667387701439,4,probe_clean
7632,US-Var,2019-06-29,US-Var,Grasslands,38.4133,-120.9507,2.5,6.3,0.5097241528108498,22.8649375,1.9458531250000004,1.287930416666667,0.0430222330045305,-0.99907411510223,2.5,-0.2107403223579792,0.05835523360837805,0.5988727112868536,-0.022558643357214785,0.5466674556620883,1.6040522500501797,2.2892596776420207,True,2.2892596776420207,True,2.2892596776420207,True,2.5,False,2.5,False,2.5,2.2892596776420207,0.0,-0.2470500704419423,-0.2417437124742013,-0.143427184157794,4,probe_clean
7633,US-Var,2019-07-06,US-Var,Grasslands,38.4133,-120.9507,2.1,7.0,0.5076054975877697,25.651625,2.1803325,1.1836614583333336,-0.0773864792334632,-0.9970011699250152,2.1,-0.1732711376082392,0.25983410403654994,0.6338405061436994,0.07092977568807378,0.5466674556620883,1.6040522500501797,1.9267288623917609,True,1.9267288623917609,True,1.9267288623917609,True,1.9267288623917609,True,1.9267288623917609,True,2.1,1.9267288623917609,0.0,-0.19759809226292896,0.09787093164978658,-0.42008625221157525,4,probe_clean
7634,US-Var,2019-07-14,US-Var,Grasslands,38.4133,-120.9507,1.2,7.8,0.3111827454123445,27.07425000000001,2.50465125,1.3566481250000002,-0.2135209154397959,-0.9769384927771816,1.2,0.03223166877577773,0.20164073621122605,0.5586523085707418,0.022734730758938986,0.5466674556620883,1.6040522500501797,1.2322316687757777,True,1.2322316687757777,True,1.2322316687757777,True,1.2322316687757777,True,1.2322316687757777,True,1.2,1.2322316687757777,0.0,0.09920712190009098,0.191862307494865,-0.19437442306762276,4,probe_clean
7635,US-Var,2019-07-15,US-Var,Grasslands,38.4133,-120.9507,2.3,7.2000003,0.2621159108136844,26.367854166666675,2.2647802083333333,1.4004793749999995,-0.2303056702306119,-0.973118337233262,2.3,-0.22174628133490784,0.27555534231012296,0.5771826558380525,0.07092977568807378,0.5466674556620883,1.6040522500501797,2.078253718665092,True,2.078253718665092,True,2.078253718665092,True,2.078253718665092,True,2.078253718665092,True,2.3,2.078253718665092,0.0,-0.1907888163265601,0.037023000184432664,-0.5114730278625961,4,probe_clean
7636,US-Var,2019-07-22,US-Var,Grasslands,38.4133,-120.9507,2.0,8.0,0.2100747052992674,28.64397916666667,2.66943125,1.3194447916666665,-0.3456123126707333,-0.9383773917408642,2.0,-0.2793609312293061,0.2710432541990668,0.5643269041908338,0.05033012897412343,0.5466674556620883,1.6040522500501797,1.7206390687706938,True,1.7206390687706938,True,1.7206390687706938,True,1.7206390687706938,True,1.7206390687706938,True,2.0,1.7206390687706938,0.0,-0.2096733292967269,-0.049965873869488156,-0.5784435905217031,4,probe_clean
7637,US-Var,2019-07-23,US-Var,Grasslands,38.4133,-120.9507,1.1,8.1,0.2171111138584169,28.08858333333333,2.7737468749999987,1.2512675000000002,-0.3617137307297674,-0.9322892131745134,1.1,-0.06462239723312352,0.21123743504657067,0.6441987461045956,0.00015519806840360705,0.5466674556620883,1.6040522500501797,1.0353776027668766,True,1.0353776027668766,True,1.0353776027668766,True,1.0353776027668766,True,1.0353776027668766,True,1.1,1.0353776027668766,0.0,0.014170400836318375,0.09589374759657959,-0.3039313401322685,4,probe_clean
7638,US-Var,2019-07-30,US-Var,Grasslands,38.4133,-120.9507,1.6,7.2000003,0.1994770019438621,23.31341666666667,1.8066902083333332,1.3678281250000002,-0.4711595076738639,-0.8820480249558535,1.6,-0.08775757924197554,0.09113058440746392,0.6714523070226212,-0.035257759553201116,0.5466674556620883,1.6040522500501797,1.5122424207580245,True,1.5122424207580245,True,1.5122424207580245,True,1.6,False,1.6,False,1.6,1.5122424207580245,0.0,-0.017624586395704953,-0.05488435311442166,-0.19076379821580003,4,probe_clean
7639,US-Var,2019-07-31,US-Var,Grasslands,38.4133,-120.9507,2.3,7.3,0.1422652352536888,24.83916666666667,2.138965,1.2815935416666668,-0.4862727071086902,-0.8738071036110807,2.3,-0.26674096010122,0.10365866864239824,0.6244378214737598,-0.035257759553201116,0.5466674556620883,1.6040522500501797,2.03325903989878,True,2.03325903989878,True,2.03325903989878,True,2.3,False,2.3,False,2.3,2.03325903989878,0.0,-0.2424350608796705,-0.1773949588209218,-0.3803928606030676,4,probe_clean
7640,US-Var,2019-08-07,US-Var,Grasslands,38.4133,-120.9507,1.8,7.2000003,0.1164840673666207,25.39164583333334,2.1413783333333334,1.3706306249999998,-0.5877852522924734,-0.8090169943749472,1.8,-0.12783782110765982,0.11682667663441076,0.6318179931646817,-0.035257759553201116,0.5466674556620883,1.6040522500501797,1.6721621788923402,True,1.6721621788923402,True,1.6721621788923402,True,1.8,False,1.8,False,1.8,1.6721621788923402,0.0,-0.08714799748314164,-0.036797248840998734,-0.2595682169988391,4,probe_clean
7641,US-Var,2019-08-08,US-Var,Grasslands,38.4133,-120.9507,2.6,6.6,0.1107718655623621,22.040541666666662,1.5047989583333332,1.4158704166666665,-0.6016240632249227,-0.7987793728863648,2.6,-0.43993461050209853,0.1945774278282701,0.45526846640703444,0.028807669362889327,0.5466674556620883,1.6040522500501797,2.1600653894979014,True,2.1600653894979014,True,2.1600653894979014,True,2.1600653894979014,True,2.1600653894979014,True,2.6,2.1600653894979014,0.0,-0.2831005205552426,-0.37902227381763,-0.657681037133423,4,probe_clean
7642,US-Var,2019-08-15,US-Var,Grasslands,38.4133,-120.9507,1.0,7.1,0.047928077390741,31.236395833333336,3.5499625,1.285669375,-0.6932812268869771,-0.7206671495538615,1.0,-0.004378607237224191,0.19763345638060995,0.6310536277073341,0.02075484478235397,0.5466674556620883,1.6040522500501797,0.9956213927627758,True,0.9956213927627758,True,0.9956213927627758,True,0.9956213927627758,True,0.9956213927627758,True,1.0,0.9956213927627758,0.0,0.13200324880795372,0.08588858251015383,-0.23102765302978012,4,probe_clean
7643,US-Var,2019-08-16,US-Var,Grasslands,38.4133,-120.9507,1.6,7.3,0.124210680241983,30.472875,3.3295354166666677,1.477630625,-0.7055836101071774,-0.7086266782644601,1.6,-0.154463515602886,0.08267794727684072,0.55931890466205,-0.035257759553201116,0.5466674556620883,1.6040522500501797,1.4455364843971141,True,1.4455364843971141,True,1.4455364843971141,True,1.6,False,1.6,False,1.6,1.4455364843971141,0.0,-0.09230613980697801,-0.12278880963615119,-0.24829559736552875,4,probe_clean
7644,US-Var,2019-08-23,US-Var,Grasslands,38.4133,-120.9507,1.2,6.8,0.1302108755161512,28.548229166666676,2.444870416666667,1.3716443750000005,-0.7856498550787144,-0.6186714032625032,1.2,0.031238246926949043,0.11249934199261787,0.6124360089398836,-0.027204934972665764,0.5466674556620883,1.6040522500501797,1.231238246926949,True,1.231238246926949,True,1.231238246926949,True,1.2,False,1.2,False,1.2,1.231238246926949,0.0,0.13055634165952512,0.05409153639233591,-0.0909331372710139,4,probe_clean
7645,US-Var,2019-08-24,US-Var,Grasslands,38.4133,-120.9507,1.8,6.7000003,0.1244210514443617,26.715354166666675,2.1991060416666666,1.3796783333333331,-0.7961828637826154,-0.6050560696488494,1.8,-0.12016261894256364,0.08152392212611756,0.5223719762866712,-0.027204934972665764,0.5466674556620883,1.6040522500501797,1.6798373810574363,True,1.6798373810574363,True,1.6798373810574363,True,1.8,False,1.8,False,1.8,1.6798373810574363,0.0,-0.0738289846133289,-0.07236433464027087,-0.21429453757409114,4,probe_clean
7646,US-Var,2019-08-31,US-Var,Grasslands,38.4133,-120.9507,1.1,6.4,0.0744159457823587,26.755249999999997,2.475731875,1.3079516666666666,-0.8631421280499115,-0.5049610547215202,1.1,0.011798381871307306,0.09363474176802293,0.6120738867779758,-0.027204934972665764,0.5466674556620883,1.6040522500501797,1.1117983818713073,True,1.1117983818713073,True,1.1117983818713073,True,1.1,False,1.1,False,1.1,1.1117983818713073,0.0,0.0600609857381417,0.07145553777642003,-0.0961213779006398,4,probe_clean
7647,US-Var,2019-09-01,US-Var,Grasslands,38.4133,-120.9507,1.0,7.1,0.0880997551352042,28.197666666666667,2.916140625,1.3449162499999998,-0.8717063187093218,-0.4900286664290594,1.0,-0.019212824823304272,0.08085430595433327,0.6043045449211034,-0.035257759553201116,0.5466674556620883,1.6040522500501797,0.9807871751766958,True,0.9807871751766958,True,0.9807871751766958,True,1.0,False,1.0,False,1.0,0.9807871751766958,0.0,0.005787817335291184,0.046188360566145614,-0.10961465237134961,4,probe_clean
7648,US-Var,2019-09-08,US-Var,Grasslands,38.4133,-120.9507,1.5,4.6,0.0693219535765939,20.35664583333333,1.0689558333333335,1.2540881250000002,-0.9242907221930934,-0.3816892202666586,1.5,-0.058593547860748024,0.11984133535896029,0.4635656896169859,-0.02040276380372324,0.5466674556620883,1.6040522500501797,1.441406452139252,True,1.441406452139252,True,1.441406452139252,True,1.5,False,1.5,False,1.5,1.441406452139252,0.0,0.04526403386888053,-0.03132544675009441,-0.1897192307010302,4,probe_clean
7649,US-Var,2019-09-09,US-Var,Grasslands,38.4133,-120.9507,1.0,5.0,0.0844721175260984,20.84093750000001,1.1759054166666667,1.3408268750000003,-0.9307239310379792,-0.3657225234972692,1.0,0.029688939048459855,0.09211209293162873,0.5442630882939465,-0.02040276380372324,0.5466674556620883,1.6040522500501797,1.0296889390484598,True,1.0296889390484598,True,1.0296889390484598,True,1.0,False,1.0,False,1.0,1.0296889390484598,0.0,0.12191470463189369,0.029461171339492165,-0.06230905882600629,4,probe_clean
7650,US-Var,2019-09-24,US-Var,Grasslands,38.4133,-120.9507,0.8,5.8,0.4743772345607801,25.42870833333333,2.3446979166666666,1.1514397916666668,-0.9932568492674144,-0.1159345995955006,0.8,0.044103053600498626,0.13805210879818247,0.4918760798304037,-0.024659915068242003,0.5466674556620883,1.6040522500501797,0.8441030536004986,True,0.8441030536004986,True,0.8441030536004986,True,0.8,False,0.8,False,0.8,0.8441030536004986,0.0,-0.07578449324183922,0.19503373172624522,0.013059922317089884,4,probe_clean
7651,US-Var,2019-09-25,US-Var,Grasslands,38.4133,-120.9507,0.4,5.2000003,0.4147244545672596,27.63177083333333,2.5760487500000004,1.2145614583333333,-0.9951053111006974,-0.0988201387328721,0.4,0.1465784511951317,0.10002137795301515,0.4583524039803771,-0.024659915068242003,0.5466674556620883,1.6040522500501797,0.5465784511951317,True,0.5465784511951317,True,0.5465784511951317,True,0.4,False,0.4,False,0.4,0.5465784511951317,0.0,0.2619979815944663,0.09247770932840493,0.0852596626625238,4,probe_clean
7652,US-Var,2019-10-02,US-Var,Grasslands,38.4133,-120.9507,0.6,2.9,0.2387255522127448,16.718045833333324,1.1728739583333336,1.288204375,-0.9997685019798908,0.0215160974362222,0.6,0.07814928686614304,0.077552651175868,0.47593953577023845,-0.02040276380372324,0.5466674556620883,1.6040522500501797,0.6781492868661431,True,0.6781492868661431,True,0.6781492868661431,True,0.6,False,0.6,False,0.6,0.6781492868661431,0.0,0.14105543602042908,-0.008499131747792599,0.10189155632579266,4,probe_clean
7653,US-Var,2019-10-10,US-Var,Grasslands,38.4133,-120.9507,0.5,5.1,0.1628085979566367,15.550599999999998,1.2068093749999995,1.211018958333333,-0.9873494423939864,0.1585593851031347,0.5,-0.24707944656126277,0.16479726521069338,0.533403954773742,-0.02040276380372324,0.5466674556620883,1.6040522500501797,0.2529205534387372,True,0.2529205534387372,True,0.2529205534387372,True,0.5,False,0.5,False,0.5,0.2529205534387372,0.0,-0.3198946759660577,-0.05841679780097633,-0.3629268659167542,4,probe_clean
7654,US-Var,2019-10-11,US-Var,Grasslands,38.4133,-120.9507,0.3,2.5,0.1653144625132258,18.4176875,1.5974927083333337,1.354515,-0.9844738167520924,0.1755314904214277,0.3,0.13558199191272602,0.11389166078907934,0.5137647863836576,-0.02040276380372324,0.5466674556620883,1.6040522500501797,0.435581991912726,True,0.435581991912726,True,0.435581991912726,True,0.3,False,0.3,False,0.3,0.435581991912726,0.0,0.20607854330250425,0.004188058079229423,0.19647937435644441,4,probe_clean
7655,US-Var,2019-10-18,US-Var,Grasslands,38.4133,-120.9507,0.8,2.7,0.0970723955345522,14.946806249999996,0.8377587499999998,1.1752158333333331,-0.9562348265919058,0.2926003356333479,0.8,-0.0057803040978611124,0.04810038185678467,0.3003885040116218,-0.015756472188272263,0.5466674556620883,1.6040522500501797,0.7942196959021389,True,0.7942196959021389,True,0.7942196959021389,True,0.8,False,0.8,False,0.8,0.7942196959021389,0.0,0.027079609398647203,-0.06098933121300251,0.01656880952077197,4,probe_clean
7656,US-Var,2019-10-27,US-Var,Grasslands,38.4133,-120.9507,0.2,5.3,0.1486857590720452,15.51310833333333,1.36410125,1.906729791666666,-0.8996308696522434,0.4366512319560638,0.2,-0.180251509582813,0.06961228396746202,0.630003312067654,-0.024659915068242003,0.5466674556620883,1.6040522500501797,0.019748490417187015,True,0.019748490417187015,True,0.019748490417187015,True,0.2,False,0.2,False,0.2,0.019748490417187015,0.0,-0.23594162170992009,-0.10220855876639903,-0.20260434827211984,4,probe_clean
7657,US-Var,2019-11-11,US-Var,Grasslands,38.4133,-120.9507,0.1,1.7,0.0466100503875316,17.612104166666665,1.1728366666666663,1.2372722916666663,-0.7583058084785625,0.6518989958787125,0.1,0.22595695432898544,0.11324331536521934,0.43135321809609406,-0.02040276380372324,0.5466674556620883,1.6040522500501797,0.3259569543289854,True,0.3259569543289854,True,0.3259569543289854,True,0.1,False,0.1,False,0.1,0.3259569543289854,0.0,0.29419049196354846,0.09523694161528487,0.288443429408123,4,probe_clean
7658,US-Var,2019-11-12,US-Var,Grasslands,38.4133,-120.9507,0.6,1.9,0.0576914332866848,18.034541666666673,1.246854791666667,1.2727408333333334,-0.7469720876965551,0.6648553979642867,0.6,0.21216515472599654,0.06331836871754881,0.3630906394066889,-0.02040276380372324,0.5466674556620883,1.6040522500501797,0.8121651547259965,True,0.8121651547259965,True,0.8121651547259965,True,0.6,False,0.6,False,0.6,0.8121651547259965,0.0,0.2772749137614554,0.15080480218993558,0.20841574822659859,4,probe_clean
7659,US-Var,2019-12-06,US-Var,Grasslands,38.4133,-120.9507,0.2,1.2,0.6217833899950987,15.698229166666666,0.6473901666666665,1.9230564583333336,-0.4171936026123169,0.9088176373395028,0.2,0.3919625129461053,0.14910942361563626,0.3353622680278895,-0.02040276380372324,0.5466674556620883,1.6040522500501797,0.5919625129461052,True,0.5919625129461052,True,0.5919625129461052,True,0.2,False,0.2,False,0.2,0.5919625129461052,0.0,0.4253097290130305,0.5215749008125463,0.22900290901273906,4,probe_clean
7660,US-Var,2020-01-30,US-Var,Grasslands,38.4133,-120.9507,0.3,1.5,0.8099996184766594,12.486868750000005,0.3401116666666666,1.14360125,0.4937755501599772,0.869589389346611,0.3,0.18441312197893608,0.07985591051169631,0.4901332165551483,-0.02040276380372324,0.5466674556620883,1.6040522500501797,0.48441312197893605,True,0.48441312197893605,True,0.48441312197893605,True,0.3,False,0.3,False,0.3,0.48441312197893605,0.0,0.19156641220720838,0.1012212190756385,0.2604517346539613,4,probe_clean
7661,US-Var,2020-02-07,US-Var,Grasslands,38.4133,-120.9507,0.7,1.4,0.9672058321076856,11.660097916666665,0.5504647916666666,1.4566114583333334,0.6084768701151261,0.7935716089521474,0.7,0.03806047301425001,0.10242396969475329,0.4254891861708037,-0.02040276380372324,0.5466674556620883,1.6040522500501797,0.7380604730142499,True,0.7380604730142499,True,0.7380604730142499,True,0.7,False,0.7,False,0.7,0.7380604730142499,0.0,0.017653546102317202,-0.05262381089555648,0.1491516838359893,4,probe_clean
7662,US-Var,2020-02-08,US-Var,Grasslands,38.4133,-120.9507,1.5,1.7,1.0611241614041274,11.378560416666666,0.4901820833333334,1.4462772916666669,0.6220467484408675,0.7829801036770629,1.5,-0.3056341358426551,0.03554724695291383,0.37008346840622347,-0.015756472188272263,0.5466674556620883,1.6040522500501797,1.194365864157345,True,1.194365864157345,True,1.194365864157345,True,1.5,False,1.5,False,1.5,1.194365864157345,0.0,-0.3323201548061243,-0.2652818860931443,-0.31930036662869665,4,probe_clean
7663,US-Var,2020-02-16,US-Var,Grasslands,38.4133,-120.9507,1.0,2.0,1.2035679983883136,13.3203625,0.6054827083333333,1.2325268749999998,0.7236440382959124,0.6901733882429719,1.0,0.10595525435149367,0.08589266720349996,0.3151355182945981,-0.02040276380372324,0.5466674556620883,1.6040522500501797,1.1059552543514937,True,1.1059552543514937,True,1.1059552543514937,True,1.0,False,1.0,False,1.0,1.1059552543514937,0.0,0.16508538316602267,0.007431715634583197,0.1453486642538751,4,probe_clean
7664,US-Var,2020-02-23,US-Var,Grasslands,38.4133,-120.9507,0.7,2.1000001,1.2262422377078923,11.994429166666668,0.3259971458333333,1.112619166666667,0.8013610881746766,0.5981809144059164,0.7,0.28341199006250073,0.12463417999734266,0.38931688165403794,-0.02040276380372324,0.5466674556620883,1.6040522500501797,0.9834119900625007,True,0.9834119900625007,True,0.9834119900625007,True,0.7,False,0.7,False,0.7,0.9834119900625007,0.0,0.36152918897517977,0.13967790995697715,0.3490288712553453,4,probe_clean
7665,US-Var,2020-02-24,US-Var,Grasslands,38.4133,-120.9507,1.8,2.8,1.6748458602910634,12.940333333333331,0.7195081875000003,1.5918462500000004,0.8115390590073611,0.5842981736283683,1.8,-0.16946763592076627,0.05226423050055148,0.3757548934563714,-0.015756472188272263,0.5466674556620883,1.6040522500501797,1.6305323640792337,True,1.6305323640792337,True,1.6305323640792337,True,1.8,False,1.8,False,1.8,1.6305323640792337,0.0,-0.17699378963040935,-0.11384833911530723,-0.21756077901658222,4,probe_clean
7666,US-Var,2020-03-02,US-Var,Grasslands,38.4133,-120.9507,1.8,4.5,2.7316330867245484,13.577522916666664,1.0988375,2.6361554166666665,0.8758917051442429,0.4825077417612184,1.8,-0.43494404084173127,0.0204326427989202,0.4957832348317967,-0.015756472188272263,0.5466674556620883,1.6040522500501797,1.3650559591582687,True,1.3650559591582687,True,1.3650559591582687,True,1.8,False,1.8,False,1.8,1.3650559591582687,0.0,-0.4585077770019068,-0.4241896188081537,-0.4221347267151331,4,probe_clean
7667,US-Var,2020-03-03,US-Var,Grasslands,38.4133,-120.9507,1.4,3.1000001,2.248001839754665,14.472193750000002,0.8851087500000002,1.2397285416666666,0.8840675099433636,0.4673592171580022,1.4,0.1489276605786699,0.08400914800700218,0.3549739889302315,-0.02040276380372324,0.5466674556620883,1.6040522500501797,1.54892766057867,True,1.54892766057867,True,1.54892766057867,True,1.4,False,1.4,False,1.4,1.54892766057867,0.0,0.242682177865869,0.08048411307848644,0.1236166907916543,4,probe_clean
7668,US-Var,2020-03-10,US-Var,Grasslands,38.4133,-120.9507,2.0,2.9,2.59282927594879,15.41297083333333,0.7180059375000001,1.279975833333333,0.9338372288229252,0.3576982388331254,2.0,0.06149056650688823,0.1038376141427619,0.3132579372262888,-0.02040276380372324,0.5466674556620883,1.6040522500501797,2.061490566506888,True,2.061490566506888,True,2.061490566506888,True,2.0,False,2.0,False,2.0,2.061490566506888,0.0,0.17673192294658624,-0.02479755727957797,0.032537333853656425,4,probe_clean
7669,US-Var,2020-03-11,US-Var,Grasslands,38.4133,-120.9507,2.1,2.9,2.7353538502802976,16.340145833333334,0.7378987499999999,1.2749970833333333,0.9398560579418954,0.3415707691678556,2.1,0.0649531265179473,0.08721040465616706,0.3101842086762706,-0.02040276380372324,0.5466674556620883,1.6040522500501797,2.1649531265179474,True,2.1649531265179474,True,2.1649531265179474,True,2.1,False,2.1,False,2.1,2.1649531265179474,0.0,0.1559079387678603,-0.017955166274702644,0.05690660706068423,4,probe_clean
7670,US-Var,2020-03-26,US-Var,Grasslands,38.4133,-120.9507,1.5,2.4,2.1318063115103008,8.430591666666666,0.2498590166666668,1.172256875,0.995918996147179,0.0902516100310411,1.5,0.12225421038615669,0.15295538837265257,0.4113000710962752,-0.02040276380372324,0.5466674556620883,1.6040522500501797,1.6222542103861568,True,1.6222542103861568,True,1.6222542103861568,True,1.5,False,1.5,False,1.5,1.6222542103861568,0.0,0.2422680371333027,-0.04997062434741342,0.17446521837258083,4,probe_clean
7671,US-Var,2020-03-27,US-Var,Grasslands,38.4133,-120.9507,2.1,2.8,2.7686782293419103,10.406820833333333,0.4567661458333335,1.5073500208333332,0.9973249731081556,0.0730951298980777,2.1,-0.0809628255962545,0.013335955929898757,0.4552417277796139,-0.015756472188272263,0.5466674556620883,1.6040522500501797,2.0190371744037456,True,2.0190371744037456,True,2.0190371744037456,True,2.1,False,2.1,False,2.1,2.0190371744037456,0.0,-0.09524592791277575,-0.0788054957137842,-0.06883705316220357,4,probe_clean
7672,US-Var,2020-04-03,US-Var,Grasslands,38.4133,-120.9507,2.9,3.5,2.865737496463152,11.610789583333334,0.6089908333333335,1.2265997916666664,0.9988797155850336,-0.0473213883224318,2.9,-0.5323438789570062,0.10681914409542677,0.3074568787252952,-0.022325909076249897,0.5466674556620883,1.6040522500501797,2.3676561210429936,True,2.3676561210429936,True,2.3676561210429936,True,2.9,False,2.9,False,2.9,2.3676561210429936,0.0,-0.40950752098425275,-0.5840795264938223,-0.6034445893929434,4,probe_clean
7673,US-Var,2020-04-19,US-Var,Grasslands,38.4133,-120.9507,3.7,4.0,3.0411123546467222,14.306120833333331,0.41234705625,1.0411910416666663,0.9483615800121716,-0.3171912885891061,3.7,-0.5379622994088267,0.17649620027201804,0.4635743118552302,-0.06588867484765269,0.5466674556620883,1.6040522500501797,3.1620377005911733,True,3.1620377005911733,True,3.1620377005911733,True,3.7,False,3.7,False,3.7,3.1620377005911733,0.0,-0.34149497679644375,-0.5892773922202135,-0.6831145292098229,4,probe_clean
7674,US-Var,2020-04-28,US-Var,Grasslands,38.4133,-120.9507,4.6,5.5,4.417449471698056,22.087229166666663,1.281607875,1.0059152083333334,0.8880573226294932,-0.4597327394521039,4.6,-0.23877209795326645,0.21605103696536815,0.4426240446031377,-0.08950129091831817,0.5466674556620883,1.6040522500501797,4.361227902046733,True,4.361227902046733,True,4.361227902046733,True,4.6,False,4.6,False,4.6,4.361227902046733,0.0,-0.17819638230430218,-0.059474680581653866,-0.47864523097384326,4,probe_clean
7675,US-Var,2020-05-05,US-Var,Grasslands,38.4133,-120.9507,3.5,6.3,3.3122290369285494,19.483500000000006,1.3977033333333333,1.3919870833333334,0.8263541987239096,-0.5631507242749186,3.5,-0.19247217595908359,0.11666229520995602,0.43448706528245157,-0.07076770074406857,0.5466674556620883,1.6040522500501797,3.3075278240409163,True,3.3075278240409163,True,3.3075278240409163,True,3.5,False,3.5,False,3.5,3.3075278240409163,0.0,-0.273340964121217,-0.05873574304956512,-0.24533982070646865,4,probe_clean
7676,US-Var,2020-05-21,US-Var,Grasslands,38.4133,-120.9507,3.3,5.9,2.5322209419588884,20.108208333333337,1.2326027291666668,1.2013597916666665,0.6420547132365637,-0.766658819300159,3.3,-0.23192027278647295,0.04066958028340744,0.43660527081649503,-0.06357638922419379,0.5466674556620883,1.6040522500501797,3.0680797272135267,True,3.0680797272135267,True,3.0680797272135267,True,3.3,False,3.3,False,3.3,3.0680797272135267,0.0,-0.19857950341237002,-0.21994961029319804,-0.27723170465385083,4,probe_clean
7677,US-Var,2020-05-22,US-Var,Grasslands,38.4133,-120.9507,2.6,6.2000003,2.50633784647048,18.744770833333337,1.2368993750000004,1.5239943750000002,0.6287628145958344,-0.777597146973627,2.6,-0.16376855443580193,0.06644386958359684,0.433026968632265,-0.027204934972665764,0.5466674556620883,1.6040522500501797,2.4362314455641982,True,2.4362314455641982,True,2.4362314455641982,True,2.6,False,2.6,False,2.6,2.4362314455641982,0.0,-0.17808271369229167,-0.22188870237450348,-0.0913342472406106,4,probe_clean
7678,US-Var,2020-05-29,US-Var,Grasslands,38.4133,-120.9507,1.4,6.2000003,1.1571851874455334,21.9113125,1.2627633333333337,1.5553554166666663,0.5307300481619334,-0.8475409228928311,1.4,0.09215456626082937,0.15084330022834294,0.5660338576622548,-0.027204934972665764,0.5466674556620883,1.6040522500501797,1.4921545662608293,True,1.4921545662608293,True,1.4921545662608293,True,1.4,False,1.4,False,1.4,1.4921545662608293,0.0,0.21605717799328022,0.13622122268489772,-0.07581470189568984,4,probe_clean
7679,US-Var,2020-05-30,US-Var,Grasslands,38.4133,-120.9507,0.2,4.8,0.7937355446513594,20.07508333333334,0.9526864583333337,1.1443512500000004,0.5160623910158528,-0.8565509959010036,0.2,0.8062743797596165,0.23237547206373502,0.9044523035077496,0.10182040803541323,0.5466674556620883,1.6040522500501797,1.0062743797596165,True,1.0062743797596165,True,1.0062743797596165,True,1.0062743797596165,True,1.0062743797596165,True,0.2,1.0062743797596165,0.0,1.018377552243442,0.8425517898029518,0.5578937972324558,4,probe_clean
7680,US-Var,2020-06-06,US-Var,Grasslands,38.4133,-120.9507,1.3,6.2000003,0.4827699106045494,18.126812500000003,1.0644606249999995,2.085952083333333,0.4093559588156213,-0.9123747579707272,1.3,0.2519719093903947,0.08196335071504099,0.4192227292737529,-0.027204934972665764,0.5466674556620883,1.6040522500501797,1.5519719093903948,True,1.5519719093903948,True,1.5519719093903948,True,1.3,False,1.3,False,1.3,1.5519719093903948,0.0,0.342337620087831,0.23115131190188432,0.1824267961814689,4,probe_clean
7681,US-Var,2020-06-07,US-Var,Grasslands,38.4133,-120.9507,1.4,6.0,0.4558105749360734,16.541464583333337,1.0817887083333335,1.398756875,0.3935902766564667,-0.9192859697186104,1.4,0.0007849344737700612,0.125005627461924,0.6321160202268656,-0.024659915068242003,0.5466674556620883,1.6040522500501797,1.40078493447377,True,1.40078493447377,True,1.40078493447377,True,1.4,False,1.4,False,1.4,1.40078493447377,0.0,0.13811210562052811,-0.10637985816862305,-0.029377444030594876,4,probe_clean
7682,US-Var,2020-06-14,US-Var,Grasslands,38.4133,-120.9507,1.7,6.0,0.4455031904596479,20.776041666666668,1.4226729166666665,1.4624710416666669,0.2802306751992158,-0.9599326896597448,1.7,0.00455777669707536,0.11468568810947231,0.6561784457376064,-0.024659915068242003,0.5466674556620883,1.6040522500501797,1.7045577766970754,True,1.7045577766970754,True,1.7045577766970754,True,1.7,False,1.7,False,1.7,1.7045577766970754,0.0,0.13042155432381602,-0.022715464241088862,-0.09403275999150108,4,probe_clean
7683,US-Var,2020-06-22,US-Var,Grasslands,38.4133,-120.9507,1.1,7.5,0.3413528868620973,27.25877083333333,2.347293333333333,1.2376593541666672,0.1457991969198751,-0.9893142039703664,1.1,0.01613639468353478,0.14548761940218075,0.6752754767359912,-0.03327787357661609,0.5466674556620883,1.6040522500501797,1.1161363946835348,True,1.1161363946835348,True,1.1161363946835348,True,1.1,False,1.1,False,1.1,1.1161363946835348,0.0,-0.019213008668755346,0.17604141015140157,-0.10841921743204187,4,probe_clean
7684,US-Var,2020-06-23,US-Var,Grasslands,38.4133,-120.9507,0.9,7.8,0.2847508308408184,27.31929166666666,2.34723625,1.286285208333333,0.1287481774525813,-0.99167731989929,0.9,0.07032056777405533,0.15649904042001456,0.644345499936542,-0.03327787357661609,0.5466674556620883,1.6040522500501797,0.9703205677740554,True,0.9703205677740554,True,0.9703205677740554,True,0.9,False,0.9,False,0.9,0.9703205677740554,0.0,0.017615681648127546,0.24636802039386813,-0.05302199871982967,4,probe_clean
7685,US-Var,2020-06-30,US-Var,Grasslands,38.4133,-120.9507,0.7,6.8,0.2205626189975555,25.451125000000008,2.4307822916666666,1.409047291666666,0.0086069968886886,-0.9999629591162656,0.7,0.21137528906583647,0.15172277709241772,0.5905515768489523,-0.027204934972665764,0.5466674556620883,1.6040522500501797,0.9113752890658364,True,0.9113752890658364,True,0.9113752890658364,True,0.7,False,0.7,False,0.7,0.9113752890658364,0.0,0.26338669893423006,0.330251988243602,0.04048718001967738,4,probe_clean
7686,US-Var,2020-07-01,US-Var,Grasslands,38.4133,-120.9507,1.2,7.4,0.2422496477779489,25.24102083333333,2.232805416666667,1.515372916666667,-0.008606996888688,-0.9999629591162656,1.2,0.09590608239625596,0.10032337972142155,0.5371151501074445,-0.03327787357661609,0.5466674556620883,1.6040522500501797,1.2959060823962558,True,1.2959060823962558,True,1.2959060823962558,True,1.2,False,1.2,False,1.2,1.2959060823962558,0.0,0.11616347778263875,0.18455495790593462,-0.013000188499805512,4,probe_clean
7687,US-Var,2020-07-08,US-Var,Grasslands,38.4133,-120.9507,1.2,7.8,0.2203973158333073,26.1346875,2.507703958333334,1.3949258124999997,-0.1287481774525806,-0.99167731989929,1.2,0.051422264007506824,0.20310729643147954,0.5999913309262234,0.022734730758938986,0.5466674556620883,1.6040522500501797,1.2514222640075068,True,1.2514222640075068,True,1.2514222640075068,True,1.2514222640075068,True,1.2514222640075068,True,1.2,1.2514222640075068,0.0,0.08288261590934906,0.23696369200846978,-0.1655795158952984,4,probe_clean
7688,US-Var,2020-07-09,US-Var,Grasslands,38.4133,-120.9507,0.7,8.2,0.2476411400658731,26.726541666666673,2.5815954166666666,1.3439089583333332,-0.1457991969198744,-0.9893142039703664,0.7,0.11044084922849214,0.21567209692449427,0.6147492905910584,0.00015519806840360705,0.5466674556620883,1.6040522500501797,0.8104408492284921,True,0.8104408492284921,True,0.8104408492284921,True,0.8104408492284921,True,0.8104408492284921,True,0.7,0.8104408492284921,0.0,0.1549288609054782,0.30039973216529287,-0.12400604538529467,4,probe_clean
7689,US-Var,2020-07-16,US-Var,Grasslands,38.4133,-120.9507,1.5,7.4,0.1909197492874368,24.26510416666667,1.8842820833333336,1.2540193750000002,-0.2636654927280072,-0.9646141756912436,1.5,0.014069200878021207,0.08975828013115293,0.6983090490167319,-0.03327787357661609,0.5466674556620883,1.6040522500501797,1.5140692008780212,True,1.5140692008780212,True,1.5140692008780212,True,1.5,False,1.5,False,1.5,1.5140692008780212,0.0,0.03340588937918537,0.09258315763200145,-0.0837814443771232,4,probe_clean
7690,US-Var,2020-07-17,US-Var,Grasslands,38.4133,-120.9507,1.7,7.4,0.092748186474201,24.53687500000001,2.0483297916666667,1.3564526666666663,-0.2802306751992161,-0.9599326896597444,1.7,-0.0343132028235237,0.10766919031329211,0.6511364827491193,-0.03327787357661609,0.5466674556620883,1.6040522500501797,1.6656867971764762,True,1.6656867971764762,True,1.6656867971764762,True,1.7,False,1.7,False,1.7,1.6656867971764762,0.0,-0.017298201008285732,0.06383538764502064,-0.14947679510730602,4,probe_clean
7691,US-Var,2020-07-24,US-Var,Grasslands,38.4133,-120.9507,1.1,7.1,0.1286483981256188,24.16477083333332,1.8258504166666665,1.2853029166666663,-0.3935902766564664,-0.9192859697186104,1.1,0.12391607970904946,0.06498614851978796,0.6481675992916337,-0.035257759553201116,0.5466674556620883,1.6040522500501797,1.2239160797090496,True,1.2239160797090496,True,1.2239160797090496,True,1.1,False,1.1,False,1.1,1.2239160797090496,0.0,0.16781131175334535,0.15467620460101206,0.04926072277279095,4,probe_clean
7692,US-Var,2020-07-25,US-Var,Grasslands,38.4133,-120.9507,0.8,7.1,0.198185372065853,25.01158333333333,2.165895625,1.312613541666667,-0.4093559588156211,-0.9123747579707274,0.8,0.20507091031302757,0.061894852282531373,0.6125438408438073,-0.030611467937750148,0.5466674556620883,1.6040522500501797,1.0050709103130275,True,1.0050709103130275,True,1.0050709103130275,True,0.8,False,0.8,False,0.8,1.0050709103130275,0.0,0.24633455720676473,0.2349757698088305,0.1339024039234874,4,probe_clean
7693,US-Var,2020-08-01,US-Var,Grasslands,38.4133,-120.9507,1.1,7.6,0.1497889082529159,25.20883333333333,2.3174489583333333,1.3185514583333335,-0.5160623910158526,-0.8565509959010037,1.1,-0.0062928121165034085,0.08969868023726409,0.6825620880582978,-0.03327787357661609,0.5466674556620883,1.6040522500501797,1.0937071878834967,True,1.0937071878834967,True,1.0937071878834967,True,1.1,False,1.1,False,1.1,1.0937071878834967,0.0,0.05507666720397408,0.03528027473538778,-0.10923537828887209,4,probe_clean
7694,US-Var,2020-08-02,US-Var,Grasslands,38.4133,-120.9507,1.1,8.1,0.1832008849350828,26.245979166666668,2.4836829166666665,1.2354718750000002,-0.5307300481619331,-0.8475409228928312,1.1,-0.05908269243311585,0.12517590558799205,0.7469982205704824,-0.05585740626715141,0.5466674556620883,1.6040522500501797,1.0409173075668843,True,1.0409173075668843,True,1.0409173075668843,True,1.1,False,1.1,False,1.1,1.0409173075668843,0.0,-0.038438557632073614,0.05448782313044204,-0.193297342797716,4,probe_clean
7695,US-Var,2020-08-09,US-Var,Grasslands,38.4133,-120.9507,0.8,7.1,0.2156036191981611,28.488583333333334,2.7158995833333326,1.2769664583333329,-0.6287628145958345,-0.7775971469736268,0.8,0.12854264351796643,0.12270154557899463,0.5853126757875474,-0.035257759553201116,0.5466674556620883,1.6040522500501797,0.9285426435179664,True,0.9285426435179664,True,0.9285426435179664,True,0.8,False,0.8,False,0.8,0.9285426435179664,0.0,0.2610604852550811,0.10569956657160956,0.01886787872720866,4,probe_clean
7696,US-Var,2020-08-10,US-Var,Grasslands,38.4133,-120.9507,0.7,7.4,0.1642446054232157,27.54883333333335,2.6088666666666662,1.3265210416666664,-0.6420547132365636,-0.7666588193001592,0.7,0.09736819798946468,0.10721472885645918,0.5609327523007328,-0.03327787357661609,0.5466674556620883,1.6040522500501797,0.7973681979894647,True,0.7973681979894647,True,0.7973681979894647,True,0.7,False,0.7,False,0.7,0.7973681979894647,0.0,0.21433708533428297,0.07400792873796491,0.0037595798961461424,4,probe_clean
7697,US-Var,2020-08-17,US-Var,Grasslands,38.4133,-120.9507,0.1,7.1,0.1925996299058209,31.92183333333332,3.3584520833333333,1.7606028750000002,-0.7295575540864876,-0.6839194216246105,0.1,0.29533023356538796,0.11768458969935622,0.4023089649817173,-0.035257759553201116,0.5466674556620883,1.6040522500501797,0.395330233565388,True,0.395330233565388,True,0.395330233565388,True,0.1,False,0.1,False,0.1,0.39665033743482914,0.0,0.43053335154396416,0.2395502785010849,0.2159070706511148,4,probe_clean
7698,US-Var,2020-08-18,US-Var,Grasslands,38.4133,-120.9507,1.3,8.1,0.1319990876560296,31.491437500000004,3.235656250000001,1.212587,-0.7412220108485957,-0.6712599575675315,1.3,-0.21494634409185145,0.13315384983822556,0.7657025324815434,-0.05585740626715141,0.5466674556620883,1.6040522500501797,1.0850536559081485,True,1.0850536559081485,True,1.0850536559081485,True,1.3,False,1.3,False,1.3,1.0850536559081485,0.0,-0.14534304835882,-0.1310193785407675,-0.36847660537596694,4,probe_clean
7832,US-WCr,2019-05-06,US-WCr,Mixed Forests,45.8059,-90.0799,1.5,2.8,1.055946123895209,6.884086541666668,0.4761562437499999,2.357640008333333,0.8263541987239096,-0.5631507242749186,1.5,1.1310745072794364,0.1337964243573677,0.5467966556578402,0.03211038535507277,0.4232369648993102,1.6217885872425541,2.631074507279436,True,2.631074507279436,True,2.631074507279436,True,2.631074507279436,True,2.631074507279436,True,1.5,2.631074507279436,0.0,1.0151140209012455,1.1006445849330189,1.2774649160040452,9,probe_clean
7833,US-WCr,2019-05-30,US-WCr,Mixed Forests,45.8059,-90.0799,4.3,4.6,3.0323569850516785,18.245545416666666,0.9765301625,2.110334547916667,0.5307300481619334,-0.8475409228928311,4.3,0.09905704985100793,0.046403862533536795,0.48741233448916843,-0.03515974323343813,0.4232369648993102,1.6217885872425541,4.399057049851008,True,4.399057049851008,True,4.399057049851008,True,4.3,False,4.3,False,4.3,4.399057049851008,0.0,0.08992103895449394,0.1493494299445836,0.05790068065394621,9,probe_clean
7834,US-WCr,2019-06-07,US-WCr,Mixed Forests,45.8059,-90.0799,5.8,5.7000003,4.846937845972423,22.296642499999994,1.1554477458333332,2.1988108125,0.4093559588156213,-0.9123747579707272,5.8,-0.1324412911012805,0.3596680851311087,0.35057721634282457,-0.2284125974692161,0.4232369648993102,1.6217885872425541,5.667558708898719,True,5.667558708898719,True,5.667558708898719,True,5.8,False,5.8,False,5.8,5.667558708898719,0.0,-0.4662194313637181,-0.17957382332386584,0.24846938138374247,9,probe_clean
7835,US-WCr,2019-06-15,US-WCr,Mixed Forests,45.8059,-90.0799,4.9,4.1,4.136922927303227,14.531584999999998,0.4382195374999999,1.4880398333333342,0.2802306751992158,-0.9599326896597448,4.9,-0.6124797006677031,0.04911694640760433,0.6355007181009373,-0.10437774680406524,0.4232369648993102,1.6217885872425541,4.287520299332297,True,4.287520299332297,True,4.287520299332297,True,4.9,False,4.9,False,4.9,4.287520299332297,0.0,-0.5558837326196165,-0.6375922922618493,-0.6439630771216436,9,probe_clean
7836,US-WCr,2019-08-02,US-WCr,Mixed Forests,45.8059,-90.0799,4.5,4.7000003,5.600870941062602,22.18611145833334,0.5048254520833333,2.072212416666666,-0.5160623910158526,-0.8565509959010037,4.5,0.9562617763058024,0.1952627946445681,0.3320959861254775,-0.08003509082574774,0.4232369648993102,1.6217885872425541,5.456261776305802,True,5.456261776305802,True,5.456261776305802,True,4.5,False,4.5,False,4.5,5.456261776305802,0.0,0.7417691970915049,1.123693272308755,1.0033228595171475,9,probe_clean
7837,US-WCr,2019-08-10,US-WCr,Mixed Forests,45.8059,-90.0799,4.2,4.2000003,6.010628318170924,18.87454104166666,0.47410282375,1.6181793749999998,-0.6287628145958345,-0.7775971469736268,4.2,0.5754969003006031,0.2327824342703073,0.39206221854675444,-0.041732996536428556,0.4232369648993102,1.6217885872425541,4.775496900300603,True,4.775496900300603,True,4.775496900300603,True,4.2,False,4.2,False,4.2,4.775496900300603,0.0,0.4119093967688404,0.8419985517919538,0.47258275234101477,9,probe_clean
7838,US-xAE,2019-06-11,US-xAE,Grasslands,35.41059,-99.05879,5.1,6.4,6.024529999786616,21.23766655316664,1.3343964583333336,2.9166800063740155,0.3456123126707335,-0.938377391740864,5.1,-0.23681581998381038,0.12223425557101204,0.4226159364527756,0.019456779208905383,0.47905580226105415,1.5935564016109434,4.863184180016189,True,4.863184180016189,True,4.863184180016189,True,4.863184180016189,True,4.863184180016189,True,5.1,4.863184180016189,0.0,-0.377058219687771,-0.1804882863941187,-0.15290095386954142,6,probe_clean
7839,US-xAE,2019-06-12,US-xAE,Grasslands,35.41059,-99.05879,3.8,5.8,5.868546455657757,21.42846189410332,1.2681985416666668,2.8437664989909663,0.3294084822245304,-0.9441875088341992,3.8,0.2909143503910941,0.21535378529454768,0.43939405244537255,0.04212129789266835,0.47905580226105415,1.5935564016109434,4.090914350391094,True,4.090914350391094,True,4.090914350391094,True,4.090914350391094,True,4.090914350391094,True,3.8,4.090914350391094,0.0,0.22100591817749482,0.5325370478146334,0.11920008518115399,6,probe_clean
7840,US-xAE,2019-07-29,US-xAE,Grasslands,35.41059,-99.05879,3.4,8.1,2.3957653751984624,31.005359780786566,2.5275029166666667,2.7346423933997586,-0.455906693508459,-0.8900275764346766,3.4,-0.7027399895192752,0.19623426507588868,0.5952642203309421,-0.07599294007628091,0.47905580226105415,1.5935564016109434,2.6972600104807247,True,2.6972600104807247,True,2.6972600104807247,True,3.4,False,3.4,False,3.4,2.6972600104807247,0.0,-0.8416936975493879,-0.7882689001014936,-0.47825737090694403,6,probe_clean
7841,US-xAE,2019-08-06,US-xAE,Grasslands,35.41059,-99.05879,1.8,7.2000003,1.5229450531168154,31.609501634368016,2.2000558333333324,1.7895547420303552,-0.5737722679043243,-0.8190148866680802,1.8,-0.27359590454450416,0.19926168921018428,0.47719834606247025,0.03003879440513515,0.47905580226105415,1.5935564016109434,1.5264040954554958,True,1.5264040954554958,True,1.5264040954554958,True,1.5264040954554958,True,1.5264040954554958,True,1.8,1.5264040954554958,0.0,-0.36943335301082025,-0.40683072951890575,-0.044523631103786515,6,probe_clean
7842,US-xAE,2019-09-07,US-xAE,Grasslands,35.41059,-99.05879,3.2,7.2000003,2.7303752487860224,30.23424023050633,2.523843958333333,2.6019319190691528,-0.9175836260593934,-0.3975428142825566,3.2,-0.8015388104766408,0.1753512717439534,0.5611276995276278,-0.051136114811204475,0.47905580226105415,1.5935564016109434,2.3984611895233594,True,2.3984611895233594,True,2.3984611895233594,True,3.2,False,3.2,False,3.2,2.3984611895233594,0.0,-0.6968862735825346,-1.003978214236506,-0.7037519436108819,6,probe_clean
7845,US-xDC,2019-04-22,US-xDC,Grasslands,47.16165,-99.10656,1.6,4.0,2.4814692476470244,11.847423398437982,0.8406095833333332,2.8171162813288064,0.9368813462954316,-0.3496474552512284,1.6,0.42807356763129994,0.08234128888818962,0.3852939751130411,0.13975305011377412,0.4373874958922629,1.53211963135056,2.0280735676313,True,2.0280735676313,True,2.0280735676313,True,2.0280735676313,True,2.0280735676313,True,1.6,2.0280735676313,0.0,0.5082025929478199,0.34368533297074555,0.43233277697533434,0,probe_clean
7846,US-xDC,2019-07-02,US-xDC,Grasslands,47.16165,-99.10656,4.9,5.8,4.938916937753824,23.13274120317309,0.8362320833333335,2.849462131047509,-0.008606996888688,-0.9999629591162656,4.9,0.14227802247423685,0.14209255054117081,0.30380992026548087,0.08320554584352807,0.4373874958922629,1.53211963135056,5.042278022474237,True,5.042278022474237,True,5.042278022474237,True,5.042278022474237,True,5.042278022474237,True,4.9,5.042278022474237,0.0,0.07809485057058968,0.30513918918773963,0.04360002766438126,0,probe_clean
7847,US-xDC,2019-08-19,US-xDC,Grasslands,47.16165,-99.10656,4.1,5.3,8.158945861525144,21.697626492275067,0.8472762499999998,3.3326876703716235,-0.7412220108485957,-0.6712599575675315,4.1,-0.07973229237796621,0.02186778079364688,0.49203844318155543,-0.041675732032263366,0.4373874958922629,1.53211963135056,4.0202677076220334,True,4.0202677076220334,True,4.0202677076220334,True,4.1,False,4.1,False,4.1,4.0202677076220334,0.0,-0.09344454054445397,-0.054513692304146294,-0.09123864428529835,0,probe_clean
7848,US-xDC,2019-08-20,US-xDC,Grasslands,47.16165,-99.10656,3.3,4.1,4.944152354208804,19.583972521624283,0.6189352083333334,3.7555613739146296,-0.7526668275320083,-0.6584015846980489,3.3,0.4506352462849735,0.10724293226246827,0.6269490118397177,-0.03000090874300315,0.4373874958922629,1.53211963135056,3.7506352462849732,True,3.7506352462849732,True,3.7506352462849732,True,3.3,False,3.3,False,3.3,3.7506352462849732,0.0,0.551609512446509,0.33806595231956116,0.4622302740888503,0,probe_clean
7849,US-xDC,2019-09-04,US-xDC,Grasslands,47.16165,-99.10656,3.2,3.8,5.225402940861777,16.315499635997295,0.471919375,3.6608311967444567,-0.8958392907349089,-0.4443781781046134,3.2,0.024326609109659295,0.15677879000668563,0.4412172030319561,0.08320554584352807,0.4373874958922629,1.53211963135056,3.2243266091096596,True,3.2243266091096596,True,3.2243266091096596,True,3.2243266091096596,True,3.2243266091096596,True,3.2,3.2243266091096596,0.0,-0.017558725310029916,-0.1072554858221678,0.1977940384611756,0,probe_clean
7850,US-xDC,2020-05-17,US-xDC,Grasslands,47.16165,-99.10656,4.3,4.9,3.4877330862062177,15.084790869749687,0.8570172916666668,2.8770643088990515,0.6932812268869777,-0.7206671495538609,4.3,-0.6790782975335845,0.07507498953542883,0.5187299721255072,0.00010026237316413473,0.4373874958922629,1.53211963135056,3.6209217024664153,True,3.6209217024664153,True,3.6209217024664153,True,3.6209217024664153,True,3.6209217024664153,True,4.3,3.6209217024664153,0.0,-0.6147243109005117,-0.6609544224971049,-0.7615561592031371,0,probe_clean
7851,US-xDC,2020-05-18,US-xDC,Grasslands,47.16165,-99.10656,3.2,6.2000003,4.9009525661314965,15.384438773959127,0.8612552083333332,5.583094015741336,0.6807734094770161,-0.7324940716135789,3.2,0.05623909756959675,0.11352067778830391,0.643244347337072,-0.03000090874300315,0.4373874958922629,1.53211963135056,3.2562390975695967,True,3.2562390975695967,True,3.2562390975695967,True,3.2,False,3.2,False,3.2,3.2562390975695967,0.0,0.16058432485496055,0.07277601341584561,-0.06464304556201592,0,probe_clean
7852,US-xDL,2019-07-29,US-xDL,Mixed Forests,32.54172,-87.80389,6.6,6.3,6.1406428315477815,28.94403632058715,1.5474424999999998,0.6147840474462641,-0.455906693508459,-0.8900275764346766,6.6,0.05774845797504861,0.2548341747380143,0.47557984518123925,-0.13066495302552242,0.4373874958922629,1.53211963135056,6.657748457975048,True,6.657748457975048,True,6.657748457975048,True,6.6,False,6.6,False,6.6,6.644262512313715,0.0,-0.0486664822077138,0.3485424428222743,-0.12663058668941468,0,probe_clean
7853,US-xDS,2019-11-23,US-xDS,Grasslands,28.12504,-81.4362,2.4,3.2,1.7606437238751942,20.576979723392128,0.6225135416666667,1.0529085694727929,-0.6084768701151264,0.7935716089521472,2.4,0.628319485064807,0.1090702646640105,0.4247721085434913,-0.061370691021821556,0.49326017522310583,1.5675069192147721,3.0283194850648067,True,3.0283194850648067,True,3.0283194850648067,True,2.4,False,2.4,False,2.4,3.0283194850648067,0.0,0.6519861026208745,0.723613395255476,0.5093589573180701,3,probe_clean
7854,US-xDS,2019-12-09,US-xDS,Grasslands,28.12504,-81.4362,2.3,2.7,1.7885496332805852,21.154969274781593,0.6255400000000001,0.8822753476448536,-0.3697245428906732,0.9291414114031744,2.3,0.6464957349748174,0.05372152213576026,0.5717022501834215,-0.061370691021821556,0.49326017522310583,1.5675069192147721,2.946495734974817,True,2.946495734974817,True,2.946495734974817,True,2.3,False,2.3,False,2.3,2.946495734974817,0.0,0.5887490543108659,0.6949903034743846,0.6557478471392018,3,probe_clean
7855,US-xDS,2019-12-25,US-xDS,Grasslands,28.12504,-81.4362,1.8,3.4,2.195016304359622,21.78985270731005,0.5737431249999999,2.562970670762593,-0.1031016974474354,0.9946708199115212,1.8,0.28644615042904314,0.23373841969528292,0.6061419822740473,-0.10287624816621056,0.49326017522310583,1.5675069192147721,2.086446150429043,True,2.086446150429043,True,2.086446150429043,True,1.8,False,1.8,False,1.8,2.086446150429043,0.0,0.5299449800799082,0.06387566235678158,0.26551780885043974,3,probe_clean
7856,US-xNG,2019-04-13,US-xNG,Grasslands,46.76972,-100.91535,0.6,3.1000001,1.188565469332981,2.348275951644988,0.4053068750000001,2.3260643505084757,0.97961369164549,-0.200890555130635,0.6,0.5854515181333405,0.06240135219184007,0.5492085543826928,-0.01840880801471699,0.6451243391209496,1.8896185867320612,1.1854515181333405,True,1.1854515181333405,True,1.1854515181333405,True,0.6,False,0.6,False,0.6,1.1854515181333405,0.0,0.5136388275112052,0.6264697960121531,0.6162459308766631,5,probe_clean
7857,US-xNG,2019-04-20,US-xNG,Grasslands,46.76972,-100.91535,2.2,4.8,1.1892406612287765,17.002931035445034,0.941201041666667,2.857838924626531,0.9483615800121716,-0.3171912885891061,2.2,0.3043882204692106,0.13291150075870775,0.45265598867595325,0.027861971799148823,0.6451243391209496,1.8896185867320612,2.504388220469211,True,2.504388220469211,True,2.504388220469211,True,2.504388220469211,True,2.504388220469211,True,2.2,2.504388220469211,0.0,0.4565950213270613,0.21124708652329713,0.2453225535572733,5,probe_clean
7858,US-xNG,2019-06-16,US-xNG,Grasslands,46.76972,-100.91535,3.6,4.1,4.295781747722351,14.671280345545476,0.4401760416666666,3.13172303701704,0.263665492728007,-0.9646141756912436,3.6,0.49169763241405606,0.17617917975012773,0.6286419132287415,-0.002347246084902759,0.6451243391209496,1.8896185867320612,4.091697632414056,True,4.091697632414056,True,4.091697632414056,True,3.6,False,3.6,False,3.6,4.091697632414056,0.0,0.6671532669351086,0.49313591641145693,0.31480371389560247,5,probe_clean
7859,US-xNG,2019-06-24,US-xNG,Grasslands,46.76972,-100.91535,3.5,6.0,6.743209208452443,18.80620109532371,0.8922427083333334,2.489883088556492,0.1287481774525813,-0.99167731989929,3.5,0.0156551959011115,0.11726569479186173,0.46799254554826514,0.0004468884285174048,0.6451243391209496,1.8896185867320612,3.5156551959011115,True,3.5156551959011115,True,3.5156551959011115,True,3.5156551959011115,True,3.5156551959011115,True,3.5,3.5156551959011115,0.0,-0.08684234016835432,0.1435325127918973,-0.009724584920208473,5,probe_clean
7860,US-xNG,2019-07-02,US-xNG,Grasslands,46.76972,-100.91535,3.7,5.8,5.236787400566419,23.19449486421503,0.7706633333333334,2.420406272298796,-0.008606996888688,-0.9999629591162656,3.7,0.260625972234159,0.12055618846881182,0.38145805721788506,0.0004468884285174048,0.6451243391209496,1.8896185867320612,3.9606259722341592,True,3.9606259722341592,True,3.9606259722341592,True,3.9606259722341592,True,3.9606259722341592,True,3.7,3.9606259722341592,0.0,0.3852585789545684,0.25201096852940486,0.1446083692185037,5,probe_clean
7861,US-xNG,2019-07-17,US-xNG,Grasslands,46.76972,-100.91535,4.4,5.9,5.449875047881004,23.300719134846872,0.7822052083333332,2.3478585887605545,-0.2636654927280072,-0.9646141756912436,4.4,0.03430232526981333,0.03644144352253152,0.3785586560547574,0.03606860710394021,0.6451243391209496,1.8896185867320612,4.4343023252698135,True,4.4343023252698135,True,4.4343023252698135,True,4.4343023252698135,True,4.4343023252698135,True,4.4,4.4343023252698135,0.0,-0.006898735726127286,0.06230780246660869,0.047497909068958594,5,probe_clean
7862,US-xNG,2019-10-22,US-xNG,Grasslands,46.76972,-100.91535,0.7,1.4,0.8214596923442203,3.312775238260875,0.2614070833333333,2.6843372298056054,-0.9338372288229252,0.3576982388331254,0.7,-0.038457992768906955,0.08032036258425163,0.36447959229636684,-0.005535702663045132,0.6451243391209496,1.8896185867320612,0.661542007231093,True,0.661542007231093,True,0.661542007231093,True,0.7,False,0.7,False,0.7,0.661542007231093,0.0,-0.10982769900962092,0.048521445046145556,-0.0540677243432455,5,probe_clean
7863,US-xNG,2019-11-22,US-xNG,Grasslands,46.76972,-100.91535,0.2,1.5,0.1548410517445421,0.3117853735373426,0.2553779166666667,3.3920233665005965,-0.622046748440868,0.7829801036770625,0.2,0.24539662255953856,0.07064580032265519,0.3057480740942003,-0.10440073326123425,0.6451243391209496,1.8896185867320612,0.4453966225595386,True,0.4453966225595386,True,0.4453966225595386,True,0.2,False,0.2,False,0.2,0.4453966225595386,0.0,0.16383054650228887,0.2872094812986209,0.2851498398777059,5,probe_clean
7864,US-xRM,2019-04-19,US-xRM,Evergreen Forests,40.2759099999999,-105.54592,4.7,4.1,2.9030207361183007,8.609432471986223,0.8233349999999998,2.1845629293088424,0.9536809966304456,-0.3008198076356673,4.7,-2.3151939999514863,0.004428351283314066,0.46839356417447797,-7.780379379819462,0.4373874958922629,1.53211963135056,2.384806000048514,True,2.384806000048514,True,2.384806000048514,True,4.7,False,4.7,False,4.7,2.384806000048514,0.0,-2.312578569468687,-2.3126964638699556,-2.3203069665158162,0,probe_clean
7865,US-xSB,2019-10-13,US-xSB,Evergreen Forests,29.68927,-81.99343,2.9,3.8,2.170263755159868,25.95065146985879,0.903,0.8789427503142827,-0.9778483415056568,0.2093146459630488,2.9,0.2834148778119339,0.22992218151031815,0.4747112737000264,-0.008743633051154135,0.4232369648993102,1.6217885872425541,3.1834148778119338,True,3.1834148778119338,True,3.1834148778119338,True,2.9,False,2.9,False,2.9,3.1834148778119338,0.0,0.0181118365676452,0.40741008395491907,0.4247227129132376,9,probe_clean
7866,US-xSB,2020-03-21,US-xSB,Evergreen Forests,29.68927,-81.99343,1.9,4.2000003,1.6012468881475188,25.831141127213588,1.0922270833333332,1.0795894357300824,0.9844738167520922,0.1755314904214282,1.9,0.08472198793844987,0.10373556572236961,0.7741500529660279,-0.020415634801069452,0.4232369648993102,1.6217885872425541,1.9847219879384497,True,1.9847219879384497,True,1.9847219879384497,True,1.9,False,1.9,False,1.9,1.9847219879384497,0.0,0.20450292456709063,0.02551196875097589,0.024151070497283128,9,probe_clean
7867,US-xSB,2020-03-22,US-xSB,Evergreen Forests,29.68927,-81.99343,1.5,4.8,1.0955823239830185,25.04861033357966,0.8029752083333334,1.0757901556176712,0.9873494423939864,0.1585593851031347,1.5,0.055051746092695114,0.0647803590271621,0.7883854716089079,-0.03250454773701949,0.4232369648993102,1.6217885872425541,1.5550517460926951,True,1.5550517460926951,True,1.5550517460926951,True,1.5,False,1.5,False,1.5,1.5550517460926951,0.0,0.049400905030671904,0.12247241344695864,-0.006718080199545201,9,probe_clean
7873,US-xST,2019-05-07,US-xST,Mixed Forests,45.50894,-89.58637,2.4,3.5,1.6992189628679657,7.612815377218008,0.6531052083333335,1.1058936911135715,0.8165380514459161,-0.5772916165517272,2.4,-0.5167902823985105,0.06278474911838115,0.537844205133479,-0.027324835115758776,0.4373874958922629,1.53211963135056,1.8832097176014893,True,1.8832097176014893,True,1.8832097176014893,True,2.4,False,2.4,False,2.4,1.8832097176014893,0.0,-0.45172143265261877,-0.5770096908621682,-0.5216397236807448,0,probe_clean
7874,US-xST,2019-07-10,US-xST,Mixed Forests,45.50894,-89.58637,4.9,4.6,6.139610759070875,23.590207177214516,0.7881697916666665,1.3025339529226438,-0.1457991969198744,-0.9893142039703664,4.9,0.6683552609758016,0.17818176482057987,0.42507742481730804,0.17691315588506923,0.4373874958922629,1.53211963135056,5.568355260975802,True,5.568355260975802,True,5.568355260975802,True,5.568355260975802,True,5.568355260975802,True,4.9,5.568355260975802,0.0,0.6481052145552864,0.855796930414076,0.5011636379580424,0,probe_clean
7884,US-xUN,2019-05-06,US-xUN,Mixed Forests,46.23388,-89.53725,2.2,2.7,0.8872748110235379,5.569834711678786,0.4788770833333334,1.5982952298623978,0.8263541987239096,-0.5631507242749186,2.2,0.06845019522576865,0.08049604965264612,0.5086972874404428,-0.061370691021821556,0.49326017522310583,1.5675069192147721,2.268450195225769,True,2.268450195225769,True,2.268450195225769,True,2.2,False,2.2,False,2.2,2.268450195225769,0.0,0.08466308480769116,-0.018918287567218278,0.13960578843683305,3,probe_clean
7885,US-xUN,2019-06-08,US-xUN,Mixed Forests,46.23388,-89.53725,5.9,6.7000003,5.385245925037599,22.6594929285438,1.537848125,1.6409811930477591,0.3935902766564667,-0.9192859697186104,5.9,-0.08599833123783114,0.10306116403589095,0.447245351477474,-0.3098241603508493,0.49326017522310583,1.5675069192147721,5.814001668762169,True,5.814001668762169,True,5.814001668762169,True,5.9,False,5.9,False,5.9,5.814001668762169,0.0,-0.061816960068095575,0.002822080182023179,-0.19900011382742103,3,probe_clean
7886,US-xUN,2019-07-09,US-xUN,Mixed Forests,46.23388,-89.53725,5.2,5.6,5.031766376824885,23.01674886603601,0.8585041666666667,1.4317147995972137,-0.1287481774525806,-0.99167731989929,5.2,-0.24160349675305992,0.017777169553357373,0.3256591663657261,-0.0461350580956725,0.49326017522310583,1.5675069192147721,4.958396503246941,True,4.958396503246941,True,4.958396503246941,True,5.2,False,5.2,False,5.2,4.958396503246941,0.0,-0.256863834609933,-0.2458632110746549,-0.2220834445745918,3,probe_clean
7887,US-xUN,2019-07-10,US-xUN,Mixed Forests,46.23388,-89.53725,4.5,4.4,5.151989973203498,22.78529018992887,0.7042897916666665,1.5270419819128598,-0.1457991969198744,-0.9893142039703664,4.5,0.7632741373060016,0.08524112197589913,0.4255599939994725,-0.061370691021821556,0.49326017522310583,1.5675069192147721,5.263274137306001,True,5.263274137306001,True,5.263274137306001,True,4.5,False,4.5,False,4.5,5.263274137306001,0.0,0.726406973041188,0.8607435216106742,0.7026719172661424,3,probe_clean
7888,US-xUN,2019-08-02,US-xUN,Mixed Forests,46.23388,-89.53725,3.7,4.5,4.508915967822969,23.472170948491048,0.8631064583333332,0.9560271990874178,-0.5160623910158526,-0.8565509959010037,3.7,0.5395644233026552,0.0476835449047288,0.3985330353192871,-0.061370691021821556,0.49326017522310583,1.5675069192147721,4.239564423302656,True,4.239564423302656,True,4.239564423302656,True,3.7,False,3.7,False,3.7,4.239564423302656,0.0,0.5923406510103449,0.4995850329675209,0.5267675859301,3,probe_clean
7889,US-xUN,2020-04-30,US-xUN,Mixed Forests,46.23388,-89.53725,2.4,4.1,1.6484598172580076,8.337951130313519,0.6348120833333333,2.189159165464758,0.8717063187093218,-0.4900286664290592,2.4,-0.36334719357329254,0.08542694170909602,0.3827936448560781,-0.061370691021821556,0.49326017522310583,1.5675069192147721,2.0366528064267073,True,2.0366528064267073,True,2.0366528064267073,True,2.4,False,2.4,False,2.4,2.0366528064267073,0.0,-0.401906898824573,-0.26543767594792034,-0.42269700594738424,3,probe_clean
7890,US-xUN,2020-05-01,US-xUN,Mixed Forests,46.23388,-89.53725,1.7,4.3,1.8893142570449568,11.395591494756324,0.8265145833333329,1.984866646735224,0.8631421280499114,-0.5049610547215204,1.7,0.20909507200576213,0.010856068702023164,0.3390786694268881,-0.061370691021821556,0.49326017522310583,1.5675069192147721,1.909095072005762,True,1.909095072005762,True,1.909095072005762,True,1.7,False,1.7,False,1.7,1.909095072005762,0.0,0.20749499382595557,0.22066237815963882,0.19912784403169195,3,probe_clean
